tenant,sku,nome,click7g,spesa7,spesa_gg,vend_ten_7g,rete7,rete30,pos,stock,marg_eur,categoria
Farmacia Procaccini,951309917,SCHOLL PENNA RIMOZIONE CALLI,84,27.7,3.95,0,no,no,7,4,3.85,MORTO
Farmacia Procaccini,951384003,POLASE SUPERMAG3 18STICK 2G,38,12.5,1.79,0,no,si,3,4,1.21,no-vend-7g
Farmacia Procaccini,973472943,MICROLIFE AFIB ADVANCED EASY,27,8.9,1.27,0,no,si,4,0,9.31,no-vend-7g
Farmacia Procaccini,987411790,RILASTIL ULTRA 100 PROT COLOR,27,8.9,1.27,0,no,si,1,28,3.74,no-vend-7g
Farmacia Procaccini,942828765,MGK VIS JUNIOR ARANCIA 10BUST,25,8.2,1.18,0,no,si,1,1,3.42,no-vend-7g
Farmacia Procaccini,988927366,VITAMINDERMINA POLVERE SPRAY,24,7.9,1.13,0,si,si,19,0,2.08,vende-rete
Farmacia Procaccini,987411853,MELA B3 GEL DET VISO 200ML,22,7.2,1.04,0,si,si,1,1,1.98,vende-rete
Farmacia Procaccini,949645360,DR VITI DRENANTE ANANAS28STICK,22,7.2,1.04,0,no,si,3,0,2.17,no-vend-7g
Farmacia Procaccini,950838223,SUPRADYN EXPERT MAGNESIO 60CPS,18,5.9,0.85,0,si,si,1,11,1.35,vende-rete
Farmacia Procaccini,989666298,ZZZQUIL SONNO TUTTA NOTTE28CPR,17,5.6,0.80,0,si,si,5,10,1.25,vende-rete
Farmacia Procaccini,987247689,ONLIGOL FIBRE PRUGNA 20BUST,17,5.6,0.80,0,si,si,3,3,1.20,vende-rete
Farmacia Procaccini,987403805,PARANIX SHAMPOO TRATT TP 200ML,16,5.3,0.75,0,no,si,3,7,2.14,no-vend-7g
Farmacia Procaccini,951384015,POLASE SUPERMAG3 BAR 120G,15,4.9,0.71,0,si,si,1,6,1.94,vende-rete
Farmacia Procaccini,976293783,DERMOVITAMINA MICO TRATTA/COL,15,4.9,0.71,0,no,si,4,12,3.00,no-vend-7g
Farmacia Procaccini,931577288,AVENE SOL LATTE SCHER SPF50+,15,4.9,0.71,0,no,no,3,2,2.39,MORTO
Farmacia Procaccini,980450439,TOPIALYSE PALPEBRAL CREMA 15ML,14,4.6,0.66,0,no,si,2,6,5.15,no-vend-7g
Farmacia Procaccini,921232688,PESCURA HEEL ORIG BYCAST SAB41,14,4.6,0.66,0,no,si,2,0,16.27,no-vend-7g
Farmacia Procaccini,926647241,BOROX 50ML,14,4.6,0.66,0,no,si,2,0,2.38,no-vend-7g
Farmacia Procaccini,932818279,VITAMINDERMINA POLV SETA 100G,14,4.6,0.66,0,no,si,1,4,2.32,no-vend-7g
Farmacia Procaccini,950049142,DERMOVITAMINA FILM GEL NW100ML,14,4.6,0.66,0,no,si,4,2,2.58,no-vend-7g
Farmacia Procaccini,983039963,AVENE SOL FLUIDO SPF50+ S/PROF,13,4.3,0.61,0,no,si,2,4,1.73,no-vend-7g
Farmacia Procaccini,990404687,NUXE HAIR SKIN MIST SENS SHIMM,13,4.3,0.61,0,no,si,99,0,0.00,no-vend-7g
Farmacia Procaccini,990407811,GOLD COLLAGEN FORTE LIQ10STICK,13,4.3,0.61,0,no,si,1,10,5.17,no-vend-7g
Farmacia Procaccini,971635925,DULCOSOFT SOL ORALE 250ML,12,4.0,0.56,0,si,si,14,21,1.75,vende-rete
Farmacia Procaccini,987718766,ORALB POWER ORAL CENTER MD20,12,4.0,0.56,0,si,si,4,3,10.98,vende-rete
Farmacia Procaccini,987867431,ZREEN MAGNESIO GLICINATO120CPS,12,4.0,0.56,0,no,si,4,0,3.41,no-vend-7g
Farmacia Procaccini,975995743,AUDISPRAY ULTRA SPRAY 20ML,12,4.0,0.56,0,si,si,1,8,1.87,vende-rete
Farmacia Procaccini,989367204,VITAMINDERMINA POLVERE MENT VF,12,4.0,0.56,0,no,si,1,0,1.61,no-vend-7g
Farmacia Procaccini,971534730,ENTEROFILUS FIALE 36X10ML,11,3.6,0.52,0,no,si,1,0,5.49,no-vend-7g
Farmacia Procaccini,941166757,VENAFLUX VITI 30CPR,11,3.6,0.52,0,si,si,3,0,1.71,vende-rete
Farmacia Procaccini,950017400,AUTAN DEFENSE BIMBO 100ML,11,3.6,0.52,0,no,si,5,6,1.19,no-vend-7g
Farmacia Procaccini,938810963,GINEPRO NERO PROFUMO 50ML,11,3.6,0.52,0,no,no,16,2,11.09,MORTO
Farmacia Procaccini,987400886,ANTHELIOS POST UV EXPOSUR400ML,11,3.6,0.52,0,si,si,3,14,1.89,vende-rete
Farmacia Procaccini,951862972,URYVET EVO 1500 32CPR,10,3.3,0.47,0,no,si,1,0,3.42,no-vend-7g
Farmacia Procaccini,977368253,DERMOVITAMINA FILM SPR 30ML,10,3.3,0.47,0,no,si,19,4,2.24,no-vend-7g
Farmacia Procaccini,941166769,VENAFLUX VITI CREMA GEL 150ML,10,3.3,0.47,0,no,no,99,0,0.00,MORTO
Farmacia Procaccini,984746103,COGNIZANT 10FL 10ML,10,3.3,0.47,0,si,si,1,0,2.18,vende-rete
Farmacia Procaccini,935204255,DERMOVITAMINA PROCTOC CREMA,10,3.3,0.47,0,no,si,23,5,2.32,no-vend-7g
Farmacia Procaccini,922318338,FORTIMEL POWDER NEUTRO 335G,10,3.3,0.47,0,no,no,99,0,3.28,MORTO
Farmacia Procaccini,984819894,NEURODOL ACIDO LIPOICO 30CPR,10,3.3,0.47,0,si,si,3,0,11.06,vende-rete
Farmacia Procaccini,921232450,PESCURA FLAT ORIG BYCAST SAB43,9,3.0,0.42,0,si,si,1,0,12.92,vende-rete
Farmacia Procaccini,978501548,SUN SECURE EAU SOLAIRE SPF50,9,3.0,0.42,0,no,si,1,4,2.36,no-vend-7g
Farmacia Procaccini,989332844,AVENE SOL LATTE SPF 50 100ML,9,3.0,0.42,0,si,si,12,2,1.31,vende-rete
Farmacia Procaccini,989633817,ANTHELIOS FLUIDO UV A/M SPF50+,9,3.0,0.42,0,si,si,13,3,1.61,vende-rete
Farmacia Procaccini,950222556,VITREONORM TASK 20STICK,9,3.0,0.42,0,si,si,1,0,2.71,vende-rete
Farmacia Procaccini,987437213,POLASE PLUS 24BUST PROMO,9,3.0,0.42,0,si,si,34,24,-0.01,vende-rete
Farmacia Procaccini,989022811,AMPOULE A 30ML,9,3.0,0.42,0,no,si,7,3,6.45,no-vend-7g
Farmacia Procaccini,978868038,CONNETTIVINASOLE SPRAY 50ML,9,3.0,0.42,0,no,si,99,0,2.00,no-vend-7g
Farmacia Procaccini,951149968,AXIGAB 90CPR,9,3.0,0.42,0,si,si,1,0,4.37,vende-rete
Farmacia Procaccini,975040522,COBAXIL B12 1000MCG 5CPR SUNBL,9,3.0,0.42,0,si,si,4,0,3.01,vende-rete
Farmacia Procaccini,989983299,CERAVE CREMA IDRATANTE REFILL,9,3.0,0.42,0,no,si,5,4,1.51,no-vend-7g
Farmacia Procaccini,941962033,NEOVIDERM 30ML,8,2.6,0.38,0,si,si,1,3,1.26,vende-rete
Farmacia Procaccini,974109338,CERAVE CREMA IDRATANTE 454G,8,2.6,0.38,0,si,si,23,10,1.98,vende-rete
Farmacia Procaccini,952091914,SAUGELLA POLIGYN 50+ GEL IDRAT,8,2.6,0.38,0,no,si,4,6,2.15,no-vend-7g
Farmacia Procaccini,951332600,DEFENCE SUN OLIO SPRAY SPF50+,8,2.6,0.38,0,no,si,5,3,2.40,no-vend-7g
Farmacia Procaccini,951331406,SUN SECURE EAU SOLAIRE GLOW50+,8,2.6,0.38,0,no,si,2,2,1.98,no-vend-7g
Farmacia Procaccini,034329110,TACHIPIRINA FLASHTAB*12CPR 125,8,2.6,0.38,0,no,no,6,0,0.77,MORTO
Farmacia Procaccini,952051795,XERIAL GEL LAVANT PEELING400ML,8,2.6,0.38,0,no,no,4,9,3.15,MORTO
Farmacia Procaccini,938881531,RILASTIL HYDRAFUSION GEL CR400,8,2.6,0.38,0,si,si,1,0,5.00,vende-rete
Farmacia Procaccini,940005212,MATERPLUS 1 90CPS,8,2.6,0.38,0,si,si,5,0,4.96,vende-rete
Farmacia Procaccini,927259996,NEUROCORTEX 30CPR,8,2.6,0.38,0,no,no,99,0,3.57,MORTO
Farmacia Procaccini,947318578,ZINCOGEN PET IMMUNO 30STICK,8,2.6,0.38,0,si,si,4,0,5.01,vende-rete
Farmacia Procaccini,940884632,BIOLIFTAN DAY CREAM 50ML,8,2.6,0.38,0,si,si,1,0,8.03,vende-rete
Farmacia Procaccini,985008541,SUN SECURE EAU SOLAIRE SPF30,8,2.6,0.38,0,no,no,1,8,2.46,MORTO
Farmacia Procaccini,990681569,EFFACLAR DUO +M TRATT A/IM15ML,7,2.3,0.33,0,no,no,2,5,2.24,MORTO
Farmacia Procaccini,938865110,DERMOVITAMINA IRR CUTANEE 30ML,7,2.3,0.33,0,no,no,99,0,1.69,MORTO
Farmacia Procaccini,989270602,MULTIVITAMIX B12 12FL,7,2.3,0.33,0,si,si,3,14,1.70,vende-rete
Farmacia Procaccini,988124172,REPY GEL 30ML NF,7,2.3,0.33,0,no,si,1,0,2.16,no-vend-7g
Farmacia Procaccini,990407037,STOMONAC GEL CANI GATTI 30ML,7,2.3,0.33,0,no,si,2,0,3.71,no-vend-7g
Farmacia Procaccini,975036308,BODYSTRAP M,7,2.3,0.33,0,no,si,1,0,10.08,no-vend-7g
Farmacia Procaccini,983274186,LINES SP DERM SAG SUPER+ 30PZ,7,2.3,0.33,0,si,si,2,0,2.19,vende-rete
Farmacia Procaccini,932720954,RINOWAY SALI ISOTONICI 15BUST,7,2.3,0.33,0,no,no,6,0,2.10,MORTO
Farmacia Procaccini,020582300,FLUIMUCIL*NEBUL 20F 300MG/3ML,7,2.3,0.33,0,si,si,1,4,2.74,vende-rete
Farmacia Procaccini,951316482,PHOTODERM AR+ ULTRAFLUID 40ML,7,2.3,0.33,0,no,si,3,5,2.22,no-vend-7g
Farmacia Procaccini,042028011,OKITASK*OS GRAT 10BUST 40MG,7,2.3,0.33,0,si,si,10,4,0.57,vende-rete
Farmacia Procaccini,047839016,TRACTANA*28CPR RIV 200MG,7,2.3,0.33,0,si,si,27,0,1.98,vende-rete
Farmacia Procaccini,987296845,ANAPHASE CADUTA ASSOTT SH400ML,7,2.3,0.33,0,no,si,1,4,2.33,no-vend-7g
Farmacia Procaccini,951105840,AVENE CLEANANCE COMEDOMED+,7,2.3,0.33,0,si,si,14,4,1.68,vende-rete
Farmacia Procaccini,940365721,DICOSIM PLUS 30ML,7,2.3,0.33,0,si,si,1,9,2.26,vende-rete
Farmacia Procaccini,989405295,GOOVI STICK LABBRA&GUANCE REAG,7,2.3,0.33,0,no,no,1,1,3.08,MORTO
Farmacia Procaccini,987336726,SUN SECURE EAU SOLAIRE SPF50+,6,2.0,0.28,0,no,si,1,9,2.38,no-vend-7g
Farmacia Procaccini,934408648,BIOTHYMUS AC ACT D SH RISTRUTT,6,2.0,0.28,0,no,si,99,1,1.31,no-vend-7g
Farmacia Procaccini,975447475,TOLERIANE SENSITIVE FLUIDO VIS,6,2.0,0.28,0,no,si,2,3,2.71,no-vend-7g
Farmacia Procaccini,980644254,MARKEUTICALS FOCAL A/DHT 45CPR,6,2.0,0.28,0,no,si,2,0,2.96,no-vend-7g
Farmacia Procaccini,901890689,IRIDIL MASCHERA RIPOSO OCCHI,6,2.0,0.28,0,no,no,99,5,2.22,MORTO
Farmacia Procaccini,952113431,TOPIALYSE HUILE LAVANTE 100ML,6,2.0,0.28,0,no,si,1,17,1.58,no-vend-7g
Farmacia Procaccini,900498837,CLOREXYDERM SOL 4% 1000ML,6,2.0,0.28,0,si,si,4,0,4.72,vende-rete
Farmacia Procaccini,942579309,NEUROGEN PET ULTRA 30CPR,6,2.0,0.28,0,si,si,7,0,3.04,vende-rete
Farmacia Procaccini,951216252,CUTIMED SORBACT CONT 4X6CM 5PZ,6,2.0,0.28,0,no,si,1,0,5.92,no-vend-7g
Farmacia Procaccini,973914017,ADIPROX ADVANCED 50CPS,6,2.0,0.28,0,no,si,6,0,4.45,no-vend-7g
Farmacia Procaccini,951331420,SUN SECURE AQUA FLUIDE SPF50+,6,2.0,0.28,0,no,no,1,7,2.61,MORTO
Farmacia Procaccini,951361120,FLAVIAM CREMA SCHIARENTE 40ML,6,2.0,0.28,0,si,si,5,0,4.77,vende-rete
Farmacia Procaccini,987418771,REPIGMENT12 PLUS CREMA 75ML,6,2.0,0.28,0,si,si,1,0,20.26,vende-rete
Farmacia Procaccini,947343822,LIPOIC CANNELLA 60TAV,6,2.0,0.28,0,no,no,99,0,7.88,MORTO
Farmacia Procaccini,952004099,TELEANGYL PROTECT SPF50+ PHARC,6,2.0,0.28,0,si,si,1,0,5.05,vende-rete
Farmacia Procaccini,989373257,LIPOSKIN IDRA UV PHARCOS 40ML,6,2.0,0.28,0,si,si,2,0,3.70,vende-rete
Farmacia Procaccini,987715291,ARTENNUA 90CPS,5,1.6,0.24,0,si,si,1,0,8.69,vende-rete
Farmacia Procaccini,983674641,EXOMEGA CONTROL CR EMOL 400ML,5,1.6,0.24,0,si,si,3,3,3.61,vende-rete
Farmacia Procaccini,972790404,STOMODINE F 30ML,5,1.6,0.24,0,si,si,2,0,2.31,vende-rete
Farmacia Procaccini,926819184,SCREEN TEST INFEZ URINE 3PZ,5,1.6,0.24,0,no,no,3,0,1.47,MORTO
Farmacia Procaccini,985481047,FRANGIPANI PROFUMO 100ML,5,1.6,0.24,0,no,si,13,1,12.97,no-vend-7g
Farmacia Procaccini,989656970,VIDERMINA INTIMA OLIO 500ML SP,5,1.6,0.24,0,no,no,1,13,1.34,MORTO
Farmacia Procaccini,951035753,MAVOSTEN MAGNESIO 120CPS,5,1.6,0.24,0,no,si,6,0,4.41,no-vend-7g
Farmacia Procaccini,947318426,PEROGNIDOL FORTE PERLE,5,1.6,0.24,0,si,si,4,0,3.52,vende-rete
Farmacia Procaccini,943040485,PORUS ONE 30BUST,5,1.6,0.24,0,si,si,1,0,4.20,vende-rete
Farmacia Procaccini,944779584,EUPH OLIO NUTR UN-CUTI10ML,5,1.6,0.24,0,no,si,2,1,1.58,no-vend-7g
Farmacia Procaccini,921232435,PESCURA FLAT ORIG BYCAST SAB41,5,1.6,0.24,0,no,si,2,0,13.04,no-vend-7g
Farmacia Procaccini,926876867,CICABEN 50G,5,1.6,0.24,0,no,si,22,0,1.95,no-vend-7g
Farmacia Procaccini,025519048,"MAG 2*OS GRAT 20BUST 2,25G",5,1.6,0.24,0,no,si,15,20,1.28,no-vend-7g
Farmacia Procaccini,935382477,5ALFAPROST 30PRL,5,1.6,0.24,0,si,si,3,0,2.28,vende-rete
Farmacia Procaccini,970370413,HYPERMIX SPRAY 30ML,5,1.6,0.24,0,no,si,3,0,4.40,no-vend-7g
Farmacia Procaccini,025519063,"MAG 2*OS SOLUZ 20BUST1,5G/10ML",5,1.6,0.24,0,si,si,23,16,0.69,vende-rete
Farmacia Procaccini,970430649,MARKEUTICALS INTEGRA 60CPR,5,1.6,0.24,0,si,si,1,0,3.13,vende-rete
Farmacia Procaccini,981448590,TRIDERM DS TRATTAMENTO NORMAL,5,1.6,0.24,0,no,si,8,5,2.60,no-vend-7g
Farmacia Procaccini,952126466,ASHWAGANDHA 30CPR,5,1.6,0.24,0,no,no,99,0,2.56,MORTO
Farmacia Procaccini,988277354,XERONORM PRX PHARCOS 250ML,5,1.6,0.24,0,no,si,2,0,4.12,no-vend-7g
Farmacia Procaccini,904020981,DELTACRIN CAPSULE PHARCOS60CPS,5,1.6,0.24,0,si,si,4,0,3.87,vende-rete
Farmacia Procaccini,941181911,UV OFTAL SOL OFT LUB FOTOP10ML,5,1.6,0.24,0,si,si,3,0,2.87,vende-rete
Farmacia Procaccini,951141516,MULTICENTRUM AGE MENTE 40CPS,5,1.6,0.24,0,no,si,2,1,2.80,no-vend-7g
Farmacia Procaccini,974897391,RESTIVOIL RINFORZANTE 250ML TP,5,1.6,0.24,0,no,no,3,10,1.57,MORTO
Farmacia Procaccini,986905343,DERMOVITAMINA PRURITO CR 150ML,5,1.6,0.24,0,no,si,4,2,2.46,no-vend-7g
Farmacia Procaccini,903596765,RIBES PET RECOVERY 60PRL,5,1.6,0.24,0,no,no,22,0,5.98,MORTO
Farmacia Procaccini,945140147,EUPH COLORPRO XD 507 CAST,5,1.6,0.24,0,no,si,4,2,1.08,no-vend-7g
Farmacia Procaccini,945293443,GENIROSE PLUS 60TAV,5,1.6,0.24,0,no,si,1,0,5.13,no-vend-7g
Farmacia Procaccini,902985389,SAUGELLA POLIGYN 50+ 500ML,5,1.6,0.24,0,si,si,8,3,5.06,vende-rete
Farmacia Procaccini,982406934,PUROFLOG SOLUZIONE OFT 20FL,4,1.3,0.19,0,si,si,2,0,3.02,vende-rete
Farmacia Procaccini,904180256,DAUMFIX ORTESI POLLICE DX S,4,1.3,0.19,0,no,no,1,0,5.23,MORTO
Farmacia Procaccini,911961098,EPATO 1500 PLUS 120CPR CANE,4,1.3,0.19,0,no,si,3,0,8.04,no-vend-7g
Farmacia Procaccini,983031939,SUN SECURE LAIT APRES SOLEIL,4,1.3,0.19,0,no,si,2,12,1.83,no-vend-7g
Farmacia Procaccini,980136232,DUREX NATURALS IDRATANTE 100ML,4,1.3,0.19,0,no,no,18,7,2.24,MORTO
Farmacia Procaccini,975433107,AFTER BITE GEL EXTRA 20ML,4,1.3,0.19,0,no,si,4,6,1.06,no-vend-7g
Farmacia Procaccini,910923667,IDEAL SOLEIL BALSAMO SCOTATTUR,4,1.3,0.19,0,no,no,1,1,1.89,MORTO
Farmacia Procaccini,931340804,PHYSIOMER CSR SPRAY IPER 135ML,4,1.3,0.19,0,si,si,3,7,2.51,vende-rete
Farmacia Procaccini,950246975,TRIDERM SAPONE MARSIGLIA OS 1L,4,1.3,0.19,0,no,si,4,14,2.18,no-vend-7g
Farmacia Procaccini,913758482,TOLERIANE DERMO NETTOYANT400ML,4,1.3,0.19,0,no,si,46,0,-1.67,no-vend-7g
Farmacia Procaccini,923427660,CARTILAGINE SQUALO POLV 60CPS,4,1.3,0.19,0,no,si,2,0,2.81,no-vend-7g
Farmacia Procaccini,951270115,UNGHIA SANA 10ML,4,1.3,0.19,0,no,no,6,0,2.33,MORTO
Farmacia Procaccini,989367154,VITAMINDERMINA POLVERE 100G,4,1.3,0.19,0,si,si,99,1,1.50,vende-rete
Farmacia Procaccini,900398355,REGULA MISC ERBE SVIZZ 80TAV,4,1.3,0.19,0,no,si,1,0,1.94,no-vend-7g
Farmacia Procaccini,988050581,"TAZARENE CREMA 0,1% 40ML",4,1.3,0.19,0,no,si,3,0,4.25,no-vend-7g
Farmacia Procaccini,950228751,AGEX DEFENCE SPOT PHARCOS 50ML,4,1.3,0.19,0,no,si,4,0,5.77,no-vend-7g
Farmacia Procaccini,931577276,AVENE SOL CR SOL SCHERMO 50+,4,1.3,0.19,0,no,si,10,1,2.89,no-vend-7g
Farmacia Procaccini,983197120,TDV TRATTAMENTO CORPO 400ML 22,4,1.3,0.19,0,si,si,11,3,7.53,vende-rete
Farmacia Procaccini,952099556,EUPHIDRA FONDOTINTA VELL NAT,4,1.3,0.19,0,no,no,99,3,2.94,MORTO
Farmacia Procaccini,983533718,SPIRIAL DEODORANTE CREMA 50ML,4,1.3,0.19,0,no,si,5,9,1.76,no-vend-7g
Farmacia Procaccini,943245555,EUPH FILLER CR ANTIR RIEMP,4,1.3,0.19,0,no,si,1,2,3.64,no-vend-7g
Farmacia Procaccini,900455332,BENPED DITA A MARTELLO DX M 1P,4,1.3,0.19,0,no,no,1,0,1.77,MORTO
Farmacia Procaccini,989366277,RILASTIL D-CLAR MASCHERA ILL,4,1.3,0.19,0,no,no,99,1,1.74,MORTO
Farmacia Procaccini,923289399,BEURER 25STR GL44/GL50/GL50EVO,4,1.3,0.19,0,no,no,1,0,3.13,MORTO
Farmacia Procaccini,951142393,PIC AQUABLOC FIX ROC CM10X2M,4,1.3,0.19,0,no,si,3,0,2.31,no-vend-7g
Farmacia Procaccini,942411669,NOVOMIT TRAVEL 12GOMME,4,1.3,0.19,0,no,no,1,3,1.91,MORTO
Farmacia Procaccini,909089031,ACQUA SIRMIONE MIN NAT 6F 15ML,4,1.3,0.19,0,si,si,20,37,2.01,vende-rete
Farmacia Procaccini,951383761,PRINCIPIUM MAGNESIO CB50+ 90CP,4,1.3,0.19,0,no,si,15,0,3.97,no-vend-7g
Farmacia Procaccini,943322685,CONNECTASYL 60CPR,4,1.3,0.19,0,si,si,7,0,3.16,vende-rete
Farmacia Procaccini,902299458,CLOREXYDERM SOL SCH 200ML,4,1.3,0.19,0,no,si,2,0,2.39,no-vend-7g
Farmacia Procaccini,974059596,LINES CLAS RETT S/BARRI 30PZ,4,1.3,0.19,0,no,no,6,0,1.28,MORTO
Farmacia Procaccini,981491487,SYSTANE IDRATAZIONE S/CONS10ML,4,1.3,0.19,0,si,si,1,1,2.66,vende-rete
Farmacia Procaccini,930997313,SEBAMED LIQUIDO 1000ML TP,4,1.3,0.19,0,no,si,14,6,1.40,no-vend-7g
Farmacia Procaccini,970778522,ANAPHASE+ SHAMPOO 200ML DUCRAY,4,1.3,0.19,0,si,si,3,5,1.67,vende-rete
Farmacia Procaccini,982471839,MULTICENTRUM DIFESE IMM 28BUST,4,1.3,0.19,0,no,si,1,3,2.38,no-vend-7g
Farmacia Procaccini,980370326,DERMOVITAMINA CICATRICI GEL,4,1.3,0.19,0,no,no,5,0,2.28,MORTO
Farmacia Procaccini,010386098,HIRUDOID 40000UI*CREMA 100G,4,1.3,0.19,0,si,si,10,2,2.33,vende-rete
Farmacia Procaccini,989874298,ALPECIN GREY ATTACK SHAMPOO,4,1.3,0.19,0,si,si,12,0,2.82,vende-rete
Farmacia Procaccini,983656556,REGGIBRACCIO SEMPLICE PED 1,4,1.3,0.19,0,no,si,1,0,3.51,no-vend-7g
Farmacia Procaccini,951090315,COSEQUIN ADVANCED CANE 120CPR,4,1.3,0.19,0,si,si,4,0,8.84,vende-rete
Farmacia Procaccini,984360343,CLOREXYDERM SOL 200ML,4,1.3,0.19,0,si,si,1,0,2.11,vende-rete
Farmacia Procaccini,983039936,AVENE SOL CREMA SPF50+ S/PROF,4,1.3,0.19,0,si,si,7,3,2.15,vende-rete
Farmacia Procaccini,942793338,CAROBIN PET DIGEST 30BUSTE,4,1.3,0.19,0,no,si,2,0,2.83,no-vend-7g
Farmacia Procaccini,944282324,SAUGELLA INTIMO&CORPO 500ML,4,1.3,0.19,0,si,si,3,4,1.39,vende-rete
Farmacia Procaccini,950915470,"FIDEK 40CPR 1,5G DRN",4,1.3,0.19,0,si,si,1,0,7.64,vende-rete
Farmacia Procaccini,952039547,ARTROVIS POLVERE SOLUBILE 360G,4,1.3,0.19,0,no,si,1,0,6.10,no-vend-7g
Farmacia Procaccini,944775547,PROSTAPET CANE GEL 60BUST,4,1.3,0.19,0,no,si,6,0,4.75,no-vend-7g
Farmacia Procaccini,990377400,FORTEND MAX 20BUST,4,1.3,0.19,0,si,si,6,0,4.75,vende-rete
Farmacia Procaccini,980812539,PASTA HOFFMANN SELLA NAT 1KG,4,1.3,0.19,0,no,no,1,0,4.10,MORTO
Farmacia Procaccini,952113975,BUTIRETARD NMX 20CPR,4,1.3,0.19,0,si,si,2,3,6.68,vende-rete
Farmacia Procaccini,937030892,NOVA PROST 30CPS SOFTGEL,4,1.3,0.19,0,si,si,99,0,1.57,vende-rete
Farmacia Procaccini,951059031,VIDERMINA DELIGYN 500ML NF SP,3,1.0,0.14,0,no,si,1,22,1.54,no-vend-7g
Farmacia Procaccini,951387873,NORMAST 600MG MICROGR 30BUST,3,1.0,0.14,0,si,si,23,0,3.28,vende-rete
Farmacia Procaccini,979095484,NUXE HP FLORALE 50ML OLIO SECC,3,1.0,0.14,0,no,no,13,11,1.90,MORTO
Farmacia Procaccini,950127555,PEPTI BIOTIC REFILL 50ML,3,1.0,0.14,0,no,no,99,6,3.99,MORTO
Farmacia Procaccini,931382764,"LEVORAG EMULGEL 20TUB 3,5ML",3,1.0,0.14,0,no,si,24,0,7.53,no-vend-7g
Farmacia Procaccini,901474751,COVERMARK LEG MAGIC 4 50ML,3,1.0,0.14,0,no,si,99,0,3.71,no-vend-7g
Farmacia Procaccini,935590974,POLIDENT LUNGA TENUTA 70G,3,1.0,0.14,0,si,si,6,34,1.07,vende-rete
Farmacia Procaccini,908620646,"SAUGELLA GEL INTIMO PH5,5 30ML",3,1.0,0.14,0,no,no,1,3,1.40,MORTO
Farmacia Procaccini,990076933,GLUTAVIX 20STICK PACK,3,1.0,0.14,0,no,no,11,0,3.73,MORTO
Farmacia Procaccini,980122206,CORSETTO SEMIR ASPEN LUMB L,3,1.0,0.14,0,no,si,1,0,31.52,no-vend-7g
Farmacia Procaccini,935669489,VIDERMINA PREBIOTIC OVULI 10PZ,3,1.0,0.14,0,no,si,3,3,6.00,no-vend-7g
Farmacia Procaccini,951233651,SANOTINT SHAMPOO COLOR CARE,3,1.0,0.14,0,no,no,1,0,1.69,MORTO
Farmacia Procaccini,907280313,DEODORANTE 7 GIORNI CREMA 30ML,3,1.0,0.14,0,si,si,9,6,2.21,vende-rete
Farmacia Procaccini,978545299,ANGSTROM LATTE SPRAY 50+,3,1.0,0.14,0,no,si,10,4,2.09,no-vend-7g
Farmacia Procaccini,972529984,NATUR-SER PLUS 60CPS VEGETALI,3,1.0,0.14,0,no,no,1,0,4.04,MORTO
Farmacia Procaccini,945140150,EUPH COLORPRO XD 707 BIOND,3,1.0,0.14,0,no,si,2,2,1.19,no-vend-7g
Farmacia Procaccini,970175598,SERBLEND 60CPR,3,1.0,0.14,0,no,no,4,0,4.14,MORTO
Farmacia Procaccini,984789610,BIOLIFE IMMUNOPET 60CPS,3,1.0,0.14,0,no,si,1,0,7.62,no-vend-7g
Farmacia Procaccini,950945461,DEFENCE ANAGENIX K INT AL60CPS,3,1.0,0.14,0,no,si,5,2,3.71,no-vend-7g
Farmacia Procaccini,935543470,PEDIAPAX POLVERE 400G,3,1.0,0.14,0,si,si,4,0,2.24,vende-rete
Farmacia Procaccini,989893209,NUXE SUN OLIO SOL DOR50 150ML,3,1.0,0.14,0,no,no,4,9,3.26,MORTO
Farmacia Procaccini,945102073,DOCCIA GEL BERGAMOTTO PATCHOUL,3,1.0,0.14,0,no,si,1,5,1.11,no-vend-7g
Farmacia Procaccini,939025995,SPIRIAL EXTREME 20ML,3,1.0,0.14,0,no,si,9,3,1.93,no-vend-7g
Farmacia Procaccini,934027499,KRILL OMEGA PET RECOVERY120PRL,3,1.0,0.14,0,si,si,8,0,3.73,vende-rete
Farmacia Procaccini,931525113,RILASTIL LIPOREDUCER CREMA 200,3,1.0,0.14,0,no,si,1,0,4.29,no-vend-7g
Farmacia Procaccini,931375671,UOMO PROFUMO 100ML,3,1.0,0.14,0,no,si,8,3,12.97,no-vend-7g
Farmacia Procaccini,944779560,EUPH CREMA CORPO IDRAT 250ML,3,1.0,0.14,0,no,si,1,1,1.68,no-vend-7g
Farmacia Procaccini,970370401,ENTEROMICRO COMPLEX 32CPR,3,1.0,0.14,0,si,si,5,0,2.82,vende-rete
Farmacia Procaccini,980638757,GINEPRO NERO BAGNOSCH ECORICAR,3,1.0,0.14,0,no,no,13,4,4.71,MORTO
Farmacia Procaccini,982893265,EXTRA DELICATO SH DERMO2X400ML,3,1.0,0.14,0,no,si,2,26,2.88,no-vend-7g
Farmacia Procaccini,985772084,MIAMO LEG RENEW 30CPR,3,1.0,0.14,0,no,si,8,6,11.24,no-vend-7g
Farmacia Procaccini,906269535,MEDI 9007 INFILA CALZE,3,1.0,0.14,0,no,si,1,0,4.15,no-vend-7g
Farmacia Procaccini,927290991,SYSTANE IDRATAZIONE UD COLL,3,1.0,0.14,0,no,si,1,1,3.66,no-vend-7g
Farmacia Procaccini,987859511,CICABIO CREME+ SPF50 40ML,3,1.0,0.14,0,no,si,2,1,2.32,no-vend-7g
Farmacia Procaccini,990564332,REUFOLB12 60CPS,3,1.0,0.14,0,no,si,1,0,2.27,no-vend-7g
Farmacia Procaccini,975428222,BARIEDERM CICA-CREMA SPF50+,3,1.0,0.14,0,no,si,1,2,1.42,no-vend-7g
Farmacia Procaccini,989468982,BARIESUN SPF50+ STICK SOL INV,3,1.0,0.14,0,si,si,99,0,7.94,vende-rete
Farmacia Procaccini,906007695,SAUGELLA IDROCREMA PH NEU 30ML,3,1.0,0.14,0,si,si,6,7,1.53,vende-rete
Farmacia Procaccini,942790066,VARISAN ETHERE1520 AGPA PO3N,3,1.0,0.14,0,no,no,2,0,7.67,MORTO
Farmacia Procaccini,022816021,"SOMATOLINE*EMULS 30BS 0,1+0,3%",3,1.0,0.14,0,no,si,14,0,3.20,no-vend-7g
Farmacia Procaccini,941803330,CLAIRIAL SPF50+ LIGHT 40ML,3,1.0,0.14,0,no,si,2,6,2.73,no-vend-7g
Farmacia Procaccini,942965981,CAREVIT ULTRA CANE 30BUST,3,1.0,0.14,0,no,si,1,0,2.15,no-vend-7g
Farmacia Procaccini,987838810,STEPPER DIG ORTOP POSTOP AV S,3,1.0,0.14,0,si,si,2,0,7.42,vende-rete
Farmacia Procaccini,980916074,LATTOSTIL GOCCE 16ML,3,1.0,0.14,0,no,no,10,0,4.19,MORTO
Farmacia Procaccini,942258854,CLEAN KILL EXTRA MICRO FAST,3,1.0,0.14,0,no,si,1,0,2.56,no-vend-7g
Farmacia Procaccini,951365206,LIPIKAR BAUME AP+MAX 400ML,3,1.0,0.14,0,no,no,2,2,3.02,MORTO
Farmacia Procaccini,983542010,BIOTINA ANALCOOLICO 200ML,3,1.0,0.14,0,no,si,3,0,3.11,no-vend-7g
Farmacia Procaccini,951338779,ACCIAIOVIS-T 180PAST,3,1.0,0.14,0,si,si,2,0,4.71,vende-rete
Farmacia Procaccini,950279620,VAGISIL DETERGENTE SENS 500ML,3,1.0,0.14,0,no,si,1,0,1.77,no-vend-7g
Farmacia Procaccini,989252679,SINERGIA OTI NF 60CPS,3,1.0,0.14,0,no,no,1,0,5.31,MORTO
Farmacia Procaccini,938102555,TRIUM MONODOSE GTT OCUL 15FL,3,1.0,0.14,0,no,si,2,0,2.67,no-vend-7g
Farmacia Procaccini,984462820,RESTIVOIL EXTRA DEL 400ML TP,3,1.0,0.14,0,si,si,1,4,1.60,vende-rete
Farmacia Procaccini,989869021,TE' NERO BEAUTY BOX TERRAZZE,3,1.0,0.14,0,no,no,4,3,6.13,MORTO
Farmacia Procaccini,951618154,SYNUCLID 30BUST,3,1.0,0.14,0,si,si,11,0,4.25,vende-rete
Farmacia Procaccini,976282006,LIPOSKIN PRO PHARCOS 15F REWCA,3,1.0,0.14,0,si,si,19,0,5.00,vende-rete
Farmacia Procaccini,975922802,NUXE SUN LATTE DOPOS VI/C400ML,3,1.0,0.14,0,no,si,5,0,0.00,no-vend-7g
Farmacia Procaccini,970419646,SALVIA ESTRATTO INTEGRALE200ML,3,1.0,0.14,0,no,si,9,0,2.73,no-vend-7g
Farmacia Procaccini,943303279,GASTROVOM CANE GATTO GEL 50ML,3,1.0,0.14,0,si,si,8,0,2.20,vende-rete
Farmacia Procaccini,925399673,DENAVASC 24CPR,3,1.0,0.14,0,si,si,3,0,3.40,vende-rete
Farmacia Procaccini,942980588,MICRONAM 30CPR,3,1.0,0.14,0,si,si,5,0,4.52,vende-rete
Farmacia Procaccini,941836761,UROGERMIN PROSTATA 30SOFTGEL,3,1.0,0.14,0,si,si,4,8,1.78,vende-rete
Farmacia Procaccini,950836650,AVENE HYALURON A PROC SIER20ML,3,1.0,0.14,0,no,no,1,5,8.54,MORTO
Farmacia Procaccini,921186704,UROGYN 50CPR 500MG,3,1.0,0.14,0,si,si,7,0,3.52,vende-rete
Farmacia Procaccini,981954694,RILASTIL SUN SYS DOPOSOLE I/R,3,1.0,0.14,0,no,si,3,9,1.76,no-vend-7g
Farmacia Procaccini,978598821,FOOTCARE CORR VALGO NTT2PZ D10,3,1.0,0.14,0,no,no,5,0,3.36,MORTO
Farmacia Procaccini,903570063,SERENITY PANN SAG CLAS EX 30PZ,3,1.0,0.14,0,no,si,1,0,2.84,no-vend-7g
Farmacia Procaccini,982667661,DIOSMIR 1000 30BUST,3,1.0,0.14,0,no,si,5,0,3.86,no-vend-7g
Farmacia Procaccini,984835292,GINOCCHIERA TRASP AP SPIR M,3,1.0,0.14,0,no,no,1,0,19.17,MORTO
Farmacia Procaccini,989305103,DEMALIPE EMULSIONE 200ML,3,1.0,0.14,0,no,si,2,0,3.53,no-vend-7g
Farmacia Procaccini,951867338,GHC MEDICAL TRATT DS SH PURIF,3,1.0,0.14,0,no,si,2,0,4.71,no-vend-7g
Farmacia Procaccini,983791221,DELTACRIN WNT SPR PHARCOS125ML,3,1.0,0.14,0,no,no,8,0,8.15,MORTO
Farmacia Procaccini,944435104,MITOFAST 30STICK OROSOLUBILI,3,1.0,0.14,0,no,no,4,0,12.88,MORTO
Farmacia Procaccini,983583701,ASSENZIO PROFUMO 100ML,3,1.0,0.14,0,no,si,15,1,12.65,no-vend-7g
Farmacia Procaccini,903923769,CER FIXOMULL TRANSPARENT10X200,3,1.0,0.14,0,si,si,2,0,2.11,vende-rete
Farmacia Procaccini,029454042,BUSCOPAN COMPOSITUM*20CPR RIV,3,1.0,0.14,0,si,si,4,17,1.50,vende-rete
Farmacia Procaccini,942845532,DIOSMIR 1000 16 BUST,3,1.0,0.14,0,no,no,2,0,3.19,MORTO
Farmacia Procaccini,984518581,MICO REI 70CPS,3,1.0,0.14,0,si,si,2,0,7.41,vende-rete
Farmacia Procaccini,979049020,LECURPET 60CPR,3,1.0,0.14,0,no,no,1,0,4.08,MORTO
Farmacia Procaccini,979806611,ASSENZIO ESTRATTO INTEGR 200ML,3,1.0,0.14,0,si,si,6,0,2.82,vende-rete
Farmacia Procaccini,971272556,BARIEDERM CICA-LEVRES 15ML,3,1.0,0.14,0,si,si,99,1,1.38,vende-rete
Farmacia Procaccini,972165056,LIPIKAR LATTE 750ML,3,1.0,0.14,0,si,si,33,0,5.58,vende-rete
Farmacia Procaccini,925498014,EPITACT ORTESI MANO FLEX DX M,3,1.0,0.14,0,no,no,3,0,3.61,MORTO
Farmacia Procaccini,948186705,PRINCIPIUM COLLAGENE MAR 80CPR,3,1.0,0.14,0,no,si,5,0,3.54,no-vend-7g
Farmacia Procaccini,990478378,FOTOULTRA REDNESS SPF50 50ML,3,1.0,0.14,0,no,no,99,0,3.74,MORTO
Farmacia Procaccini,947127662,NEFROKRILL CANE 60PRL,3,1.0,0.14,0,si,si,1,0,4.09,vende-rete
Farmacia Procaccini,950276713,GIBAUD ORTHO CORS LOMB ACT V 2,3,1.0,0.14,0,no,no,4,0,11.49,MORTO
Farmacia Procaccini,940094129,BIOKAP SHAMPOO RINFOR ANTICAD,3,1.0,0.14,0,si,si,3,0,1.77,vende-rete
Farmacia Procaccini,930873688,CONTOUR NEXT GLICEMIA 25STR,3,1.0,0.14,0,si,si,22,0,0.00,vende-rete
Farmacia Procaccini,972321006,ISCHIA SPA CRIOGEL GAMBE STANC,3,1.0,0.14,0,si,si,11,0,2.84,vende-rete
Farmacia Procaccini,951269289,CITIZIN Q10 ORO 30STICK-PACK,3,1.0,0.14,0,si,si,11,0,4.54,vende-rete
Farmacia Procaccini,036397014,REPARIL*GEL 40G 1%+5%,3,1.0,0.14,0,no,si,2,25,1.20,no-vend-7g
Farmacia Procaccini,973653189,VASOX FORTE 20BUST,3,1.0,0.14,0,si,si,3,0,3.74,vende-rete
Farmacia Procaccini,974890372,COMPENSA Q DIET POLVERE 250G,3,1.0,0.14,0,no,si,99,0,0.00,no-vend-7g
Farmacia Procaccini,921232447,PESCURA FLAT ORIG BYCAST SAB42,3,1.0,0.14,0,no,si,2,0,12.40,no-vend-7g
Farmacia Procaccini,951135781,MAGNESIO BISGLICINATO 180PAST,3,1.0,0.14,0,si,si,5,0,4.81,vende-rete
Farmacia Procaccini,951032871,SYNAPSINE L 1000 10FL,3,1.0,0.14,0,si,si,5,0,3.83,vende-rete
Farmacia Procaccini,905351387,EUMILL PROTECTION GTT OCUL10FL,3,1.0,0.14,0,no,si,3,10,0.64,no-vend-7g
Farmacia Procaccini,908560269,GARZA JELONET 10X10CM 10BUST,3,1.0,0.14,0,no,no,1,0,1.50,MORTO
Farmacia Procaccini,987252881,REUMATONIL COMPLEX COLL 18BUST,3,1.0,0.14,0,no,si,4,0,2.76,no-vend-7g
Farmacia Procaccini,017389103,"PREPARAZIONE H*UNG 1,08% 50G",3,1.0,0.14,0,si,si,15,34,1.51,vende-rete
Farmacia Procaccini,974400525,NATTURA MUESLI DI AVENA C/FRUT,3,1.0,0.14,0,no,no,99,0,1.22,MORTO
Farmacia Procaccini,903947606,IDEAL SOLEIL STICK SPF50+ 9G,3,1.0,0.14,0,si,si,4,8,1.24,vende-rete
Farmacia Procaccini,951136338,ZINCOXIN 30CPR,3,1.0,0.14,0,no,no,1,0,3.77,MORTO
Farmacia Procaccini,947430423,COLPLATIR 500 30CPR,2,0.7,0.09,0,no,si,4,0,2.99,no-vend-7g
Farmacia Procaccini,985520838,VITGASE FORTE 18BUST,2,0.7,0.09,0,si,si,2,0,5.16,vende-rete
Farmacia Procaccini,985991239,FLEBOMIX 1000MG 90CPR,2,0.7,0.09,0,si,si,14,0,6.14,vende-rete
Farmacia Procaccini,987411737,RILASTIL SUN SPF50+ AGE REPAIR,2,0.7,0.09,0,si,si,4,7,2.28,vende-rete
Farmacia Procaccini,988099560,RESTOMYL DENTALBONES MINI,2,0.7,0.09,0,no,si,2,0,3.10,no-vend-7g
Farmacia Procaccini,926845203,MANNOSIO PURO CRISTALLI 50G,2,0.7,0.09,0,no,si,5,0,2.42,no-vend-7g
Farmacia Procaccini,951882760,KELUAL DS INTENSIVE SPRAY100ML,2,0.7,0.09,0,no,no,4,6,2.38,MORTO
Farmacia Procaccini,989414521,RETINORM FLASH 30STICK,2,0.7,0.09,0,no,si,3,0,3.63,no-vend-7g
Farmacia Procaccini,986699395,AVENE CICALFATE+ BALSAMO LABBR,2,0.7,0.09,0,no,no,3,4,1.65,MORTO
Farmacia Procaccini,970261398,"RUOTE PIROETTANTI DEAMBUL7,5CM",2,0.7,0.09,0,no,no,1,0,5.16,MORTO
Farmacia Procaccini,974058099,REOXALL 100S CREMA CANOVA 50ML,2,0.7,0.09,0,no,no,99,0,3.73,MORTO
Farmacia Procaccini,972553996,LENET OIL DETERGENTE 400ML,2,0.7,0.09,0,si,si,5,0,3.02,vende-rete
Farmacia Procaccini,974156592,RESTIVOIL LENIT ZERO 150ML TP,2,0.7,0.09,0,no,no,7,5,2.31,MORTO
Farmacia Procaccini,951062850,MAGICS SWIMPANTS LARGE 10PZ,2,0.7,0.09,0,no,si,99,0,1.50,no-vend-7g
Farmacia Procaccini,972786255,LASSIBEN 30CPR,2,0.7,0.09,0,no,no,2,0,2.36,MORTO
Farmacia Procaccini,907059240,RILASTIL CORPO TRAT SPEC RASSO,2,0.7,0.09,0,no,si,3,0,3.21,no-vend-7g
Farmacia Procaccini,950059434,MIGLIORIN GELLULE 180CPS,2,0.7,0.09,0,si,si,1,0,9.21,vende-rete
Farmacia Procaccini,971337860,BENEFIBRA POLVERE 155G,2,0.7,0.09,0,no,si,4,8,1.57,no-vend-7g
Farmacia Procaccini,941693691,VITACALM TUTTA NOTTE F/R 30CPR,2,0.7,0.09,0,no,no,6,0,2.19,MORTO
Farmacia Procaccini,987659099,NOTTE TANGERI CREMA CORPO200ML,2,0.7,0.09,0,no,no,8,6,7.86,MORTO
Farmacia Procaccini,987300047,MYINTIMITY SIERO INT ANTI AGE,2,0.7,0.09,0,si,si,99,0,3.51,vende-rete
Farmacia Procaccini,925632731,AUSILIUM BAU 100G,2,0.7,0.09,0,no,si,2,0,2.76,no-vend-7g
Farmacia Procaccini,974089575,SENSIBIO GEL MOUSSANT 200ML,2,0.7,0.09,0,no,si,4,6,2.18,no-vend-7g
Farmacia Procaccini,038140012,MYLICONGAS*50CPR MAST 40MG,2,0.7,0.09,0,si,si,99,20,2.87,vende-rete
Farmacia Procaccini,900975956,VITAMINA C 1000 180TAV,2,0.7,0.09,0,no,si,1,0,6.49,no-vend-7g
Farmacia Procaccini,982475321,SERENITY PANTS SD SENS EX M 12,2,0.7,0.09,0,no,si,13,0,2.37,no-vend-7g
Farmacia Procaccini,950612301,CORTISOL STOP 60CPS,2,0.7,0.09,0,no,si,99,0,3.46,no-vend-7g
Farmacia Procaccini,970430361,POLYPORUS MICOTHERAPY 90CPS VE,2,0.7,0.09,0,no,no,2,0,4.93,MORTO
Farmacia Procaccini,947430435,DOLVEDOL PLUS 20CPR RIVESTITE,2,0.7,0.09,0,si,si,1,0,3.64,vende-rete
Farmacia Procaccini,989397144,EUMEMOR 30CPR,2,0.7,0.09,0,si,si,3,0,3.73,vende-rete
Farmacia Procaccini,986741357,POLASE CLASSICO 60CPR,2,0.7,0.09,0,si,si,29,15,-0.11,vende-rete
Farmacia Procaccini,984159297,DEXERYL 250G,2,0.7,0.09,0,no,si,14,36,1.91,no-vend-7g
Farmacia Procaccini,950851042,PROATOP SPRAY CANI 50ML,2,0.7,0.09,0,si,si,1,0,4.30,vende-rete
Farmacia Procaccini,942805274,OMK1 LF SOL LIPO OFT STER 10ML,2,0.7,0.09,0,no,si,15,0,3.26,no-vend-7g
Farmacia Procaccini,931983136,BIO ESSENZE OLIO MAND DOLCI 1L,2,0.7,0.09,0,no,no,99,0,2.87,MORTO
Farmacia Procaccini,952099416,EUPHIDRA CORRETTORE DUO ROSS,2,0.7,0.09,0,no,no,1,3,2.24,MORTO
Farmacia Procaccini,950832055,BIOREPAIR ADV PROT COMPLETA50+,2,0.7,0.09,0,no,si,2,6,0.88,no-vend-7g
Farmacia Procaccini,990572669,PH FORMINIX DX3 GEL FORMICHE7G,2,0.7,0.09,0,no,no,99,0,1.20,MORTO
Farmacia Procaccini,926045687,"BIONIKE SHINE ON5,38 CAST CH C",2,0.7,0.09,0,no,si,2,1,1.43,no-vend-7g
Farmacia Procaccini,947138107,MONOI TIKI FONDOTINTA COMPATTO,2,0.7,0.09,0,no,si,1,0,4.41,no-vend-7g
Farmacia Procaccini,921232409,PESCURA FLAT ORIG BYCAST SAB38,2,0.7,0.09,0,no,si,1,0,12.08,no-vend-7g
Farmacia Procaccini,990860266,NORMAST MPS MICROGRANULI30BUST,2,0.7,0.09,0,si,si,8,0,3.75,vende-rete
Farmacia Procaccini,925646794,PELVILEN DUAL ACT 20BUST,2,0.7,0.09,0,no,si,5,0,3.71,no-vend-7g
Farmacia Procaccini,986091421,PURO SOS COLESTEROLO 60CPR DEG,2,0.7,0.09,0,no,si,99,0,0.00,no-vend-7g
Farmacia Procaccini,934545423,PRINCIPIUM EPA-3 FISH 90CPS,2,0.7,0.09,0,si,si,3,0,3.59,vende-rete
Farmacia Procaccini,902660745,CAVILON 3M FILM SPR 3346P 28ML,2,0.7,0.09,0,si,si,5,0,2.25,vende-rete
Farmacia Procaccini,951331418,SUN SECURE GOUTTES TEINTEES,2,0.7,0.09,0,no,no,2,6,2.53,MORTO
Farmacia Procaccini,984569855,"SHINE ON HSPLUS BIONDO CHI8,00",2,0.7,0.09,0,no,no,2,3,1.80,MORTO
Farmacia Procaccini,930669799,DERMOVITAMINA MICO ONICOMICOSI,2,0.7,0.09,0,si,si,17,10,2.31,vende-rete
Farmacia Procaccini,923588709,XERATOP LIPOCREMA 200ML,2,0.7,0.09,0,no,si,2,0,3.78,no-vend-7g
Farmacia Procaccini,981391410,AURIDROL GOCCE OTOLOGICHE 15ML,2,0.7,0.09,0,no,si,6,0,1.01,no-vend-7g
Farmacia Procaccini,980812578,PASTA HOFFMANN SELLA NAT 200ML,2,0.7,0.09,0,no,si,4,1,2.37,no-vend-7g
Farmacia Procaccini,972730612,BOSKIN CREMA 500ML,2,0.7,0.09,0,si,si,3,0,3.40,vende-rete
Farmacia Procaccini,951457629,ERITRIL PRO 20CPS,2,0.7,0.09,0,no,no,99,0,2.69,MORTO
Farmacia Procaccini,979383748,SODIO CLORURO 300CPS 500MG,2,0.7,0.09,0,no,si,1,0,7.68,no-vend-7g
Farmacia Procaccini,976967707,EDENIGHT UNG IPERTON HA 5G,2,0.7,0.09,0,no,si,2,0,3.60,no-vend-7g
Farmacia Procaccini,987669722,GIBAUD ORTHO WALKER BASSO TIB2,2,0.7,0.09,0,no,si,99,0,0.00,no-vend-7g
Farmacia Procaccini,986895807,KELUAL DS GEL MOUSSE DET 200ML,2,0.7,0.09,0,no,si,1,6,2.24,no-vend-7g
Farmacia Procaccini,990542971,COLESTEROLO BYE BYE T 180PAST,2,0.7,0.09,0,no,si,9,0,3.83,no-vend-7g
Farmacia Procaccini,989045707,REVEE OIL FACE&BODY 100ML,2,0.7,0.09,0,no,si,1,0,4.51,no-vend-7g
Farmacia Procaccini,935034405,EMACRIT 30CPS,2,0.7,0.09,0,si,si,23,0,3.35,vende-rete
Farmacia Procaccini,931079065,BETOTAL MIND PLUS 20BUST,2,0.7,0.09,0,no,si,5,7,1.60,no-vend-7g
Farmacia Procaccini,988669848,CORNEIAL GEL 10G,2,0.7,0.09,0,no,si,12,0,2.84,no-vend-7g
Farmacia Procaccini,035450016,DICLOREUM ACTIGEL*GEL 50G 1%,2,0.7,0.09,0,si,si,4,3,1.28,vende-rete
Farmacia Procaccini,902262500,TONIMER LAB SOFT SPRAY 125ML,2,0.7,0.09,0,no,no,99,1,3.40,MORTO
Farmacia Procaccini,903459016,FISIODERM DETERGENTE INTIMO,2,0.7,0.09,0,si,si,13,0,1.34,vende-rete
Farmacia Procaccini,952126112,PRINCIPIUM SUN BEAUTY 60CPR,2,0.7,0.09,0,no,no,5,0,3.26,MORTO
Farmacia Procaccini,978115970,AMPOULE C 30ML,2,0.7,0.09,0,no,si,5,4,4.00,no-vend-7g
Farmacia Procaccini,987383421,PELLISART 30CPR,2,0.7,0.09,0,no,no,1,0,4.01,MORTO
Farmacia Procaccini,951091762,TONIMER ISOTONIC STRONG SPRAY,2,0.7,0.09,0,si,si,1,2,2.16,vende-rete
Farmacia Procaccini,907303527,STERIMAR MN ALLERGIA NASALE,2,0.7,0.09,0,si,si,7,0,2.27,vende-rete
Farmacia Procaccini,927120283,VITAMONO EF USO ORALE 30CPS,2,0.7,0.09,0,si,si,3,0,3.74,vende-rete
Farmacia Procaccini,920015575,EAU THERMALE URIAGE 150ML,2,0.7,0.09,0,no,si,99,1,0.88,no-vend-7g
Farmacia Procaccini,951164209,MAGNESIO BISGLICINATO 60PAST,2,0.7,0.09,0,no,si,15,0,3.77,no-vend-7g
Farmacia Procaccini,935034355,EUMILL GOCCE OCULARI RINFR10ML,2,0.7,0.09,0,si,si,7,46,0.85,vende-rete
Farmacia Procaccini,984357297,VITAMONO E-PRO 30STICK ORODISP,2,0.7,0.09,0,si,si,1,0,3.91,vende-rete
Farmacia Procaccini,951365042,ANTHELIOS UVAIR SPF50+ 50ML,2,0.7,0.09,0,no,si,5,1,2.03,no-vend-7g
Farmacia Procaccini,922540455,SEBIUM GEL MOUSSANT 500ML,2,0.7,0.09,0,si,si,3,4,1.76,vende-rete
Farmacia Procaccini,921814683,OTOPROF SOL AURICOLARE 100ML,2,0.7,0.09,0,no,no,99,0,2.56,MORTO
Farmacia Procaccini,970384943,COLONLIFE 10CPR+10CPS,2,0.7,0.09,0,si,si,3,0,2.89,vende-rete
Farmacia Procaccini,927143913,RELAXINA PANIC 50CPS,2,0.7,0.09,0,no,no,1,0,7.77,MORTO
Farmacia Procaccini,926536564,CLORETRIX DETERGENTE 500ML,2,0.7,0.09,0,no,no,99,0,3.97,MORTO
Farmacia Procaccini,975067695,SEMI DI ZUCCA DECORTICATI 200G,2,0.7,0.09,0,no,no,99,0,1.61,MORTO
Farmacia Procaccini,951332840,DEFENCE COLOR GLOW KIT ILL+LIP,2,0.7,0.09,0,no,no,2,3,5.38,MORTO
Farmacia Procaccini,951376173,COLLAGENE LIQUIDO ANALCO 10FL,2,0.7,0.09,0,no,si,1,0,4.22,no-vend-7g
Farmacia Procaccini,984560882,"UREAL NM 30BUSTE 17,2G",2,0.7,0.09,0,no,no,99,0,17.70,MORTO
Farmacia Procaccini,926741758,EPITACT SPORT UNGHIE LIVIDE L,2,0.7,0.09,0,no,no,2,0,3.73,MORTO
Farmacia Procaccini,990612400,LONGLIFE METABO STIM 60CPS,2,0.7,0.09,0,no,no,99,0,5.73,MORTO
Farmacia Procaccini,945029229,SOMAT SKIN EX RASSOD CRP 200ML,2,0.7,0.09,0,no,no,2,5,4.48,MORTO
Farmacia Procaccini,951164336,SOMAT SKIN EX BODY AGE 28STICK,2,0.7,0.09,0,no,no,1,3,11.79,MORTO
Farmacia Procaccini,990001998,MULTILADY 60CPS VEGET NF,2,0.7,0.09,0,no,no,99,0,4.93,MORTO
Farmacia Procaccini,974477503,TRICORED PLUS 30CPS,2,0.7,0.09,0,no,no,2,0,3.97,MORTO
Farmacia Procaccini,973282611,VOLUMIS ELITE VISO CORPO 200ML,2,0.7,0.09,0,no,si,2,0,7.32,no-vend-7g
Farmacia Procaccini,975984598,VERTIWIN 30CPR,2,0.7,0.09,0,no,no,1,0,2.88,MORTO
Farmacia Procaccini,990085348,ARGIVIT RICARICA+ 14BUST,2,0.7,0.09,0,no,no,1,0,4.77,MORTO
Farmacia Procaccini,950965259,FILORGA XMAS COFFRET TIME 2025,2,0.7,0.09,0,no,no,5,6,19.97,MORTO
Farmacia Procaccini,974425439,KELP 300TAV,2,0.7,0.09,0,no,no,99,0,2.25,MORTO
Farmacia Procaccini,970981852,POLSIERA MANULITE S,2,0.7,0.09,0,no,no,99,0,8.56,MORTO
Farmacia Procaccini,975427360,GIBAUD CLASSIC CINT POSTOP LE6,2,0.7,0.09,0,no,no,5,0,3.95,MORTO
Farmacia Procaccini,973499852,OLIO DEL RE SPRAY NASALE 30ML,2,0.7,0.09,0,no,si,5,0,1.49,no-vend-7g
Farmacia Procaccini,990553380,EUREKOL VITREO 30CPS,2,0.7,0.09,0,no,si,5,0,2.69,no-vend-7g
Farmacia Procaccini,971655067,BARIEDERM UNGUENTO 40G,2,0.7,0.09,0,no,no,10,1,3.03,MORTO
Farmacia Procaccini,979256928,OMRON SFIGMO BRACCIO M3 COMF I,2,0.7,0.09,0,no,no,99,1,24.82,MORTO
Farmacia Procaccini,103249025,NEOFORACTIL SPRAY*250ML,2,0.7,0.09,0,no,no,2,0,1.26,MORTO
Farmacia Procaccini,989054883,GLUCOMANNANO PURO 120CPR,2,0.7,0.09,0,no,no,1,0,2.72,MORTO
Farmacia Procaccini,981254687,PIGMENTBIO FOAMING CREAM 200ML,2,0.7,0.09,0,no,no,99,2,2.46,MORTO
Farmacia Procaccini,987388535,PHOTODERM SPRAY 30+ 300ML,2,0.7,0.09,0,no,no,99,2,3.40,MORTO
Farmacia Procaccini,921232676,PESCURA HEEL ORIG BYCAST SAB40,2,0.7,0.09,0,no,no,99,0,13.11,MORTO
Farmacia Procaccini,923539670,KRIN UP ANDRO 30CPS,2,0.7,0.09,0,si,si,6,0,3.38,vende-rete
Farmacia Procaccini,990144178,SAMBUCUS NIGRA 500ML,2,0.7,0.09,0,no,no,99,0,4.57,MORTO
Farmacia Procaccini,990685618,AMARENA SOFFICE CREMA CORPO,2,0.7,0.09,0,no,no,6,5,3.57,MORTO
Farmacia Procaccini,972522849,GIBAUD ORTHO INTELLISLING 15 0,2,0.7,0.09,0,no,no,3,0,14.30,MORTO
Farmacia Procaccini,975433095,AFTER BITE CREMA NATURAL 20ML,2,0.7,0.09,0,no,no,5,19,1.36,MORTO
Farmacia Procaccini,990542843,CLEARBLUE TEST GRAVIDANZA 3PZ,2,0.7,0.09,0,no,no,1,0,2.21,MORTO
Farmacia Procaccini,989869072,DEO PRO ACTIVE ROLL 50G PROMO,2,0.7,0.09,0,no,no,1,3,1.22,MORTO
Farmacia Procaccini,034936171,FLUIMUCIL MUCOL*10CPR EFF600MG,2,0.7,0.09,0,si,si,99,2,2.14,vende-rete
Farmacia Procaccini,951361056,BONASE VIS 20STICK,2,0.7,0.09,0,no,no,4,0,5.54,MORTO
Farmacia Procaccini,982461143,DENSITIUM ROSE ECLAT RENO 50ML,2,0.7,0.09,0,no,no,3,0,5.24,MORTO
Farmacia Procaccini,943245290,EUPH FILLER CR LEVIGANTE,2,0.7,0.09,0,no,no,99,3,5.48,MORTO
Farmacia Procaccini,904560428,QUILENE GEL 50ML,2,0.7,0.09,0,no,no,3,0,2.95,MORTO
Farmacia Procaccini,977367150,IRIS COLLEZIONE PROFUMI 15ML,2,0.7,0.09,0,no,no,12,5,4.85,MORTO
Farmacia Procaccini,903570113,SERENITY PANN SAG MAXI 30PZ,2,0.7,0.09,0,no,no,99,0,3.44,MORTO
Farmacia Procaccini,982592964,COCCO BAGNOCREMA 100ML,2,0.7,0.09,0,no,no,8,3,2.70,MORTO
Farmacia Procaccini,951305147,VINOSUN OLIO SOLARE ABBR SPF50,2,0.7,0.09,0,no,no,12,21,7.92,MORTO
Farmacia Procaccini,104687177,VECTRA 3D*3PIP 25-40KG VIOLA,2,0.7,0.09,0,no,si,1,0,3.77,no-vend-7g
Farmacia Procaccini,989633805,ANTHELIOS LATTE UVMUNE 150ML,2,0.7,0.09,0,no,no,3,4,2.12,MORTO
Farmacia Procaccini,951677614,PHYSIOMANCE SUGARLESS 30CPS,2,0.7,0.09,0,si,si,5,0,3.88,vende-rete
Farmacia Procaccini,906093758,BIOGEL CAPPUCCIO PIC BLIST 1PZ,2,0.7,0.09,0,no,no,99,0,1.60,MORTO
Farmacia Procaccini,983175377,SHOULDERCROSS ORTESI SPAL DX L,2,0.7,0.09,0,no,no,99,0,21.98,MORTO
Farmacia Procaccini,950921231,MYODESONORM 30BUST,2,0.7,0.09,0,no,si,1,0,6.20,no-vend-7g
Farmacia Procaccini,951210677,SAUBER DEOACTIVE CREMA 35ML,2,0.7,0.09,0,no,no,99,0,1.40,MORTO
Farmacia Procaccini,902224258,GOMITIERA ELASTICA 2085 M OPPO,2,0.7,0.09,0,no,no,3,0,2.13,MORTO
Farmacia Procaccini,985991924,ALIMENTAZIONE DED MIX PANE500G,2,0.7,0.09,0,no,no,99,0,0.99,MORTO
Farmacia Procaccini,989669849,DEFENCE SUN 50+ BB&KID SPRAY,2,0.7,0.09,0,no,si,9,13,3.40,no-vend-7g
Farmacia Procaccini,983383035,SIG DELILAH 140 FLAT AT P SKI5,2,0.7,0.09,0,no,no,2,0,4.61,MORTO
Farmacia Procaccini,972379008,DIGER AID ENZYMATIC 20CPR,2,0.7,0.09,0,no,no,99,0,2.03,MORTO
Farmacia Procaccini,978401370,YAMAMOTO R ASHWAGANDHA 30CPS,2,0.7,0.09,0,no,no,3,0,2.06,MORTO
Farmacia Procaccini,987867607,ZREEN Q10 UBIQUINOLO 100ML,2,0.7,0.09,0,no,no,2,0,10.32,MORTO
Farmacia Procaccini,982733661,REVEE SCAR GEL 60G,2,0.7,0.09,0,no,no,1,0,14.07,MORTO
Farmacia Procaccini,978306215,DIGIFORM + TUT POLSO/DITA M,2,0.7,0.09,0,no,no,2,0,16.89,MORTO
Farmacia Procaccini,025669348,MOMENT*OS SOSP 8BUST 200MG,2,0.7,0.09,0,si,si,3,12,2.06,vende-rete
Farmacia Procaccini,908618111,GIO' MUTANDINA CORRETTIVA 2,2,0.7,0.09,0,no,no,1,0,6.82,MORTO
Farmacia Procaccini,932776418,CORACTIV 50PRL,2,0.7,0.09,0,no,si,15,0,2.63,no-vend-7g
Farmacia Procaccini,901698062,SUPPORTAN DRINK CAPP 4FL 200ML,2,0.7,0.09,0,no,no,11,0,2.30,MORTO
Farmacia Procaccini,041174020,RINAZINA ANTIAL*SPRAY NAS 10ML,2,0.7,0.09,0,no,no,11,26,1.44,MORTO
Farmacia Procaccini,975062908,TRIS NAC 120ML,2,0.7,0.09,0,no,si,2,0,2.44,no-vend-7g
Farmacia Procaccini,987401243,DT OIL CONTROL SHAMPOO 200ML,2,0.7,0.09,0,no,si,5,2,1.65,no-vend-7g
Farmacia Procaccini,927288050,SENSINOL LAT CRP 200ML DUCRAY,2,0.7,0.09,0,no,no,2,1,2.45,MORTO
Farmacia Procaccini,938458650,ANGIOPLUS OFTA 30CPS,2,0.7,0.09,0,si,si,1,0,3.48,vende-rete
Farmacia Procaccini,951175557,PHYSIOMANCE MENOMODUL 60CPR,2,0.7,0.09,0,si,si,3,0,5.86,vende-rete
Farmacia Procaccini,947073894,RILASTIL SUN SYS D CLAR L 50+,2,0.7,0.09,0,no,si,1,1,2.24,no-vend-7g
Farmacia Procaccini,971621964,CONNETTIVINABIO CREMA 25G,2,0.7,0.09,0,si,si,18,18,1.13,vende-rete
Farmacia Procaccini,980445858,SENSIBIO GEL MOUSSANT 100ML,2,0.7,0.09,0,no,si,1,4,1.31,no-vend-7g
Farmacia Procaccini,951059043,VIDERMINA INTIMA 500ML NF SP,2,0.7,0.09,0,si,si,1,10,1.68,vende-rete
Farmacia Procaccini,951306238,PSIPROTO MAMMA 30BUST,2,0.7,0.09,0,no,si,2,0,3.63,no-vend-7g
Farmacia Procaccini,980458451,OROZYME CANINE STR ENZ MASTI S,2,0.7,0.09,0,no,si,2,0,1.54,no-vend-7g
Farmacia Procaccini,989404684,LIPIKAR GEL UREA 30%,2,0.7,0.09,0,si,si,3,1,2.18,vende-rete
Farmacia Procaccini,983373996,PHOTODERM SPOT AGE 40ML,2,0.7,0.09,0,no,no,1,6,2.09,MORTO
Farmacia Procaccini,970373231,ELMEX SENSITIVE PROF RIPA&PREV,2,0.7,0.09,0,si,si,4,10,0.67,vende-rete
Farmacia Procaccini,990685632,AMARENA BAGNOSCHIUMA 100ML,2,0.7,0.09,0,no,no,8,5,2.37,MORTO
Farmacia Procaccini,905624452,RESURGEN 60PRL,2,0.7,0.09,0,si,si,3,0,2.86,vende-rete
Farmacia Procaccini,933320640,MELLIS BETA SHAMPOO 200ML,2,0.7,0.09,0,si,si,28,0,0.38,vende-rete
Farmacia Procaccini,904012960,MELCALIN VITA 1150G,2,0.7,0.09,0,no,si,4,0,4.00,no-vend-7g
Farmacia Procaccini,987867761,ZREEN VITAMINA D3 5000 50ML,2,0.7,0.09,0,si,si,1,0,3.55,vende-rete
Farmacia Procaccini,900098536,ESSENI OLIO DEGLI ESSENI 500ML,2,0.7,0.09,0,no,no,2,0,5.88,MORTO
Farmacia Procaccini,951380967,LINES SPEC PANTS EX UNI L 7PZ,2,0.7,0.09,0,no,si,1,0,1.25,no-vend-7g
Farmacia Procaccini,935941649,NEPRIGYN 30CPR,2,0.7,0.09,0,no,no,99,0,3.16,MORTO
Farmacia Procaccini,902092156,SECURDRAIN VIA SACCA UR750 T35,2,0.7,0.09,0,no,no,99,0,2.95,MORTO
Farmacia Procaccini,950965309,DONNA SANA 100PAST,2,0.7,0.09,0,si,si,2,0,2.92,vende-rete
Farmacia Procaccini,985495706,COBALIN 60CPS,2,0.7,0.09,0,si,si,3,0,4.62,vende-rete
Farmacia Procaccini,906496928,PROXEED NF 20BUST,2,0.7,0.09,0,no,si,3,0,4.82,no-vend-7g
Farmacia Procaccini,942859149,HEPATIKRILL CANI E GATTI 30PRL,2,0.7,0.09,0,si,si,4,0,4.04,vende-rete
Farmacia Procaccini,913498364,R&R NOBILI RISO C/YOGURT 250G,2,0.7,0.09,0,no,no,99,0,0.00,MORTO
Farmacia Procaccini,952099950,EUPHIDRA PALETTE SMOOK TOT MAR,2,0.7,0.09,0,no,no,1,1,2.48,MORTO
Farmacia Procaccini,931096236,FARMACTIVE SILVER SPR ARGENTO,2,0.7,0.09,0,si,si,2,0,0.81,vende-rete
Farmacia Procaccini,939483968,NORMOSPOR 20CPR 1G,2,0.7,0.09,0,no,si,5,0,3.01,no-vend-7g
Farmacia Procaccini,924531155,IDEAL SOLEIL SPRAY INVISIBLE50,2,0.7,0.09,0,si,si,2,3,2.49,vende-rete
Farmacia Procaccini,043786033,TANTUM VERDE NASO CHIUSO*15ML,2,0.7,0.09,0,si,si,99,0,6.98,vende-rete
Farmacia Procaccini,926231883,ANTHELIOS SPRAY INVISIBILE 50+,2,0.7,0.09,0,si,si,14,3,1.67,vende-rete
Farmacia Procaccini,937363012,GINEPRO NERO LOZIONE DOPOBARBA,2,0.7,0.09,0,no,si,8,5,7.43,no-vend-7g
Farmacia Procaccini,949892261,OMOMIND 20CPR,2,0.7,0.09,0,si,si,2,0,3.75,vende-rete
Farmacia Procaccini,952054043,VAGISIL GEL ANTI SFREGAMENTO,2,0.7,0.09,0,no,no,6,0,1.67,MORTO
Farmacia Procaccini,949898148,SOLE BIMBI LATTE DOPOSOLE150ML,2,0.7,0.09,0,no,si,1,0,2.24,no-vend-7g
Farmacia Procaccini,942820515,BARIATRIFAST 30CPR,2,0.7,0.09,0,si,si,14,0,2.51,vende-rete
Farmacia Procaccini,938656966,MULTICENTRUM SELECT 50+ 30CPR,2,0.7,0.09,0,si,si,2,3,2.48,vende-rete
Farmacia Procaccini,990149837,SPACCAPIETRA 180PAST,2,0.7,0.09,0,no,si,5,0,4.71,no-vend-7g
Farmacia Procaccini,987437249,POLASE ARANCIA 24BUST PROMO,2,0.7,0.09,0,si,si,31,23,1.14,vende-rete
Farmacia Procaccini,951372491,NUXE TROUSSE VOYAGE RDM 2026,2,0.7,0.09,0,no,no,4,1,2.92,MORTO
Farmacia Procaccini,926420973,POLICALM CREMA 150ML CE,2,0.7,0.09,0,no,no,7,0,4.70,MORTO
Farmacia Procaccini,990564320,REUFIBER 250G,2,0.7,0.09,0,si,si,1,0,2.25,vende-rete
Farmacia Procaccini,925942346,CLINNIX CREMA SMAGLIATURE300ML,2,0.7,0.09,0,no,no,6,0,5.14,MORTO
Farmacia Procaccini,983763057,DEFENCE COLOR PERFECT LINER,2,0.7,0.09,0,no,no,99,2,4.71,MORTO
Farmacia Procaccini,970540377,BIONIKE SHINE ON BALSAMO 200ML,2,0.7,0.09,0,si,si,1,0,2.47,vende-rete
Farmacia Procaccini,988830131,ASSENZIO DEOCREMA 50ML,2,0.7,0.09,0,no,si,7,4,3.33,no-vend-7g
Farmacia Procaccini,990521890,MUSTELA BIPACK PASTA CAMBIO,2,0.7,0.09,0,no,si,1,6,2.48,no-vend-7g
Farmacia Procaccini,982947347,NUXE SUN LAIT SPF50 150ML,2,0.7,0.09,0,no,si,1,4,2.53,no-vend-7g
Farmacia Procaccini,951187754,AGARCID GEL DETERGENTE IGIEN,2,0.7,0.09,0,no,no,2,0,2.60,MORTO
Farmacia Procaccini,986857326,CERAVE SIERO IDRAT ACIDO IALUR,2,0.7,0.09,0,no,no,3,3,2.70,MORTO
Farmacia Procaccini,978476669,VITREOMAX 20BUST,2,0.7,0.09,0,si,si,2,0,2.64,vende-rete
Farmacia Procaccini,947089835,UROGERMIN PROSTATA 60SOFTGEL,2,0.7,0.09,0,si,si,5,4,2.40,vende-rete
Farmacia Procaccini,013868031,PROCTOSEDYL*CREMA RETT 20G,2,0.7,0.09,0,si,si,99,0,1.95,vende-rete
Farmacia Procaccini,925856357,TRANSITO INTESTINALE 60CPS,2,0.7,0.09,0,no,no,99,0,2.06,MORTO
Farmacia Procaccini,902985845,FIBRA PET 50CPR,2,0.7,0.09,0,no,si,17,0,4.24,no-vend-7g
Farmacia Procaccini,022816122,SOMATOLINE*GEL 30BUST 10G,2,0.7,0.09,0,no,si,4,0,-0.89,no-vend-7g
Farmacia Procaccini,975427459,FISIOCHAMBER VISION PLUS BOCC,2,0.7,0.09,0,no,si,3,0,3.16,no-vend-7g
Farmacia Procaccini,973145889,ELMEX PROTEZIONE CARIE 2X75ML,2,0.7,0.09,0,no,si,16,11,0.94,no-vend-7g
Farmacia Procaccini,944959206,MULTI 45 50CPR,2,0.7,0.09,0,no,no,5,0,1.74,MORTO
Farmacia Procaccini,906604273,LONGLIFE BIOFLAVONOIDS PL60TAV,2,0.7,0.09,0,si,si,4,0,2.39,vende-rete
Farmacia Procaccini,951564196,DERCOS TECHNIQUE SH A/FORF GR,2,0.7,0.09,0,no,si,1,1,8.29,no-vend-7g
Farmacia Procaccini,987055872,COLLIRIO ALFA IDRATANTE 10ML,2,0.7,0.09,0,no,si,4,37,1.08,no-vend-7g
Farmacia Procaccini,931565687,D-MANNORO 30BUST,2,0.7,0.09,0,si,si,3,0,3.73,vende-rete
Farmacia Procaccini,937480198,ALIPOV 20CPR,2,0.7,0.09,0,si,si,1,0,2.68,vende-rete
Farmacia Procaccini,972050874,DUREX INTENSE ORGASMIC GEL,2,0.7,0.09,0,no,si,3,3,2.07,no-vend-7g
Farmacia Procaccini,934902952,CERAMOL BASE LAVANTE SCH 400ML,2,0.7,0.09,0,si,si,5,0,1.94,vende-rete
Farmacia Procaccini,947073565,RUDRADOL 20CPR,2,0.7,0.09,0,no,si,3,0,3.52,no-vend-7g
Farmacia Procaccini,931085411,VISCRIN 20CPR,2,0.7,0.09,0,si,si,5,0,2.57,vende-rete
Farmacia Procaccini,025519051,"MAG 2*20CPR EFF 2,25G",2,0.7,0.09,0,no,si,2,24,2.07,no-vend-7g
Farmacia Procaccini,951867670,"REMEND 0,75 3ML",2,0.7,0.09,0,si,si,3,0,3.43,vende-rete
Farmacia Procaccini,920891607,EAU DE PHILAE EDT 100ML,2,0.7,0.09,0,no,si,9,0,3.13,no-vend-7g
Farmacia Procaccini,909272609,Vitamindermina Polv Ment 100g,2,0.7,0.09,0,no,no,2,7,3.82,MORTO
Farmacia Procaccini,950309310,IALOZON BLU DENTIFRICIO 100ML,2,0.7,0.09,0,si,si,12,0,1.23,vende-rete
Farmacia Procaccini,911033280,MEPILEX LITE MEDIC 10X10CM 5PZ,2,0.7,0.09,0,no,si,1,0,2.83,no-vend-7g
Farmacia Procaccini,912283660,SENSIBIO LATTE 250ML,2,0.7,0.09,0,no,no,99,0,0.00,MORTO
Farmacia Procaccini,987419052,PURO GOCCE OCULARI 10ML,2,0.7,0.09,0,si,si,2,0,2.55,vende-rete
Farmacia Procaccini,974058176,RIVESCAL SHAMPOO DEL CANOVA,2,0.7,0.09,0,no,si,7,0,3.42,no-vend-7g
Farmacia Procaccini,951200880,FULLMAG FORTE 20CPR,2,0.7,0.09,0,si,si,9,0,2.83,vende-rete
Farmacia Procaccini,979368432,"CONTROL NATURE 2,0 6PZ",2,0.7,0.09,0,no,no,99,2,1.26,MORTO
Farmacia Procaccini,926744107,ALOE-SY GUSTO FRUTTA 1000ML,2,0.7,0.09,0,si,si,4,0,2.05,vende-rete
Farmacia Procaccini,906979291,VITAMINA B12 1000 MCG SUBL,2,0.7,0.09,0,no,si,1,0,3.36,no-vend-7g
Farmacia Procaccini,930880202,ALKAVITAL 250G,2,0.7,0.09,0,si,si,1,0,2.26,vende-rete
Farmacia Procaccini,902666635,STOMODINE LP GEL GENGIVE 50ML,2,0.7,0.09,0,no,no,99,0,2.30,MORTO
Farmacia Procaccini,023703010,MECLON*10 OVULI VAG 100+500MG,2,0.7,0.09,0,si,si,99,21,4.13,vende-rete
Farmacia Procaccini,980406639,MAGNESIO SUPREMO NOTTE REL150G,2,0.7,0.09,0,si,si,99,3,2.99,vende-rete
Farmacia Procaccini,940560182,FOSFORESTART 12BUST,2,0.7,0.09,0,si,si,1,0,3.14,vende-rete
Farmacia Procaccini,979413832,ATODERM INTENSIVE BAUME 500ML,2,0.7,0.09,0,no,si,5,12,3.04,no-vend-7g
Farmacia Procaccini,902235353,STERIMAR NASO SENSIBILE SPRAY,2,0.7,0.09,0,no,si,3,0,1.77,no-vend-7g
Farmacia Procaccini,931015046,BOLO VIA 20BOCCONCINI,2,0.7,0.09,0,no,si,3,0,1.83,no-vend-7g
Farmacia Procaccini,973292980,BIONIKE DEFENCE HAIR SH SEBORE,2,0.7,0.09,0,no,si,1,7,1.28,no-vend-7g
Farmacia Procaccini,931114298,VEA MINILIPOGEL IDR PROT 10ML,2,0.7,0.09,0,si,si,11,3,1.86,vende-rete
Farmacia Procaccini,104836022,EFFIPRO DUO*4PIP 1-6KG GATTI,2,0.7,0.09,0,no,si,4,0,3.43,no-vend-7g
Farmacia Procaccini,978837437,CS ACQUA SOLARE IDRAT SPF50,2,0.7,0.09,0,no,si,2,3,1.56,no-vend-7g
Farmacia Procaccini,980911287,SUN SECURE CREME SPF50+ NF50ML,2,0.7,0.09,0,no,si,11,8,2.25,no-vend-7g
Farmacia Procaccini,944099769,IDRASTIN DETERGENTE STRUCCANTE,1,0.3,0.05,0,no,no,3,0,2.93,MORTO
Farmacia Procaccini,912256082,KRIN UP SHAMPOO ANTICADUTA,1,0.3,0.05,0,no,si,2,0,2.30,no-vend-7g
Farmacia Procaccini,977021916,KLORANE CREMA SUBLIMAT DOPOS,1,0.3,0.05,0,no,si,2,1,2.32,no-vend-7g
Farmacia Procaccini,950851055,PROAURIS GOCCE AURICOLARI CANI,1,0.3,0.05,0,no,si,2,0,3.25,no-vend-7g
Farmacia Procaccini,985670645,AUSILIUM CREMA 15BUST,1,0.3,0.05,0,si,si,1,0,2.33,vende-rete
Farmacia Procaccini,971393917,B-VITAL TOTALE 30CPR RIVESTITE,1,0.3,0.05,0,si,si,34,0,3.43,vende-rete
Farmacia Procaccini,950086076,EUCERIN SUN ACTINIC CONTROL NF,1,0.3,0.05,0,si,si,16,0,3.74,vende-rete
Farmacia Procaccini,951365168,ANTHELIOS UVSPORT GEL-CR 200ML,1,0.3,0.05,0,si,si,3,7,2.50,vende-rete
Farmacia Procaccini,952120018,ORALB IO2 SPIDERMAN TRAVEL,1,0.3,0.05,0,no,si,99,2,8.15,no-vend-7g
Farmacia Procaccini,934036791,AUSILIUM NAC 14FL 10ML,1,0.3,0.05,0,no,si,2,0,3.60,no-vend-7g
Farmacia Procaccini,913205314,ELICRYSO OLIO DET INTIMO 100ML,1,0.3,0.05,0,no,si,4,0,2.02,no-vend-7g
Farmacia Procaccini,988909988,DARFAX TEND 28BUST,1,0.3,0.05,0,si,si,14,0,2.69,vende-rete
Farmacia Procaccini,940274741,LACTIPLUS DLR 30CPS VEGETALI,1,0.3,0.05,0,si,si,11,0,4.17,vende-rete
Farmacia Procaccini,900122767,BIOMINERAL DONNA 30CPR,1,0.3,0.05,0,si,si,3,6,1.81,vende-rete
Farmacia Procaccini,973293145,FIXOMULL STRETCH M10X10CM,1,0.3,0.05,0,no,si,1,0,6.47,no-vend-7g
Farmacia Procaccini,931852178,OZONIA 15 LIPOGEL OZONO 35ML,1,0.3,0.05,0,no,si,7,0,3.56,no-vend-7g
Farmacia Procaccini,985818994,CERAVE CREMA VISO IDRAT SPF30,1,0.3,0.05,0,si,si,15,5,1.68,vende-rete
Farmacia Procaccini,941577912,ENOXOFTAL SOLUZIONE OFTALMICA,1,0.3,0.05,0,no,si,20,0,2.90,no-vend-7g
Farmacia Procaccini,923301574,XERASE OLIO DETERGENTE 500ML,1,0.3,0.05,0,si,si,2,0,3.61,vende-rete
Farmacia Procaccini,980519019,MULTIVITAMINE&MINERALI50+30CPR,1,0.3,0.05,0,no,si,99,0,2.61,no-vend-7g
Farmacia Procaccini,982501468,ARTISALUS ACT FORTE PLUS 60CPS,1,0.3,0.05,0,si,si,7,0,1.63,vende-rete
Farmacia Procaccini,932178371,INTERPROX PLUS NANO ROSA 6PZ,1,0.3,0.05,0,no,si,6,0,0.89,no-vend-7g
Farmacia Procaccini,934975133,FILME NASALE OLIO 20ML,1,0.3,0.05,0,si,si,6,2,2.80,vende-rete
Farmacia Procaccini,976836193,POLSIERA STECCATA AMBID DL21 S,1,0.3,0.05,0,no,si,1,0,5.60,no-vend-7g
Farmacia Procaccini,925596898,APROPOS FLUPROTECT EFF C 20CPR,1,0.3,0.05,0,no,si,2,9,1.17,no-vend-7g
Farmacia Procaccini,951125451,SEBIUM KERATO+ BODY 150ML,1,0.3,0.05,0,no,si,1,5,2.91,no-vend-7g
Farmacia Procaccini,986864534,NUTILIS AQUA GEL MELA 4PZ,1,0.3,0.05,0,si,si,99,0,1.17,vende-rete
Farmacia Procaccini,907146777,COLESTAT 30CPS,1,0.3,0.05,0,si,si,22,0,5.72,vende-rete
Farmacia Procaccini,931029110,ERGYDESMODIUM 250ML,1,0.3,0.05,0,si,si,21,0,2.72,vende-rete
Farmacia Procaccini,940555651,ARNICA VITI GEL 90% 200ML,1,0.3,0.05,0,si,si,2,0,2.74,vende-rete
Farmacia Procaccini,978267843,MATT PHARMA SERENOA PROST20CPS,1,0.3,0.05,0,si,si,3,0,1.60,vende-rete
Farmacia Procaccini,927385219,CONVEEN OPTIMA GUAINA 28MM 30P,1,0.3,0.05,0,si,si,99,0,0.00,vende-rete
Farmacia Procaccini,940562907,DERMAFRESH 24H P/NORM ROLL50ML,1,0.3,0.05,0,no,si,2,7,0.80,no-vend-7g
Farmacia Procaccini,975454986,CONNETTIVINASILVER PLUS SPRAY,1,0.3,0.05,0,no,si,11,2,1.45,no-vend-7g
Farmacia Procaccini,933462184,VIRIPROST 30PRL,1,0.3,0.05,0,no,si,13,0,2.51,no-vend-7g
Farmacia Procaccini,972778169,KRIN UP MELANINE 60CPS,1,0.3,0.05,0,si,si,6,0,7.10,vende-rete
Farmacia Procaccini,970985519,HAIRGEN SHAMPOO 300ML,1,0.3,0.05,0,si,si,2,0,3.47,vende-rete
Farmacia Procaccini,906701180,BASOSYN PLUS 120CPR,1,0.3,0.05,0,no,si,1,0,2.96,no-vend-7g
Farmacia Procaccini,950010722,ZEONAM MED 100CPS,1,0.3,0.05,0,no,si,3,0,10.84,no-vend-7g
Farmacia Procaccini,931504462,DEPI 50+ CANOVA CREMA 50ML,1,0.3,0.05,0,si,si,12,0,6.67,vende-rete
Farmacia Procaccini,935057505,"BIOKAP NUTRICDEL 6,06 BIO SAV",1,0.3,0.05,0,si,si,99,0,0.00,vende-rete
Farmacia Procaccini,989348937,ENDOMETRIX 30CPS,1,0.3,0.05,0,si,si,1,0,4.43,vende-rete
Farmacia Procaccini,905897652,MEDILEN IPER CREMA 50ML,1,0.3,0.05,0,si,si,7,0,2.39,vende-rete
Farmacia Procaccini,903035160,RESURGEN 100ML,1,0.3,0.05,0,no,si,5,0,2.88,no-vend-7g
Farmacia Procaccini,951565682,CORNEANORM GOCCE OCULARI 10ML,1,0.3,0.05,0,no,si,8,0,4.77,no-vend-7g
Farmacia Procaccini,032040014,COLLIRIO ALFA OCCHIO SEC*20FL,1,0.3,0.05,0,si,si,19,2,1.81,vende-rete
Farmacia Procaccini,909376624,UNDECIN A DETERGENTE 200ML,1,0.3,0.05,0,si,si,15,0,2.49,vende-rete
Farmacia Procaccini,944841055,LONGLIFE MORINGA BIO 100CPS VE,1,0.3,0.05,0,no,si,2,0,1.91,no-vend-7g
Farmacia Procaccini,970939928,DRENADROPS SOL IAL 100ML,1,0.3,0.05,0,no,si,3,0,3.57,no-vend-7g
Farmacia Procaccini,023907013,BETADINE*SOLUZ VAG 125ML 10%,1,0.3,0.05,0,no,si,99,1,1.48,no-vend-7g
Farmacia Procaccini,951086432,LIBICARE MENO 60CPS,1,0.3,0.05,0,si,si,8,0,4.53,vende-rete
Farmacia Procaccini,978867909,LIMBICA 14BUST,1,0.3,0.05,0,si,si,2,0,3.00,vende-rete
Farmacia Procaccini,940883352,BIOLIFTAN GEL MASK 50ML,1,0.3,0.05,0,si,si,4,0,4.12,vende-rete
Farmacia Procaccini,990404701,NUXE RDM GOLD HONEY LIPCARE,1,0.3,0.05,0,no,si,4,6,1.65,no-vend-7g
Farmacia Procaccini,981448968,EXOMEGA CONTROL GEL 2IN1 200ML,1,0.3,0.05,0,no,si,99,0,2.24,no-vend-7g
Farmacia Procaccini,980287080,DEFENCE HAIR SHAMPOO SEC PURIF,1,0.3,0.05,0,no,si,2,4,1.07,no-vend-7g
Farmacia Procaccini,950837207,KIJIMEA K53 ADVANCE 20CPS,1,0.3,0.05,0,si,si,9,0,3.61,vende-rete
Farmacia Procaccini,923588192,REALSIL 40CPS,1,0.3,0.05,0,si,si,21,0,1.54,vende-rete
Farmacia Procaccini,971299944,PERIO AID INTENSIVE CARE GEL,1,0.3,0.05,0,no,si,2,0,1.00,no-vend-7g
Farmacia Procaccini,951161710,DIURICELL STICK FRUT BOSCO20BU,1,0.3,0.05,0,si,si,99,0,0.00,vende-rete
Farmacia Procaccini,923360364,NEVERTIN 15CPS,1,0.3,0.05,0,no,si,1,0,2.32,no-vend-7g
Farmacia Procaccini,980448649,RETINOL B3 SIERO 30ML,1,0.3,0.05,0,no,si,15,3,6.48,no-vend-7g
Farmacia Procaccini,990460545,GASTRIK PET SOSPENSIONE 60ML,1,0.3,0.05,0,no,si,19,0,4.52,no-vend-7g
Farmacia Procaccini,025647013,TROSYD*CREMA DERM 30G 1%,1,0.3,0.05,0,no,si,4,15,1.57,no-vend-7g
Farmacia Procaccini,951375613,LIPALT PLUS 20CPR,1,0.3,0.05,0,si,si,20,0,3.62,vende-rete
Farmacia Procaccini,950456347,SPIRIAL DEO DOUCHE REFILL400ML,1,0.3,0.05,0,no,si,1,2,3.11,no-vend-7g
Farmacia Procaccini,977366842,MARKEUTICALS VOLUMEX SH 200ML,1,0.3,0.05,0,no,si,2,0,3.46,no-vend-7g
Farmacia Procaccini,971968134,DEODORANTE MINERAL AEROSOL,1,0.3,0.05,0,no,si,1,3,1.63,no-vend-7g
Farmacia Procaccini,023356025,DAFLON*30CPR RIV 500MG,1,0.3,0.05,0,si,si,25,79,3.12,vende-rete
Farmacia Procaccini,941585477,ESAPROST 30CPS,1,0.3,0.05,0,no,si,6,0,4.43,no-vend-7g
Farmacia Procaccini,920590736,TIOMOUSSE SCHIUMA 75ML,1,0.3,0.05,0,si,si,5,0,2.08,vende-rete
Farmacia Procaccini,950150540,BIOSCALIN MENOPAUSA 90CPR,1,0.3,0.05,0,no,si,24,0,9.32,no-vend-7g
Farmacia Procaccini,930501996,TRAUMI FANGO MINERALE 5BUST,1,0.3,0.05,0,si,si,6,0,6.04,vende-rete
Farmacia Procaccini,950612349,FAVE DI FUCA CLASSICO 90CPR,1,0.3,0.05,0,no,si,4,2,2.93,no-vend-7g
Farmacia Procaccini,973500729,SOMAT SKIN EX SNEL 7NTT G400ML,1,0.3,0.05,0,si,si,5,0,7.01,vende-rete
Farmacia Procaccini,943327231,EUPHIDRA DEO ROLL ON SUD INTEN,1,0.3,0.05,0,si,si,4,2,0.93,vende-rete
Farmacia Procaccini,951150022,DIKIROGEN ZERO 30CPR,1,0.3,0.05,0,si,si,3,0,2.69,vende-rete
Farmacia Procaccini,973338914,ANAFLOS FORTE 20CPR,1,0.3,0.05,0,no,si,3,0,3.18,no-vend-7g
Farmacia Procaccini,972260614,RIGEAVIT 30CPR,1,0.3,0.05,0,no,si,8,0,2.21,no-vend-7g
Farmacia Procaccini,983697741,VICHY HOMME DEO CC 96H ROLL 50,1,0.3,0.05,0,si,si,5,6,1.36,vende-rete
Farmacia Procaccini,987167071,BETOTAL B FASE 20CPR,1,0.3,0.05,0,si,si,19,7,3.69,vende-rete
Farmacia Procaccini,938777695,DIMANN DAILY 100CPR,1,0.3,0.05,0,si,si,1,0,5.37,vende-rete
Farmacia Procaccini,923022735,CERAMOL BETA PASTA ALL'ACQUA,1,0.3,0.05,0,no,si,11,0,3.10,no-vend-7g
Farmacia Procaccini,930494152,SAUGELLA ATTIVA DET 500ML,1,0.3,0.05,0,si,si,9,11,1.71,vende-rete
Farmacia Procaccini,933870014,MELURESIO 14BUST,1,0.3,0.05,0,si,si,13,0,3.16,vende-rete
Farmacia Procaccini,980121899,COLLARE CERVICALE BIV VISTA,1,0.3,0.05,0,no,si,1,0,12.68,no-vend-7g
Farmacia Procaccini,986464826,BIOKILL PIRETRO NATURALE 1L,1,0.3,0.05,0,no,si,2,0,7.63,no-vend-7g
Farmacia Procaccini,986967521,XAMAMINA REFLUSSO 25BUST,1,0.3,0.05,0,si,si,20,3,2.59,vende-rete
Farmacia Procaccini,950456362,SPIRIAL ROLL ON REFILL 50ML,1,0.3,0.05,0,no,si,2,3,1.81,no-vend-7g
Farmacia Procaccini,931524615,PIROFER FORTE 30CPR,1,0.3,0.05,0,no,si,11,0,2.97,no-vend-7g
Farmacia Procaccini,980770299,GIBAUD ORTHO LOMBOGIB LADY21 1,1,0.3,0.05,0,no,si,5,0,8.79,no-vend-7g
Farmacia Procaccini,924873247,NKLIFE AHCC 60CPS,1,0.3,0.05,0,si,si,8,0,5.84,vende-rete
Farmacia Procaccini,944950221,SKINPROJECT HYAL GEL COMPLEX,1,0.3,0.05,0,no,si,2,0,4.81,no-vend-7g
Farmacia Procaccini,922364068,DERCOS SHAMPO ANTIFORF SENSITI,1,0.3,0.05,0,si,si,99,13,3.02,vende-rete
Farmacia Procaccini,979370436,SELTIR 600 30CPS,1,0.3,0.05,0,si,si,1,0,3.19,vende-rete
Farmacia Procaccini,984632644,ROSA CANINA ESTR INTE TIT 500G,1,0.3,0.05,0,no,si,6,0,7.08,no-vend-7g
Farmacia Procaccini,951992142,VERSET VALERIA 50ML 25,1,0.3,0.05,0,no,si,10,0,2.66,no-vend-7g
Farmacia Procaccini,902685991,TETRAFLOR 60CPR,1,0.3,0.05,0,si,si,99,0,0.00,vende-rete
Farmacia Procaccini,926589452,MELATONINA DISPERT 120CPR,1,0.3,0.05,0,si,si,33,11,7.19,vende-rete
Farmacia Procaccini,985823741,FERRO IBSA 20FILM ORODISPERSIB,1,0.3,0.05,0,si,si,99,29,3.82,vende-rete
Farmacia Procaccini,986173250,SENSODYNE SENS&GUM ACT/PROT,1,0.3,0.05,0,no,si,6,0,1.10,no-vend-7g
Farmacia Procaccini,904734264,FIDREN POLVERE 100G,1,0.3,0.05,0,no,si,9,0,2.10,no-vend-7g
Farmacia Procaccini,980192177,ACULIPON 600 30CPS,1,0.3,0.05,0,no,si,1,0,4.39,no-vend-7g
Farmacia Procaccini,951223686,ASTAXANTINA 120PAST HEMATOCOCC,1,0.3,0.05,0,si,si,6,0,4.40,vende-rete
Farmacia Procaccini,906038664,SANOTINT LIGHT BION SCU DOR 77,1,0.3,0.05,0,no,si,6,0,1.39,no-vend-7g
Farmacia Procaccini,934408624,BIOMINERAL ONE LACTO PLUS30CPR,1,0.3,0.05,0,si,si,6,5,2.19,vende-rete
Farmacia Procaccini,951336193,LACTOFLORENE BIMBI 12FL,1,0.3,0.05,0,si,si,4,23,1.10,vende-rete
Farmacia Procaccini,975937715,VEMAG GASTRO 20STICK,1,0.3,0.05,0,no,si,6,0,2.97,no-vend-7g
Farmacia Procaccini,950991923,GLIALIA SOSPENSIONE ORAL20BUST,1,0.3,0.05,0,si,si,5,0,3.84,vende-rete
Farmacia Procaccini,947101224,DIFENSIL FLU SPRAY NASO 30ML,1,0.3,0.05,0,no,si,1,11,1.68,no-vend-7g
Farmacia Procaccini,951313030,MINERALVIS 150PAST,1,0.3,0.05,0,no,si,5,0,4.02,no-vend-7g
Farmacia Procaccini,983039924,AVENE SOL CREMA SPF50+ 50ML,1,0.3,0.05,0,si,si,4,1,1.74,vende-rete
Farmacia Procaccini,924124391,"CICAPLAST LEVRES 7,5ML",1,0.3,0.05,0,no,si,33,0,1.96,no-vend-7g
Farmacia Procaccini,985597412,VEBIX DERMOLINE CALEND DET INT,1,0.3,0.05,0,no,si,99,0,0.82,no-vend-7g
Farmacia Procaccini,980504068,VIS SPRAY CORPO 75ML,1,0.3,0.05,0,no,si,5,0,2.56,no-vend-7g
Farmacia Procaccini,984569893,"SHINE ON HSPLUS CASTANO SC3,00",1,0.3,0.05,0,no,si,5,7,1.79,no-vend-7g
Farmacia Procaccini,985593793,RENAL COMBI POLVERE 240G,1,0.3,0.05,0,si,si,25,0,10.90,vende-rete
Farmacia Procaccini,982478517,JOVENGEN NATURINCAS COLLA 390G,1,0.3,0.05,0,no,si,13,0,0.00,no-vend-7g
Farmacia Procaccini,973042118,HYALU B5 CREMA 40ML,1,0.3,0.05,0,no,si,5,5,4.32,no-vend-7g
Farmacia Procaccini,947250763,TIMODORE CEROTTO MICOSI UNGHIE,1,0.3,0.05,0,si,si,2,0,1.26,vende-rete
Farmacia Procaccini,935679959,GRAN MAGNESIO 30CPR,1,0.3,0.05,0,no,si,9,0,2.58,no-vend-7g
Farmacia Procaccini,980126318,VITREOBEN 20BUST,1,0.3,0.05,0,si,si,9,0,3.42,vende-rete
Farmacia Procaccini,988784955,POLYCURC 15STICKPACK,1,0.3,0.05,0,si,si,3,0,4.13,vende-rete
Farmacia Procaccini,949645372,DR VITI DRENANTE MIRT 28STICK,1,0.3,0.05,0,no,si,4,0,1.21,no-vend-7g
Farmacia Procaccini,989691112,BETOTAL ENERGY BOOM 20STICK,1,0.3,0.05,0,si,si,17,9,1.86,vende-rete
Farmacia Procaccini,952050678,GASTROVOM 30STICK PACK,1,0.3,0.05,0,si,si,4,0,2.28,vende-rete
Farmacia Procaccini,900427636,KIRON ARGEA ARGILLA 250ML,1,0.3,0.05,0,si,si,7,0,3.75,vende-rete
Farmacia Procaccini,900975210,VITAMINA B1 TIAMINA 300 MG,1,0.3,0.05,0,no,si,4,0,3.83,no-vend-7g
Farmacia Procaccini,973652201,NEFROPIU' 60CPR,1,0.3,0.05,0,no,si,16,0,5.75,no-vend-7g
Farmacia Procaccini,934424476,DERMOVITAMINA FILM GEL 30ML,1,0.3,0.05,0,si,si,99,0,0.00,vende-rete
Farmacia Procaccini,924599234,PAMAL 30CPR,1,0.3,0.05,0,no,si,9,0,2.16,no-vend-7g
Farmacia Procaccini,988032342,GOOVI DOPOSOLE LOVERS IN THE,1,0.3,0.05,0,no,si,11,5,2.40,no-vend-7g
Farmacia Procaccini,985638232,YOXA 30STICK PACK OROSOL,1,0.3,0.05,0,si,si,2,0,6.08,vende-rete
Farmacia Procaccini,972472373,AVENE CLEANANCE HYDRA CREMA,1,0.3,0.05,0,no,si,29,2,3.74,no-vend-7g
Farmacia Procaccini,976310882,W LIFE 60CPR,1,0.3,0.05,0,no,si,5,0,2.57,no-vend-7g
Farmacia Procaccini,988951644,PHYSIOMANCE LIPIDEOL3 60CPR,1,0.3,0.05,0,si,si,3,0,4.44,vende-rete
Farmacia Procaccini,988166029,CARDIORITMON COLESTEROLO 60CPS,1,0.3,0.05,0,si,si,39,0,7.35,vende-rete
Farmacia Procaccini,984147696,FOLERVID 30CPS,1,0.3,0.05,0,si,si,3,0,4.07,vende-rete
Farmacia Procaccini,986988158,MARKEUTICALS MENOCORT 60BUST,1,0.3,0.05,0,no,si,1,0,4.62,no-vend-7g
Farmacia Procaccini,901179022,TIMODORE POLVERE 250ML,1,0.3,0.05,0,si,si,15,20,1.26,vende-rete
Farmacia Procaccini,971010653,BIO ESSENZE ALLUME POTASSIO SP,1,0.3,0.05,0,no,si,6,0,1.33,no-vend-7g
Farmacia Procaccini,951455132,MAGNEVIS 400PAST,1,0.3,0.05,0,no,si,2,0,9.74,no-vend-7g
Farmacia Procaccini,938758214,CER'8 FAMILY SPRAY 100ML,1,0.3,0.05,0,si,si,99,0,1.52,vende-rete
Farmacia Procaccini,990647048,CRIOTERMICA CRIOGEL 100ML,1,0.3,0.05,0,no,si,3,0,2.72,no-vend-7g
Farmacia Procaccini,978240885,CERAVE SA DETERGENTE LEV 236ML,1,0.3,0.05,0,si,si,16,3,2.65,vende-rete
Farmacia Procaccini,989974439,DISCRONORM 100ML,1,0.3,0.05,0,no,si,1,0,3.66,no-vend-7g
Farmacia Procaccini,973291925,OSTEORAL 30CPS MOLLI,1,0.3,0.05,0,si,si,16,0,3.11,vende-rete
Farmacia Procaccini,040282016,ACTIFED DECONGEST*SPRAY 10ML,1,0.3,0.05,0,si,si,19,60,0.71,vende-rete
Farmacia Procaccini,989812173,EVAGYN GEL VAGINALE 8TUB 5ML,1,0.3,0.05,0,si,si,6,0,2.85,vende-rete
Farmacia Procaccini,989983438,PSIPROTO ELISIR 30CPS GASTRORE,1,0.3,0.05,0,no,si,1,0,4.11,no-vend-7g
Farmacia Procaccini,987861008,SUPERALA CARNITINE 30CPR,1,0.3,0.05,0,no,si,6,0,3.87,no-vend-7g
Farmacia Procaccini,924871561,REV IDRAX SERUM 30ML,1,0.3,0.05,0,si,si,9,0,6.72,vende-rete
Farmacia Procaccini,976100988,NEOSAME 20CPR,1,0.3,0.05,0,no,si,1,0,3.61,no-vend-7g
Farmacia Procaccini,982683334,RIGENERA CREMA RISTRUTT 50ML,1,0.3,0.05,0,no,si,3,0,8.79,no-vend-7g
Farmacia Procaccini,970800254,TRIPLE LIPID RESTORE 2 4 2,1,0.3,0.05,0,no,si,5,4,47.15,no-vend-7g
Farmacia Procaccini,934845544,EDOVIS 20BUST,1,0.3,0.05,0,si,si,3,0,4.85,vende-rete
Farmacia Procaccini,951164348,SOMAT SKIN EX DRENA ADV20STICK,1,0.3,0.05,0,no,si,1,5,12.98,no-vend-7g
Farmacia Procaccini,987815863,TENA SLIP PLUS PANN XL 30PZ,1,0.3,0.05,0,si,si,17,0,7.29,vende-rete
Farmacia Procaccini,009115027,FITOSTIMOLINE*CREMA 32G 15%,1,0.3,0.05,0,no,si,27,25,2.77,no-vend-7g
Farmacia Procaccini,980911301,SUN SECURE HUILE SECHE SPF50+N,1,0.3,0.05,0,no,si,4,9,2.21,no-vend-7g
Farmacia Procaccini,909005631,OMEGA PET 100ML,1,0.3,0.05,0,no,si,3,0,3.35,no-vend-7g
Farmacia Procaccini,982003624,VASOTONIK 20BUST,1,0.3,0.05,0,no,si,1,0,4.62,no-vend-7g
Farmacia Procaccini,950830556,ZYMEREX GONFIORE PLUS 28BUST,1,0.3,0.05,0,si,si,7,0,2.72,vende-rete
Farmacia Procaccini,934179957,CAMPEDEX-5 15CPR OVOIDALI,1,0.3,0.05,0,si,si,2,0,4.43,vende-rete
Farmacia Procaccini,976391197,REOXALL 100S FLUIDO FOTOPR50ML,1,0.3,0.05,0,no,si,19,0,6.52,no-vend-7g
Farmacia Procaccini,908693880,MELLIS BIO-SHAMPOO 200ML,1,0.3,0.05,0,si,si,26,2,2.00,vende-rete
Farmacia Procaccini,050590025,IBEROGASTADVANCE*OS GTT 50ML,1,0.3,0.05,0,no,si,4,5,2.07,no-vend-7g
Farmacia Procaccini,900337510,AVENE COLD CREAM 100ML,1,0.3,0.05,0,no,si,1,3,3.45,no-vend-7g
Farmacia Procaccini,904045945,EUDREN 30CPS,1,0.3,0.05,0,no,si,15,0,2.12,no-vend-7g
Farmacia Procaccini,983679578,CERAVE CREMA VISO IDRAT SPF50,1,0.3,0.05,0,si,si,99,5,1.64,vende-rete
Farmacia Procaccini,930517901,MULTIVITAMIX S/ZUCCH 30CPR EFF,1,0.3,0.05,0,no,si,8,6,-2.33,no-vend-7g
Farmacia Procaccini,974004537,FRESUBIN 5KCAL SHOT NEUTRAL,1,0.3,0.05,0,no,si,6,0,2.71,no-vend-7g
Farmacia Procaccini,976034025,LACTOSOLUTION 15000 15CPR PORT,1,0.3,0.05,0,si,si,4,0,2.24,vende-rete
Farmacia Procaccini,990039481,"DYNAMO F 20STICK 2,5G",1,0.3,0.05,0,no,si,10,0,2.13,no-vend-7g
Farmacia Procaccini,987833148,PURO EPITHEL GEL OFTALMICO 10G,1,0.3,0.05,0,si,si,2,0,3.10,vende-rete
Farmacia Procaccini,985774456,DYNAMO D MEDIUM 20 STICK,1,0.3,0.05,0,no,si,1,0,6.47,no-vend-7g
Farmacia Procaccini,900589286,OTOVENT 5PALLONCINI+1CANNULA,1,0.3,0.05,0,si,si,4,0,2.48,vende-rete
Farmacia Procaccini,041631033,BUSCOFENACT*20CPS MOLLI 400MG,1,0.3,0.05,0,si,si,99,25,2.42,vende-rete
Farmacia Procaccini,939223602,AUSILIUM 20 PLUS,1,0.3,0.05,0,si,si,4,0,3.52,vende-rete
Farmacia Procaccini,974109326,CERAVE CREMA IDRATANTE 340G,1,0.3,0.05,0,si,si,5,12,1.56,vende-rete
Farmacia Procaccini,937494502,CONVEEN OPTIMA GUAINA 35MM 30P,1,0.3,0.05,0,si,si,14,0,11.16,vende-rete
Farmacia Procaccini,988148918,GASTRONYX PLUS 30CPR OROSOLUBI,1,0.3,0.05,0,no,si,1,0,4.47,no-vend-7g
Farmacia Procaccini,926431976,MTHFR-P PLUS 30CPR,1,0.3,0.05,0,si,si,7,0,2.41,vende-rete
Farmacia Procaccini,924284452,BIRDETOX 2SIR 15ML,1,0.3,0.05,0,no,si,8,0,3.71,no-vend-7g
Farmacia Procaccini,985670633,AUSILIUM CREMA 50ML,1,0.3,0.05,0,si,si,2,0,4.37,vende-rete
Farmacia Procaccini,972532232,CERAMOL FLUIDO BETA COMPLEX,1,0.3,0.05,0,si,si,27,0,3.70,vende-rete
Farmacia Procaccini,943949420,COLPLATIR 30CPR RIVESTITE,1,0.3,0.05,0,no,si,21,0,3.53,no-vend-7g
Farmacia Procaccini,951553003,PHYSIOMER SPRAY NAS GETTO NORM,1,0.3,0.05,0,si,si,8,4,2.19,vende-rete
Farmacia Procaccini,020942025,"TROFODERMIN*CR DERM30G 0,5+0,5",1,0.3,0.05,0,si,si,3,8,2.02,vende-rete
Farmacia Procaccini,975995059,URIAGE OLIO LAVANTE 1L,1,0.3,0.05,0,si,si,26,0,2.34,vende-rete
Farmacia Procaccini,943315325,ASSONAL PEA 30CPR,1,0.3,0.05,0,si,si,22,0,5.20,vende-rete
Farmacia Procaccini,931001489,ZER% GLUTINE FUSILLI RISO BIO,1,0.3,0.05,0,no,si,99,0,1.25,no-vend-7g
Farmacia Procaccini,034548141,VOLTAREN EMULGEL*GEL 60G 2%,1,0.3,0.05,0,si,si,24,64,0.86,vende-rete
Farmacia Procaccini,947414381,NORMALIVER PET 50G,1,0.3,0.05,0,si,si,2,0,2.79,vende-rete
Farmacia Procaccini,950952768,PUROFLOG SOLUZIONE OFT 10ML,1,0.3,0.05,0,no,si,6,0,2.51,no-vend-7g
Farmacia Procaccini,935034330,EUMILL GOCCE OCUL PROTECTION,1,0.3,0.05,0,si,si,7,43,0.87,vende-rete
Farmacia Procaccini,989687975,FORMOLINE L112 64CPR,1,0.3,0.05,0,si,si,4,0,4.99,vende-rete
Farmacia Procaccini,020124121,"FENISTIL*0,1% GEL 30G",1,0.3,0.05,0,si,si,12,13,0.79,vende-rete
Farmacia Procaccini,921508596,OMOCIS 30CPR,1,0.3,0.05,0,no,si,2,0,3.68,no-vend-7g
Farmacia Procaccini,988160471,ZZZQUIL SONNO SPRAY 30ML,1,0.3,0.05,0,si,si,18,23,1.11,vende-rete
Farmacia Procaccini,927117212,URIAGE STRUCC WATERPROOF 100ML,1,0.3,0.05,0,no,si,3,0,1.84,no-vend-7g
Farmacia Procaccini,970441832,XEMOSE C8+ CREMA VISO 40ML,1,0.3,0.05,0,no,si,16,3,3.39,no-vend-7g
Farmacia Procaccini,013046115,ENTEROGERMINA*OS 9BS 6MLD/2G,1,0.3,0.05,0,no,si,99,28,3.07,no-vend-7g
Farmacia Procaccini,951485580,PODOVEN SUPRA CREMA 100ML,1,0.3,0.05,0,si,si,12,0,2.24,vende-rete
Farmacia Procaccini,988909735,MARKEUTICALS VOLUMEX BALS200ML,1,0.3,0.05,0,no,si,1,0,3.19,no-vend-7g
Farmacia Procaccini,979097538,HYALO GYN GEL 10APPL MONODOSE,1,0.3,0.05,0,si,si,8,23,2.62,vende-rete
Farmacia Procaccini,950376018,ATODIM SPRAY 30ML 500UI,1,0.3,0.05,0,no,si,1,0,3.40,no-vend-7g
Farmacia Procaccini,951343856,NERADIN 112CPS,1,0.3,0.05,0,si,si,10,0,11.20,vende-rete
Farmacia Procaccini,938199142,PROPOLBERRY 3P 30CPR,1,0.3,0.05,0,no,si,4,0,4.48,no-vend-7g
Farmacia Procaccini,986878054,ZZZQUIL SONNO KIDS 30PAST,1,0.3,0.05,0,no,si,99,18,2.39,no-vend-7g
Farmacia Procaccini,930889439,HYIODINE AC IALURONICO IOD 50G,1,0.3,0.05,0,no,si,2,0,13.75,no-vend-7g
Farmacia Procaccini,909301766,"CER PRONTEX STRETCH 500X2,5CM",1,0.3,0.05,0,no,si,99,0,1.31,no-vend-7g
Farmacia Procaccini,973652151,CISTOPIU' 30CPR,1,0.3,0.05,0,si,si,6,0,2.50,vende-rete
Farmacia Procaccini,903187452,ESTROMINERAL SERENA 40CPR,1,0.3,0.05,0,si,si,4,1,2.39,vende-rete
Farmacia Procaccini,979278140,MIOXIN 4G 30BUSTE,1,0.3,0.05,0,si,si,5,0,4.22,vende-rete
Farmacia Procaccini,986972002,"OCUTEARS ALO+0,4% PFMD 10ML",1,0.3,0.05,0,si,si,99,0,4.45,vende-rete
Farmacia Procaccini,020702080,MAALOX PLUS*30CPR MAST,1,0.3,0.05,0,no,si,13,45,2.24,no-vend-7g
Farmacia Procaccini,941516647,AMBLICOL 15FL 10ML,1,0.3,0.05,0,si,si,4,0,3.26,vende-rete
Farmacia Procaccini,984569867,"SHINE ON HSPLUS BIONDO SCU6,00",1,0.3,0.05,0,no,si,1,5,1.73,no-vend-7g
Farmacia Procaccini,934825237,MULTICENTRUM PRE MAMMA 30CPR,1,0.3,0.05,0,no,si,17,4,2.09,no-vend-7g
Farmacia Procaccini,950952147,GHC MEDICAL TRATT PROTEIC PREV,1,0.3,0.05,0,si,si,1,0,8.17,vende-rete
Farmacia Procaccini,987377090,VIDROSOL 1000 30CPR,1,0.3,0.05,0,si,si,1,0,2.35,vende-rete
Farmacia Procaccini,932220205,RIBES PET ULTRA SHAMPOO/BALS,1,0.3,0.05,0,si,si,14,0,4.43,vende-rete
Farmacia Procaccini,974035988,VITAMINA E400 BOTANICAL 60PRL,1,0.3,0.05,0,no,si,2,0,2.35,no-vend-7g
Farmacia Procaccini,926420934,OLIPROX SCHIUMA 150ML CE,1,0.3,0.05,0,no,si,6,0,3.20,no-vend-7g
Farmacia Procaccini,973145838,CALCIOBASE 30STICK 10ML,1,0.3,0.05,0,si,si,39,0,2.61,vende-rete
Farmacia Procaccini,984845925,VITAMINA D3 IBSA 1000UI 30FILM,1,0.3,0.05,0,no,si,19,16,2.44,no-vend-7g
Farmacia Procaccini,988751018,OTI DESOX 250ML,1,0.3,0.05,0,no,si,2,0,5.58,no-vend-7g
Farmacia Procaccini,972592962,PILORYAL 20ORAL STICK 15ML,1,0.3,0.05,0,no,si,23,0,2.23,no-vend-7g
Farmacia Procaccini,951223849,SALISANI POLVERE SOLUBILE 360G,1,0.3,0.05,0,si,si,4,0,3.58,vende-rete
Farmacia Procaccini,931577922,TERMODREN 300ML,1,0.3,0.05,0,si,si,2,0,3.17,vende-rete
Farmacia Procaccini,950945598,IDRYADREN 300ML,1,0.3,0.05,0,no,si,7,0,2.02,no-vend-7g
Farmacia Procaccini,976320820,HYALISTIL BIO PF GTT OCUL 10ML,1,0.3,0.05,0,si,si,17,0,2.84,vende-rete
Farmacia Procaccini,018610042,CARNITENE*OS 10FL 1G/10ML,1,0.3,0.05,0,no,si,99,2,4.18,no-vend-7g
Farmacia Procaccini,989603067,PHOTODERM XDEFENSE50+ 01 40ML,1,0.3,0.05,0,no,si,2,3,2.55,no-vend-7g
Farmacia Procaccini,975022942,HYALO GYN OVULI VAGINALI 10OV,1,0.3,0.05,0,si,si,12,4,2.61,vende-rete
Farmacia Procaccini,973292978,BIONIKE DEFENCE HAIR SH A/F GR,1,0.3,0.05,0,no,si,99,1,1.19,no-vend-7g
Farmacia Procaccini,920966241,NUTILIS POWDER ADDENSANTE 300G,1,0.3,0.05,0,si,si,6,0,1.86,vende-rete
Farmacia Procaccini,981475662,CERAVE OLIO DET IDRAT SCH473ML,1,0.3,0.05,0,si,si,4,1,2.15,vende-rete
Farmacia Procaccini,952125920,GLIALIA 700MG+70MG 30BUST,1,0.3,0.05,0,si,si,16,0,6.41,vende-rete
Farmacia Procaccini,979052293,TOTABI PASTA EVO 15ML,1,0.3,0.05,0,si,si,1,0,2.00,vende-rete
Farmacia Procaccini,981263597,MIO FLEX PLACCA PIAN10-68 70MM,1,0.3,0.05,0,si,si,99,0,0.00,vende-rete
Farmacia Procaccini,980813303,CAPITAL LATTE SOLARE ECO-SO50+,1,0.3,0.05,0,no,si,1,1,2.73,no-vend-7g
Farmacia Procaccini,979321318,DERMOVITAMINA MICO SMALTO NUDE,1,0.3,0.05,0,si,si,99,4,1.05,vende-rete
Farmacia Procaccini,950956843,PEPTIVET 4 SOL OTOLOGICA 50ML,1,0.3,0.05,0,si,si,5,0,2.59,vende-rete
Farmacia Procaccini,984505279,REKORDSAN GUANCIALE MEM SIRIO,1,0.3,0.05,0,si,si,3,0,7.57,vende-rete
Farmacia Procaccini,987413061,CELL PROTECT OLIO INVISIBILE,1,0.3,0.05,0,no,si,30,0,5.90,no-vend-7g
Farmacia Procaccini,985830746,TOLERIANE FOAMING GEL CLEANSER,1,0.3,0.05,0,no,si,22,0,4.92,no-vend-7g
Farmacia Procaccini,943330264,MASSIGEN SONNO GUMMY 60CARAM,1,0.3,0.05,0,si,si,20,0,0.94,vende-rete
Farmacia Procaccini,936065059,DERMOVITAMINA CALM CR IDR250ML,1,0.3,0.05,0,no,si,15,7,10.70,no-vend-7g
Farmacia Procaccini,922262567,NEURONEV COMPLEX 30CPR,1,0.3,0.05,0,no,si,5,0,4.34,no-vend-7g
Farmacia Procaccini,950836647,AVENE HYALURON A PROC CONT15ML,1,0.3,0.05,0,no,si,1,4,8.67,no-vend-7g
Farmacia Procaccini,922553072,DRENAGILL30 30CPR,1,0.3,0.05,0,no,si,3,0,2.74,no-vend-7g
Farmacia Procaccini,980254510,FITOSTIMOLINE PLUS CREMA 32G,1,0.3,0.05,0,si,si,1,32,1.98,vende-rete
Farmacia Procaccini,976399788,SERENITY PANN MUT CLASS EX XL,1,0.3,0.05,0,no,si,3,0,2.57,no-vend-7g
Farmacia Procaccini,990007193,DEO CLINICAL AEROSOL 125ML 26,1,0.3,0.05,0,no,si,3,6,1.64,no-vend-7g
Farmacia Procaccini,947244618,CAROBIN PET FORTE 30CPR,1,0.3,0.05,0,no,si,8,0,3.86,no-vend-7g
Farmacia Procaccini,983173461,SERENITY SAG SD SENS PLUS 30PZ,1,0.3,0.05,0,no,si,1,0,3.82,no-vend-7g
Farmacia Procaccini,975190101,PIC VEDO FAMILY TERMO DIGITALE,1,0.3,0.05,0,no,si,18,4,0.99,no-vend-7g
Farmacia Procaccini,985000571,ANTHELIOS LATTE 50+ PPACK 75ML,1,0.3,0.05,0,no,si,99,2,2.06,no-vend-7g
Farmacia Procaccini,908648708,DELTACRIN SHAMPOO PHARCOS 250M,1,0.3,0.05,0,si,si,9,0,3.01,vende-rete
Farmacia Procaccini,930214527,"EMOFORM PLAKOUT ACT0,12% COLLU",1,0.3,0.05,0,si,si,14,0,0.97,vende-rete
Farmacia Procaccini,984791956,LEVELIPDUO PLUS 28STICK,1,0.3,0.05,0,si,si,2,0,2.71,vende-rete
Farmacia Procaccini,924570169,XIPHASE SHAMPOO 250ML,1,0.3,0.05,0,no,si,15,0,4.24,no-vend-7g
Farmacia Procaccini,947073716,RILASTIL XEROLACT BALS SP400ML,1,0.3,0.05,0,si,si,7,69,2.09,vende-rete
Farmacia Procaccini,935057467,"BIOKAP NUTRICDEL 4,0 CAST NAT",1,0.3,0.05,0,no,si,6,0,1.19,no-vend-7g
Farmacia Procaccini,922554720,LYSI OMEGA3 LIQUID LIM 240ML,1,0.3,0.05,0,no,si,4,0,7.56,no-vend-7g
Farmacia Procaccini,990374326,ZEFYROS GHIMAS 60CPS,1,0.3,0.05,0,no,si,3,0,7.17,no-vend-7g
Farmacia Procaccini,941971475,BIOCLIN DEO INTIMATE SPR PROF,1,0.3,0.05,0,si,si,2,2,1.67,vende-rete
Farmacia Procaccini,021528157,"TAMARINE*MARMEL260G 80+3,9MG/G",1,0.3,0.05,0,si,si,99,1,4.28,vende-rete
Farmacia Procaccini,978835433,ACUTON 120CPS,1,0.3,0.05,0,si,si,1,0,3.24,vende-rete
Farmacia Procaccini,921115820,DERCOS SH DOLCEZZA MIN 400ML,1,0.3,0.05,0,no,si,99,6,2.91,no-vend-7g
Farmacia Procaccini,984833602,NEOVADIOL PERI&POST CONT NEW,1,0.3,0.05,0,si,si,11,2,4.43,vende-rete
Farmacia Procaccini,905025870,GHEE BIO BURRO CHIARIFICAT220G,1,0.3,0.05,0,no,si,22,0,1.50,no-vend-7g
Farmacia Procaccini,935633964,LONGLIFE CARCIOFO 60CPS VEG,1,0.3,0.05,0,no,si,5,0,2.19,no-vend-7g
Farmacia Procaccini,980455935,PASTA HOFFMANN SELLA NAT 75ML,1,0.3,0.05,0,si,si,99,1,0.88,vende-rete
Farmacia Procaccini,940005655,PANTAVIS METABOLICO 30CPR,1,0.3,0.05,0,no,si,9,0,5.06,no-vend-7g
Farmacia Procaccini,984910568,PRIMECOL 30CPR GASTRORESISTENT,1,0.3,0.05,0,no,si,1,0,2.95,no-vend-7g
Farmacia Procaccini,983533821,XERIAL 30 GEL CREME 75ML,1,0.3,0.05,0,no,si,22,0,2.80,no-vend-7g
Farmacia Procaccini,040657025,FASTUM ANTIDOLORIFICO*1% 100G,1,0.3,0.05,0,si,si,19,2,2.13,vende-rete
Farmacia Procaccini,951866375,DRENLIFE LINFODREN SUMM30STICK,1,0.3,0.05,0,no,si,2,0,2.34,no-vend-7g
Farmacia Procaccini,985772704,PEDIAKID 22 VITAMINE/OLIGOELEM,1,0.3,0.05,0,no,si,2,0,2.18,no-vend-7g
Farmacia Procaccini,926876766,FLEBOMIX CREMA GEL 100ML,1,0.3,0.05,0,no,si,6,0,2.18,no-vend-7g
Farmacia Procaccini,951677626,PHYSIOMANCE BROMELAINE 60CPS,1,0.3,0.05,0,no,si,1,0,4.14,no-vend-7g
Farmacia Procaccini,926831153,HELIONORM ORAL 30CPR,1,0.3,0.05,0,no,si,3,0,3.55,no-vend-7g
Farmacia Procaccini,935307114,FLUVADIN PLUS OVULI VAG 10PZ,1,0.3,0.05,0,no,si,99,0,3.65,no-vend-7g
Farmacia Procaccini,934408663,BIOTHYMUS AC ACT D SH VOL200ML,1,0.3,0.05,0,no,si,99,1,1.82,no-vend-7g
Farmacia Procaccini,904552611,NEBULA M2000+MASCHERA+RINOWASH,1,0.3,0.05,0,no,si,16,27,22.65,no-vend-7g
Farmacia Procaccini,987848280,PSIFLOGO 30CPS,1,0.3,0.05,0,no,si,3,0,3.19,no-vend-7g
Farmacia Procaccini,988027266,PARODONTAX BIPACK CLASS 2X75ML,1,0.3,0.05,0,si,si,11,15,0.71,vende-rete
Farmacia Procaccini,900240235,MELANIDIN PLUS EUPIGMENT 50ML,1,0.3,0.05,0,si,si,11,0,3.98,vende-rete
Farmacia Procaccini,935982809,COLIMIL HUMANA 30ML,1,0.3,0.05,0,si,si,31,6,2.79,vende-rete
Farmacia Procaccini,021852013,COCARNITIN B12*OS 10FL 10ML,1,0.3,0.05,0,si,si,17,11,1.51,vende-rete
Farmacia Procaccini,990809004,VERSET ELIAN EDP 50ML,1,0.3,0.05,0,si,si,3,0,2.59,vende-rete
Farmacia Procaccini,951231998,DOLINPEA 30CPR RIVESTITE,1,0.3,0.05,0,no,si,14,0,6.55,no-vend-7g
Farmacia Procaccini,934417445,LIPOLIPASE CREMAGEL 150ML,1,0.3,0.05,0,si,si,99,0,7.73,vende-rete
Farmacia Procaccini,900533757,CLOREXYDERM SHAMPOO 250ML,1,0.3,0.05,0,no,si,14,0,2.70,no-vend-7g
Farmacia Procaccini,923302374,GEHWOL MED CREMA ANTI CALLOSIT,1,0.3,0.05,0,no,si,23,0,1.76,no-vend-7g
Farmacia Procaccini,940095348,SARCOACT 30BUST,1,0.3,0.05,0,no,si,99,0,6.98,no-vend-7g
Farmacia Procaccini,980644241,MARKEUTICALS FOCAL 45CPR,1,0.3,0.05,0,no,si,4,0,9.45,no-vend-7g
Farmacia Procaccini,970487308,ACTIFLOG 20CPR,1,0.3,0.05,0,no,si,9,0,2.32,no-vend-7g
Farmacia Procaccini,926517234,VIGORSKIN K1 PLUS CREMA 100ML,1,0.3,0.05,0,si,si,7,0,1.58,vende-rete
Farmacia Procaccini,924274083,REDERMIC RETINOL OCCHI 15ML,1,0.3,0.05,0,no,si,4,3,4.02,no-vend-7g
Farmacia Procaccini,985516297,REVILLA 320 30PRL,1,0.3,0.05,0,no,si,4,0,4.41,no-vend-7g
Farmacia Procaccini,973953944,PROSTAMOL 60CPS MOLLI,1,0.3,0.05,0,si,si,21,6,6.81,vende-rete
Farmacia Procaccini,933784783,LONGLIFE ZINC 25MG 100CPR,1,0.3,0.05,0,no,si,34,0,3.37,no-vend-7g
Farmacia Procaccini,924546221,CARPINO BI 500ML ANALCO GEM10+,1,0.3,0.05,0,si,si,1,0,5.67,vende-rete
Farmacia Procaccini,949993455,HDLGELAR FREE 45CPS,1,0.3,0.05,0,no,si,12,0,5.36,no-vend-7g
Farmacia Procaccini,972766873,FLORENTERO ACT 120CPR,1,0.3,0.05,0,no,si,99,0,0.00,no-vend-7g
Farmacia Procaccini,981937360,KERACNYL GEL DETERGENTE 400ML,1,0.3,0.05,0,no,si,4,2,2.01,no-vend-7g
Farmacia Procaccini,934488154,BIOKAP B BALSAMO NUTR DISTRIC,1,0.3,0.05,0,si,si,19,0,2.25,vende-rete
Farmacia Procaccini,950453997,CITICOOS 1000 15FL,1,0.3,0.05,0,si,si,7,0,6.90,vende-rete
Farmacia Procaccini,935836751,ACNIBEN REPAIR IDRATANTE GEL,1,0.3,0.05,0,no,si,29,0,4.89,no-vend-7g
Farmacia Procaccini,984632190,PROGAMET 30CPR GASTROPROTETTE,1,0.3,0.05,0,no,si,1,0,4.18,no-vend-7g
Farmacia Procaccini,984767537,CICAPLAST BAUME B5+ 40ML,1,0.3,0.05,0,si,si,99,6,1.93,vende-rete
Farmacia Procaccini,981152756,TADIOR 20CPS,1,0.3,0.05,0,no,si,2,0,3.75,no-vend-7g
Farmacia Procaccini,984146047,POLASE HYDRATION LAMPONE12BUST,1,0.3,0.05,0,no,si,4,4,1.39,no-vend-7g
Farmacia Procaccini,951123607,OLIO RICINO PURO 200ML,1,0.3,0.05,0,no,si,3,0,1.98,no-vend-7g
Farmacia Procaccini,990647455,PHYSIOMANCE GASTRO PROT 60CPS,1,0.3,0.05,0,no,si,1,0,6.39,no-vend-7g
Farmacia Procaccini,988027847,XERIAL GOMMAGE CORPS 100G,1,0.3,0.05,0,no,si,1,2,2.10,no-vend-7g
Farmacia Procaccini,981042904,RILASTIL SUN PPT 50+ CR VEL,1,0.3,0.05,0,no,si,6,4,1.70,no-vend-7g
Farmacia Procaccini,950150704,BIOSCALIN TOTAL CARE SH V200ML,1,0.3,0.05,0,no,si,4,4,1.85,no-vend-7g
Farmacia Procaccini,942260338,EUPH COLORPRO XD610 BION S,1,0.3,0.05,0,no,si,99,2,1.41,no-vend-7g
Farmacia Procaccini,975922218,COLLAGENE BEAUTY 10STICK MONOD,1,0.3,0.05,0,no,si,6,0,1.57,no-vend-7g
Farmacia Procaccini,940085160,FOTOULTRA ACTIVE UNIFY SPF50+,1,0.3,0.05,0,si,si,6,0,4.15,vende-rete
Farmacia Procaccini,990648255,TREHAPAN GOCCE OCULARI 10ML,1,0.3,0.05,0,no,si,2,0,2.63,no-vend-7g
Farmacia Procaccini,987411749,RILASTIL SUN SPF50+ AGE REP CO,1,0.3,0.05,0,no,si,2,3,2.18,no-vend-7g
Farmacia Procaccini,951246901,UTIVAL 28BUST,1,0.3,0.05,0,si,si,6,0,5.47,vende-rete
Farmacia Procaccini,943245302,EUPH FILLER CR LIFTING,1,0.3,0.05,0,no,si,2,2,5.03,no-vend-7g
Farmacia Procaccini,051342018,DICLOREUMACT*GEL 60G 20MG/G,1,0.3,0.05,0,no,si,1,10,1.81,no-vend-7g
Farmacia Procaccini,986963205,SCUDOVARIS GAMB CLASS STD K1 5,1,0.3,0.05,0,no,si,1,0,9.51,no-vend-7g
Farmacia Procaccini,950497952,TRICOVEL MIRNA EXOSOMES GEL4TU,1,0.3,0.05,0,si,si,13,0,10.91,vende-rete
Farmacia Procaccini,940372675,SIDEREMIL VITA ORO 30BUST,1,0.3,0.05,0,no,si,20,0,2.53,no-vend-7g
Farmacia Procaccini,932751480,FOTOKER ORALE PHARCOS 30CPR,1,0.3,0.05,0,no,si,18,0,6.14,no-vend-7g
Farmacia Procaccini,951388848,FLORENTERO COMPLEX SOSP 60ML,1,0.3,0.05,0,no,si,4,0,3.23,no-vend-7g
Farmacia Procaccini,984023046,NOCOLESTENO' 60CPS,1,0.3,0.05,0,si,si,4,0,7.23,vende-rete
Farmacia Procaccini,934885942,PERNALIFE DOL GEL 125ML,1,0.3,0.05,0,si,si,1,0,2.88,vende-rete
Farmacia Procaccini,983534544,LIPOSKIN MASK PHARCOS 15BUST,1,0.3,0.05,0,no,si,2,0,3.99,no-vend-7g
Farmacia Procaccini,947236853,IPPOCASTANO GEL 100ML,1,0.3,0.05,0,no,si,19,0,2.61,no-vend-7g
Farmacia Procaccini,951501408,ADCMYFOLIC 30CPR,1,0.3,0.05,0,si,si,8,0,3.92,vende-rete
Farmacia Procaccini,989669787,DEFENCE SUN 30 LATTE SPR 200ML,1,0.3,0.05,0,no,si,99,4,3.40,no-vend-7g
Farmacia Procaccini,979276577,TRIDERM AK TRATT PREV SPF50+,1,0.3,0.05,0,no,si,4,4,3.37,no-vend-7g
Farmacia Procaccini,987747831,LIFTACTIV B3 CREMA NTT RETINOL,1,0.3,0.05,0,no,si,3,2,5.22,no-vend-7g
Farmacia Procaccini,950089247,OMRON NEBULIZZATORE C101 ESSEN,1,0.3,0.05,0,no,si,6,2,8.66,no-vend-7g
Farmacia Procaccini,950072746,LAMUSELAB SUN SKIN CONTROL50ML,1,0.3,0.05,0,no,si,1,4,3.79,no-vend-7g
Farmacia Procaccini,935131211,MAALOX REFLURAPID 40CPR MASTIC,1,0.3,0.05,0,si,si,20,4,1.17,vende-rete
Farmacia Procaccini,941182394,FARMEX TRAV ASSORB 80X180 15PZ,1,0.3,0.05,0,si,si,9,0,1.53,vende-rete
Farmacia Procaccini,951268768,QUIXX DELICATE SOL IRRIG NAS,1,0.3,0.05,0,si,si,21,0,1.38,vende-rete
Farmacia Procaccini,951383797,PRINCIPIUM MAGNESIO CB50+ 32BU,1,0.3,0.05,0,si,si,4,0,2.83,vende-rete
Farmacia Procaccini,985513062,FILLER BIOTIC 15ML,1,0.3,0.05,0,no,si,4,2,3.37,no-vend-7g
Farmacia Procaccini,990679072,VITAMINE MAXIMUM B 180PAST,1,0.3,0.05,0,no,si,2,0,3.60,no-vend-7g
Farmacia Procaccini,950150692,BIOSCALIN TOTAL CARE SH R200ML,1,0.3,0.05,0,no,si,1,8,1.25,no-vend-7g
Farmacia Procaccini,951506043,STOMEK SOSPENSIONE 30STICK,1,0.3,0.05,0,no,si,1,0,7.52,no-vend-7g
Farmacia Procaccini,982760377,GYNO PLUS 10CPS VAG,1,0.3,0.05,0,no,si,6,0,2.41,no-vend-7g
Farmacia Procaccini,980458374,OROZYME GEL IGIENE ORALE 70G,1,0.3,0.05,0,no,si,3,0,1.65,no-vend-7g
Farmacia Procaccini,939393171,PODIDRAL FAS CR RAGADI PIED100,1,0.3,0.05,0,no,si,6,0,2.48,no-vend-7g
Farmacia Procaccini,989332907,AVENE SOL FLUIDO A/IMPER SPF50,1,0.3,0.05,0,no,si,99,7,3.34,no-vend-7g
Farmacia Procaccini,903705919,EUDREN CREMA 200ML,1,0.3,0.05,0,si,si,2,0,3.98,vende-rete
Farmacia Procaccini,900976364,CALCIO MAGNESIO 500-250 MG,1,0.3,0.05,0,no,si,2,0,3.94,no-vend-7g
Farmacia Procaccini,990376598,POLIDENT APPARECCHI&BITE 66CPR,1,0.3,0.05,0,si,si,22,0,2.44,vende-rete
Farmacia Procaccini,950851939,NUTRIAGE GEL CREAM 50ML,1,0.3,0.05,0,no,si,13,0,10.37,no-vend-7g
Farmacia Procaccini,906068642,BURRO KARITE 100G,1,0.3,0.05,0,no,si,9,0,1.27,no-vend-7g
Farmacia Procaccini,989252325,CERAVE DETERGENTE IMPERF 473ML,1,0.3,0.05,0,no,si,35,1,4.27,no-vend-7g
Farmacia Procaccini,989056015,SUPRADYN RICARICA PRO B12 10FL,1,0.3,0.05,0,no,si,99,7,1.69,no-vend-7g
Farmacia Procaccini,951098540,MYOCARE 30BUST,1,0.3,0.05,0,si,si,2,0,4.03,vende-rete
Farmacia Procaccini,042028023,OKITASK*OS GRAT 20BUST 40MG,1,0.3,0.05,0,si,si,99,26,1.85,vende-rete
Farmacia Procaccini,926574613,CH ANTIZANZ ULTRASUONI SPINA,1,0.3,0.05,0,si,si,4,2,1.84,vende-rete
Farmacia Procaccini,925833105,LAUFWUNDER CR PELLI SCREP 75ML,1,0.3,0.05,0,no,si,10,0,2.02,no-vend-7g
Farmacia Procaccini,934425784,DANASE 20CPR,1,0.3,0.05,0,si,si,5,0,2.01,vende-rete
Farmacia Procaccini,980287054,DEFENCE HAIR BALSAMO NUTR200ML,1,0.3,0.05,0,no,si,1,9,0.98,no-vend-7g
Farmacia Procaccini,924994736,PULSOXIMETRO OXY-3,1,0.3,0.05,0,no,si,4,0,4.34,no-vend-7g
Farmacia Procaccini,037899010,"FROBEN RAFFREDDORE*15ML 0,05%",1,0.3,0.05,0,no,si,4,12,1.17,no-vend-7g
Farmacia Procaccini,921670093,ZETAMAX PUMP SPRAY 300ML,1,0.3,0.05,0,no,si,4,0,4.09,no-vend-7g
Farmacia Procaccini,984623874,TONIMER PHYSIO MONOD 60FL 5ML,1,0.3,0.05,0,no,si,4,4,1.12,no-vend-7g
Farmacia Procaccini,947417073,RIDONNA RELAX 30CPR,1,0.3,0.05,0,no,si,3,0,2.76,no-vend-7g
Farmacia Procaccini,971192834,VERGA D'ORO ESTR INTEGR 200ML,1,0.3,0.05,0,no,si,9,0,2.61,no-vend-7g
Farmacia Procaccini,921394235,NATURAFLORA PLUS 60CPS VEG,1,0.3,0.05,0,si,si,18,0,4.45,vende-rete
Farmacia Procaccini,986967533,XAMAMINA REFLUSSO 0-12 200ML,1,0.3,0.05,0,si,si,2,2,2.17,vende-rete
Farmacia Procaccini,936169503,AURASTOP 20BUST,1,0.3,0.05,0,no,si,2,0,2.90,no-vend-7g
Farmacia Procaccini,921383295,TIODET-ZNP DETERGENTE 200ML,1,0.3,0.05,0,si,si,5,0,2.79,vende-rete
Farmacia Procaccini,933080196,RESVIS FLUID XR BIOFUTURA 12BU,1,0.3,0.05,0,no,si,99,2,4.10,no-vend-7g
Farmacia Procaccini,981042981,RILASTIL XEROLACT PB BALS400ML,1,0.3,0.05,0,no,si,6,0,4.76,no-vend-7g
Farmacia Procaccini,023907025,BETADINE*SOLUZ VAG 5FL+5F+5CAN,1,0.3,0.05,0,si,si,99,2,3.27,vende-rete
Farmacia Procaccini,026630020,"IRIDINA DUE*COLL 10ML 0,5MG/ML",1,0.3,0.05,0,si,si,14,35,0.54,vende-rete
Farmacia Procaccini,983702301,SINTOS FORTE 15CPS,1,0.3,0.05,0,si,si,1,0,5.04,vende-rete
Farmacia Procaccini,970430070,ETAS CORPO 200ML,1,0.3,0.05,0,no,si,6,0,4.61,no-vend-7g
Farmacia Procaccini,984645059,CERAVE SIERO ANTI SEGNI RETIN,1,0.3,0.05,0,si,si,9,5,2.23,vende-rete
Farmacia Procaccini,950906418,MYO AC COMPRESSE PHARCOS 30CPR,1,0.3,0.05,0,si,si,4,0,3.31,vende-rete
Farmacia Procaccini,982138671,NKLIFE AHCC 150ML,1,0.3,0.05,0,si,si,2,0,7.39,vende-rete
Farmacia Procaccini,951091875,EUCERIN DC DET PURIF 400ML,1,0.3,0.05,0,no,si,21,0,3.48,no-vend-7g
Farmacia Procaccini,930212131,PENTA U10 CREMA 1000ML,1,0.3,0.05,0,si,si,19,0,3.54,vende-rete
Farmacia Procaccini,942845607,LIVEDREN CREMA 200ML,1,0.3,0.05,0,no,si,2,0,2.43,no-vend-7g
Farmacia Procaccini,987718792,ORALB POWER ORAL CENTER+IO6,1,0.3,0.05,0,no,si,5,0,27.47,no-vend-7g
Farmacia Procaccini,982593170,"OCUTEARS HYDRO+ 0,4% 15X0,35ML",1,0.3,0.05,0,si,si,3,0,1.51,vende-rete
Farmacia Procaccini,989052788,TRIVIS UV 30CPS,1,0.3,0.05,0,no,si,2,0,4.74,no-vend-7g
Farmacia Procaccini,980248987,COLASIL 30CPS,1,0.3,0.05,0,si,si,2,0,4.80,vende-rete
Farmacia Procaccini,978691703,KAMINOX SCIROPPO 60ML,1,0.3,0.05,0,no,si,1,0,5.40,no-vend-7g
Farmacia Procaccini,926888785,VERTIGOVAL 20CPR,1,0.3,0.05,0,si,si,36,0,4.18,vende-rete
Farmacia Procaccini,986913756,SEBIUM HYDRA CLEANSER 200ML,1,0.3,0.05,0,no,si,3,1,1.92,no-vend-7g
Farmacia Procaccini,977367921,NUTRIVA DIUREVAL 15STICK PACK,1,0.3,0.05,0,no,si,1,0,2.41,no-vend-7g
Farmacia Procaccini,989888983,FLAMINAL FORTE 25G,1,0.3,0.05,0,no,si,2,0,5.95,no-vend-7g
Farmacia Procaccini,905169722,ULTRA TAN 30CPS,1,0.3,0.05,0,si,si,8,0,1.69,vende-rete
Farmacia Procaccini,926084880,MICOCORD 70CPS,1,0.3,0.05,0,no,si,7,0,7.48,no-vend-7g
Farmacia Procaccini,951175900,SNS1 OP 30BUST,1,0.3,0.05,0,no,si,3,0,7.57,no-vend-7g
Farmacia Procaccini,902711581,DINABASE 7 ADESIVO DENTIERE,1,0.3,0.05,0,no,si,18,0,1.68,no-vend-7g
Farmacia Procaccini,949869349,MACULVIST 20CPR RIVESTITE,1,0.3,0.05,0,no,si,7,0,2.31,no-vend-7g
Farmacia Procaccini,909814194,INTIMO VEGETALE 250ML,1,0.3,0.05,0,no,si,1,0,1.23,no-vend-7g
Farmacia Procaccini,952094567,PROBIOBENE JUNIOR 18STICK ORO,1,0.3,0.05,0,no,si,1,0,2.72,no-vend-7g
Farmacia Procaccini,974656480,PARODONTAX CP COOL MINT 75ML,1,0.3,0.05,0,no,si,9,12,1.07,no-vend-7g
Farmacia Procaccini,951358353,DORSOLOMBOTECH CORSETTO TG 4,1,0.3,0.05,0,no,si,3,0,23.67,no-vend-7g
Farmacia Procaccini,952110272,BIONIKE SHINE ON NC BALS RISTR,1,0.3,0.05,0,no,si,5,3,1.68,no-vend-7g
Farmacia Procaccini,975536549,ANTHELIOS ULTRA FLUIDO30+ 50ML,1,0.3,0.05,0,no,si,16,3,2.26,no-vend-7g
Farmacia Procaccini,971671464,EFFACLAR ACQUA MICELL P G400ML,1,0.3,0.05,0,no,si,5,1,3.72,no-vend-7g
Farmacia Procaccini,951050653,SAUGELLA UNDER THE SKIN BUNDLE,1,0.3,0.05,0,no,si,2,7,1.56,no-vend-7g
Farmacia Procaccini,942819412,FERTASK 20STICK PACK,1,0.3,0.05,0,si,si,2,0,3.24,vende-rete
Farmacia Procaccini,973292992,BIONIKE DEFENCE HAIR SH D200ML,1,0.3,0.05,0,no,si,10,18,0.97,no-vend-7g
Farmacia Procaccini,939224806,NEW ASPIRET RESTYLESHED 1L,1,0.3,0.05,0,si,si,2,0,17.97,vende-rete
Farmacia Procaccini,972592428,HEMA PLEX 60CPS,1,0.3,0.05,0,si,si,1,0,3.65,vende-rete
Farmacia Procaccini,979323060,TRIDERM INTIMATE ANTIBATT500ML,1,0.3,0.05,0,no,si,4,4,1.36,no-vend-7g
Farmacia Procaccini,978862326,ANTHELIOS SHAKA SPRAY 30 200ML,1,0.3,0.05,0,si,si,99,0,4.64,vende-rete
Farmacia Procaccini,990648166,IRYLAC LACRIMA ARTIFICIALE10ML,1,0.3,0.05,0,no,si,1,0,1.74,no-vend-7g
Farmacia Procaccini,903529016,VARISAN LUILEI COT1520 ADNE4,1,0.3,0.05,0,si,si,2,0,3.62,vende-rete
Farmacia Procaccini,902092143,SECURDRAIN VIA SACCA UR750 T10,1,0.3,0.05,0,si,si,2,0,2.54,vende-rete
Farmacia Procaccini,951128154,ERACISTAL BIOTIC 5BUST,1,0.3,0.05,0,si,si,2,0,3.56,vende-rete
Farmacia Procaccini,984867212,RILASTIL OLIO DERMATOL SPF50+,1,0.3,0.05,0,si,si,12,12,1.66,vende-rete
Farmacia Procaccini,982932194,SILIPLUS 30CPR,1,0.3,0.05,0,no,si,3,0,3.72,no-vend-7g
Farmacia Procaccini,902520182,GRANI DI LUNGA VITA 33G,1,0.3,0.05,0,si,si,6,0,1.22,vende-rete
Farmacia Procaccini,988303071,DENTIHEX GEL DENTALE ADES C/G,1,0.3,0.05,0,no,si,1,0,2.10,no-vend-7g
Farmacia Procaccini,950069916,RILASTIL DIFESA TRATT A/ROSSOR,1,0.3,0.05,0,si,si,4,5,2.79,vende-rete
Farmacia Procaccini,933869974,LITOCALC 30BUST,1,0.3,0.05,0,no,si,3,0,2.52,no-vend-7g
Farmacia Procaccini,935569133,SOLIVEN 30CPS BIOSLINE,1,0.3,0.05,0,si,si,6,0,2.18,vende-rete
Farmacia Procaccini,050039015,"KETAZED*COLL FL 10ML 0,25MG/ML",1,0.3,0.05,0,si,si,9,0,2.55,vende-rete
Farmacia Procaccini,950837219,KIJIMEA FLORACARE 10CPS,1,0.3,0.05,0,no,si,6,0,2.85,no-vend-7g
Farmacia Procaccini,950836205,MAVOSTEN MAGNESIO 60CPS,1,0.3,0.05,0,no,si,4,0,0.00,no-vend-7g
Farmacia Procaccini,980459034,VIDERMINA LUBRIPIU' CR INTIMA,1,0.3,0.05,0,si,si,2,5,3.62,vende-rete
Farmacia Procaccini,935057315,"BIOKAP NUTRIC 6,0 BIO TABACCO",1,0.3,0.05,0,si,si,24,0,1.31,vende-rete
Farmacia Procaccini,938751649,PSORISDIN SHAMPOO,1,0.3,0.05,0,no,si,24,0,3.17,no-vend-7g
Farmacia Procaccini,951047354,PSIPROTO MAMMA100CPR GASTRORES,1,0.3,0.05,0,no,si,5,0,8.28,no-vend-7g
Farmacia Procaccini,903980530,AVENE ACQUA TERMALE SPR 150ML,1,0.3,0.05,0,no,si,99,1,1.04,no-vend-7g
Farmacia Procaccini,924297930,IPPOCASTANO LIQ ANAL GEMMO 10+,1,0.3,0.05,0,no,si,5,0,1.90,no-vend-7g
Farmacia Procaccini,923744256,IMMUNOTHER 30 BUSTE,1,0.3,0.05,0,no,si,2,0,6.31,no-vend-7g
Farmacia Procaccini,951571684,DERCOS TECHNIQUE SH ENERG REF,1,0.3,0.05,0,si,si,15,0,1.82,vende-rete
Farmacia Procaccini,908579004,KLOMA STIM LOZIONE 100ML,1,0.3,0.05,0,si,si,1,0,5.55,vende-rete
Farmacia Procaccini,950150589,BIOSCALIN MENOPAUSA SH RI400ML,1,0.3,0.05,0,no,si,7,6,1.73,no-vend-7g
Farmacia Procaccini,980771974,CLX WIPES 40SALV,1,0.3,0.05,0,no,si,2,0,2.30,no-vend-7g
Farmacia Procaccini,987646421,VIDERMINA CLX 500ML SP,1,0.3,0.05,0,no,no,99,1,2.75,MORTO
Farmacia Procaccini,909731996,GLORIAM GAMB STRO361 MX MLU,1,0.3,0.05,0,no,no,99,0,16.76,MORTO
Farmacia Procaccini,931375695,PAPAVERO SOAVE PROFUMO 100ML,1,0.3,0.05,0,no,no,7,3,12.97,MORTO
Farmacia Procaccini,940885837,AVENE BODY BALSAMO CORPO 250ML,1,0.3,0.05,0,no,no,1,4,3.29,MORTO
Farmacia Procaccini,970139768,BARINUTRICS CALCIO AR/LIM90CPR,1,0.3,0.05,0,no,no,4,0,4.80,MORTO
Farmacia Procaccini,951331558,RILASTIL ACNESTIL GEL DET500ML,1,0.3,0.05,0,no,no,4,3,2.75,MORTO
Farmacia Procaccini,927178095,DERMON INTIMO ATTIVO 250ML,1,0.3,0.05,0,no,no,99,0,1.06,MORTO
Farmacia Procaccini,922591274,NUTRIVA JALURONICOS 30CPR,1,0.3,0.05,0,no,no,10,0,2.36,MORTO
Farmacia Procaccini,986460754,PAMPERS PROG MIDI 27PZ,1,0.3,0.05,0,no,no,1,0,2.08,MORTO
Farmacia Procaccini,926392756,CATALITIC K 20AMP,1,0.3,0.05,0,no,no,10,0,3.21,MORTO
Farmacia Procaccini,951991177,KLORANE BALS CHIN CRES200ML PL,1,0.3,0.05,0,no,no,4,4,3.07,MORTO
Farmacia Procaccini,986475541,PROTEINE VEGETALI 270G,1,0.3,0.05,0,no,no,5,0,2.65,MORTO
Farmacia Procaccini,975761356,POLIDENT AZIONE TOTALE 66CPR,1,0.3,0.05,0,no,no,6,21,1.12,MORTO
Farmacia Procaccini,980287066,DEFENCE HAIR SH EXTRA DEL200ML,1,0.3,0.05,0,no,no,99,23,1.19,MORTO
Farmacia Procaccini,975019151,BENDA DAUERBINDE K 12X700 1PZ,1,0.3,0.05,0,no,no,3,0,8.70,MORTO
Farmacia Procaccini,909918169,SFIGMO ANER KOBOLD ERKA,1,0.3,0.05,0,no,no,2,0,35.55,MORTO
Farmacia Procaccini,931351593,KAMILA COMFORT 140D NERO 2,1,0.3,0.05,0,no,no,1,0,3.92,MORTO
Farmacia Procaccini,943941839,TARANIS PREPARATO DOLCI 300G,1,0.3,0.05,0,no,no,1,0,3.94,MORTO
Farmacia Procaccini,903440028,L'AMANDE MARS CR CRP OLIO OLIV,1,0.3,0.05,0,no,no,1,0,2.20,MORTO
Farmacia Procaccini,104058033,"EFFIPRO*FL SPRAY 500ML2,5MG/ML",1,0.3,0.05,0,no,no,1,0,10.45,MORTO
Farmacia Procaccini,983747003,APROPOS TUSS SCIR BAMBINI150ML,1,0.3,0.05,0,no,no,1,4,1.15,MORTO
Farmacia Procaccini,942790268,VARISAN ETHERE1520 ATPA PO3N,1,0.3,0.05,0,no,no,99,0,8.63,MORTO
Farmacia Procaccini,986329377,ENTEROLACTIS FIBRA LIQUIDA12FL,1,0.3,0.05,0,no,no,99,0,1.47,MORTO
Farmacia Procaccini,945140162,EUPH COLORPRO XD 807 BIOND,1,0.3,0.05,0,no,no,99,1,1.68,MORTO
Farmacia Procaccini,924860935,MICROLIFE NO CONTACT NC150,1,0.3,0.05,0,no,no,99,0,5.54,MORTO
Farmacia Procaccini,971131343,MIRTILLO NERO ESTR INTEGR200ML,1,0.3,0.05,0,no,no,1,0,2.11,MORTO
Farmacia Procaccini,987043698,PSIPROTO NOCCIOLA 300G,1,0.3,0.05,0,no,no,99,0,7.50,MORTO
Farmacia Procaccini,923289324,BEURER BM40 MISURATORE PRESS,1,0.3,0.05,0,no,no,2,0,7.04,MORTO
Farmacia Procaccini,950127480,C20 BIOTIC RECHARGEABLE 50ML,1,0.3,0.05,0,no,no,5,3,4.56,MORTO
Farmacia Procaccini,941970802,ANIVAL BETA 30CPR,1,0.3,0.05,0,no,no,99,0,2.32,MORTO
Farmacia Procaccini,951031867,POTASSIO COLLOIDAL PLUS 100ML,1,0.3,0.05,0,no,no,99,0,2.95,MORTO
Farmacia Procaccini,913438305,NEW BONUS PUNCHED BYCAST BI 43,1,0.3,0.05,0,no,no,99,0,11.10,MORTO
Farmacia Procaccini,989869084,DEO PRO ACTIVE VAPO 100G PROMO,1,0.3,0.05,0,no,no,99,3,1.33,MORTO
Farmacia Procaccini,952100131,EUPHIDRA ROSSETTO LUM SCARLAT,1,0.3,0.05,0,no,no,1,4,1.63,MORTO
Farmacia Procaccini,104069012,EFFIPRO*4PIP GATTI,1,0.3,0.05,0,no,no,7,0,3.57,MORTO
Farmacia Procaccini,945102123,ACQUA PROFUMATA NEROLI VETIVER,1,0.3,0.05,0,no,no,1,2,1.45,MORTO
Farmacia Procaccini,982182949,FORTIMEL ADVANCED FRA 4X200ML,1,0.3,0.05,0,no,no,1,0,8.15,MORTO
Farmacia Procaccini,983521131,BEURER 50STR GL48/GL49,1,0.3,0.05,0,no,no,4,0,0.00,MORTO
Farmacia Procaccini,912532633,DEFENCE BODY ANTICELL 400ML,1,0.3,0.05,0,no,no,99,0,6.29,MORTO
Farmacia Procaccini,951598820,SEBIUM GEL MOUSSANT 400ML,1,0.3,0.05,0,no,no,99,7,2.50,MORTO
Farmacia Procaccini,931509044,FERFOLC GOCCE 15ML,1,0.3,0.05,0,no,no,9,0,2.10,MORTO
Farmacia Procaccini,940885522,AVENE COUVRANCE FDT NATURALE,1,0.3,0.05,0,no,no,7,1,3.34,MORTO
Farmacia Procaccini,984402077,FLOSTADOL 12SUPP,1,0.3,0.05,0,no,no,2,0,2.76,MORTO
Farmacia Procaccini,987492422,CH GIOCO FD PURRING CAT,1,0.3,0.05,0,no,no,13,0,3.90,MORTO
Farmacia Procaccini,982772954,TRICOREAL PLUS 30CPS,1,0.3,0.05,0,no,no,2,0,3.44,MORTO
Farmacia Procaccini,909966588,BIO VITAE NORM 30G ASTRUM,1,0.3,0.05,0,no,no,99,0,1.40,MORTO
Farmacia Procaccini,913500575,Durex Intense Pure Fantasy,1,0.3,0.05,0,no,no,4,1,3.06,MORTO
Farmacia Procaccini,938471683,SALI DI EPSOM POLVERE 500G,1,0.3,0.05,0,no,no,4,0,1.57,MORTO
Farmacia Procaccini,924519681,IMMUNITY ASSIST TOTAL 70CPS,1,0.3,0.05,0,no,no,1,0,5.19,MORTO
Farmacia Procaccini,943376689,ALOMAP 175G,1,0.3,0.05,0,no,no,3,0,4.89,MORTO
Farmacia Procaccini,935572154,OMEGA RX3 1200 100+20PRL OMAGG,1,0.3,0.05,0,no,no,99,0,5.55,MORTO
Farmacia Procaccini,990540433,ARKOCAPSULE PARTENIO BIO 45CPS,1,0.3,0.05,0,no,no,2,0,2.89,MORTO
Farmacia Procaccini,986987840,NOVAMIR 20BUST,1,0.3,0.05,0,no,no,4,0,4.39,MORTO
Farmacia Procaccini,986496964,MIGAPROS 30CPS,1,0.3,0.05,0,no,no,99,0,3.82,MORTO
Farmacia Procaccini,904092222,ORIONE OK PED G100 SEPAR ALL L,1,0.3,0.05,0,no,no,99,0,1.19,MORTO
Farmacia Procaccini,951047620,BIOCLIN DEO CONTROL CREMA 30ML,1,0.3,0.05,0,no,no,99,0,2.60,MORTO
Farmacia Procaccini,981079801,FORMULA Z BRACCIALETTO BABY,1,0.3,0.05,0,no,no,5,0,2.03,MORTO
Farmacia Procaccini,936005382,BALAMAL GEL SAPONE INTIMO250ML,1,0.3,0.05,0,no,no,99,0,2.52,MORTO
Farmacia Procaccini,933462855,FLEBOGELAR 30CPR,1,0.3,0.05,0,no,no,99,0,2.76,MORTO
Farmacia Procaccini,987221456,CUMAVIS CREMA 100ML,1,0.3,0.05,0,no,no,5,0,2.85,MORTO
Farmacia Procaccini,990408027,FIORI D'ARANCIO BEAUTY POCHET,1,0.3,0.05,0,no,no,1,8,2.89,MORTO
Farmacia Procaccini,908595200,LADERM CREMA 30ML,1,0.3,0.05,0,no,no,99,0,1.35,MORTO
Farmacia Procaccini,907741870,GUANTO EL STR RO 85CM 50PZ,1,0.3,0.05,0,no,no,99,0,2.89,MORTO
Farmacia Procaccini,983191457,AUTAN DEFENSE GENTLE 100ML,1,0.3,0.05,0,no,no,8,36,1.39,MORTO
Farmacia Procaccini,931029363,DONNADET MOUSSE DET 200ML,1,0.3,0.05,0,no,no,3,0,2.98,MORTO
Farmacia Procaccini,949970697,DR VITI COLLAGENE CR CRP 200ML,1,0.3,0.05,0,no,no,4,0,1.96,MORTO
Farmacia Procaccini,904665534,DER-MYC MOUSSE IDR CUTE MUCOSE,1,0.3,0.05,0,no,no,99,0,2.28,MORTO
Farmacia Procaccini,987361312,GLUTATIONE SUPREMO 180PAST,1,0.3,0.05,0,no,no,9,0,12.19,MORTO
Farmacia Procaccini,989893197,NUXE SUN OLIO SOL DOR30 150ML,1,0.3,0.05,0,no,no,2,11,3.10,MORTO
Farmacia Procaccini,989894480,PREMIER CRU CREMA OCCHI15ML,1,0.3,0.05,0,no,no,13,17,12.79,MORTO
Farmacia Procaccini,987025665,PIC EASY WASH PERA CAN 224ML,1,0.3,0.05,0,no,no,6,0,1.20,MORTO
Farmacia Procaccini,905604892,BILANCIA DIGIT DIET,1,0.3,0.05,0,no,no,2,0,10.66,MORTO
Farmacia Procaccini,951272968,AVENE GOMMAGE DELICATO VIS50ML,1,0.3,0.05,0,no,no,99,1,3.16,MORTO
Farmacia Procaccini,927456665,OSTODOL 24CPS,1,0.3,0.05,0,no,no,99,0,2.35,MORTO
Farmacia Procaccini,913588341,POLFIT POLSIERA SEMPL 19 SX L,1,0.3,0.05,0,no,no,1,0,4.34,MORTO
Farmacia Procaccini,950939102,LEVIALIFE CREMA 75ML,1,0.3,0.05,0,no,no,5,0,4.20,MORTO
Farmacia Procaccini,913175598,"LEUKOTAPE K TAPING 2,5X500 BLU",1,0.3,0.05,0,no,no,1,0,3.63,MORTO
Farmacia Procaccini,913666119,FITOMATER SPACCAPIETRA 50ML,1,0.3,0.05,0,no,no,99,0,1.72,MORTO
Farmacia Procaccini,984703102,PARODONTAX COLLUTORIO PROT GEN,1,0.3,0.05,0,no,no,11,8,1.34,MORTO
Farmacia Procaccini,952051896,ORG PH CREMA VISO A/AGE 50ML,1,0.3,0.05,0,no,no,1,0,8.40,MORTO
Farmacia Procaccini,946450398,BIANCO D'AMBRA EDP 100ML,1,0.3,0.05,0,no,no,7,0,7.30,MORTO
Farmacia Procaccini,902659150,GEMMODERIVATO BETULLA LINFA 50,1,0.3,0.05,0,no,no,1,0,1.47,MORTO
Farmacia Procaccini,986474613,SCHOLL EXPERTCARE ESFOL TALLON,1,0.3,0.05,0,no,no,99,1,1.97,MORTO
Farmacia Procaccini,980817340,THOTALE UNGHIE E CAPELLI 30CPR,1,0.3,0.05,0,no,no,5,0,6.71,MORTO
Farmacia Procaccini,901634446,LADYGLORIA 24 COL 240 DAINO 2,1,0.3,0.05,0,no,no,9,0,10.31,MORTO
Farmacia Procaccini,901538823,VANIGLIA/ZENZERO PROFUMO 50ML,1,0.3,0.05,0,no,no,7,3,8.70,MORTO
Farmacia Procaccini,990906176,HELENA 2027 PERFUME 50 ML,1,0.3,0.05,0,no,no,99,0,2.11,MORTO
Farmacia Procaccini,979798485,CICAVIT+ LEVRES 10G,1,0.3,0.05,0,no,no,3,14,1.16,MORTO
Farmacia Procaccini,982475269,SERENITY MUT SD SENS MX M 15PZ,1,0.3,0.05,0,no,no,5,0,2.48,MORTO
Farmacia Procaccini,906626712,DETEROL BAGNODOCCIA BIFASICO,1,0.3,0.05,0,no,no,99,0,3.00,MORTO
Farmacia Procaccini,952055919,MYCOLLAGENLAB MYCOL HYALO ACT,1,0.3,0.05,0,no,no,99,0,6.55,MORTO
Farmacia Procaccini,951484928,ICTYANE CREMA EMOL 400ML PS,1,0.3,0.05,0,no,no,99,2,6.05,MORTO
Farmacia Procaccini,985910280,ARTIKOL CREMA 100ML,1,0.3,0.05,0,no,no,99,0,0.00,MORTO
Farmacia Procaccini,989635545,SCHOLL FREEZE AWAY MAX VERRUCH,1,0.3,0.05,0,no,no,2,9,4.14,MORTO
Farmacia Procaccini,979204144,PROXALIPID 30CPS,1,0.3,0.05,0,no,no,2,0,3.48,MORTO
Farmacia Procaccini,981350200,VARIFORM GINOCCH COT BEIGE 4,1,0.3,0.05,0,no,no,1,0,2.51,MORTO
Farmacia Procaccini,982089839,KLORANE SHAMPOO CHININA 100ML,1,0.3,0.05,0,no,no,99,3,1.30,MORTO
Farmacia Procaccini,922387218,SIG CO1 AD MN PA NATU,1,0.3,0.05,0,no,no,2,0,17.71,MORTO
Farmacia Procaccini,986857340,CERAVE BALSAMO RIPA AVANZ 50ML,1,0.3,0.05,0,no,no,12,3,2.20,MORTO
Farmacia Procaccini,989707082,FDR DERMO ZZZZ DOPO PUNTURA,1,0.3,0.05,0,no,no,99,0,1.80,MORTO
Farmacia Procaccini,901482392,LACTIS B-COMPLEX 8FL 10ML,1,0.3,0.05,0,no,no,4,0,1.26,MORTO
Farmacia Procaccini,981048085,KARITE' BURRO PURO CRP/VIS/CAP,1,0.3,0.05,0,no,no,99,1,10.02,MORTO
Farmacia Procaccini,974059584,LINES CLAS RETT C/BARRI 30PZ,1,0.3,0.05,0,no,no,3,0,1.70,MORTO
Farmacia Procaccini,973292954,ACNAID CE SAPONE LIQUIDO 300ML,1,0.3,0.05,0,no,no,99,0,3.01,MORTO
Farmacia Procaccini,908858234,PONTEFIX SET FISSAGGIO PONTI,1,0.3,0.05,0,no,no,99,0,4.04,MORTO
Farmacia Procaccini,986958318,RVLIFT LIFT TISANA 50ML RICAR,1,0.3,0.05,0,no,no,7,5,16.47,MORTO
Farmacia Procaccini,989401981,ZZZQUIL NASAL STRIPS26PZ,1,0.3,0.05,0,no,no,4,4,2.36,MORTO
Farmacia Procaccini,982505265,XEODERM POLVERE 50G DM,1,0.3,0.05,0,no,no,99,0,9.54,MORTO
Farmacia Procaccini,951869270,LOMBOGIB WORK H21 TG01,1,0.3,0.05,0,no,no,3,0,9.79,MORTO
Farmacia Procaccini,974848590,BIOSCALIN NUTRICOL IST NERO,1,0.3,0.05,0,no,no,1,5,2.48,MORTO
Farmacia Procaccini,944025396,EUPH COLORPRO XD646 CANNEL,1,0.3,0.05,0,no,no,99,4,1.18,MORTO
Farmacia Procaccini,925832610,MEDI 18 UOMO G.ME NER 1 1850CM,1,0.3,0.05,0,no,no,1,0,3.76,MORTO
Farmacia Procaccini,951862871,BIOCLIN DEO 24H ROLL-ON NF PRO,1,0.3,0.05,0,no,no,99,7,1.14,MORTO
Farmacia Procaccini,943245567,EUPH FILLER CR ANTIR RIDUC,1,0.3,0.05,0,no,no,99,1,5.45,MORTO
Farmacia Procaccini,931581488,LADYGLORIA 18 COL PU/A SAH 2,1,0.3,0.05,0,no,no,99,0,4.08,MORTO
Farmacia Procaccini,926116815,ANTITROMBO SOLIDEA CALZA BI XL,1,0.3,0.05,0,no,no,3,0,4.50,MORTO
Farmacia Procaccini,951880297,MIAMO SKIN DEFENSE 30 STICK,1,0.3,0.05,0,no,no,8,17,10.94,MORTO
Farmacia Procaccini,935864850,UROLIN OROSOLUBILE 14BUST,1,0.3,0.05,0,no,no,99,0,3.33,MORTO
Farmacia Procaccini,971678483,JUNIPERUS C GETTI MG 60ML,1,0.3,0.05,0,no,no,99,0,2.48,MORTO
Farmacia Procaccini,988066217,BIOSCALIN PRO DENSITY CERA MOD,1,0.3,0.05,0,no,no,5,0,1.22,MORTO
Farmacia Procaccini,900540129,LUPPOLO 66 50ML TM,1,0.3,0.05,0,no,no,3,0,2.22,MORTO
Farmacia Procaccini,924421009,MEDI 15 UOMO G.MI NER 3 1550MI,1,0.3,0.05,0,no,no,3,0,4.85,MORTO
Farmacia Procaccini,951884283,KLORANE SIERO CHININ CRES100ML,1,0.3,0.05,0,no,no,99,0,4.83,MORTO
Farmacia Procaccini,912258427,MEDI 21 UOMO G.COTO NER 3 2150,1,0.3,0.05,0,no,no,1,0,3.85,MORTO
Farmacia Procaccini,902574211,IRIS PROFUMO 50ML,1,0.3,0.05,0,no,no,16,5,9.24,MORTO
Farmacia Procaccini,989011945,CREMA PROTEICA 21% PROT NOCC,1,0.3,0.05,0,no,no,3,0,2.00,MORTO
Farmacia Procaccini,933949430,BISENGLUT BISCOTTO GRANULARE,1,0.3,0.05,0,no,no,6,0,1.56,MORTO
Farmacia Procaccini,926084841,MICO LEO 70CPS,1,0.3,0.05,0,no,no,3,0,6.83,MORTO
Farmacia Procaccini,940562541,EUPHIDRA AMIDO OLIO DET 400ML,1,0.3,0.05,0,no,no,3,4,1.62,MORTO
Farmacia Procaccini,973261581,OSTEOPAUSA 40CPR,1,0.3,0.05,0,no,no,6,0,3.05,MORTO
Farmacia Procaccini,937253666,FERNAPYD 30CPS,1,0.3,0.05,0,no,no,99,0,2.83,MORTO
Farmacia Procaccini,925369100,THROMBOSIS 18 ISP GAMB M CORTO,1,0.3,0.05,0,no,no,4,0,3.70,MORTO
Farmacia Procaccini,980912214,SILVANA EMOTIONAL BAGNO EFF SO,1,0.3,0.05,0,no,no,99,0,1.61,MORTO
Farmacia Procaccini,987646573,ZANZATEN STRONG 100ML,1,0.3,0.05,0,no,no,99,0,1.74,MORTO
Farmacia Procaccini,903570051,SERENITY PANN SD EXTRA M 30PZ,1,0.3,0.05,0,no,no,2,0,3.76,MORTO
Farmacia Procaccini,912258163,MEDI 18 UOMO G.COTO BLU 2 1830,1,0.3,0.05,0,no,no,4,0,4.06,MORTO
Farmacia Procaccini,973921606,SCUDOTEX COLLANT 140 EX SKIN 3,1,0.3,0.05,0,no,no,4,0,3.19,MORTO
Farmacia Procaccini,951097272,ALOPECY 100ML NF,1,0.3,0.05,0,no,no,9,0,2.99,MORTO
Farmacia Procaccini,952100093,EUPHIDRA ROSSETTO LUM COUTURE,1,0.3,0.05,0,no,no,99,3,1.63,MORTO
Farmacia Procaccini,906093707,BIOGEL CAPPUCCIO GR BLIST 1PZ,1,0.3,0.05,0,no,no,99,0,1.40,MORTO
Farmacia Procaccini,987378609,PEVIX 20BUST,1,0.3,0.05,0,no,no,2,0,3.74,MORTO
Farmacia Procaccini,900520848,CUFFIA TERMICA CHEMIOTERAPIA,1,0.3,0.05,0,no,no,4,0,51.96,MORTO
Farmacia Procaccini,986885097,MUNUS TEST HELICOBACTER PYLORI,1,0.3,0.05,0,no,no,3,0,1.39,MORTO
Farmacia Procaccini,903528735,VARISAN LUILEI COT1015 ADGR4,1,0.3,0.05,0,no,no,99,0,0.00,MORTO
Farmacia Procaccini,990557997,BERBERINA PURA 45CPR,1,0.3,0.05,0,no,no,2,0,4.27,MORTO
Farmacia Procaccini,935602262,OFTALDERM SHAMPOO 50ML,1,0.3,0.05,0,no,no,99,0,3.70,MORTO
Farmacia Procaccini,986878371,PRANAROM DIGEST CONFORT 21CPR,1,0.3,0.05,0,no,no,6,0,2.18,MORTO
Farmacia Procaccini,927384673,GLORIAM MCR181 AT LU MX BEI XL,1,0.3,0.05,0,no,no,2,0,16.19,MORTO
Farmacia Procaccini,921148324,POTASSIUM COMPOSITUM 180PAST,1,0.3,0.05,0,no,no,17,0,2.18,MORTO
Farmacia Procaccini,900424300,ANTEVAL SERUM 30ML,1,0.3,0.05,0,no,no,99,0,3.09,MORTO
Farmacia Procaccini,945140111,EUPH TEMPERAMATITE ANT MAT,1,0.3,0.05,0,no,no,99,3,0.90,MORTO
Farmacia Procaccini,952100218,EUPHIDRA TERRA ILLUMINANTE NAT,1,0.3,0.05,0,no,no,1,2,2.15,MORTO
Farmacia Procaccini,975189313,FLAVIS CAKE MIX 500G,1,0.3,0.05,0,no,no,4,0,1.57,MORTO
Farmacia Procaccini,972264636,BLEFASTOP GARZA COT PIE RX 28P,1,0.3,0.05,0,no,no,1,0,3.40,MORTO
Farmacia Procaccini,911056481,TACHI MU GOCCE 30ML,1,0.3,0.05,0,no,no,99,0,2.98,MORTO
Farmacia Procaccini,931450237,GIBAUD ORTHO MANUGIB 20 SX 3,1,0.3,0.05,0,no,no,4,0,5.29,MORTO
Farmacia Procaccini,921116327,SCUDOTEX GAMB 70 EX NATURE 4,1,0.3,0.05,0,no,no,1,0,1.81,MORTO
Farmacia Procaccini,920891847,DOLODIE CREMA 75ML,1,0.3,0.05,0,no,no,1,0,2.38,MORTO
Farmacia Procaccini,942872060,FILME GYNO V 6OV,1,0.3,0.05,0,no,no,18,0,3.46,MORTO
Farmacia Procaccini,990559775,VITABENIMMUNO BABY GOCCE 12ML,1,0.3,0.05,0,no,no,7,0,4.59,MORTO
Farmacia Procaccini,901312254,LEM SFIGMO ANER,1,0.3,0.05,0,no,no,99,0,0.00,MORTO
Farmacia Procaccini,907254751,IDEAL SOLEIL AUTOABBR VISO/CRP,1,0.3,0.05,0,no,no,1,3,2.12,MORTO
Farmacia Procaccini,974890612,GARZA MEDS FARMACTIVE ST 10X10,1,0.3,0.05,0,no,no,99,0,2.26,MORTO
Farmacia Procaccini,921034498,ALPECIN ENERGIZER TON DOPOSH,1,0.3,0.05,0,no,no,3,0,1.51,MORTO
Farmacia Procaccini,936048115,EUPH COLORPRO XD600 BIO SC,1,0.3,0.05,0,no,no,99,4,1.59,MORTO
Farmacia Procaccini,971130582,MEDI 18 COLL-CAL SAB 3 1404CA,1,0.3,0.05,0,no,no,2,0,4.25,MORTO
Farmacia Procaccini,975973001,GIBAUD ORTHO ACT H35 CORS LS 4,1,0.3,0.05,0,no,no,8,0,13.51,MORTO
Farmacia Procaccini,982913269,LE GOCCE DI OLIMPO RIL 50ML,1,0.3,0.05,0,no,no,3,0,2.60,MORTO
Farmacia Procaccini,950127478,C EYE BIOTIC 15ML,1,0.3,0.05,0,no,no,99,5,5.51,MORTO
Farmacia Procaccini,950975856,MACULA START 30CPR RM,1,0.3,0.05,0,no,no,99,0,4.57,MORTO
Farmacia Procaccini,900350657,EMERGENCY ESS AUSTRALIAN 30ML,1,0.3,0.05,0,no,no,3,0,4.24,MORTO
Farmacia Procaccini,974010516,SONOTIX DETERGENTE AURIC 120ML,1,0.3,0.05,0,no,no,99,0,3.20,MORTO
Farmacia Procaccini,982475271,SERENITY MUT SD SENS MX L 15PZ,1,0.3,0.05,0,no,no,7,0,2.08,MORTO
Farmacia Procaccini,902777818,SOWASH IDROPULSORE RIC 2PZ,1,0.3,0.05,0,no,no,99,0,1.90,MORTO
Farmacia Procaccini,944064462,I SORBETTI COCOMINT EDT 30ML,1,0.3,0.05,0,no,no,99,0,2.93,MORTO
Farmacia Procaccini,990387829,VISCOLON 30CPR GASTRORESIST,1,0.3,0.05,0,no,no,99,0,3.57,MORTO
Farmacia Procaccini,989679434,AGO EASY FARFALLA G21 100PZ,1,0.3,0.05,0,no,no,99,0,7.62,MORTO
Farmacia Procaccini,941802100,PIOIMM 20CPR,1,0.3,0.05,0,no,no,3,0,5.24,MORTO
Farmacia Procaccini,981467816,VERUM FORTELAX 80CPR,1,0.3,0.05,0,no,no,99,2,1.27,MORTO
Farmacia Procaccini,905042382,PAPAIA OROSORUBILE 30BUST,1,0.3,0.05,0,no,no,99,0,4.55,MORTO
Farmacia Procaccini,902722228,EUPHIDRA SKIN REVEIL CR IDRORE,1,0.3,0.05,0,no,no,1,1,3.30,MORTO
Farmacia Procaccini,037184049,DICLOREUM UNIDIE*8CER 136MG24H,1,0.3,0.05,0,no,no,99,4,4.70,MORTO
Farmacia Procaccini,982951269,KERTYOL PSO BALSAMO IDRAT QUOT,1,0.3,0.05,0,no,no,3,4,4.34,MORTO
Farmacia Procaccini,990547844,PROBIOFLOR MAXI 30CPS,1,0.3,0.05,0,no,no,2,0,4.60,MORTO
Farmacia Procaccini,902684315,PERSPIREX FOOT LOT ANTITR PIED,1,0.3,0.05,0,no,no,7,4,2.84,MORTO
Farmacia Procaccini,952098756,EUCERIN ANTI-PIGMENT CREMA CRP,1,0.3,0.05,0,no,no,99,0,5.32,MORTO
Farmacia Procaccini,986904504,GIBAUD FASCIA POSTOP CLA H30 2,1,0.3,0.05,0,no,no,2,0,5.92,MORTO
Farmacia Procaccini,950062582,HYPERNASE NASAL SPRAY AD 15ML,1,0.3,0.05,0,no,no,99,0,0.00,MORTO
Farmacia Procaccini,950480968,AGLUTEN TIGELLE 4PZ 35G,1,0.3,0.05,0,no,no,99,0,1.01,MORTO
Farmacia Procaccini,977404704,CURCUMA&PIPERINA PLUS RAI60CPS,1,0.3,0.05,0,no,no,99,0,3.17,MORTO
Farmacia Procaccini,950069955,RILASTIL XEROLACT OLIO DET,1,0.3,0.05,0,no,no,2,0,3.38,MORTO
Farmacia Procaccini,906953575,GEHWOL BALS PIEDI P/SEC 75ML,1,0.3,0.05,0,no,no,7,0,1.78,MORTO
Farmacia Procaccini,970517518,FORDENT SUPERFIX CREMA AD 40ML,1,0.3,0.05,0,no,no,99,0,1.14,MORTO
Farmacia Procaccini,971485370,QUINOA SOFFIATA 125G,1,0.3,0.05,0,no,no,7,0,2.34,MORTO
Farmacia Procaccini,904081080,BUSTO ORTO CRISSC EL LOMB XL,1,0.3,0.05,0,no,no,99,0,14.12,MORTO
Farmacia Procaccini,981350186,VARIFORM GINOCCH COT BEIGE 2,1,0.3,0.05,0,no,no,2,0,2.50,MORTO
Farmacia Procaccini,950441030,CLOG SUPERCOMF B/S BYC U WHI38,1,0.3,0.05,0,no,no,1,0,8.74,MORTO
Farmacia Procaccini,989980937,METAFOLIC+ 30CPS,1,0.3,0.05,0,no,si,5,0,1.93,no-vend-7g
Farmacia Procaccini,931127993,VALDISPERT GOCCE SONNO RAP30ML,1,0.3,0.05,0,no,no,2,10,1.48,MORTO
Farmacia Procaccini,951468141,STABILE 30STICK OROSOLUBILI,1,0.3,0.05,0,no,no,6,0,5.92,MORTO
Farmacia Procaccini,974988329,DOAFER 30CPS,1,0.3,0.05,0,no,no,7,0,2.57,MORTO
Farmacia Procaccini,970655092,SIG 701 AG-MOSX + ML PA CRIS,1,0.3,0.05,0,no,no,1,0,12.18,MORTO
Farmacia Procaccini,952099277,EUPHIDRA BB CREMA COLOR BEIGE,1,0.3,0.05,0,no,no,2,4,2.62,MORTO
Farmacia Procaccini,970722334,ONYCOPHASE SOL UNGUEALE15+15ML,1,0.3,0.05,0,no,no,4,0,3.47,MORTO
Farmacia Procaccini,986921740,FLAVIS DELIZIA ALLE ERBE 130G,1,0.3,0.05,0,no,no,99,0,1.26,MORTO
Farmacia Procaccini,931005957,ELLEFFE 100 PLUS 20CPR,1,0.3,0.05,0,no,no,2,2,2.75,MORTO
Farmacia Procaccini,971377193,CORSETTO PLURIVAL 20CM XL,1,0.3,0.05,0,no,no,2,0,12.85,MORTO
Farmacia Procaccini,924296332,SAUBER AREG 140 MICR NE 4,1,0.3,0.05,0,no,no,2,2,5.20,MORTO
Farmacia Procaccini,920904253,SCUDOTEX GAMB 140 OPEN DAINO 5,1,0.3,0.05,0,no,no,4,0,2.26,MORTO
Farmacia Procaccini,950613467,MYVARIATIONS SPAZZ ELET SON VE,1,0.3,0.05,0,no,no,2,0,9.64,MORTO
Farmacia Procaccini,903923617,VIGORPET CANI 20CPR,1,0.3,0.05,0,no,no,99,0,2.17,MORTO
Farmacia Procaccini,949499952,PROFUMI CASA FLORA CAMP SPR150,1,0.3,0.05,0,no,no,99,0,2.33,MORTO
Farmacia Procaccini,901704650,UNICO BAGNO NEON BB 10BUST 15G,1,0.3,0.05,0,no,no,3,0,2.07,MORTO
Farmacia Procaccini,939197303,FITOBIOTUSS BB 150ML,1,0.3,0.05,0,no,no,9,0,1.33,MORTO
Farmacia Procaccini,951332713,DEFENCE COLOR LIFTING FONDOT04,1,0.3,0.05,0,no,no,14,0,5.44,MORTO
Farmacia Procaccini,951106069,AVENE CLEANANCE GEL 400ML PS,1,0.3,0.05,0,no,no,10,47,3.01,MORTO
Farmacia Procaccini,989260892,KELUAL SQUANORM LOZIONE 200ML,1,0.3,0.05,0,no,no,2,1,2.30,MORTO
Farmacia Procaccini,973916909,ARNICA BIANCARDI GEL EXF 200ML,1,0.3,0.05,0,no,no,99,0,2.94,MORTO
Farmacia Procaccini,932236918,NIGHT&DAY RIALZO ANTISHOCK S,1,0.3,0.05,0,no,no,99,0,1.72,MORTO
Farmacia Procaccini,973270743,WELLION GALILEO STRIPS 10 KETO,1,0.3,0.05,0,no,no,99,0,3.36,MORTO
Farmacia Procaccini,905332817,EUPHIDRA AMIDO SHAMPOO OLIO,1,0.3,0.05,0,no,no,99,9,1.14,MORTO
Farmacia Procaccini,903958852,BETOTAL 20CPR RIVESTITE,1,0.3,0.05,0,no,no,47,26,14.84,MORTO
Farmacia Procaccini,906282823,DEFENSOR ECO LOZIONE N/GAS 250,1,0.3,0.05,0,no,no,99,0,2.09,MORTO
Farmacia Procaccini,951272564,SALI DI ISCHIA PROF FICO SELV,1,0.3,0.05,0,no,no,2,0,3.28,MORTO
Farmacia Procaccini,907173797,DELIFAB AI CREMA VISO 50ML,1,0.3,0.05,0,no,no,99,0,3.66,MORTO
Farmacia Procaccini,930547346,Q10 SELEN VIT 24CPS,1,0.3,0.05,0,no,no,99,0,3.31,MORTO
Farmacia Procaccini,931660233,NUROLIT 30CPR,1,0.3,0.05,0,no,no,2,0,2.84,MORTO
Farmacia Procaccini,970338265,OSSEAN LATTE DETERGENTE 200ML,1,0.3,0.05,0,no,no,1,0,3.26,MORTO
Farmacia Procaccini,932714759,FLEBEN 1000 10FL 15ML,1,0.3,0.05,0,no,no,6,0,4.81,MORTO
Farmacia Procaccini,990284263,RILASTIL SKIN R TONICO 200ML,1,0.3,0.05,0,no,no,3,6,2.41,MORTO
Farmacia Procaccini,989676123,GAVISPET GEL 50ML,1,0.3,0.05,0,no,no,1,0,4.49,MORTO
Farmacia Procaccini,970575837,MEDI 18 COLL P AP NAT 4 1405PA,1,0.3,0.05,0,no,no,6,0,5.91,MORTO
Farmacia Procaccini,986115121,MEDI KL1 COT GAMB LU 5 Y54010,1,0.3,0.05,0,no,no,99,0,13.84,MORTO
Farmacia Procaccini,908146602,BIOLASTIC SHAMPOO SPECIALE,1,0.3,0.05,0,no,no,6,0,1.44,MORTO
Farmacia Procaccini,972594182,PIC MISUR PRES MOBILERAPID,1,0.3,0.05,0,no,no,99,0,13.98,MORTO
Farmacia Procaccini,982143366,DOAGYN OVULI VAGINALI 10PZ,1,0.3,0.05,0,no,no,2,0,2.55,MORTO
Farmacia Procaccini,105190019,PREVENDOG*COLLARE CANI PICCOLI,1,0.3,0.05,0,no,no,99,0,3.25,MORTO
Farmacia Procaccini,923744573,SAUBER COL OPTOE 140 MICR MED4,1,0.3,0.05,0,no,no,99,0,5.11,MORTO
Farmacia Procaccini,908243710,CONVEEN GUA STR 30MM 30PZ 5130,1,0.3,0.05,0,no,no,4,0,8.28,MORTO
Farmacia Procaccini,931581526,LADYGLORIA 18 GAMB PU/A SAH 4,1,0.3,0.05,0,no,no,1,0,3.19,MORTO
Farmacia Procaccini,987221304,PRO ORTHIC GUANTI ARTROSICI L,1,0.3,0.05,0,no,no,1,0,6.67,MORTO
Farmacia Procaccini,950425658,SANOTINT SHAMPOO RICCI VIVACI,1,0.3,0.05,0,no,no,1,0,3.64,MORTO
Farmacia Procaccini,951498726,SWING LEGGINGS MASSAG BLACK 4,1,0.3,0.05,0,no,no,99,0,0.00,MORTO
Farmacia Procaccini,974404978,SUN SECURE ECR MI CR VISO 50ML,1,0.3,0.05,0,no,no,1,2,4.25,MORTO
Farmacia Procaccini,950404210,ENERVIT PP PRE WORKOUT 313G,1,0.3,0.05,0,no,no,99,0,6.81,MORTO
Farmacia Procaccini,924286103,PROTEIN UP BARATTOLO 400G,1,0.3,0.05,0,no,no,99,0,6.92,MORTO
Farmacia Procaccini,924829169,MELATONINA CLASSIC 75PAST,1,0.3,0.05,0,no,no,99,0,1.49,MORTO
Farmacia Procaccini,952052114,NOVA ENTERO 4MILIARDI 10FL,1,0.3,0.05,0,no,no,99,0,2.03,MORTO
Farmacia Procaccini,924874579,ACTINICA LOTION 80ML,1,0.3,0.05,0,no,no,99,0,4.41,MORTO
Farmacia Procaccini,936048089,EUPH COLORPRO XD530 CAST D,1,0.3,0.05,0,no,no,99,4,1.59,MORTO
Farmacia Procaccini,922555382,R&R FIORI DI RISO YOGURT 250G,1,0.3,0.05,0,no,no,99,0,1.13,MORTO
Farmacia Procaccini,924995071,VIGORPET GATTI PASTA 50G,1,0.3,0.05,0,no,no,4,0,2.45,MORTO
Farmacia Procaccini,990460077,CH EASY START SET SIL AZZ 6M+,1,0.3,0.05,0,no,no,99,0,3.75,MORTO
Farmacia Procaccini,974081958,SCUDOTEX GAMB 140 EXTRA SKIN 4,1,0.3,0.05,0,no,no,3,0,2.01,MORTO
Farmacia Procaccini,990759678,EUPHIDRA LIP ART DUO ANGURIA,1,0.3,0.05,0,no,no,1,3,2.38,MORTO
Farmacia Procaccini,951862907,BIOCLIN DEO 24H VAPO SP NF PRO,1,0.3,0.05,0,no,no,1,8,1.15,MORTO
Farmacia Procaccini,922556194,FORTIMEL COMPACT PRO CAFF4BOTT,1,0.3,0.05,0,no,no,5,0,1.89,MORTO
Farmacia Procaccini,945102162,CREMA CORPO BERGAMOTTO PATCH,1,0.3,0.05,0,no,no,99,3,1.65,MORTO
Farmacia Procaccini,979069770,PERIPLO PROFUMO 50ML,1,0.3,0.05,0,no,no,9,3,11.88,MORTO
Farmacia Procaccini,931581401,LADYGLORIA 18 AREG PU/A SAH 2,1,0.3,0.05,0,no,no,2,0,3.92,MORTO
Farmacia Procaccini,900498813,CLOREXYDERM SOL 4% SCHIUMA,1,0.3,0.05,0,no,no,5,0,2.34,MORTO
Farmacia Procaccini,909468631,SABAL HOMAC 30ML GTT HEEL,1,0.3,0.05,0,no,no,99,0,3.98,MORTO
Farmacia Procaccini,922374335,FORTE 24CPS,1,0.3,0.05,0,no,no,99,0,1.63,MORTO
Farmacia Procaccini,982145563,FOGLIE DI TE' CREMA CORPO&MANI,1,0.3,0.05,0,no,no,6,3,9.26,MORTO
Farmacia Procaccini,951364456,VITICIST URTO 10BUST,1,0.3,0.05,0,no,no,99,0,2.49,MORTO
Farmacia Procaccini,972380909,BAGNOSCHIUMA ULTRADELICATO,1,0.3,0.05,0,no,no,99,0,0.00,MORTO
Farmacia Procaccini,904326562,SOMATIX 30CPS,1,0.3,0.05,0,no,no,1,0,3.47,MORTO
Farmacia Procaccini,906935186,TIGLIO TISANA 20BUST,1,0.3,0.05,0,no,no,99,0,2.10,MORTO
Farmacia Procaccini,948087945,EUPHIDRA LOZIONE DS 100ML,1,0.3,0.05,0,no,no,99,0,3.11,MORTO
Farmacia Procaccini,979798473,AMPOULE REFRESH YEUX 15ML,1,0.3,0.05,0,no,no,8,3,4.94,MORTO
Farmacia Procaccini,913539161,SIG THR AG-MODX TS ML PA WHIT,1,0.3,0.05,0,no,no,1,0,3.68,MORTO
Farmacia Procaccini,986116453,MEDI KL2 COT MO DX LU 5 Y66310,1,0.3,0.05,0,no,no,1,0,11.77,MORTO
Farmacia Procaccini,952044170,DENSITIUM BI SERUM RICARICABIL,1,0.3,0.05,0,no,no,2,4,8.38,MORTO
Farmacia Procaccini,971104993,ORG PH HYDRATE SHAMPOO 250ML,1,0.3,0.05,0,no,no,99,0,3.10,MORTO
Farmacia Procaccini,945030726,VITICIST PROMO 14BUST+INTIMO,1,0.3,0.05,0,no,no,99,0,1.93,MORTO
Farmacia Procaccini,982526966,NUTRIMIND 60CPS,1,0.3,0.05,0,no,no,1,0,3.81,MORTO
Farmacia Procaccini,990454833,BLANX MED SMILE BEAUTY WHITEN,1,0.3,0.05,0,no,no,99,0,1.59,MORTO
Farmacia Procaccini,907296925,LADYGLORIA 18 GAMB 140 DAI 5,1,0.3,0.05,0,no,no,99,0,2.53,MORTO
Farmacia Procaccini,951484296,GIN BOTANICALS SPRAY CRP SETIF,1,0.3,0.05,0,no,no,6,5,4.06,MORTO
Farmacia Procaccini,977544954,PHYSIOMANCE ENZYM'UP 60CPS,1,0.3,0.05,0,no,no,1,0,4.12,MORTO
Farmacia Procaccini,972522674,ELASTOVEN 20BUST,1,0.3,0.05,0,no,no,14,0,3.35,MORTO
Farmacia Procaccini,981389392,DERMON IDRATANTE CORPO EXTRA,1,0.3,0.05,0,no,no,3,0,1.48,MORTO
Farmacia Procaccini,971130024,MEDI 18 GAMB P.AP SAB 2 2804PA,1,0.3,0.05,0,no,no,99,0,3.58,MORTO
Farmacia Procaccini,921112823,MEDIVEN FOR MEN GAMB NORM K2 3,1,0.3,0.05,0,no,no,2,0,11.13,MORTO
Farmacia Procaccini,950905164,DONNA EXTRA 50G PASTIGLIE,1,0.3,0.05,0,no,no,3,0,3.53,MORTO
Farmacia Procaccini,986971380,GIBAUD ORTHO LIGAGIB GIN ART 2,1,0.3,0.05,0,no,no,9,0,12.31,MORTO
Farmacia Procaccini,909721298,LADYGLORIA 18 COLGEST 140 SAH4,1,0.3,0.05,0,no,no,99,0,4.79,MORTO
Farmacia Procaccini,973719723,NUTRIAGE DAY 50ML,1,0.3,0.05,0,no,no,99,0,4.88,MORTO
Farmacia Procaccini,977254147,EQUIMEL 40CPS,1,0.3,0.05,0,no,no,1,0,2.72,MORTO
Farmacia Procaccini,903438861,SINEAMIN PIPE RIGATE 500G,1,0.3,0.05,0,no,no,99,0,0.92,MORTO
Farmacia Procaccini,972320966,SALI DI ISCHIA CR MASS PAN/FIA,1,0.3,0.05,0,no,no,4,0,2.71,MORTO
Farmacia Procaccini,900975335,ACIDO PANTOTENICO 1000 MG,1,0.3,0.05,0,no,no,2,0,5.20,MORTO
Farmacia Procaccini,904359989,DILATAN PLUS DIL ANAL 30 1PZ,1,0.3,0.05,0,no,no,99,0,3.23,MORTO
Farmacia Procaccini,989634098,FORDERMA IDRATANTE 180CPS,1,0.3,0.05,0,no,no,1,0,6.52,MORTO
Farmacia Procaccini,938224654,GEHWOL ANELLO CORRETTORE 3PZ,1,0.3,0.05,0,no,no,4,0,2.38,MORTO
Farmacia Procaccini,906985282,CALCIO AD3 PLUS 40CPR APPETIB,1,0.3,0.05,0,no,no,99,0,2.48,MORTO
Farmacia Procaccini,904302155,ONICOKER PHARCOS LACC RINF UNG,1,0.3,0.05,0,no,no,5,0,2.72,MORTO
Farmacia Procaccini,976014668,SYNOQUIN EFA M BREED 30CPR,1,0.3,0.05,0,no,no,1,0,4.24,MORTO
Farmacia Procaccini,940050267,I SORBETTI FICOPOP SAPONE LIQ,1,0.3,0.05,0,no,no,99,0,2.20,MORTO
Farmacia Procaccini,045951011,MUSCORIDOL*5CER MED 180MG,1,0.3,0.05,0,no,no,99,0,2.47,MORTO
Farmacia Procaccini,903569465,SERENITY PANN CLAS EX L 30PZ,1,0.3,0.05,0,no,no,4,0,3.41,MORTO
Farmacia Procaccini,986971531,GIBAUD ORTHO J GIN ZEROG 1,1,0.3,0.05,0,no,no,2,0,5.98,MORTO
Farmacia Procaccini,904180231,DAUMFIX ORTESI POLLICE DX M,1,0.3,0.05,0,no,no,1,0,6.78,MORTO
Farmacia Procaccini,971731169,CASTANEA VESCA GEMME MG 30ML,1,0.3,0.05,0,no,no,3,0,2.30,MORTO
Farmacia Procaccini,906272885,STRUVA 35 AG BIANCO3 1PZ H932,1,0.3,0.05,0,no,no,1,0,6.50,MORTO
Farmacia Procaccini,984505661,CURALIFE GRANI LUNGA VITA 35G,1,0.3,0.05,0,no,no,7,0,1.33,MORTO
Farmacia Procaccini,977695218,GLORIA162EVO AD BE MX SC,1,0.3,0.05,0,no,no,2,0,11.78,MORTO
Farmacia Procaccini,950276701,GIBAUD ORTHO CORS LOMB ACT V 1,1,0.3,0.05,0,no,no,3,0,11.54,MORTO
Farmacia Procaccini,905733440,INOCOMPLEX 60CPR,1,0.3,0.05,0,no,no,1,0,7.83,MORTO
Farmacia Procaccini,970975963,MEDI KL1 PLUS/COLL-CA CO 4 110,1,0.3,0.05,0,no,no,99,0,22.64,MORTO
Farmacia Procaccini,987389917,PLAQTIV+ ORAL CARE 64SALV DENT,1,0.3,0.05,0,no,no,4,0,1.75,MORTO
Farmacia Procaccini,947225355,EUPHIDRA ESFOLIANTE RESTORE+L,1,0.3,0.05,0,no,no,2,3,2.38,MORTO
Farmacia Procaccini,951375880,M-AID CEROTTO NAS 56X17MM 30PZ,1,0.3,0.05,0,no,no,99,0,2.86,MORTO
Farmacia Procaccini,943950269,VARISAN ETHERE1015 ATPC PO2C,1,0.3,0.05,0,no,no,1,0,8.69,MORTO
Farmacia Procaccini,951862945,BIOCLIN DEO CONTR VAPO NF PRO,1,0.3,0.05,0,no,no,99,52,1.13,MORTO
Farmacia Procaccini,101759013,OTOPET Flac.130g Gtt.,1,0.3,0.05,0,no,no,99,0,3.78,MORTO
Farmacia Procaccini,971953029,NUTRIFREE FETTE BISC 225G,1,0.3,0.05,0,no,no,99,0,0.92,MORTO
Farmacia Procaccini,984881387,AVENE GOMMAGE CORPO 200ML NF,1,0.3,0.05,0,no,no,5,5,2.69,MORTO
Farmacia Procaccini,931972754,EUPH FILLER SUPR JALURON 4000,1,0.3,0.05,0,no,no,5,1,4.62,MORTO
Farmacia Procaccini,902224726,SPALLIERA NEOPRENE S OPPO,1,0.3,0.05,0,no,no,99,0,6.02,MORTO
Farmacia Procaccini,983036904,ALIGASTRIL GEL 20STICK,1,0.3,0.05,0,no,no,99,0,2.31,MORTO
Farmacia Procaccini,971217500,BIATAIN SIL ADES SACRO 15X19CM,1,0.3,0.05,0,no,no,99,0,10.68,MORTO
Farmacia Procaccini,925514729,TS50 BIANCOSPINO COMP 1 20ML,1,0.3,0.05,0,no,no,99,0,4.23,MORTO
Farmacia Procaccini,970932012,SIG HLM AD LL PC MARI,1,0.3,0.05,0,no,no,2,0,6.95,MORTO
Farmacia Procaccini,913588327,POLFIT POLSIERA SEMPL 19 SX S,1,0.3,0.05,0,no,no,99,0,5.86,MORTO
Farmacia Procaccini,911158083,URO GUAINA LATTICE 30MM 30PZ,1,0.3,0.05,0,no,no,9,0,6.20,MORTO
Farmacia Procaccini,977667916,PEABROLIN DOL 60CPS,1,0.3,0.05,0,no,no,1,0,6.20,MORTO
Farmacia Procaccini,952099859,EUPHIDRA OMBRETTO CREMA BLU,1,0.3,0.05,0,no,no,2,3,1.96,MORTO
Farmacia Procaccini,986112845,ASTENOMIRT CVS 20CPR,1,0.3,0.05,0,no,no,6,0,3.31,MORTO
Farmacia Procaccini,980817439,SERENITY TRAV RELAX 60X90 30PZ,1,0.3,0.05,0,no,no,3,0,3.26,MORTO
Farmacia Procaccini,926421684,PURES GEL FRESC CIRC 125ML,1,0.3,0.05,0,no,no,99,0,3.19,MORTO
Farmacia Procaccini,942843842,CAPELVENERE BIOSHAMPOO RIVIT,1,0.3,0.05,0,no,no,99,0,0.00,MORTO
Farmacia Procaccini,980802033,BUTIRRATO PURO LIQ ANALCO500ML,1,0.3,0.05,0,no,no,7,0,4.18,MORTO
Farmacia Procaccini,951211743,CARDIOSTAX 60CPR,1,0.3,0.05,0,no,no,2,0,4.74,MORTO
Farmacia Procaccini,947383004,AQUILEA SONNO 30GUMM,1,0.3,0.05,0,no,no,14,0,3.28,MORTO
Farmacia Procaccini,970589545,SIG CO2 AD XLN PA NATU,1,0.3,0.05,0,no,no,99,0,20.19,MORTO
Farmacia Procaccini,901062846,LADYGLORIA 12 AREG 70 NE 2,1,0.3,0.05,0,no,no,1,0,3.37,MORTO
Farmacia Procaccini,989887738,MAXIOCEL MEDIC FIBR CHIT 10X10,1,0.3,0.05,0,no,no,1,0,20.52,MORTO
Farmacia Procaccini,927124103,HEPILOR COLLUTORIO 150ML,1,0.3,0.05,0,no,no,22,0,2.72,MORTO
Farmacia Procaccini,938060187,NIGHT&DAY COMF SOLETTA 1PAIO,1,0.3,0.05,0,no,no,2,0,1.17,MORTO
Farmacia Procaccini,983721022,STRUMENTO VTRUST TD-4279 COMPL,1,0.3,0.05,0,no,no,1,0,5.36,MORTO
Farmacia Procaccini,950226302,ORALB POWER REFILL IO U/BI 3PZ,1,0.3,0.05,0,no,no,99,1,3.47,MORTO
Farmacia Procaccini,979605449,COMPEED DURONI MEDIO 6PZ,1,0.3,0.05,0,no,no,13,2,1.71,MORTO
Farmacia Procaccini,986971479,GIBAUD ORTHO LIGAGIB OPE GIN5,1,0.3,0.05,0,no,no,7,0,13.37,MORTO
Farmacia Procaccini,986465007,HYDRAPHASE HA UV LIGHT 40ML,1,0.3,0.05,0,no,no,99,3,5.18,MORTO
Farmacia Procaccini,906280514,STRUVA 23 H917 AG BIANCO 3,1,0.3,0.05,0,no,no,2,0,12.25,MORTO
Farmacia Procaccini,940472071,"BIOKAP NUTRIC DEL RAP 7,0 BIO",1,0.3,0.05,0,no,no,5,0,1.32,MORTO
Farmacia Procaccini,903144677,SCHOLL EXPERT S SEPARADITA PIE,1,0.3,0.05,0,no,no,99,10,1.53,MORTO
Farmacia Procaccini,938657172,MULTICENTRUM JUNIOR 30CPR,1,0.3,0.05,0,no,no,12,5,2.90,MORTO
Farmacia Procaccini,983173485,SERENITY SAG SD SENS SUP 30PZ,1,0.3,0.05,0,no,no,2,0,3.23,MORTO
Farmacia Procaccini,972353965,ALGIOMEGA 3 120PRL,1,0.3,0.05,0,no,no,99,0,8.91,MORTO
Farmacia Procaccini,979097565,TONIMER LAB PANTHEXYL BABY SPR,1,0.3,0.05,0,no,no,1,1,1.90,MORTO
Farmacia Procaccini,947073920,RILASTIL SUN SYS WT COL SPF50+,1,0.3,0.05,0,no,no,3,5,2.42,MORTO
Farmacia Procaccini,913588000,GINOCCHIERA ROT GENUFIT 15 M,1,0.3,0.05,0,no,no,3,0,16.75,MORTO
Farmacia Procaccini,950064143,LINES SPEC TRAVERSA 80X180 15P,1,0.3,0.05,0,no,no,99,0,2.30,MORTO
Farmacia Procaccini,972147920,ALUS O&L SAPONE LIQ ALEPPO 40%,1,0.3,0.05,0,no,no,4,0,2.05,MORTO
Farmacia Procaccini,988388486,MUSTELA VANITY SET 2024,1,0.3,0.05,0,no,no,6,1,3.91,MORTO
Farmacia Procaccini,979357492,SENSIFINE AQUAGEL 40ML,1,0.3,0.05,0,no,no,3,1,3.06,MORTO
Farmacia Procaccini,972276188,CLOG EVO TPR UNISEX BLUE 44-45,1,0.3,0.05,0,no,no,7,0,10.14,MORTO
Farmacia Procaccini,985919455,GOOVI SIERO CON BIOPEPTIDI,1,0.3,0.05,0,no,no,4,3,3.85,MORTO
Farmacia Procaccini,935479244,COLEPAN FAST 20CPR,1,0.3,0.05,0,no,no,15,0,3.58,MORTO
Farmacia Procaccini,981076072,THERMACARE FASC COL/SPA/POLS2P,1,0.3,0.05,0,no,no,99,3,1.74,MORTO
Farmacia Procaccini,990150740,NUXE TROUSSE MY TRAVEL ESS2026,1,0.3,0.05,0,no,no,99,2,2.75,MORTO
Farmacia Procaccini,932217072,STEVIA EDULCOR 200CPR,1,0.3,0.05,0,no,no,99,0,1.38,MORTO
Farmacia Procaccini,981907506,PH FORMINIX GEL FORM TRAPP2X2G,1,0.3,0.05,0,no,no,99,0,1.62,MORTO
Farmacia Procaccini,952099505,EUPHIDRA EYE LINER PENNAR MAR,1,0.3,0.05,0,no,no,99,4,1.63,MORTO
Farmacia Procaccini,950072924,NITRONAT SHAPE VANIGLIA 14BUST,1,0.3,0.05,0,no,no,2,0,6.13,MORTO
Farmacia Procaccini,925931002,MEDI KL1 PLUS/GAMBAL CO 2 102,1,0.3,0.05,0,no,no,5,0,10.97,MORTO
Farmacia Procaccini,925369136,THROMBOSIS 18 ISP GAMB XXLC,1,0.3,0.05,0,no,no,99,0,4.38,MORTO
Farmacia Procaccini,988783217,AVENE DERMABSOLU CREMA GG NF,1,0.3,0.05,0,no,no,8,2,7.09,MORTO
Farmacia Procaccini,985495225,KAMILA NIVES 70 LEGGINS MI 4,1,0.3,0.05,0,no,no,1,0,3.73,MORTO
Farmacia Procaccini,952099669,EUPHIDRA MASCARA NERO ALLUN&IN,1,0.3,0.05,0,no,no,99,3,2.01,MORTO
Farmacia Procaccini,903437251,NUGEL IDROGEL FLUIDO 25G 2PZ,1,0.3,0.05,0,no,no,1,0,3.50,MORTO
Farmacia Procaccini,984520332,DERMACOTONE PANN MUT L 12PZ,1,0.3,0.05,0,no,no,9,0,2.01,MORTO
Farmacia Procaccini,987411764,RILASTIL SUN SPF50+ VELVET COL,1,0.3,0.05,0,no,no,2,2,1.85,MORTO
Farmacia Procaccini,984560161,FARMEX PREM AIRD PANN SU M15PZ,1,0.3,0.05,0,no,no,1,0,1.93,MORTO
Farmacia Procaccini,987315518,ORALB IO3S BLU SPAZZ ELETTR,1,0.3,0.05,0,no,no,99,0,0.00,MORTO
Farmacia Procaccini,903131997,MICRO TEC COMPLEX SHAMPOO200ML,1,0.3,0.05,0,no,no,1,0,2.94,MORTO
Farmacia Procaccini,988654568,NODE P APAISANT 400ML,1,0.3,0.05,0,no,no,2,6,3.46,MORTO
Farmacia Procaccini,975201361,MULTIVITALEX 30CPR,1,0.3,0.05,0,no,no,14,0,1.91,MORTO
Farmacia Procaccini,989011883,GRANOLA 20% PROTEIN BROW&CHERR,1,0.3,0.05,0,no,no,1,19,2.13,MORTO
Farmacia Procaccini,901430052,HEMA PLEX FERRO ORGANICO 30TAV,1,0.3,0.05,0,no,no,1,0,3.66,MORTO
Farmacia Procaccini,976399129,FETTE BISCOTTATE FARRO INTEG,1,0.3,0.05,0,no,no,99,0,1.34,MORTO
Farmacia Procaccini,975083484,ACTIVE MEMORY SOLETTA BAMBOO42,1,0.3,0.05,0,no,no,1,0,2.15,MORTO
Farmacia Procaccini,947225367,EUPHIDRA MASCHERA RESTORE+75ML,1,0.3,0.05,0,no,no,3,4,1.51,MORTO
Farmacia Procaccini,990226286,MELAVER CLEAN 400ML,1,0.3,0.05,0,no,no,3,0,4.05,MORTO
Farmacia Procaccini,975201373,PROSTARID 30PRL,1,0.3,0.05,0,no,no,99,0,3.51,MORTO
Farmacia Procaccini,974895702,ERAFER+++ 30BUST,1,0.3,0.05,0,no,no,2,0,3.68,MORTO
Farmacia Procaccini,982541450,RILASTIL ELASTICIZZANTE 10F,1,0.3,0.05,0,no,no,1,0,3.96,MORTO
Farmacia Procaccini,925605673,PODIFER60 PLANTARE AMMORT 43,1,0.3,0.05,0,no,no,4,0,14.09,MORTO
Farmacia Procaccini,979605464,COMPEED ALLUCE VALGO 5PZ,1,0.3,0.05,0,no,no,99,12,1.83,MORTO
Farmacia Procaccini,949998280,ONLIFE 20BUST,1,0.3,0.05,0,no,no,99,0,4.55,MORTO
Farmacia Procaccini,981505201,SYTRIDK2 30CPS,1,0.3,0.05,0,no,no,99,0,3.83,MORTO
Farmacia Procaccini,979804388,MATT COLLAGENE IDROLIZZATO3000,1,0.3,0.05,0,no,no,5,0,1.92,MORTO
Farmacia Procaccini,945102111,DOCCIA GEL NEROLI VETIVER400ML,1,0.3,0.05,0,no,no,2,9,1.31,MORTO
Farmacia Procaccini,903594745,BIOSKIN PROT ALLUCE 1PZ,1,0.3,0.05,0,no,no,99,0,1.10,MORTO
Farmacia Procaccini,980860302,BETAMUNAL COD 15CPS,1,0.3,0.05,0,no,no,4,0,5.72,MORTO
Farmacia Procaccini,986904516,GIBAUD FASCIA POSTOP CLA H30 3,1,0.3,0.05,0,no,no,5,0,6.83,MORTO
Farmacia Procaccini,925605610,PODIFER60 PLANTARE AMMORT 37,1,0.3,0.05,0,no,no,99,0,15.34,MORTO
Farmacia Procaccini,975427321,GIBAUD CLASSIC CINT POSTOP LE2,1,0.3,0.05,0,no,no,8,0,3.98,MORTO
Farmacia Procaccini,910856715,TESMED CARICABATTERIA MAX5/830,1,0.3,0.05,0,no,no,99,0,13.19,MORTO
Farmacia Procaccini,987331016,APROTEN SEDANI PROMO 500G,1,0.3,0.05,0,no,no,99,0,1.44,MORTO
Farmacia Procaccini,979239480,RAGAMED PLUS 75ML,1,0.3,0.05,0,no,no,99,0,0.00,MORTO
Farmacia Procaccini,983374517,PHOTODERM NUDE TOUCH DORE',1,0.3,0.05,0,no,no,99,2,1.84,MORTO
Farmacia Procaccini,989036316,LOVANEX 20STICK PACK,1,0.3,0.05,0,no,no,1,0,4.08,MORTO
Farmacia Procaccini,926429958,MEDI ANTITROMBO H915 AGG S DX,1,0.3,0.05,0,no,no,99,0,4.21,MORTO
Farmacia Procaccini,973472691,DEROXEN PET LINE OTO 75ML,1,0.3,0.05,0,no,no,3,0,2.81,MORTO
Farmacia Procaccini,930260928,SQUANORM LOZIONE 200ML DUCRAY,1,0.3,0.05,0,no,no,99,1,5.56,MORTO
Farmacia Procaccini,950424008,SANI DRY PANN INCONT MUT XL 10,1,0.3,0.05,0,no,no,99,0,1.40,MORTO
Farmacia Procaccini,987748670,THOTALE PLANTARE GELCOMFORT L,1,0.3,0.05,0,no,no,3,0,2.12,MORTO
Farmacia Procaccini,986885438,VARISAN TOP CCL1 AT PA BEI 2 P,1,0.3,0.05,0,no,no,1,0,22.71,MORTO
Farmacia Procaccini,949898086,VOGLIA SOLE SIERO GEL A/RUGHE,1,0.3,0.05,0,no,no,99,0,4.20,MORTO
Farmacia Procaccini,921895645,IDEAL SOLEIL VISO DRY TOUCH 30,1,0.3,0.05,0,no,no,4,4,2.15,MORTO
Farmacia Procaccini,922551371,VENERE 70 OPEN TOE NE 4-L,1,0.3,0.05,0,no,no,1,0,4.20,MORTO
Farmacia Procaccini,951318221,"TWINS SILVER TRIPLE RO BL+3,50",1,0.3,0.05,0,no,no,1,0,2.16,MORTO
Farmacia Procaccini,908682293,LABCATAL NUTRITION CU/AG/AU GT,1,0.3,0.05,0,no,no,99,0,2.57,MORTO
Farmacia Procaccini,947147803,"SI NAILS MICO XPERT 4,5ML",1,0.3,0.05,0,no,no,99,0,4.86,MORTO
Farmacia Procaccini,950085946,ENERGERA ULTRA 12FL,1,0.3,0.05,0,no,no,99,0,2.93,MORTO
Farmacia Procaccini,951864697,PRONTEX XTHERM TERMO DIGITALE,1,0.3,0.05,0,no,no,99,0,5.10,MORTO
Farmacia Procaccini,984966958,FOOTCARE SEPAR DITA DOPP S C10,1,0.3,0.05,0,no,no,99,0,1.61,MORTO
Farmacia Procaccini,941803722,ZALATT 20CPS GASTRORESISTENTI,1,0.3,0.05,0,no,no,2,0,3.16,MORTO
Farmacia Procaccini,988770273,EARBUDDY ROSSO,1,0.3,0.05,0,no,no,99,0,1.69,MORTO
Farmacia Procaccini,942062148,ESPERSOL OTO GOCCE 20ML,1,0.3,0.05,0,no,no,3,0,2.47,MORTO
Farmacia Procaccini,986902070,EPADETOX 60CPS,1,0.3,0.05,0,no,no,6,0,5.27,MORTO
Farmacia Procaccini,952099618,EUPHIDRA GLOSS VOL BRIL PERLA,1,0.3,0.05,0,no,no,1,3,1.48,MORTO
Farmacia Procaccini,982532412,ADERMA A-D BIOLOGY CR RICC40ML,1,0.3,0.05,0,no,no,99,1,2.80,MORTO
Farmacia Procaccini,906355375,MELISSA ESTRATTO TITOLATO 30ML,1,0.3,0.05,0,no,no,3,0,1.68,MORTO
Farmacia Procaccini,931097416,EUPH FILLER S FL ANTIR SEC,1,0.3,0.05,0,no,no,6,4,5.65,MORTO
Farmacia Procaccini,911023188,SIG 701 AG-BAP MS PA CRIS,1,0.3,0.05,0,no,no,99,0,15.72,MORTO
Farmacia Procaccini,984098691,REV EFFACE JOUR PLUS 30ML,1,0.3,0.05,0,no,no,99,0,3.79,MORTO
Farmacia Procaccini,990453995,TENA PROSKIN SLIP MAXI L 24PZ,1,0.3,0.05,0,no,no,99,0,4.28,MORTO
Farmacia Procaccini,909051171,SANOTINT TINTURA CAPELLI 14,1,0.3,0.05,0,no,no,4,0,2.24,MORTO
Farmacia Procaccini,987331028,APROTEN PIPE PROMO 500G,1,0.3,0.05,0,no,no,99,0,1.56,MORTO
Farmacia Procaccini,979044880,RELAX UNI 70 PA CAMEL M,1,0.3,0.05,0,no,no,4,0,3.33,MORTO
Farmacia Procaccini,983746999,APROPOS TUSS SCIR ADULTI 150ML,1,0.3,0.05,0,no,no,99,2,1.16,MORTO
Farmacia Procaccini,971130036,MEDI 18 GAMB P.AP SAB 3 2804PA,1,0.3,0.05,0,no,no,99,0,0.00,MORTO
Farmacia Procaccini,952099986,EUPHIDRA PALETTE VISO ARM SOL,1,0.3,0.05,0,no,no,99,4,2.90,MORTO
Farmacia Procaccini,944889068,PROGENY PET 60BUST,1,0.3,0.05,0,no,no,2,0,5.00,MORTO
Farmacia Procaccini,951043494,HYALU B5 CREMA RICARICA 50ML,1,0.3,0.05,0,no,no,5,3,3.68,MORTO
Farmacia Procaccini,952058358,VEA OFT GEL OLEOSO CONT OCCHI,1,0.3,0.05,0,no,no,99,2,2.38,MORTO
Farmacia Procaccini,989669585,MY BODY CREMA GEL DREN 400ML,1,0.3,0.05,0,no,no,21,6,8.21,MORTO
Farmacia Procaccini,922391154,CORSETTO MILLERIGHE FLEXO' XXL,1,0.3,0.05,0,no,no,2,0,14.10,MORTO
Farmacia Procaccini,964283016,SECURDRAIN VIA CATET 25MM+ST30,1,0.3,0.05,0,no,no,1,0,5.58,MORTO
Farmacia Procaccini,989855438,RHYNOGEN SOL NAS ISO 2SAC+2DEF,1,0.3,0.05,0,no,no,8,0,2.71,MORTO
Farmacia Procaccini,987881291,CURAPROX ALIGNER FOAM 40ML,1,0.3,0.05,0,no,no,99,0,3.18,MORTO
Farmacia Procaccini,944779242,VITI COLESTEROLO 90PRL,1,0.3,0.05,0,no,no,17,0,2.90,MORTO
Farmacia Procaccini,951220108,SCIENTIA NOVA CREMA IDRAT400ML,1,0.3,0.05,0,no,no,2,0,5.84,MORTO
Farmacia Procaccini,951484738,NUXE HYALU BOOST KIT SIERO+CR,1,0.3,0.05,0,no,no,4,7,9.44,MORTO
Farmacia Procaccini,945172524,EUPH CR LENIT CUOIO CAP GR,1,0.3,0.05,0,no,no,99,5,1.69,MORTO
Farmacia Procaccini,978498739,TULIPANO ALZAMALATI DA LETTO,1,0.3,0.05,0,no,no,2,0,25.13,MORTO
Farmacia Procaccini,926674704,CRESKO 10F,1,0.3,0.05,0,no,no,99,0,2.62,MORTO
Farmacia Procaccini,975083419,ACTIVE MEMORY SOLETTA BAMBOO36,1,0.3,0.05,0,no,no,4,0,2.06,MORTO
Farmacia Procaccini,971192859,TIGLIO ESTRATTO INTEGRALE200ML,1,0.3,0.05,0,no,no,99,0,2.18,MORTO
MPF,972532232,CERAMOL FLUIDO BETA COMPLEX,77,25.4,3.62,0,si,si,2,9,3.17,vende-rete
MPF,951044421,SOLUZIONE SCHOUM ADVANCE 500ML,30,9.9,1.41,0,no,si,1,18,1.72,no-vend-7g
MPF,946449954,NATURAL VITA D3 100PRL,26,8.6,1.22,0,no,si,1,3,3.39,no-vend-7g
MPF,977368253,DERMOVITAMINA FILM SPR 30ML,26,8.6,1.22,0,no,si,2,3,1.61,no-vend-7g
MPF,924922178,CERAMOL BETA CREMA PALPEBRALE,26,8.6,1.22,0,no,si,17,3,4.69,no-vend-7g
MPF,971268634,AUTOTEST VIH SCREENING HIV,25,8.2,1.18,0,no,si,1,4,2.09,no-vend-7g
MPF,982013726,VENOPLANT 40BUST,21,6.9,0.99,0,si,si,1,21,3.58,vende-rete
MPF,984599769,ALTRAPELLE MEDICAL MICOSI PIED,21,6.9,0.99,0,no,no,1,5,2.01,MORTO
MPF,982946687,CERAMOL SPOT BLOCK 20ML,21,6.9,0.99,0,no,si,2,4,2.94,no-vend-7g
MPF,989046646,EUCERIN EAA HF SIERO EPIGENET,19,6.3,0.89,0,no,si,2,6,4.74,no-vend-7g
MPF,987401243,DT OIL CONTROL SHAMPOO 200ML,18,5.9,0.85,0,no,si,3,77,1.37,no-vend-7g
MPF,950938959,LFP DAILYP AMINO ESS 18BUST,17,5.6,0.80,0,no,no,4,23,13.32,MORTO
MPF,924953476,VALDISPERT MENOPAUSA D&N 30+30,16,5.3,0.75,0,no,si,2,10,1.97,no-vend-7g
MPF,979016348,BIFIBIOMA 30CPS,16,5.3,0.75,0,no,si,1,15,3.30,no-vend-7g
MPF,935590974,POLIDENT LUNGA TENUTA 70G,15,4.9,0.71,0,si,si,3,133,1.69,vende-rete
MPF,935810960,VAGISIL INTIMA GEL IDRAT MONOD,15,4.9,0.71,0,no,si,2,4,2.65,no-vend-7g
MPF,976293783,DERMOVITAMINA MICO TRATTA/COL,15,4.9,0.71,0,no,si,4,17,3.18,no-vend-7g
MPF,989408467,CERAMOL LOTION DS 50ML,15,4.9,0.71,0,no,no,2,5,2.75,MORTO
MPF,930252782,"IRILENS 0,4% GOCCE OCULARI10ML",13,4.3,0.61,0,si,si,3,17,0.77,vende-rete
MPF,943295067,MASSIGEN PAPPA REALE 10FL 25ML,13,4.3,0.61,0,si,si,2,8,1.66,vende-rete
MPF,944775170,PROMENSIL MENOPAUSA FORTE30CPR,13,4.3,0.61,0,no,si,16,0,6.56,no-vend-7g
MPF,989409115,"ISOMAR OCCHI RO AI 0,20% 10ML",13,4.3,0.61,0,no,si,1,176,0.81,no-vend-7g
MPF,903627228,GIBAUD ORTHO TUTORE SPALLA,13,4.3,0.61,0,no,no,1,14,8.41,MORTO
MPF,982946699,CERAMOL SUN FACE CREAM SPF50+,13,4.3,0.61,0,no,si,1,12,7.78,no-vend-7g
MPF,975862905,MAGNESIO POTASSIO ACT PLUS 14B,12,4.0,0.56,0,si,si,1,62,1.47,vende-rete
MPF,931152742,OMEGA3 VITI TRIPLA AZIONE60PRL,12,4.0,0.56,0,no,si,3,41,1.02,no-vend-7g
MPF,940049974,PROCTOLYN NATURA CREMA 30ML,12,4.0,0.56,0,si,si,5,3,1.44,vende-rete
MPF,983361635,GIBAUD ORTHO RHIZOGIB ORT SX 2,11,3.6,0.52,0,no,no,9,4,7.92,MORTO
MPF,976206262,CERAMOL MB 30 50ML,11,3.6,0.52,0,no,no,1,4,3.89,MORTO
MPF,036934014,CLOTRIMAZOLO DOC*CREMA 30G 1%,11,3.6,0.52,0,si,si,1,51,3.20,vende-rete
MPF,984866309,EMOFORM GLIC PRO COLLUTORIO,11,3.6,0.52,0,si,si,1,23,2.81,vende-rete
MPF,980644328,ALGASIV ADES PROT SUP 30PZ,11,3.6,0.52,0,no,si,2,3,2.01,no-vend-7g
MPF,026725034,REGAINE*SOLUZ 60ML 5%,11,3.6,0.52,0,si,si,11,0,10.05,vende-rete
MPF,930530682,DERMAFRESH ODOR CONTROL CREMA,11,3.6,0.52,0,si,si,1,3,0.79,vende-rete
MPF,935740946,MELLIS CAP SH RID LEN 200ML,10,3.3,0.47,0,si,si,3,3,2.40,vende-rete
MPF,949645396,DR VITI DRENANTE ANANAS 500ML,10,3.3,0.47,0,no,no,2,6,2.45,MORTO
MPF,029851084,"MOVICOL*CIOCCOL BB 20BUST 6,9G",10,3.3,0.47,0,no,si,1,0,1.54,no-vend-7g
MPF,025519048,"MAG 2*OS GRAT 20BUST 2,25G",10,3.3,0.47,0,no,si,8,13,1.85,no-vend-7g
MPF,982476285,LACDIGEST LACTOFREE 30CPR,10,3.3,0.47,0,si,si,8,4,2.04,vende-rete
MPF,047883032,DICLOFENAC TEVA*GEL 60G 10MG/G,10,3.3,0.47,0,no,no,1,13,1.19,MORTO
MPF,951507817,POLASE PLUS CARNITINA PRO36BUS,9,3.0,0.42,0,si,si,5,6,1.57,vende-rete
MPF,931925109,ELMEX SENSITIVE PROF 75ML,9,3.0,0.42,0,si,si,2,17,0.54,vende-rete
MPF,949975940,SAUGELLA ATTIVA VAGINOSI7OVULI,9,3.0,0.42,0,no,si,1,3,2.71,no-vend-7g
MPF,921773836,SOFARGEN SPRAY MEDIC POLV125ML,9,3.0,0.42,0,si,si,4,61,1.41,vende-rete
MPF,979195536,LFP COLESTTAB 30CPR,9,3.0,0.42,0,no,si,3,53,7.96,no-vend-7g
MPF,947224984,ARNICA VITI 90% 100ML,9,3.0,0.42,0,no,si,6,12,1.73,no-vend-7g
MPF,026630020,"IRIDINA DUE*COLL 10ML 0,5MG/ML",9,3.0,0.42,0,si,si,6,54,0.72,vende-rete
MPF,989665373,PREBIOBARRIER 30CPR RIVESTITE,9,3.0,0.42,0,no,no,1,7,5.11,MORTO
MPF,925329195,LFP MAGNESIO450 20BUST,9,3.0,0.42,0,no,si,2,35,2.19,no-vend-7g
MPF,951318892,LFP PRO ACQUA SPRAY 100ML,9,3.0,0.42,0,no,no,1,12,3.73,MORTO
MPF,987881861,DOLOMIA OSX 24 10 SMALTO,9,3.0,0.42,0,no,no,1,5,2.10,MORTO
MPF,926673892,LFP ENTEROTAB 24CPS,9,3.0,0.42,0,no,si,3,11,7.51,no-vend-7g
MPF,981110796,LFP NUTRIFLEX COMPLEX 20BUST,9,3.0,0.42,0,no,si,3,17,7.51,no-vend-7g
MPF,984819894,NEURODOL ACIDO LIPOICO 30CPR,8,2.6,0.38,0,si,si,4,0,2.14,vende-rete
MPF,987361971,LFP SOL LATTE DOPOSOLE 400ML,8,2.6,0.38,0,no,si,2,43,7.05,no-vend-7g
MPF,970373231,ELMEX SENSITIVE PROF RIPA&PREV,8,2.6,0.38,0,si,si,1,12,1.27,vende-rete
MPF,972765921,EUCERIN HYAL FILL EL NTT 50ML,8,2.6,0.38,0,no,no,3,4,4.20,MORTO
MPF,973652908,CEREBRAIN 12FL 15ML,8,2.6,0.38,0,no,si,3,6,2.42,no-vend-7g
MPF,923022735,CERAMOL BETA PASTA ALL'ACQUA,8,2.6,0.38,0,no,si,5,10,3.60,no-vend-7g
MPF,980784134,VAGISIL DEODORANTE INT SPRAY,8,2.6,0.38,0,no,si,1,12,1.36,no-vend-7g
MPF,984642569,UNIPRIL COLESTEROLO 30CPS GAST,8,2.6,0.38,0,no,si,1,30,1.95,no-vend-7g
MPF,909084550,VAGISIL POLVERE PROTECT PLUS,7,2.3,0.33,0,no,si,4,11,1.57,no-vend-7g
MPF,930204894,ENASON MELISSA MELATONINA 10ML,7,2.3,0.33,0,no,no,99,0,1.78,MORTO
MPF,980512774,CERAMOL KELORED 30ML,7,2.3,0.33,0,no,si,2,10,4.62,no-vend-7g
MPF,984866677,EUCERIN SUN FACE HYDRO PROT50+,7,2.3,0.33,0,no,no,2,6,2.12,MORTO
MPF,905324137,LFP COLITAB PLUS 30CPS,7,2.3,0.33,0,no,si,5,25,5.90,no-vend-7g
MPF,927046565,ELMEX SENSITIVE COLLUT 400ML,7,2.3,0.33,0,si,si,2,11,0.89,vende-rete
MPF,947182832,OLIGO MSM PLUS 60TAV,7,2.3,0.33,0,si,si,2,5,6.66,vende-rete
MPF,921530352,LFP CISTINA METION 120CPS,7,2.3,0.33,0,no,si,3,34,10.81,no-vend-7g
MPF,978269532,LAEVOLAC STICK 10BUST,7,2.3,0.33,0,si,si,2,12,1.16,vende-rete
MPF,988066256,BIOSCALIN PRO DENSITY SH 400ML,7,2.3,0.33,0,no,si,1,7,1.69,no-vend-7g
MPF,976772208,MERIDOL DENTIFRICIO BITUBO75ML,7,2.3,0.33,0,si,si,3,12,0.86,vende-rete
MPF,905683443,SUPRAVIT CREATINA GRAN 20BUST,7,2.3,0.33,0,no,no,4,0,1.30,MORTO
MPF,936065059,DERMOVITAMINA CALM CR IDR250ML,6,2.0,0.28,0,no,si,1,20,1.11,no-vend-7g
MPF,984881401,AVENE RISTRUTTURANTE DOPO200ML,6,2.0,0.28,0,si,si,9,11,1.74,vende-rete
MPF,947477410,MYCLI LIFTABLE CONTORNO OCCHI,6,2.0,0.28,0,no,si,2,6,41.71,no-vend-7g
MPF,975761356,POLIDENT AZIONE TOTALE 66CPR,6,2.0,0.28,0,no,no,1,19,1.20,MORTO
MPF,906039348,SERENITY MUTANDINA RETE XL 3P,6,2.0,0.28,0,no,no,2,0,0.97,MORTO
MPF,987715253,CRAMPACT NOTTE 14BUST,6,2.0,0.28,0,si,si,2,16,1.64,vende-rete
MPF,025519075,"MAG 2*OS GRAT 40BUST 2,25G",6,2.0,0.28,0,si,si,7,6,3.43,vende-rete
MPF,035520028,VOLTADOL*10CER MEDIC 140MG,6,2.0,0.28,0,no,si,1,5,3.18,no-vend-7g
MPF,973472943,MICROLIFE AFIB ADVANCED EASY,6,2.0,0.28,0,no,si,11,6,24.85,no-vend-7g
MPF,985820861,EUCERIN P/SENS OLIO DOCCIA 400,6,2.0,0.28,0,si,si,2,30,1.54,vende-rete
MPF,926561489,IALUSET SILVER SPRAY 125ML,6,2.0,0.28,0,si,si,3,14,1.49,vende-rete
MPF,979016363,LACTOBIOMA 30CPS,6,2.0,0.28,0,no,si,1,5,4.30,no-vend-7g
MPF,949437471,DR VITI CREMA COLLAGENE ANTIR,6,2.0,0.28,0,si,si,3,5,2.45,vende-rete
MPF,903628257,GIBAUD ORTHO CAVIGL STABIGIB,6,2.0,0.28,0,no,si,4,3,13.39,no-vend-7g
MPF,049770062,ARTEMIS*120CPR RIV 500MG,6,2.0,0.28,0,no,si,1,20,10.35,no-vend-7g
MPF,989332782,AVENE SOL SPR SPF 50 200ML,6,2.0,0.28,0,si,si,5,16,1.52,vende-rete
MPF,982539280,LFP SAZIOPEP 500 30CPR,6,2.0,0.28,0,no,no,1,10,6.23,MORTO
MPF,906269535,MEDI 9007 INFILA CALZE,6,2.0,0.28,0,no,si,99,0,4.16,no-vend-7g
MPF,951139385,POLIDENT LUNGA TENUTA 2X70G,6,2.0,0.28,0,no,no,1,70,4.29,MORTO
MPF,982539316,LFP NUTRICREMA PANTENOLO 450ML,6,2.0,0.28,0,no,si,5,6,5.22,no-vend-7g
MPF,982946713,CERAMOL SUN PROT CREAM SPF50+,6,2.0,0.28,0,no,si,1,13,6.58,no-vend-7g
MPF,985580885,BIOMAGERD 20STICKPACK,6,2.0,0.28,0,si,si,1,27,6.03,vende-rete
MPF,985821115,BIOSCALIN TRICOAGE FIALE,6,2.0,0.28,0,si,si,4,0,4.83,vende-rete
MPF,973145889,ELMEX PROTEZIONE CARIE 2X75ML,6,2.0,0.28,0,no,si,6,18,0.78,no-vend-7g
MPF,923485003,ARION EASY-SLIDE INFILACALZE L,6,2.0,0.28,0,si,si,3,0,4.21,vende-rete
MPF,952051961,ASTENIX ENERGY GO 20BUST,5,1.6,0.24,0,no,si,4,92,1.06,no-vend-7g
MPF,987757667,LIPEDESIN 30BUST,5,1.6,0.24,0,si,si,5,0,4.86,vende-rete
MPF,050243017,OKIDOL*OS GRAT 10BUST 80MG,5,1.6,0.24,0,no,si,4,0,0.00,no-vend-7g
MPF,900589286,OTOVENT 5PALLONCINI+1CANNULA,5,1.6,0.24,0,si,si,8,0,2.59,vende-rete
MPF,975922295,PERDITA DI PESO 60CPS,5,1.6,0.24,0,no,si,10,0,1.59,no-vend-7g
MPF,988024586,CICAPLAST BAUME B5+ SPF50 40ML,5,1.6,0.24,0,si,si,6,30,1.81,vende-rete
MPF,974161820,GIBAUD ORTHO LOMBOGIB WORK 1,5,1.6,0.24,0,no,no,1,1,17.54,MORTO
MPF,908621295,GIBAUD GINOCCH COT SOT BEI 2,5,1.6,0.24,0,no,no,2,1,5.07,MORTO
MPF,035760089,NEOBORO GOLADO*SPRAY LIM&MIELE,5,1.6,0.24,0,no,si,1,36,0.85,no-vend-7g
MPF,921144426,CERAMOL SHAMPOO DOCCIA 200ML,5,1.6,0.24,0,si,si,3,11,2.57,vende-rete
MPF,983665441,EUCERIN ANTI-PIGMENT GG LIGHT,5,1.6,0.24,0,no,si,2,6,5.81,no-vend-7g
MPF,042205017,"AMOROLFINA MY*SMALTO 2,5ML 5%",5,1.6,0.24,0,si,si,3,16,2.55,vende-rete
MPF,980532446,DEFENCE MY AGE GOLD CR RIC50ML,5,1.6,0.24,0,si,si,22,0,3.97,vende-rete
MPF,975454986,CONNETTIVINASILVER PLUS SPRAY,5,1.6,0.24,0,no,si,4,20,0.99,no-vend-7g
MPF,947473880,RESVERATROX 60CPS,5,1.6,0.24,0,no,no,1,7,8.60,MORTO
MPF,989417074,IRILENS GOCCE OCULARI 10FL,5,1.6,0.24,0,si,si,3,25,0.77,vende-rete
MPF,986395933,CERAMOL PSOR CREMA 200ML,5,1.6,0.24,0,si,si,2,5,3.97,vende-rete
MPF,980143236,MICROLIFE MISUR PRESS B3 AFIB,5,1.6,0.24,0,no,no,5,8,7.11,MORTO
MPF,902182005,ASTENIX 12BUST,5,1.6,0.24,0,no,si,1,3,3.10,no-vend-7g
MPF,944778125,ROUGJ SOLARE SPF50 100ML,5,1.6,0.24,0,no,si,1,30,1.75,no-vend-7g
MPF,951873227,BEPANTHENOL COLLIRIO 10ML,5,1.6,0.24,0,si,si,4,63,1.34,vende-rete
MPF,980431151,DICLOREUM EMATOSOLL GEL 50ML,5,1.6,0.24,0,no,si,5,38,1.62,no-vend-7g
MPF,943372843,PRINCIPIUM B12 1000 60CPR SUBL,5,1.6,0.24,0,no,si,8,0,1.88,no-vend-7g
MPF,981067287,EUCERIN SUN ACTINIC CONTROL100,5,1.6,0.24,0,no,no,1,16,4.01,MORTO
MPF,950276725,GIBAUD ORTHO CORS LOMB ACT V 3,4,1.3,0.19,0,no,no,7,3,17.28,MORTO
MPF,920892217,LFP SOLECAP 30CPS,4,1.3,0.19,0,no,si,3,56,6.91,no-vend-7g
MPF,989874173,SOMAT SKIN EX RASS BRACCIA,4,1.3,0.19,0,no,si,6,15,2.08,no-vend-7g
MPF,935293872,PSORAXIL ORO 30CPR,4,1.3,0.19,0,no,si,3,0,3.50,no-vend-7g
MPF,990312961,MULTICENTRUM U50+ 30CPR PROM26,4,1.3,0.19,0,no,si,1,4,2.43,no-vend-7g
MPF,042028011,OKITASK*OS GRAT 10BUST 40MG,4,1.3,0.19,0,si,si,10,73,0.73,vende-rete
MPF,941963528,BETOTAL ADVANCE B12 15FL,4,1.3,0.19,0,si,si,10,39,2.57,vende-rete
MPF,983361662,GIBAUD ORTHO MANUGIB TRAU DX 2,4,1.3,0.19,0,no,no,9,0,7.10,MORTO
MPF,986971354,GIBAUD ORTHO ROTULGIB 3D GIN4,4,1.3,0.19,0,no,no,1,1,12.22,MORTO
MPF,976769618,RINO SHOWER PIC DOCCIA NASALE,4,1.3,0.19,0,no,no,1,11,4.29,MORTO
MPF,986106425,BAKEL COL-TECH CASE&REFILL30ML,4,1.3,0.19,0,no,si,1,1,37.86,no-vend-7g
MPF,980406639,MAGNESIO SUPREMO NOTTE REL150G,4,1.3,0.19,0,si,si,15,7,2.44,vende-rete
MPF,900466703,DERCOS SHAMPOO ENERG 200ML,4,1.3,0.19,0,no,si,7,36,1.24,no-vend-7g
MPF,987649744,NUTRIVA NEUROLEV COMPLEX30BUST,4,1.3,0.19,0,no,si,1,0,3.31,no-vend-7g
MPF,970515831,LFP ENZITASI 30COMPRESSE,4,1.3,0.19,0,no,si,1,3,6.08,no-vend-7g
MPF,940000399,DEFLUX 20STICK MONODOSE 10ML,4,1.3,0.19,0,no,si,9,0,2.79,no-vend-7g
MPF,984867236,CARNIDYN BOOST 10FL,4,1.3,0.19,0,si,si,10,5,2.11,vende-rete
MPF,903958852,BETOTAL 20CPR RIVESTITE,4,1.3,0.19,0,no,no,2,21,4.74,MORTO
MPF,034936106,FLUIMUCIL MUCOL*30BUST200MGS/Z,4,1.3,0.19,0,si,si,18,3,1.50,vende-rete
MPF,949645269,MASSIGEN MAGNESIO K 30BUST 25,4,1.3,0.19,0,si,si,4,39,1.35,vende-rete
MPF,931450175,GIBAUD ORTHO MANUGIB 20 DX 3,4,1.3,0.19,0,no,no,1,2,8.26,MORTO
MPF,976104947,TRIDERM AD CREMA EMOLLIENTE,4,1.3,0.19,0,si,si,2,4,3.83,vende-rete
MPF,035500091,VOLTADVANCE*30CPR RIV 25MG,4,1.3,0.19,0,si,si,3,36,1.73,vende-rete
MPF,908492768,GIBAUD ORTHO BRACC ANTIEPIC 3,4,1.3,0.19,0,no,no,1,4,6.50,MORTO
MPF,989816412,VESVEIN GAMBE SOLLIEVO 30CPR,4,1.3,0.19,0,si,si,10,11,2.09,vende-rete
MPF,950838223,SUPRADYN EXPERT MAGNESIO 60CPS,4,1.3,0.19,0,si,si,2,26,1.14,vende-rete
MPF,951462922,HYALU B5 SIERO 50ML,4,1.3,0.19,0,no,si,3,12,4.37,no-vend-7g
MPF,935631630,MELLIS MED SHAMPOO 125ML,4,1.3,0.19,0,no,si,5,5,1.71,no-vend-7g
MPF,027910013,FEXALLEGRA NASALE*SPRAY FL10ML,4,1.3,0.19,0,no,no,8,20,1.43,MORTO
MPF,975536549,ANTHELIOS ULTRA FLUIDO30+ 50ML,4,1.3,0.19,0,no,si,3,13,2.09,no-vend-7g
MPF,982823748,LFP GINSENG ELEUTEROC10FL 10ML,4,1.3,0.19,0,no,no,5,5,8.11,MORTO
MPF,977610587,TONICO ENERGIZZANTE ACT 12FL,4,1.3,0.19,0,no,si,1,21,3.54,no-vend-7g
MPF,975984535,CONDRONIL FORTE 20BUST,4,1.3,0.19,0,si,si,15,0,3.62,vende-rete
MPF,943322685,CONNECTASYL 60CPR,4,1.3,0.19,0,si,si,6,0,3.25,vende-rete
MPF,029851173,MOVICOL*SENZA AROMA BB 20BUST,4,1.3,0.19,0,no,si,4,0,1.76,no-vend-7g
MPF,986971531,GIBAUD ORTHO J GIN ZEROG 1,4,1.3,0.19,0,no,no,3,1,12.40,MORTO
MPF,935592927,MIOVEN GEL 100ML,4,1.3,0.19,0,no,si,2,10,3.24,no-vend-7g
MPF,047665068,VOLTADVANCEGO*20CPS MOLLI 25MG,4,1.3,0.19,0,no,si,6,23,1.62,no-vend-7g
MPF,980136523,TENA SILHOUETTE NOIR L V/A 8PZ,4,1.3,0.19,0,no,no,1,4,2.05,MORTO
MPF,982539328,LFP DERMOCREMA PANTENOLO 100ML,4,1.3,0.19,0,no,no,4,22,2.98,MORTO
MPF,905954362,GIBAUD ORTHO BRACC ELBOWGIB 3,4,1.3,0.19,0,no,no,2,1,6.74,MORTO
MPF,908621283,GIBAUD GINOCCH COT SOT BEI 1,4,1.3,0.19,0,no,no,2,1,3.63,MORTO
MPF,980774677,COLPHARMA EASY 2 KIT COMPL AER,4,1.3,0.19,0,no,no,3,13,0.95,MORTO
MPF,974109213,CERAVE CREMA MANI 50ML,4,1.3,0.19,0,no,si,1,42,1.14,no-vend-7g
MPF,048922013,ZEFLAVON*30CPR RIV 500MG,4,1.3,0.19,0,no,si,6,12,1.15,no-vend-7g
MPF,981385026,VITIS ORTHODONTIC COLLUT 500ML,4,1.3,0.19,0,no,si,2,3,1.24,no-vend-7g
MPF,982934010,FITOSTIMOLINE SEPTAGEL GEL VAG,4,1.3,0.19,0,si,si,1,7,1.43,vende-rete
MPF,980248429,ELMEX SENSITIVE DENTIF BITUBO,4,1.3,0.19,0,si,si,7,27,0.68,vende-rete
MPF,985581622,LFP PRO ENERSAL 12BUST,4,1.3,0.19,0,no,si,3,29,2.46,no-vend-7g
MPF,983665466,EUCERIN ANTI-PIGMENT GG MEDIUM,3,1.0,0.14,0,no,no,1,12,8.32,MORTO
MPF,987403805,PARANIX SHAMPOO TRATT TP 200ML,3,1.0,0.14,0,no,si,10,0,2.79,no-vend-7g
MPF,943008577,"SUPARTZ SIR INTRA-ART 2,5ML 3P",3,1.0,0.14,0,no,si,7,2,6.02,no-vend-7g
MPF,950939076,LFP AGE F SKIN COLLAGENE 20F,3,1.0,0.14,0,no,no,4,17,16.78,MORTO
MPF,938457823,BD MICROFINE AGO PENTA G32 4MM,3,1.0,0.14,0,no,si,7,0,1.91,no-vend-7g
MPF,925599971,"MERIDOL CLOREX0,2% COLLUT300ML",3,1.0,0.14,0,no,si,1,11,1.93,no-vend-7g
MPF,944742004,MULTIVITAMIX VITAMINA D2000 UI,3,1.0,0.14,0,no,si,2,7,0.62,no-vend-7g
MPF,927130031,JOBST FOR MEN 15-20 BLU 4,3,1.0,0.14,0,no,no,1,5,3.57,MORTO
MPF,051378026,MUSCORIL DOLORE*GEL100G 20MG/G,3,1.0,0.14,0,no,si,2,32,1.59,no-vend-7g
MPF,989367154,VITAMINDERMINA POLVERE 100G,3,1.0,0.14,0,si,si,9,0,1.47,vende-rete
MPF,951043494,HYALU B5 CREMA RICARICA 50ML,3,1.0,0.14,0,no,no,10,3,4.16,MORTO
MPF,988339178,NANCARE KIDS IMMUNITY 60GUMM,3,1.0,0.14,0,no,no,1,4,5.47,MORTO
MPF,970357036,AZULENE GTT OCULARI 10ML,3,1.0,0.14,0,no,no,13,0,2.08,MORTO
MPF,980644254,MARKEUTICALS FOCAL A/DHT 45CPR,3,1.0,0.14,0,no,si,10,0,3.84,no-vend-7g
MPF,940115710,PREVALGO VISC 20CPR,3,1.0,0.14,0,si,si,4,10,3.81,vende-rete
MPF,921232450,PESCURA FLAT ORIG BYCAST SAB43,3,1.0,0.14,0,si,si,7,0,9.97,vende-rete
MPF,986130363,ENTEROLACTIS PLUS 30CPS,3,1.0,0.14,0,si,si,28,39,3.82,vende-rete
MPF,980763751,CARNIDYN PLUS 18CRP MASTICABIL,3,1.0,0.14,0,si,si,5,27,1.62,vende-rete
MPF,989332857,AVENE SOL SPRAY SPF 30 200ML,3,1.0,0.14,0,si,si,8,9,1.85,vende-rete
MPF,988785566,DOLOMIA SC LX ROLL ON OCC 15ML,3,1.0,0.14,0,no,no,1,3,9.57,MORTO
MPF,974368159,ESI MULTICOMPLEX VIT C 90CPR,3,1.0,0.14,0,si,si,10,3,2.72,vende-rete
MPF,927234498,ATOGYN DISP IGIEN VAG 125ML2PZ,3,1.0,0.14,0,no,si,8,0,2.44,no-vend-7g
MPF,933012926,HJDRATA FILLER SUPERIDRATANTE,3,1.0,0.14,0,no,no,99,0,1.69,MORTO
MPF,986905343,DERMOVITAMINA PRURITO CR 150ML,3,1.0,0.14,0,no,si,7,0,1.87,no-vend-7g
MPF,978473155,LFP OMEGA3 30CPS,3,1.0,0.14,0,no,no,1,10,4.98,MORTO
MPF,930057005,GIBAUD ORTHO CAVIGL AIRFORM,3,1.0,0.14,0,no,no,2,1,11.52,MORTO
MPF,938834227,VENOPLANT 20CPR,3,1.0,0.14,0,no,si,3,9,2.21,no-vend-7g
MPF,989332794,AVENE SOL LATTE SPF 50 250ML,3,1.0,0.14,0,si,si,5,11,1.86,vende-rete
MPF,976203950,FRUTTA & FIBRE CLASSICO 30CPR,3,1.0,0.14,0,no,no,9,0,1.25,MORTO
MPF,950063661,ANTIOSSIDANTE SUPREMO 60PAST,3,1.0,0.14,0,no,si,6,0,2.54,no-vend-7g
MPF,981079864,BIOARGININA C ORALE 20FL,3,1.0,0.14,0,si,si,5,25,2.35,vende-rete
MPF,974772319,ADOLFAST 20CPR MASTIC BLISTER,3,1.0,0.14,0,no,si,4,0,1.68,no-vend-7g
MPF,988032708,TOLERIANE KERIUM DS CONC 40ML,3,1.0,0.14,0,no,no,9,17,2.89,MORTO
MPF,985824085,EUCERIN HYAL FILL BOOSTER NTT,3,1.0,0.14,0,no,no,4,3,4.06,MORTO
MPF,984462503,PREP CREMA TALLONI 75ML,3,1.0,0.14,0,no,si,16,0,1.16,no-vend-7g
MPF,023589031,STREPTOSIL NEOMICINA*POLV 10G,3,1.0,0.14,0,no,si,99,2,1.63,no-vend-7g
MPF,922334925,NEOVAXITIOL 12FL,3,1.0,0.14,0,no,si,1,98,1.34,no-vend-7g
MPF,977657927,LFP VIT-C 1000 20CPR EFFERV,3,1.0,0.14,0,no,no,1,9,3.43,MORTO
MPF,973603006,TIGERPET SPRAY 300ML,3,1.0,0.14,0,no,si,8,0,2.16,no-vend-7g
MPF,987743919,EKEEP B3 SURGICAL BRA POST BI3,3,1.0,0.14,0,no,no,2,1,14.67,MORTO
MPF,025647114,TROSYD*SOLUZ UNGUEALE 12ML 28%,3,1.0,0.14,0,si,si,12,22,3.12,vende-rete
MPF,940098623,MYCLI LIFTABLE EXOSERUM 30ML,3,1.0,0.14,0,no,no,2,6,14.23,MORTO
MPF,905508723,GIBAUD ORTHO REGGIBRACCIO NE 2,3,1.0,0.14,0,no,no,1,2,6.46,MORTO
MPF,984651240,TRASPIREX CLASSIC 20ML,3,1.0,0.14,0,no,si,1,17,1.16,no-vend-7g
MPF,980247504,TISANOREICA BEVANDA CAPPUCCINO 4 BUSTE,3,1.0,0.14,0,no,no,2,3,4.25,MORTO
MPF,939680690,TRICORENE 30CPR,3,1.0,0.14,0,no,si,1,42,1.62,no-vend-7g
MPF,975973001,GIBAUD ORTHO ACT H35 CORS LS 4,3,1.0,0.14,0,no,no,14,1,21.31,MORTO
MPF,989633817,ANTHELIOS FLUIDO UV A/M SPF50+,3,1.0,0.14,0,si,si,25,0,3.43,vende-rete
MPF,980512750,CERAMOL LIPOCREMA 311 50ML,3,1.0,0.14,0,no,no,9,7,3.21,MORTO
MPF,951332422,EUGLYCEM 30CPR,3,1.0,0.14,0,si,si,13,0,3.34,vende-rete
MPF,975082847,GIBAUD SPORT CAVIGLIERA 3,3,1.0,0.14,0,no,no,6,1,6.04,MORTO
MPF,987362391,BAKEL THE ONE CASE&REFILL 50ML,3,1.0,0.14,0,no,no,1,3,101.40,MORTO
MPF,978267831,MATT PHARMA D-MANNOSIO 12BUST,3,1.0,0.14,0,no,si,13,0,1.56,no-vend-7g
MPF,023834144,"FLUIFORT*SCIR 12BUST 2,7G/10ML",3,1.0,0.14,0,no,si,12,11,1.87,no-vend-7g
MPF,982539355,LFP INSETTO REPELLENTE 100ML,3,1.0,0.14,0,no,no,2,24,4.65,MORTO
MPF,023227061,"EMORRIL*CREMA 40G 1%+1,5%",3,1.0,0.14,0,no,si,6,21,0.98,no-vend-7g
MPF,986395958,CERAMOL PSOR LOZIONE 50ML,3,1.0,0.14,0,no,no,4,6,2.44,MORTO
MPF,905954350,GIBAUD ORTHO BRACC ELBOWGIB 2,3,1.0,0.14,0,no,no,1,2,5.79,MORTO
MPF,983361724,GIBAUD ORTHO MANUGIB QUER SX 1,3,1.0,0.14,0,no,no,5,3,10.55,MORTO
MPF,908478668,GIBAUD ORTHO CINT TOR REG 4B 1,3,1.0,0.14,0,no,no,1,1,14.43,MORTO
MPF,975588056,SUPRADYN MAGNESIO/POT 24BUST,3,1.0,0.14,0,si,si,31,0,1.27,vende-rete
MPF,944910140,PRINCIPIUM MAGNESIO COMP 400G,3,1.0,0.14,0,si,si,12,0,3.38,vende-rete
MPF,908188903,GIBAUD CAVIGL INCROC TAGLIA 4,3,1.0,0.14,0,no,no,5,0,2.32,MORTO
MPF,925223998,DEFENCE DEO ULTRA CARE ROLL-ON,3,1.0,0.14,0,si,si,30,0,1.76,vende-rete
MPF,934408663,BIOTHYMUS AC ACT D SH VOL200ML,3,1.0,0.14,0,no,si,4,4,1.28,no-vend-7g
MPF,974655387,DEPIDERM SOIN DE JOUR SPF50,3,1.0,0.14,0,no,no,99,0,4.73,MORTO
MPF,949975977,SAUGELLA ATTIVA VAGINOSI GEL,3,1.0,0.14,0,no,no,1,5,2.57,MORTO
MPF,975054735,EUCERIN AQUAPHOR TRATT RIPA,3,1.0,0.14,0,no,no,5,3,2.62,MORTO
MPF,985725946,PROBIOS KETO BREAD S/GLUT 200G,3,1.0,0.14,0,no,no,99,0,1.04,MORTO
MPF,947423707,LONGLIFE BERBERIN+ 60TAV RIVES,3,1.0,0.14,0,si,si,8,0,2.13,vende-rete
MPF,982474114,LFP COENZIMA Q10 30CPS,3,1.0,0.14,0,no,si,2,2,6.32,no-vend-7g
MPF,975020583,AVENE DERMABSOLU CONT OCCHI,3,1.0,0.14,0,no,si,4,0,5.78,no-vend-7g
MPF,941867222,ARMORES NATURA VIT C NAT 60CPR,3,1.0,0.14,0,si,si,4,0,3.20,vende-rete
MPF,972256642,CALCIOK2 30STICK PACK,3,1.0,0.14,0,si,si,9,0,2.11,vende-rete
MPF,913156675,BIAFIN EMULSIONE CUTANEA 100ML,3,1.0,0.14,0,si,si,11,0,1.33,vende-rete
MPF,978844470,SUPRADYN MAGN/P LIMITED 38BUST,3,1.0,0.14,0,si,si,20,5,1.58,vende-rete
MPF,034548204,VOLTAREN EMULGEL*GEL 120G 1%,3,1.0,0.14,0,si,si,4,14,1.96,vende-rete
MPF,023603184,PEVARYL*SOL CUT GINEC 60ML 1%,3,1.0,0.14,0,si,si,1,8,2.51,vende-rete
MPF,990001861,ZZZQUIL SONNO+ ANTISTRESS28CPS,3,1.0,0.14,0,si,si,9,23,1.83,vende-rete
MPF,025833068,GYNOCANESTEN*CREMA VAG 30G 2%,3,1.0,0.14,0,si,si,25,19,2.42,vende-rete
MPF,974646135,PIACERI MEDIT PIADINA WRAP180G,3,1.0,0.14,0,no,no,1,0,0.66,MORTO
MPF,900191469,VITREOXIGEN 20CPR,3,1.0,0.14,0,si,si,6,7,1.67,vende-rete
MPF,977366208,BIOREPAIR PERIBIOMA DENTIF75ML,3,1.0,0.14,0,si,si,6,23,0.80,vende-rete
MPF,987743895,EKEEP B3 SURGICAL BRA POST BI2,3,1.0,0.14,0,no,no,3,4,15.98,MORTO
MPF,986783025,"ACUVIS GOCCE OCULARI 10FL 0,5M",3,1.0,0.14,0,si,si,1,11,0.89,vende-rete
MPF,924994179,CYSTIPHANE 120CPR,3,1.0,0.14,0,si,si,15,0,3.00,vende-rete
MPF,926620131,LFP PRO CREMA CORPO MANDORLA,3,1.0,0.14,0,no,si,2,10,2.65,no-vend-7g
MPF,987296845,ANAPHASE CADUTA ASSOTT SH400ML,3,1.0,0.14,0,no,si,4,11,6.04,no-vend-7g
MPF,985778556,CERAMOL IAGE CONC POWER SERUM,3,1.0,0.14,0,no,no,1,4,12.68,MORTO
MPF,926461839,MTS10 GANODERMA GTT 20ML,3,1.0,0.14,0,no,no,7,0,2.90,MORTO
MPF,985549587,BAKEL F-DESIGNER DRY CASE&REFI,3,1.0,0.14,0,no,no,1,3,37.86,MORTO
MPF,936018237,ENTEROGERMINA GONFIORE 20BUST,3,1.0,0.14,0,si,si,6,6,2.15,vende-rete
MPF,933939579,ENTEROGERMINA VIAGGI 12BUST,3,1.0,0.14,0,si,si,1,19,1.60,vende-rete
MPF,984702201,BAKEL JALU-3D PATCHES 40PZ,3,1.0,0.14,0,no,si,1,2,50.84,no-vend-7g
MPF,901156758,ALKAGIN POLVERE INTIMA 100G,3,1.0,0.14,0,no,si,5,0,0.78,no-vend-7g
MPF,926417472,CLIADENT COLLUTORIO DENTI SENS,3,1.0,0.14,0,si,si,1,5,1.21,vende-rete
MPF,980430540,CERULISINA FAST ADULTI BAMBINI,3,1.0,0.14,0,no,si,14,0,1.12,no-vend-7g
MPF,973590019,CERAMOL BETA CREMA INTIMA 50ML,3,1.0,0.14,0,si,si,3,12,2.98,vende-rete
MPF,950130688,DERCOS SHAMPOO ANTIFORFORA SEC,3,1.0,0.14,0,no,si,1,13,3.21,no-vend-7g
MPF,988922807,EMOFORM DENT CREMA ADES 45G TP,3,1.0,0.14,0,si,si,10,0,0.91,vende-rete
MPF,924124391,"CICAPLAST LEVRES 7,5ML",3,1.0,0.14,0,no,si,2,71,1.40,no-vend-7g
MPF,978473167,LFP OMEGA3 90CPS,3,1.0,0.14,0,no,si,2,30,9.50,no-vend-7g
MPF,924531116,DEODORANTE BELLEZZA ROLL-ON,3,1.0,0.14,0,no,si,3,14,1.41,no-vend-7g
MPF,987336450,GIBAUD GINOCCH COT SOT BEI 2,3,1.0,0.14,0,si,si,4,0,2.52,vende-rete
MPF,987758442,NEUROPOWER 20BUST,3,1.0,0.14,0,si,si,1,7,11.89,vende-rete
MPF,987881669,CERAMOL SPOT BLOCK XL 50ML,3,1.0,0.14,0,no,si,3,5,4.28,no-vend-7g
MPF,982893238,EXTRA GENTLE DERMOPROT SH200ML,3,1.0,0.14,0,no,si,13,0,1.17,no-vend-7g
MPF,948006541,SIBEN FLU 14BUST,3,1.0,0.14,0,no,no,1,8,2.80,MORTO
MPF,008997064,DULCOLAX*40CPR RIV 5MG,3,1.0,0.14,0,si,si,10,100,1.75,vende-rete
MPF,947228209,ERYFOTONA AK-NMSC FLUID 50ML,2,0.7,0.09,0,si,si,17,0,4.05,vende-rete
MPF,981067299,EUCERIN AFTER SUN SENSITIVE,2,0.7,0.09,0,no,si,2,5,1.63,no-vend-7g
MPF,049990017,VAGISIL ANTIMICOTICO*CR 30G 2%,2,0.7,0.09,0,no,si,2,17,1.61,no-vend-7g
MPF,042028023,OKITASK*OS GRAT 20BUST 40MG,2,0.7,0.09,0,si,si,11,78,1.06,vende-rete
MPF,951318575,DOLOMIA MU MASCARA VERTI01 BLA,2,0.7,0.09,0,no,si,1,5,4.63,no-vend-7g
MPF,935808927,IRIDIL SALV LAVAOCCHI 28PZ,2,0.7,0.09,0,no,si,2,4,1.44,no-vend-7g
MPF,922364068,DERCOS SHAMPO ANTIFORF SENSITI,2,0.7,0.09,0,si,si,5,13,1.96,vende-rete
MPF,925942346,CLINNIX CREMA SMAGLIATURE300ML,2,0.7,0.09,0,no,no,12,0,5.10,MORTO
MPF,934028743,DERMOVITAMINA MICO PIEDE ATLET,2,0.7,0.09,0,no,si,3,14,1.22,no-vend-7g
MPF,947456479,VITA K2 50CPS VEG,2,0.7,0.09,0,no,si,11,0,4.70,no-vend-7g
MPF,944800984,LONGLIFE QUERCETINA 200 60CPR,2,0.7,0.09,0,no,si,10,0,2.00,no-vend-7g
MPF,946503327,MYCLI C RECHARGE SIERO 30ML,2,0.7,0.09,0,no,si,4,3,13.71,no-vend-7g
MPF,984621298,SWISSE MULTIVITAMINICO D 30CPR,2,0.7,0.09,0,no,si,2,4,2.52,no-vend-7g
MPF,970371403,PROCINEX 24STICK 15ML,2,0.7,0.09,0,si,si,6,0,2.14,vende-rete
MPF,025561010,SOFARGEN*CREMA 30G 1%,2,0.7,0.09,0,no,si,10,6,1.54,no-vend-7g
MPF,940144215,NAUSELASE GOCCE 20ML,2,0.7,0.09,0,no,no,5,8,5.20,MORTO
MPF,923502140,DEODORANTE STRESS RESIST ROLL,2,0.7,0.09,0,si,si,4,21,1.38,vende-rete
MPF,984881413,AVENE RISTRUTTURANTE DOPO400ML,2,0.7,0.09,0,si,si,18,6,2.53,vende-rete
MPF,976597068,ZZZQUIL SONNO 30PAST,2,0.7,0.09,0,no,si,20,31,1.78,no-vend-7g
MPF,986913756,SEBIUM HYDRA CLEANSER 200ML,2,0.7,0.09,0,no,si,12,0,1.97,no-vend-7g
MPF,942007663,PRONTEX PHYSIO ISOTON 5ML 20F,2,0.7,0.09,0,no,no,9,0,1.07,MORTO
MPF,947065140,ARTIKRILL CRESCITA 90CPR,2,0.7,0.09,0,si,si,6,0,7.44,vende-rete
MPF,924587239,MAGNESIO C/VITAMINE B 30CPR,2,0.7,0.09,0,si,si,14,0,1.15,vende-rete
MPF,983697741,VICHY HOMME DEO CC 96H ROLL 50,2,0.7,0.09,0,si,si,2,3,1.32,vende-rete
MPF,985723675,PEDIAVIT GOCCE 15ML,2,0.7,0.09,0,no,si,5,0,2.23,no-vend-7g
MPF,938124373,CLEBOLIDER CREMA IDRAT 150ML,2,0.7,0.09,0,no,si,12,0,3.00,no-vend-7g
MPF,980911770,NERADIN 28CPS,2,0.7,0.09,0,si,si,8,0,3.11,vende-rete
MPF,041536020,NUROFENBABY*10SUPP 60MG,2,0.7,0.09,0,no,si,8,0,1.55,no-vend-7g
MPF,973662036,CITILPEA 30BUST,2,0.7,0.09,0,si,si,6,3,3.12,vende-rete
MPF,046175081,MACROGOL AURO*20BUST 10G,2,0.7,0.09,0,si,si,2,0,0.93,vende-rete
MPF,986395945,CERAMOL PSOR SHAMPOO ATT 200ML,2,0.7,0.09,0,no,si,8,3,3.03,no-vend-7g
MPF,924268788,ELMEX SENSITIVE PROF COLLUT,2,0.7,0.09,0,si,si,4,26,1.06,vende-rete
MPF,972790404,STOMODINE F 30ML,2,0.7,0.09,0,si,si,8,0,1.91,vende-rete
MPF,987361969,LFP SOL LATTE DOPOSOLE 250ML,2,0.7,0.09,0,no,no,1,4,2.76,MORTO
MPF,971968122,VICHY HOMME DEO ANTI-MACCHIE,2,0.7,0.09,0,no,si,3,8,1.28,no-vend-7g
MPF,984622694,LFP CREMA PIEDI 75ML,2,0.7,0.09,0,no,si,6,10,4.47,no-vend-7g
MPF,932178371,INTERPROX PLUS NANO ROSA 6PZ,2,0.7,0.09,0,no,si,1,4,0.90,no-vend-7g
MPF,971636535,CARBITECH 30CPR,2,0.7,0.09,0,si,si,12,0,3.70,vende-rete
MPF,971621964,CONNETTIVINABIO CREMA 25G,2,0.7,0.09,0,si,si,6,14,1.13,vende-rete
MPF,989657186,OFFDOL ACTIVE PLUS CREMAGEL,2,0.7,0.09,0,no,si,5,9,6.45,no-vend-7g
MPF,985771777,LACTOFLORENE PANCIA PIAT20BUST,2,0.7,0.09,0,si,si,5,8,1.58,vende-rete
MPF,987025766,PIC SOFT WASH SCHIZZETTO 490ML,2,0.7,0.09,0,no,si,11,0,1.71,no-vend-7g
MPF,983374063,PHOTODERM CREME CLAIRE SPF50+,2,0.7,0.09,0,no,si,5,0,2.02,no-vend-7g
MPF,950612349,FAVE DI FUCA CLASSICO 90CPR,2,0.7,0.09,0,no,si,5,4,2.59,no-vend-7g
MPF,974367029,LIPOTECH 800 20CPR,2,0.7,0.09,0,no,si,12,0,3.11,no-vend-7g
MPF,931656805,TAE X ROSE CREMA 60ML,2,0.7,0.09,0,si,si,12,0,2.83,vende-rete
MPF,934857867,LACRIMALFA SOL OFTALMICA 10ML,2,0.7,0.09,0,no,si,6,0,1.17,no-vend-7g
MPF,974770505,FORHANS DENTIF SCUDO NAT 75ML,2,0.7,0.09,0,no,no,8,0,1.02,MORTO
MPF,922925918,ESI LE DIECI ERBE FLOR 60CPS,2,0.7,0.09,0,no,no,5,17,1.38,MORTO
MPF,970726550,GIBAUD JUNIOR TUTORE SPALLA 2,2,0.7,0.09,0,no,no,1,1,8.06,MORTO
MPF,975427345,GIBAUD CLASSIC CINT POSTOP LE4,2,0.7,0.09,0,no,no,1,7,6.35,MORTO
MPF,975519188,NEUTROGENA HB FLUIDA CORPO GEL,2,0.7,0.09,0,no,no,25,7,2.88,MORTO
MPF,989408810,LFP FISIODETERGENTE 300ML,2,0.7,0.09,0,si,si,5,19,2.99,vende-rete
MPF,901735062,CREDO TAGLIACALLI SICUREZZA,2,0.7,0.09,0,no,si,3,0,1.09,no-vend-7g
MPF,987336474,GIBAUD GINOCCH COT SOT BEI 4,2,0.7,0.09,0,no,no,5,0,2.58,MORTO
MPF,021004179,BISOLVON*SCIR FL 200ML 8MG/5ML,2,0.7,0.09,0,no,no,1,339,2.42,MORTO
MPF,984702187,LFP TERMOCREMA ARNICA 50ML,2,0.7,0.09,0,no,no,2,18,3.29,MORTO
MPF,911002184,SHAKTI CREMA VISO MOLYWIND,2,0.7,0.09,0,si,si,8,0,4.82,vende-rete
MPF,984098689,REV DEOMED PLUS CREMA 80ML,2,0.7,0.09,0,no,no,3,0,1.66,MORTO
MPF,978436739,GICAR CREMA 50ML,2,0.7,0.09,0,no,no,8,0,2.38,MORTO
MPF,930398488,ESI NO DOL GEL TERMICO 280G,2,0.7,0.09,0,no,no,1,34,1.10,MORTO
MPF,985778455,DOLOMIA MU NAIL 15 LEVASMALTO,2,0.7,0.09,0,no,no,1,7,2.13,MORTO
MPF,900976135,ULTRA TWO MULTIVIT 90TAV,2,0.7,0.09,0,no,no,99,0,12.51,MORTO
MPF,984177713,ACUTIL ADULTI 55+ 24CPR,2,0.7,0.09,0,no,no,3,10,1.66,MORTO
MPF,908480787,GIBAUD GINOCCH SPORTIVA CAMEL2,2,0.7,0.09,0,no,no,4,2,3.19,MORTO
MPF,985995543,INSULIPID 60CPR,2,0.7,0.09,0,si,si,11,0,2.40,vende-rete
MPF,975083041,GIBAUD SPORT BRACCIALE 3,2,0.7,0.09,0,no,no,11,0,3.93,MORTO
MPF,980436416,AMELAN CREMA 30ML,2,0.7,0.09,0,no,no,5,0,3.63,MORTO
MPF,930700644,LONGLIFE SOD 2000 60CPR RIVES,2,0.7,0.09,0,no,no,11,0,2.58,MORTO
MPF,974161857,GIBAUD ORTHO LOMBOGIB WORK 4,2,0.7,0.09,0,no,no,1,3,23.78,MORTO
MPF,975427358,GIBAUD CLASSIC CINT POSTOP LE5,2,0.7,0.09,0,no,no,1,3,6.96,MORTO
MPF,900750136,P6 NAUSEA CONTROL BRACCIALE BB,2,0.7,0.09,0,no,no,6,6,4.96,MORTO
MPF,987221456,CUMAVIS CREMA 100ML,2,0.7,0.09,0,no,no,6,0,2.57,MORTO
MPF,943294746,TENDISULFUR RUN 14BUST,2,0.7,0.09,0,no,no,13,0,3.82,MORTO
MPF,943816645,NOKSAN SPUGNA BIFACCIALE,2,0.7,0.09,0,no,no,99,0,0.84,MORTO
MPF,984412229,DOLOMIA MU MAT OCCHI 58 CARBO,2,0.7,0.09,0,no,no,4,3,3.16,MORTO
MPF,986971341,GIBAUD ORTHO ROTULGIB 3D GIN3,2,0.7,0.09,0,no,no,12,3,11.32,MORTO
MPF,904656384,VENAID 30CPR,2,0.7,0.09,0,no,no,99,0,3.19,MORTO
MPF,975189301,FLAVIS BREAD MIX 500G,2,0.7,0.09,0,no,no,14,5,1.62,MORTO
MPF,985581127,LFP PEAWELL TASK 12STICK,2,0.7,0.09,0,no,no,4,28,5.38,MORTO
MPF,985778568,CERAMOL IAGE EYE CREAM 15ML,2,0.7,0.09,0,no,no,2,3,4.97,MORTO
MPF,989665447,BRAUN EXACTFIT 2,2,0.7,0.09,0,no,no,1,9,4.75,MORTO
MPF,947073019,AVEC 30CPR MASTICABILI,2,0.7,0.09,0,no,si,9,0,4.40,no-vend-7g
MPF,980917165,KEYLIFE DETOX UOMO,2,0.7,0.09,0,no,no,1,6,27.89,MORTO
MPF,988754800,SCHOLL TALLONIERA GEL LARGE,2,0.7,0.09,0,no,no,99,0,1.30,MORTO
MPF,987750751,LFP CREMA RIMODELLANTE 230ML,2,0.7,0.09,0,no,no,2,5,12.26,MORTO
MPF,913228072,CLEARBLUE RILEVAZIONE RAPIDA1P,2,0.7,0.09,0,no,no,9,15,1.59,MORTO
MPF,976278325,FDE GEL PURO ALOE VERA 150ML,2,0.7,0.09,0,no,si,1,10,2.43,no-vend-7g
MPF,951091925,EUCERIN DC TONICO PURIF 200ML,2,0.7,0.09,0,no,no,2,3,3.57,MORTO
MPF,984361319,PPM COLLAGEN+ 30BUST,2,0.7,0.09,0,si,si,4,0,6.53,vende-rete
MPF,921232676,PESCURA HEEL ORIG BYCAST SAB40,2,0.7,0.09,0,no,no,4,0,7.56,MORTO
MPF,930411121,"SINOVIAL 32 SIR INTRA-ART 1,6%",2,0.7,0.09,0,no,no,12,0,5.13,MORTO
MPF,976770077,ZEROALL GOCCE 30ML,2,0.7,0.09,0,no,no,5,0,1.87,MORTO
MPF,908188915,GIBAUD CAVIGL INCROC TAGLIA 6,2,0.7,0.09,0,no,no,2,1,4.42,MORTO
MPF,931991309,FLEBOSTAX 30CPR,2,0.7,0.09,0,no,no,11,0,1.08,MORTO
MPF,984599744,ALTRAPELLE MEDICAL ONICO SOLUZ,2,0.7,0.09,0,no,si,1,3,2.60,no-vend-7g
MPF,942260326,EUPHIDRA AMIDO INTIMO GEL,2,0.7,0.09,0,no,si,16,0,0.94,no-vend-7g
MPF,934863960,CERAMOL BALSAMO CAPELLI 200ML,2,0.7,0.09,0,no,si,9,13,2.65,no-vend-7g
MPF,800602359,MELISSA SEPIA COM 20G GL WALA,2,0.7,0.09,0,no,no,99,0,2.38,MORTO
MPF,981979192,GIBAUD ORTHO MALLEOGIB 3D CAV3,2,0.7,0.09,0,no,no,2,1,10.42,MORTO
MPF,932720915,ENVISUN DOPOS REPELLENTE 100ML,2,0.7,0.09,0,no,si,5,0,1.50,no-vend-7g
MPF,908620646,"SAUGELLA GEL INTIMO PH5,5 30ML",2,0.7,0.09,0,no,no,8,3,1.31,MORTO
MPF,971393917,B-VITAL TOTALE 30CPR RIVESTITE,2,0.7,0.09,0,si,si,9,0,1.93,vende-rete
MPF,949855542,MYCLI SENSAGING MILKY SERUM,2,0.7,0.09,0,no,no,4,6,10.90,MORTO
MPF,982177925,DOLOMIA MU FOND 32 COL IDEA,2,0.7,0.09,0,no,no,5,5,8.69,MORTO
MPF,988339154,NANCARE KIDS MULTIVIT 60GUMM,2,0.7,0.09,0,no,no,1,5,6.05,MORTO
MPF,981273776,CLIADENT IDROPULSORE,2,0.7,0.09,0,no,no,1,1,9.92,MORTO
MPF,042922017,NEXIUM CONTROL*7CPR GASTR 20MG,2,0.7,0.09,0,no,no,1,33,1.85,MORTO
MPF,900288299,"CER ROC LEUKOPOR 2,50X920CM",2,0.7,0.09,0,no,no,7,0,0.87,MORTO
MPF,904212180,CISTILENE 50OPR,2,0.7,0.09,0,no,no,18,0,2.40,MORTO
MPF,944473774,LONGLIFE LATTOFERRINA200 30CPS,2,0.7,0.09,0,no,no,8,0,3.69,MORTO
MPF,975896440,GIBAUD ORTHO DORSOLOMBOGIB 4,2,0.7,0.09,0,si,si,11,0,24.40,vende-rete
MPF,908758067,MAVALA 002 BASE RINFOR UN 10ML,2,0.7,0.09,0,no,no,2,3,3.52,MORTO
MPF,984950485,CERAMOL GLOBAL DEF 30CPR,2,0.7,0.09,0,no,si,2,22,5.23,no-vend-7g
MPF,986013201,GIBAUD ORTHO LOMBOGIB TECH 3,2,0.7,0.09,0,no,no,10,4,19.70,MORTO
MPF,978269153,DERCOS KERASOL SHAMPOO 250ML,2,0.7,0.09,0,no,no,2,24,1.63,MORTO
MPF,945098325,REUTERAL PET CANE 30CPS,2,0.7,0.09,0,si,si,7,0,1.95,vende-rete
MPF,973499852,OLIO DEL RE SPRAY NASALE 30ML,2,0.7,0.09,0,no,si,9,0,1.55,no-vend-7g
MPF,986956629,PHYTO COL BARRIERA 20CPR,2,0.7,0.09,0,no,no,6,0,1.70,MORTO
MPF,981979216,GIBAUD ORTHO MALLEOGIB 3D CAV5,2,0.7,0.09,0,no,no,1,1,10.10,MORTO
MPF,912468131,"NUTRITIC LABBRA 4,7ML",2,0.7,0.09,0,no,no,5,81,1.40,MORTO
MPF,985778467,LFP LATTE RISC VISO OCCHI400ML,2,0.7,0.09,0,no,no,4,6,6.22,MORTO
MPF,926511320,KOMBUCHA 750ML,2,0.7,0.09,0,no,si,2,0,0.77,no-vend-7g
MPF,983361674,GIBAUD ORTHO MANUGIB TRAU SX 1,2,0.7,0.09,0,no,no,8,0,6.14,MORTO
MPF,983466362,DONNA PIU' 60CPS,2,0.7,0.09,0,no,no,8,0,1.39,MORTO
MPF,984876641,DOLOMIA MU LIP 32 PHYTOCARE,2,0.7,0.09,0,no,no,4,4,2.82,MORTO
MPF,976396592,OMEGOR TWINEFA 60CPS NEW,2,0.7,0.09,0,no,no,7,0,1.54,MORTO
MPF,933950255,JOY GOCCE 20ML,2,0.7,0.09,0,no,si,7,0,1.50,no-vend-7g
MPF,981545294,CH MAMMY GUAINA GRAVIDANZA 6,2,0.7,0.09,0,no,no,6,0,4.45,MORTO
MPF,989408594,DOLOMIA SC HD BALSAMO 200ML,2,0.7,0.09,0,no,no,1,6,5.65,MORTO
MPF,926194465,SEMI DI LINO MACINATI 200G,2,0.7,0.09,0,no,no,4,0,0.58,MORTO
MPF,023673128,IMODIUM*12CPS 2MG,2,0.7,0.09,0,si,si,29,91,1.77,vende-rete
MPF,983198298,DRENAX FORTE MICROCIRCOLO GEL,2,0.7,0.09,0,no,no,99,0,0.00,MORTO
MPF,986921740,FLAVIS DELIZIA ALLE ERBE 130G,2,0.7,0.09,0,no,no,5,0,0.97,MORTO
MPF,975816315,COLPHARMA MAGNETO CARE HOME,2,0.7,0.09,0,no,no,11,0,31.07,MORTO
MPF,939236093,NEXCARE CER SOFT STRISC 100X80,2,0.7,0.09,0,no,no,99,10,0.85,MORTO
MPF,951091913,EUCERIN DC SIERO TRIPLA AZ40ML,2,0.7,0.09,0,no,no,4,3,2.97,MORTO
MPF,934869658,SELIMA 30CPR,2,0.7,0.09,0,si,si,6,0,2.01,vende-rete
MPF,926593601,ESI DIURERBE FORTE ANAN24POCK,2,0.7,0.09,0,no,si,6,12,2.31,no-vend-7g
MPF,972767519,LFP MAGNESIO 450CAP 30CPS,2,0.7,0.09,0,no,si,3,5,4.84,no-vend-7g
MPF,945140174,EUPH COLORPRO XD 907 BIOND,2,0.7,0.09,0,no,si,6,4,1.34,no-vend-7g
MPF,989408796,LFP DOCCIASPORT POMPELMO 600ML,2,0.7,0.09,0,no,si,2,18,6.22,no-vend-7g
MPF,974640765,LFP NAC 300 COMPLEX 12BUST,2,0.7,0.09,0,no,no,1,8,4.49,MORTO
MPF,921725925,SIBEN 20CPR,2,0.7,0.09,0,si,si,4,30,1.95,vende-rete
MPF,975526791,DAILY COMFORT SENIOR PANNI60PZ,2,0.7,0.09,0,no,si,2,15,0.66,no-vend-7g
MPF,973916909,ARNICA BIANCARDI GEL EXF 200ML,2,0.7,0.09,0,no,no,99,0,1.99,MORTO
MPF,983361698,GIBAUD ORTHO MANUGIB QUER DX 1,2,0.7,0.09,0,no,no,10,3,12.29,MORTO
MPF,987437175,POLASE ARANCIA 12BUST PROMO 24,2,0.7,0.09,0,si,si,14,5,0.96,vende-rete
MPF,909089031,ACQUA SIRMIONE MIN NAT 6F 15ML,2,0.7,0.09,0,si,si,9,89,1.04,vende-rete
MPF,981048010,BOUQUET ORO PROFUMO 50ML,2,0.7,0.09,0,no,no,99,0,3.32,MORTO
MPF,974036713,PUFATECH 100PRL,2,0.7,0.09,0,no,si,9,0,4.36,no-vend-7g
MPF,988142927,EKEEP G3 SHORT FULL FOAM TUT,2,0.7,0.09,0,no,si,5,6,18.28,no-vend-7g
MPF,944292527,MAGNESIO POTASSIO S/ZUCCH60CPR,2,0.7,0.09,0,si,si,4,4,1.81,vende-rete
MPF,947414381,NORMALIVER PET 50G,2,0.7,0.09,0,si,si,5,0,2.31,vende-rete
MPF,970540896,VITA ACT MULTIVITAM 50+ 30CPR,2,0.7,0.09,0,no,si,2,6,0.94,no-vend-7g
MPF,035799028,RINOCLENIL*SPRAY 200ER 100MCG,2,0.7,0.09,0,no,si,5,8,3.33,no-vend-7g
MPF,981410133,LFP CREMA RICCA OSMOT 50ML,2,0.7,0.09,0,no,no,3,3,15.26,MORTO
MPF,988148146,CLAREMASE ORALE 20FL,2,0.7,0.09,0,si,si,2,25,3.78,vende-rete
MPF,036193023,ESSAVEN*GEL 80G 10MG/G+8MG/G,2,0.7,0.09,0,si,si,12,9,1.69,vende-rete
MPF,971998265,EKEEP K1 POSTURE KEEPER U 1,2,0.7,0.09,0,no,no,1,1,20.04,MORTO
MPF,975399003,LFP SOL LATTE CORPO 50+ 100ML,2,0.7,0.09,0,no,no,3,6,5.68,MORTO
MPF,979097538,HYALO GYN GEL 10APPL MONODOSE,2,0.7,0.09,0,si,si,9,8,2.19,vende-rete
MPF,985917943,POLIDENT POWER MAX SUPER 40G,2,0.7,0.09,0,no,no,7,4,1.15,MORTO
MPF,985830583,M2 MANUKEEP TUT POLS SX TG03,2,0.7,0.09,0,no,no,1,1,9.66,MORTO
MPF,952099048,MASSIGEN MULTIGUMMY60CARAM 1+1,2,0.7,0.09,0,no,si,2,19,4.06,no-vend-7g
MPF,931052500,XVENO 30CPR,2,0.7,0.09,0,si,si,12,0,2.55,vende-rete
MPF,982823763,LFP RICARICA PLUS 20BUST,2,0.7,0.09,0,no,si,6,4,12.13,no-vend-7g
MPF,982514364,BIOREM GOCCE 30ML,2,0.7,0.09,0,no,si,4,0,1.63,no-vend-7g
MPF,981979180,GIBAUD ORTHO MALLEOGIB 3D CAV2,2,0.7,0.09,0,no,no,6,1,11.13,MORTO
MPF,979393321,LFP OLIOSHAMPOO DERMOAFF 200ML,2,0.7,0.09,0,no,no,3,4,2.22,MORTO
MPF,020702080,MAALOX PLUS*30CPR MAST,2,0.7,0.09,0,no,si,10,22,2.19,no-vend-7g
MPF,987405685,GOOVI MATITA OCCHI LINER 01 NE,2,0.7,0.09,0,no,no,14,0,1.27,MORTO
MPF,948088935,SAUGELLA POLIGYN SALV 15PZ,2,0.7,0.09,0,no,si,1,3,1.56,no-vend-7g
MPF,930525771,CARNIDYN PLUS 20BUST,2,0.7,0.09,0,si,si,20,173,1.85,vende-rete
MPF,983832825,COXALT 20CPR,2,0.7,0.09,0,no,si,3,0,2.09,no-vend-7g
MPF,990312934,MULTICENTRUM D 30CPR PROMO 26,2,0.7,0.09,0,no,si,3,3,1.77,no-vend-7g
MPF,908019553,AFTIR GEL ANTIPARASSITARIO 40G,2,0.7,0.09,0,no,si,11,0,1.38,no-vend-7g
MPF,986734515,LAILA DORMIBENE 60GOMMOSE,2,0.7,0.09,0,si,si,14,24,2.36,vende-rete
MPF,943942452,TANNIDIN PLUS 30CPR MAST,2,0.7,0.09,0,si,si,7,0,3.81,vende-rete
MPF,934423993,NOCIST INTENSIVE 7BUST,2,0.7,0.09,0,no,si,17,0,3.13,no-vend-7g
MPF,942224445,SIDERAL ORO 14MG 20BUST,2,0.7,0.09,0,no,si,13,0,2.93,no-vend-7g
MPF,951365218,LIPIKAR BAUME AP+MAX 200ML,2,0.7,0.09,0,no,no,3,4,3.20,MORTO
MPF,934408713,BIOTHYMUS AC ACT U LOZ 100ML,2,0.7,0.09,0,no,no,1,6,9.92,MORTO
MPF,950216426,MECLON INTIMA CONTROLLO ATTIVO,2,0.7,0.09,0,si,si,5,13,1.86,vende-rete
MPF,983513716,KUKIDENT PLUS BARRI A/CI FR40G,2,0.7,0.09,0,si,si,4,3,0.79,vende-rete
MPF,975082912,GIBAUD SPORT GINOCCHIERA 1,2,0.7,0.09,0,no,no,3,1,7.89,MORTO
MPF,940431012,VITA B7 50CPS VEGETALI,2,0.7,0.09,0,si,si,1,0,1.28,vende-rete
MPF,042154017,LASONIL ANTIDOLORE*GEL 50G 10%,2,0.7,0.09,0,no,si,1,6,0.92,no-vend-7g
MPF,938061177,SAMEFAST UP 20CPR,2,0.7,0.09,0,no,si,7,6,2.50,no-vend-7g
MPF,977662030,AVENE CICALFATE+CR RISTRUT40ML,2,0.7,0.09,0,no,si,14,0,1.56,no-vend-7g
MPF,975427319,GIBAUD CLASSIC CINT POSTOP LE1,2,0.7,0.09,0,no,si,7,4,7.89,no-vend-7g
MPF,029500030,CIBALGINA DUE FAST*12CPR 200MG,2,0.7,0.09,0,si,si,3,0,0.88,vende-rete
MPF,984411847,LFP OLIO CORPO 5 OLI 100ML,2,0.7,0.09,0,no,no,3,13,5.85,MORTO
MPF,911958369,MONODERMA C10 GEL 30VEGICAPS,2,0.7,0.09,0,si,si,9,0,3.12,vende-rete
MPF,925223327,LFP REFLUXCONTROL 24CPR,2,0.7,0.09,0,no,no,4,24,3.64,MORTO
MPF,980299491,SIG SET DOFF N'DONNER,2,0.7,0.09,0,no,si,1,0,11.55,no-vend-7g
MPF,987269038,MERIDOL COLLUTORIO PAROD 400ML,2,0.7,0.09,0,si,si,3,3,2.65,vende-rete
MPF,974885307,ANNURMETS HDL+ 30CPR,2,0.7,0.09,0,no,si,99,0,2.03,no-vend-7g
MPF,977657939,LFP CREMA RID RINNOV TRIC 50ML,2,0.7,0.09,0,no,no,7,5,8.40,MORTO
MPF,950915114,DOLOMIA MU FONDOT SIERO 91,2,0.7,0.09,0,no,no,1,3,15.76,MORTO
MPF,979321294,DERMOVITAMINA MICO SMALTO BRD,2,0.7,0.09,0,no,si,1,3,1.04,no-vend-7g
MPF,021528157,"TAMARINE*MARMEL260G 80+3,9MG/G",2,0.7,0.09,0,si,si,9,3,3.07,vende-rete
MPF,951507779,POLASE PLUS CARNITINA PRO24BUS,2,0.7,0.09,0,si,si,7,10,2.08,vende-rete
MPF,950276713,GIBAUD ORTHO CORS LOMB ACT V 2,2,0.7,0.09,0,no,no,5,3,16.73,MORTO
MPF,984703773,COLLAFORCE SUPER 10000 450G,2,0.7,0.09,0,si,si,7,0,3.13,vende-rete
MPF,943921597,MASSIGEN MULTIGUMMY 60CARAM,2,0.7,0.09,0,no,si,3,5,1.12,no-vend-7g
MPF,041736012,ITAMIFAST*10CPR RIV 25MG,2,0.7,0.09,0,no,si,10,0,0.77,no-vend-7g
MPF,977671243,DERMOVITAMINA VERRUCHE 2ML,2,0.7,0.09,0,no,si,7,10,1.52,no-vend-7g
MPF,924924830,ARIFER PLUS 30CPS,2,0.7,0.09,0,si,si,11,0,2.63,vende-rete
MPF,909108363,RIBES PET 30PRL,2,0.7,0.09,0,si,si,10,0,2.97,vende-rete
MPF,937030892,NOVA PROST 30CPS SOFTGEL,2,0.7,0.09,0,si,si,11,0,1.37,vende-rete
MPF,900531118,MUTANDA ERNIA C/CUSC 5,2,0.7,0.09,0,no,si,8,0,6.88,no-vend-7g
MPF,975083484,ACTIVE MEMORY SOLETTA BAMBOO42,2,0.7,0.09,0,no,no,6,0,1.49,MORTO
MPF,982752887,DUALSAN GAMB TERAP KKL1 RAL 4,2,0.7,0.09,0,no,no,2,1,10.98,MORTO
MPF,980635142,KELUAL DS SHAMPOO FORFORA SEV,2,0.7,0.09,0,si,si,34,14,2.52,vende-rete
MPF,979370754,MULTICENTRUM BOOST MAGNE30BUST,2,0.7,0.09,0,no,si,99,0,2.63,no-vend-7g
MPF,989415373,SUSTENIUM PLUS 50+ 15FL,2,0.7,0.09,0,si,si,7,12,2.10,vende-rete
MPF,907280313,DEODORANTE 7 GIORNI CREMA 30ML,2,0.7,0.09,0,si,si,4,24,1.35,vende-rete
MPF,938467281,BROMELINA 100CPR,2,0.7,0.09,0,no,si,8,0,1.95,no-vend-7g
MPF,904695234,PROPOL2 EMF SPRAY FORTE 30ML,2,0.7,0.09,0,no,si,7,0,2.10,no-vend-7g
MPF,921189243,OXILIFE 30CPS,2,0.7,0.09,0,no,no,8,0,2.91,MORTO
MPF,903964575,ELASTOVEN 30CPR,2,0.7,0.09,0,si,si,8,0,2.65,vende-rete
MPF,981389341,DERMON DETERGENTE INTIMO 500ML,2,0.7,0.09,0,si,si,3,15,1.15,vende-rete
MPF,989976838,BAKEL NIA TECH CR NORM CASE&RE,2,0.7,0.09,0,no,no,1,1,37.86,MORTO
MPF,935572988,LICHTENA CREMA COMPL OCTA 25ML,2,0.7,0.09,0,no,si,11,0,1.46,no-vend-7g
MPF,022632107,NEOBOROCILLINA*20PAST S/Z,2,0.7,0.09,0,no,si,7,34,2.04,no-vend-7g
MPF,972472854,DUALCOL FERMENTI 10CPS,2,0.7,0.09,0,no,si,9,0,2.15,no-vend-7g
MPF,976203998,FRUTTA & FIBRE FORTE 24CUBETTI,2,0.7,0.09,0,no,si,99,0,0.00,no-vend-7g
MPF,924217856,ANELLO PLASMABILE STOMIA 2MM,2,0.7,0.09,0,no,si,5,0,2.17,no-vend-7g
MPF,943880649,SINFLOGO ORO 30BUST OROSOL,2,0.7,0.09,0,no,no,99,0,0.00,MORTO
MPF,982981666,ANTHELIOS FLUIDO UVM50+ S/PROF,2,0.7,0.09,0,si,si,16,12,1.78,vende-rete
MPF,982054482,CEREBRAIN FORTE 12FL 15ML,2,0.7,0.09,0,si,si,15,10,3.12,vende-rete
MPF,949973503,DIABEC 60CPS MOLLI,2,0.7,0.09,0,si,si,11,0,4.99,vende-rete
MPF,931601102,IALUSET PLUS GARZA 10X10 10PZ,2,0.7,0.09,0,no,si,6,6,1.81,no-vend-7g
MPF,950221818,KUKIDENT PLUS MORSO INSUPERAB,2,0.7,0.09,0,no,si,9,96,1.38,no-vend-7g
MPF,986699573,MULTICENTRUM NEO MAMMA DHA,2,0.7,0.09,0,si,si,4,7,3.24,vende-rete
MPF,033106055,"DISINTYL*FL 1000ML 0,2%",2,0.7,0.09,0,no,no,22,0,1.27,MORTO
MPF,881116343,ARNICA OTI COMPOSTO 20F FIS,2,0.7,0.09,0,no,no,8,0,2.84,MORTO
MPF,943779001,ASTAR 3D 20CPS MOLLI,2,0.7,0.09,0,no,si,9,0,2.66,no-vend-7g
MPF,982145029,AMIOIL CEROTTI 12PZ,2,0.7,0.09,0,no,no,5,0,2.53,MORTO
MPF,012745081,TACHIPIRINA*BB OS GTT 30ML 10%,2,0.7,0.09,0,si,si,4,47,0.74,vende-rete
MPF,977406457,LFP ATTIVO VITAMINA C 20% 20ML,2,0.7,0.09,0,no,si,3,5,3.99,no-vend-7g
MPF,987309679,PEGBIOMA 30BUST,2,0.7,0.09,0,no,si,5,21,2.76,no-vend-7g
MPF,931580575,GSE EYE DROPS CLICK GTT 10PIP,2,0.7,0.09,0,no,si,8,6,1.80,no-vend-7g
MPF,949990840,BIOKAP LOZIONE ANTIFORFORA NF,2,0.7,0.09,0,no,no,6,0,2.10,MORTO
MPF,987386099,ANTHELIOS LATTE UVMUNE BB250ML,2,0.7,0.09,0,si,si,99,17,1.97,vende-rete
MPF,901607008,OLIGOMIR EPID CARAM SFUSE 3KG,2,0.7,0.09,0,no,no,5,0,11.58,MORTO
MPF,970371706,PROPAUSA GEL INTIMO 30ML,2,0.7,0.09,0,si,si,5,0,1.50,vende-rete
MPF,979418821,BILIARIS LIQUIDO ANALC 200ML,2,0.7,0.09,0,no,no,6,0,3.15,MORTO
MPF,989270602,MULTIVITAMIX B12 12FL,2,0.7,0.09,0,si,si,3,22,1.70,vende-rete
MPF,971667264,CH LATTE SOLARE SPRAY SPF30,2,0.7,0.09,0,no,no,99,0,1.41,MORTO
MPF,939035883,ZENZERIL 30CPR,2,0.7,0.09,0,no,si,99,0,2.87,no-vend-7g
MPF,978940171,LFP ATTIVO MANDELICO 20ML,1,0.3,0.05,0,no,no,2,3,6.58,MORTO
MPF,901539294,DEODORANTE AQUASALVIA 100ML,1,0.3,0.05,0,no,no,4,0,1.70,MORTO
MPF,939563526,MY SNACK SALATINI 70G,1,0.3,0.05,0,no,no,9,0,1.54,MORTO
MPF,978473674,ANNURKOLEST 60CPS,1,0.3,0.05,0,no,no,10,0,4.20,MORTO
MPF,986709184,LFP ATTIVO NIACINAMIDE 20ML,1,0.3,0.05,0,no,no,5,5,5.21,MORTO
MPF,905683330,SUPRAVIT OVER 50 60CPR,1,0.3,0.05,0,no,no,6,0,1.79,MORTO
MPF,944775042,PROMENSIL MENOPAUSA FORTE60CPR,1,0.3,0.05,0,si,si,16,0,8.35,vende-rete
MPF,942860038,STAR OF BETHL ORIG 20ML,1,0.3,0.05,0,no,no,99,0,2.11,MORTO
MPF,984330365,DAO PLUS 50CPS INTOLERAN,1,0.3,0.05,0,no,no,99,0,3.58,MORTO
MPF,922373117,VACCINIUM VITIS IDAEA BIO 50ML,1,0.3,0.05,0,no,no,6,0,1.04,MORTO
MPF,943507614,MYCLI HA PLAST PLURIATT 3 CR,1,0.3,0.05,0,no,no,4,15,17.30,MORTO
MPF,982893240,EXTRA GENTLE DERMOPROT SH400ML,1,0.3,0.05,0,no,si,13,25,1.64,no-vend-7g
MPF,982845404,EUMILL DRYREPAIR GTT OCUL 10PZ,1,0.3,0.05,0,si,si,12,3,1.06,vende-rete
MPF,949970697,DR VITI COLLAGENE CR CRP 200ML,1,0.3,0.05,0,no,no,99,0,2.43,MORTO
MPF,982485435,SERENOTTE GOCCE 20ML,1,0.3,0.05,0,no,no,99,0,1.17,MORTO
MPF,935605459,VADO LAX PLUS 100CPR,1,0.3,0.05,0,no,no,4,15,2.11,MORTO
MPF,983510191,HERICIUM 180PAST,1,0.3,0.05,0,no,si,9,0,2.90,no-vend-7g
MPF,906595715,TAHIN SUNITA 340G BIO,1,0.3,0.05,0,no,no,8,0,0.82,MORTO
MPF,983040546,ERISIMO 60CPS,1,0.3,0.05,0,no,no,9,0,1.23,MORTO
MPF,971120302,GENZIANA ESTRATTO INTEGR 200ML,1,0.3,0.05,0,no,no,99,0,2.65,MORTO
MPF,908188927,GIBAUD CAVIGL INCROC TAGLIA 8,1,0.3,0.05,0,no,no,2,1,3.91,MORTO
MPF,933466498,ALFAUNO 36CPR,1,0.3,0.05,0,no,si,6,0,3.33,no-vend-7g
MPF,975972946,GIBAUD ORTHO ACT H35 CORS LS 1,1,0.3,0.05,0,no,no,5,0,11.14,MORTO
MPF,930617600,RELAXMAP 60CPR,1,0.3,0.05,0,si,si,10,0,3.13,vende-rete
MPF,984330441,ONCE A DAY 30CPS INTOLERAN,1,0.3,0.05,0,no,no,99,0,3.24,MORTO
MPF,934638242,RILASTIL RE-SLEEP BALSAMO 50ML,1,0.3,0.05,0,no,no,10,0,5.90,MORTO
MPF,926819158,SCREEN TEST TIROIDE/TSH,1,0.3,0.05,0,no,no,99,0,1.71,MORTO
MPF,971090434,Q-ON STIMOLATORE MAGNETICO,1,0.3,0.05,0,no,no,3,0,7.28,MORTO
MPF,984785156,NEO PECIA FT 60CPR DIETALINEA,1,0.3,0.05,0,no,no,9,0,3.50,MORTO
MPF,944889068,PROGENY PET 60BUST,1,0.3,0.05,0,no,no,8,0,5.11,MORTO
MPF,906561966,EDERA OLIO MASSAGGIO 250ML,1,0.3,0.05,0,no,no,10,0,1.72,MORTO
MPF,934512625,GLUCOJECT AGO PENNA 6MM G31,1,0.3,0.05,0,no,no,8,0,1.24,MORTO
MPF,989405244,ESI FERMENTAL GONFIORE 10STICK,1,0.3,0.05,0,no,si,9,13,2.54,no-vend-7g
MPF,987362009,DOLOMIA SC FL CREMA DET 125ML,1,0.3,0.05,0,no,no,2,3,6.19,MORTO
MPF,984561605,LYCIA VAPO BEAUTY CARE 75ML,1,0.3,0.05,0,no,no,99,0,0.91,MORTO
MPF,977667916,PEABROLIN DOL 60CPS,1,0.3,0.05,0,no,no,3,0,6.06,MORTO
MPF,985827791,ECZEANE OLIO DETERGENTE 1L,1,0.3,0.05,0,no,no,6,0,2.75,MORTO
MPF,976785562,OMNI BIOTIC 6 7BUST,1,0.3,0.05,0,no,no,12,0,1.42,MORTO
MPF,044608065,FLECTORGO*20CPS MOLLI 25MG,1,0.3,0.05,0,no,no,1,16,0.94,MORTO
MPF,971635735,DULCOSOFT POLVERE 20BUST,1,0.3,0.05,0,si,si,17,24,1.44,vende-rete
MPF,950059788,TIAL D DETERGENTE 250ML,1,0.3,0.05,0,no,no,3,0,2.07,MORTO
MPF,971299932,PERIO AID ACTIVE CONTROL 500ML,1,0.3,0.05,0,no,no,2,6,1.80,MORTO
MPF,987801990,GASTROTAXIL 50ML,1,0.3,0.05,0,si,si,7,0,2.62,vende-rete
MPF,978575621,OMEGOR KIDS 140ML,1,0.3,0.05,0,no,no,5,0,2.06,MORTO
MPF,905562411,SKINSAN LAVANDA VAG 4FL 140ML,1,0.3,0.05,0,no,no,99,0,2.82,MORTO
MPF,909040053,OLIO VASELINA FU 1000ML,1,0.3,0.05,0,no,no,6,0,2.00,MORTO
MPF,920045085,MOONCUP COPP MESTR A GR +30ANN,1,0.3,0.05,0,no,si,99,0,3.12,no-vend-7g
MPF,971376532,STEFORT SOL ORALE 10FL 10ML,1,0.3,0.05,0,si,si,5,0,1.82,vende-rete
MPF,983356496,"TRICOLOR CLASSIC 5,3 CACAO",1,0.3,0.05,0,no,no,11,0,2.68,MORTO
MPF,904689700,RIGENAMED PLUS RIGEN/RISTR15ML,1,0.3,0.05,0,si,si,99,0,2.03,vende-rete
MPF,912051657,RAPUNZEL BRODO VEG POLV 500G,1,0.3,0.05,0,no,no,99,0,1.21,MORTO
MPF,949503395,BRAINSTRESS PLUS 30CPR,1,0.3,0.05,0,no,no,3,0,4.98,MORTO
MPF,981510112,ASHWAGANDHA BIO 60CPS,1,0.3,0.05,0,no,no,4,0,1.87,MORTO
MPF,935057392,"BIOKAP NUTRIC 7,4 BIO RAMATO",1,0.3,0.05,0,no,no,99,0,1.41,MORTO
MPF,926404118,GIBAUD ORTHO JUNIOR REGGIBRACC,1,0.3,0.05,0,no,no,2,1,5.33,MORTO
MPF,909492528,GIBAUD ORTHO COLL CERV MORB M1,1,0.3,0.05,0,no,no,9,2,4.02,MORTO
MPF,984867325,BAKEL RELIEF-THER CASE&REFILL,1,0.3,0.05,0,no,no,1,1,37.86,MORTO
MPF,981113309,ZYMECOL 30CPR GASTRORESISTENTI,1,0.3,0.05,0,no,no,99,0,2.04,MORTO
MPF,935057366,"BIOKAP NUTRIC 7,0 BIO MEDIO",1,0.3,0.05,0,no,no,99,0,1.37,MORTO
MPF,903052138,OLIGOLITO OSTEUM 20F 2ML,1,0.3,0.05,0,no,no,8,0,3.08,MORTO
MPF,905318895,PLAKKONTROL 30GG COLLUTORIO,1,0.3,0.05,0,no,no,1,3,2.80,MORTO
MPF,905943508,BIOCLYM UNO 30CPS 550MG,1,0.3,0.05,0,no,no,5,0,2.63,MORTO
MPF,049985017,CANDAZOL*CREMA VAG 30G 2%,1,0.3,0.05,0,no,no,3,0,1.86,MORTO
MPF,981273257,BUTYROSE FAST 10STICK,1,0.3,0.05,0,no,no,5,0,1.28,MORTO
MPF,947271134,SIBEN SPRAY NASALE 30ML,1,0.3,0.05,0,no,no,3,4,4.60,MORTO
MPF,901218343,CLOREXYDERM SHAMPOO FORTE200ML,1,0.3,0.05,0,no,no,99,0,2.32,MORTO
MPF,979095609,RIPOSI' GEL GENGIVALE 20ML,1,0.3,0.05,0,no,no,7,0,1.44,MORTO
MPF,985621349,MUSTELA STELATOPIA+ CREMA150ML,1,0.3,0.05,0,no,no,99,0,1.73,MORTO
MPF,981516661,VAGISIL GEL INTIMO IDRAT CALOR,1,0.3,0.05,0,no,no,99,0,1.48,MORTO
MPF,986624981,SWISSE FERRO 40GOMMOSE,1,0.3,0.05,0,no,no,6,0,1.81,MORTO
MPF,985571278,TOLERIANE TEINT FLUIDO 14,1,0.3,0.05,0,no,no,1,3,7.79,MORTO
MPF,940884671,BIOLIFTAN EYE CONTOUR CR 15ML,1,0.3,0.05,0,si,si,9,0,5.83,vende-rete
MPF,902965591,SAUGELLA LAVANDA VAG 140ML 4FL,1,0.3,0.05,0,no,no,99,0,1.33,MORTO
MPF,986582221,CUMAVIS 30STICK PACK,1,0.3,0.05,0,no,no,9,0,3.61,MORTO
MPF,041734017,VEGETALLUMINA ANTID*GEL 50G10%,1,0.3,0.05,0,no,no,10,0,0.78,MORTO
MPF,800112411,RIBES NIGRUM 60ML TM,1,0.3,0.05,0,no,no,99,0,1.54,MORTO
MPF,934784493,NUTRATOPIC PRO-AMP CREMA CORPO,1,0.3,0.05,0,no,no,10,0,3.23,MORTO
MPF,985985593,GUSTO APROTEICO MACCHERONI RIG,1,0.3,0.05,0,no,no,5,0,0.99,MORTO
MPF,908223997,LONGLIFE C 500 TR 60TAV RIVEST,1,0.3,0.05,0,no,no,99,0,1.80,MORTO
MPF,947226611,VALERIANA 100CPS VEGETALI,1,0.3,0.05,0,no,no,99,0,2.19,MORTO
MPF,971169976,SAUBER COL 140 LIS NE 3,1,0.3,0.05,0,no,no,99,6,2.41,MORTO
MPF,989355856,GENANTE 90CPR,1,0.3,0.05,0,no,si,7,0,10.91,no-vend-7g
MPF,935611119,ENSURE ADVANCE VANIGLIA 400G,1,0.3,0.05,0,no,no,99,0,2.39,MORTO
MPF,949886788,MYCLI C RECHARGE SIERO 15ML,1,0.3,0.05,0,no,no,1,10,8.78,MORTO
MPF,902445651,HOLLI ADATTATORE SAC URO 10PZ,1,0.3,0.05,0,no,no,3,0,2.07,MORTO
MPF,927046553,ELMEX PROTEZIONE CARIE COLL400,1,0.3,0.05,0,no,si,2,6,1.21,no-vend-7g
MPF,034220032,CRYSTACIDE*CREMA 25G 1%,1,0.3,0.05,0,no,no,99,0,1.65,MORTO
MPF,990455343,DOLOMIA SC FR SPRAY ENERG 50ML,1,0.3,0.05,0,no,no,2,3,7.68,MORTO
MPF,925943565,VIRAFER NEO 200ML,1,0.3,0.05,0,no,no,99,0,0.87,MORTO
MPF,980501579,QUEVIR 30CPR,1,0.3,0.05,0,no,si,7,0,2.31,no-vend-7g
MPF,932519186,CISTIGELAR DUO 24CPS,1,0.3,0.05,0,no,no,99,0,2.43,MORTO
MPF,970451124,OCTILIA LACRIMA 10ML,1,0.3,0.05,0,no,no,12,0,0.98,MORTO
MPF,980512735,CERAMOL CREMA 311 75ML,1,0.3,0.05,0,no,si,5,4,3.12,no-vend-7g
MPF,912312129,LIEVITO ALIMEN FIOCCHI 200G,1,0.3,0.05,0,no,no,99,0,1.49,MORTO
MPF,947477422,MYCLI SOFT PEEL 50ML,1,0.3,0.05,0,no,no,3,3,10.20,MORTO
MPF,907280352,ALLEVYN NON ADHESIVE 10X10CM 3,1,0.3,0.05,0,no,no,5,0,2.46,MORTO
MPF,980860290,DROPSEPT SOLUZIONE OFTALMICA,1,0.3,0.05,0,no,si,9,0,2.24,no-vend-7g
MPF,926511698,FIBROSIL 30CPR,1,0.3,0.05,0,no,si,7,0,3.77,no-vend-7g
MPF,945138941,FLORYAN 10CPS,1,0.3,0.05,0,no,si,2,11,2.29,no-vend-7g
MPF,970970947,BARIESUN BALS DOPOSOLE 500ML,1,0.3,0.05,0,no,si,4,0,3.25,no-vend-7g
MPF,908169333,ELEUTEROCOCCO 20STICK 10ML,1,0.3,0.05,0,no,no,99,0,2.18,MORTO
MPF,908188978,GIBAUD CAVIGL CALZINO CAMEL 3,1,0.3,0.05,0,no,si,3,1,2.48,no-vend-7g
MPF,947153971,BALNEUM BASIS OLIO BAGNO 500ML,1,0.3,0.05,0,no,no,4,0,2.76,MORTO
MPF,987864194,DURACELL EASY TAB 675 BLU,1,0.3,0.05,0,no,no,99,0,0.79,MORTO
MPF,944959257,PRINCIPIUM COMPLESSO B FT24CPS,1,0.3,0.05,0,no,no,99,0,1.01,MORTO
MPF,939029981,NAVIBLEF INTENSIVE CARE 50ML,1,0.3,0.05,0,no,no,10,0,3.32,MORTO
MPF,974058339,SENSIQUELL CR DET CANOVA 250ML,1,0.3,0.05,0,no,no,3,0,2.23,MORTO
MPF,986478713,DIGEST EV ENZYME 30CPR,1,0.3,0.05,0,no,no,99,0,1.06,MORTO
MPF,933541916,MELASIN FORTE 1MG 30CPR,1,0.3,0.05,0,no,si,10,0,1.32,no-vend-7g
MPF,908689540,M-AID ROLLFLEX CER 5X5,1,0.3,0.05,0,no,no,99,0,0.95,MORTO
MPF,940883352,BIOLIFTAN GEL MASK 50ML,1,0.3,0.05,0,si,si,9,0,3.44,vende-rete
MPF,979214905,TENA MEN PREM FIT LIV4 L/XL 8P,1,0.3,0.05,0,no,no,4,7,1.92,MORTO
MPF,986709107,NATUR-OX 30CPR GASTRORESISTENT,1,0.3,0.05,0,si,si,6,0,2.49,vende-rete
MPF,930517875,MULTIVITAMIX CRONO 30CPR,1,0.3,0.05,0,no,si,3,24,0.58,no-vend-7g
MPF,984112591,CLOREXYDERM SOL 4% 200ML,1,0.3,0.05,0,no,si,11,0,2.57,no-vend-7g
MPF,974024958,SUBRANS 20CPR,1,0.3,0.05,0,no,no,9,0,2.03,MORTO
MPF,935784001,DDM FERRO 30CPR,1,0.3,0.05,0,no,no,8,0,1.47,MORTO
MPF,925513893,DUALSAN CALZA A/TROMB S/TASS 3,1,0.3,0.05,0,no,no,1,6,10.44,MORTO
MPF,944166103,NANCARE FLORA EQUILIBRIUM 20BS,1,0.3,0.05,0,no,si,3,0,2.26,no-vend-7g
MPF,986824973,ACETILCISTEINA ACT PLUS NAC600,1,0.3,0.05,0,si,si,5,59,1.66,vende-rete
MPF,971748429,NUCRON PASTA 15G,1,0.3,0.05,0,no,no,6,0,1.49,MORTO
MPF,981448590,TRIDERM DS TRATTAMENTO NORMAL,1,0.3,0.05,0,no,si,10,0,2.45,no-vend-7g
MPF,907156246,CLINNER INTEGRATORE 50CPS,1,0.3,0.05,0,no,si,5,0,3.64,no-vend-7g
MPF,950457820,BILANCIA BABY DIGITAL MEDIFIT,1,0.3,0.05,0,no,no,8,0,5.91,MORTO
MPF,980783245,NEO PINSELINA DOL 20ML,1,0.3,0.05,0,no,no,10,0,1.32,MORTO
MPF,973178813,ERA MGK D3 20BUST,1,0.3,0.05,0,no,si,7,0,2.43,no-vend-7g
MPF,983784024,CLIVON CIST 20CPS,1,0.3,0.05,0,no,no,2,0,3.03,MORTO
MPF,977406469,LFP ATTIVO VITAMINA E 75% 20ML,1,0.3,0.05,0,no,si,4,3,3.69,no-vend-7g
MPF,985520978,EUCERIN HYAL FILL+EL MANI A/MA,1,0.3,0.05,0,no,no,2,3,1.78,MORTO
MPF,950247991,SINERCI VITAMINA C SINER 2VASI,1,0.3,0.05,0,no,si,4,6,6.64,no-vend-7g
MPF,980459729,EUCLORINA AFTE COLLUT 120ML,1,0.3,0.05,0,no,no,99,35,1.90,MORTO
MPF,900351255,STRESS STOP GTT 30ML,1,0.3,0.05,0,si,si,8,3,2.99,vende-rete
MPF,981937360,KERACNYL GEL DETERGENTE 400ML,1,0.3,0.05,0,no,si,5,28,2.09,no-vend-7g
MPF,971970239,GAMMADIS GUANTI LATT S/POLV S,1,0.3,0.05,0,no,no,3,0,0.99,MORTO
MPF,981467956,EUCERIN ATOPIC CREMA MANI 75ML,1,0.3,0.05,0,no,no,6,4,1.50,MORTO
MPF,950267207,ESI DEPURERBE FORTE 60CPR,1,0.3,0.05,0,no,si,13,6,3.02,no-vend-7g
MPF,908792409,M-AID ROLLTEX SKIN CER 5X5,1,0.3,0.05,0,no,no,99,0,0.98,MORTO
MPF,952099164,VITICIST URTO 10BUST+INT OMAGG,1,0.3,0.05,0,no,no,1,8,3.22,MORTO
MPF,984780128,PROMODERM ACNE 400ML,1,0.3,0.05,0,no,no,99,0,2.22,MORTO
MPF,939146320,RECUGEL GEL OCULARE 10G,1,0.3,0.05,0,si,si,10,0,0.11,vende-rete
MPF,979406802,DENTIFRICIO RATANIA 75ML,1,0.3,0.05,0,no,no,9,0,0.91,MORTO
MPF,988027037,PAPIL DERMA CREMA 20ML,1,0.3,0.05,0,no,si,3,0,2.04,no-vend-7g
MPF,944629841,DIMA COMPLEX 60CPR,1,0.3,0.05,0,no,si,3,0,4.36,no-vend-7g
MPF,989406741,INTERPROX PLUS 2G SUPERCONIC4P,1,0.3,0.05,0,no,no,9,0,0.95,MORTO
MPF,980458451,OROZYME CANINE STR ENZ MASTI S,1,0.3,0.05,0,no,si,5,0,1.77,no-vend-7g
MPF,951064524,CERAVE SKIN RENEWING SIERO VIT,1,0.3,0.05,0,si,si,5,4,2.94,vende-rete
MPF,045952013,FASTUFLEX*5CER MEDIC 180MG,1,0.3,0.05,0,no,no,14,0,1.75,MORTO
MPF,989048083,EUCERIN EMULSIONE LENIT 400ML,1,0.3,0.05,0,no,no,19,11,3.96,MORTO
MPF,975896263,LFP FERMENTI ULTRA 25MLD 10BUS,1,0.3,0.05,0,no,no,2,7,7.78,MORTO
MPF,907152882,VASODREN 30CPR FILMATE,1,0.3,0.05,0,si,si,11,0,2.73,vende-rete
MPF,981080690,ACUTIL FOSFORO ADVANCE 12STICK,1,0.3,0.05,0,si,si,1,14,5.29,vende-rete
MPF,982177937,DOLOMIA MU FOND 33 COL IDEA,1,0.3,0.05,0,no,no,4,3,11.08,MORTO
MPF,983681584,AKUEL NATURAL+ EXTRALUBR 8PZ,1,0.3,0.05,0,no,no,4,0,0.87,MORTO
MPF,941577912,ENOXOFTAL SOLUZIONE OFTALMICA,1,0.3,0.05,0,no,si,6,0,1.62,no-vend-7g
MPF,900411188,MOST CREMA LENITIVA 50ML,1,0.3,0.05,0,si,si,99,0,2.27,vende-rete
MPF,910069564,COLLARE ELISABETTA CLASS 40CM,1,0.3,0.05,0,no,no,4,0,4.04,MORTO
MPF,978494906,DERMOVITAMINA PROCTOC FAST,1,0.3,0.05,0,no,no,99,0,1.79,MORTO
MPF,041797010,"OKI GOLA*COLLUT 150ML 1,6%",1,0.3,0.05,0,si,si,2,20,1.00,vende-rete
MPF,944162357,NOVA SANIGEL ACTIVE MANI 400ML,1,0.3,0.05,0,no,no,1,497,2.89,MORTO
MPF,987493208,TENDACHIL 20BUST,1,0.3,0.05,0,no,si,10,0,3.42,no-vend-7g
MPF,975398975,LFP SIERO VISO DOPOSOLE 50ML,1,0.3,0.05,0,no,no,4,8,7.26,MORTO
MPF,987670003,MINERAL 89 OILY SKIN CREAM50ML,1,0.3,0.05,0,no,no,99,0,3.90,MORTO
MPF,925633048,PERSONAL TEST PIC 1PZ,1,0.3,0.05,0,no,no,1,27,2.32,MORTO
MPF,925379190,SLIPPERS VALENTINE MOUSE,1,0.3,0.05,0,no,no,7,0,2.44,MORTO
MPF,902299940,VARIEZE 60CPR,1,0.3,0.05,0,no,si,99,0,2.44,no-vend-7g
MPF,978598821,FOOTCARE CORR VALGO NTT2PZ D10,1,0.3,0.05,0,no,no,6,0,2.76,MORTO
MPF,927254591,MISURATORE PRESSIONE DS-11,1,0.3,0.05,0,no,no,10,0,8.42,MORTO
MPF,932178395,INTERPROX PLUS SUPERMICRO 6PZ,1,0.3,0.05,0,no,no,1,6,1.07,MORTO
MPF,911007514,VETRAP FASCIA ELASTICA BL 10CM,1,0.3,0.05,0,no,no,99,0,1.00,MORTO
MPF,976336952,OMEGOR VITALITY 1000 90CPS,1,0.3,0.05,0,si,si,11,0,3.86,vende-rete
MPF,982821086,EKEEP N2 ELBOWKEEP ROM GOM DX,1,0.3,0.05,0,no,no,1,3,28.79,MORTO
MPF,989896105,LITOPSOR GEL GENGIVALE 15ML,1,0.3,0.05,0,no,no,3,0,1.69,MORTO
MPF,942314283,DICOSON GOCCE 25ML,1,0.3,0.05,0,no,no,9,0,1.97,MORTO
MPF,908395027,ENERGEN 9 PLUS 10FL 10ML,1,0.3,0.05,0,no,no,99,0,2.97,MORTO
MPF,935634028,LONGLIFE 5-HTP 60CPS VEG,1,0.3,0.05,0,si,si,11,0,2.79,vende-rete
MPF,985495199,LIFTACTIV R SERUM 30ML,1,0.3,0.05,0,no,no,1,6,15.68,MORTO
MPF,989353368,VIRGINIANA DEO FRESH 100ML,1,0.3,0.05,0,no,no,8,0,0.82,MORTO
MPF,934847183,GINETROX CREMA VAGINALE 30ML,1,0.3,0.05,0,si,si,20,0,3.28,vende-rete
MPF,977632025,FICUS CARICA BOIRON MG 60ML,1,0.3,0.05,0,si,si,18,0,1.73,vende-rete
MPF,984633519,DEAVOCADO CONCEIVE 30BUST NF,1,0.3,0.05,0,si,si,15,0,8.22,vende-rete
MPF,972525190,GIBAUD ORTHO INTELLISLING 15 1,1,0.3,0.05,0,no,no,5,0,12.43,MORTO
MPF,909210167,CATETERE ESTERNO 25MM 30PZ,1,0.3,0.05,0,no,no,99,0,3.13,MORTO
MPF,982178028,ESI SERENESI 60NATURCAPS,1,0.3,0.05,0,no,no,3,0,1.88,MORTO
MPF,908494432,GIBAUD CAVIGL CALZINO SOT COT1,1,0.3,0.05,0,no,no,6,1,4.08,MORTO
MPF,984891717,MEDIPRESTERIL TERMO ECOL CLASS,1,0.3,0.05,0,no,no,99,0,0.95,MORTO
MPF,931171060,EIE MELISSA 60ML GTT,1,0.3,0.05,0,no,no,99,0,2.93,MORTO
MPF,989634516,L'ANGELICA TISANA DRENA 20FILT,1,0.3,0.05,0,no,si,5,0,1.28,no-vend-7g
MPF,922316740,TEGADERM ROLL CM10X2M 1PZ,1,0.3,0.05,0,no,si,10,0,2.39,no-vend-7g
MPF,972264408,YOVIS CAPS 10CPS,1,0.3,0.05,0,si,si,21,85,1.55,vende-rete
MPF,984876730,LFP SIERO LIFTING COLLAG 50ML,1,0.3,0.05,0,no,si,7,6,8.18,no-vend-7g
MPF,905508798,GIBAUD ORTHO REGGIBRACCIO NE 3,1,0.3,0.05,0,no,no,3,4,6.52,MORTO
MPF,903204131,EUPHIDRA SKIN REVEIL CR RID RI,1,0.3,0.05,0,no,no,99,0,2.67,MORTO
MPF,921030742,AMINOGLUTAM 30BUST,1,0.3,0.05,0,si,si,12,0,9.29,vende-rete
MPF,970503114,TIAGIN FAST 10CPS VAGINALI SOF,1,0.3,0.05,0,no,si,8,0,2.04,no-vend-7g
MPF,980295442,CALENDULA EXTRACT PLUS 100ML,1,0.3,0.05,0,no,no,7,0,0.92,MORTO
MPF,905508711,GIBAUD ORTHO REGGIBRACCIO NE 1,1,0.3,0.05,0,no,no,3,4,5.82,MORTO
MPF,973351947,ZINCOSEB SPRAY 200ML,1,0.3,0.05,0,no,no,6,0,1.87,MORTO
MPF,900589666,NEO CRILOIDIN SHAMPOO DOLCE,1,0.3,0.05,0,no,no,4,0,1.95,MORTO
MPF,939928317,NUTRIVA MAGNESIO CITRATO 50CPR,1,0.3,0.05,0,no,no,13,0,2.58,MORTO
MPF,935544522,DERMOVITAMINA RAGADI GELONI CR,1,0.3,0.05,0,no,si,17,0,1.38,no-vend-7g
MPF,983696079,MAGSOL 5 EXTRA 60CPR,1,0.3,0.05,0,no,no,10,0,2.73,MORTO
MPF,931600631,STILVEN SMP 30CPR,1,0.3,0.05,0,no,no,6,0,2.35,MORTO
MPF,903693253,SOS PELLE L'OFFICINALE 25ML,1,0.3,0.05,0,no,no,8,0,1.02,MORTO
MPF,986152217,ALOEMINERAL VISO 150ML,1,0.3,0.05,0,no,no,8,0,1.92,MORTO
MPF,989234378,VITIS GENGIVE SANE DENTIF100ML,1,0.3,0.05,0,no,si,1,6,1.21,no-vend-7g
MPF,908459074,GIBAUD ORTHO CINT LOMBAR STEC2,1,0.3,0.05,0,no,no,3,1,15.74,MORTO
MPF,005781048,MAGNESIA BISURATA AROM*80CPR,1,0.3,0.05,0,no,si,7,15,2.34,no-vend-7g
MPF,900959317,PLAKKONTROL 15 SECONDI 250ML,1,0.3,0.05,0,no,si,4,0,0.87,no-vend-7g
MPF,986013225,GIBAUD ORTHO LOMBOGIB TECH 4,1,0.3,0.05,0,no,no,9,3,20.13,MORTO
MPF,944912512,CURAFLUX RAPID SOSP 30BUST,1,0.3,0.05,0,si,si,17,12,1.47,vende-rete
MPF,900748462,GEHWOL CREMA FUSSKREM 75ML,1,0.3,0.05,0,no,no,99,0,1.32,MORTO
MPF,909113122,M-AID ROLLFLEX CER 2X10 1PZ,1,0.3,0.05,0,no,no,12,0,1.25,MORTO
MPF,930552942,GUAM DUO UOMO RIDUCENTE CR RIS,1,0.3,0.05,0,no,no,99,0,4.11,MORTO
MPF,029305012,YOVIS*OS GRAT 10BUST 1G,1,0.3,0.05,0,no,no,99,0,3.65,MORTO
MPF,909347054,REMOVER PASTA 50G,1,0.3,0.05,0,no,si,11,0,1.94,no-vend-7g
MPF,934638228,RILASTIL ELASTIC OLIO 130ML,1,0.3,0.05,0,si,si,99,0,2.26,vende-rete
MPF,926196054,ESOGEL 300ML,1,0.3,0.05,0,no,si,8,0,1.85,no-vend-7g
MPF,942578461,MICOSTOP EMULSIONE 125ML,1,0.3,0.05,0,no,si,6,0,2.24,no-vend-7g
MPF,989668874,PAPILOCARE IMMUNOCAPS 30CPS,1,0.3,0.05,0,no,si,10,0,4.76,no-vend-7g
MPF,982543985,GUM TRAV-LER SCOVOLINI 10PZ,1,0.3,0.05,0,no,si,99,0,0.78,no-vend-7g
MPF,939674863,BIOLACTINE TRAVEL FORTE 24CPS,1,0.3,0.05,0,si,si,6,0,0.78,vende-rete
MPF,950841712,CRIOCUT EMULSIONE 30ML,1,0.3,0.05,0,no,no,5,0,2.03,MORTO
MPF,942895020,LONGLIFE E SELENIUM 45TAV,1,0.3,0.05,0,no,no,5,0,2.34,MORTO
MPF,971715976,NORAD 30CPR 900MG,1,0.3,0.05,0,no,si,8,0,2.56,no-vend-7g
MPF,911157865,SAUBER COL 70 PREM MICR NBEI 5,1,0.3,0.05,0,no,no,10,0,5.34,MORTO
MPF,923786887,SAUBER CALZA U70 COT BLU S/M,1,0.3,0.05,0,no,no,3,6,4.48,MORTO
MPF,900280037,BENPED DITA A MARTELLO SX GR 1,1,0.3,0.05,0,no,no,7,0,1.96,MORTO
MPF,949886776,MYCLI ALFACALL SIERO 15ML,1,0.3,0.05,0,no,no,2,2,6.93,MORTO
MPF,982406934,PUROFLOG SOLUZIONE OFT 20FL,1,0.3,0.05,0,si,si,3,0,2.01,vende-rete
MPF,972260614,RIGEAVIT 30CPR,1,0.3,0.05,0,no,si,5,0,1.76,no-vend-7g
MPF,980135139,N5 DG Polvere 400g,1,0.3,0.05,0,no,no,99,0,5.26,MORTO
MPF,909029023,REBIOGER DETERGENTE 150ML,1,0.3,0.05,0,si,si,9,0,3.07,vende-rete
MPF,931092340,LENITUX 100ML,1,0.3,0.05,0,no,no,4,0,1.96,MORTO
MPF,906995776,INTAKE 10FL 10ML,1,0.3,0.05,0,no,si,99,0,2.60,no-vend-7g
MPF,950966198,URGO UNGHIE FRAGILI 2ML,1,0.3,0.05,0,no,no,7,0,2.15,MORTO
MPF,987361944,LFP SCRUB ENZIMATICO 75ML,1,0.3,0.05,0,no,no,3,15,2.89,MORTO
MPF,971057094,KALEVIS-K 20BUST,1,0.3,0.05,0,no,no,8,0,1.64,MORTO
MPF,983198805,EUCERIN SUN PHOTOAGING TINT50+,1,0.3,0.05,0,no,no,22,0,2.73,MORTO
MPF,977695170,GLORIA162EVO AD BE MC,1,0.3,0.05,0,no,si,11,0,10.27,no-vend-7g
MPF,943921914,VOGLIA SOLE CREMA SOL SPF50+,1,0.3,0.05,0,no,no,99,0,1.93,MORTO
MPF,970375945,EPATOSTAR FORTE 20CPR RIVEST,1,0.3,0.05,0,no,no,6,0,2.13,MORTO
MPF,031103029,ZOLFO E POT CARB NEW F*UNG 1KG,1,0.3,0.05,0,no,no,2,0,6.62,MORTO
MPF,922546888,FLEE SPRAY DOMESTICO ANTIPULCI,1,0.3,0.05,0,no,si,99,0,2.77,no-vend-7g
MPF,980505933,NADIAX 3 CREMA NANOEMULS 150ML,1,0.3,0.05,0,no,si,10,0,4.75,no-vend-7g
MPF,972353965,ALGIOMEGA 3 120PRL,1,0.3,0.05,0,no,no,2,3,2.84,MORTO
MPF,970257388,DERMABLEND 3D 25 30ML,1,0.3,0.05,0,no,no,99,0,3.59,MORTO
MPF,900125269,SANTES OVULI VAGINALI 14PZ,1,0.3,0.05,0,si,si,15,0,2.36,vende-rete
MPF,979237118,"CONTROL NATURE 2,0 XL 6PZ",1,0.3,0.05,0,no,no,4,6,0.77,MORTO
MPF,971952609,GLOBINAX 30CPS,1,0.3,0.05,0,no,no,11,0,3.76,MORTO
MPF,983533771,TOPIALYSE CREME 400ML,1,0.3,0.05,0,si,si,4,0,2.44,vende-rete
MPF,933162632,"CONTACTA DAILY LENS Y 30 -2,00",1,0.3,0.05,0,no,no,1,6,4.16,MORTO
MPF,911173060,GALIUM 60ML TM,1,0.3,0.05,0,no,no,99,0,1.92,MORTO
MPF,951340557,FISSAN LA PASTA A/PROT 150G NF,1,0.3,0.05,0,si,si,5,0,1.18,vende-rete
MPF,976337927,ALGONERV CREMA 75ML,1,0.3,0.05,0,si,si,4,0,1.96,vende-rete
MPF,926830668,GEL ELETTROCONDUTTIVO 1000ML,1,0.3,0.05,0,no,no,99,0,1.17,MORTO
MPF,903069514,LONGLIFE KELP ALGA BRUNA180CPR,1,0.3,0.05,0,no,no,5,0,2.16,MORTO
MPF,975354921,PROBACTIOL STIPS ITA 20BUST,1,0.3,0.05,0,no,no,8,0,2.28,MORTO
MPF,985005281,DOLADOL PLUS CREMA REALE 1870,1,0.3,0.05,0,no,si,6,0,2.29,no-vend-7g
MPF,981470127,AMICOBOR SOL ALCOLICA 100ML,1,0.3,0.05,0,no,si,6,0,2.23,no-vend-7g
MPF,979360726,TRIDERM DOCCIA SHAMPOO 400ML,1,0.3,0.05,0,si,si,7,0,0.00,vende-rete
MPF,904365830,GIOIL SHAMPOO 200ML,1,0.3,0.05,0,no,no,4,0,1.81,MORTO
MPF,032040014,COLLIRIO ALFA OCCHIO SEC*20FL,1,0.3,0.05,0,si,si,3,3,1.94,vende-rete
MPF,934488329,DHALUX 350 30CPS MOLLI,1,0.3,0.05,0,si,si,8,0,3.59,vende-rete
MPF,950055436,CH CUCCHIAIO ANGOL 8M+ AZZ,1,0.3,0.05,0,no,no,5,0,0.92,MORTO
MPF,982178016,DOLOMIA MU FOND 44 OIL FREE,1,0.3,0.05,0,no,no,3,5,8.63,MORTO
MPF,034740035,NEOBOROCIL FLUID TOS*SCIR200ML,1,0.3,0.05,0,no,no,1,23,3.78,MORTO
MPF,046254013,GELSEMIUM COMPLEXE L70*1FL30ML,1,0.3,0.05,0,no,no,3,0,2.11,MORTO
MPF,986887471,SELFTEST HIV 1/2 SOFARMAPIU',1,0.3,0.05,0,no,no,13,0,2.89,MORTO
MPF,977021258,AMUCHINA GEL X-GERM 250ML,1,0.3,0.05,0,no,no,99,0,0.90,MORTO
MPF,973204290,ERBEROS 30CPR,1,0.3,0.05,0,no,no,6,0,2.46,MORTO
MPF,938766526,GLUCOMEN AREO SENSOR STR 10PZ,1,0.3,0.05,0,no,no,9,0,1.26,MORTO
MPF,926045574,DEFENCE B-LUCENT A/MACCH SPF50,1,0.3,0.05,0,no,no,9,0,3.58,MORTO
MPF,931669523,BUONA ENERGIA ORO 10FL 10ML,1,0.3,0.05,0,no,si,13,0,2.54,no-vend-7g
MPF,042858011,BETADINE*SOLUZ CUT 125ML 10%,1,0.3,0.05,0,no,no,1,6,1.14,MORTO
MPF,981389339,DERMON DETERGENTE DOCCIA EXTRA,1,0.3,0.05,0,no,no,13,6,2.37,MORTO
MPF,939434181,DUALSAN GAMB KKL1 NE P CH 2,1,0.3,0.05,0,no,no,1,3,10.44,MORTO
MPF,987864170,DURACELL EASY TAB 13 ARANCIO,1,0.3,0.05,0,no,no,7,0,0.88,MORTO
MPF,004758025,PURSENNID*40CPR RIV 12MG,1,0.3,0.05,0,si,si,7,68,2.06,vende-rete
MPF,047812045,DAFLON*30CPR RIV 500MG,1,0.3,0.05,0,si,si,2,18,2.19,vende-rete
MPF,980504308,STERILVIT POLIVIT GOCCE 5ML,1,0.3,0.05,0,no,no,99,0,2.09,MORTO
MPF,021004041,BISOLVON*LINCTUS SCIR FL 250ML,1,0.3,0.05,0,no,no,3,18,3.34,MORTO
MPF,976731152,PELVILEN DUAL ACT 20CPR,1,0.3,0.05,0,si,si,15,0,3.49,vende-rete
MPF,921034498,ALPECIN ENERGIZER TON DOPOSH,1,0.3,0.05,0,no,no,99,0,1.47,MORTO
MPF,912650227,TRIDERM SAPONE MARS LIQ 500ML,1,0.3,0.05,0,no,no,3,0,2.09,MORTO
MPF,935780585,CLARUBIN 20BUST,1,0.3,0.05,0,no,no,5,0,2.79,MORTO
MPF,979418389,AVEENO SPRAY DOPO DOCCIA PROMO,1,0.3,0.05,0,no,no,7,8,1.08,MORTO
MPF,935798102,MOST DERMICTIOL SHAMPOO 150ML,1,0.3,0.05,0,no,si,10,0,1.77,no-vend-7g
MPF,973293210,DETOX WHITE GOCCE 50ML,1,0.3,0.05,0,no,no,8,0,2.88,MORTO
MPF,924289465,EUCERIN HYAL FILL VOL NTT 50ML,1,0.3,0.05,0,no,no,2,3,2.76,MORTO
MPF,990455356,DOLOMIA SC FR SPRAY GIOIA 50ML,1,0.3,0.05,0,no,no,3,3,7.68,MORTO
MPF,972525188,GIBAUD ORTHO LOMBOGIB LADY26 5,1,0.3,0.05,0,no,no,12,4,16.19,MORTO
MPF,905508697,GIBAUD ORTHO REGGIBRACCIO NE 0,1,0.3,0.05,0,no,no,1,1,5.96,MORTO
MPF,974036675,MIODOL 20CPR BLISTER 10G,1,0.3,0.05,0,no,no,9,0,1.52,MORTO
MPF,972516835,SUCCO 100% MELA ARA CAR LIM,1,0.3,0.05,0,no,no,99,0,0.73,MORTO
MPF,980430641,VITAMINA D LIQ 20ML 10000UI/ML,1,0.3,0.05,0,si,si,12,0,1.15,vende-rete
MPF,982407025,LFP FOLICO 60CPS,1,0.3,0.05,0,no,no,2,8,6.92,MORTO
MPF,942263599,CRACKDOL OIL MASSAGE 200ML,1,0.3,0.05,0,no,no,6,0,1.83,MORTO
MPF,970445185,SAUBER ANTITRASP 72ORE ROLL-ON,1,0.3,0.05,0,no,no,5,6,1.24,MORTO
MPF,950915280,DOLOMIA SC LX MASC BOOSTER DIS,1,0.3,0.05,0,no,no,2,27,1.96,MORTO
MPF,970540365,BIONIKE SHINE ON SHAMPOO RISTR,1,0.3,0.05,0,no,si,4,0,1.51,no-vend-7g
MPF,977733221,ESI NO DOL GLUCOSAMINA PURA90O,1,0.3,0.05,0,no,si,11,6,3.91,no-vend-7g
MPF,035355015,TANTUM VERDE GENG E STOM*240ML,1,0.3,0.05,0,no,si,1,26,1.20,no-vend-7g
MPF,933064471,AGO PENNA G31 5MM 100PZ,1,0.3,0.05,0,no,no,9,0,2.21,MORTO
MPF,987038294,BAKEL PEP TECH CASE&REFILL30ML,1,0.3,0.05,0,no,no,1,2,37.86,MORTO
MPF,942943097,MASSIGEN DOCCIAGEL TONIF,1,0.3,0.05,0,no,no,13,0,1.33,MORTO
MPF,970231991,EOS BOSWELLIA PH S 30CPR,1,0.3,0.05,0,no,no,99,0,1.77,MORTO
MPF,900761711,REV KERATIN SHAMPOO 250ML,1,0.3,0.05,0,no,no,6,0,1.96,MORTO
MPF,971337454,GASTRO ENZYME 30CPS VEGETALI,1,0.3,0.05,0,no,no,8,0,1.46,MORTO
MPF,976785511,OMNI BIOTIC STRESS REPAIR 7BUS,1,0.3,0.05,0,no,no,8,0,1.11,MORTO
MPF,982752875,DUALSAN GAMB TERAP KKL1 RAL 3,1,0.3,0.05,0,no,no,5,1,16.14,MORTO
MPF,031066020,ICTAMMOLO NEW F*10% UNG 1000G,1,0.3,0.05,0,no,no,7,0,5.82,MORTO
MPF,984845038,SOFFISOF LADY CLASSIC SUPER15P,1,0.3,0.05,0,no,no,7,0,0.80,MORTO
MPF,989355868,ESOXX DEFENCE 20CPR MASTIC,1,0.3,0.05,0,si,si,6,37,1.85,vende-rete
MPF,982935316,FILORIN SPRAY NASALE IPER 3%,1,0.3,0.05,0,no,no,5,0,1.86,MORTO
MPF,975427360,GIBAUD CLASSIC CINT POSTOP LE6,1,0.3,0.05,0,no,no,6,3,8.67,MORTO
MPF,984515888,SCHOLL CER VESCICHE TALLONE,1,0.3,0.05,0,no,no,13,0,1.05,MORTO
MPF,970257376,DERMABLEND 3D 15 30ML,1,0.3,0.05,0,no,no,1,7,3.44,MORTO
MPF,987400886,ANTHELIOS POST UV EXPOSUR400ML,1,0.3,0.05,0,si,si,6,9,1.98,vende-rete
MPF,975067695,SEMI DI ZUCCA DECORTICATI 200G,1,0.3,0.05,0,no,no,7,0,1.07,MORTO
MPF,023703046,MECLON*CREMA VAG 30G 20%+4%+6A,1,0.3,0.05,0,si,si,99,16,2.46,vende-rete
MPF,984158307,DEPURLAX 12BUST,1,0.3,0.05,0,no,no,99,0,1.64,MORTO
MPF,970712939,OSTEO GHEOS FUNZIONALE 180CPR,1,0.3,0.05,0,no,si,8,0,7.26,no-vend-7g
MPF,900764325,GEHWOL PEDILUVIO POLVERE 400G,1,0.3,0.05,0,no,si,8,0,1.54,no-vend-7g
MPF,982475333,SERENITY PANTS SD SENS EX L 12,1,0.3,0.05,0,no,si,10,0,1.50,no-vend-7g
MPF,931855757,CREMA BARRIERA STOMIA 60G,1,0.3,0.05,0,no,no,6,0,1.17,MORTO
MPF,902887140,CLIMASOL LIQUIDO 50ML,1,0.3,0.05,0,no,no,99,0,2.34,MORTO
MPF,035598022,ECOCILLIN*6CPS VAG MOLLI,1,0.3,0.05,0,no,si,2,0,2.42,no-vend-7g
MPF,982407645,DIVILAB OLIO DET SCHIUMOGENO,1,0.3,0.05,0,no,si,4,0,3.07,no-vend-7g
MPF,900215536,SOURCE OF LIFE 90TAV,1,0.3,0.05,0,no,no,7,0,8.31,MORTO
MPF,938283001,MGK VIS POCKET STICK ARA 12BST,1,0.3,0.05,0,no,no,99,0,1.79,MORTO
MPF,976335695,KALEIDON PROBIOTIC ACTIVE AGE,1,0.3,0.05,0,no,no,99,0,2.18,MORTO
MPF,932217072,STEVIA EDULCOR 200CPR,1,0.3,0.05,0,no,no,99,0,0.83,MORTO
MPF,906154810,EUPHIDRA AMIDO HOFMANN 300G,1,0.3,0.05,0,no,si,7,4,1.27,no-vend-7g
MPF,900282346,VENOPLANT CREMA GEL 100ML,1,0.3,0.05,0,si,si,99,0,2.38,vende-rete
MPF,902508530,DETOXIMAP 60CPR,1,0.3,0.05,0,no,no,5,0,2.66,MORTO
MPF,989814470,NG HB NIACINAMIDE SIERO 30ML,1,0.3,0.05,0,no,no,99,5,1.86,MORTO
MPF,949880746,SIREFAST 20CPR,1,0.3,0.05,0,no,si,2,0,1.97,no-vend-7g
MPF,975972985,GIBAUD ORTHO ACT H35 CORS LS 2,1,0.3,0.05,0,no,no,1,3,20.41,MORTO
MPF,042045017,MIOTENS CONTRATTURE E DOL*SCH,1,0.3,0.05,0,si,si,4,41,1.68,vende-rete
MPF,800112361,CRATAEGUS OXYA 60ML TM,1,0.3,0.05,0,no,no,99,0,1.52,MORTO
MPF,974088837,EKEEP K1 POSTURE KEEPER D BI 2,1,0.3,0.05,0,no,no,3,4,20.22,MORTO
MPF,982482073,ASPERSINA BARCODE SIERO 15ML,1,0.3,0.05,0,no,no,13,0,1.73,MORTO
MPF,984414502,XAZEPIN ORO FAST RELEASE20BUST,1,0.3,0.05,0,no,si,14,0,3.34,no-vend-7g
MPF,924880786,ERBADONNA CICLO 24CPR,1,0.3,0.05,0,no,no,10,0,1.07,MORTO
MPF,934408648,BIOTHYMUS AC ACT D SH RISTRUTT,1,0.3,0.05,0,no,si,6,7,2.46,no-vend-7g
MPF,987259660,PROBIOTICO ACT GONFIORE 10BUST,1,0.3,0.05,0,no,si,6,10,2.93,no-vend-7g
MPF,944313081,DERMOLIVO DETERGENTE OLIO150ML,1,0.3,0.05,0,no,no,12,0,2.22,MORTO
MPF,984622670,LFP CREMA TALLONI 75ML,1,0.3,0.05,0,no,no,3,9,3.17,MORTO
MPF,983810666,FDC FRESELLE INTEGRALI MIN220G,1,0.3,0.05,0,no,no,99,0,0.97,MORTO
MPF,935760619,EUMILL NASO BABY SPRAY 100ML,1,0.3,0.05,0,no,no,11,0,1.42,MORTO
MPF,913108609,RHALAX GRANI 25G,1,0.3,0.05,0,no,no,99,0,1.02,MORTO
MPF,921508432,LFP FIALE RINFORZANTI CAP 10F,1,0.3,0.05,0,no,no,5,5,11.59,MORTO
MPF,931950479,LONGLIFE OKG 100CPS,1,0.3,0.05,0,no,no,5,0,3.65,MORTO
MPF,987327083,BAKEL BHA SOLUTION 50ML,1,0.3,0.05,0,no,no,1,1,11.69,MORTO
MPF,975025053,BIOCLIN BIO COLORIST 8,1,0.3,0.05,0,no,no,99,0,1.58,MORTO
MPF,979399870,LFP MUCOFLU SPRAY 30ML,1,0.3,0.05,0,si,si,6,11,4.69,vende-rete
MPF,901292146,MIRTILLO BACCHE 60CPS,1,0.3,0.05,0,no,no,99,0,1.29,MORTO
MPF,981410121,LFP CREMA NOTTE OSMOTICA 50ML,1,0.3,0.05,0,no,no,1,3,17.49,MORTO
MPF,987654718,CH ASSORBENTI POSTPARTO COT10P,1,0.3,0.05,0,no,no,4,0,1.23,MORTO
MPF,982942258,HAIR VOLUME SHAMPOO 250ML,1,0.3,0.05,0,no,no,99,0,2.11,MORTO
MPF,926988080,CER PIC CLASSIC STR 10X8CM 10P,1,0.3,0.05,0,no,no,99,0,0.61,MORTO
MPF,904560428,QUILENE GEL 50ML,1,0.3,0.05,0,no,no,5,0,2.63,MORTO
MPF,938650025,BIONECT START UNGUENTO 30G,1,0.3,0.05,0,si,si,19,0,2.26,vende-rete
MPF,902243474,SCUDOVARIS GAMB TROM M 4,1,0.3,0.05,0,no,no,1,0,2.92,MORTO
MPF,909790281,NORMALINE 60CPR,1,0.3,0.05,0,no,no,6,0,2.41,MORTO
MPF,024552046,ARVENUM*60CPR RIV 500MG,1,0.3,0.05,0,si,si,12,3,4.59,vende-rete
MPF,933872739,RINOWASH KIT RICAMBIO,1,0.3,0.05,0,no,no,99,0,1.21,MORTO
MPF,920014077,SOMNOLIS ANTIRUSSAMENTO 1PZ,1,0.3,0.05,0,no,no,5,0,4.34,MORTO
MPF,985581040,"LFP GOCCE OCULARI 0,2% 10ML",1,0.3,0.05,0,no,no,3,15,4.77,MORTO
MPF,982544316,CH GIOCO ALL AROUND ACQUAMARIN,1,0.3,0.05,0,no,no,7,0,5.49,MORTO
MPF,973923081,PULSOXIMETRO DA DITO OXY-2,1,0.3,0.05,0,no,si,11,0,1.55,no-vend-7g
MPF,980523726,LACTOVIS PREBIOTICO PROB 100G,1,0.3,0.05,0,no,si,6,0,2.33,no-vend-7g
MPF,987383421,PELLISART 30CPR,1,0.3,0.05,0,no,no,8,0,6.01,MORTO
MPF,989875505,CEF REIMAG BIPACCO 40STICKPACK,1,0.3,0.05,0,no,no,1,25,5.89,MORTO
MPF,979016437,LFP ORALFLU GOLA 20CPR,1,0.3,0.05,0,no,no,3,10,4.97,MORTO
MPF,920801255,ALIANT MICO SPRAY 80ML,1,0.3,0.05,0,no,no,5,0,2.75,MORTO
MPF,980292256,HYLOVISION HD PLUS COLLIRIO,1,0.3,0.05,0,si,si,8,0,1.87,vende-rete
MPF,933328243,BIOKAP B SH NUTRIENTE RIPA,1,0.3,0.05,0,no,si,99,0,1.24,no-vend-7g
MPF,987418225,AQUAVIS SHAMPOO ANTICAD 150ML,1,0.3,0.05,0,no,si,99,0,2.75,no-vend-7g
MPF,975448337,SCHAR SAVOIARDI 200G,1,0.3,0.05,0,no,no,99,0,0.70,MORTO
MPF,903340863,BAYGON SCARAFAGGI/FORMICHE PLU,1,0.3,0.05,0,no,no,99,0,0.90,MORTO
MPF,931679245,GIBAUD ORTHO COLL SEMIRIG M2,1,0.3,0.05,0,no,no,12,2,6.12,MORTO
MPF,971169836,CONNETTIVINABIO PLUS GARZA10PZ,1,0.3,0.05,0,si,si,5,27,1.42,vende-rete
MPF,970283964,PROVISION PIERPAOLI 60CPR,1,0.3,0.05,0,no,no,12,0,3.14,MORTO
MPF,982541450,RILASTIL ELASTICIZZANTE 10F,1,0.3,0.05,0,no,no,12,0,3.97,MORTO
MPF,951870310,POLASE SPORT POWDER REG 10BUST,1,0.3,0.05,0,si,si,5,73,1.60,vende-rete
MPF,945030803,MAGNESIO POTASSIO 24BUST,1,0.3,0.05,0,no,si,8,0,1.00,no-vend-7g
MPF,984502993,VENADREM 30CPR,1,0.3,0.05,0,no,no,99,0,2.05,MORTO
MPF,934637935,RILASTIL LIPOFUSION FLUID250ML,1,0.3,0.05,0,no,si,99,0,4.01,no-vend-7g
MPF,901312429,GIBAUD POLS RIGH BEI 6CM 3,1,0.3,0.05,0,no,no,3,5,1.67,MORTO
MPF,987414758,BRUX CLEAN 56CPR EFFERVESCENTI,1,0.3,0.05,0,no,no,1,11,2.66,MORTO
MPF,951028707,CRIPTOGEL GEL UNGUEALE 10ML,1,0.3,0.05,0,no,no,8,0,1.54,MORTO
MPF,971092236,LIVE VITAMINS 30CPS,1,0.3,0.05,0,no,no,99,0,2.15,MORTO
MPF,931091680,BIOPULVER POLVERE 180G,1,0.3,0.05,0,no,no,4,0,2.21,MORTO
MPF,950221135,BONAMI' PASTICCIOTTO CR NOCC,1,0.3,0.05,0,no,no,2,5,2.81,MORTO
MPF,980682936,BIRETIX TRIACTIVE SPRAY 100ML,1,0.3,0.05,0,no,si,99,0,3.97,no-vend-7g
MPF,983674615,EXOMEGA SPRAY EMOLLIENTE 50ML,1,0.3,0.05,0,no,no,13,0,2.43,MORTO
MPF,033656416,ENANTYUM*10BS SOLUZ 25MG 10ML,1,0.3,0.05,0,si,si,4,21,0.91,vende-rete
MPF,982454872,FORMULA D3 ORO 60CPR,1,0.3,0.05,0,no,no,7,0,1.64,MORTO
MPF,925391308,FLEBOMIX 1000MG 30CPR,1,0.3,0.05,0,si,si,8,0,2.65,vende-rete
MPF,951318841,LFP PRO MOUSSE DETERGENTE 50ML,1,0.3,0.05,0,no,no,1,40,1.17,MORTO
MPF,905598429,ESI NO DOL 5 CEROTTI,1,0.3,0.05,0,no,no,12,0,1.55,MORTO
MPF,984651253,TRASPIREX PELLI DELICATE 20ML,1,0.3,0.05,0,no,no,1,14,1.78,MORTO
MPF,973204593,FERROLIP 20BUST OROSOLUBILI,1,0.3,0.05,0,no,si,99,0,2.18,no-vend-7g
MPF,900538822,BARDANA 50ML TM,1,0.3,0.05,0,no,no,99,0,1.84,MORTO
MPF,985778618,CERAMOL IAGE NIGHT TREATMENT,1,0.3,0.05,0,no,no,2,6,8.14,MORTO
MPF,981070889,CICATRIOIL 5F 5ML,1,0.3,0.05,0,no,no,2,0,3.09,MORTO
MPF,975997901,EKEEP B1 POSTURAL BRA 6,1,0.3,0.05,0,no,no,2,1,13.91,MORTO
MPF,927222315,ALO YAL SOLUZIONE OFTALMICA8ML,1,0.3,0.05,0,no,no,99,0,2.51,MORTO
MPF,923676290,HIPP TISANA CAMOMILLA 200G,1,0.3,0.05,0,no,no,8,0,1.26,MORTO
MPF,935566707,REFALGIN GEL ORALE 14BUST,1,0.3,0.05,0,si,si,9,0,2.13,vende-rete
MPF,933060790,VITIS ORTHO DENTIFRICIO 100ML,1,0.3,0.05,0,si,si,1,6,1.03,vende-rete
MPF,986075226,SILDI' SOFT GEL 30SOFT GELS,1,0.3,0.05,0,si,si,12,0,3.50,vende-rete
MPF,903887230,MAGNESIO MARINO 30BUST,1,0.3,0.05,0,no,no,99,0,1.64,MORTO
MPF,975186560,VITA D GOCCE 50ML,1,0.3,0.05,0,si,si,10,0,1.69,vende-rete
MPF,982003624,VASOTONIK 20BUST,1,0.3,0.05,0,no,si,12,0,3.78,no-vend-7g
MPF,926054127,MERIDOL WHITENING DENTIF 75ML,1,0.3,0.05,0,no,no,99,13,0.81,MORTO
MPF,925329361,ALOEVERA2 ALOE OIL,1,0.3,0.05,0,no,no,10,0,1.15,MORTO
MPF,979810102,REV IDRAX BOTU' MEDICAL 30BUST,1,0.3,0.05,0,no,si,7,0,9.52,no-vend-7g
MPF,985323029,PLUSGAR 30CPR,1,0.3,0.05,0,no,si,11,0,3.17,no-vend-7g
MPF,985288430,LIPOSKIN BIOMA PHARCOS SPUMA,1,0.3,0.05,0,si,si,11,0,2.33,vende-rete
MPF,950913006,PLENITY KIT,1,0.3,0.05,0,si,si,18,0,14.45,vende-rete
MPF,982003459,FERZYM 30CPS,1,0.3,0.05,0,no,si,8,0,1.23,no-vend-7g
MPF,986895480,EKEEP H3 MALLEOKEEP CAVIGL 4,1,0.3,0.05,0,no,no,4,2,18.27,MORTO
MPF,934638139,ALKAGIN DET INT LEN ALC 400ML,1,0.3,0.05,0,si,si,8,0,1.11,vende-rete
MPF,025982202,FALVIN*2CPS VAG MOLLI 1000MG,1,0.3,0.05,0,no,no,7,0,2.54,MORTO
MPF,921177642,ERMIDRA' SHAMPOO 250ML,1,0.3,0.05,0,si,si,14,0,2.14,vende-rete
MPF,931171007,EIE BIANCOSPINO 60ML GTT,1,0.3,0.05,0,no,si,6,0,2.86,no-vend-7g
MPF,927493395,VITABEN D3 15ML,1,0.3,0.05,0,si,si,11,0,2.39,vende-rete
MPF,903187449,ESTROMINERAL 40CPR,1,0.3,0.05,0,si,si,13,0,3.18,vende-rete
MPF,976203238,NERVATIL 60CPR,1,0.3,0.05,0,no,si,12,0,4.48,no-vend-7g
MPF,902603442,EVITA UNGUENTO 30ML,1,0.3,0.05,0,no,no,8,0,2.86,MORTO
MPF,978851347,ANSIOLEV GOCCE 20ML,1,0.3,0.05,0,no,si,99,0,2.39,no-vend-7g
MPF,972681821,CARTIJOINT D 1000 20BUST 5G,1,0.3,0.05,0,no,si,7,4,2.84,no-vend-7g
MPF,003235076,"COLLIRIO ALFA DEC*10CONT 0,3ML",1,0.3,0.05,0,no,si,3,12,1.23,no-vend-7g
MPF,976784203,KETO DIET SLIM 60CPS,1,0.3,0.05,0,si,si,2,0,1.86,vende-rete
MPF,984796197,ORALB VITALITY ADULT SPAZZ ELE,1,0.3,0.05,0,no,si,11,0,2.73,no-vend-7g
MPF,983672472,LFP SCIROPPO PROPOLI/DROS150ML,1,0.3,0.05,0,no,si,4,7,4.45,no-vend-7g
MPF,903289041,EPISTAS UNGUENTO NASALE 30G,1,0.3,0.05,0,no,si,1,4,2.86,no-vend-7g
MPF,986626012,LESSPAIN SPRAY 30ML,1,0.3,0.05,0,no,no,8,0,2.52,MORTO
MPF,936005519,MASSIGEN C VITI 500MG 60CPS,1,0.3,0.05,0,no,si,13,0,1.01,no-vend-7g
MPF,939573972,OMEGALIP -R 30CPR RIVESTITE,1,0.3,0.05,0,no,si,6,0,3.60,no-vend-7g
MPF,975084740,PIC INSUPEN ADV AGO G32X4MM,1,0.3,0.05,0,no,si,12,0,1.33,no-vend-7g
MPF,046080026,ENTEROGERMINA*OS 10FL 2MLD/5ML,1,0.3,0.05,0,si,si,3,29,1.76,vende-rete
MPF,923399291,REV US30 GEL 100ML,1,0.3,0.05,0,si,si,3,0,2.10,vende-rete
MPF,989666565,DUALSAN SLIP U CONTENIT GRI 6,1,0.3,0.05,0,no,no,2,1,22.73,MORTO
MPF,943469938,VEA DEO-LIPOGEL DEODORANTE30ML,1,0.3,0.05,0,si,si,13,0,2.29,vende-rete
MPF,971744646,"SYALOSET PLUS SIR 1,5% 4ML",1,0.3,0.05,0,no,no,3,0,11.53,MORTO
MPF,977802976,REDUCE-CPP 30CPR,1,0.3,0.05,0,si,si,10,0,4.23,vende-rete
MPF,900354376,FLEBORAL 300 5CPS,1,0.3,0.05,0,no,si,6,0,1.91,no-vend-7g
MPF,949897615,ERYFOTONA NIGHT 50ML,1,0.3,0.05,0,no,si,10,0,4.12,no-vend-7g
MPF,970516706,DETOX BIO INTENSIVO 3PZ 20ML,1,0.3,0.05,0,no,si,14,0,1.97,no-vend-7g
MPF,927762587,BIOKERATIN ACH8 6/CF BION S CA,1,0.3,0.05,0,no,no,10,0,1.64,MORTO
MPF,985976226,SAUBER DRENANTE ANTICELL 500ML,1,0.3,0.05,0,no,no,1,24,8.44,MORTO
MPF,931855819,REMOVER STOMIA SALVIETTE 30PZ,1,0.3,0.05,0,no,si,7,0,1.14,no-vend-7g
MPF,989047687,KIJIMEA FLORACARE 28CPS,1,0.3,0.05,0,no,si,14,0,3.86,no-vend-7g
MPF,984357006,CETAPHIL CREMA IDRATANTE 450G,1,0.3,0.05,0,si,si,22,0,2.59,vende-rete
MPF,934509795,MATT PHARMA SENNA ATTIVA 40CPR,1,0.3,0.05,0,si,si,2,0,0.63,vende-rete
MPF,051378014,MUSCORIL DOLORE*GEL 60G 20MG/G,1,0.3,0.05,0,no,si,99,0,1.49,no-vend-7g
MPF,943256659,TIOCRONAL REDOX 20CPR,1,0.3,0.05,0,si,si,8,0,3.51,vende-rete
MPF,980417632,DOLOMIA MU MASCARA 29 WATERPRO,1,0.3,0.05,0,no,si,2,3,4.55,no-vend-7g
MPF,903527176,BARKRIM CREMA BARRIERA 75ML,1,0.3,0.05,0,no,no,99,0,1.75,MORTO
MPF,983040508,LUPPOLO 60CPS,1,0.3,0.05,0,si,si,7,0,1.66,vende-rete
MPF,950060689,ADIPOL 30BUST,1,0.3,0.05,0,no,si,8,0,3.83,no-vend-7g
MPF,935204255,DERMOVITAMINA PROCTOC CREMA,1,0.3,0.05,0,no,si,14,0,1.22,no-vend-7g
MPF,987881859,DOLOMIA OSX 24 09 SMALTO,1,0.3,0.05,0,no,no,1,6,1.79,MORTO
MPF,988771440,NARHINEL SOL FISIOL 60FL 5ML,1,0.3,0.05,0,si,si,5,31,2.11,vende-rete
MPF,982999260,DEFENCE SUN B&K LATTE SPR 50+,1,0.3,0.05,0,si,si,1,0,2.43,vende-rete
MPF,926565021,CERAMOL GEL VISO 311 50ML,1,0.3,0.05,0,no,si,3,6,4.18,no-vend-7g
MPF,940086337,TANTUM VERDE SOS AFTE SPR 20ML,1,0.3,0.05,0,no,si,15,0,1.24,no-vend-7g
MPF,937494425,CONVEEN OPTIMA GUAINA 25MM 30P,1,0.3,0.05,0,no,no,3,0,8.15,MORTO
MPF,906618994,KILOCAL 20CPR,1,0.3,0.05,0,si,si,13,0,1.51,vende-rete
MPF,934806858,XANACID 20CPR MASTICABILI,1,0.3,0.05,0,no,si,5,11,2.15,no-vend-7g
MPF,982683334,RIGENERA CREMA RISTRUTT 50ML,1,0.3,0.05,0,no,si,5,0,7.21,no-vend-7g
MPF,941079042,ARTIKRILL DOL CANE 60PRL,1,0.3,0.05,0,si,si,8,0,3.72,vende-rete
MPF,925875712,ESI LE DIECI ERBE+FORTE100OVAL,1,0.3,0.05,0,no,si,14,6,1.40,no-vend-7g
MPF,950038481,DERMOVITAMINA ONICOMICOS PATCH,1,0.3,0.05,0,no,si,3,10,1.87,no-vend-7g
MPF,978314730,EUMILL DRYREPAIR GOCCE OCULARI,1,0.3,0.05,0,si,si,99,6,2.10,vende-rete
MPF,935228902,XERIAL 30 CREMA PIEDI 50ML,1,0.3,0.05,0,no,si,14,0,1.45,no-vend-7g
MPF,938493552,KERA' K2 CREMA 50ML,1,0.3,0.05,0,no,si,21,0,4.58,no-vend-7g
MPF,984163954,MECLON LENEX EMULGEL 50ML,1,0.3,0.05,0,si,si,17,17,2.78,vende-rete
MPF,972260590,EMORSAN RAG 2 TUBI 30+30ML,1,0.3,0.05,0,no,si,11,0,3.86,no-vend-7g
MPF,035400023,ACTIGRIP GIORNO&NOTTE*12+4CPR,1,0.3,0.05,0,si,si,8,166,1.27,vende-rete
MPF,028122063,"ONILAQARE*SMALTO UNGHIE 2,5ML",1,0.3,0.05,0,si,si,12,0,3.96,vende-rete
MPF,987358759,KIJIMEA REGULARIS 500G,1,0.3,0.05,0,no,si,2,0,3.50,no-vend-7g
MPF,989983325,REVIANAL EMULGEL 50ML,1,0.3,0.05,0,no,no,7,0,3.31,MORTO
MPF,987437199,POLASE PLUS 36BUST PROMO,1,0.3,0.05,0,si,si,16,129,2.82,vende-rete
MPF,978845648,CARDO MAR 60CPR TERRANATA,1,0.3,0.05,0,no,no,5,0,1.76,MORTO
MPF,988342147,KUKIDENT ULTIMATE NEUTRO 57G,1,0.3,0.05,0,si,si,9,3,1.41,vende-rete
MPF,938657069,MULTICENTRUM DONNA 50+ 30CPR,1,0.3,0.05,0,no,si,26,12,3.36,no-vend-7g
MPF,979843632,CANDIDAX MED 30CPR,1,0.3,0.05,0,no,si,10,0,1.56,no-vend-7g
MPF,980285795,CLEARBLUE RILEVAZIONE PREC DIG,1,0.3,0.05,0,no,si,9,13,1.38,no-vend-7g
MPF,923376343,YOGURT LINEA FERMENTI 4BUST,1,0.3,0.05,0,si,si,2,0,1.00,vende-rete
MPF,986117190,TRIVIS AGA DONNA LOZIONE 100ML,1,0.3,0.05,0,no,si,99,0,10.80,no-vend-7g
MPF,900095528,BENEX POMATA 100ML,1,0.3,0.05,0,si,si,9,0,1.99,vende-rete
MPF,935229082,TIMODORE CREMA DEO 48H 50ML,1,0.3,0.05,0,no,no,14,0,1.06,MORTO
MPF,983834615,BIOREPAIR PLUS GEL INTENSIVE,1,0.3,0.05,0,no,si,6,0,0.92,no-vend-7g
MPF,989319746,RESPECTA 10CPS,1,0.3,0.05,0,si,si,11,0,2.77,vende-rete
MPF,931770693,VISCRIN PLUS SH ANTIFORFORA,1,0.3,0.05,0,no,si,6,0,2.27,no-vend-7g
MPF,979605363,COMPEED VESCICHE MEDIO 5PZ,1,0.3,0.05,0,no,si,8,6,1.04,no-vend-7g
MPF,950978864,REUFLOR JUNIOR 10FL,1,0.3,0.05,0,no,si,7,26,1.06,no-vend-7g
MPF,025218102,MICLAST*SOL CUT FL 30ML 10MG/G,1,0.3,0.05,0,no,si,9,0,1.66,no-vend-7g
MPF,922948423,KAMILA GAMB BAS EASY 140D PLA4,1,0.3,0.05,0,no,no,1,8,4.74,MORTO
MPF,927123481,AMINOGAM COLLUTORIO 200ML,1,0.3,0.05,0,no,si,8,0,2.01,no-vend-7g
MPF,982823751,LFP ARGININA COLINA 10FL 15ML,1,0.3,0.05,0,no,no,5,6,8.67,MORTO
MPF,923302487,OTOACT 100ML,1,0.3,0.05,0,no,si,9,0,1.66,no-vend-7g
MPF,908224266,LONGLIFE LIPOTROPIC 60TAV RIV,1,0.3,0.05,0,no,si,4,0,2.52,no-vend-7g
MPF,946503339,MYCLI C RECHARGE TRATT 50ML,1,0.3,0.05,0,no,si,5,2,12.70,no-vend-7g
MPF,905345334,DIFESAN 7CPR VAGINALI,1,0.3,0.05,0,no,si,11,0,3.28,no-vend-7g
MPF,930259724,BGSTAR STRISCE REATTIVE 25PZ,1,0.3,0.05,0,si,si,9,30,2.09,vende-rete
MPF,985972013,MICROVENIL FORTE 20BUST,1,0.3,0.05,0,no,si,9,0,3.19,no-vend-7g
MPF,987881822,DOLOMIA OSX 24 06 SMALTO,1,0.3,0.05,0,no,no,1,3,2.10,MORTO
MPF,988827097,MASTER-AID STERIBLOCK TAMP EMO,1,0.3,0.05,0,no,no,3,0,1.23,MORTO
MPF,982716805,PASSIFLORA 60CPS,1,0.3,0.05,0,no,si,9,0,1.59,no-vend-7g
MPF,932160498,EIE ROSMARINO 30ML GTT,1,0.3,0.05,0,no,si,8,0,1.96,no-vend-7g
MPF,979016312,LFP URODEFENCE 14BUST,1,0.3,0.05,0,no,no,5,6,10.67,MORTO
MPF,950837183,AVENE XERACALM AD CONC LENIT,1,0.3,0.05,0,no,no,13,3,2.51,MORTO
MPF,981047107,ZYMEREX IBS COLON IRRIT 14BUST,1,0.3,0.05,0,no,si,11,0,1.89,no-vend-7g
MPF,027244072,FLOMAX*OS GRAT 20BUST 350MG,1,0.3,0.05,0,no,si,9,85,1.77,no-vend-7g
MPF,983191432,AUTAN DEFENSE LONG PROT 100ML,1,0.3,0.05,0,si,si,17,0,1.12,vende-rete
MPF,909838548,SKEMA SOLE EMULSIONE DOPO150ML,1,0.3,0.05,0,no,no,3,0,1.77,MORTO
MPF,937030815,ARGIVIT 14BUST,1,0.3,0.05,0,si,si,15,0,2.09,vende-rete
MPF,000367072,"TISANA KELEMATA*20BUST 1,3G",1,0.3,0.05,0,no,si,1,7,1.14,no-vend-7g
MPF,974109314,CERAVE CREMA IDRATANTE 177ML,1,0.3,0.05,0,si,si,6,6,1.21,vende-rete
MPF,035953025,"LAXIPEG*OS POLV 20BUST 9,7G",1,0.3,0.05,0,no,si,11,11,2.24,no-vend-7g
MPF,935258537,LARIMUCIL TOSSE ADULTI SCIR,1,0.3,0.05,0,no,no,9,0,1.51,MORTO
MPF,980294514,RESOURCE AQUA+ORANGE 4X125G,1,0.3,0.05,0,no,no,14,0,1.06,MORTO
MPF,984876767,CERAMOL AK BARRIER 50ML,1,0.3,0.05,0,si,si,5,18,5.09,vende-rete
MPF,987669722,GIBAUD ORTHO WALKER BASSO TIB2,1,0.3,0.05,0,no,si,2,3,17.63,no-vend-7g
MPF,978594582,TRIDERM BABY SHAMPOO ULTRADEL,1,0.3,0.05,0,no,si,18,0,1.47,no-vend-7g
MPF,979383748,SODIO CLORURO 300CPS 500MG,1,0.3,0.05,0,no,si,12,0,5.68,no-vend-7g
MPF,945205298,NEVRALIP 600 RETARD 30CPR,1,0.3,0.05,0,no,si,12,0,3.89,no-vend-7g
MPF,905365894,LFP ENERSAL 20BUST,1,0.3,0.05,0,no,si,3,15,5.75,no-vend-7g
MPF,900438045,RESTOMYL GEL CANI GATTI 30ML,1,0.3,0.05,0,si,si,99,0,3.05,vende-rete
MPF,982391652,EKEEP H1 HALLUX VALGUS DIURNO2,1,0.3,0.05,0,no,si,11,3,4.08,no-vend-7g
MPF,924851328,GIBAUD ORTHO BLOCCA CLAVIC TU,1,0.3,0.05,0,no,si,7,0,4.88,no-vend-7g
MPF,974058051,ECLADERM CREMA CANOVA 50ML,1,0.3,0.05,0,no,si,4,0,3.97,no-vend-7g
MPF,939673796,BERBERINA ESTRATTO SECCO 60CPR,1,0.3,0.05,0,no,si,9,0,1.66,no-vend-7g
MPF,901430672,MAN SUPPORT 15COT GAMB 15 NE 5,1,0.3,0.05,0,no,si,5,0,2.80,no-vend-7g
MPF,976390524,MINERAL 89 SIERO 75ML,1,0.3,0.05,0,si,si,9,6,3.85,vende-rete
MPF,932719267,OMEPURE 1000 TG 90PRL,1,0.3,0.05,0,si,si,4,0,3.71,vende-rete
MPF,977803992,UTIFREE 30CPR+30STICK,1,0.3,0.05,0,no,si,9,0,4.68,no-vend-7g
MPF,939886216,HELAN FIOR DI TALCO ACQ IDRAT,1,0.3,0.05,0,no,no,4,0,1.47,MORTO
MPF,935600647,CISTIGELAR AKTIV 2 14BUST,1,0.3,0.05,0,no,si,4,0,1.98,no-vend-7g
MPF,040657013,FASTUM ANTIDOLORIFICO*1% 50G,1,0.3,0.05,0,si,si,1,13,1.17,vende-rete
MPF,938602570,AGEDIN SIERO IDROTENSORE 30ML,1,0.3,0.05,0,no,no,8,0,6.18,MORTO
MPF,979332879,FARMAPROST 30CPR,1,0.3,0.05,0,si,si,99,0,4.92,vende-rete
MPF,986464826,BIOKILL PIRETRO NATURALE 1L,1,0.3,0.05,0,no,si,99,0,7.01,no-vend-7g
MPF,949645360,DR VITI DRENANTE ANANAS28STICK,1,0.3,0.05,0,no,si,7,0,1.16,no-vend-7g
MPF,979944333,REGULOSIO FIBRE 20BUST,1,0.3,0.05,0,no,si,5,0,1.88,no-vend-7g
MPF,922354143,AMICO SOLUZIONE UNGUEALE 10ML,1,0.3,0.05,0,no,no,11,0,4.00,MORTO
MPF,910633623,KERIUM SH ANTIFORF CAP GRASS,1,0.3,0.05,0,no,si,99,0,1.83,no-vend-7g
MPF,943060703,MGK VIS RIC PLUS 14+14BUST,1,0.3,0.05,0,no,si,8,0,1.98,no-vend-7g
MPF,982532855,TOLERIANE DERMALLERGO FLUI40ML,1,0.3,0.05,0,no,si,7,3,3.00,no-vend-7g
MPF,975414069,GIBAUD GINOCCHIERA EL BLU 1,1,0.3,0.05,0,no,no,1,2,3.66,MORTO
MPF,943796110,LUXFLUIRES SPRAY NASALE 20ML,1,0.3,0.05,0,no,no,99,0,1.59,MORTO
MPF,980813962,HYALISTIL SYNFO SOL OFT 10ML,1,0.3,0.05,0,si,si,14,0,3.00,vende-rete
MPF,980770325,GIBAUD ORTHO LOMBOGIB LADY21 4,1,0.3,0.05,0,no,no,10,5,14.17,MORTO
MPF,989252325,CERAVE DETERGENTE IMPERF 473ML,1,0.3,0.05,0,no,si,7,5,2.33,no-vend-7g
MPF,942602956,UREADIN LOTION 10 400ML,1,0.3,0.05,0,si,si,19,0,3.71,vende-rete
MPF,904008137,GAMMA CALENDULA CREMA 75ML,1,0.3,0.05,0,no,si,7,0,3.80,no-vend-7g
MPF,935093599,MILICE PIDOKO SPRAY PREVENTIVO,1,0.3,0.05,0,no,no,1,15,2.19,MORTO
MPF,980029122,CONNETTIVINAVISO CREMA 50ML,1,0.3,0.05,0,no,si,6,6,2.91,no-vend-7g
MPF,978862439,AVEENO BAGNO DOCC VAN&AVE300ML,1,0.3,0.05,0,no,no,12,0,1.59,MORTO
MPF,990860266,NORMAST MPS MICROGRANULI30BUST,1,0.3,0.05,0,si,si,10,0,3.91,vende-rete
MPF,940225004,MONODERMA ET10 XL LIPOGEL30ML,1,0.3,0.05,0,si,si,9,0,3.58,vende-rete
MPF,984098691,REV EFFACE JOUR PLUS 30ML,1,0.3,0.05,0,no,no,99,0,3.61,MORTO
MPF,930502000,CONTRATTURE GEL MINERALE 150G,1,0.3,0.05,0,si,si,10,0,2.99,vende-rete
MPF,978919532,RESTOMYL SUPPLEMENTO CANE 60G,1,0.3,0.05,0,no,si,15,0,4.17,no-vend-7g
MPF,986179517,DAONIX 60CPS,1,0.3,0.05,0,si,si,8,0,3.68,vende-rete
MPF,989893019,REDIPET 30CPR,1,0.3,0.05,0,no,si,7,0,2.42,no-vend-7g
MPF,932165588,ARTAVIS 20BUST 8G,1,0.3,0.05,0,si,si,10,0,2.12,vende-rete
MPF,973989890,ONICOPOD TR GOCCE 15ML,1,0.3,0.05,0,si,si,9,0,1.97,vende-rete
MPF,947138107,MONOI TIKI FONDOTINTA COMPATTO,1,0.3,0.05,0,no,si,99,0,4.16,no-vend-7g
MPF,984733562,MONURELLE PLUS AF 15CPS,1,0.3,0.05,0,si,si,8,16,2.92,vende-rete
MPF,023907177,BETADINE*SOLUZ CUT FL 50ML 10%,1,0.3,0.05,0,si,si,99,0,0.81,vende-rete
MPF,981076108,THERMACARE VERSATILE FASCIA3PZ,1,0.3,0.05,0,si,si,7,15,1.29,vende-rete
MPF,988066890,IDRASTIN CREMA MULTIATTIVA75ML,1,0.3,0.05,0,no,si,14,0,3.84,no-vend-7g
MPF,932252632,BUONAVIT D3F 12ML,1,0.3,0.05,0,no,si,8,0,2.16,no-vend-7g
MPF,974652772,ETILE CLORURO SPRAY 175ML,1,0.3,0.05,0,si,si,10,0,1.82,vende-rete
MPF,926243407,FORHANS GENGIFOR 30CPR,1,0.3,0.05,0,no,si,10,0,2.04,no-vend-7g
MPF,978867974,BABY CREMA PROTETTIVA CAL 75ML,1,0.3,0.05,0,si,si,99,0,1.04,vende-rete
MPF,976014643,SYNOQUIN EFA L BREED 30CPR,1,0.3,0.05,0,no,si,10,0,3.98,no-vend-7g
MPF,900179540,MEHAREES CREMA CORPO 300ML,1,0.3,0.05,0,no,si,99,0,3.18,no-vend-7g
MPF,927099933,SENSURA MIO CL URO MA 15-33,1,0.3,0.05,0,no,no,6,0,8.57,MORTO
MPF,923738025,LFP PROSTACOMPLEX 30CPS,1,0.3,0.05,0,no,si,3,16,8.05,no-vend-7g
MPF,037184013,DICLOREUM UNIDIE*5CER 136MG24H,1,0.3,0.05,0,no,si,22,0,2.03,no-vend-7g
MPF,982596328,ZYMEREX GONFIORE PLUS 20CPR,1,0.3,0.05,0,si,si,14,0,1.33,vende-rete
MPF,944137518,GERMISDIN IGIENE CORPO ORIG 1L,1,0.3,0.05,0,no,no,7,0,1.99,MORTO
MPF,984592384,MICROSTAX 30CPR,1,0.3,0.05,0,no,no,99,0,2.85,MORTO
MPF,980514956,ALSIROYAL VITAMINA D3+K2 30CPR,1,0.3,0.05,0,si,si,6,0,2.09,vende-rete
MPF,987315811,SCREEN TEST CANDIDA SELFTEST1P,1,0.3,0.05,0,no,si,4,0,2.24,no-vend-7g
MPF,930400623,EUCERIN SUN SPRAY TRANSPAREN50,1,0.3,0.05,0,si,si,24,0,3.19,vende-rete
MPF,971215037,HIPP BIO OMOG PERA WILL 6X80G,1,0.3,0.05,0,si,si,11,0,1.55,vende-rete
MPF,980340261,CH NUOVO MINI ASCIUGACAPELLI,1,0.3,0.05,0,no,no,99,0,5.00,MORTO
MPF,926022789,IAP PHARMA 9 DONNA 150ML,1,0.3,0.05,0,no,no,4,4,3.19,MORTO
MPF,930605581,LONGLIFE MAGNESIUM K 60CPS,1,0.3,0.05,0,si,si,99,0,1.75,vende-rete
MPF,950612693,ESENTA DIAMONDS BUSTINE 100PZ,1,0.3,0.05,0,no,si,5,0,4.24,no-vend-7g
MPF,984789166,PHYTOCYANE FIALE D CAD TEMPOR,1,0.3,0.05,0,no,si,4,0,4.98,no-vend-7g
MPF,987900002,"KEEN WHISP W-CAYEN/BRICK 8,5W",1,0.3,0.05,0,no,si,5,0,9.51,no-vend-7g
MPF,904682984,GEHWOL BALS RISCALDANTE 75ML,1,0.3,0.05,0,no,no,9,0,1.29,MORTO
MPF,028700033,VAGISIL*CREMA 20G 2%,1,0.3,0.05,0,si,si,1,20,1.97,vende-rete
MPF,973915818,CICAPLAST GEL B5 40ML,1,0.3,0.05,0,no,si,9,9,1.72,no-vend-7g
MPF,983592369,KLORANE SH PURIFYING CEDRO,1,0.3,0.05,0,no,no,18,0,2.36,MORTO
MPF,988939397,VOIS PLUS 14STICK OROSOLUBILI,1,0.3,0.05,0,no,si,6,0,2.30,no-vend-7g
MPF,975979358,HYPEROIL TUBO GEL 30ML PROCTO,1,0.3,0.05,0,no,si,13,0,2.93,no-vend-7g
MPF,926065640,URIAGE DEO FRAICHEUR SPRAY,1,0.3,0.05,0,si,si,99,0,1.59,vende-rete
MPF,974890372,COMPENSA Q DIET POLVERE 250G,1,0.3,0.05,0,no,si,10,0,2.81,no-vend-7g
MPF,971528219,IRIDIUM A FREE 10ML,1,0.3,0.05,0,si,si,10,0,2.22,vende-rete
MPF,983391297,EKEEP B3 SURGICAL BRA POST 06,1,0.3,0.05,0,no,no,3,1,13.74,MORTO
MPF,979418340,VENOFLEB EMO 20CPR,1,0.3,0.05,0,no,si,4,0,1.68,no-vend-7g
MPF,037466024,KETONOVA*SHAMPOO 120ML 20MG/G,1,0.3,0.05,0,si,si,6,0,2.43,vende-rete
MPF,983679046,OLIO MANDORLE DOLCI PROF FIORI,1,0.3,0.05,0,no,no,7,0,1.28,MORTO
MPF,935190393,ENTEROGERMINA GONFIORE 10BUST,1,0.3,0.05,0,no,si,8,11,1.39,no-vend-7g
MPF,907106241,GLORIAM GAMB 142AD COT BEI SC,1,0.3,0.05,0,no,si,5,0,8.41,no-vend-7g
MPF,978573879,METADIGEST LACTO 15CPS,1,0.3,0.05,0,no,si,13,0,1.95,no-vend-7g
MPF,005556028,ORTODERMINA*CREMA 10G 5%,1,0.3,0.05,0,no,si,6,0,1.10,no-vend-7g
MPF,988897409,NEUTROGENA PROMO HYDRO LTT+SIE,1,0.3,0.05,0,no,no,2,3,3.50,MORTO
MPF,986861870,DTOPIC CREMA LIPOFILA 30ML,1,0.3,0.05,0,no,si,6,0,1.67,no-vend-7g
MPF,925383224,PHYSIOMANCE ALCALIANCE+ 30BUST,1,0.3,0.05,0,si,si,5,0,2.52,vende-rete
MPF,971752112,VITA ACT CALCIO+VIT D 60CPR,1,0.3,0.05,0,si,si,12,0,0.75,vende-rete
MPF,982946725,CERAMOL SUN PROT CREAM SPF30,1,0.3,0.05,0,no,no,1,4,4.30,MORTO
MPF,975743081,"ERART 20BUSTE 4,8G",1,0.3,0.05,0,no,no,9,0,3.73,MORTO
MPF,907139935,SOWASH IDROGETTO IGIENE ORALE,1,0.3,0.05,0,no,si,5,0,2.93,no-vend-7g
MPF,980770299,GIBAUD ORTHO LOMBOGIB LADY21 1,1,0.3,0.05,0,no,si,9,7,14.57,no-vend-7g
MPF,977705906,TILIA TOMENTOSA BOIRON MG 60ML,1,0.3,0.05,0,no,si,13,0,1.48,no-vend-7g
MPF,987362377,LAUTOSELLE 30STICK PACK,1,0.3,0.05,0,no,si,11,0,2.64,no-vend-7g
MPF,981475647,CERAVE OLIO DET IDRAT SCH236ML,1,0.3,0.05,0,no,no,4,11,1.38,MORTO
MPF,985581204,LFP SALVIETTE OCULARI 24PZ,1,0.3,0.05,0,no,no,2,21,5.00,MORTO
MPF,980448652,EFFACLAR SIERO 30ML,1,0.3,0.05,0,si,si,5,10,3.33,vende-rete
MPF,980248987,COLASIL 30CPS,1,0.3,0.05,0,si,si,12,0,2.00,vende-rete
MPF,939587376,PLURIGIN OVULI VAGINALI 10PZ,1,0.3,0.05,0,no,si,2,0,2.47,no-vend-7g
MPF,930062245,PROJOINT COMPLEX 60TAV,1,0.3,0.05,0,si,si,26,1,8.70,vende-rete
MPF,040231021,EUGASTROL REFLUSSO*14CPR 20MG,1,0.3,0.05,0,no,si,2,14,0.87,no-vend-7g
MPF,925565816,OBEVIS 180PAST,1,0.3,0.05,0,si,si,3,0,2.91,vende-rete
MPF,979021375,PEDIAFER SOLUZIONE ORALE 30ML,1,0.3,0.05,0,no,si,99,0,2.44,no-vend-7g
MPF,982539266,LFP LINEATAB 30CPR,1,0.3,0.05,0,no,no,6,12,10.68,MORTO
MPF,947384816,ZELUX MAMMA PLUS 30CPR+30CPS,1,0.3,0.05,0,no,si,8,0,2.89,no-vend-7g
MPF,974989028,BIONAIF PLANTARE ATT RELA34-38,1,0.3,0.05,0,no,no,5,0,8.72,MORTO
MPF,037028026,EDEVEN CM*GEL TUBO 40G 2%+5%,1,0.3,0.05,0,no,no,3,0,1.32,MORTO
MPF,986708194,TRICOMNIA OLIO RISTRUTTURANTE,1,0.3,0.05,0,no,si,5,0,1.70,no-vend-7g
MPF,046545012,VICKS FLU GIORNO NOTTE*12+4CPR,1,0.3,0.05,0,no,no,10,0,1.35,MORTO
MPF,975508779,EUCERIN SUN PIGMENT CONTROL50+,1,0.3,0.05,0,no,si,8,11,1.59,no-vend-7g
MPF,986150744,FLOMEL COLLAGEN 20BUST,1,0.3,0.05,0,no,si,7,0,3.25,no-vend-7g
MPF,905849865,GIBAUD ORTHO GENUGIB TUTORE,1,0.3,0.05,0,no,no,8,0,18.58,MORTO
MPF,979806611,ASSENZIO ESTRATTO INTEGR 200ML,1,0.3,0.05,0,si,si,8,0,2.78,vende-rete
MPF,912532278,DEODORANTE ANTITR AEROSOL125ML,1,0.3,0.05,0,si,si,1,97,1.36,vende-rete
MPF,923550418,BRAUN PRT1000 TERMOMETRO DIGIT,1,0.3,0.05,0,no,no,5,23,2.02,MORTO
MPF,909468112,AESCULUS COMP 30ML GTT HEEL,1,0.3,0.05,0,no,no,7,0,2.31,MORTO
MPF,975201361,MULTIVITALEX 30CPR,1,0.3,0.05,0,no,no,10,0,1.77,MORTO
MPF,987377090,VIDROSOL 1000 30CPR,1,0.3,0.05,0,si,si,9,0,1.95,vende-rete
MPF,973179120,BOLO VIA PASTA GATTI 50G,1,0.3,0.05,0,si,si,99,0,1.50,vende-rete
MPF,932348725,NASALIN SPRAY NASALE 20ML,1,0.3,0.05,0,no,no,9,0,1.32,MORTO
MPF,985713787,PURONERV DOL 60CPS,1,0.3,0.05,0,no,si,6,0,5.18,no-vend-7g
MPF,908012659,CARMELITANI SCALZI AC MEL 50ML,1,0.3,0.05,0,no,no,99,0,1.44,MORTO
MPF,976207973,OROBEN COLLUTORIO 150ML,1,0.3,0.05,0,si,si,15,0,1.54,vende-rete
MPF,971980697,MEDIPRESTERIL MED POSTOP 10X30,1,0.3,0.05,0,no,si,12,0,0.87,no-vend-7g
MPF,984952679,VITINIX VENE 30CPR,1,0.3,0.05,0,no,si,7,0,3.02,no-vend-7g
MPF,972594182,PIC MISUR PRES MOBILERAPID,1,0.3,0.05,0,no,no,99,0,13.58,MORTO
MPF,939065583,FLORIGEN DETERGENTE INTIMO,1,0.3,0.05,0,si,si,10,0,1.96,vende-rete
MPF,975813813,SWISSE MAXI COENZIMA Q10 30CPS,1,0.3,0.05,0,no,si,19,0,3.45,no-vend-7g
MPF,944547924,PRINCIPIUM CALCIO K D VEG60CPR,1,0.3,0.05,0,si,si,6,0,2.11,vende-rete
MPF,972533549,REDOX S 30CPS,1,0.3,0.05,0,no,si,8,0,3.95,no-vend-7g
MPF,983374000,PHOTODERM M SPF50+ DORE' 40ML,1,0.3,0.05,0,no,si,12,0,2.57,no-vend-7g
MPF,935543001,ROUGJ INTEGR SOLARE 30CPS,1,0.3,0.05,0,no,si,13,0,2.48,no-vend-7g
MPF,980628200,BUONA DIFESA FLACONCINI14X10ML,1,0.3,0.05,0,no,no,99,0,2.66,MORTO
MPF,024428195,MUCOSOLVAN*20PASTL 15MG,1,0.3,0.05,0,no,si,2,12,1.98,no-vend-7g
MPF,943257713,NOVA ENERGY+ 24BUST,1,0.3,0.05,0,no,no,13,0,2.05,MORTO
MPF,028424012,FLEBOSTASIN R*30CPS 50MG RM,1,0.3,0.05,0,no,no,4,0,2.38,MORTO
MPF,979362807,OMEGAL DHA 40CPS MOLLI,1,0.3,0.05,0,no,si,12,0,2.72,no-vend-7g
MPF,925654321,VITAMINE B COMPL 60CPR COLOURS,1,0.3,0.05,0,no,si,15,0,1.87,no-vend-7g
MPF,987411903,VIDERMINA 3-12 DET INT 250ML,1,0.3,0.05,0,no,si,7,4,1.40,no-vend-7g
MPF,921671412,AUDISPRAY ADULT IGIENE SPR50ML,1,0.3,0.05,0,no,si,5,5,0.93,no-vend-7g
MPF,037291097,CAREXIDIL*3FL SOLUZ CUT 60ML2%,1,0.3,0.05,0,no,si,11,0,6.98,no-vend-7g
MPF,934018298,KILOCAL BRUCIA GRASSI 15CPR,1,0.3,0.05,0,no,si,12,0,2.07,no-vend-7g
MPF,933644066,DEONAT FRESH STICK UOMO 100G,1,0.3,0.05,0,no,si,6,0,1.40,no-vend-7g
MPF,984622656,LFP CREMAGEL ALOE VERA 100ML,1,0.3,0.05,0,no,si,4,22,4.61,no-vend-7g
MPF,925606840,WELLION LUNA CHOLES STRIPS10PZ,1,0.3,0.05,0,si,si,13,0,3.54,vende-rete
MPF,985722483,KIJIMEA K53 ADVANCE 56CPS,1,0.3,0.05,0,si,si,8,0,5.95,vende-rete
MPF,974425516,CANDIDOPHILUS 30CPS,1,0.3,0.05,0,no,no,10,0,2.99,MORTO
MPF,977449026,COLLUTO3 COLLUTORIO OZONO250ML,1,0.3,0.05,0,no,si,6,0,1.75,no-vend-7g
MPF,984360343,CLOREXYDERM SOL 200ML,1,0.3,0.05,0,si,si,13,0,2.31,vende-rete
MPF,934408624,BIOMINERAL ONE LACTO PLUS30CPR,1,0.3,0.05,0,si,si,9,16,2.48,vende-rete
MPF,983660933,SERENAMENTE 30CPS,1,0.3,0.05,0,no,si,8,0,1.49,no-vend-7g
MPF,942845607,LIVEDREN CREMA 200ML,1,0.3,0.05,0,no,si,5,0,2.29,no-vend-7g
MPF,983034315,REFLUZERO 20CPR,1,0.3,0.05,0,no,si,10,0,2.00,no-vend-7g
MPF,930276769,"YABRO 10F 3ML AC IALUR 0,3%",1,0.3,0.05,0,no,si,7,0,2.23,no-vend-7g
MPF,976828311,HALIBORANGE VIT D3 20000 UI8ML,1,0.3,0.05,0,no,si,10,0,1.17,no-vend-7g
MPF,976864443,OMNI BIOTIC 10 AAD 30BUST,1,0.3,0.05,0,no,si,8,0,4.12,no-vend-7g
MPF,038140012,MYLICONGAS*50CPR MAST 40MG,1,0.3,0.05,0,si,si,17,14,2.04,vende-rete
MPF,971347620,BIOREPAIR PLUS DENTI SENSIBILI,1,0.3,0.05,0,si,si,6,10,0.49,vende-rete
MPF,975524240,XIOGLICAN GEL 50G,1,0.3,0.05,0,no,si,7,3,1.96,no-vend-7g
MPF,976329387,EMOFORM DENT FORTE CREMA ADES,1,0.3,0.05,0,no,si,4,10,1.57,no-vend-7g
MPF,926246024,ESI NO DOL 16 POCKET DRINK20ML,1,0.3,0.05,0,no,si,7,0,1.77,no-vend-7g
MPF,977825241,EKEEP H2 HALLUX VALGUS NOTT 1M,1,0.3,0.05,0,no,no,1,4,5.48,MORTO
MPF,971377559,BASE LAVANTE 273 300ML,1,0.3,0.05,0,no,si,5,0,2.02,no-vend-7g
MPF,974887743,NUTRIVA VEGAN B12 60CPR 1000MC,1,0.3,0.05,0,no,si,99,0,2.06,no-vend-7g
MPF,950276737,GIBAUD ORTHO CORS LOMB ACT V 4,1,0.3,0.05,0,no,si,8,3,17.36,no-vend-7g
MPF,983689187,CERAMOL BASE DETERSIVA 500ML,1,0.3,0.05,0,no,no,8,0,1.39,MORTO
MPF,925606079,CURASEPT COLLUT ECOBIO 300ML,1,0.3,0.05,0,no,si,10,0,0.97,no-vend-7g
MPF,979021639,CUTALGAN A-DERMA SPRAY 100ML,1,0.3,0.05,0,no,si,9,0,1.83,no-vend-7g
MPF,045625011,VOLTAREN EMULGEL*GEL 100G 1%,1,0.3,0.05,0,si,si,3,5,1.97,vende-rete
MPF,985581483,LFP CHROMASKIN 30CPR RIVESTITE,1,0.3,0.05,0,no,si,5,3,12.69,no-vend-7g
MPF,904317916,VISERGON 16BUST,1,0.3,0.05,0,si,si,4,0,2.27,vende-rete
MPF,987904707,KALOIDON GEL CICATRICI 75ML,1,0.3,0.05,0,si,si,10,0,3.91,vende-rete
MPF,935702466,SAME PLAST CEROTTO 7X20CM,1,0.3,0.05,0,si,si,8,0,2.17,vende-rete
MPF,986626024,HYDRALEN SIERO 30ML,1,0.3,0.05,0,no,si,11,0,4.04,no-vend-7g
MPF,923587428,LOXICOR 30CPR,1,0.3,0.05,0,no,no,11,0,2.88,MORTO
MPF,949970723,MASSIGEN PRONTA ENERG12BUS+TEL,1,0.3,0.05,0,no,si,3,8,2.01,no-vend-7g
MPF,979049804,LACTOSOLUTION 15000 30CPR,1,0.3,0.05,0,si,si,8,0,1.81,vende-rete
MPF,986971291,GIBAUD ORTHO ARTIGIB 3D GIN 3,1,0.3,0.05,0,no,no,4,4,11.62,MORTO
MPF,905123042,BIOGREEN OTO SPRAY SOL OTO13ML,1,0.3,0.05,0,no,si,12,0,2.03,no-vend-7g
MPF,945015143,CALEMA NIGHT 30CPS MOLLI,1,0.3,0.05,0,no,si,4,0,2.11,no-vend-7g
MPF,926830074,DOMINA OVULI VAGINALI 30OV,1,0.3,0.05,0,no,no,8,0,4.50,MORTO
MPF,970336400,SUNNERSKIN 40ML,1,0.3,0.05,0,no,si,5,0,1.59,no-vend-7g
MPF,980296279,CANDIDAS T 180PAST,1,0.3,0.05,0,no,si,3,0,3.07,no-vend-7g
MPF,978588919,EXTRACT NERVUM 50ML,1,0.3,0.05,0,si,si,6,0,1.23,vende-rete
MPF,988804389,INTRAVIT FORTE 30CPR,1,0.3,0.05,0,si,si,7,0,3.03,vende-rete
MPF,984812382,ALENIL Q 30CPR,1,0.3,0.05,0,no,no,10,0,3.26,MORTO
MPF,941999094,PROLIFE 10 FORTE 12FL 8ML,1,0.3,0.05,0,si,si,12,17,1.17,vende-rete
MPF,985778253,CITICOLINA PURA 125PAST,1,0.3,0.05,0,no,si,6,0,5.17,no-vend-7g
MPF,922948411,KAMILA GAMB BAS EASY 140D NE 4,1,0.3,0.05,0,no,no,1,4,1.80,MORTO
MPF,025319043,NEOOPTALIDON*8CPR RIV,1,0.3,0.05,0,no,si,11,0,0.62,no-vend-7g
MPF,984651380,ARNICA GEL 98% 300ML,1,0.3,0.05,0,no,si,13,0,3.14,no-vend-7g
MPF,922992918,BETOTAL CLASSICO 200ML,1,0.3,0.05,0,si,si,9,21,2.84,vende-rete
MPF,930376379,POLASE ARANCIA 24BUST,1,0.3,0.05,0,no,si,13,0,2.35,no-vend-7g
MPF,982815918,EPITACT QUERV'ACTIV DESTRO S,1,0.3,0.05,0,si,si,11,0,3.17,vende-rete
MPF,982945622,OPTIVE SOLUZIONE OFTALMICA10ML,1,0.3,0.05,0,no,si,3,0,1.71,no-vend-7g
MPF,927300689,INTERPROX4G NANO BLISTER 6U 6L,1,0.3,0.05,0,no,no,1,3,1.10,MORTO
MPF,979321318,DERMOVITAMINA MICO SMALTO NUDE,1,0.3,0.05,0,si,si,1,3,0.99,vende-rete
MPF,947428064,IAP PHARMA 32+ EDP D 150ML,1,0.3,0.05,0,no,no,4,3,2.69,MORTO
MPF,988153161,AQUAVIS AKTOREPAIR GEL 75ML,1,0.3,0.05,0,no,si,9,0,4.15,no-vend-7g
MPF,027668019,LATTULOSIO SAND*SCIR 180ML,1,0.3,0.05,0,si,si,15,17,0.86,vende-rete
MPF,910852692,CLINNIX AKNE CREMA SEBOREG,1,0.3,0.05,0,si,si,99,0,3.02,vende-rete
MPF,971216700,NATUR-GYM 60CPS VEGETALI,1,0.3,0.05,0,no,si,8,0,5.73,no-vend-7g
MPF,971055468,EAU THERMALE LAIT CORPO 500ML,1,0.3,0.05,0,no,si,99,0,3.25,no-vend-7g
MPF,931774119,CLIN 4000 30BUST,1,0.3,0.05,0,si,si,99,0,2.66,vende-rete
MPF,908174105,CALMOR TAPPO ANTIS 12PZ 22038,1,0.3,0.05,0,no,si,99,1,1.82,no-vend-7g
MPF,983531221,PURES SPRAY ACARICID PMC 150ML,1,0.3,0.05,0,no,si,12,0,1.64,no-vend-7g
MPF,970212508,LIPIKAR GEL LAVANT 400ML,1,0.3,0.05,0,si,si,2,54,1.58,vende-rete
MPF,004853038,VALERIANA DISPERT*100CPR 45MG,1,0.3,0.05,0,si,si,2,6,1.96,vende-rete
MPF,988031148,ENTEROLACTIS DUO POLV 20BUST,1,0.3,0.05,0,no,si,3,4,2.10,no-vend-7g
MPF,985917956,POLIDENT POWER MAX SUPER 70G,1,0.3,0.05,0,no,si,1,10,1.18,no-vend-7g
MPF,951306240,PSIPROTO FERT 30BUST,1,0.3,0.05,0,no,si,3,0,9.00,no-vend-7g
MPF,904793609,PHYTOYAM 60CPS,1,0.3,0.05,0,no,no,99,0,2.72,MORTO
MPF,981047196,ISIDE HPV 14OV,1,0.3,0.05,0,no,si,12,0,3.31,no-vend-7g
MPF,950088601,DOLOMIA MU OSE 25 BLUSH01 COR,1,0.3,0.05,0,no,no,1,3,4.47,MORTO
MPF,943330264,MASSIGEN SONNO GUMMY 60CARAM,1,0.3,0.05,0,si,si,7,0,0.70,vende-rete
MPF,974088852,EKEEP K1 POSTURE KEEPER D BI 4,1,0.3,0.05,0,no,no,6,4,17.70,MORTO
MPF,946431564,GLICOPER 30STICK,1,0.3,0.05,0,si,si,99,0,3.10,vende-rete
MPF,987317955,APROPOS MAGNESIO/POTASSIO S/ZU,1,0.3,0.05,0,no,no,15,0,1.83,MORTO
MPF,909317479,APTODIN PLUS RETARD 30CPR,1,0.3,0.05,0,si,si,9,0,4.04,vende-rete
MPF,908960558,SAUGELLA SOLIDO ZOLFO 100G,1,0.3,0.05,0,no,no,6,3,0.69,MORTO
MPF,987386101,ANTHELIOS SPRAY UVMUNE BB 50+,1,0.3,0.05,0,no,si,6,15,1.95,no-vend-7g
MPF,984746103,COGNIZANT 10FL 10ML,1,0.3,0.05,0,si,si,14,0,2.49,vende-rete
MPF,975508742,EUCERIN UREAREP BALS CRP 450ML,1,0.3,0.05,0,no,si,31,18,3.88,no-vend-7g
MPF,905987614,FITOESTRIL 30CPR,1,0.3,0.05,0,no,si,9,0,2.92,no-vend-7g
MPF,920177817,ANSIA INQUIETUDINE APPREN 30CA,1,0.3,0.05,0,no,no,99,0,1.48,MORTO
MPF,984635387,PLAQTIV+ ORAL CARE ADDITIVO,1,0.3,0.05,0,si,si,6,0,1.94,vende-rete
MPF,004853026,VALERIANA DISPERT*60CPR 45MG,1,0.3,0.05,0,si,si,5,8,1.23,vende-rete
MPF,988254898,POLASE POCKET 14STICK,1,0.3,0.05,0,no,si,43,0,-2.53,no-vend-7g
MPF,989322072,ELAGE OLIO DETERGENTE 100ML,1,0.3,0.05,0,no,no,9,0,3.35,MORTO
MPF,987669773,GIBAUD ORTHO WALKER TUT TIBIA2,1,0.3,0.05,0,no,no,10,2,19.77,MORTO
MPF,930184650,RIBES NERO CONCEN TOTALE 50OPR,1,0.3,0.05,0,no,no,13,0,2.33,MORTO
MPF,930617535,MEN RASAYANA 60CPR,1,0.3,0.05,0,no,no,9,0,4.65,MORTO
MPF,932707565,ACCU-CHEK AVIVA 25STR,1,0.3,0.05,0,no,si,13,0,2.02,no-vend-7g
MPF,986873394,ALGASIV PASTA ADESIVA PROMO,1,0.3,0.05,0,no,no,1,43,1.56,MORTO
MPF,984177927,ISOMAR FLACONCINI DECONG20X5ML,1,0.3,0.05,0,si,si,4,5,0.87,vende-rete
MPF,950125777,EDEMASE 20CPR,1,0.3,0.05,0,si,si,10,0,3.28,vende-rete
MPF,983361623,GIBAUD ORTHO RHIZOGIB ORT SX 1,1,0.3,0.05,0,no,no,10,5,8.03,MORTO
MPF,903701720,DERMABLEND FLUIDO 15 30ML,1,0.3,0.05,0,no,no,99,0,3.56,MORTO
MPF,986895795,KELUAL DS CREMA 40ML 23,1,0.3,0.05,0,si,si,14,3,2.67,vende-rete
MPF,976006458,PLUSOL CREMA SOLARE SPF50 50ML,1,0.3,0.05,0,no,no,99,0,4.77,MORTO
MPF,943112639,SIMBIDOL 20BUST,1,0.3,0.05,0,no,si,9,0,2.26,no-vend-7g
MPF,947251738,ENERPLUS RICARICA 15BUST,1,0.3,0.05,0,si,si,10,0,1.85,vende-rete
MPF,982476261,VITAMINA B12 ATTIVATA LIQ100ML,1,0.3,0.05,0,si,si,4,0,3.11,vende-rete
MPF,924167354,VENAMIR CREMA 100ML,1,0.3,0.05,0,si,si,5,0,2.02,vende-rete
MPF,944775713,LONGLIFE ACEROLA C100 FRUT BOS,1,0.3,0.05,0,no,no,2,0,1.50,MORTO
MPF,977021260,AMUCHINA 10% SPRAY CUTE 200ML,1,0.3,0.05,0,no,no,99,0,0.98,MORTO
MPF,938911308,FLORABALANCE ACTIVE 30CPS,1,0.3,0.05,0,no,si,8,0,2.16,no-vend-7g
MPF,944778101,ROUGJ SOLARE SPF15 100ML,1,0.3,0.05,0,no,si,1,5,1.27,no-vend-7g
MPF,987055860,COLLIRIO ALFA IDRATANTE 10F,1,0.3,0.05,0,si,si,7,30,0.89,vende-rete
MPF,987646991,NOTROBEN 500 20STICK PACK OROS,1,0.3,0.05,0,no,si,7,0,3.35,no-vend-7g
MPF,982172619,RILASTIL ELASTICIZZANTE CR E/I,1,0.3,0.05,0,no,si,14,0,3.24,no-vend-7g
MPF,023475080,ACETAMOL*BB 10SUPP 250MG,1,0.3,0.05,0,no,no,2,6,0.57,MORTO
MPF,973662137,FERRO OLIMENTOVIS 200ML,1,0.3,0.05,0,no,si,7,0,2.22,no-vend-7g
MPF,942138886,DICODRAL LIQUIDO 4X200ML,1,0.3,0.05,0,no,si,99,0,1.16,no-vend-7g
MPF,971325271,PEDIAKD PLUS 5ML,1,0.3,0.05,0,no,si,6,0,2.11,no-vend-7g
MPF,972269738,RITMOLAX FLUIDO CONCENTRA200ML,1,0.3,0.05,0,no,no,7,0,1.11,MORTO
MPF,947147827,FOTOULTRA100 SPOT PREVENT COL,1,0.3,0.05,0,si,si,99,0,3.82,vende-rete
MPF,947256804,FUSION WATER COLOR LIGHT 50ML,1,0.3,0.05,0,no,no,8,0,3.54,MORTO
MPF,800162582,LYMDIARAL 20ML GTT PASCOE,1,0.3,0.05,0,no,si,99,0,1.90,no-vend-7g
MPF,970336398,PEPTIVET OTO GEL 25ML,1,0.3,0.05,0,no,si,12,0,2.27,no-vend-7g
MPF,905127864,VITGASE DETERGENTE 200ML,1,0.3,0.05,0,no,si,12,0,2.10,no-vend-7g
MPF,983790217,ACTIV SKIN K SUN SPF50+ 30ML,1,0.3,0.05,0,no,si,4,0,3.01,no-vend-7g
MPF,972288171,VITASTICK PASTA 15G,1,0.3,0.05,0,no,no,5,0,2.07,MORTO
MPF,943912891,JALOREST 30CPR,1,0.3,0.05,0,si,si,14,0,3.17,vende-rete
MPF,980499077,BIOREPAIR PLUS COLLUT PROT GEN,1,0.3,0.05,0,no,no,10,0,1.01,MORTO
MPF,984322293,RESTOMYL DENTIFRICIO 50ML,1,0.3,0.05,0,no,si,10,0,1.64,no-vend-7g
MPF,973865696,FLEX UC II 30CPS 500MG,1,0.3,0.05,0,no,si,7,0,3.73,no-vend-7g
MPF,973500301,PURES SPRAY TONICO CIRC 100ML,1,0.3,0.05,0,no,si,4,0,1.94,no-vend-7g
MPF,980252872,CENTROVISION COMFORT 84BUST,1,0.3,0.05,0,si,si,10,0,7.42,vende-rete
MPF,971484340,LACTOFER FERMENTI 12BUST,1,0.3,0.05,0,no,no,8,0,0.94,MORTO
MPF,933953578,CORTIPET 50ML,1,0.3,0.05,0,no,si,5,0,1.97,no-vend-7g
MPF,978867923,BABYWASH CALENDULA 200ML,1,0.3,0.05,0,si,si,5,0,1.08,vende-rete
MPF,980287041,DEFENCE HAIR SHAMPOO NUTR200ML,1,0.3,0.05,0,no,si,99,0,0.91,no-vend-7g
MPF,945008252,MAYASPRINT 10FL,1,0.3,0.05,0,si,si,6,0,1.85,vende-rete
MPF,940083470,BROMELINA PLUS 500 60CPS,1,0.3,0.05,0,no,si,12,0,2.36,no-vend-7g
MPF,984557557,ESI GO UP GINSENG 10FL,1,0.3,0.05,0,si,si,11,0,2.03,vende-rete
MPF,984575769,OMEGA NOBILE 60SOFTGEL,1,0.3,0.05,0,si,si,12,0,4.77,vende-rete
MPF,944181989,VITACALM PROPOSITIV 30CPR,1,0.3,0.05,0,no,si,4,0,1.99,no-vend-7g
MPF,975054608,EUCERIN ANTI-PIGMENT GG SPF30,1,0.3,0.05,0,no,si,21,0,4.49,no-vend-7g
MPF,930048107,STERI-STRIP CER 3X75MM 10PZ,1,0.3,0.05,0,no,no,8,0,1.10,MORTO
MPF,931543639,LEGART MAXI 60CPR,1,0.3,0.05,0,no,si,99,0,6.35,no-vend-7g
MPF,971309935,INTRAFLOOR 30CPS,1,0.3,0.05,0,no,no,99,0,3.06,MORTO
MPF,988195689,EOS BIOVERDE INTIMO C 300ML,1,0.3,0.05,0,no,si,8,0,1.13,no-vend-7g
MPF,982446369,UPWIN 20BUST,1,0.3,0.05,0,no,si,9,0,3.05,no-vend-7g
MPF,939393171,PODIDRAL FAS CR RAGADI PIED100,1,0.3,0.05,0,no,si,9,0,2.51,no-vend-7g
MPF,933080196,RESVIS FLUID XR BIOFUTURA 12BU,1,0.3,0.05,0,no,si,6,10,2.00,no-vend-7g
MPF,980860187,ENTOGOL 20BUST,1,0.3,0.05,0,si,si,15,0,1.49,vende-rete
MPF,926826266,"FORHANS CLEXIDIN 0,20 S/ALCOOL",1,0.3,0.05,0,no,si,10,0,1.04,no-vend-7g
MPF,043880044,IMODIUM*8CPS 2MG,1,0.3,0.05,0,si,si,1,23,1.24,vende-rete
MPF,984499994,STEROL STOP ADVANCE 30CPR,1,0.3,0.05,0,no,si,9,0,1.66,no-vend-7g
MPF,978837425,CS ACQUA SOLARE ABBRONZ SPF50,1,0.3,0.05,0,no,si,99,6,2.53,no-vend-7g
MPF,909469138,"ENGYSTOL N 10Fl.1,1ml",1,0.3,0.05,0,no,si,11,0,4.52,no-vend-7g
MPF,934446271,RITMONUTRA 30CPS SOFTGEL,1,0.3,0.05,0,no,si,8,0,2.03,no-vend-7g
MPF,933933285,LIPVIS NATURE 40CPS,1,0.3,0.05,0,no,no,8,0,2.20,MORTO
MPF,901568497,NOVA T 380*DISP INTRAUTER 1P,1,0.3,0.05,0,si,si,1,0,9.30,vende-rete
MPF,903987459,VEA DETERGENTE PROT/LENIT 250M,1,0.3,0.05,0,no,si,99,0,2.28,no-vend-7g
MPF,941790584,CALCIO+MAGNESIO B6+VITD3 60CPS,1,0.3,0.05,0,no,si,8,0,2.05,no-vend-7g
MPF,978476099,KIJIMEA COLON IRRITAB PRO14CPS,1,0.3,0.05,0,no,si,12,0,2.95,no-vend-7g
MPF,945030171,JOHYA OS 15FL,1,0.3,0.05,0,si,si,12,0,3.88,vende-rete
MPF,016222073,CENTELLASE*30CPR 30MG,1,0.3,0.05,0,si,si,9,22,1.76,vende-rete
MPF,034283869,NIQUITIN*7CER TRANSD 21MG/24H,1,0.3,0.05,0,no,no,10,0,5.05,MORTO
MPF,909773234,HOMEOBRITE DENTIF CLOROFILLA,1,0.3,0.05,0,no,no,99,0,1.11,MORTO
MPF,985999578,EUMILL ALLERGY GTT OCUL 10FL,1,0.3,0.05,0,no,si,6,8,1.00,no-vend-7g
MPF,904718398,REHA 24 AREG MLU,1,0.3,0.05,0,no,no,99,0,6.11,MORTO
MPF,975454430,RASPA PLATINUM,1,0.3,0.05,0,si,si,99,0,1.65,vende-rete
MPF,987331764,ESI SAPONE MARSIGLIA ORIG500ML,1,0.3,0.05,0,no,si,10,0,0.90,no-vend-7g
MPF,047667011,GUNA SEROTONIN*D11 OS GTT 30ML,1,0.3,0.05,0,si,si,20,0,2.13,vende-rete
MPF,983364415,MAGNESIO E POTASSIO POLV 360G,1,0.3,0.05,0,no,si,99,0,2.64,no-vend-7g
MPF,908922370,SEDILE VASCA BAGNO,1,0.3,0.05,0,no,no,99,0,12.49,MORTO
MPF,984781272,OTOSCUDO PELLICOLA AURICOLARE,1,0.3,0.05,0,no,si,3,0,0.00,no-vend-7g
MPF,970419646,SALVIA ESTRATTO INTEGRALE200ML,1,0.3,0.05,0,no,si,8,0,3.00,no-vend-7g
MPF,938699182,OTOBOR SPR AURIC 50ML,1,0.3,0.05,0,no,si,12,0,1.59,no-vend-7g
MPF,931114298,VEA MINILIPOGEL IDR PROT 10ML,1,0.3,0.05,0,si,si,6,0,1.39,vende-rete
MPF,970176513,BIATAIN SIL LITE ADES 5X5CM,1,0.3,0.05,0,no,no,99,0,2.10,MORTO
MPF,905163679,OZIDERM POLVERE 75G,1,0.3,0.05,0,si,si,12,0,2.79,vende-rete
MPF,903997524,NIKE RCK ASCORB K+RIB 100BUST,1,0.3,0.05,0,si,si,99,0,2.91,vende-rete
MPF,979796719,CARDIO FLUID 180PAST,1,0.3,0.05,0,no,no,11,0,3.06,MORTO
MPF,920368723,ONETOUCH VERIO GLICEMIA 25STR,1,0.3,0.05,0,si,si,13,0,1.47,vende-rete
MPF,980784387,GENEDOL 30CPR,1,0.3,0.05,0,si,si,99,0,2.41,vende-rete
MPF,903963635,CROMOVIT CREMA PHARCOS 40ML,1,0.3,0.05,0,no,si,6,0,3.92,no-vend-7g
MPF,986080063,EUCERIN SUN SPRAY TOCCO SECC50,1,0.3,0.05,0,no,si,21,0,3.22,no-vend-7g
MPF,980437115,CONCEIVE PLUS SUP FERT F 60CPS,1,0.3,0.05,0,no,si,3,0,2.54,no-vend-7g
MPF,931370567,PROPOSTA MONO 30CPS,1,0.3,0.05,0,si,si,13,0,3.29,vende-rete
MPF,945251573,PRINCIPIUM TENSIOLEN 30CPR,1,0.3,0.05,0,no,si,9,0,2.24,no-vend-7g
MPF,930530732,DERMAFRESH IPERSUD ROLL ON DEO,1,0.3,0.05,0,si,si,22,0,1.35,vende-rete
MPF,982948693,BONEFORT 120CPS,1,0.3,0.05,0,si,si,1,0,6.83,vende-rete
MPF,945030714,VITICIST MIRTILLO 20CPR RIV,1,0.3,0.05,0,no,si,2,0,1.03,no-vend-7g
MPF,979375704,FORMULA VENUM 60CPR,1,0.3,0.05,0,no,si,6,0,2.62,no-vend-7g
MPF,972691733,ALLUXCARE SEPARATORE DIVAR S,1,0.3,0.05,0,no,no,6,0,0.68,MORTO
MPF,904744873,LFP GEL ACIDO IALUR 40% 50ML,1,0.3,0.05,0,no,no,5,8,5.91,MORTO
MPF,981045507,ISTANGIAL DREN 30CPR FILMATE,1,0.3,0.05,0,si,si,11,0,4.26,vende-rete
MPF,988248441,PAPILOCARE GEL VAGINALE 7X5ML,1,0.3,0.05,0,no,si,9,0,3.02,no-vend-7g
MPF,973378159,M-AID RESOLVE CICATR CER 25X4,1,0.3,0.05,0,no,si,7,0,3.95,no-vend-7g
MPF,924800853,EUCERIN ATOPIC CRP EMULS 400ML,1,0.3,0.05,0,no,no,21,11,3.13,MORTO
MPF,981448386,FOR FARMA GEL IDRATANTE INTIMO,1,0.3,0.05,0,no,si,6,0,2.59,no-vend-7g
MPF,944779343,PROMENSIL MENOPAUSA 90CPR,1,0.3,0.05,0,no,si,4,0,6.17,no-vend-7g
MPF,981466485,CEROTTO ANTIMICOSI UREA 24PZ,1,0.3,0.05,0,no,si,5,0,1.37,no-vend-7g
MPF,951064563,CERAVE PATCHES CONTROLLO IMPER,1,0.3,0.05,0,si,si,10,6,1.41,vende-rete
MPF,980454627,ALOVEX FERITE SPRAY 125ML,1,0.3,0.05,0,no,si,1,7,1.28,no-vend-7g
MPF,038354027,FLECTOR UNIDIE*8CER MED 14MG,1,0.3,0.05,0,no,si,7,9,2.42,no-vend-7g
MPF,931015046,BOLO VIA 20BOCCONCINI,1,0.3,0.05,0,no,si,13,0,1.66,no-vend-7g
MPF,913903555,SEBIUM PORE REFINER 30ML,1,0.3,0.05,0,no,si,4,0,2.13,no-vend-7g
MPF,980860148,LINEAGIN GEL 6APPLX5ML,1,0.3,0.05,0,si,si,18,0,1.75,vende-rete
MPF,907123350,SANODET DETERGENTE DERMAT,1,0.3,0.05,0,no,no,8,0,3.05,MORTO
MPF,951381476,CERAVE PROTEZIONE SOL50+ 177ML,1,0.3,0.05,0,si,si,9,107,2.05,vende-rete
MPF,023177090,NAPROSYN*OS 30BUST 250MG,1,0.3,0.05,0,no,no,3,0,1.46,MORTO
MPF,937106781,DESMODIO 15AMPOLLE,1,0.3,0.05,0,no,no,99,0,1.98,MORTO
MPF,926876766,FLEBOMIX CREMA GEL 100ML,1,0.3,0.05,0,no,si,8,0,1.97,no-vend-7g
MPF,986967533,XAMAMINA REFLUSSO 0-12 200ML,1,0.3,0.05,0,si,si,9,0,1.75,vende-rete
MPF,951268768,QUIXX DELICATE SOL IRRIG NAS,1,0.3,0.05,0,si,si,5,3,1.53,vende-rete
MPF,923757278,KEPRAXIN TIAB POLV SPRAY 125ML,1,0.3,0.05,0,si,si,6,0,2.34,vende-rete
MPF,900759705,TRICONICON PHARCOS 30CPR,1,0.3,0.05,0,si,si,11,0,2.54,vende-rete
MPF,906355425,UVA URSINA ESTRATTO T 30ML,1,0.3,0.05,0,no,no,99,0,1.29,MORTO
MPF,939062725,TAE X INVERSE VITILIGO SUNCARE,1,0.3,0.05,0,no,si,99,0,3.72,no-vend-7g
MPF,923502177,DEODORANTE ANTI TRACCE ROLL-ON,1,0.3,0.05,0,si,si,7,12,1.33,vende-rete
MPF,989391406,EUCERIN SUN KIDS DRY TOUCH 50+,1,0.3,0.05,0,no,si,22,0,3.20,no-vend-7g
MPF,971682923,PARAOSSIMIX 60CPS 510MG,1,0.3,0.05,0,no,no,9,0,4.25,MORTO
MPF,927585733,CLORETRIX DET INTIMO 500ML,1,0.3,0.05,0,no,si,6,0,2.34,no-vend-7g
MPF,976209813,CURAPROX CS 3960 SUP SOFT 1UN,1,0.3,0.05,0,no,no,11,0,0.92,MORTO
MPF,024428272,MUCOSOLVAN*SCIR 200ML 15MG/5ML,1,0.3,0.05,0,no,si,1,68,2.35,no-vend-7g
MPF,927591192,ELMEX FILO INTERDENTALE CERATO,1,0.3,0.05,0,no,si,99,0,0.98,no-vend-7g
MPF,023907140,BETADINE*10GARZE IMPREGN 10x10,1,0.3,0.05,0,si,si,6,11,1.51,vende-rete
MPF,989401106,FILD MORE EMULGEL EXTRA STIMOL,1,0.3,0.05,0,no,no,8,0,3.07,MORTO
MPF,921394235,NATURAFLORA PLUS 60CPS VEG,1,0.3,0.05,0,si,si,9,0,2.69,vende-rete
MPF,930923634,ACTITUSS SCIROPPO 140ML,1,0.3,0.05,0,no,no,99,0,1.90,MORTO
MPF,935197715,NAUSIL FORTE 30ML,1,0.3,0.05,0,no,si,1,7,3.61,no-vend-7g
MPF,924765314,VERRUPOR BRUCIAPORRI 12ML NF,1,0.3,0.05,0,no,no,4,0,0.85,MORTO
MPF,952003681,DOLOMIA SC PD+ SIERO ILL 30ML,1,0.3,0.05,0,no,no,1,3,12.02,MORTO
MPF,980370326,DERMOVITAMINA CICATRICI GEL,1,0.3,0.05,0,no,no,99,0,2.60,MORTO
MPF,935848489,BIOKAP NUTRICDEL SPRAY RIT CS,1,0.3,0.05,0,no,si,5,0,1.72,no-vend-7g
MPF,984785105,NICO H MASCHERA CAPELLI 200ML,1,0.3,0.05,0,no,no,5,0,2.41,MORTO
MPF,900240235,MELANIDIN PLUS EUPIGMENT 50ML,1,0.3,0.05,0,si,si,12,0,3.93,vende-rete
MPF,980183901,NEURASSIAL 20CPR,1,0.3,0.05,0,si,si,99,0,3.37,vende-rete
MPF,902299155,DUALSAN GAMB TERAP K1 PA BEI 3,1,0.3,0.05,0,no,no,6,3,12.48,MORTO
MPF,985485984,ZEAFORCE 30CPS,1,0.3,0.05,0,si,si,5,0,3.90,vende-rete
MPF,982454795,JUST FOR MEN CONTROL GX SH COL,1,0.3,0.05,0,no,si,8,0,1.60,no-vend-7g
MPF,005556016,ORTODERMINA*CREMA 50G 5%,1,0.3,0.05,0,si,si,7,0,1.59,vende-rete
MPF,931645485,VERSIACTIVE SPRAY100ML BRADERM,1,0.3,0.05,0,no,si,6,0,2.64,no-vend-7g
MPF,901558876,ARGILTUBO 250ML,1,0.3,0.05,0,si,si,9,0,1.13,vende-rete
MPF,981920919,SOLLIEVO FISIOLAX 27CPR,1,0.3,0.05,0,si,si,9,0,1.33,vende-rete
MPF,950265292,VITALMIX PRONTA ENERGIA 20BUST,1,0.3,0.05,0,no,si,13,0,1.29,no-vend-7g
MPF,984462150,HIPP BIO CREMA CRL FARRO 200G,1,0.3,0.05,0,no,no,99,0,0.86,MORTO
MPF,977790702,APROTEN PANE BIANCO FETTE 2PZ,1,0.3,0.05,0,no,si,5,0,1.59,no-vend-7g
MPF,046058018,EVANTE*1CPR RIV 30MG,1,0.3,0.05,0,no,no,9,0,3.81,MORTO
MPF,987067042,SANAVITA MACROCOL PLUS 20BUST,1,0.3,0.05,0,si,si,7,0,1.07,vende-rete
MPF,981377221,BALSAMO CAPEZZOLI 25G,1,0.3,0.05,0,no,no,99,0,1.56,MORTO
MPF,971047826,HAIRGEN SPRAY ANTICADUTA 125ML,1,0.3,0.05,0,no,no,7,0,4.41,MORTO
MPF,950216414,MECLON INTIMA QUOTIDIANO DET,1,0.3,0.05,0,no,si,4,13,1.37,no-vend-7g
MPF,981043351,ENERVIT C2 1 ISOCARB 650G,1,0.3,0.05,0,no,si,6,0,1.84,no-vend-7g
MPF,981114097,BIOSCALIN NUTRICOL PL 7 BIONDO,1,0.3,0.05,0,no,si,9,4,1.77,no-vend-7g
MPF,976396150,SWISSE UOMO 65+ MULTIVIT 30CPR,1,0.3,0.05,0,si,si,16,0,2.55,vende-rete
MPF,935877086,DANASE KAL 20CPR,1,0.3,0.05,0,no,si,9,0,1.84,no-vend-7g
MPF,921723843,ALTOP 20CPR,1,0.3,0.05,0,no,si,11,0,2.53,no-vend-7g
MPF,907152779,GLOBALFE 30CPS MOLLI,1,0.3,0.05,0,si,si,9,0,2.04,vende-rete
MPF,975054723,EUCERIN UREAREP CR MANI5% 75ML,1,0.3,0.05,0,no,si,4,34,1.47,no-vend-7g
MPF,971123841,OLEOLITO DI IPERICO 100ML,1,0.3,0.05,0,si,si,10,0,1.81,vende-rete
MPF,951091901,EUCERIN DC FLUIDO OPACIZZ 40ML,1,0.3,0.05,0,no,no,9,9,2.20,MORTO
MPF,926978204,BRAUN HYGIENE CAPS THERMOSCAN,1,0.3,0.05,0,no,si,9,0,1.10,no-vend-7g
MPF,930244797,PESSARIO LATEX FREE DIAM 75MM,1,0.3,0.05,0,no,si,2,0,1.97,no-vend-7g
MPF,944443555,CLOSEBAX SD SHAMPOO 250ML,1,0.3,0.05,0,si,si,8,0,1.87,vende-rete
MPF,932713605,ACIDO IALURONICO CONT OCCHI,1,0.3,0.05,0,no,no,9,0,4.29,MORTO
MPF,023603196,PEVARYL*SOL CUT 30ML 1% SPRAY,1,0.3,0.05,0,no,si,1,6,2.30,no-vend-7g
MPF,023703010,MECLON*10 OVULI VAG 100+500MG,1,0.3,0.05,0,si,si,19,9,1.61,vende-rete
MPF,923745970,KAMILA AUTOR UP EASY 70D PLA 3,1,0.3,0.05,0,no,no,1,5,2.05,MORTO
MPF,985820808,BIOREPAIR TRATTAMENTO INTENS,1,0.3,0.05,0,si,si,12,0,1.41,vende-rete
MPF,924760984,SAGINIL OVULI VAGINALI 10PZ,1,0.3,0.05,0,no,si,3,0,1.81,no-vend-7g
MPF,975941737,FERTISTILL 20BUST,1,0.3,0.05,0,no,si,9,0,4.05,no-vend-7g
MPF,911178059,SERENOA 100ML TM,1,0.3,0.05,0,no,no,3,0,2.64,MORTO
MPF,903980530,AVENE ACQUA TERMALE SPR 150ML,1,0.3,0.05,0,no,si,16,0,1.00,no-vend-7g
MPF,941972236,INOFOLIC HP 20BUST,1,0.3,0.05,0,si,si,11,0,2.62,vende-rete
MPF,987750712,LFP SOL SPRAY FRESCO 50+ 150ML,1,0.3,0.05,0,no,no,1,21,0.65,MORTO
MPF,924297930,IPPOCASTANO LIQ ANAL GEMMO 10+,1,0.3,0.05,0,no,si,6,0,2.37,no-vend-7g
MPF,982463655,AGEX FLUID PHARCOS 15F 25ML,1,0.3,0.05,0,si,si,99,0,5.34,vende-rete
MPF,925599286,LENDINOUT ACT AZIONE PREVENTIV,1,0.3,0.05,0,no,no,10,0,1.23,MORTO
MPF,985513100,PALPEBRAL BAUME 30ML,1,0.3,0.05,0,no,si,99,0,3.41,no-vend-7g
MPF,931156018,KUTECUR SPRAY 125ML,1,0.3,0.05,0,no,si,3,0,1.18,no-vend-7g
MPF,949976866,PRONTEX SOFT PAD MEDIC 10X8,1,0.3,0.05,0,no,no,3,0,0.88,MORTO
MPF,984966022,NOVA ENTERO 2 MILIARDI 10FL,1,0.3,0.05,0,no,no,3,16,0.75,MORTO
MPF,989362633,CONDROSTRESS MOBILITY 90CHEWS,1,0.3,0.05,0,si,si,9,0,7.32,vende-rete
MPF,906791660,SERANS DISTENSIVO 20CPR,1,0.3,0.05,0,no,si,99,0,1.93,no-vend-7g
MPF,909475321,CIDERMA UNGUENTO 30G,1,0.3,0.05,0,no,si,15,0,1.52,no-vend-7g
MPF,981495878,BIOSCALIN NOVA GENINA 60CPR,1,0.3,0.05,0,no,si,9,0,4.95,no-vend-7g
MPF,938931767,MEDUSAN PHARMA CREMA LENIT50ML,1,0.3,0.05,0,no,si,99,0,0.00,no-vend-7g
MPF,025829223,MOMENDOL*12CPS MOLLI 220MG,1,0.3,0.05,0,si,si,6,49,1.33,vende-rete
MPF,020708069,MYLICON*BB OS GTT 30ML,1,0.3,0.05,0,no,si,7,18,2.53,no-vend-7g
MPF,905516720,AVEC EMULSIONE FLUIDA LEN200ML,1,0.3,0.05,0,si,si,12,0,3.55,vende-rete
MPF,987405139,REUFLOR ELLE 15STICK,1,0.3,0.05,0,si,si,10,0,3.17,vende-rete
MPF,988049829,ALTRAPELLE NUTRISKO DET 500ML,1,0.3,0.05,0,no,no,10,0,1.48,MORTO
MPF,935973521,THD CREAM EMORROIDI 30ML,1,0.3,0.05,0,si,si,7,0,2.18,vende-rete
MPF,970701381,BRAVA SALVIETTE DET 15PZ,1,0.3,0.05,0,no,si,5,0,1.01,no-vend-7g
MPF,978305555,OVERLUZ 60PRL,1,0.3,0.05,0,si,si,5,0,4.22,vende-rete
MPF,970929675,MIGLIOCRES SHAMPOO RIEQ BIPACK,1,0.3,0.05,0,no,si,8,11,1.55,no-vend-7g
MPF,987670015,NORMADERM NO PEEL CLEANSE125ML,1,0.3,0.05,0,no,no,7,6,1.87,MORTO
MPF,983332976,PRODEFEN D PLUS 10BUST,1,0.3,0.05,0,si,si,4,0,1.56,vende-rete
MPF,931645636,HELIOCARE ULTRA-D 30CPS,1,0.3,0.05,0,no,si,14,0,3.69,no-vend-7g
MPF,029134018,PRIVITUSS*OS SOSP FL 200ML,1,0.3,0.05,0,no,no,3,15,1.92,MORTO
MPF,976014668,SYNOQUIN EFA M BREED 30CPR,1,0.3,0.05,0,no,no,9,0,3.79,MORTO
MPF,935236760,LONGLIFE CORDYCEPS BIO 60CPS,1,0.3,0.05,0,no,no,7,0,3.88,MORTO
MPF,981346556,OMNI BIOTIC STRESS VIT B14BUST,1,0.3,0.05,0,no,no,10,0,2.26,MORTO
MPF,975003714,EUCERIN PH5 DET FLUIDO 400ML,1,0.3,0.05,0,si,si,5,3,1.45,vende-rete
MPF,902877036,SOLETTA MORBIDA SIL5406 L OPPO,1,0.3,0.05,0,no,no,4,0,5.96,MORTO
MPF,944959218,MULTI 45 100CPR,1,0.3,0.05,0,si,si,8,0,2.69,vende-rete
MPF,975991175,GELDIS Gel 100ml Pulitore Bite,1,0.3,0.05,0,si,si,7,0,1.72,vende-rete
MPF,987437225,POLASE LIMONE 24BUST PROMO,1,0.3,0.05,0,si,si,15,22,1.75,vende-rete
MPF,936008349,GELX SPRAY ORAL 100ML,1,0.3,0.05,0,no,no,11,0,2.55,MORTO
MPF,986904516,GIBAUD FASCIA POSTOP CLA H30 3,1,0.3,0.05,0,no,no,7,0,6.03,MORTO
MPF,940481866,PUNTUALE 6MICROCLISMI 10G,1,0.3,0.05,0,no,si,99,0,0.58,no-vend-7g
MPF,934711351,SACCA URINA GAMBA 750ML SCAR,1,0.3,0.05,0,no,no,3,0,0.86,MORTO
MPF,924847231,AMINOGAM SPRAY 15ML,1,0.3,0.05,0,no,si,5,0,2.05,no-vend-7g
MPF,981114085,"BIOSCALIN NUTRICOL PL 6,43 BIO",1,0.3,0.05,0,no,no,6,11,1.52,MORTO
MPF,923211674,B-APPORT PLUS FLUIDO 200ML,1,0.3,0.05,0,no,no,99,0,1.39,MORTO
MPF,936065604,NUTRIREGULAR FLORA 10FL 8ML,1,0.3,0.05,0,no,no,5,0,1.26,MORTO
MPF,939493488,ALIATOP CREMA 100ML,1,0.3,0.05,0,no,no,99,0,2.56,MORTO
MPF,036397014,REPARIL*GEL 40G 1%+5%,1,0.3,0.05,0,no,si,7,20,1.06,no-vend-7g
MPF,025669348,MOMENT*OS SOSP 8BUST 200MG,1,0.3,0.05,0,si,si,1,0,0.74,vende-rete
MPF,924587266,PSYLLIUM FIBRA GEL 20BUST,1,0.3,0.05,0,no,si,99,0,1.23,no-vend-7g
MPF,048813012,FEXALLEGRA*10CPR RIV 120MG,1,0.3,0.05,0,no,no,4,15,6.50,MORTO
MPF,951318726,LFP GEL DET PURIF BIOMA 200ML,1,0.3,0.05,0,no,si,6,16,3.93,no-vend-7g
MPF,983441849,AVENE HOMME GEL BARBA 150ML,1,0.3,0.05,0,no,no,14,0,1.70,MORTO
MPF,905954982,RESTIVOIL SEBO NORM 250ML,1,0.3,0.05,0,si,si,16,0,1.39,vende-rete
MPF,989815752,ESI MULTICOMPLEX VIT OFF24BUST,1,0.3,0.05,0,no,no,4,17,1.54,MORTO
MPF,984622593,LFP CREMA DOPOPUNTURA 15ML,1,0.3,0.05,0,no,no,4,8,2.95,MORTO
MPF,989666526,DUALSAN SLIP U CONTENIT GRI 2,1,0.3,0.05,0,no,no,4,2,12.49,MORTO
MPF,926213176,MY NAILS KERATIN REPAIR FORTE,1,0.3,0.05,0,si,si,8,0,1.29,vende-rete
MPF,978305516,VITIS JUNIOR GEL 75ML INTL,1,0.3,0.05,0,no,no,3,7,0.95,MORTO
MPF,900095631,BALSAMO TAILANDESE 50ML,1,0.3,0.05,0,no,no,99,0,1.75,MORTO
MPF,977962226,GIBAUD ORTHO MALLEOCROSS CAV 1,1,0.3,0.05,0,no,no,1,1,17.55,MORTO
MPF,987881846,DOLOMIA OSX 24 08 SMALTO,1,0.3,0.05,0,no,no,1,12,1.79,MORTO
MPF,902068586,GIBAUD ORTHO COLL CERV MORB B1,1,0.3,0.05,0,no,no,8,4,4.05,MORTO
MPF,926252139,MANOPOLA IMPERM NON SAP 100PZ,1,0.3,0.05,0,no,no,99,0,1.45,MORTO
MPF,986860601,TENA SILHOUETTE P WHITE L 10PZ,1,0.3,0.05,0,no,no,99,0,2.01,MORTO
MPF,978253464,EPATO24 60CPR,1,0.3,0.05,0,no,no,7,0,3.33,MORTO
MPF,970449334,TENA WASH MOUSSE 400ML,1,0.3,0.05,0,no,no,8,0,1.31,MORTO
MPF,978598389,MEDI 14 COLL-XL NAT 4 7005XL,1,0.3,0.05,0,no,no,1,3,3.04,MORTO
MPF,922327109,VASOX CREMA 200ML,1,0.3,0.05,0,si,si,8,0,2.72,vende-rete
MPF,941617538,ACCU-FINE AGO G31 8MM 100PZ,1,0.3,0.05,0,no,no,99,0,1.54,MORTO
MPF,903152229,SANAGOL TUSSIS ARANCIA 24CAR,1,0.3,0.05,0,no,si,12,0,0.96,no-vend-7g
MPF,950026308,KLORANE CHININA SH400ML+100ML,1,0.3,0.05,0,no,no,1,12,3.43,MORTO
MPF,975453869,BIOREPAIR COLLUTORIO PROT GENG,1,0.3,0.05,0,si,si,14,0,0.86,vende-rete
MPF,981114073,BIOSCALIN NUTRICOL PL 6 BIO SC,1,0.3,0.05,0,no,si,8,7,1.33,no-vend-7g
MPF,989408442,LFP SOLUZIONE MICELLARE 200ML,1,0.3,0.05,0,no,no,2,7,1.80,MORTO
MPF,924127095,APROPOS RINO DEFENS SPR NASALE,1,0.3,0.05,0,no,si,1,5,1.32,no-vend-7g
MPF,038370019,BREXIDOL UNIDIE*4CER MED 14MG,1,0.3,0.05,0,no,no,10,4,1.66,MORTO
MPF,986486088,UROIAL PLUS 14BUST,1,0.3,0.05,0,si,si,16,0,3.55,vende-rete
MPF,926080298,D MANNOSIO MAXI 90CPS,1,0.3,0.05,0,no,no,99,0,3.82,MORTO
MPF,973500729,SOMAT SKIN EX SNEL 7NTT G400ML,1,0.3,0.05,0,si,si,18,0,5.89,vende-rete
MPF,908621319,GIBAUD GINOCCH COT SOT BEI 3,1,0.3,0.05,0,no,no,1,2,3.63,MORTO
MPF,979946478,CONTROL SENSUAL INTENSE DOTS6P,1,0.3,0.05,0,no,no,99,19,0.72,MORTO
MPF,986629297,CURAPROX PULISCI LINGUA CTC203,1,0.3,0.05,0,no,si,7,0,1.07,no-vend-7g
MPF,975965676,RETIBEN 20STICK 10ML,1,0.3,0.05,0,si,si,5,0,2.57,vende-rete
MPF,908390812,ARGILLA VE SUPERVENTILATA 500G,1,0.3,0.05,0,no,no,99,0,1.05,MORTO
MPF,987853494,SPACE UP NASTRO TRASPARENTE,1,0.3,0.05,0,no,no,2,4,3.28,MORTO
MPF,950086076,EUCERIN SUN ACTINIC CONTROL NF,1,0.3,0.05,0,si,si,12,0,3.27,vende-rete
MPF,909462311,RECKEWEG R18 GOCCE 22ML,1,0.3,0.05,0,no,no,7,0,1.81,MORTO
MPF,931646350,STONUR 20BUST,1,0.3,0.05,0,no,no,99,0,2.66,MORTO
MPF,029032036,CODEX*10BUST 5MLD 250MG,1,0.3,0.05,0,no,si,6,8,1.41,no-vend-7g
MPF,935836825,ACNIBEN REPAIR DET 180ML 2018,1,0.3,0.05,0,no,no,11,0,2.69,MORTO
MPF,926647241,BOROX 50ML,1,0.3,0.05,0,no,si,8,0,1.42,no-vend-7g
MPF,900498460,CHITOSOL LATTE SOL SPF50 125ML,1,0.3,0.05,0,no,si,5,0,3.48,no-vend-7g
MPF,909916987,SALVAGESSO GAMBA 6PZ BUST,1,0.3,0.05,0,no,no,7,3,1.93,MORTO
MPF,970154643,MODASANA 140 AD PU/A NATURE 3,1,0.3,0.05,0,no,no,6,0,2.31,MORTO
MPF,904090293,GENITAL DETERGENTE 200ML,1,0.3,0.05,0,no,no,9,0,2.36,MORTO
MPF,902068701,EUBOS CREMA NORMALIZZANTE 50ML,1,0.3,0.05,0,si,si,15,0,4.49,vende-rete
MPF,903966113,CHERAMED EMOL UN/PIEDE 15ML,1,0.3,0.05,0,no,no,3,0,1.64,MORTO
MPF,927042426,PURES SPRAY PURIFICANTE 75ML,1,0.3,0.05,0,no,no,9,0,1.28,MORTO
MPF,972525226,GIBAUD ORTHO INTELLISLING 30 2,1,0.3,0.05,0,no,no,2,0,11.01,MORTO
MPF,902652763,TRIOCARBONE PLUS 40CPR,1,0.3,0.05,0,no,no,14,0,1.20,MORTO
MPF,981495652,EOS D3 K2 ADVANCE 60CPR MASTIC,1,0.3,0.05,0,no,si,9,0,1.80,no-vend-7g
MPF,980445858,SENSIBIO GEL MOUSSANT 100ML,1,0.3,0.05,0,no,si,2,0,0.00,no-vend-7g
MPF,002955060,XAMAMINA MAL DI VIAG*6CPS 50MG,1,0.3,0.05,0,si,si,12,28,1.28,vende-rete
MPF,986173250,SENSODYNE SENS&GUM ACT/PROT,1,0.3,0.05,0,no,si,6,0,0.78,no-vend-7g
MPF,984826545,KEYLIFE KCONCHIGLIONI 50G,1,0.3,0.05,0,no,no,2,2,0.48,MORTO
MPF,042311011,MINOXIDIL BIORGA*SOL CUT60ML5%,1,0.3,0.05,0,no,si,19,0,4.85,no-vend-7g
MPF,032056020,"EUCLORINA*POLV SOL 10BUST 2,5G",1,0.3,0.05,0,no,si,8,10,1.50,no-vend-7g
MPF,986480364,VASOTONIK EMULGEL 150ML,1,0.3,0.05,0,no,no,7,0,1.99,MORTO
MPF,944633611,LONGLIFE OLIO ORIGANO BIO60PRL,1,0.3,0.05,0,no,si,5,0,1.94,no-vend-7g
MPF,909728711,MAN SUPPORT 18 GAMB 18 ANTR 2,1,0.3,0.05,0,no,no,8,0,2.25,MORTO
MPF,947477408,MYCLI CROMACLAR SIERO 30ML,1,0.3,0.05,0,no,si,3,3,13.16,no-vend-7g
MPF,940742911,DERMOVITAMINA RAGADI NA/LA VAS,1,0.3,0.05,0,no,no,14,0,1.05,MORTO
MPF,927171088,VITAFLOREX GOCCE 5ML,1,0.3,0.05,0,no,no,99,0,1.82,MORTO
MPF,931961484,ANAURETTE SPRAY 30ML,1,0.3,0.05,0,no,no,99,0,1.47,MORTO
MPF,977466642,BERGAMON ALFA COSMETIC 500ML,1,0.3,0.05,0,no,no,99,4,2.17,MORTO
MPF,985668060,ONTHERAPY DEODORANTE VAPO NO G,1,0.3,0.05,0,no,si,6,0,2.23,no-vend-7g
MPF,902170149,SCHAR MIX B PREP PANE 1KG+20G,1,0.3,0.05,0,no,no,99,0,0.78,MORTO
MPF,980814154,KEYMINERAL 12BUST,1,0.3,0.05,0,no,no,2,1,2.20,MORTO
MPF,974058341,SENSIQUELL CR DET CANOVA 400ML,1,0.3,0.05,0,no,no,5,0,2.49,MORTO
MPF,950041741,RINOFLUX WASH SIRINGHE LAV NAS,1,0.3,0.05,0,no,no,99,0,1.10,MORTO
MPF,044140010,BETADINE*SOLUZ CUT 125ML 10%,1,0.3,0.05,0,no,si,99,1,2.05,no-vend-7g
MPF,029278013,"KETOFTIL*COLL FL 10ML 0,5MG/ML",1,0.3,0.05,0,no,no,2,4,2.45,MORTO
MPF,050375245,ACONITUM NAPELLUS DYN*30CH GR,1,0.3,0.05,0,no,no,2,5,1.26,MORTO
MPF,951318979,LFP SOL STICK INVIS 50+ 10ML,1,0.3,0.05,0,no,si,1,19,1.64,no-vend-7g
MPF,979810126,REV EFFACE ACQUA 100ML,1,0.3,0.05,0,no,no,4,0,0.91,MORTO
MPF,909927663,GUAM FANGHI D'ALGA 500G,1,0.3,0.05,0,no,si,16,0,6.23,no-vend-7g
MPF,989666540,DUALSAN SLIP U CONTENIT GRI 4,1,0.3,0.05,0,no,no,5,2,12.64,MORTO
MPF,982447157,CH BM ACQUA PROFUMATA DEL100ML,1,0.3,0.05,0,no,no,99,0,1.48,MORTO
MPF,972059796,FLOCARE SACCA C/DEFLUS 2L INF,1,0.3,0.05,0,no,no,3,0,3.43,MORTO
MPF,980913216,CERAVE CREMA MANI RIPARAT100ML,1,0.3,0.05,0,no,si,4,9,1.69,no-vend-7g
MPF,981516331,VAGISIL GEL LUBRIFICANTE 30G,1,0.3,0.05,0,no,si,7,2,1.61,no-vend-7g
MPF,983746999,APROPOS TUSS SCIR ADULTI 150ML,1,0.3,0.05,0,no,no,1,12,1.16,MORTO
MPF,908174117,CALMOR TAPPO ANTIS 20PZ 22043,1,0.3,0.05,0,si,si,4,20,1.85,vende-rete
MPF,980917177,KEYLIFE DETOX DONNA,1,0.3,0.05,0,no,no,1,3,25.93,MORTO
MPF,981080979,Q10 ACTIVE 100 30CPS,1,0.3,0.05,0,no,no,6,0,2.31,MORTO
MPF,950407534,MOONILA COLLANA ARGENTO PSYCHE,1,0.3,0.05,0,no,no,1,4,4.36,MORTO
MPF,902468267,SPEEDICATH D CH14 30PZ 28514,1,0.3,0.05,0,no,no,9,0,13.29,MORTO
MPF,984950319,LFP SOL CREMA VISO COL 50+,1,0.3,0.05,0,no,no,1,7,7.78,MORTO
MPF,904816333,VICUTIX SCAR GEL 20G,1,0.3,0.05,0,si,si,14,0,3.60,vende-rete
MPF,908188954,GIBAUD CAVIGL CALZINO CAMEL 1,1,0.3,0.05,0,no,no,4,2,2.46,MORTO
MPF,940386434,LONGLIFE SAMBUCO FORTE 60CPS,1,0.3,0.05,0,no,no,99,0,2.90,MORTO
MPF,987289307,BAKEL SUPER ACT WATER 150ML,1,0.3,0.05,0,no,no,1,2,18.88,MORTO
MPF,981446558,BAKEL OXY-REGEN CHARM SIZE CR,1,0.3,0.05,0,no,no,1,2,13.36,MORTO
MPF,986466377,PROBIOS MAGIC PILLOW EX DARK,1,0.3,0.05,0,no,no,99,0,0.85,MORTO
MPF,980430906,APROPOS SEDITUSS SPR AD/BB,1,0.3,0.05,0,no,no,1,21,0.83,MORTO
MPF,951889930,APTODIN ESO 30STICKPACK,1,0.3,0.05,0,si,si,12,0,5.25,vende-rete
MPF,982501468,ARTISALUS ACT FORTE PLUS 60CPS,1,0.3,0.05,0,si,si,10,0,1.28,vende-rete
MPF,971347606,GEHWOL CUSC CALCAGNO L PAIO,1,0.3,0.05,0,no,no,4,0,2.06,MORTO
MPF,935612782,SENSIFINE DERMO NETTOYANT400ML,1,0.3,0.05,0,no,no,13,0,2.94,MORTO
MPF,908371267,SPACCAPIETRA 160CPR,1,0.3,0.05,0,no,no,99,0,1.65,MORTO
MPF,941435962,SEPARATORE DOPPIO ANELLO 3/4/5,1,0.3,0.05,0,no,no,6,0,0.87,MORTO
MPF,943247965,ORPHEA FOGLIETTI LAVANDA DISPL,1,0.3,0.05,0,no,no,5,0,0.38,MORTO
MPF,901335404,MAN SUPPORT 18 GAMB 18 NE 2,1,0.3,0.05,0,no,no,10,0,2.61,MORTO
MPF,984876666,DOLOMIA MU LIP 34 PHYTOCARE,1,0.3,0.05,0,no,no,3,3,3.45,MORTO
MPF,987656749,PIC AGO IPODERMICO G23 1 1/4,1,0.3,0.05,0,no,no,1,6,2.40,MORTO
MPF,905042192,PROVITA INTEGRATORE 50CPS,1,0.3,0.05,0,no,no,9,0,3.97,MORTO
MPF,981369554,COLON 20BUST,1,0.3,0.05,0,no,no,6,0,2.67,MORTO
MPF,974655401,ALGEM MANUKA MIKO LEN GEL 15ML,1,0.3,0.05,0,no,no,9,0,1.39,MORTO
MPF,906244431,MEDI ANTITROMBO H914 AG L,1,0.3,0.05,0,no,no,3,6,6.16,MORTO
MPF,971953029,NUTRIFREE FETTE BISC 225G,1,0.3,0.05,0,no,no,2,0,0.77,MORTO
MPF,938597059,MIRAGYN OLIO SPRAY 100ML,1,0.3,0.05,0,no,no,16,0,2.99,MORTO
MPF,927117729,CH GIOCO PANNELLO TRAMONTO R,1,0.3,0.05,0,no,no,4,0,3.39,MORTO
MPF,933081515,PHYSIC LEVEL 5 CERVICAL 30CPR,1,0.3,0.05,0,no,no,5,0,2.67,MORTO
MPF,982185074,LFP CREMA IDRAT FT TRIC 50ML,1,0.3,0.05,0,no,si,4,3,5.29,no-vend-7g
MPF,019875095,CONNETTIVINA*GEL 30G 2MG/G,1,0.3,0.05,0,no,si,5,0,1.89,no-vend-7g
MPF,901570616,PLAKKONTROL 15 COLLUT SPR 50ML,1,0.3,0.05,0,no,no,8,0,1.11,MORTO
MPF,946503341,MYCLI C RECHARGE CONT OCCHI,1,0.3,0.05,0,no,no,1,3,5.62,MORTO
MPF,921811903,ENNE 3 PLUS 20CPS SOFTGEL,1,0.3,0.05,0,si,si,8,0,4.03,vende-rete
MPF,909061297,ORTOPAD CER REGULAR 20PZ,1,0.3,0.05,0,no,no,99,0,1.37,MORTO
MPF,913213740,SKINSAN AKNE CR 30ML,1,0.3,0.05,0,no,no,3,0,3.20,MORTO
MPF,904643158,"IDRO YAL 0,2% SOL OFT 15ML",1,0.3,0.05,0,no,si,9,0,1.84,no-vend-7g
MPF,976307948,REABILAX 16BUST,1,0.3,0.05,0,no,no,99,0,2.35,MORTO
MPF,906989138,FOLINGRAV 60CPR,1,0.3,0.05,0,no,no,8,0,1.53,MORTO
MPF,908740739,NOKSAN PARACALLI 9PZ,1,0.3,0.05,0,no,no,4,0,0.79,MORTO
MPF,980833913,DOLOMIA MU OMBRETTO 05 MONO,1,0.3,0.05,0,no,no,1,4,3.25,MORTO
MPF,926858667,PURES MENTA PIPER OE BIO10ML,1,0.3,0.05,0,no,no,8,0,1.28,MORTO
MPF,985593882,FITOSTIMOLINE PLUS GARZE ADV5P,1,0.3,0.05,0,no,no,11,0,3.50,MORTO
MPF,033656442,ENANTYUM*20CPR RIV 25MG,1,0.3,0.05,0,si,si,8,37,1.01,vende-rete
MPF,989606886,ANGSTROM LATTE SOL LE SPF15,1,0.3,0.05,0,no,no,7,9,2.14,MORTO
MPF,904092222,ORIONE OK PED G100 SEPAR ALL L,1,0.3,0.05,0,no,no,99,0,1.12,MORTO
MPF,988830814,AMINO ROSETTE 4X50G,1,0.3,0.05,0,no,no,11,7,1.01,MORTO
MPF,982178093,ESI SERENESI GOCCE 50ML,1,0.3,0.05,0,no,no,99,17,3.01,MORTO
MPF,932711740,GUNAMINOFORMULA 50CPR,1,0.3,0.05,0,no,no,15,0,2.83,MORTO
MPF,982931370,ESI DONNA LIFE CICLO MESTRUALE,1,0.3,0.05,0,no,si,7,0,2.22,no-vend-7g
MPF,971096452,COMFEEL PLUS 20X20 5PZ,1,0.3,0.05,0,no,no,7,0,10.90,MORTO
MPF,902015888,MELLIN PAPPA COMPL POLLO2X250G,1,0.3,0.05,0,no,no,99,0,1.25,MORTO
MPF,987317031,OCULVET GOCCE 10ML,1,0.3,0.05,0,no,no,9,0,2.35,MORTO
MPF,984862324,PROBIOS BIO CRISPY 3CE MUESLI,1,0.3,0.05,0,no,no,3,0,0.90,MORTO
MPF,044356020,BRUFEN DOLORE*OS 24BUST 40MG,1,0.3,0.05,0,no,si,4,10,0.99,no-vend-7g
MPF,924305129,MAC10 60CPS,1,0.3,0.05,0,no,si,7,0,5.80,no-vend-7g
MPF,907315790,SANODET INTIMO DET GINECOLOG,1,0.3,0.05,0,no,no,9,0,3.07,MORTO
MPF,971357013,OTTOCID PLUS 300ML,1,0.3,0.05,0,no,no,6,3,1.17,MORTO
MPF,974012674,NEOBIANACID 14CPR MASTICABILI,1,0.3,0.05,0,no,si,32,0,1.13,no-vend-7g
MPF,984733648,BAKEL NUTRI-REMEDY CASE&REFILL,1,0.3,0.05,0,no,no,1,3,37.86,MORTO
MPF,980917227,KEYLIFE KFUSILLI 50G,1,0.3,0.05,0,no,no,2,18,0.48,MORTO
MPF,982471409,URIXANA PRO 30BUST,1,0.3,0.05,0,si,si,10,0,3.39,vende-rete
MPF,900520091,FORBICI RETTA PUNTA TONDA 14CM,1,0.3,0.05,0,no,no,3,0,1.97,MORTO
MPF,035618077,MOMENTACT*OS SOSP 8BUST 400MG,1,0.3,0.05,0,si,si,4,3,1.25,vende-rete
MPF,981112461,EPILOBIO ESTRATTO INTEGR SECCO,1,0.3,0.05,0,no,si,9,0,3.60,no-vend-7g
MPF,990040990,VITA ACT MULTIVIT 20CPR EFFERV,1,0.3,0.05,0,no,no,1,12,2.04,MORTO
MPF,922960962,BIONIKE SHINE ON COL CAP NE 1,1,0.3,0.05,0,si,si,15,0,2.38,vende-rete
MPF,927493039,TENA WET WASH GLOVE 8PZ,1,0.3,0.05,0,no,no,99,0,0.94,MORTO
MPF,041512029,LISOMUCIL GOLA*OS SPRAY 15ML,1,0.3,0.05,0,no,no,99,0,1.10,MORTO
MPF,988753214,PEVARYL MICOSI UNGHIA 14ML,1,0.3,0.05,0,no,no,6,0,2.63,MORTO
MPF,934196078,LENDERM FORTE CREMA 100ML,1,0.3,0.05,0,no,si,5,0,2.08,no-vend-7g
MPF,972353193,STRIAVEN CREMA GEL 100G,1,0.3,0.05,0,no,no,99,0,2.83,MORTO
MPF,930503723,ACILIP 600 INTEGRAT 20CPR,1,0.3,0.05,0,no,no,5,0,3.60,MORTO
MPF,984787996,MELATONINA ACT +CAMOMIL 30BUST,1,0.3,0.05,0,no,no,1,35,1.33,MORTO
