rank,score,tenant,sku,nome,fonte,mossa,mira,pos_ora,prezzo_ora,costo,pc_target,marg_pct,floor_pct,marg_eur,qty30,rev30
1,456,Farmainsieme,987650557,BETOTAL ADVANCE B12 30FL,magazzino,sale,top3/5,7,23.63,19.21,23.32,17.6,16,4.11,111.00,2651
2,381,MPF,982539342,LFP COLESTTAB PLUS 30CPR,magazzino,sale,top3/5,2,21.65,10.52,18.63,43.6,16,8.11,47.00,901
3,311,Farmacia Mandanici,950497952,TRICOVEL MIRNA EXOSOMES GEL4TU,magazzino,entra,top3/5,99,67.16,58.39,66.57,12.3,11,8.18,38.00,2559
4,262,Farmainsieme,988838037,SIDEVIT B12 20STICK,magazzino,sale,top3/5,9,14.74,12.33,14.71,16.2,16,2.38,110.00,1606
5,254,Farmainsieme,904564681,LDF BIOVENUM 500 60CPR,magazzino,entra,top3/5,99,15.00,4.00,13.39,70.1,16,9.39,27.00,347
6,244,MPF,971256488,LFP ENERSAL PLUS,magazzino,sale,top3/5,2,16.04,6.60,13.56,51.3,16,6.96,35.00,455
7,178,MPF,981110796,LFP NUTRIFLEX COMPLEX 20BUST,magazzino,sale,top3/5,3,20.55,9.24,16.37,43.6,16,7.13,25.00,419
8,164,Farmacia Mandanici,950913006,PLENITY KIT,magazzino,entra,top3/5,99,92.21,77.17,86.79,11.1,11,9.63,17.00,1533
9,161,Farmainsieme,942774148,CETILAR CREMA 50ML,magazzino,sale,top3/5,9,13.08,10.25,12.37,17.2,16,2.12,76.00,964
10,156,MPF,971256490,LFP ENERSAL 36BUST,magazzino,sale,top3/5,2,17.56,6.60,15.79,58.2,16,9.19,17.00,252
11,155,Farmainsieme,974046397,DLAB DRENANTE 500ML,magazzino,entra,top3/5,99,20.00,5.79,19.89,70.9,16,14.10,11.00,198
12,155,MPF,982474102,LFP LIPOICOCOMPLEX 600 30CPR,magazzino,sale,top3/5,3,18.89,8.76,16.91,48.2,16,8.15,19.00,302
13,153,Farmainsieme,931660981,ESOXX ONE 20BUST STICK 10ML,magazzino,sale,top3/5,2,14.49,12.10,14.46,16.3,16,2.36,65.00,1087
14,153,Farmacia Procaccini,988925487,YOVIS STICK 20STICK,magazzino,sale,top3/5,3,14.09,11.62,13.94,16.7,16,2.32,66.00,961
15,149,MPF,975399128,LFP CREMA ULTRABBRONZANTE125ML,magazzino,sale,top3/5,2,14.24,6.41,12.88,50.3,16,6.48,23.00,265
16,141,Farmacia Procaccini,912321080,PHYTO CORRECTIVE 30ML,magazzino,entra,top3/5,19,80.76,55.07,70.74,22.2,11,15.67,9.00,815
17,122,MPF,922330840,CERAMOL CREMABASE 400ML 311,magazzino,sale,top3/5,2,14.79,10.99,14.29,23.1,16,3.30,37.00,562
18,119,Farmacia Mandanici,024964140,NIZORAL*SHAMPOO FL 100G 20MG/G,magazzino,entra,top3/5,99,14.71,11.50,13.96,17.7,16,2.47,48.00,668
19,109,Farmainsieme,981927801,LDF HIDRASAL VITAMIN RDAVIT PLUS 20BUSTE,magazzino,sale,top3/5,9,14.00,3.58,13.49,73.5,16,9.92,11.00,143
20,105,Farmainsieme,987019775,LDF IDROCOLLAGENE 14 STICKPACK,magazzino,sale,top3/5,4,30.00,8.88,29.89,70.3,16,21.01,5.00,150
21,101,Farmainsieme,981042649,THERMACARE SCHIENA FASCIA 4PZ,magazzino,sale,top3/5,4,11.88,7.33,11.54,36.5,16,4.21,24.00,248
22,101,MPF,934865421,CERAMOL OLIO DETERGENTE 400ML,magazzino,sale,top3/5,2,12.21,9.28,12.08,23.1,16,2.80,36.00,464
23,99,Farmacia Mandanici,048276024,NIQUITINMINT*60PAST 2MG,magazzino,entra,top3/5,99,20.22,15.65,19.76,20.8,16,4.11,24.00,486
24,97,Farmainsieme,973145838,CALCIOBASE 30STICK 10ML,magazzino,sale,top3/5,6,11.91,9.90,11.81,16.2,16,1.91,51.00,631
25,97,Papa,023585019,NEURABEN*30CPS 100MG,magazzino,sale,top3/5,2,13.79,11.07,13.22,16.3,16,2.15,45.00,583
26,96,Farmacia Mandanici,023585019,NEURABEN*30CPS 100MG,magazzino,entra,top3/5,99,14.24,11.09,13.22,16.1,16,2.13,45.00,583
27,93,MPF,982134809,CONDRONIL FORTE 30BUST,magazzino,entra,top3/5,99,32.12,26.66,30.88,13.7,13,4.22,22.00,691
28,92,MPF,982474114,LFP COENZIMA Q10 30CPS,magazzino,sale,top3/5,2,17.76,8.23,15.88,48.2,16,7.65,12.00,175
29,91,Farmacia Procaccini,988803464,PTIOX 30ML,magazzino,sale,top3/5,9,127.58,83.66,114.14,26.7,11,30.48,3.00,351
30,90,Farmainsieme,940037649,TRANSPARENT SPRAY WET SKIN 30,magazzino,sale,top3/5,6,21.01,16.52,20.45,19.2,16,3.93,23.00,441
31,86,Farmacia Mandanici,025561073,SOFARGEN*CREMA 120G 1%,magazzino,entra,top3/5,99,14.78,11.45,13.78,16.9,16,2.33,37.00,541
32,84,MPF,950938961,LFP AGE F BODY COLLAG 15F 10ML,magazzino,sale,top3/5,2,19.79,8.47,18.99,55.4,16,10.52,8.00,144
33,82,Farmainsieme,930327008,ONLIGOL MACROGOL 4000 20BUST,magazzino,sale,top3/5,2,8.78,6.85,8.67,21.0,19,1.82,45.00,452
34,81,Farmacia Mandanici,949645283,MASSIGEN MAGNESIO K FT SPEC 25,magazzino,entra,top3/5,99,11.55,4.40,6.19,28.9,19,1.79,45.00,398
35,80,Farmacia Mandanici,042583029,CASENLAX*OS POLV 20BUST 10G,magazzino,entra,top3/5,99,12.55,10.19,12.18,16.4,16,1.99,40.00,489
36,78,MPF,926673904,LFP PROFLEX 30CPR,magazzino,sale,top3/5,3,19.47,12.14,15.70,22.6,16,3.56,22.00,341
37,78,MPF,982474064,LFP LIPOACTIVE 30CPS,magazzino,sale,top3/5,2,21.87,9.20,20.29,54.7,16,11.09,7.00,134
38,74,Farmainsieme,940037548,FUSION WATER MAGIC SPF50 50ML,magazzino,sale,top3/5,2,21.51,16.19,19.70,17.8,16,3.51,21.00,433
39,74,MPF,940532548,SYALOX 300 PLUS 30CPR TRIPLO S,magazzino,entra,top3/5,99,31.63,27.27,31.60,13.7,13,4.33,17.00,537
40,72,Farmacia Mandanici,017389103,"PREPARAZIONE H*UNG 1,08% 50G",magazzino,entra,top3/5,99,10.10,7.90,9.79,19.3,19,1.89,38.00,365
41,72,Farmainsieme,017389103,"PREPARAZIONE H*UNG 1,08% 50G",magazzino,sale,top3/5,6,9.82,7.90,9.79,19.3,19,1.89,38.00,365
42,72,Farmainsieme,977466871,LDF IPERPROST320 30PRL,magazzino,entra,top3/5,99,16.00,5.25,15.49,66.1,16,10.24,7.00,108
43,69,Farmacia Mandanici,944292527,MAGNESIO POTASSIO S/ZUCCH60CPR,magazzino,entra,top3/5,99,9.73,3.83,5.59,31.5,19,1.76,39.00,241
44,68,MPF,979016300,LFP LADYTAB MENOPAUSA 30CPR,magazzino,entra,top3/5,99,17.89,8.32,15.11,45.0,16,6.79,10.00,151
45,67,Farmacia Mandanici,949645319,MASSIGEN PRONTO RECUP PLUS2025,magazzino,entra,top3/5,99,14.63,5.50,7.60,27.6,19,2.10,32.00,258
46,66,MPF,984622631,LFP GEL GAMBE GINKGO 100ML,magazzino,sale,top3/5,3,9.18,4.22,7.91,46.6,19,3.69,18.00,141
47,66,Farmainsieme,984112704,LDF POLICOL 45CPR,magazzino,entra,top3/5,99,19.00,5.61,18.89,70.3,16,13.28,5.00,89
48,66,Farmacia Procaccini,984998839,SWISSE MULTIVIT UOMO 60CPR,magazzino,entra,top3/5,99,23.92,7.23,16.71,56.8,16,9.48,7.00,112
49,65,MPF,950056844,BUTIRBIOMA RM ORO 20STICK,magazzino,sale,top3/5,2,14.99,8.80,14.75,40.3,16,5.95,11.00,158
50,65,MPF,921530352,LFP CISTINA METION 120CPS,magazzino,sale,top3/5,2,30.30,14.04,24.87,43.6,16,10.83,6.00,150
51,64,MPF,979195536,LFP COLESTTAB 30CPR,magazzino,sale,top3/5,2,16.04,7.74,15.79,51.0,16,8.05,8.00,126
52,64,Farmainsieme,983369378,LDF RDAVIT SUPRA 50COMPRESSE,magazzino,entra,top3/5,99,13.00,3.72,12.89,71.2,16,9.17,7.00,89
53,63,MPF,978473167,LFP OMEGA3 90CPS,magazzino,sale,top3/5,2,29.34,13.60,24.09,43.6,16,10.49,6.00,140
54,63,Farmainsieme,025829185,MOMENDOL*24CPR RIV 220MG,magazzino,sale,top3/5,4,7.49,5.26,6.91,23.9,19,1.65,38.00,347
55,62,MPF,909893238,LFP CISTINA METIONINA 60CPS,magazzino,sale,top3/5,1,18.89,8.21,15.91,48.4,16,7.70,8.00,127
56,61,Farmacia Mandanici,949645271,MASSIGEN MAGNESIO K S/Z SPEC25,magazzino,entra,top3/5,99,9.73,3.83,6.17,38.0,19,2.34,26.00,208
57,60,Farmacia Procaccini,912320999,CE FERULIC 30ML,magazzino,entra,top3/5,99,165.74,116.52,136.41,14.6,11,19.89,3.00,433
58,60,MPF,932524251,AVENE SOL SPRAY SPF30 200ML,magazzino,sale,top3/5,3,22.13,13.05,15.89,17.8,16,2.84,21.00,275
59,58,Farmainsieme,951486190,BODY LOTION SPF50 250ML,magazzino,sale,top3/5,8,21.02,16.52,20.15,18.0,16,3.63,16.00,323
60,58,Farmacia Mandanici,949645269,MASSIGEN MAGNESIO K 30BUST 25,magazzino,entra,top3/5,99,9.03,3.30,5.62,41.3,19,2.32,25.00,173
61,56,MPF,977346941,LFP REFLUXCONTROL 20BUST,magazzino,sale,top3/5,3,15.76,6.84,12.44,45.0,16,5.60,10.00,133
62,56,MPF,949645283,MASSIGEN MAGNESIO K FT SPEC 25,magazzino,sale,top3/5,5,7.55,4.95,6.19,20.0,19,1.24,45.00,398
63,56,Farmainsieme,015784097,BIOCHETASI*OS GRAT EFF 18BUST,magazzino,sale,top3/5,2,10.24,8.31,10.04,17.3,16,1.74,32.00,356
64,53,Farmacia Mandanici,025733015,CISTIDIL*30CPR 500MG,magazzino,entra,top3/5,99,15.93,12.67,15.20,16.6,16,2.53,21.00,318
65,53,MPF,950939001,LFP AGE F PRO COLLAGENE 240G,magazzino,entra,top3/5,99,24.60,11.40,22.00,48.2,16,10.60,5.00,113
66,52,Farmacia Mandanici,023539075,TEGENS*OS GRAT 20BUST 160MG,magazzino,entra,top3/5,99,10.73,7.94,10.03,20.8,16,2.09,25.00,224
67,52,Farmainsieme,934977632,LDF TRI CAPELLI UNGHIE D 45CPR,magazzino,entra,top3/5,99,19.00,5.92,18.89,68.7,16,12.97,4.00,76
68,50,MPF,934902952,CERAMOL BASE LAVANTE SCH 400ML,magazzino,sale,top3/5,7,13.12,9.67,12.46,22.4,16,2.79,18.00,240
69,50,Farmainsieme,944898105,CETILAR TAPE STRISCIA ADES ANE,magazzino,sale,top3/5,8,15.92,11.96,14.34,16.6,16,2.38,21.00,310
70,49,Farmainsieme,940372105,ISDINCEUTICS RETINAL INTENSE,magazzino,sale,top3/5,8,64.19,49.24,59.08,16.7,11,9.84,5.00,302
71,49,Farmainsieme,986042442,CAUDALIE SOLEIL DES VIGNES OLIO TRATTANT,magazzino,sale,top3/5,1,25.50,12.51,20.69,39.6,16,8.19,6.00,108
72,49,Farmacia Procaccini,951800883,VINOPERFECT&SOLARE COF 2026,magazzino,entra,top3/5,99,43.11,27.91,34.93,20.1,13,7.02,7.00,250
73,49,Farmainsieme,951800883,VINOPERFECT&SOLARE COF 2026,magazzino,sale,top3/5,5,35.93,27.91,34.93,20.1,13,7.02,7.00,250
74,45,Papa,950221794,KUKIDENT COMPLETE NEUTRO 70G,magazzino,sale,top3/5,4,9.72,7.65,9.70,21.1,19,2.05,22.00,200
75,45,SubitoFarma,950221794,KUKIDENT COMPLETE NEUTRO 70G,magazzino,sale,top3/5,7,9.72,7.66,9.70,21.0,19,2.04,22.00,200
76,45,Farmainsieme,035500091,VOLTADVANCE*30CPR RIV 25MG,magazzino,entra,top3/5,99,9.49,7.50,9.45,20.6,19,1.95,23.00,229
77,45,MPF,038204020,"REGOLINT*OS POLV 20BUST 9,7G",magazzino,entra,top3/5,99,12.79,10.46,12.49,16.2,16,2.03,22.00,262
78,45,Farmacia Procaccini,950434199,SKINCEUTICALS COR FLAVO SERUM,magazzino,sale,top3/5,9,153.99,104.59,126.86,17.6,11,22.27,2.00,280
79,45,Farmacia Mandanici,942125485,TRICOVEL PRP PLUS GEL 3PZ 15ML,magazzino,entra,top3/5,99,58.96,51.24,58.66,12.6,11,7.42,6.00,364
80,44,Farmainsieme,029651039,GLICEROLO*AD 18SUPP 2250MG,magazzino,entra,top3/5,99,2.21,1.52,2.15,29.4,25,0.63,70.00,185
81,44,Farmainsieme,951049168,MIAMO POLI HYAL14+ FUSION REF,magazzino,entra,top3/5,99,39.20,24.50,39.16,37.4,13,14.66,3.00,117
82,44,Farmacia Procaccini,975190493,"RETINOL 0,3 30ML EU",magazzino,sale,top3/5,10,98.99,65.73,80.35,18.2,11,14.62,3.00,260
83,44,MPF,925329195,LFP MAGNESIO450 20BUST,magazzino,sale,top3/5,2,11.60,7.87,10.05,21.7,16,2.19,20.00,202
84,44,Farmacia Mandanici,034283578,NIQUITIN*60PASTL 4MG MENTA FL,magazzino,entra,top3/5,99,20.13,15.65,19.29,18.9,16,3.64,12.00,232
85,43,Farmacia Mandanici,049385026,"ROZEX*CREMA DERM 50G 0,75%",magazzino,entra,top3/5,99,32.52,24.75,30.08,17.7,13,5.33,8.00,231
86,42,MPF,987361971,LFP SOL LATTE DOPOSOLE 400ML,magazzino,sale,top3/5,2,19.79,8.45,16.81,49.7,16,8.36,5.00,78
87,42,Farmacia Mandanici,949645295,MASSIGEN PRONTO RECUP18BUST 25,magazzino,entra,top3/5,99,8.05,3.30,4.49,26.5,25,1.19,35.00,165
88,42,MPF,984319982,NEOPTIDE EXPERT SIERO ANTICAD,magazzino,entra,top3/5,99,43.98,36.45,42.39,14.0,13,5.94,7.00,285
89,40,Farmainsieme,985772084,MIAMO EXPERTISE NUTRAIUVENS LEG RENEW 30,magazzino,entra,top3/5,22,36.00,22.50,35.78,37.1,13,13.29,3.00,108
90,40,MPF,926264084,LFP VENCAP DRENA 30CPR,magazzino,sale,top3/5,4,14.38,5.97,11.62,48.6,16,5.65,7.00,88
91,39,Farmacia Mandanici,035500040,VOLTADVANCE*OS POLV 20BUST25MG,magazzino,entra,top3/5,99,8.11,6.34,7.95,20.3,19,1.61,24.00,213
92,39,Farmacia Procaccini,939059731,LACTOFLORENE PLUS BIPACK 30CPS,magazzino,entra,top3/5,11,13.40,10.23,12.26,16.6,16,2.03,19.00,231
93,38,Farmainsieme,940008218,FUSION WATER MAGIC COLOR 50ML,magazzino,sale,top3/5,5,20.57,16.19,19.39,16.5,16,3.20,12.00,221
94,38,Farmacia Procaccini,970800254,TRIPLE LIPID RESTORE 2 4 2,magazzino,sale,top3/5,6,148.74,101.59,139.98,27.4,11,38.39,1.00,140
95,38,MPF,972767519,LFP MAGNESIO 450CAP 30CPS,magazzino,sale,top3/5,3,11.69,5.36,10.13,47.1,16,4.77,8.00,82
96,38,Farmacia Mandanici,050590037,IBEROGASTADVANCE*OS GTT 100ML,magazzino,entra,top3/5,99,20.89,16.17,19.98,19.1,16,3.81,10.00,201
97,38,Farmacia Mandanici,016222073,CENTELLASE*30CPR 30MG,magazzino,entra,top3/5,99,9.68,7.26,9.14,20.6,19,1.88,20.00,179
98,37,MPF,941013916,IRIDINA HYDRA REPAIR GTT OCUL,magazzino,sale,top3/5,2,7.56,5.56,7.41,24.9,19,1.85,20.00,142
99,37,Farmacia Procaccini,951049168,MIAMO REF POLIHYAL 14+ CR 50ML,magazzino,sale,top3/5,4,39.19,26.95,39.16,31.2,13,12.21,3.00,117
100,36,Farmainsieme,033816012,"SICCAFLUID*GEL OFT 10G 2,5MG/G",magazzino,sale,top3/5,9,6.35,4.81,5.94,19.1,19,1.13,32.00,185
101,36,MPF,926565045,CERAMOL CREMA VISO 311 50ML,magazzino,entra,top3/5,99,15.59,11.96,14.74,18.9,16,2.78,13.00,209
102,36,Farmacia Procaccini,947073716,RILASTIL XEROLACT BALS SP400ML,magazzino,sale,top3/5,5,13.37,10.77,12.88,16.4,16,2.11,17.00,206
103,35,MPF,934905148,CERAMOL IPERDEODORANTE 75ML,magazzino,sale,top3/5,7,9.53,7.32,9.28,21.1,19,1.96,18.00,184
104,34,Farmacia Mandanici,002955060,XAMAMINA MAL DI VIAG*6CPS 50MG,magazzino,entra,top3/5,99,5.29,3.99,5.03,20.6,19,1.04,33.00,197
105,34,MPF,980770301,GIBAUD ORTHO LOMBOGIB LADY21 2,magazzino,entra,top3/5,11,61.42,46.64,57.83,19.3,11,11.19,3.00,172
106,33,Farmacia Procaccini,985772084,MIAMO LEG RENEW 30CPR,magazzino,sale,top3/5,7,35.99,24.75,35.78,30.8,13,11.03,3.00,108
107,33,MPF,947224984,ARNICA VITI 90% 100ML,magazzino,sale,top3/5,4,7.37,5.64,7.29,22.7,19,1.65,20.00,126
108,32,Farmainsieme,942899307,FOTOPROTECTOR GEL CREAM 250ML,magazzino,sale,top3/5,6,20.85,16.19,19.42,16.6,16,3.23,10.00,191
109,32,Farmainsieme,947239861,HUMANA DG2 COMFORT POLV 700GR 6-,magazzino,sale,top3/5,7,27.09,21.98,26.58,17.3,16,4.60,7.00,181
110,31,Farmacia Mandanici,000590012,"RINAZINA*AD GTT 10ML 10MG 0,1%",magazzino,entra,top3/5,99,8.31,6.29,7.84,19.7,19,1.55,20.00,163
111,31,MPF,988785604,LFP OSM BALSAMO RIPARA 190ML,magazzino,entra,top3/5,99,16.05,8.25,14.35,42.5,16,6.10,5.00,70
112,31,MPF,949645269,MASSIGEN MAGNESIO K 30BUST 25,magazzino,sale,top3/5,3,5.88,4.40,5.62,21.7,19,1.22,25.00,173
113,30,MPF,970515831,LFP ENZITASI 30COMPRESSE,magazzino,sale,top3/5,2,16.04,7.44,13.51,45.0,16,6.07,5.00,68
114,30,Farmainsieme,981909043,CAUDALIE DUO VINOCLEAN DETERGENTE 150ML,magazzino,sale,top3/5,7,18.00,14.64,17.98,18.6,16,3.34,9.00,159
115,30,MPF,989408479,CERAMOL SHAMPOO DS 200ML,magazzino,sale,top3/5,8,13.04,9.63,11.74,18.0,16,2.11,14.00,188
116,29,Farmainsieme,940085145,FOTOULTRA SPOT PREVENT SPF50+,magazzino,sale,top3/5,2,22.29,17.35,20.99,17.3,16,3.64,8.00,168
117,29,Farmainsieme,042028023,OKITASK*OS GRAT 20BUST 40MG,magazzino,sale,top3/5,6,5.68,4.26,5.33,20.1,19,1.07,27.00,177
118,29,Farmainsieme,909884367,MIRTILUX 20CPS,magazzino,entra,top3/5,11,10.89,8.82,10.62,16.9,16,1.80,16.00,165
119,29,Farmainsieme,011825015,SORBICLIS*AD SOLUZ RETT 120ML,magazzino,entra,top3/5,99,2.08,1.43,1.98,27.8,25,0.55,52.00,146
120,28,Farmainsieme,989044084,MIAMO AGE REVERSE REFILLABLE CREAM 40ML,magazzino,entra,top3/5,99,120.00,75.01,103.29,27.4,11,28.28,1.00,120
121,28,SubitoFarma,988099634,MYCOLLAGENLAB COLLAGEN 14FL,magazzino,sale,top3/5,3,31.17,26.95,30.99,13.0,13,4.04,7.00,219
122,27,Farmacia Mandanici,909273043,CARBONE VEGETALE 120CPR,magazzino,entra,top3/5,99,9.73,4.32,6.28,31.2,19,1.96,14.00,99
123,27,Farmacia Procaccini,987769674,VINOPER SIERO ILL A/MACCH 30ML,magazzino,entra,top3/5,14,43.11,27.91,36.98,24.5,13,9.07,3.00,104
124,27,Farmacia Procaccini,003235049,COLLIRIO ALFA DEC*GTT FL 10ML,magazzino,entra,top3/5,99,5.56,4.25,5.25,19.1,19,1.00,27.00,152
125,27,MPF,985581483,LFP CHROMASKIN 30CPR RIVESTITE,magazzino,sale,top3/5,4,23.65,10.96,19.91,45.0,16,8.95,3.00,71
126,26,Farmacia Procaccini,904707510,MIDROLAX POLVERE 80G,magazzino,sale,top3/5,5,6.37,4.90,6.20,21.0,19,1.31,20.00,141
127,26,Farmacia Procaccini,931340778,PHYSIOMER CSR SPRAY NAS GET FT,magazzino,entra,top3/5,13,12.47,9.52,11.38,16.4,16,1.86,14.00,156
128,26,Farmainsieme,907303527,STERIMAR MN ALLERGIA NASALE,magazzino,entra,top3/5,99,11.66,9.72,11.58,16.0,16,1.86,14.00,155
129,26,MPF,980254510,FITOSTIMOLINE PLUS CREMA 32G,magazzino,sale,top3/5,5,12.09,9.96,11.93,16.6,16,1.98,13.00,156
130,26,MPF,980770299,GIBAUD ORTHO LOMBOGIB LADY21 1,magazzino,sale,top3/5,9,61.21,46.64,59.49,21.6,11,12.85,2.00,119
131,26,MPF,982914424,TRICOSTRONG 30CPR,magazzino,entra,top3/5,99,30.37,24.98,30.09,17.0,13,5.11,5.00,138
132,26,Farmacia Mandanici,949645307,MASSIGEN PRONTO RECUP S/Z18BUS,magazzino,entra,top3/5,99,8.75,3.30,4.46,26.0,25,1.16,22.00,119
133,25,Farmacia Procaccini,950213191,MIAMO 2025 COF PROT ANTIRUGHE,magazzino,sale,top3/5,5,79.19,54.45,79.16,31.2,11,24.71,1.00,79
134,25,Farmacia Mandanici,035799028,RINOCLENIL*SPRAY 200ER 100MCG,magazzino,entra,top3/5,99,17.06,13.30,16.38,18.8,16,3.08,8.00,126
135,25,MPF,035799028,RINOCLENIL*SPRAY 200ER 100MCG,magazzino,sale,top3/5,6,16.63,13.30,16.38,18.8,16,3.08,8.00,126
136,24,MPF,980512747,CERAMOL CREMA 311 200ML,magazzino,sale,top3/5,5,18.58,14.09,17.54,19.7,16,3.45,7.00,132
137,24,Farmainsieme,949705798,PEDIATRICS STICK SPF50 20G,magazzino,sale,top3/5,7,17.40,13.47,16.15,16.6,16,2.68,9.00,151
138,24,SubitoFarma,005408024,"BRUNIZINA*GTT NAS 10ML 0,2%",magazzino,sale,top3/5,10,5.28,4.07,5.07,19.7,19,1.00,24.00,114
139,24,Farmainsieme,949705735,BODY GLOW SPF30 200ML,magazzino,sale,top3/5,7,19.49,15.34,18.31,16.2,16,2.97,8.00,151
140,24,Farmacia Procaccini,904552611,NEBULA M2000+MASCHERA+RINOWASH,magazzino,entra,top3/5,15,95.73,73.08,84.89,13.9,11,11.81,2.00,165
141,24,Farmacia Mandanici,033913017,DOLAUT*GEL SPRAY FL 25G 40MG/G,magazzino,entra,top3/5,99,13.77,10.73,13.07,17.9,16,2.35,10.00,129
142,23,MPF,934866789,GDUE 60CPS,magazzino,sale,top3/5,5,24.87,19.90,24.59,19.1,16,4.69,5.00,134
143,22,Farmainsieme,984956209,MIAMO AGE REVERSE GLOW PRIMER SERUM 30ML,magazzino,entra,top3/5,23,72.00,45.01,67.49,33.3,11,22.48,1.00,68
144,22,Farmacia Mandanici,034842031,SIMECRIN*24CPR MAST 120MG,magazzino,entra,top3/5,99,11.20,8.66,10.70,19.1,16,2.04,11.00,122
145,22,Farmacia Procaccini,042154029,LASONIL ANTIDOLORE*GEL120G 10%,magazzino,sale,top3/5,3,6.38,4.90,6.20,21.0,19,1.31,17.00,121
146,22,Farmacia Mandanici,951385222,DICOFLOR 60 21BUST,magazzino,entra,top3/5,99,18.39,14.88,18.03,17.5,16,3.15,7.00,129
147,22,Farmacia Mandanici,034548204,VOLTAREN EMULGEL*GEL 120G 1%,magazzino,entra,top3/5,99,11.17,8.71,10.68,18.4,16,1.97,11.00,118
148,22,MPF,942518818,MYCLI HA PLAST PLURIATT3 100ML,magazzino,sale,top3/5,4,113.45,79.36,100.96,21.4,11,21.60,1.00,114
149,21,Farmacia Mandanici,027032022,"NAAXIA*COLL 30FL 0,4ML 1D 4,9%",magazzino,entra,top3/5,99,17.49,13.61,16.60,18.0,16,2.99,7.00,111
150,21,MPF,981937360,KERACNYL GEL DETERGENTE 400ML,magazzino,sale,top3/5,5,12.82,9.89,11.98,17.4,16,2.09,10.00,135
151,21,Farmacia Procaccini,989044084,MIAMO AGE REVERSE CREAM 40ML,magazzino,entra,top3/5,99,120.00,82.50,103.29,20.1,11,20.79,1.00,120
152,20,Farmainsieme,989669837,DEFENCE SUN 50+ BABY KIDS LATTE,magazzino,sale,top3/5,5,11.62,9.30,11.14,16.5,16,1.84,11.00,129
153,20,Farmacia Procaccini,920097538,DERCOS SHAMPOO ENERG 400ML,magazzino,sale,top3/5,8,12.77,9.75,11.77,17.2,16,2.02,10.00,139
154,19,Papa,032182038,"SODIO CLORURO EUROS*0,9% 500ML",magazzino,entra,top3/5,99,1.81,1.25,1.69,25.8,25,0.44,44.00,81
155,19,Farmainsieme,932717275,PROLIFE 10 MLD ZERO ZUCCH 10FL,magazzino,sale,top3/5,5,5.47,4.09,5.16,20.7,19,1.07,18.00,111
156,19,Farmainsieme,951332600,DEFENCE SUN OLIO SPRAY SPF50+,magazzino,sale,top3/5,3,12.02,9.61,12.00,19.9,16,2.39,8.00,95
157,19,Farmacia Mandanici,020051037,"FOILLE INSETTI*CREMA 15G 0,5%",magazzino,entra,top3/5,99,5.32,4.10,5.14,20.2,19,1.04,18.00,121
158,19,Farmacia Procaccini,976334209,MULTICENTRUM DONNA 50+ 60CPR,magazzino,sale,top3/5,6,24.10,19.39,24.07,19.4,16,4.68,4.00,99
159,19,Farmacia Mandanici,025647013,TROSYD*CREMA DERM 30G 1%,magazzino,entra,top3/5,99,7.82,6.05,7.49,19.2,19,1.44,13.00,111
160,19,Farmacia Procaccini,042028047,OKITASK*20CPR RIV 40MG,magazzino,sale,top3/5,8,6.49,4.95,6.19,20.0,19,1.24,15.00,101
161,19,Farmacia Mandanici,042028047,OKITASK*20CPR RIV 40MG,magazzino,entra,top3/5,99,6.33,4.95,6.19,20.0,19,1.24,15.00,101
162,19,MPF,944292477,DR VITI COLLAGENE PLUS 250ML,magazzino,sale,top3/5,8,16.82,12.84,15.49,17.1,16,2.65,7.00,134
163,18,Farmacia Procaccini,022816072,"SOMATOLINE*EMULS 15BS 0,1+0,3%",magazzino,entra,top3/5,99,29.60,19.14,23.76,19.4,16,4.62,4.00,107
164,18,MPF,975896426,GIBAUD ORTHO DORSOLOMBOGIB 2,magazzino,entra,top3/5,19,154.99,119.23,137.63,13.4,11,18.40,1.00,156
165,18,Papa,027032022,"NAAXIA*COLL 30FL 0,4ML 1D 4,9%",magazzino,sale,top3/5,1,16.60,13.50,16.12,16.3,16,2.62,7.00,111
166,18,Farmainsieme,975966918,BIAFIN EMULSIONE CUTANEA PROMO,magazzino,sale,top3/5,3,5.94,4.65,5.87,20.8,19,1.22,15.00,91
167,18,MPF,027032022,"NAAXIA*COLL 30FL 0,4ML 1D 4,9%",magazzino,entra,top3/5,99,16.60,13.51,16.12,16.2,16,2.61,7.00,111
168,18,MPF,947242323,MYCLI COLLAGENAG 190G,magazzino,sale,top3/5,5,47.01,32.75,41.77,21.6,13,9.02,2.00,82
169,18,Farmacia Procaccini,983583701,ASSENZIO PROFUMO 100ML,magazzino,entra,top3/5,15,38.17,25.52,34.45,25.9,13,8.93,2.00,66
170,18,Farmacia Mandanici,047812045,DAFLON*30CPR RIV 500MG,magazzino,entra,top3/5,99,17.79,10.27,12.50,17.8,16,2.23,8.00,98
171,18,Farmainsieme,931203006,STERIMAR IPERTONICO NASO CHIU,magazzino,entra,top3/5,99,11.35,8.99,10.75,16.4,16,1.76,10.00,109
172,17,Farmacia Mandanici,048717045,VOLTADOL UNIDIE*10CER MED140MG,magazzino,entra,top3/5,99,18.74,14.39,17.28,16.7,16,2.89,6.00,112
173,17,MPF,048717045,VOLTADOL UNIDIE*10CER MED140MG,magazzino,sale,top3/5,7,17.90,14.39,17.28,16.7,16,2.89,6.00,112
174,17,Farmainsieme,949705711,FUSION FLUID MINERAL SPF50,magazzino,sale,top3/5,7,21.52,16.74,20.20,17.1,16,3.46,5.00,103
175,17,Farmainsieme,951486214,PEDIATRICS BODY LOTION SPF50,magazzino,sale,top3/5,7,21.01,16.52,19.95,17.2,16,3.43,5.00,100
176,17,MPF,986013187,GIBAUD ORTHO LOMBOGIB TECH 2,magazzino,sale,top3/5,6,81.26,60.16,77.26,22.1,11,17.10,1.00,75
177,17,Farmainsieme,930622802,DEFENCE DEO SENSITIVE ROLL-ON,magazzino,sale,top3/5,8,5.97,4.64,5.84,20.6,19,1.20,14.00,82
178,17,MPF,035953025,"LAXIPEG*OS POLV 20BUST 9,7G",magazzino,sale,top3/5,10,12.19,9.96,12.04,17.3,16,2.09,8.00,93
179,17,MPF,987309679,PEGBIOMA 30BUST,magazzino,sale,top3/5,5,15.91,12.14,14.92,18.6,16,2.78,6.00,92
180,16,MPF,950952147,GHC MEDICAL TRATT PROTEIC PREV,magazzino,entra,top3/5,99,51.35,41.42,49.66,16.6,13,8.24,2.00,92
181,16,Papa,025829223,MOMENDOL*12CPS MOLLI 220MG,magazzino,entra,top3/5,14,7.94,5.45,6.80,19.9,19,1.36,12.00,92
182,16,Farmacia Mandanici,980555700,RINOWASH EGO DOCCIA NASALE MIC,magazzino,entra,top3/5,99,68.99,59.29,67.40,12.0,11,8.11,2.00,140
183,16,Farmacia Mandanici,981389291,DERMON DETERGENTE DOCCIA 400ML,magazzino,entra,top3/5,99,5.96,4.17,5.39,22.6,19,1.22,13.00,89
184,16,Farmacia Mandanici,035520028,VOLTADOL*10CER MEDIC 140MG,magazzino,entra,top3/5,99,15.39,11.80,14.97,21.2,16,3.17,5.00,73
185,16,Farmainsieme,042685040,DICLOREUM ANT LOC*SCH 50G 3%,magazzino,sale,top3/5,3,10.94,8.88,10.64,16.6,16,1.76,9.00,109
186,16,Farmacia Procaccini,950073027,SWISSE MAGNESIO POTASSIO20BUST,magazzino,entra,top3/5,22,7.12,2.85,4.29,33.6,25,1.44,11.00,66
187,16,MPF,971998289,EKEEP K1 POSTURE KEEPER U 3,magazzino,sale,top3/5,7,77.59,57.50,73.20,21.4,11,15.70,1.00,72
188,16,Farmainsieme,950216364,MIAMO SOFT SATIN CREAM 50ML,magazzino,entra,top3/5,99,63.20,39.50,55.20,28.4,11,15.70,1.00,63
189,16,MPF,986967558,EKEEP G3 FULL FOAM ROM TUT GIN,magazzino,sale,top3/5,5,74.39,55.75,71.34,21.8,11,15.59,1.00,74
190,15,MPF,975454986,CONNETTIVINASILVER PLUS SPRAY,magazzino,sale,top3/5,4,5.93,4.62,5.91,21.8,19,1.29,12.00,75
191,15,Farmacia Procaccini,913231611,PHLORETIN CF SERUM 30ML,magazzino,entra,top3/5,17,165.74,119.34,134.82,11.5,11,15.48,1.00,157
192,15,Farmainsieme,022816021,"SOMATOLINE*EMULS 30BS 0,1+0,3%",magazzino,entra,top3/5,24,39.55,32.15,37.26,13.7,13,5.11,3.00,137
193,15,MPF,020124121,"FENISTIL*0,1% GEL 30G",magazzino,sale,top3/5,4,5.07,3.78,5.05,25.1,19,1.27,12.00,74
194,15,MPF,909467906,ZEEL T 50CPR HEEL,magazzino,sale,top3/5,1,10.44,8.68,10.34,16.1,16,1.66,9.00,104
195,15,Farmainsieme,951232103,OMRON SFIGMO BRACCIO M2 ESS,magazzino,sale,top3/5,5,32.29,24.94,29.85,16.5,16,4.91,3.00,93
196,15,MPF,988142927,EKEEP G3 SHORT FULL FOAM TUT,magazzino,sale,top3/5,6,72.93,54.65,69.36,21.2,11,14.71,1.00,71
197,15,Farmacia Procaccini,975454986,CONNETTIVINASILVER PLUS SPRAY,magazzino,entra,top3/5,11,6.14,4.69,5.91,20.7,19,1.22,12.00,75
198,14,Farmacia Procaccini,931114298,VEA MINILIPOGEL IDR PROT 10ML,magazzino,sale,top3/5,10,9.35,7.49,9.30,19.5,19,1.81,8.00,73
199,14,MPF,940337835,RETONIX MEMO 30BUST,magazzino,entra,top3/5,99,29.42,24.64,29.40,16.2,16,4.76,3.00,83
200,14,MPF,029454042,BUSCOPAN COMPOSITUM*20CPR RIV,magazzino,sale,top3/5,5,11.42,8.97,10.74,16.5,16,1.78,8.00,89
201,14,Farmacia Procaccini,029454042,BUSCOPAN COMPOSITUM*20CPR RIV,magazzino,sale,top3/5,4,10.88,8.97,10.74,16.5,16,1.78,8.00,89
202,14,Farmacia Mandanici,029454042,BUSCOPAN COMPOSITUM*20CPR RIV,magazzino,entra,top3/5,99,11.47,8.97,10.74,16.5,16,1.78,8.00,89
203,14,MPF,980512762,CERAMOL LIPOCREMA 311 100ML,magazzino,sale,top3/5,4,15.03,11.36,14.18,19.9,16,2.82,5.00,83
204,14,MPF,950276737,GIBAUD ORTHO CORS LOMB ACT V 4,magazzino,sale,top3/5,7,72.44,55.09,69.13,20.3,11,14.04,1.00,69
205,13,MPF,986895478,EKEEP H3 MALLEOKEEP CAVIGL 3,magazzino,sale,top3/5,5,75.28,48.03,61.52,21.9,11,13.49,1.00,71
206,13,MPF,931839474,DOA ZINC PAST 75ML,magazzino,entra,top3/5,99,12.75,10.38,12.62,17.7,16,2.24,6.00,74
207,13,MPF,988066231,BIOSCALIN PRO DENSITY BOOST16F,magazzino,entra,top3/5,99,53.02,42.81,49.50,13.5,13,6.69,2.00,113
208,13,MPF,025519063,"MAG 2*OS SOLUZ 20BUST1,5G/10ML",magazzino,sale,top3/5,7,11.36,9.31,11.16,16.6,16,1.85,7.00,82
209,13,Farmainsieme,989669902,DEFENCE SUN 50+ SPRAY 200ML,magazzino,sale,top3/5,7,11.62,9.30,11.14,16.5,16,1.84,7.00,89
210,13,Farmacia Mandanici,045386075,BUSCOFENPOCKET*OS 10BUST 400MG,magazzino,entra,top3/5,99,6.62,5.15,6.57,21.6,19,1.42,9.00,68
211,13,MPF,982934010,FITOSTIMOLINE SEPTAGEL GEL VAG,magazzino,sale,top3/5,1,10.52,8.25,10.34,20.2,16,2.09,6.00,72
212,12,Farmacia Mandanici,034680025,RIGENTEX*30CPS MOLLI 400UI,magazzino,entra,top3/5,99,12.72,9.16,11.24,18.5,16,2.08,6.00,67
213,12,MPF,989669902,DEFENCE SUN 50+ SPRAY 200ML,magazzino,entra,top3/5,99,11.80,9.36,11.14,16.0,16,1.78,7.00,89
214,12,Farmacia Mandanici,046039032,FASTUADVANCE*SPRAY 25G 4%,magazzino,entra,top3/5,99,7.94,6.14,7.69,20.2,19,1.55,8.00,70
215,12,Farmacia Mandanici,931839474,DOA ZINC PAST 75ML,magazzino,entra,top3/5,99,12.67,10.57,12.62,16.3,16,2.05,6.00,74
216,12,Farmacia Procaccini,950216364,MIAMO SOFT SATIN CREAM 50ML,magazzino,entra,top3/5,99,63.20,43.44,55.20,21.3,11,11.76,1.00,63
217,11,MPF,976104947,TRIDERM AD CREMA EMOLLIENTE,magazzino,sale,top3/5,3,21.34,17.35,21.18,18.1,16,3.83,3.00,65
218,11,Farmacia Mandanici,034936106,FLUIMUCIL MUCOL*30BUST200MGS/Z,magazzino,entra,top3/5,99,7.35,5.72,7.09,19.3,19,1.37,8.00,63
219,11,Farmacia Procaccini,986959132,AGE ADVANCED EYE 15ML,magazzino,entra,top3/5,14,106.25,76.49,87.34,12.4,11,10.85,1.00,101
220,11,Farmainsieme,944143585,ISDINCEUTICS HYALURONIC MOIST,magazzino,sale,top3/5,3,35.41,27.21,32.63,16.6,13,5.42,2.00,66
221,11,Farmacia Procaccini,921668238,AOX EYE GEL 15ML,magazzino,entra,top3/5,99,102.00,73.44,83.97,12.5,11,10.53,1.00,96
222,10,Farmacia Mandanici,037474032,CAREDIESSE*SHAMP2FL 60ML10MG/G,magazzino,entra,top3/5,99,16.63,13.49,16.09,16.2,16,2.60,4.00,65
223,10,MPF,975997863,EKEEP B1 POSTURAL BRA 2,magazzino,entra,top3/5,12,63.11,48.54,58.90,17.6,11,10.36,1.00,64
224,10,Farmacia Procaccini,042822015,"FROBEN GOLA*COLLUT 160ML 0,25%",magazzino,sale,top3/5,3,5.45,4.16,5.19,19.9,19,1.03,10.00,64
225,10,Farmainsieme,930993276,ANONET LIQUIDO FOAMER 150ML,magazzino,entra,top3/5,99,6.82,5.37,6.76,20.6,19,1.39,7.00,82
226,8,Farmacia Procaccini,973474543,BLEMISH+AGE SOLUTION 200ML,magazzino,entra,top3/5,14,46.75,29.40,37.87,22.4,13,8.47,1.00,65
227,6,Farmacia Procaccini,926562784,OMRON A3 NEBULIZZATORE+DOC NAS,magazzino,sale,top3/5,5,55.76,46.85,52.98,11.6,11,6.13,1.00,65
228,967,Farmacia Procaccini,941079055,ARTIKRILL DOL CANE 200PRL,grossista,entra,pos4-7,99,60.02,50.86,58.24,12.7,11,7.38,131.00,7707
229,884,Farmainsieme,952052898,KALANIT DOL LIMONE 14BUST,grossista,entra,pos4-7,12,28.43,22.94,28.08,18.3,16,5.14,172.00,4494
230,539,Farmacia Procaccini,931011288,ARTIKRILL 200PRL,grossista,entra,pos4-7,99,56.77,43.67,51.37,15.0,11,7.70,70.00,3618
231,532,Farmacia Procaccini,952125920,GLIALIA 700MG+70MG 30BUST,grossista,entra,pos4-7,16,34.25,26.35,31.78,17.1,13,5.43,98.00,2969
232,513,Papa,931011288,ARTIKRILL 200PRL,grossista,entra,pos4-7,99,55.50,44.04,51.37,14.3,11,7.33,70.00,3618
233,496,MPF,931011288,ARTIKRILL 200PRL,grossista,sale,pos4-7,7,51.48,44.28,51.37,13.8,11,7.09,70.00,3618
234,461,Papa,952125920,GLIALIA 700MG+70MG 30BUST,grossista,entra,pos4-7,11,32.28,27.08,31.78,14.8,13,4.70,98.00,2969
235,398,Papa,950497952,TRICOVEL MIRNA EXOSOMES GEL4TU,grossista,sale,pos4-7,5,72.01,59.51,69.98,15.0,11,10.47,38.00,2559
236,356,Farmacia Procaccini,950497952,TRICOVEL MIRNA EXOSOMES GEL4TU,grossista,entra,pos4-7,13,71.52,60.61,69.98,13.4,11,9.37,38.00,2559
237,343,Papa,983358882,NEUROTRIX 30BUST,grossista,sale,pos4-7,3,42.02,33.35,39.47,15.5,13,6.12,56.00,2091
238,339,Papa,950024810,FLOMEL 500 40BUST,grossista,sale,pos4-7,10,34.21,27.45,32.92,16.6,13,5.47,62.00,1936
239,326,Papa,984789646,BIOLIFE IMMUNOPET STRONG 60CPS,grossista,entra,pos4-7,99,102.90,68.67,81.70,15.9,11,13.03,25.00,1920
240,312,Papa,944146529,FERTYBIOTIC DONNA 30BUST,grossista,entra,pos4-7,99,51.25,40.68,49.11,17.2,13,8.43,37.00,1686
241,306,Farmastelia,950497952,TRICOVEL MIRNA EXOSOMES GEL4TU,grossista,entra,pos4-7,12,72.16,61.94,69.98,11.5,11,8.04,38.00,2559
242,291,Farmainsieme,983358882,NEUROTRIX 30BUST,grossista,entra,pos4-7,16,44.22,34.28,39.47,13.1,13,5.19,56.00,2091
243,291,Farmastelia,983358882,NEUROTRIX 30BUST,grossista,sale,pos4-7,8,40.78,34.28,39.47,13.1,13,5.19,56.00,2091
244,289,Farmacia Procaccini,047839016,TRACTANA*28CPR RIV 200MG,grossista,entra,pos4-7,23,17.93,13.79,16.62,17.0,16,2.83,102.00,1638
245,258,Papa,983321276,HYADROL SIRINGA INTRA-ART 2ML,grossista,entra,pos4-7,22,53.40,42.38,50.20,15.6,11,7.82,33.00,1629
246,251,Farmacia Procaccini,983376359,RILASTIL SMAGLIATURE CR E/I/E,grossista,sale,pos4-7,9,26.08,21.20,25.76,17.7,16,4.56,55.00,1029
247,236,Farmastelia,984789646,BIOLIFE IMMUNOPET STRONG 60CPS,grossista,sale,pos4-7,10,84.17,72.25,81.70,11.6,11,9.45,25.00,1920
248,219,Farmastelia,987404682,VISCAPLUS PRP+ 6X12ML,grossista,sale,pos4-7,10,61.68,53.18,61.62,13.7,11,8.44,26.00,1517
249,219,MPF,987404682,VISCAPLUS PRP+ 6X12ML,grossista,entra,pos4-7,11,63.69,53.18,61.62,13.7,11,8.44,26.00,1517
250,213,Farmacia Procaccini,987404682,VISCAPLUS PRP+ 6X12ML,grossista,entra,pos4-7,99,65.73,53.44,61.62,13.3,11,8.18,26.00,1517
251,213,Farmainsieme,951032871,SYNAPSINE L 1000 10FL,grossista,entra,pos4-7,14,31.79,26.50,30.93,14.3,13,4.43,48.00,1402
252,210,Farmainsieme,987404682,VISCAPLUS PRP+ 6X12ML,grossista,entra,pos4-7,99,63.69,53.55,61.62,13.1,11,8.07,26.00,1517
253,210,Farmacia Procaccini,937494488,CONVEEN OPTIMA GUAINA 30MM 30P,grossista,entra,pos4-7,99,56.43,47.82,55.59,14.0,11,7.77,27.00,1519
254,206,Papa,943251494,BIOLIFTAN GOLD CREAM 50ML,grossista,sale,pos4-7,5,76.35,60.60,73.45,17.5,11,12.85,16.00,1084
255,205,MPF,943251494,BIOLIFTAN GOLD CREAM 50ML,grossista,sale,pos4-7,5,75.59,60.61,73.45,17.5,11,12.84,16.00,1084
256,205,MPF,937494488,CONVEEN OPTIMA GUAINA 30MM 30P,grossista,sale,pos4-7,9,56.89,47.99,55.59,13.7,11,7.60,27.00,1519
257,205,Farmainsieme,937494488,CONVEEN OPTIMA GUAINA 30MM 30P,grossista,entra,pos4-7,15,56.88,47.99,55.59,13.7,11,7.60,27.00,1519
258,205,Papa,937494488,CONVEEN OPTIMA GUAINA 30MM 30P,grossista,entra,pos4-7,15,56.88,47.99,55.59,13.7,11,7.60,27.00,1519
259,205,Farmastelia,937494488,CONVEEN OPTIMA GUAINA 30MM 30P,grossista,sale,pos4-7,7,56.88,47.99,55.59,13.7,11,7.60,27.00,1519
260,186,Papa,980258937,COLIN A 1000 30FL 10ML,grossista,entra,pos4-7,11,66.91,54.82,64.14,14.5,11,9.32,20.00,1253
261,178,Farmacia Procaccini,989362595,CONDROGEN PUPPY 90CPR,grossista,entra,pos4-7,18,54.40,41.85,49.28,15.1,13,7.43,24.00,1186
262,175,Papa,951889930,APTODIN ESO 30STICKPACK,grossista,entra,pos4-7,31,44.80,30.87,36.17,14.7,13,5.30,33.00,1147
263,163,Papa,989362595,CONDROGEN PUPPY 90CPR,grossista,entra,pos4-7,99,53.51,42.47,49.28,13.8,13,6.81,24.00,1186
264,161,Papa,940005212,MATERPLUS 1 90CPS,grossista,entra,pos4-7,99,42.36,33.62,40.33,16.6,13,6.71,24.00,917
265,160,Farmainsieme,989362595,CONDROGEN PUPPY 90CPR,grossista,entra,pos4-7,13,54.99,42.63,49.28,13.5,13,6.65,24.00,1186
266,156,Papa,987296047,FERALIV 60 Cpr,grossista,entra,pos4-7,99,45.41,36.04,43.15,16.5,13,7.11,22.00,876
267,145,MPF,980258937,COLIN A 1000 30FL 10ML,grossista,sale,pos4-7,10,66.91,56.91,64.14,11.3,11,7.23,20.00,1253
268,145,Farmastelia,980258937,COLIN A 1000 30FL 10ML,grossista,sale,pos4-7,8,66.91,56.91,64.14,11.3,11,7.23,20.00,1253
269,138,Farmainsieme,990004071,PROINTEX 14BUST,grossista,entra,pos4-7,99,36.88,30.78,36.79,16.3,13,6.01,23.00,804
270,137,Papa,989355856,GENANTE 90CPR,grossista,entra,pos4-7,99,80.32,63.75,79.02,19.3,11,15.27,9.00,657
271,136,Papa,979945540,RIPANERV 45CPR,grossista,entra,pos4-7,27,59.00,40.47,47.26,14.4,13,6.79,20.00,886
272,135,Papa,949973503,DIABEC 60CPS MOLLI,grossista,sale,pos4-7,4,47.00,32.46,37.45,13.3,13,4.99,27.00,1010
273,135,MPF,950991923,GLIALIA SOSPENSIONE ORAL20BUST,grossista,sale,pos4-7,10,30.65,25.07,30.06,16.6,13,4.99,27.00,769
274,134,Farmacia Procaccini,989362633,CONDROSTRESS MOBILITY 90CHEWS,grossista,entra,pos4-7,20,60.36,46.43,54.33,14.5,11,7.90,17.00,937
275,132,Farmacia Procaccini,949973503,DIABEC 60CPS MOLLI,grossista,entra,pos4-7,99,38.11,32.57,37.45,13.0,13,4.88,27.00,1010
276,127,Farmacia Procaccini,974381093,REV IDRAX BOTU' PLUS CR 50ML,grossista,entra,pos4-7,20,65.79,55.75,65.52,14.9,11,9.77,13.00,816
277,125,Papa,990004071,PROINTEX 14BUST,grossista,entra,pos4-7,17,39.49,31.34,36.79,14.8,13,5.45,23.00,804
278,124,Farmainsieme,989362633,CONDROSTRESS MOBILITY 90CHEWS,grossista,entra,pos4-7,13,55.65,47.02,54.33,13.5,11,7.31,17.00,937
279,124,Papa,989362633,CONDROSTRESS MOBILITY 90CHEWS,grossista,entra,pos4-7,99,59.26,47.03,54.33,13.4,11,7.30,17.00,937
280,124,Papa,951841408,MAVOSTEN MAGNEGIO 180CPS,grossista,entra,pos4-7,16,59.99,44.86,53.71,16.5,11,8.85,14.00,722
281,124,Farmastelia,989362633,CONDROSTRESS MOBILITY 90CHEWS,grossista,entra,pos4-7,11,55.65,47.06,54.33,13.4,11,7.27,17.00,937
282,123,Farmacia Procaccini,970488831,KIJIMEA COLON IRRITABILE 84CPS,grossista,entra,pos4-7,99,81.67,62.82,71.62,12.3,11,8.80,14.00,1002
283,123,Papa,987822057,EUREKOL GLAU 60CPS ACIDORESIST,grossista,entra,pos4-7,99,52.00,35.55,42.01,15.4,13,6.46,19.00,752
284,123,MPF,950059434,MIGLIORIN GELLULE 180CPS,grossista,sale,pos4-7,7,58.55,47.28,56.72,16.6,11,9.44,13.00,709
285,123,Papa,950059434,MIGLIORIN GELLULE 180CPS,grossista,entra,pos4-7,14,59.57,47.28,56.72,16.6,11,9.44,13.00,709
286,117,Papa,970488831,KIJIMEA COLON IRRITABILE 84CPS,grossista,entra,pos4-7,99,79.75,63.29,71.62,11.6,11,8.33,14.00,1002
287,117,Papa,974381093,REV IDRAX BOTU' PLUS CR 50ML,grossista,entra,pos4-7,99,79.00,56.55,65.52,13.7,11,8.97,13.00,816
288,117,Farmastelia,974381093,REV IDRAX BOTU' PLUS CR 50ML,grossista,sale,pos4-7,8,67.80,56.55,65.52,13.7,11,8.97,13.00,816
289,116,Farmainsieme,974381093,REV IDRAX BOTU' PLUS CR 50ML,grossista,entra,pos4-7,11,67.80,56.56,65.52,13.7,11,8.96,13.00,816
290,116,Farmainsieme,950991923,GLIALIA SOSPENSIONE ORAL20BUST,grossista,entra,pos4-7,15,31.46,25.78,30.06,14.2,13,4.28,27.00,769
291,114,Farmacia Procaccini,950946766,MIRADREN 30CPR,grossista,entra,pos4-7,15,23.95,18.43,22.24,17.1,16,3.81,30.00,624
292,114,Papa,800601179,2LPAPI 30CPS,grossista,entra,pos4-7,99,51.63,40.98,49.14,16.6,13,8.16,14.00,615
293,114,Farmainsieme,800601179,2LPAPI 30CPS,grossista,entra,pos4-7,99,49.16,41.00,49.14,16.6,13,8.14,14.00,615
294,111,MPF,970488831,KIJIMEA COLON IRRITABILE 84CPS,grossista,entra,pos4-7,99,73.89,63.68,71.62,11.1,11,7.94,14.00,1002
295,111,Farmastelia,970488831,KIJIMEA COLON IRRITABILE 84CPS,grossista,entra,pos4-7,13,73.89,63.68,71.62,11.1,11,7.94,14.00,1002
296,110,Farmainsieme,987822057,EUREKOL GLAU 60CPS ACIDORESIST.,grossista,entra,pos4-7,99,44.18,36.21,42.01,13.8,13,5.80,19.00,752
297,108,MPF,987718792,ORALB POWER ORAL CENTER+IO6,grossista,sale,pos4-7,10,180.23,153.05,180.12,15.0,11,27.07,4.00,555
298,106,Papa,976014504,LYPEX 60CPS,grossista,entra,pos4-7,17,99.01,78.58,93.76,16.2,11,15.18,7.00,627
299,106,Farmacia Procaccini,023585019,NEURABEN*30CPS 100MG,grossista,entra,pos4-7,99,14.41,11.09,13.45,17.5,16,2.36,45.00,583
300,106,Farmainsieme,980258925,COLIN A 600 30F 10ML,grossista,entra,pos4-7,13,42.63,35.70,41.26,13.5,13,5.56,19.00,756
301,105,Papa,980258925,COLIN A 600 30F 10ML,grossista,sale,pos4-7,10,42.63,35.71,41.26,13.5,13,5.55,19.00,756
302,105,Farmastelia,980258925,COLIN A 600 30F 10ML,grossista,sale,pos4-7,9,42.63,35.72,41.26,13.4,13,5.54,19.00,756
303,105,MPF,980258925,COLIN A 600 30F 10ML,grossista,entra,pos4-7,11,42.64,35.72,41.26,13.4,13,5.54,19.00,756
304,105,Farmacia Procaccini,986488916,PSIPROTO FERT 90CPS,grossista,entra,pos4-7,14,62.93,48.41,56.49,14.3,11,8.08,13.00,753
305,105,Farmacia Procaccini,984896656,SYREL 30CPS MOLLI,grossista,sale,pos4-7,5,17.63,13.56,16.47,17.7,16,2.91,36.00,592
306,104,Farmacia Procaccini,935669655,VITGASE 30CPR,grossista,entra,pos4-7,19,20.44,15.72,18.86,16.6,16,3.14,33.00,588
307,103,Farmainsieme,975359720,ASUDYN 60CPR,grossista,entra,pos4-7,99,37.05,30.28,36.69,17.5,13,6.41,16.00,566
308,102,Farmainsieme,985722495,KIJIMEA K53 ADVANCE 84CPS,grossista,entra,pos4-7,22,74.00,59.13,66.95,11.7,11,7.82,13.00,864
309,102,Papa,985722495,KIJIMEA K53 ADVANCE 84CPS,grossista,entra,pos4-7,99,74.51,59.14,66.95,11.7,11,7.81,13.00,864
310,100,Farmastelia,985722495,KIJIMEA K53 ADVANCE 84CPS,grossista,sale,pos4-7,10,69.38,59.26,66.95,11.5,11,7.69,13.00,864
311,100,MPF,985722495,KIJIMEA K53 ADVANCE 84CPS,grossista,entra,pos4-7,99,68.48,59.26,66.95,11.5,11,7.69,13.00,864
312,100,Farmacia Procaccini,951343856,NERADIN 112CPS,grossista,sale,pos4-7,8,80.84,62.18,73.28,15.1,11,11.10,9.00,646
313,98,Farmacia Procaccini,945098325,REUTERAL PET CANE 30CPS,grossista,sale,pos4-7,6,14.52,11.17,13.81,19.1,16,2.64,37.00,483
314,97,Farmacia Procaccini,982134809,CONDRONIL FORTE 30BUST,grossista,entra,pos4-7,21,34.04,27.68,32.11,13.8,13,4.43,22.00,691
315,97,Farmacia Procaccini,985722495,KIJIMEA K53 ADVANCE 84CPS,grossista,entra,pos4-7,99,74.90,59.46,66.95,11.2,11,7.49,13.00,864
316,96,Papa,950612933,FIBRO24 PLUS 90CPR,grossista,entra,pos4-7,12,27.33,21.87,26.23,16.6,16,4.36,22.00,433
317,95,Farmainsieme,982134809,CONDRONIL FORTE 30BUST,grossista,entra,pos4-7,99,32.61,27.80,32.11,13.4,13,4.31,22.00,691
318,95,Papa,982134809,CONDRONIL FORTE 30BUST,grossista,entra,pos4-7,16,33.09,27.81,32.11,13.4,13,4.30,22.00,691
319,94,Farmastelia,982134809,CONDRONIL FORTE 30BUST,grossista,sale,pos4-7,10,32.61,27.82,32.11,13.4,13,4.29,22.00,691
320,93,Papa,951273907,CONDROMAX FORTE 10BUST,grossista,entra,pos4-7,13,23.68,19.11,22.84,16.3,16,3.73,25.00,541
321,93,Farmainsieme,951273907,CONDROMAX FORTE 10BUST,grossista,entra,pos4-7,12,22.92,19.11,22.84,16.3,16,3.73,25.00,541
322,93,Farmainsieme,976014504,LYPEX 60CPS,grossista,entra,pos4-7,99,103.87,80.52,93.76,14.1,11,13.24,7.00,627
323,92,Papa,979077866,MD33 MAXC CLASSIC 21MINIBRIK 1,grossista,entra,pos4-7,23,49.95,37.14,44.82,17.1,13,7.68,12.00,489
324,92,MPF,979077866,MD33 C MAX 21MINIBRIK 10ML FIT,grossista,sale,pos4-7,8,44.95,37.14,44.82,17.1,13,7.68,12.00,489
325,91,Papa,985631860,LUJA CATETERE UOMO CH12 30PZ,grossista,entra,pos4-7,14,126.27,69.44,80.82,14.1,11,11.38,8.00,630
326,91,Farmainsieme,951343856,NERADIN 112CPS,grossista,entra,pos4-7,99,75.06,63.18,73.28,13.8,11,10.10,9.00,646
327,90,Papa,942801150,LESSTAT FORTE 60CPR,grossista,entra,pos4-7,99,52.00,32.11,37.72,14.9,13,5.61,16.00,583
328,89,Papa,975176684,PEALIP 20CPR,grossista,entra,pos4-7,11,23.52,19.06,22.78,16.3,16,3.72,24.00,509
329,88,Farmacia Procaccini,907146777,COLESTAT 30CPS,grossista,entra,pos4-7,20,24.78,19.06,23.07,17.4,16,4.01,22.00,490
330,88,Farmastelia,950059434,MIGLIORIN GELLULE 180CPS,grossista,sale,pos4-7,8,58.46,49.97,56.72,11.9,11,6.75,13.00,709
331,87,Papa,985774381,TRIVIS DONNA PLUS 30CPS,grossista,entra,pos4-7,99,73.00,50.13,57.38,12.6,11,7.25,12.00,680
332,87,Farmastelia,985774381,TRIVIS DONNA PLUS 30CPS,grossista,entra,pos4-7,12,60.09,50.17,57.38,12.6,11,7.21,12.00,680
333,87,MPF,985774381,TRIVIS DONNA PLUS 30CPS,grossista,sale,pos4-7,10,58.09,50.17,57.38,12.6,11,7.21,12.00,680
334,86,Farmainsieme,951090315,COSEQUIN ADVANCED CANE 120CPR,grossista,sale,pos4-7,10,65.41,54.51,64.11,15.0,11,9.60,9.00,565
335,86,Papa,924873247,NKLIFE AHCC 60CPS,grossista,entra,pos4-7,99,57.71,45.80,55.38,17.3,11,9.58,9.00,494
336,86,MPF,985631860,LUJA CATETERE UOMO CH12 30PZ,grossista,sale,pos4-7,6,80.84,70.05,80.82,13.3,11,10.77,8.00,630
337,86,Farmainsieme,985631860,LUJA CATETERE UOMO CH12 30PZ,grossista,entra,pos4-7,16,82.66,70.05,80.82,13.3,11,10.77,8.00,630
338,86,Farmastelia,985631860,LUJA CATETERE UOMO CH12 30PZ,grossista,entra,pos4-7,12,80.84,70.05,80.82,13.3,11,10.77,8.00,630
339,86,Papa,951343856,NERADIN 112CPS,grossista,entra,pos4-7,99,80.32,63.75,73.28,13.0,11,9.53,9.00,646
340,86,Farmastelia,951343856,NERADIN 112CPS,grossista,sale,pos4-7,9,75.06,63.75,73.28,13.0,11,9.53,9.00,646
341,86,Papa,924284932,HYPERMIX BARATTOLO 200ML,grossista,entra,pos4-7,99,63.50,35.73,41.43,13.8,13,5.70,15.00,594
342,86,Farmastelia,924284932,HYPERMIX BARATTOLO 200ML,grossista,sale,pos4-7,6,41.47,35.73,41.43,13.8,13,5.70,15.00,594
343,84,Farmainsieme,945098325,REUTERAL PET CANE 30CPS,grossista,entra,pos4-7,99,14.87,11.53,13.81,16.5,16,2.28,37.00,483
344,84,Farmacia Procaccini,935513390,VIVIFAST 20CPR,grossista,sale,pos4-7,10,30.71,26.25,30.68,14.4,13,4.43,19.00,567
345,84,MPF,924873247,NKLIFE AHCC 60CPS,grossista,sale,pos4-7,3,56.27,46.04,55.38,16.9,11,9.34,9.00,494
346,84,Papa,951090315,COSEQUIN ADVANCED CANE 120CPR,grossista,entra,pos4-7,99,69.07,54.81,64.11,14.5,11,9.30,9.00,565
347,83,Farmainsieme,983364478,MAGNESIO COMPOSIT.POLV 500GR GIO,grossista,entra,pos4-7,19,61.12,47.38,54.93,13.7,11,7.55,11.00,602
348,83,Papa,983364478,MAGNESIUM COMPOSITUM POLV 500G,grossista,entra,pos4-7,99,59.70,47.38,54.93,13.7,11,7.55,11.00,602
349,83,Farmastelia,983364478,MAGNESIUM COMPOSITUM POLV 500G,grossista,sale,pos4-7,8,54.95,47.38,54.93,13.7,11,7.55,11.00,602
350,83,Farmacia Procaccini,983364478,MAGNESIUM COMPOSITUM POLV 500G,grossista,entra,pos4-7,99,61.60,47.39,54.93,13.7,11,7.54,11.00,602
351,82,Farmacia Procaccini,989893019,REDIPET 30CPR,grossista,entra,pos4-7,18,18.06,13.89,16.54,16.0,16,2.65,31.00,483
352,82,Papa,940532548,SYALOX 300 PLUS 30CPR TRIPLO S,grossista,entra,pos4-7,13,32.51,27.16,31.98,15.1,13,4.82,17.00,537
353,80,MPF,935513390,VIVIFAST 20CPR,grossista,entra,pos4-7,99,31.05,26.48,30.68,13.7,13,4.20,19.00,567
354,80,Papa,935513390,VIVIFAST 20CPR,grossista,entra,pos4-7,99,32.57,26.48,30.68,13.7,13,4.20,19.00,567
355,79,Farmacia Procaccini,950837207,KIJIMEA K53 ADVANCE 20CPS,grossista,entra,pos4-7,12,20.78,17.17,20.76,17.3,16,3.59,22.00,436
356,79,Farmacia Procaccini,934545373,TRIADENOR 16CPR,grossista,entra,pos4-7,99,22.94,17.64,21.39,17.5,16,3.75,21.00,425
357,79,Farmacia Procaccini,985774381,TRIVIS DONNA PLUS 30CPS,grossista,entra,pos4-7,99,59.98,50.83,57.38,11.4,11,6.55,12.00,680
358,77,Farmainsieme,988829305,COLLAGE SKIN 30STICK,grossista,entra,pos4-7,13,27.89,22.23,26.76,16.9,16,4.53,17.00,433
359,77,Farmacia Procaccini,980182897,VENOLEX 30CPR,grossista,entra,pos4-7,24,23.50,18.07,21.57,16.2,16,3.50,22.00,460
360,76,Farmacia Procaccini,974389278,AMADA 60CPR,grossista,entra,pos4-7,23,60.19,46.30,52.17,11.3,11,5.87,13.00,680
361,76,Papa,922249141,MEPILEX BORDER SACRUM 15X15 5P,grossista,entra,pos4-7,99,64.00,44.49,51.38,13.4,11,6.89,11.00,427
362,76,MPF,922249141,MEPILEX BORDER SACRUM 15X15 5P,grossista,sale,pos4-7,6,51.43,44.49,51.38,13.4,11,6.89,11.00,427
363,75,Papa,988829305,COLLAGE SKIN 30 Stick 15ml,grossista,entra,pos4-7,11,27.89,22.32,26.76,16.6,16,4.44,17.00,433
364,75,Papa,037291073,CAREXIDIL*4FL SOLUZ CUT 60ML5%,grossista,entra,pos4-7,19,70.49,55.95,64.33,13.0,11,8.38,9.00,580
365,75,Farmacia Procaccini,944146531,FERTYBIOTIC UOMO 60CPS,grossista,entra,pos4-7,99,59.60,45.85,53.39,14.1,11,7.54,10.00,518
366,75,Papa,980767735,NEOSTRATA TRIPLE FIRMING NECK,grossista,entra,pos4-7,12,56.82,45.09,54.48,17.2,11,9.39,8.00,392
367,75,MPF,931160485,AUSILIUM FORTE 300G,grossista,sale,pos4-7,9,74.02,63.82,73.18,12.8,11,9.36,8.00,583
368,75,Farmainsieme,944146531,FERTYBIOTIC UOMO 60CPS,grossista,entra,pos4-7,12,55.10,45.91,53.39,14.0,11,7.48,10.00,518
369,75,Papa,944146531,FERTYBIOTIC UOMO 60CPS,grossista,entra,pos4-7,99,57.87,45.93,53.39,14.0,11,7.46,10.00,518
370,74,Farmainsieme,037291073,CAREXIDIL*4FL SOLUZ CUT 60ML5%,grossista,entra,pos4-7,99,66.98,56.11,64.33,12.8,11,8.22,9.00,580
371,74,Farmacia Procaccini,037291073,CAREXIDIL*4FL SOLUZ CUT 60ML5%,grossista,entra,pos4-7,22,72.96,56.12,64.33,12.8,11,8.21,9.00,580
372,74,MPF,037291073,CAREXIDIL*4FL SOLUZ CUT 60ML5%,grossista,entra,pos4-7,11,66.98,56.12,64.33,12.8,11,8.21,9.00,580
373,74,Farmacia Procaccini,986117202,TRIVIS AGA UOMO LOZIONE 100ML,grossista,sale,pos4-7,9,67.45,54.84,67.10,18.3,11,12.26,6.00,401
374,72,MPF,931465494,SPEEDICATH COMP U NEL CH12 30P,grossista,sale,pos4-7,9,83.68,70.05,79.07,11.4,11,9.02,8.00,634
375,72,Papa,931465494,SPEEDICATH COMP U NEL CH12 30P,grossista,entra,pos4-7,22,84.76,70.05,79.07,11.4,11,9.02,8.00,634
376,72,Papa,943791160,RELAXIGEN PET MINI 20CPR,grossista,entra,pos4-7,13,16.47,13.32,15.99,16.7,16,2.67,27.00,412
377,71,Farmainsieme,940532548,SYALOX 300 PLUS 30CPR TRIPLO S,grossista,entra,pos4-7,99,35.86,27.80,31.98,13.1,13,4.18,17.00,537
378,71,Papa,800146146,"MUCOSA COMP 10F 2,2ML HEEL",grossista,sale,pos4-7,10,58.16,49.17,57.99,15.2,11,8.82,8.00,429
379,70,Farmacia Procaccini,975512171,PREAPTAMIL PDF LATTE 24X90ML,grossista,entra,pos4-7,99,55.59,43.41,53.44,18.8,11,10.03,7.00,389
380,69,MPF,975701069,ALTRIENT LIPOSOMAL GLUT 30BUST,grossista,entra,pos4-7,99,112.60,94.63,108.51,12.8,11,13.88,5.00,521
381,69,Farmainsieme,949793374,PROSTADEP PLUS 60SOFTGEL,grossista,entra,pos4-7,99,40.08,32.66,39.58,17.5,13,6.92,10.00,360
382,69,Papa,950952491,GHC MEDICAL TRATT ESOSOMI PLUS,grossista,entra,pos4-7,11,70.61,56.38,67.87,16.9,11,11.49,6.00,367
383,67,Farmainsieme,927385219,CONVEEN OPTIMA GUAINA 28MM 30P,grossista,sale,pos4-7,10,58.26,48.54,56.90,14.7,11,8.36,8.00,453
384,66,MPF,927385219,CONVEEN OPTIMA GUAINA 28MM 30P,grossista,entra,pos4-7,11,58.26,48.65,56.90,14.5,11,8.25,8.00,453
385,66,Papa,927385219,CONVEEN OPTIMA GUAINA 28MM 30P,grossista,sale,pos4-7,10,58.26,48.65,56.90,14.5,11,8.25,8.00,453
386,64,Farmacia Procaccini,979841929,BROMELEX 30CPR,grossista,entra,pos4-7,25,23.54,18.11,21.69,16.5,16,3.58,18.00,375
387,64,Farmastelia,924873247,NKLIFE AHCC 60CPS,grossista,sale,pos4-7,8,56.32,48.24,55.38,12.9,11,7.14,9.00,494
388,64,Farmainsieme,924873247,NKLIFE AHCC 60CPS,grossista,entra,pos4-7,99,56.69,48.24,55.38,12.9,11,7.14,9.00,494
389,64,Farmastelia,911961098,EPATO 1500 PLUS 120CPR CANE,grossista,entra,pos4-7,12,78.33,66.21,76.88,13.9,11,10.67,6.00,416
390,64,Papa,911961098,EPATO 1500 PLUS 120CPR CANE,grossista,entra,pos4-7,99,83.42,66.21,76.88,13.9,11,10.67,6.00,416
391,63,Papa,984861981,BIG ONE 300CPR,grossista,entra,pos4-7,13,71.17,56.49,67.05,15.7,11,10.56,6.00,395
392,63,Farmainsieme,984861981,BIG ONE 300CPR,grossista,entra,pos4-7,99,67.96,56.49,67.05,15.7,11,10.56,6.00,395
393,63,Farmacia Procaccini,982941662,ESENTA RIMUOVI ADES SPRAY 50ML,grossista,entra,pos4-7,99,11.05,8.50,10.12,16.0,16,1.62,39.00,392
394,63,MPF,800146146,"MUCOSA COMP 10F 2,2ML HEEL",grossista,entra,pos4-7,99,59.56,50.15,57.99,13.5,11,7.84,8.00,429
395,63,Farmainsieme,800146146,MUCOSA COMPOSITUM HEEL 10 FI,grossista,entra,pos4-7,99,58.99,50.15,57.99,13.5,11,7.84,8.00,429
396,62,Farmastelia,944889070,COLLAGENDEP CELL PESCA RECHARG,grossista,sale,pos4-7,9,33.55,27.61,32.41,14.8,13,4.80,13.00,365
397,62,Papa,944889070,COLLAGENDEP CELL PESCA RECHARG,grossista,sale,pos4-7,10,33.55,27.61,32.41,14.8,13,4.80,13.00,365
398,62,Farmainsieme,911961098,EPATO 1500 PLUS 120CPR CANE,grossista,entra,pos4-7,13,78.33,66.50,76.88,13.5,11,10.38,6.00,416
399,62,Papa,986065631,COLLAGENE Vita+ 20Bust.,grossista,entra,pos4-7,12,43.60,34.61,41.52,16.6,13,6.91,9.00,348
400,62,Farmacia Procaccini,905435273,DECORTIL C CR VASETTO 250ML,grossista,entra,pos4-7,99,38.24,31.09,36.26,14.3,13,5.17,12.00,409
401,62,Papa,982517928,NEUROS 30CPR,grossista,entra,pos4-7,99,33.01,27.41,31.81,13.8,13,4.40,14.00,445
402,61,Papa,950453997,CITICOOS 1000 15FL,grossista,entra,pos4-7,12,34.81,28.01,33.60,16.6,13,5.59,11.00,349
403,61,Farmacia Procaccini,944959218,MULTI 45 100CPR,grossista,entra,pos4-7,12,19.30,15.95,19.18,16.8,16,3.23,19.00,348
404,61,Farmacia Procaccini,975701044,ALTRIENT LIPOSOMAL VITC 30BUST,grossista,entra,pos4-7,99,53.72,45.53,51.66,11.9,11,6.13,10.00,524
405,61,Farmacia Procaccini,950063279,OTOCIT 30STICKPACK,grossista,sale,pos4-7,5,33.65,25.88,32.00,19.1,13,6.12,10.00,310
406,61,Papa,951086432,LIBICARE MENO 60CPS,grossista,entra,pos4-7,11,31.49,25.47,31.01,17.9,13,5.54,11.00,325
407,61,Papa,026725034,REGAINE*SOLUZ 60ML 5%,grossista,entra,pos4-7,14,62.92,49.94,60.09,16.9,11,10.15,6.00,365
408,61,Farmacia Procaccini,026725034,REGAINE*SOLUZ 60ML 5%,grossista,entra,pos4-7,99,64.94,49.95,60.09,16.9,11,10.14,6.00,365
409,60,Farmacia Procaccini,951862162,"MIO LAXIN 14BUST 4,5G",grossista,entra,pos4-7,16,22.61,17.39,21.17,17.9,16,3.78,16.00,317
410,60,Farmainsieme,905435273,DECORTIL C CR VASETTO 250ML,grossista,entra,pos4-7,15,36.58,31.27,36.26,13.8,13,4.99,12.00,409
411,60,MPF,905435273,DECORTIL C CR VASETTO 250ML,grossista,entra,pos4-7,11,36.58,31.27,36.26,13.8,13,4.99,12.00,409
412,60,Papa,905435273,DECORTIL C CR VASETTO 250ML,grossista,entra,pos4-7,99,37.21,31.27,36.26,13.8,13,4.99,12.00,409
413,60,Papa,930661602,NEOGELA POLVERE 400G,grossista,entra,pos4-7,20,63.76,50.60,57.24,11.6,11,6.64,9.00,522
414,60,Farmainsieme,930661602,NEOGELA POLVERE 400G,grossista,entra,pos4-7,99,65.27,50.60,57.24,11.6,11,6.64,9.00,522
415,60,Farmastelia,930661602,NEOGELA POLVERE 400G,grossista,entra,pos4-7,12,58.72,50.60,57.24,11.6,11,6.64,9.00,522
416,60,MPF,930661602,NEOGELA POLVERE 400G,grossista,entra,pos4-7,12,58.72,50.60,57.24,11.6,11,6.64,9.00,522
417,60,Papa,987388877,IRONDELTA 30CPS,grossista,entra,pos4-7,12,21.53,17.37,21.09,17.6,16,3.72,16.00,314
418,59,MPF,982517928,NEUROS 30CPR,grossista,entra,pos4-7,11,32.31,27.57,31.81,13.3,13,4.24,14.00,445
419,59,Farmastelia,982517928,NEUROS 30CPR,grossista,sale,pos4-7,10,32.30,27.57,31.81,13.3,13,4.24,14.00,445
420,59,Farmainsieme,982517928,NEUROS 30CPR,grossista,entra,pos4-7,99,33.01,27.57,31.81,13.3,13,4.24,14.00,445
421,59,Papa,931385165,GENADIS 14BUST,grossista,entra,pos4-7,16,46.81,37.15,44.53,16.6,13,7.38,8.00,348
422,59,Farmastelia,989330345,CYSTIPHANE TRIPACK 2+1,grossista,sale,pos4-7,5,56.62,48.70,55.20,11.8,11,6.50,9.00,504
423,59,Papa,989330345,CYSTIPHANE TRIPACK 2+1,grossista,entra,pos4-7,99,58.92,48.70,55.20,11.8,11,6.50,9.00,504
424,59,Farmacia Mandanici,989330345,CYSTIPHANE TRIPACK 2+1,grossista,entra,pos4-7,99,56.62,48.70,55.20,11.8,11,6.50,9.00,504
425,58,Farmacia Procaccini,989330345,CYSTIPHANE TRIPACK 2+1,grossista,entra,pos4-7,99,57.48,48.71,55.20,11.8,11,6.49,9.00,504
426,58,Papa,985485984,ZEAFORCE 30CPS,grossista,entra,pos4-7,12,30.52,24.32,29.12,16.5,16,4.80,12.00,333
427,58,Papa,921232664,PESCURA HEEL ORIG BYCAST SAB39,grossista,sale,pos4-7,4,60.50,48.02,59.53,19.3,11,11.51,5.00,271
428,57,MPF,944889070,COLLAGENDEP CELL PESCA RECHARG,grossista,entra,pos4-7,12,33.56,28.00,32.41,13.6,13,4.41,13.00,365
429,57,Farmainsieme,989330345,CYSTIPHANE TRIPACK 2+1,grossista,entra,pos4-7,13,58.15,48.86,55.20,11.5,11,6.34,9.00,504
430,57,MPF,989330345,CYSTIPHANE TRIPACK 2+1,grossista,entra,pos4-7,11,58.17,48.86,55.20,11.5,11,6.34,9.00,504
431,56,MPF,986117202,TRIVIS AGA UOMO LOZIONE 100ML,grossista,sale,pos4-7,10,67.72,57.75,67.10,13.9,11,9.35,6.00,401
432,56,Farmainsieme,987388877,IRONDELTA 30CPS,grossista,entra,pos4-7,15,21.53,17.59,21.09,16.6,16,3.50,16.00,314
433,56,Farmainsieme,037291061,CAREXIDIL*3FL SOLUZ CUT 60ML5%,grossista,entra,pos4-7,99,65.03,50.41,58.38,13.7,11,7.97,7.00,410
434,56,Papa,037291061,CAREXIDIL*3FL SOLUZ CUT 60ML5%,grossista,entra,pos4-7,99,63.52,50.41,58.38,13.7,11,7.97,7.00,410
435,56,Farmacia Procaccini,944698707,SIDERAL MED 28BUST,grossista,entra,pos4-7,99,33.12,26.93,31.56,14.7,13,4.63,12.00,366
436,56,Papa,923386460,KELART 20BUSTINE LIQUIDO,grossista,entra,pos4-7,12,20.69,16.61,20.08,17.3,16,3.47,16.00,302
437,55,Farmacia Procaccini,930197254,COLONFIT ADVANCE FRUT RO20BUST,grossista,entra,pos4-7,11,12.22,10.10,12.20,17.2,16,2.10,26.00,304
438,55,Papa,904020981,DELTACRIN CAPSULE PHARCOS60CPS,grossista,entra,pos4-7,15,35.76,28.38,32.93,13.8,13,4.55,12.00,385
439,54,Farmastelia,904020981,DELTACRIN CAPSULE PHARCOS60CPS,grossista,entra,pos4-7,11,33.45,28.39,32.93,13.8,13,4.54,12.00,385
440,54,Farmainsieme,904020981,DELTACRIN CAPSULE PHARCOS60CPS,grossista,entra,pos4-7,99,36.64,28.40,32.93,13.8,13,4.53,12.00,385
441,54,MPF,970985519,HAIRGEN SHAMPOO 300ML,grossista,sale,pos4-7,8,25.68,20.91,25.08,16.6,16,4.17,13.00,306
442,54,Farmainsieme,986625818,OILFREE ATTIVO 300ML,grossista,entra,pos4-7,12,12.72,10.53,12.61,16.5,16,2.08,26.00,294
443,54,MPF,037291061,CAREXIDIL*3FL SOLUZ CUT 60ML5%,grossista,entra,pos4-7,13,61.06,50.66,58.38,13.2,11,7.72,7.00,410
444,54,Farmacia Procaccini,037291061,CAREXIDIL*3FL SOLUZ CUT 60ML5%,grossista,entra,pos4-7,99,65.85,50.66,58.38,13.2,11,7.72,7.00,410
445,54,MPF,982951446,SINOGEL SIR 3ML AGO G21,grossista,entra,pos4-7,99,126.82,108.30,126.30,14.3,11,18.00,3.00,388
446,54,Papa,982951446,"SINOGEL SIR INTRA-ART2,4%/1,6%",grossista,sale,pos4-7,10,126.82,108.30,126.30,14.3,11,18.00,3.00,388
447,53,Farmainsieme,950063279,OTOCIT 30STICKPACK,grossista,entra,pos4-7,14,34.40,26.66,32.00,16.7,13,5.34,10.00,310
448,53,Papa,951171329,LONGLIFE MAGTEIN MG L-THR60TAV,grossista,entra,pos4-7,99,39.90,30.14,34.96,13.8,13,4.82,11.00,375
449,53,Farmacia Procaccini,987297241,SINCRO Q10 30CPS,grossista,entra,pos4-7,99,19.43,14.95,17.89,16.4,16,2.94,18.00,309
450,53,Farmainsieme,982951446,SINOGEL SIR 3ML AGO G21,grossista,entra,pos4-7,99,129.94,108.76,126.30,13.9,11,17.54,3.00,388
451,52,Farmacia Procaccini,951091750,BIUREC 100ML,grossista,entra,pos4-7,12,18.38,14.14,17.41,18.8,16,3.27,16.00,257
452,52,Farmainsieme,986117202,TRIVIS AGA UOMO LOZ.ANTICADUCA 1,grossista,entra,pos4-7,16,69.24,58.39,67.10,13.0,11,8.71,6.00,401
453,52,Farmastelia,986117202,TRIVIS AGA UOMO LOZIONE 100ML,grossista,entra,pos4-7,12,69.24,58.39,67.10,13.0,11,8.71,6.00,401
454,52,Papa,023539075,TEGENS*OS GRAT 20BUST 160MG,grossista,entra,pos4-7,99,11.27,8.73,10.82,19.3,16,2.09,25.00,224
455,52,Farmacia Procaccini,931384198,MIRAFERRUM FORTE 30CPS,grossista,entra,pos4-7,17,20.84,16.03,19.28,16.9,16,3.25,16.00,294
456,52,Farmainsieme,931385165,GENADIS 14BUST,grossista,entra,pos4-7,13,46.42,38.03,44.53,14.6,13,6.50,8.00,348
457,52,Papa,038204020,"REGOLINT*OS POLV 20BUST 9,7G",grossista,sale,pos4-7,1,12.81,10.42,12.78,18.5,16,2.36,22.00,262
458,52,Farmainsieme,944698707,SIDERAL MED 28BUST,grossista,entra,pos4-7,99,32.27,27.24,31.56,13.7,13,4.32,12.00,366
459,52,Papa,944698707,SIDERAL MED 28BUST,grossista,entra,pos4-7,99,32.27,27.25,31.56,13.7,13,4.31,12.00,366
460,52,Papa,951091750,BIUREC 100ML,grossista,entra,pos4-7,99,17.64,14.18,17.41,18.6,16,3.23,16.00,257
461,52,Farmainsieme,989877737,VISIOCOLINA 50MG/ML SOL ORALE,grossista,entra,pos4-7,99,41.89,35.52,41.26,13.9,13,5.74,9.00,354
462,52,Farmastelia,944698707,SIDERAL MED 28BUST,grossista,sale,pos4-7,9,32.27,27.26,31.56,13.6,13,4.30,12.00,366
463,52,MPF,944698707,SIDERAL MED 28BUST,grossista,entra,pos4-7,13,32.39,27.26,31.56,13.6,13,4.30,12.00,366
464,52,Farmacia Procaccini,904378597,SAPIGEN K SAPONE LIQ INT 250ML,grossista,entra,pos4-7,99,14.61,11.24,13.48,16.6,16,2.24,23.00,298
465,52,Papa,938777695,DIMANN DAILY 100CPR,grossista,entra,pos4-7,99,40.96,32.51,38.95,16.5,13,6.44,8.00,293
466,51,Farmainsieme,922986841,Q10 UBIQUINOLO 30CPS,grossista,entra,pos4-7,12,33.49,25.96,30.61,15.2,13,4.65,11.00,331
467,51,Farmastelia,951171329,LONGLIFE MAGTEIN MG L-THR60TAV,grossista,sale,pos4-7,9,36.11,30.32,34.96,13.3,13,4.64,11.00,375
468,51,Papa,951038746,KROMIA FB LIPOSOMIALE 15ML,grossista,entra,pos4-7,14,62.93,49.95,60.15,17.0,11,10.20,5.00,285
469,51,Farmacia Procaccini,905171258,VITREOIAL 20BUST,grossista,entra,pos4-7,12,19.25,14.81,17.99,17.7,16,3.18,16.00,300
470,51,Papa,986473054,THEALOZ DUO SOLUZIONE OCUL 10M,grossista,sale,pos4-7,10,15.12,12.10,14.63,17.3,16,2.53,20.00,279
471,51,Papa,904639679,POLIVIT CREMA 500ML,grossista,sale,pos4-7,10,20.59,16.46,19.83,17.0,16,3.37,15.00,275
472,50,Farmainsieme,950453997,CITICOOS 1000 15FL,grossista,entra,pos4-7,20,34.81,29.02,33.60,13.6,13,4.58,11.00,349
473,50,Farmastelia,950453997,CITICOOS 1000 15FL,grossista,sale,pos4-7,9,34.81,29.02,33.60,13.6,13,4.58,11.00,349
474,50,Farmainsieme,938796012,ETAS CREMA VISO 50ML,grossista,entra,pos4-7,18,29.93,23.20,27.70,16.2,16,4.50,11.00,303
475,49,Farmacia Procaccini,972644177,BENECIS 30CPR,grossista,entra,pos4-7,12,18.02,13.86,16.77,17.4,16,2.91,17.00,278
476,49,Papa,988339848,SAM MIX 400 60CPS,grossista,sale,pos4-7,1,32.23,26.00,31.45,17.3,13,5.45,9.00,260
477,49,Farmainsieme,988339848,SAM MIX 400 60CPS GHEOSVIT(VIT.B,grossista,sale,pos4-7,6,32.23,26.00,31.45,17.3,13,5.45,9.00,260
478,49,Farmacia Procaccini,984636074,RESTAX PRE EFFLUVIUM 30CPR,grossista,entra,pos4-7,99,34.49,26.53,30.96,14.3,13,4.43,11.00,327
479,49,Farmastelia,976785509,OMNI BIOTIC STRESS REPAIR 56BU,grossista,sale,pos4-7,8,53.80,45.28,51.36,11.8,11,6.08,8.00,431
480,49,Papa,976785509,OMNI BIOTIC STRESS REPAIR 56BU,grossista,entra,pos4-7,14,53.88,45.28,51.36,11.8,11,6.08,8.00,431
481,49,Farmacia Procaccini,985774379,TRIVIS DONNA 30CPS,grossista,entra,pos4-7,12,58.00,49.15,55.23,11.0,11,6.08,8.00,450
482,49,Farmacia Mandanici,976785509,OMNI BIOTIC STRESS REPAIR 56BU,grossista,entra,pos4-7,99,51.39,45.28,51.36,11.8,11,6.08,8.00,431
483,48,Farmacia Procaccini,033765037,NEBIOTIN*60CPR 5MG,grossista,entra,pos4-7,99,24.20,18.61,22.65,17.8,16,4.04,12.00,261
484,48,Farmacia Procaccini,951090341,DASUQUIN L CANI >25KG 80CPR,grossista,sale,pos4-7,6,69.51,53.47,65.56,18.4,11,12.09,4.00,263
485,48,Papa,987358759,KIJIMEA Regularis 500g,grossista,sale,pos4-7,4,34.13,27.42,33.37,17.8,13,5.95,8.00,255
486,48,Papa,975512171,PREAPTAMIL PDF LATTE 24X90ML,grossista,entra,pos4-7,99,55.60,46.64,53.44,12.7,11,6.80,7.00,389
487,48,Papa,944905278,VITACALM BUON RELAX GOCCE 50ML,grossista,entra,pos4-7,99,11.89,9.22,11.38,19.0,16,2.16,22.00,250
488,47,Farmastelia,037291061,CAREXIDIL*3FL SOLUZ CUT 60ML5%,grossista,entra,pos4-7,12,59.09,51.60,58.38,11.6,11,6.78,7.00,410
489,47,Papa,940884632,BIOLIFTAN DAY CREAM 50ML,grossista,entra,pos4-7,99,55.90,37.64,45.51,17.3,13,7.87,6.00,256
490,47,Farmainsieme,950952491,GHC MEDICAL TRATT ESOSOMI PLUS,grossista,entra,pos4-7,99,70.61,60.04,67.87,11.5,11,7.83,6.00,367
491,47,Papa,984636074,RESTAX PRE EFFLUVIUM 30CPR,grossista,entra,pos4-7,15,32.56,26.69,30.96,13.8,13,4.27,11.00,327
492,47,Farmainsieme,976785509,OMNI BIOTIC STRESS REPAIR 56BU,grossista,entra,pos4-7,12,53.80,45.51,51.36,11.4,11,5.85,8.00,431
493,47,Farmainsieme,938777695,DIMANN DAILY 100CPR,grossista,entra,pos4-7,14,40.01,33.10,38.95,15.0,13,5.85,8.00,293
494,47,MPF,976785509,OMNI BIOTIC STRESS REPAIR 56BU,grossista,sale,pos4-7,9,53.81,45.51,51.36,11.4,11,5.85,8.00,431
495,46,Farmacia Procaccini,976320820,HYALISTIL BIO PF GTT OCUL 10ML,grossista,entra,pos4-7,18,21.02,16.17,19.49,17.0,16,3.32,14.00,270
496,46,Papa,936169679,ANADEPIS 30CPR,grossista,entra,pos4-7,99,18.37,14.89,17.97,17.1,16,3.08,15.00,253
497,46,MPF,980303313,LEVIDADE CREMA 50ML,grossista,entra,pos4-7,99,55.16,45.76,54.89,16.6,11,9.13,5.00,262
498,46,Papa,980303313,LEVIDADE CREMA 50ML,grossista,entra,pos4-7,27,65.00,45.76,54.89,16.6,11,9.13,5.00,262
499,46,Papa,941869834,NOVA CALCIO CARBONATO1G 100CPS,grossista,sale,pos4-7,10,10.78,8.36,10.34,19.1,16,1.98,23.00,196
500,45,MPF,936169679,ANADEPIS 30CPR,grossista,sale,pos4-7,8,18.37,14.96,17.97,16.8,16,3.01,15.00,253
501,45,MPF,984636074,RESTAX PRE EFFLUVIUM 30CPR,grossista,sale,pos4-7,8,31.49,26.87,30.96,13.2,13,4.09,11.00,327
502,45,Papa,047446012,"GUTTALAX*OS GTT 15ML 7,5MG/ML",grossista,entra,pos4-7,12,9.34,7.24,9.11,20.5,19,1.87,24.00,204
503,45,Papa,931984381,COLESOLV GLAUBER 30CPR,grossista,entra,pos4-7,11,18.09,14.55,17.35,16.1,16,2.80,16.00,262
504,44,Farmastelia,984636074,RESTAX PRE EFFLUVIUM 30CPR,grossista,sale,pos4-7,10,31.49,26.92,30.96,13.0,13,4.04,11.00,327
505,44,Farmainsieme,984636074,RESTAX PRE EFFLUVIUM 30CPR,grossista,entra,pos4-7,12,34.72,26.92,30.96,13.0,13,4.04,11.00,327
506,44,Farmacia Procaccini,978103671,PEYFLOG 120CPS,grossista,entra,pos4-7,99,62.12,47.78,58.88,18.9,11,11.10,4.00,226
507,44,Papa,951090341,DASUQUIN L CANI >25KG 80CPR,grossista,entra,pos4-7,16,68.62,54.46,65.56,16.9,11,11.10,4.00,263
508,44,MPF,985772589,FEPLUS 30CPR,grossista,entra,pos4-7,12,23.63,19.58,23.59,17.0,16,4.01,11.00,245
509,44,Farmainsieme,951038746,KROMIA FB LIPOSOMIALE 15ML,grossista,entra,pos4-7,99,62.12,51.35,60.15,14.6,11,8.80,5.00,285
510,44,Farmacia Procaccini,941869253,RUDRAVISC 40 HC SIR INTRA-ART,grossista,sale,pos4-7,10,160.38,123.37,145.27,15.1,11,21.90,2.00,291
511,44,Papa,987758442,NEUROPOWER 20BUST,grossista,entra,pos4-7,13,37.99,30.15,36.38,17.1,13,6.23,7.00,206
512,44,Papa,920014040,SOMNOFIT ANTIRUSSAMENTO 1PZ,grossista,entra,pos4-7,14,60.07,47.67,56.39,15.5,11,8.72,5.00,277
513,44,Farmacia Procaccini,943327852,TRICOVEL DONNA 90CPR,grossista,entra,pos4-7,99,51.67,39.74,45.96,13.5,13,6.22,7.00,311
514,43,MPF,975512171,PREAPTAMIL PDF LATTE 24X90ML,grossista,entra,pos4-7,99,54.54,47.25,53.44,11.6,11,6.19,7.00,389
515,43,Papa,943327852,TRICOVEL DONNA 90CPR,grossista,entra,pos4-7,99,50.12,39.78,45.96,13.4,13,6.18,7.00,311
516,43,Papa,902020231,RUSCH 850415 RACC 2LT T130 30P,grossista,entra,pos4-7,16,10.95,8.49,10.37,18.1,16,1.88,23.00,237
517,43,Papa,987300338,"NINFEX 20 Bust.2,5g",grossista,sale,pos4-7,9,22.72,18.26,21.84,16.4,16,3.58,12.00,247
518,43,Farmacia Procaccini,989687999,FORMOLINE L112 EXTRA 64CPR,grossista,sale,pos4-7,6,49.12,37.79,44.92,15.9,13,7.13,6.00,265
519,43,Farmainsieme,943327852,TRICOVEL DONNA 90CPR,grossista,entra,pos4-7,24,51.41,39.85,45.96,13.3,13,6.11,7.00,311
520,43,Farmastelia,943327852,TRICOVEL DONNA 90CPR,grossista,sale,pos4-7,9,46.60,39.85,45.96,13.3,13,6.11,7.00,311
521,43,Papa,974898696,BIOSCALIN ENERGY F DOPPIA TP,grossista,entra,pos4-7,11,65.58,53.42,64.09,16.6,11,10.67,4.00,248
522,43,Farmacia Procaccini,944905278,VITACALM BUON RELAX GOCCE 50ML,grossista,entra,pos4-7,20,12.27,9.44,11.38,17.0,16,1.94,22.00,250
523,43,Farmacia Procaccini,931037749,PIGMADIN 60CPR,grossista,entra,pos4-7,22,40.38,31.06,36.38,14.6,13,5.32,8.00,286
524,42,Farmacia Procaccini,984863908,CONDROCUR 20BUST,grossista,sale,pos4-7,5,21.44,16.49,19.99,17.5,16,3.50,12.00,234
525,42,Papa,984598514,ARTICOLINA FORTE 60CPR,grossista,entra,pos4-7,99,48.80,34.65,39.89,13.1,13,5.24,8.00,311
526,42,Farmastelia,984598514,ARTICOLINA FORTE 60CPR,grossista,sale,pos4-7,9,40.39,34.65,39.89,13.1,13,5.24,8.00,311
527,42,Farmainsieme,984598514,ARTICOLINA FORTE 60CPR,grossista,entra,pos4-7,16,42.27,34.65,39.89,13.1,13,5.24,8.00,311
528,42,Papa,930995978,NATURA+ SACCA OP CH C/F 45 30P,grossista,sale,pos4-7,3,41.70,33.09,40.07,17.4,13,6.98,6.00,237
529,42,Farmacia Procaccini,987478981,PHYSIOMANCE DIMEOL Q10 60CPR,grossista,entra,pos4-7,99,21.83,18.04,21.51,16.1,16,3.47,12.00,242
530,41,Farmacia Procaccini,984865384,VERAVIS PLUS SUPR FERM LAT 90G,grossista,entra,pos4-7,23,14.21,10.93,13.11,16.6,16,2.18,19.00,246
531,41,Farmainsieme,949993873,COLLAGENDEP INTENSE FIL INTENS,grossista,sale,pos4-7,8,87.27,73.47,87.13,15.7,11,13.66,3.00,236
532,41,Papa,949993873,COLLAGENDEP INTENSE FIL INTENS,grossista,entra,pos4-7,99,92.59,73.48,87.13,15.7,11,13.65,3.00,236
533,41,Farmastelia,949993873,COLLAGENDEP INTENSE FIL INTENS,grossista,sale,pos4-7,6,87.27,73.48,87.13,15.7,11,13.65,3.00,236
534,41,Farmainsieme,977802976,REDUCE-CPP 30CPR,grossista,sale,pos4-7,7,33.93,26.30,30.39,13.5,13,4.09,10.00,296
535,41,Papa,977802976,REDUCE-CPP 30CPR,grossista,entra,pos4-7,25,33.15,26.31,30.39,13.4,13,4.08,10.00,296
536,41,Farmacia Procaccini,979082625,TRICOVEL PRP PLUS CELSI 30ML,grossista,entra,pos4-7,15,64.01,54.24,62.39,13.1,11,8.15,5.00,297
537,41,MPF,977802976,REDUCE-CPP 30CPR,grossista,sale,pos4-7,9,30.53,26.32,30.39,13.4,13,4.07,10.00,296
538,41,Farmastelia,977802976,REDUCE-CPP 30CPR,grossista,entra,pos4-7,11,30.80,26.32,30.39,13.4,13,4.07,10.00,296
539,40,Papa,982460519,NUTRICOL 120CPS VEGETALI,grossista,entra,pos4-7,16,32.94,27.84,32.33,13.9,13,4.49,9.00,286
540,40,Papa,943715072,PSAGELAR 60PRL,grossista,entra,pos4-7,12,31.75,25.59,30.63,16.5,13,5.04,8.00,238
541,40,Papa,944889056,COLLAGENDEP DREN RECHARGE 12DR,grossista,entra,pos4-7,16,31.69,26.39,30.41,13.2,13,4.02,10.00,287
542,40,Farmastelia,944889056,COLLAGENDEP DREN RECHARGE 12DR,grossista,entra,pos4-7,11,31.69,26.39,30.41,13.2,13,4.02,10.00,287
543,40,Papa,934983786,COLLAGENIL RE-PULP 3D 50ML,grossista,entra,pos4-7,99,58.80,31.85,37.59,15.3,13,5.74,7.00,241
544,40,Farmacia Procaccini,926201284,CAPIOST 20CPR GASTROPROTETTE,grossista,entra,pos4-7,99,20.39,15.69,18.78,16.5,16,3.09,13.00,231
545,40,Papa,978103671,PEYFLOG 120CPR,grossista,entra,pos4-7,99,61.54,48.84,58.88,17.1,11,10.04,4.00,226
546,40,Papa,931037749,PIGMADIN 60CPR,grossista,entra,pos4-7,99,39.52,31.36,36.38,13.8,13,5.02,8.00,286
547,40,Farmacia Procaccini,989657337,LIPOBERINA 90CPS 750MG,grossista,entra,pos4-7,12,42.16,36.04,41.77,13.7,13,5.73,7.00,286
548,40,Farmacia Procaccini,944889056,COLLAGENDEP DREN RECHARGE 12DR,grossista,entra,pos4-7,99,30.89,26.40,30.41,13.2,13,4.01,10.00,287
549,40,Farmainsieme,931037749,PIGMADIN 60CPR,grossista,entra,pos4-7,99,40.47,31.37,36.38,13.8,13,5.01,8.00,286
550,40,Farmacia Procaccini,982464859,VTRUST TD-4279 GLUC 50STR,grossista,entra,pos4-7,12,20.59,15.84,19.18,17.4,16,3.34,12.00,219
551,40,Papa,935529812,ROSACURE COMBI 30CPR,grossista,entra,pos4-7,13,18.49,14.99,18.07,17.0,16,3.08,13.00,219
552,40,Farmacia Procaccini,977802976,REDUCE-CPP 30CPR,grossista,entra,pos4-7,33,34.32,26.40,30.39,13.1,13,3.99,10.00,296
553,40,Farmainsieme,979082625,TRICOVEL PRP PLUS CELSI GEL 30ML,grossista,entra,pos4-7,99,64.77,54.42,62.39,12.8,11,7.97,5.00,297
554,40,MPF,979082625,TRICOVEL PRP PLUS CELSI 30ML,grossista,entra,pos4-7,17,65.15,54.42,62.39,12.8,11,7.97,5.00,297
555,40,Farmastelia,979082625,TRICOVEL PRP PLUS CELSI 30ML,grossista,entra,pos4-7,12,63.34,54.42,62.39,12.8,11,7.97,5.00,297
556,40,Papa,979082625,TRICOVEL PRP PLUS CELSI 30ML,grossista,sale,pos4-7,6,65.85,54.42,62.39,12.8,11,7.97,5.00,297
557,40,MPF,944889056,COLLAGENDEP DREN RECHARGE 12DR,grossista,sale,pos4-7,9,30.70,26.44,30.41,13.1,13,3.97,10.00,287
558,40,Farmacia Procaccini,971376532,STEFORT SOL ORALE 10FL 10ML,grossista,entra,pos4-7,99,14.19,10.91,13.11,16.8,16,2.20,18.00,223
559,40,Farmastelia,931037749,PIGMADIN 60CPR,grossista,sale,pos4-7,8,36.73,31.43,36.38,13.6,13,4.95,8.00,286
560,40,Farmacia Procaccini,984650301,OLIO PARADISI 100SOFTGEL,grossista,entra,pos4-7,17,24.25,18.66,22.62,17.5,16,3.96,10.00,210
561,40,Papa,977695283,GLORIA162EVO AD BE LL,grossista,entra,pos4-7,12,65.41,51.91,65.11,20.3,11,13.20,3.00,173
562,40,Papa,909470205,MEDULLA OSS SUIS INJ 10F HEEL,grossista,entra,pos4-7,99,60.67,48.15,58.04,17.0,11,9.89,4.00,227
563,40,MPF,941869253,RUDRAVISC 40 HC SIR INTRA-ART,grossista,sale,pos4-7,9,150.10,125.51,145.27,13.6,11,19.76,2.00,291
564,40,Papa,941869253,RUDRAVISC 40 HC SIR INTRA-ART,grossista,entra,pos4-7,12,158.15,125.51,145.27,13.6,11,19.76,2.00,291
565,39,Papa,985002029,ZYLKENE Plus 15-60Kg Cani30Cps,grossista,entra,pos4-7,16,65.29,51.81,61.68,16.0,11,9.87,4.00,225
566,39,Papa,009132010,NORMOGIN*6CPR VAG 40MG,grossista,entra,pos4-7,99,14.66,11.91,14.54,18.1,16,2.63,15.00,213
567,39,Farmacia Procaccini,951036161,ESIFAL PLUS 20STICK 15ML,grossista,entra,pos4-7,99,18.32,14.09,16.89,16.6,16,2.80,14.00,225
568,39,Papa,951036161,ESIFAL PLUS 20STICK 15ML,grossista,sale,pos4-7,4,17.48,14.09,16.89,16.6,16,2.80,14.00,225
569,39,Farmacia Procaccini,982460519,NUTRICOL 120CPS VEGETALI,grossista,entra,pos4-7,99,32.74,27.98,32.33,13.5,13,4.35,9.00,286
570,39,Farmainsieme,989687999,FORMOLINE L112 750MG 64CPR,grossista,entra,pos4-7,99,46.04,38.40,44.92,14.5,13,6.52,6.00,265
571,39,Farmainsieme,952004099,TELEANGYL PROTECT SPF50+ PHARC,grossista,entra,pos4-7,14,32.37,26.54,31.42,15.5,13,4.88,8.00,243
572,39,Papa,042311023,MINOXIDIL BIORGA*SOL CUT 3FL5%,grossista,entra,pos4-7,22,61.80,49.05,56.84,13.7,11,7.79,5.00,294
573,39,Farmainsieme,042311023,MINOXIDIL BIORGA*SOL CUT 3FL5%,grossista,entra,pos4-7,99,63.30,49.07,56.84,13.7,11,7.77,5.00,294
574,39,Papa,921383295,TIODET-ZNP DETERGENTE 200ML,grossista,entra,pos4-7,13,15.58,12.74,15.32,16.8,16,2.58,15.00,220
575,38,Papa,989375845,KOSTEN 20 Bs.,grossista,entra,pos4-7,99,29.19,23.47,28.25,16.9,16,4.78,8.00,215
576,38,Farmacia Procaccini,931581678,W CARE 14BUST 8G,grossista,entra,pos4-7,17,40.14,34.31,39.77,13.7,13,5.46,7.00,281
577,38,Farmacia Procaccini,943911469,ISDINCEUTICS AGE REVERSE NIGHT,grossista,entra,pos4-7,99,87.71,67.47,76.99,12.4,11,9.52,4.00,279
578,38,Papa,942891615,REGENERA LENTE TERAP CORNEALE,grossista,entra,pos4-7,99,49.00,31.78,38.11,16.6,13,6.33,6.00,222
579,38,Farmainsieme,921383295,TIODET-ZNP DETERGENTE 200ML,grossista,entra,pos4-7,16,15.58,12.79,15.32,16.5,16,2.53,15.00,220
580,38,Papa,985638232,YOXA 30Stick Pack Orosol.,grossista,entra,pos4-7,99,47.85,31.69,38.01,16.6,13,6.32,6.00,213
581,38,Papa,981910375,ENDOPLUS Pro 30 Cpr,grossista,sale,pos4-7,9,29.59,23.65,28.36,16.6,16,4.71,8.00,219
582,38,MPF,981910375,ENDOPLUS PRO 30CPR,grossista,sale,pos4-7,6,29.59,23.65,28.36,16.6,16,4.71,8.00,219
583,38,Farmainsieme,942891615,REGENERA LENTE TERAP CORNEALE,grossista,entra,pos4-7,99,38.96,31.84,38.11,16.5,13,6.27,6.00,222
584,37,Farmacia Procaccini,927235958,DIRENE 32CPR,grossista,entra,pos4-7,11,18.37,14.13,17.53,19.4,16,3.40,11.00,193
585,37,Papa,907106342,GLORIAM GAMB 142AD COT BE LL,grossista,entra,pos4-7,12,66.44,52.73,65.18,19.1,11,12.45,3.00,182
586,37,Papa,989039742,DECUVIA Pasta 250ml,grossista,entra,pos4-7,11,14.33,11.60,14.08,17.6,16,2.48,15.00,202
587,37,Farmacia Procaccini,934643154,KERATO VITA UNGUENTO OFTALMICO,grossista,entra,pos4-7,99,12.20,9.38,11.56,18.9,16,2.18,17.00,186
588,37,Farmainsieme,989687975,FORMOLINE L112 500MG 64CPR,grossista,entra,pos4-7,99,38.31,31.02,37.18,16.6,13,6.16,6.00,231
589,37,Farmacia Procaccini,907136737,RIBES PET PASTA 30G,grossista,entra,pos4-7,99,19.14,15.82,18.89,16.3,16,3.07,12.00,218
590,37,Farmacia Procaccini,987451958,SUREST DUO 20FL 20ML,grossista,entra,pos4-7,99,35.23,30.11,34.71,13.3,13,4.60,8.00,271
591,37,Papa,033816012,"SICCAFLUID*GEL OFT 10G 2,5MG/G",grossista,entra,pos4-7,99,6.19,4.84,5.99,19.2,19,1.15,32.00,185
592,37,SubitoFarma,033816012,"SICCAFLUID*GEL OFT 10G 2,5MG/G",grossista,entra,pos4-7,11,6.19,4.84,5.99,19.2,19,1.15,32.00,185
593,37,Papa,935802746,DR.CYJ LOZIONE RIVITAL 60ML,grossista,entra,pos4-7,13,45.00,32.77,38.02,13.8,13,5.25,7.00,238
594,37,Farmacia Procaccini,975965676,RETIBEN 20STICK 10ML,grossista,entra,pos4-7,99,20.45,15.73,18.79,16.3,16,3.06,12.00,213
595,37,Farmacia Procaccini,940372675,SIDEREMIL VITA ORO 30BUST,grossista,entra,pos4-7,20,20.62,15.86,19.19,17.4,16,3.33,11.00,210
596,36,Farmacia Procaccini,033816012,"SICCAFLUID*GEL OFT 10G 2,5MG/G",grossista,entra,pos4-7,99,6.31,4.85,5.99,19.0,19,1.14,32.00,185
597,36,Farmacia Procaccini,941771166,FLAVONIL CORPO CREMA 100ML,grossista,entra,pos4-7,20,19.81,16.37,19.68,16.8,16,3.31,11.00,206
598,36,Farmacia Procaccini,939484212,SILIFORT 30CPR 1G,grossista,entra,pos4-7,18,18.78,14.44,17.47,17.3,16,3.03,12.00,204
599,36,Farmacia Procaccini,949993873,COLLAGENDEP INTENSE FIL INTENS,grossista,entra,pos4-7,99,97.57,75.05,87.13,13.9,11,12.08,3.00,236
600,36,Papa,979258009,GHC MEDICAL Shampoo Proteico,grossista,sale,pos4-7,10,20.26,16.19,19.48,16.9,16,3.29,11.00,203
601,36,Farmacia Procaccini,931543639,LEGART MAXI 60CPR,grossista,entra,pos4-7,99,50.62,38.94,44.95,13.4,13,6.01,6.00,272
602,36,Farmainsieme,980303313,LEVIDADE CREMA 50ML,grossista,entra,pos4-7,15,56.75,47.69,54.89,13.1,11,7.20,5.00,262
603,36,Farmastelia,941869253,RUDRAVISC 40 HC SIR INTRA-ART,grossista,entra,pos4-7,12,150.10,127.27,145.27,12.4,11,18.00,2.00,291
604,36,Papa,028440030,CONNETTIVINA PLUS*CREMA 25G,grossista,entra,pos4-7,21,11.55,8.95,10.75,16.7,16,1.80,20.00,199
605,36,Farmacia Procaccini,927123493,ESCINA COMPLEX 20CPR,grossista,entra,pos4-7,19,14.16,10.89,13.14,17.1,16,2.25,16.00,202
606,36,Farmastelia,980303313,LEVIDADE CREMA 50ML,grossista,sale,pos4-7,9,55.74,47.69,54.89,13.1,11,7.20,5.00,262
607,36,Papa,920323502,MEPIFORM CICATRICI 4X30 5PZ,grossista,sale,pos4-7,10,73.29,61.59,70.50,12.6,11,8.91,4.00,288
608,36,Papa,939484212,SILIFORT 30CPR 1G,grossista,sale,pos4-7,3,17.84,14.50,17.47,17.0,16,2.97,12.00,204
609,35,Papa,042311047,MINOXIDIL BIORGA*SOL CUT 3FL2%,grossista,entra,pos4-7,99,41.39,32.85,39.92,17.7,13,7.07,5.00,196
610,35,Farmainsieme,042311047,MINOXIDIL BIORGA*SOL CUT 3FL2%,grossista,entra,pos4-7,99,40.59,32.85,39.92,17.7,13,7.07,5.00,196
611,35,Farmacia Procaccini,974369542,MICOTIROSOLO 30CPR,grossista,entra,pos4-7,99,24.32,18.71,22.63,17.3,16,3.92,9.00,190
612,35,MPF,042311023,MINOXIDIL BIORGA*SOL CUT 3FL5%,grossista,entra,pos4-7,12,58.95,49.79,56.84,12.4,11,7.05,5.00,294
613,35,Farmacia Procaccini,042311023,MINOXIDIL BIORGA*SOL CUT 3FL5%,grossista,entra,pos4-7,99,64.72,49.79,56.84,12.4,11,7.05,5.00,294
614,35,Papa,987715291,ARTENNUA 90CPS,grossista,entra,pos4-7,99,54.06,42.91,51.68,17.0,11,8.77,4.00,210
615,35,Papa,905887131,IBP PLUS 30CPR FILMATE,grossista,entra,pos4-7,14,15.67,12.74,15.24,16.4,16,2.50,14.00,207
616,35,Farmastelia,987358759,KIJIMEA REGULARIS 500G,grossista,entra,pos4-7,12,34.13,29.01,33.37,13.1,13,4.36,8.00,255
617,35,Farmainsieme,987358759,KIJIMEA REGULARIS 500G,grossista,entra,pos4-7,99,36.00,29.01,33.37,13.1,13,4.36,8.00,255
618,35,Farmacia Procaccini,943301008,OZIDERM CREMA 200ML,grossista,entra,pos4-7,13,49.12,41.63,48.57,14.3,13,6.94,5.00,240
619,35,Papa,985657814,DOLBIWIN 30CPR,grossista,entra,pos4-7,13,23.37,19.48,23.33,16.5,16,3.85,9.00,198
620,35,Farmainsieme,979660952,DERMASSENTIEL CELLULITE 30CPR,grossista,entra,pos4-7,16,25.58,21.18,25.51,17.0,16,4.33,8.00,191
621,35,Papa,937494502,CONVEEN OPTIMA GUAINA 35MM 30P,grossista,sale,pos4-7,10,57.89,48.26,56.91,15.2,11,8.65,4.00,226
622,35,Farmacia Procaccini,981592280,NUCRON MAXI 60CPR,grossista,entra,pos4-7,99,43.09,36.83,42.59,13.5,13,5.76,6.00,256
623,34,Papa,943891592,BUONERBE FORTE SCIR 180ML,grossista,entra,pos4-7,99,11.34,8.79,10.94,19.7,16,2.15,16.00,171
624,34,Farmacia Procaccini,985388230,NORMAST MPS 90CPR,grossista,entra,pos4-7,99,74.04,60.19,68.78,12.5,11,8.59,4.00,276
625,34,Papa,989983438,PSIPROTO ELISIR 30CPS GASTRORE,grossista,sale,pos4-7,1,32.28,26.04,31.76,18.0,13,5.72,6.00,174
626,34,Papa,980787194,GLICINA PURA POLVERE SOLUB250G,grossista,entra,pos4-7,15,18.54,15.00,18.12,17.2,16,3.12,11.00,191
627,34,Farmainsieme,982945634,RECUGEL GEL OCULARE 10G,grossista,entra,pos4-7,99,17.07,13.66,16.78,18.6,16,3.12,11.00,176
628,34,Papa,943301008,OZIDERM CREMA 200ML,grossista,entra,pos4-7,15,50.47,41.71,48.57,14.1,13,6.86,5.00,240
629,34,Papa,951175557,PHYSIOMANCE MENOMODUL 60CPR,grossista,entra,pos4-7,99,53.10,34.58,41.43,16.5,13,6.85,5.00,202
630,34,Farmacia Procaccini,981647023,SNS TED 30BUST,grossista,entra,pos4-7,17,19.05,14.65,17.49,16.2,16,2.84,12.00,234
631,34,Papa,925700890,HYPERMIX CREMA/GEL 30ML,grossista,entra,pos4-7,18,11.24,8.71,10.50,17.0,16,1.79,19.00,186
632,34,Farmacia Procaccini,913117851,VERRULIX 30CPR,grossista,entra,pos4-7,99,23.02,17.71,21.10,16.1,16,3.39,10.00,199
633,34,Farmacia Procaccini,926671785,PENTAVEN FAST 500 20CPR,grossista,entra,pos4-7,25,20.99,16.15,19.23,16.0,16,3.08,11.00,206
634,34,Papa,935392403,PERINERV D 30CPR,grossista,sale,pos4-7,9,27.75,22.21,27.04,17.9,16,4.83,7.00,184
635,34,Papa,972778169,KRIN UP MELANINE 60CPS,grossista,entra,pos4-7,99,48.61,38.58,45.34,14.9,13,6.76,5.00,234
636,34,Farmastelia,979660952,DERMASSENTIEL CELLULITE 30CPR,grossista,sale,pos4-7,8,25.58,21.29,25.51,16.5,16,4.22,8.00,191
637,34,Papa,979660952,DERMASSENTIEL CELLULITE 30CPR,grossista,entra,pos4-7,17,25.58,21.29,25.51,16.5,16,4.22,8.00,191
638,34,Papa,950086227,NERADIN FORTE 30CPS,grossista,entra,pos4-7,99,49.99,36.87,42.48,13.2,13,5.61,6.00,258
639,34,Farmainsieme,920966241,NUTILIS POWDER ADDENSANTE 300G,grossista,entra,pos4-7,99,10.46,8.72,10.40,16.2,16,1.68,20.00,199
640,34,Farmainsieme,943301008,OZIDERM CREMA 200ML,grossista,sale,pos4-7,5,49.81,41.86,48.57,13.8,13,6.71,5.00,240
641,34,MPF,943301008,OZIDERM CREMA 200ML,grossista,sale,pos4-7,10,50.84,41.86,48.57,13.8,13,6.71,5.00,240
642,33,Papa,989687975,FORMOLINE L112 64CPR,grossista,entra,pos4-7,15,39.83,31.61,37.18,15.0,13,5.57,6.00,231
643,33,Farmacia Procaccini,942983267,ZINCOGEN PET IMMUNO 60CPR,grossista,entra,pos4-7,15,22.20,18.35,22.04,16.7,16,3.69,9.00,198
644,33,Papa,926410414,MOTISPERM PLUS 20BUST,grossista,entra,pos4-7,12,26.10,21.04,25.18,16.4,16,4.14,8.00,195
645,33,Farmainsieme,937494502,CONVEEN OPTIMA GUAINA 35MM 30P,grossista,entra,pos4-7,99,57.89,48.65,56.91,14.5,11,8.26,4.00,226
646,33,Papa,947239861,HUMANA DG 2 COMFORT 700G PB MP,grossista,entra,pos4-7,13,28.80,22.91,27.63,17.1,16,4.72,7.00,181
647,33,MPF,937494502,CONVEEN OPTIMA GUAINA 35MM 30P,grossista,entra,pos4-7,11,58.86,48.65,56.91,14.5,11,8.26,4.00,226
648,33,Farmacia Procaccini,943891592,BUONERBE FORTE SCIR 180ML,grossista,entra,pos4-7,99,11.54,8.88,10.94,18.8,16,2.06,16.00,171
649,33,Papa,990149837,SPACCAPIETRA 180 Past.500mgSVS,grossista,entra,pos4-7,11,29.17,23.53,28.18,16.5,16,4.65,7.00,189
650,33,Farmastelia,990149837,SPACCAPIETRA 180PAST,grossista,sale,pos4-7,7,28.20,23.53,28.18,16.5,16,4.65,7.00,189
651,32,Papa,039390024,"NIOGERMOX*SMALTO UNGHIE 6,6ML",grossista,sale,pos4-7,10,32.86,26.60,31.24,14.9,13,4.64,7.00,196
652,32,Papa,904935285,ARNICA COMPOSTA 100ML,grossista,entra,pos4-7,15,9.74,7.55,9.35,19.3,19,1.80,18.00,160
653,32,Papa,943376614,TIKTAMAP 175G,grossista,entra,pos4-7,99,45.30,35.95,44.04,18.4,13,8.09,4.00,162
654,32,Papa,909884367,MIRTILUX 20CPS,grossista,entra,pos4-7,99,11.42,8.86,10.88,18.6,16,2.02,16.00,165
655,32,Papa,934643154,KERATO VITA UNGUENTO OFTALMICO,grossista,entra,pos4-7,99,12.46,9.66,11.56,16.4,16,1.90,17.00,186
656,32,Farmastelia,972286482,HAIRVIT 90CPS MOLLI,grossista,sale,pos4-7,10,50.21,41.42,47.88,13.5,13,6.46,5.00,239
657,32,Papa,972286482,HAIRVIT 90CPS MOLLI,grossista,entra,pos4-7,22,58.90,41.42,47.88,13.5,13,6.46,5.00,239
658,32,Farmacia Procaccini,950907105,MAGNESIO BISGLICINATO 180CPS,grossista,sale,pos4-7,6,22.55,17.35,21.38,18.8,16,4.03,8.00,177
659,32,Farmacia Procaccini,910835394,GASNORM PLUS 36CPS,grossista,entra,pos4-7,99,15.56,11.97,14.43,17.0,16,2.46,13.00,179
660,32,Papa,952126124,ULTRA PEP BRUCIAGRASSI FT NEW,grossista,entra,pos4-7,99,26.43,21.42,25.95,17.5,16,4.53,7.00,172
661,32,Papa,970712939,OSTEO GHEOS FUNZIONALE 180CPR,grossista,sale,pos4-7,6,49.91,39.61,47.52,16.6,13,7.91,4.00,178
662,31,Papa,984148344,RESTAX FLOGO 30CPS,grossista,entra,pos4-7,99,50.99,40.47,46.76,13.5,13,6.29,5.00,227
663,31,Farmacia Procaccini,944769049,VITACALM TUTTA NOTTE MEL 60CPR,grossista,sale,pos4-7,4,21.72,16.71,20.17,17.2,16,3.46,9.00,185
664,31,Papa,983273780,AMIN 21K Bar Ciocc.20pz,grossista,sale,pos4-7,8,59.38,47.12,57.48,18.0,11,10.36,3.00,170
665,31,Papa,983701071,PEDIAVIT MINERAL GOCCE 15ML,grossista,entra,pos4-7,11,19.73,16.03,19.48,17.7,16,3.45,9.00,161
666,31,Farmacia Procaccini,982461194,ESTORIAL 24CPR MASTICABILI,grossista,entra,pos4-7,99,18.48,14.21,17.03,16.6,16,2.82,11.00,184
667,31,Farmainsieme,039390024,"NIOGERMOX*SMALTO UNGHIE 6,6ML",grossista,entra,pos4-7,99,32.86,26.84,31.24,14.1,13,4.40,7.00,196
668,31,Farmacia Procaccini,947260651,PLENUM 30STICK PACK,grossista,entra,pos4-7,23,30.80,26.32,30.71,14.3,13,4.39,7.00,209
669,31,Papa,970802512,EOS BIOVERDE 1000ML,grossista,entra,pos4-7,99,11.84,9.17,11.09,17.3,16,1.92,16.00,168
670,31,Farmastelia,981495878,BIOSCALIN NOVA GENINA 60CPR,grossista,sale,pos4-7,7,33.56,28.60,32.98,13.3,13,4.38,7.00,242
671,31,MPF,981495878,BIOSCALIN NOVA GENINA 60CPR,grossista,sale,pos4-7,9,33.57,28.60,32.98,13.3,13,4.38,7.00,242
672,31,MPF,905641609,ACTIBUTIR PLUS 30CPS,grossista,entra,pos4-7,99,15.79,13.02,15.57,16.4,16,2.55,12.00,179
673,31,Papa,905641609,ACTIBUTIR PLUS 30CPS,grossista,sale,pos4-7,6,15.79,13.02,15.57,16.4,16,2.55,12.00,179
674,31,Farmacia Procaccini,938892041,FARINGEL 20STICK PACK,grossista,entra,pos4-7,14,15.06,12.24,14.59,16.1,16,2.35,13.00,181
675,31,Papa,976733699,CRONOVIR START 10BUST,grossista,entra,pos4-7,11,19.19,15.37,18.42,16.6,16,3.05,10.00,172
676,30,Papa,986079883,ANNURKAP PLUS 60CPS<,grossista,entra,pos4-7,13,33.79,26.91,31.98,15.9,13,5.07,6.00,193
677,30,Farmacia Procaccini,943066151,CISTIX BIOTIC 7BUST,grossista,entra,pos4-7,14,19.79,15.22,18.26,16.6,16,3.04,10.00,180
678,30,Farmacia Procaccini,938909443,FLEBODIN 500 24CPR,grossista,entra,pos4-7,15,20.65,15.88,19.25,17.5,16,3.37,9.00,163
679,30,Papa,973622665,TENDINEA 30CPR,grossista,entra,pos4-7,12,30.79,24.54,29.56,17.0,16,5.02,6.00,167
680,30,Farmacia Procaccini,983701071,PEDIAVIT MINERAL GOCCE 15ML,grossista,entra,pos4-7,99,21.01,16.16,19.48,17.0,16,3.32,9.00,161
681,30,Papa,947260651,PLENUM 30STICK PACK,grossista,entra,pos4-7,13,31.31,26.47,30.71,13.8,13,4.24,7.00,209
682,30,Farmainsieme,951090341,DASUQUIN L CANI >25KG 80CPR,grossista,entra,pos4-7,12,75.04,58.17,65.56,11.3,11,7.39,4.00,263
683,29,Papa,921232447,PESCURA FLAT ORIG BYCAST SAB42,grossista,entra,pos4-7,99,61.98,49.19,59.02,16.7,11,9.83,3.00,173
684,29,MPF,921232447,PESCURA FLAT ORIG BYCAST SAB42,grossista,sale,pos4-7,6,61.49,49.19,59.02,16.7,11,9.83,3.00,173
685,29,Farmacia Procaccini,947050858,FLAVONIL 600 30CPR,grossista,entra,pos4-7,18,21.64,16.64,20.32,18.1,16,3.68,8.00,162
686,29,Papa,986464372,PAMPERS PROG MUT QUADRI MX 76P,grossista,entra,pos4-7,99,41.25,32.74,40.08,18.3,13,7.34,4.00,129
687,29,Papa,900278793,AMRITA 4S 60CPR,grossista,entra,pos4-7,20,50.01,39.69,47.02,15.6,13,7.33,4.00,180
688,29,Farmacia Procaccini,970150912,PELVILEN DUAL ACT 60BUST,grossista,entra,pos4-7,99,46.22,37.58,43.44,13.5,13,5.86,5.00,220
689,29,Papa,048181022,PURSENNID*40CPR RIV 12MG,grossista,entra,pos4-7,12,9.89,7.67,9.50,19.3,19,1.83,16.00,150
690,29,Farmacia Procaccini,951134927,COLLAGEN SUPERDOSE SKIN 300ML,grossista,sale,pos4-7,8,21.12,16.25,19.49,16.6,16,3.24,9.00,165
691,29,Papa,950305209,CARDIOSMILE FITOSTEROLI 30BUST,grossista,entra,pos4-7,11,30.16,24.33,29.18,16.6,16,4.85,6.00,168
692,29,Papa,987016146,MICO Mama 30Cps + Bottiglietta,grossista,entra,pos4-7,11,209.43,176.92,205.99,14.1,11,29.07,1.00,199
693,29,Papa,990039366,DINAMIC LARGE 20 Stick 12g,grossista,sale,pos4-7,9,47.52,37.71,47.39,20.4,13,9.68,3.00,117
694,29,Papa,983760644,IOSEDI  30CPR,grossista,entra,pos4-7,12,14.40,11.59,13.82,16.1,16,2.23,13.00,174
695,29,Farmacia Procaccini,987063029,KIJIMEA REGULARIS PLUS 525G,grossista,entra,pos4-7,99,38.42,29.56,34.38,14.0,13,4.82,6.00,202
696,29,Papa,943072571,CARDIOVIS COLESTEROLO 60CPR,grossista,entra,pos4-7,99,23.36,18.99,23.12,17.9,16,4.13,7.00,155
697,29,Farmainsieme,932208414,MAGNESIO+ 160 COMPRESSE,grossista,entra,pos4-7,24,27.70,21.47,25.59,16.1,16,4.12,7.00,169
698,29,MPF,039390024,"NIOGERMOX*SMALTO UNGHIE 6,6ML",grossista,entra,pos4-7,11,32.86,27.14,31.24,13.1,13,4.10,7.00,196
699,29,Farmastelia,039390024,"NIOGERMOX*SMALTO UNGHIE 6,6ML",grossista,sale,pos4-7,7,31.86,27.14,31.24,13.1,13,4.10,7.00,196
700,29,Farmastelia,947260651,PLENUM 30STICK PACK,grossista,sale,pos4-7,8,31.31,26.62,30.71,13.3,13,4.09,7.00,209
701,29,Farmainsieme,947260651,PLENUM 30STICK PACK,grossista,entra,pos4-7,18,32.48,26.62,30.71,13.3,13,4.09,7.00,209
702,29,MPF,947260651,PLENUM 30STICK PACK,grossista,sale,pos4-7,9,31.13,26.62,30.71,13.3,13,4.09,7.00,209
703,29,Farmacia Procaccini,987409000,ECHIPREVENT 20STICK PACK,grossista,entra,pos4-7,99,17.10,14.14,17.00,16.8,16,2.86,10.00,161
704,29,Papa,984632644,ROSA CANINA ESTR INTE TIT 500G,grossista,entra,pos4-7,99,48.83,38.75,45.89,15.6,13,7.14,4.00,175
705,29,Farmacia Procaccini,938972039,OXOKAL SIL 30CPR 21G,grossista,entra,pos4-7,99,22.57,18.66,22.23,16.1,16,3.57,8.00,170
706,29,Papa,987063029,KIJIMEA REGULARIS PLUS 525G,grossista,entra,pos4-7,12,35.55,29.63,34.38,13.8,13,4.75,6.00,202
707,28,Papa,938878218,THE NILO TAGLIO FILTRO 1KG,grossista,sale,pos4-7,5,22.10,17.80,21.87,18.6,16,4.07,7.00,147
708,28,MPF,987016146,MICO MAMA 300ML+30CPS,grossista,sale,pos4-7,6,209.43,177.85,205.99,13.7,11,28.14,1.00,199
709,28,Papa,104687227,VECTRA 3D*3PIP >40KG ROSSO,grossista,sale,pos4-7,10,27.49,21.95,26.63,17.6,16,4.68,6.00,152
710,28,Farmacia Procaccini,975609456,CONFIS ULTRA 80CPR,grossista,entra,pos4-7,99,55.23,42.48,49.49,14.2,13,7.01,4.00,213
711,28,Farmacia Procaccini,971191248,GLUCOERB 60CPR,grossista,entra,pos4-7,12,18.20,14.00,16.77,16.5,16,2.77,10.00,161
712,28,Farmainsieme,930196706,TERPROLINE PROFESSIONAL 250ML,grossista,entra,pos4-7,99,64.31,53.41,62.60,14.7,11,9.19,3.00,187
713,28,Papa,930196706,TERPROLINE PROFESSIONAL 250ML,grossista,entra,pos4-7,16,67.30,53.41,62.60,14.7,11,9.19,3.00,187
714,28,Farmacia Procaccini,952089441,KORNEAKER UNGUENTO 5G,grossista,entra,pos4-7,18,13.76,10.58,12.70,16.7,16,2.12,13.00,164
715,27,Papa,947050858,FLAVONIL 600 30CPR,grossista,entra,pos4-7,14,21.07,16.89,20.32,16.9,16,3.43,8.00,162
716,27,Farmainsieme,104687227,VECTRA 3D*3PIP >40KG ROSSO,grossista,entra,pos4-7,99,27.49,22.06,26.63,17.2,16,4.57,6.00,152
717,27,Farmainsieme,900278793,AMRITA 4S 60CPR,grossista,entra,pos4-7,14,47.62,40.19,47.02,14.5,13,6.83,4.00,180
718,27,Papa,952089441,KORNEAKER UNGUENTO 5G,grossista,entra,pos4-7,12,13.07,10.60,12.70,16.5,16,2.10,13.00,164
719,27,Papa,940127766,MAGNESIO BISGLICINATO 60CPS,grossista,entra,pos4-7,20,10.80,8.37,10.19,17.9,16,1.82,15.00,154
720,27,Farmacia Procaccini,947073019,AVEC 30CPR MASTICABILI,grossista,entra,pos4-7,29,35.12,27.02,31.57,14.4,13,4.55,6.00,184
721,27,Farmainsieme,952089441,KORNEAKER UNGUENTO 5G,grossista,entra,pos4-7,99,12.75,10.60,12.70,16.5,16,2.10,13.00,164
722,27,Farmastelia,900278793,AMRITA 4S 60CPR,grossista,sale,pos4-7,5,47.04,40.21,47.02,14.5,13,6.81,4.00,180
723,27,Papa,951050766,PREVIFLAN PLUS ENERGY 60CPR,grossista,entra,pos4-7,14,44.90,32.07,37.48,14.4,13,5.41,5.00,184
724,27,Farmainsieme,905725875,IODOSORB GRANULI MEDIC 7BUST,grossista,entra,pos4-7,99,35.90,28.32,32.82,13.7,13,4.50,6.00,182
725,27,MPF,947050858,FLAVONIL 600 30CPR,grossista,sale,pos4-7,9,20.50,16.95,20.32,16.6,16,3.37,8.00,162
726,27,Papa,987253402,MUSCOLARVIS Polv.500g,grossista,sale,pos4-7,2,33.79,27.06,32.45,16.6,13,5.39,5.00,149
727,27,Farmacia Procaccini,900095579,BENEX GEL FREDDO 200ML,grossista,sale,pos4-7,8,14.18,11.53,13.98,17.5,16,2.45,11.00,151
728,27,Papa,981076728,SENILIFE PLUS 60CPS,grossista,entra,pos4-7,99,44.44,35.27,40.65,13.2,13,5.38,5.00,207
729,27,Farmastelia,981076728,SENILIFE PLUS 60CPS,grossista,sale,pos4-7,8,42.51,35.27,40.65,13.2,13,5.38,5.00,207
730,27,Farmacia Procaccini,902351319,NASOCLEAN SOL SPR 6FL 15ML,grossista,entra,pos4-7,16,10.77,8.28,10.07,17.8,16,1.79,15.00,139
731,27,Papa,975350986,RESOURCE INSTANT PROTEIN 400G,grossista,entra,pos4-7,99,55.41,43.98,52.93,16.9,11,8.95,3.00,151
732,27,Farmacia Procaccini,972141877,SNELLIFE EVOLUTION CPR,grossista,sale,pos4-7,5,14.77,11.36,14.03,19.0,16,2.67,10.00,132
733,27,Farmacia Procaccini,900691395,TELEANGYL PHARCOS 20CPR,grossista,entra,pos4-7,16,14.39,11.07,13.29,16.7,16,2.22,12.00,160
734,27,Farmacia Procaccini,981076728,SENILIFE PLUS 60CPS,grossista,entra,pos4-7,25,45.93,35.33,40.65,13.1,13,5.32,5.00,207
735,27,Papa,950458240,DIMANN PEA 60CPR,grossista,entra,pos4-7,12,41.89,33.24,39.88,16.6,13,6.64,4.00,153
736,27,Papa,912510373,STABILIUM 200 90CPS,grossista,entra,pos4-7,99,43.37,34.42,39.73,13.4,13,5.31,5.00,174
737,27,Farmainsieme,912510373,STABILIUM 200 90CPS,grossista,entra,pos4-7,12,44.40,34.42,39.73,13.4,13,5.31,5.00,174
738,27,Farmastelia,912510373,STABILIUM 200 90CPS,grossista,sale,pos4-7,8,39.92,34.42,39.73,13.4,13,5.31,5.00,174
739,27,Papa,944664438,PERINERV LT 90CPR,grossista,entra,pos4-7,11,66.90,53.10,66.35,20.0,11,13.25,2.00,134
740,26,Papa,942965981,CAREVIT ULTRA CANE 30BUST,grossista,sale,pos4-7,4,17.89,14.44,17.38,16.9,16,2.94,9.00,148
741,26,Farmacia Procaccini,984864431,WINPROST 30CPS,grossista,entra,pos4-7,20,19.31,14.85,17.79,16.5,16,2.94,9.00,159
742,26,Farmainsieme,800124327,GLANDULA THYRE SUIS INJ 10F HE,grossista,entra,pos4-7,99,59.76,50.22,59.03,14.9,11,8.81,3.00,175
743,26,Papa,800124327,GLANDULA THYRE SUIS INJ 10F HE,grossista,entra,pos4-7,99,63.27,50.22,59.03,14.9,11,8.81,3.00,175
744,26,Papa,907182582,LENIDERM SPUMA DET 200ML,grossista,sale,pos4-7,10,14.88,12.08,14.48,16.6,16,2.40,11.00,151
745,26,Farmacia Procaccini,984575769,OMEGA NOBILE 60SOFTGEL,grossista,entra,pos4-7,24,30.37,25.96,30.33,14.4,13,4.37,6.00,181
746,26,Farmacia Mandanici,937494502,CONVEEN OPTIMA GUAINA 35MM 30P,grossista,entra,pos4-7,99,57.89,50.36,56.91,11.5,11,6.55,4.00,226
747,26,Papa,989602608,REDUCE FAST ACT 5SUPP,grossista,entra,pos4-7,99,20.49,16.41,19.68,16.6,16,3.27,8.00,146
748,26,Papa,800146122,"LYCOPODIUM COMP 10F 2,2ML HEEL",grossista,entra,pos4-7,99,51.75,41.07,49.77,17.5,13,8.70,3.00,142
749,26,Papa,989317286,ALGOPAN 30CPR,grossista,entra,pos4-7,12,22.95,18.49,22.21,16.7,16,3.72,7.00,147
750,26,Farmacia Procaccini,978396366,MAGCOMBO 20CPS,grossista,sale,pos4-7,10,13.31,11.00,13.17,16.5,16,2.17,12.00,160
751,26,Farmainsieme,947073019,AVEC 30CPR MASTICABILI,grossista,entra,pos4-7,99,35.12,27.23,31.57,13.7,13,4.34,6.00,184
752,26,Farmacia Procaccini,926876766,FLEBOMIX CREMA GEL 100ML,grossista,entra,pos4-7,16,11.90,9.27,11.44,19.0,16,2.17,12.00,130
753,26,Papa,907048134,BIOXTRA GEL ORALE 40ML,grossista,entra,pos4-7,13,18.09,14.60,17.49,16.5,16,2.89,9.00,150
754,26,Papa,902351319,NASOCLEAN SOL SPR 6FL 15ML,grossista,entra,pos4-7,18,10.77,8.34,10.07,17.2,16,1.73,15.00,139
755,26,Papa,974947158,GEL'CLEAR ADDENSANTE NEU 240G,grossista,entra,pos4-7,99,28.56,23.21,28.40,18.3,16,5.19,5.00,134
756,26,Farmacia Procaccini,943072571,CARDIOVIS COLESTEROLO 60CPR,grossista,entra,pos4-7,99,25.24,19.42,23.12,16.0,16,3.70,7.00,155
757,26,Papa,947073019,AVEC 30CPR MASTICABILI,grossista,entra,pos4-7,25,34.35,27.26,31.57,13.7,13,4.31,6.00,184
758,26,Farmacia Procaccini,906865290,REMOTION PLUS MANG GATTI 50G,grossista,entra,pos4-7,11,11.20,8.61,10.96,21.4,16,2.35,11.00,120
759,26,Farmainsieme,989317286,ALGOPAN 30CPR,grossista,entra,pos4-7,99,22.95,18.52,22.21,16.6,16,3.69,7.00,147
760,26,Papa,975867680,BIOSNEL FORM POT SALUGEA 60CPS,grossista,entra,pos4-7,11,35.25,28.42,32.72,13.1,13,4.30,6.00,181
761,26,MPF,947073019,AVEC 30CPR MASTICABILI,grossista,sale,pos4-7,9,31.63,27.27,31.57,13.6,13,4.30,6.00,184
762,26,Farmastelia,947073019,AVEC 30CPR MASTICABILI,grossista,entra,pos4-7,11,32.05,27.27,31.57,13.6,13,4.30,6.00,184
763,26,Papa,979052293,TOTABI PASTA EVO 15ML,grossista,entra,pos4-7,99,12.21,9.47,11.81,19.8,16,2.34,11.00,120
764,26,Papa,952114282,AUTOFAGIA SALUGEA 60CPS,grossista,entra,pos4-7,19,59.28,47.05,55.55,15.3,11,8.50,3.00,160
765,25,Farmacia Procaccini,971967866,RENALIT COMBI COLIC 120ML,grossista,entra,pos4-7,16,24.04,18.49,22.13,16.4,16,3.64,7.00,168
766,25,Farmacia Procaccini,975350986,RESOURCE INSTANT PROTEIN 400G,grossista,sale,pos4-7,7,57.77,44.44,52.93,16.0,11,8.49,3.00,151
767,25,Farmacia Procaccini,934503436,DHALUX 30CPS MOLLI,grossista,entra,pos4-7,21,19.21,14.77,17.94,17.7,16,3.17,8.00,141
768,25,Papa,944100256,SKIN REPAIR ACNE COMPLEX 60CPS,grossista,entra,pos4-7,12,26.28,20.83,25.05,16.8,16,4.22,6.00,147
769,25,Farmacia Procaccini,913516314,SNELSI' 250ML,grossista,entra,pos4-7,18,21.06,16.20,19.36,16.3,16,3.16,8.00,153
770,25,Farmacia Procaccini,931028233,VERTIS SHAMPOO LAVAGGI FREQ,grossista,sale,pos4-7,10,16.49,12.69,15.21,16.6,16,2.52,10.00,138
771,25,MPF,904303738,MAGIC PEELING GOLD GUANTO,grossista,sale,pos4-7,10,31.14,26.84,31.01,13.4,13,4.17,6.00,190
772,25,Farmacia Procaccini,904303738,MAGIC PEELING GOLD GUANTO,grossista,entra,pos4-7,99,31.40,26.84,31.01,13.4,13,4.17,6.00,190
773,25,Papa,904303738,MAGIC PEELING GOLD GUANTO,grossista,entra,pos4-7,13,32.98,26.84,31.01,13.4,13,4.17,6.00,190
774,25,Papa,931028233,VERTIS SHAMPOO LAVAGGI FREQ,grossista,sale,pos4-7,9,15.71,12.71,15.21,16.4,16,2.50,10.00,138
775,25,Papa,980458374,OROZYME GEL IGIENE ORALE 70G,grossista,sale,pos4-7,10,13.23,10.71,12.98,17.5,16,2.27,11.00,135
776,25,Papa,980132815,MD33 J MAX 21BUST 10ML FITODAL,grossista,sale,pos4-7,3,47.08,37.37,43.61,14.3,13,6.24,4.00,175
777,25,Farmacia Procaccini,989638566,EPAVIS LIQUIDO ALCOOLICO 500ML,grossista,entra,pos4-7,15,39.38,30.29,36.53,17.1,13,6.24,4.00,140
778,25,Farmacia Mandanici,932652365,NATURE'S SOL ACCELERATORE ABBR,grossista,entra,pos4-7,99,21.49,17.91,21.47,16.6,16,3.56,7.00,144
779,25,MPF,932652365,NATURE'S SOL ACCELERATORE ABBR,grossista,entra,pos4-7,12,21.49,17.91,21.47,16.6,16,3.56,7.00,144
780,25,Farmacia Procaccini,930544438,LENIDASE 20CPR,grossista,entra,pos4-7,99,15.89,12.22,14.71,16.9,16,2.49,10.00,147
781,25,MPF,900978038,IMMUNACE 60TAV,grossista,sale,pos4-7,6,30.55,24.90,29.86,16.6,16,4.96,5.00,139
782,25,Farmacia Procaccini,935185633,RUDRATIN 5000 20BUST,grossista,entra,pos4-7,19,23.58,18.14,22.26,18.5,16,4.12,6.00,124
783,25,Papa,985593793,RENAL COMBI POLVERE 240G,grossista,entra,pos4-7,99,45.79,36.34,42.51,14.5,13,6.17,4.00,156
784,25,Farmacia Procaccini,938952847,PHYTODEPURA FORTE 500ML,grossista,entra,pos4-7,20,19.75,15.19,18.27,16.9,16,3.08,8.00,138
785,25,Farmacia Procaccini,985593793,RENAL COMBI POLVERE 240G,grossista,entra,pos4-7,23,47.26,36.36,42.51,14.5,13,6.15,4.00,156
786,25,Papa,950249767,APRYLIC 500ML,grossista,entra,pos4-7,17,69.42,55.10,63.30,13.0,11,8.20,3.00,187
787,25,Papa,921222612,REV IDRAX BOTU' 50ML,grossista,entra,pos4-7,99,39.71,31.51,37.66,16.3,13,6.15,4.00,136
788,25,Papa,951990454,ZENIFEL DIFFUSORE GEL 230G,grossista,sale,pos4-7,10,33.79,27.29,33.43,18.4,13,6.14,4.00,123
789,25,Farmacia Procaccini,951169388,CALOFAST 60CPR,grossista,entra,pos4-7,99,40.01,30.78,36.92,16.6,13,6.14,4.00,141
790,25,Farmacia Procaccini,987540818,PROGLAN 30BOCCONCINI,grossista,entra,pos4-7,14,19.97,15.36,18.86,18.6,16,3.50,7.00,131
791,24,Farmacia Procaccini,975896440,GIBAUD ORTHO DORSOLOMBOGIB 4,grossista,sale,pos4-7,9,148.34,120.60,144.96,16.8,11,24.36,1.00,145
792,24,Papa,988999280,MUSCOLL 30BUST,grossista,entra,pos4-7,99,41.80,30.29,35.15,13.8,13,4.86,5.00,171
793,24,Farmainsieme,985593793,RENAL COMBI POLVERE 240GR CANDIO,grossista,entra,pos4-7,24,47.01,36.44,42.51,14.3,13,6.07,4.00,156
794,24,Farmacia Procaccini,987674266,MENFLODEN 20CPS,grossista,entra,pos4-7,17,33.66,28.77,33.62,14.4,13,4.85,5.00,172
795,24,Farmainsieme,904452962,ARMOLIPID 30CPR,grossista,sale,pos4-7,10,15.04,12.53,14.95,16.2,16,2.42,10.00,136
796,24,Papa,951169388,CALOFAST 60CPR,grossista,entra,pos4-7,15,38.91,30.88,36.92,16.4,13,6.04,4.00,141
797,24,Papa,926876766,FLEBOMIX CREMA GEL 100ML,grossista,entra,pos4-7,99,11.90,9.43,11.44,17.6,16,2.01,12.00,130
798,24,Farmacia Procaccini,941182394,FARMEX TRAV ASSORB 80X180 15PZ,grossista,sale,pos4-7,9,6.28,4.75,6.09,22.0,19,1.34,18.00,111
799,24,Papa,989019183,SUBHELIOS 30CPR,grossista,entra,pos4-7,11,20.61,16.71,20.15,17.1,16,3.44,7.00,132
800,24,Farmacia Procaccini,909108363,RIBES PET 30PRL,grossista,entra,pos4-7,99,20.02,15.40,18.41,16.3,16,3.01,8.00,151
801,24,Papa,800601015,2LC1 30CPS,grossista,entra,pos4-7,99,98.16,77.90,89.91,13.4,11,12.01,2.00,171
802,24,Farmacia Procaccini,988999280,MUSCOLL 30BUST,grossista,entra,pos4-7,99,35.51,30.35,35.15,13.7,13,4.80,5.00,171
803,24,Farmacia Procaccini,950211678,PROSVIS 400PAST,grossista,sale,pos4-7,10,58.25,49.37,57.37,13.9,11,8.00,3.00,170
804,24,Farmacia Procaccini,971188065,DERMAFFINE PSO CREMA 450ML,grossista,entra,pos4-7,14,18.17,15.02,18.02,16.6,16,3.00,8.00,144
805,24,Papa,950454381,NACARNEX 20BUST,grossista,sale,pos4-7,10,18.75,14.99,17.99,16.7,16,3.00,8.00,137
806,24,Farmacia Procaccini,944113479,NEAMELAX PASTA 30G,grossista,entra,pos4-7,99,15.07,12.46,14.86,16.2,16,2.40,10.00,151
807,24,Farmacia Procaccini,971744887,ATHENAVIS ONE SIR INTRA-ART4ML,grossista,entra,pos4-7,14,97.40,83.25,95.20,12.6,11,11.95,2.00,197
808,24,Farmacia Procaccini,944160833,PRINCIPIUM NAUDIGEST 18BUST,grossista,entra,pos4-7,12,10.53,8.10,10.08,19.6,16,1.98,12.00,123
809,24,MPF,950249767,APRYLIC 500ML,grossista,sale,pos4-7,7,65.05,55.38,63.30,12.5,11,7.92,3.00,187
810,24,Farmacia Procaccini,983533631,01 PLUS 60CPS,grossista,entra,pos4-7,11,34.99,29.91,34.66,13.7,13,4.75,5.00,176
811,24,Farmacia Procaccini,972128464,BIOMAG 90CPR MAST LEHNING,grossista,entra,pos4-7,99,17.74,14.66,17.62,16.8,16,2.96,8.00,134
812,24,Farmacia Procaccini,952089439,KORNEAKER GEL 10G,grossista,entra,pos4-7,17,19.89,15.30,18.26,16.2,16,2.96,8.00,142
813,24,Papa,983533631,01 PLUS 60CPS,grossista,entra,pos4-7,17,36.82,29.93,34.66,13.6,13,4.73,5.00,176
814,24,MPF,983533631,01 PLUS 60CPS,grossista,sale,pos4-7,9,34.73,29.94,34.66,13.6,13,4.72,5.00,176
815,24,Farmastelia,983533631,01 PLUS 60CPS,grossista,entra,pos4-7,12,35.17,29.94,34.66,13.6,13,4.72,5.00,176
816,24,MPF,971744887,ATHENAVIS ONE SIR INTRA-ART4ML,grossista,entra,pos4-7,15,99.24,83.40,95.20,12.4,11,11.80,2.00,197
817,24,Papa,988807780,VELABRAIN 7 FLC,grossista,entra,pos4-7,13,21.97,17.77,21.69,18.1,16,3.92,6.00,125
818,24,Papa,902721632,HR LUBRICATING JELLY GEL 75ML,grossista,entra,pos4-7,11,13.32,10.75,13.10,17.9,16,2.35,10.00,119
819,23,Farmainsieme,047736018,ONOPRIM*OS GTT 1FL 50ML,grossista,entra,pos4-7,99,26.79,21.79,26.48,17.7,16,4.69,5.00,120
820,23,Farmacia Procaccini,948002074,PALMA NANA 100CPS VEG,grossista,entra,pos4-7,99,39.15,30.12,34.81,13.5,13,4.69,5.00,167
821,23,Papa,989638566,EPAVIS Liquido 500ml,grossista,entra,pos4-7,99,38.65,30.67,36.53,16.0,13,5.86,4.00,140
822,23,Farmacia Procaccini,975896426,GIBAUD ORTHO DORSOLOMBOGIB 2,grossista,entra,pos4-7,21,148.34,120.60,143.90,16.2,11,23.30,1.00,156
823,23,Farmastelia,800601015,2LC1 30CPS,grossista,entra,pos4-7,11,91.57,78.29,89.91,12.9,11,11.62,2.00,171
824,23,Farmainsieme,800601015,2LC1 30CPS,grossista,entra,pos4-7,99,100.99,78.29,89.91,12.9,11,11.62,2.00,171
825,23,MPF,800601015,2LC1 30CPS,grossista,sale,pos4-7,8,90.81,78.29,89.91,12.9,11,11.62,2.00,171
826,23,Papa,951175544,PHYSIOMANCE ENDOM 60CPR,grossista,entra,pos4-7,99,50.10,30.98,36.77,15.7,13,5.79,4.00,137
827,23,Farmacia Procaccini,989874298,ALPECIN GREY ATTACK SHAMPOO,grossista,sale,pos4-7,10,16.28,13.46,16.03,16.0,16,2.57,9.00,141
828,23,Papa,932138403,IDRASTIN SIERO 50ML,grossista,entra,pos4-7,99,69.00,52.18,59.89,12.9,11,7.71,3.00,174
829,23,Farmastelia,932138403,IDRASTIN SIERO 50ML,grossista,sale,pos4-7,7,61.45,52.18,59.89,12.9,11,7.71,3.00,174
830,23,Farmacia Procaccini,911958369,MONODERMA C10 GEL 30VEGICAPS,grossista,entra,pos4-7,99,23.49,18.07,21.92,17.6,16,3.85,6.00,126
831,23,Farmainsieme,989638566,EPAVIS LIQUIDO ALCOOLICO 500ML,grossista,entra,pos4-7,99,39.68,30.76,36.53,15.8,13,5.77,4.00,140
832,23,Farmainsieme,925336416,AQUACEL AG+ EXTRA 5X5CM 10PZ,grossista,entra,pos4-7,14,42.25,34.88,40.64,14.2,13,5.76,4.00,156
833,23,Papa,983832724,SENALT PRO 20BUST,grossista,entra,pos4-7,12,22.79,18.21,22.05,17.4,16,3.84,6.00,124
834,23,Papa,971744166,FG DOL GEL 125ML,grossista,entra,pos4-7,13,12.29,9.53,11.82,19.4,16,2.29,10.00,127
835,23,Farmacia Procaccini,971724455,VITABEN DK 15ML,grossista,entra,pos4-7,99,17.98,13.83,16.69,17.1,16,2.86,8.00,126
836,23,Farmainsieme,983678133,FERPROST K 30BST,grossista,entra,pos4-7,18,35.31,27.37,31.93,14.3,13,4.56,5.00,151
837,23,Papa,027456033,CLAREMA*CREMA 30G 1%,grossista,entra,pos4-7,13,15.93,12.96,15.49,16.3,16,2.53,9.00,131
838,23,Farmainsieme,932138403,IDRASTIN SIERO 50ML,grossista,entra,pos4-7,16,61.45,52.30,59.89,12.7,11,7.59,3.00,174
839,23,Papa,979847112,ZELDA GOLD 30CPR RIVESTITE,grossista,entra,pos4-7,22,35.81,28.42,32.97,13.8,13,4.55,5.00,163
840,23,Farmastelia,951864774,MIOCARE 20BUST,grossista,entra,pos4-7,13,34.11,28.77,33.32,13.7,13,4.55,5.00,159
841,23,Papa,949879617,ASTROCIT PEA 100ML,grossista,entra,pos4-7,12,28.49,22.83,27.38,16.6,16,4.55,5.00,129
842,23,MPF,932138403,IDRASTIN SIERO 50ML,grossista,sale,pos4-7,9,61.46,52.33,59.89,12.6,11,7.56,3.00,174
843,23,Farmacia Procaccini,931742023,MTHFR-P 30CPR,grossista,entra,pos4-7,99,16.67,12.83,15.35,16.4,16,2.52,9.00,135
844,23,Farmastelia,908019944,MESOFLEX FORTE 120TAV,grossista,sale,pos4-7,9,82.73,70.26,81.53,13.8,11,11.27,2.00,164
845,23,Papa,908019944,MESOFLEX FORTE 120TAV,grossista,entra,pos4-7,99,88.53,70.26,81.53,13.8,11,11.27,2.00,164
846,23,Farmainsieme,908019944,MESOFLEX FORTE 120TAV,grossista,entra,pos4-7,19,82.73,70.26,81.53,13.8,11,11.27,2.00,164
847,23,Farmainsieme,938025032,HERP 120ML,grossista,entra,pos4-7,16,40.89,34.12,39.75,14.2,13,5.63,4.00,156
848,23,Farmacia Procaccini,976338006,TIABLO GARZA OFTAL MON 14PZ,grossista,entra,pos4-7,99,15.26,11.74,13.99,16.1,16,2.25,10.00,132
849,22,Farmacia Procaccini,979847112,ZELDA GOLD 30CPR RIVESTITE,grossista,entra,pos4-7,27,37.02,28.48,32.97,13.6,13,4.49,5.00,163
850,22,Papa,984402141,KIROWIN 20 Stick Pack,grossista,entra,pos4-7,15,22.79,18.47,22.21,16.8,16,3.74,6.00,126
851,22,Papa,938025032,HERP 120ML,grossista,entra,pos4-7,99,43.01,34.14,39.75,14.1,13,5.61,4.00,156
852,22,Papa,989668874,PAPILOCARE IMMUNOCAPS 30CPS,grossista,entra,pos4-7,16,34.04,27.68,32.15,13.9,13,4.47,5.00,161
853,22,Farmastelia,989668874,PAPILOCARE IMMUNOCAPS 30CPS,grossista,sale,pos4-7,10,32.50,27.68,32.15,13.9,13,4.47,5.00,161
854,22,Papa,925930947,MEDI KL1 PLUS/GAMBAL LU 3 101,grossista,entra,pos4-7,14,72.80,57.78,68.94,16.2,11,11.16,2.00,102
855,22,MPF,934026838,AINARA GEL VAGINALE IDRAT 30G,grossista,sale,pos4-7,9,17.02,14.20,16.99,16.4,16,2.79,8.00,134
856,22,Farmainsieme,975350986,RESOURCE INSTANT PROTEIN 400G,grossista,entra,pos4-7,99,58.69,45.50,52.93,14.0,11,7.43,3.00,151
857,22,Farmainsieme,921222612,REV IDRAX BOTU' 50ML,grossista,entra,pos4-7,17,41.41,32.10,37.66,14.8,13,5.56,4.00,136
858,22,Farmacia Procaccini,931055127,PANAVIT GOCCE 15ML,grossista,sale,pos4-7,8,16.42,13.35,16.13,17.2,16,2.78,8.00,125
859,22,Farmacia Procaccini,987904947,BALANIL GEL 40ML,grossista,entra,pos4-7,14,18.43,14.18,16.96,16.4,16,2.78,8.00,136
860,22,Farmacia Mandanici,989668874,PAPILOCARE IMMUNOCAPS 30CPS,grossista,entra,pos4-7,99,32.50,27.71,32.15,13.8,13,4.44,5.00,161
861,22,Farmainsieme,989668874,PAPILOCARE IMMUNOCAPS 30CPS,grossista,entra,pos4-7,99,33.81,27.71,32.15,13.8,13,4.44,5.00,161
862,22,Papa,945294991,"LIPEROL 12F 8,33ML",grossista,entra,pos4-7,16,34.14,27.76,32.19,13.8,13,4.43,5.00,156
863,22,Papa,044958015,FMS CROTALUS COMPLEX*30ML GTT,grossista,sale,pos4-7,1,17.67,14.37,17.53,18.0,16,3.16,7.00,113
864,22,Farmacia Procaccini,971038765,LUTISVIST 30CPR,grossista,entra,pos4-7,99,21.28,16.37,19.53,16.2,16,3.16,7.00,137
865,22,Papa,934425784,DANASE 20CPR,grossista,entra,pos4-7,16,11.54,8.94,10.95,18.4,16,2.01,11.00,121
866,22,Papa,029851173,MOVICOL*SENZA AROMA BB 20BUST,grossista,entra,pos4-7,99,11.05,8.57,10.58,19.0,16,2.01,11.00,114
867,22,Farmacia Procaccini,029851173,MOVICOL*SENZA AROMA BB 20BUST,grossista,entra,pos4-7,99,11.14,8.57,10.58,19.0,16,2.01,11.00,114
868,22,Farmacia Procaccini,931962625,VITAPOS POMATA OFTALMICA 5G,grossista,entra,pos4-7,20,11.34,8.72,10.42,16.3,16,1.70,13.00,131
869,22,Farmainsieme,979847112,ZELDA GOLD 30CPR RIVESTITE,grossista,entra,pos4-7,16,36.84,28.56,32.97,13.4,13,4.41,5.00,163
870,22,Farmastelia,979847112,ZELDA GOLD 30CPR RIVESTITE,grossista,entra,pos4-7,11,33.41,28.56,32.97,13.4,13,4.41,5.00,163
871,22,Papa,939462382,OFTYVIT GOCCE OCULARI 5ML,grossista,entra,pos4-7,99,7.52,5.83,7.30,20.1,19,1.47,15.00,100
872,22,MPF,979847112,ZELDA GOLD 30CPR RIVESTITE,grossista,sale,pos4-7,10,33.29,28.56,32.97,13.4,13,4.41,5.00,163
873,22,Farmacia Procaccini,938025032,HERP 120ML,grossista,entra,pos4-7,20,44.52,34.25,39.75,13.8,13,5.50,4.00,156
874,22,Farmacia Procaccini,934026838,AINARA GEL VAGINALE IDRAT 30G,grossista,entra,pos4-7,99,17.54,14.26,16.99,16.1,16,2.73,8.00,134
875,22,Farmainsieme,989893363,VIVIVEN TRAUMI 14CPR,grossista,sale,pos4-7,10,22.00,18.34,21.97,16.5,16,3.63,6.00,128
876,21,Farmacia Procaccini,989362571,CONDROGEN PUPPY 60CPR,grossista,entra,pos4-7,99,42.55,32.73,38.10,14.1,13,5.37,4.00,152
877,21,Farmacia Procaccini,905387066,COLONFIT ADVANCE ARANCIA20BUST,grossista,entra,pos4-7,99,13.13,10.10,12.05,16.2,16,1.95,11.00,129
878,21,Farmainsieme,046504015,VANDA 73*4G 80GR CONT MULTID,grossista,entra,pos4-7,14,14.44,12.03,14.41,16.5,16,2.38,9.00,120
879,21,Papa,909755112,DUODERM IDROGEL C/APPL 10PZ,grossista,entra,pos4-7,99,70.59,56.02,66.70,16.0,11,10.68,2.00,125
880,21,Farmacia Procaccini,925383224,PHYSIOMANCE ALCALIANCE+ 30BUST,grossista,entra,pos4-7,15,19.08,14.67,17.72,17.2,16,3.05,7.00,120
881,21,Farmastelia,943322673,PROLEPTYC 60CPR,grossista,entra,pos4-7,99,39.56,34.06,39.39,13.5,13,5.33,4.00,154
882,21,Papa,943322673,PROLEPTYC 60CPR,grossista,entra,pos4-7,99,42.91,34.06,39.39,13.5,13,5.33,4.00,154
883,21,Farmainsieme,943322673,PROLEPTYC 60CPR,grossista,sale,pos4-7,5,43.93,34.06,39.39,13.5,13,5.33,4.00,154
884,21,Farmacia Procaccini,932776418,CORACTIV 50PRL,grossista,entra,pos4-7,13,21.12,16.25,19.80,17.9,16,3.55,6.00,113
885,21,Farmacia Procaccini,979683859,NOSTEROL 30CPR,grossista,entra,pos4-7,99,20.71,15.93,18.97,16.0,16,3.04,7.00,131
886,21,Papa,046504015,VANDA 73*4G 80GR CONT MULTID,grossista,entra,pos4-7,13,14.94,12.05,14.41,16.4,16,2.36,9.00,120
887,21,Farmacia Procaccini,989893363,VIVIVEN TRAUMI 14CPR,grossista,entra,pos4-7,19,23.95,18.43,21.97,16.1,16,3.54,6.00,128
888,21,Farmacia Procaccini,028039028,NORUXOL*UNG 30G,grossista,entra,pos4-7,99,22.15,17.04,20.58,17.2,16,3.54,6.00,117
889,21,Farmacia Procaccini,923488225,LINFADREN CREMA 100ML,grossista,entra,pos4-7,99,15.65,12.04,14.40,16.4,16,2.36,9.00,123
890,21,Farmacia Procaccini,900542756,REBIOGER Q10 60CPR,grossista,entra,pos4-7,26,32.34,27.02,32.32,16.4,13,5.30,4.00,125
891,21,Papa,983329285,TAMAZIL 8BUST,grossista,sale,pos4-7,10,13.36,10.78,12.90,16.4,16,2.12,10.00,122
892,21,Papa,951456110,SMART BALANCE SF 30BUST,grossista,entra,pos4-7,12,27.44,22.15,26.39,16.1,16,4.24,5.00,129
893,21,Farmacia Procaccini,941543631,FLOGERIL FORTE 20BUST,grossista,entra,pos4-7,17,15.83,12.18,14.83,17.9,16,2.65,8.00,124
894,21,MPF,978305555,OVERLUZ 60PRL,grossista,sale,pos4-7,3,32.25,27.38,31.61,13.4,13,4.23,5.00,159
895,21,Farmacia Procaccini,933466498,ALFAUNO 36CPR,grossista,entra,pos4-7,99,23.90,18.38,22.60,18.7,16,4.22,5.00,111
896,21,Farmainsieme,989362571,CONDROGEN PUPPY 60CPR INNOVET,grossista,entra,pos4-7,99,39.40,32.83,38.10,13.8,13,5.27,4.00,152
897,21,Papa,900978293,COMMANDO 2000 ANTIOSSID 60TAV,grossista,sale,pos4-7,10,32.31,26.27,31.53,16.7,13,5.26,4.00,120
898,21,Papa,989362571,CONDROGEN PUPPY 60CPR,grossista,entra,pos4-7,18,41.38,32.84,38.10,13.8,13,5.26,4.00,152
899,21,MPF,046829014,COLLAGENE*SP 20F 2ML,grossista,entra,pos4-7,99,21.56,17.79,21.29,16.4,16,3.50,6.00,122
900,21,Papa,046829014,COLLAGENE*SP 20F 2ML,grossista,entra,pos4-7,12,22.13,17.79,21.29,16.4,16,3.50,6.00,122
901,21,Papa,903930461,ANESTIN LIQUIDO 125ML,grossista,entra,pos4-7,16,12.94,10.49,12.59,16.7,16,2.10,10.00,121
902,21,Farmainsieme,046829014,COLLAGENE*SP 20F 2ML,grossista,entra,pos4-7,99,21.56,17.79,21.29,16.4,16,3.50,6.00,122
903,21,Papa,927257752,KCMEGA3 80PERLE,grossista,entra,pos4-7,99,42.89,34.04,41.03,17.0,13,6.99,3.00,114
904,21,MPF,900978293,COMMANDO 2000 ANTIOSSID 60TAV,grossista,sale,pos4-7,5,32.31,26.29,31.53,16.6,13,5.24,4.00,120
905,21,Farmacia Procaccini,908306323,DILATAN CREMA VEGETALE 50ML,grossista,entra,pos4-7,21,12.18,9.37,11.46,18.2,16,2.09,10.00,110
906,21,Papa,908232630,DUODERM EX S 5MEDIC 10X10 9194,grossista,sale,pos4-7,9,12.87,9.98,12.30,18.9,16,2.32,9.00,105
907,21,Papa,900542756,REBIOGER Q10 60CPR,grossista,entra,pos4-7,13,32.34,27.10,32.32,16.2,13,5.22,4.00,125
908,21,Farmacia Procaccini,981375518,SNELLIFE ONE POWER 10FL 10ML,grossista,entra,pos4-7,16,18.78,14.44,17.42,17.1,16,2.98,7.00,128
909,21,Papa,985551795,AXOR LIPOSOMIALE 30ML,grossista,entra,pos4-7,15,25.89,20.79,24.96,16.7,16,4.17,5.00,120
910,21,Farmastelia,981491400,NOVALAC REFLUX PRO 800G,grossista,sale,pos4-7,6,40.56,34.68,39.88,13.0,13,5.20,4.00,156
911,21,Papa,981491400,NOVALAC REFLUX PRO 800G,grossista,entra,pos4-7,99,41.27,34.68,39.88,13.0,13,5.20,4.00,156
912,21,Farmastelia,900542756,REBIOGER Q10 60CPR,grossista,sale,pos4-7,9,32.34,27.13,32.32,16.1,13,5.19,4.00,125
913,21,Farmainsieme,900542756,REBIOGER Q10 60CPR,grossista,entra,pos4-7,27,32.51,27.13,32.32,16.1,13,5.19,4.00,125
914,21,Farmacia Procaccini,931069936,TRICOBIO 30CPR,grossista,entra,pos4-7,19,22.08,16.98,20.44,16.9,16,3.46,6.00,116
915,21,Farmacia Procaccini,949705800,PERELLE UROPAUSA 30CPR,grossista,entra,pos4-7,99,25.77,19.82,23.97,17.3,16,4.15,5.00,118
916,21,Papa,950952147,GHC MEDICAL TRATT PROTEIC PREV,grossista,sale,pos4-7,10,52.19,41.42,51.79,20.0,11,10.37,2.00,92
917,21,Papa,987652450,ESTEEM BODY FO AP 4MM TR10-55,grossista,entra,pos4-7,99,69.37,55.06,65.42,15.8,11,10.36,2.00,131
918,21,Farmacia Procaccini,972760110,REVEE SCAR GEL 20G,grossista,entra,pos4-7,14,31.87,27.24,31.37,13.2,13,4.13,5.00,172
919,21,Papa,947062992,PANTAVIS 600 LIPOICO 30CPR,grossista,sale,pos4-7,6,24.42,19.86,23.99,17.2,16,4.13,5.00,114
920,21,Farmainsieme,903930461,ANESTIN LIQUIDO 125ML,grossista,entra,pos4-7,14,12.73,10.53,12.59,16.4,16,2.06,10.00,121
921,21,Farmacia Procaccini,943310868,CORTI-SOL-PS 60PRL SOFTGELS,grossista,entra,pos4-7,13,66.38,51.06,61.34,16.8,11,10.28,2.00,115
922,21,Farmainsieme,913071104,GAG PLUS 200G 120TAV,grossista,entra,pos4-7,99,84.21,65.28,75.53,13.6,11,10.25,2.00,161
923,20,Papa,952051629,PROLAC CORDYCEPS 90CPR,grossista,sale,pos4-7,1,41.66,33.07,39.89,17.1,13,6.82,3.00,106
924,20,Papa,931069936,TRICOBIO 30CPR,grossista,entra,pos4-7,13,20.94,17.03,20.44,16.7,16,3.41,6.00,116
925,20,Papa,951135627,COLINOX 40CPR MASTICABILI,grossista,sale,pos4-7,10,14.25,11.40,13.67,16.6,16,2.27,9.00,123
926,20,Farmacia Procaccini,983364439,MAGNESIO CLORURO 334PAST,grossista,entra,pos4-7,13,15.04,12.43,14.98,17.0,16,2.55,8.00,115
927,20,Papa,944129600,COLLAGENDEP DREN LIMONE RECHAR,grossista,entra,pos4-7,13,34.19,27.39,32.46,15.6,13,5.07,4.00,115
928,20,Farmacia Procaccini,984905733,BEATOX PIU' 30CPR,grossista,entra,pos4-7,14,25.88,19.91,23.96,16.9,16,4.05,5.00,127
929,20,Farmacia Procaccini,945085177,PRIMULA 30PRL SOFTGEL,grossista,entra,pos4-7,18,18.08,13.90,16.79,17.2,16,2.89,7.00,118
930,20,Papa,028039028,NORUXOL*UNG 30G,grossista,entra,pos4-7,11,21.29,17.22,20.58,16.3,16,3.36,6.00,117
931,20,Farmacia Procaccini,935815934,MICROBIOTAL CANE 30CPR,grossista,entra,pos4-7,99,18.23,14.03,16.91,17.0,16,2.88,7.00,113
932,20,Papa,975099173,TOTABI EVO 32CPR,grossista,entra,pos4-7,99,17.80,9.76,11.77,17.1,16,2.01,10.00,111
933,20,Farmainsieme,989669799,DEFENCE SUN 30 SPRAY 200ML,grossista,sale,pos4-7,7,12.22,9.77,12.00,18.6,16,2.23,9.00,109
934,20,Papa,981375518,SNELLIFE One Power 10fl.10ml,grossista,sale,pos4-7,10,18.05,14.56,17.42,16.4,16,2.86,7.00,128
935,20,Papa,904421474,IPSO PLUS CREMA TUBO 250ML,grossista,entra,pos4-7,12,16.54,13.36,16.21,17.6,16,2.85,7.00,111
936,20,MPF,921232450,PESCURA FLAT ORIG BYCAST SAB43,grossista,sale,pos4-7,6,62.49,49.97,59.94,16.6,11,9.97,2.00,115
937,20,Farmastelia,974037879,FORTIRAL 30BUST,grossista,entra,pos4-7,11,51.14,43.96,50.59,13.1,11,6.63,3.00,150
938,20,Farmacia Mandanici,974037879,FORTIRAL 30BUST,grossista,entra,pos4-7,99,51.14,43.96,50.59,13.1,11,6.63,3.00,150
939,20,Papa,974037879,FORTIRAL 30BUST,grossista,entra,pos4-7,14,52.01,43.96,50.59,13.1,11,6.63,3.00,150
940,20,Papa,971953740,TENSIVA 40BUST,grossista,entra,pos4-7,11,18.77,15.17,18.48,17.9,16,3.31,6.00,103
941,20,Farmacia Procaccini,949705711,FUSION FLUID MINERAL SPF50,grossista,sale,pos4-7,7,24.01,18.47,22.42,17.6,16,3.95,5.00,103
942,20,Papa,909070702,CONVEEN GUA AUT 25MM 30PZ 5200,grossista,entra,pos4-7,17,59.08,46.88,56.72,17.3,11,9.84,2.00,110
943,20,Papa,925957654,AMIN 21K CACAO 336G,grossista,entra,pos4-7,99,55.00,32.02,36.94,13.3,13,4.92,4.00,143
944,20,Papa,944779343,PROMENSIL MENOPAUSA 90CPR,grossista,entra,pos4-7,99,48.72,38.67,45.22,14.5,13,6.55,3.00,131
945,20,Farmainsieme,944779343,PROMENSIL MENOPAUSA 90CPR,grossista,entra,pos4-7,99,49.88,38.67,45.22,14.5,13,6.55,3.00,131
946,20,Papa,021335043,VENOLEN*CREMA 40G 2%,grossista,entra,pos4-7,99,11.49,8.91,11.09,19.7,16,2.18,9.00,93
947,20,Farmacia Procaccini,973204934,RETINIL 30CPR,grossista,entra,pos4-7,99,21.38,16.45,19.70,16.5,16,3.25,6.00,112
948,20,Farmacia Procaccini,984903346,IACODERM COMPLEX 30CPR,grossista,sale,pos4-7,10,19.55,16.16,19.41,16.7,16,3.25,6.00,120
949,19,Farmacia Procaccini,984777235,OMEGA 3 SUPREMO 120SOFTGEL,grossista,sale,pos4-7,7,31.32,24.09,28.96,16.8,16,4.87,4.00,114
950,19,Papa,945251573,PRINCIPIUM TENSIOLEN 30CPR,grossista,sale,pos4-7,10,15.69,12.64,15.42,18.0,16,2.78,7.00,105
951,19,Farmainsieme,951990454,ZENIFEL DIFFUSORE GEL 230G,grossista,entra,pos4-7,99,36.87,28.58,33.43,14.5,13,4.85,4.00,123
952,19,Farmainsieme,925957654,AMIN 21K CACAO 336G,grossista,entra,pos4-7,99,39.16,32.10,36.94,13.1,13,4.84,4.00,143
953,19,Farmacia Procaccini,981123831,RESTAX LOZIONE DONNA 100ML,grossista,entra,pos4-7,20,38.16,29.35,34.19,14.2,13,4.84,4.00,138
954,19,Farmacia Procaccini,906555166,AMRITA 4 PASTA 600G,grossista,entra,pos4-7,99,52.74,40.57,47.02,13.7,13,6.45,3.00,142
955,19,MPF,925336428,AQUACEL AG+ EXTRA 10X10CM 10P,grossista,sale,pos4-7,10,88.40,75.97,85.63,11.3,11,9.66,2.00,115
956,19,Farmacia Procaccini,951501004,COMBIGIN 30CPS,grossista,entra,pos4-7,17,24.42,18.79,22.65,17.0,16,3.86,5.00,107
957,19,Papa,931772444,CANINSULIN VET PEN AGHI UNIFIN,grossista,entra,pos4-7,99,48.56,38.54,48.19,20.0,13,9.65,2.00,86
958,19,Farmacia Procaccini,939989087,"CATIONORM GOCCE 0,4ML 30F MONO",grossista,entra,pos4-7,22,18.59,14.30,17.05,16.1,16,2.75,7.00,115
959,19,Farmacia Procaccini,925383248,PHYSIOMANCE MINCIBOOST 500ML,grossista,entra,pos4-7,12,17.49,13.45,16.20,17.0,16,2.75,7.00,108
960,19,Farmacia Procaccini,987775487,TENDOACTIVE PLUS 20STICKS,grossista,sale,pos4-7,7,23.57,18.13,21.97,17.5,16,3.84,5.00,99
961,19,Farmastelia,989044084,MIAMO AGE REVERSE CREAM 40ML,grossista,entra,pos4-7,99,118.85,95.99,115.18,16.7,11,19.19,1.00,120
962,19,Farmainsieme,974037879,FORTIRAL 30BUST,grossista,entra,pos4-7,19,52.01,44.25,50.59,12.5,11,6.34,3.00,150
963,19,MPF,974037879,FORTIRAL 30BUST,grossista,entra,pos4-7,12,52.02,44.25,50.59,12.5,11,6.34,3.00,150
964,19,Papa,908306323,DILATAN CREMA VEGETALE 50ML,grossista,entra,pos4-7,99,12.34,9.56,11.46,16.6,16,1.90,10.00,110
965,19,Papa,901773580,STOMODINE GEL GENG CANI 30ML,grossista,entra,pos4-7,14,12.79,10.38,12.49,16.9,16,2.11,9.00,105
966,19,Papa,906555166,AMRITA 4 PASTA 600G,grossista,entra,pos4-7,99,51.28,40.70,47.02,13.4,13,6.32,3.00,142
967,19,Farmacia Procaccini,931145231,PPR ENZIMATICA CREMA 100ML,grossista,entra,pos4-7,12,49.25,41.74,48.05,13.1,13,6.31,3.00,145
968,19,Farmacia Procaccini,976392213,PHYSIOMANCE UBIQUINOL 3 30PRL,grossista,sale,pos4-7,5,36.15,27.81,32.54,14.5,13,4.73,4.00,132
969,19,Farmacia Procaccini,943920138,TETRAFOLIC 30CPS,grossista,entra,pos4-7,18,10.30,7.92,9.81,19.3,19,1.89,10.00,98
970,19,Farmacia Procaccini,924924830,ARIFER PLUS 30CPS,grossista,entra,pos4-7,99,16.74,13.84,16.54,16.3,16,2.70,7.00,109
971,19,Farmacia Procaccini,934417445,LIPOLIPASE CREMAGEL 150ML,grossista,entra,pos4-7,99,33.50,25.77,30.49,15.5,13,4.72,4.00,125
972,19,Farmacia Procaccini,938685272,COGNIVEL 40SOFTGEL,grossista,entra,pos4-7,99,23.60,18.15,21.92,17.2,16,3.77,5.00,108
973,19,Papa,925383248,PHYSIOMANCE MINCIBOOST 500ML,grossista,entra,pos4-7,99,16.89,13.51,16.20,16.6,16,2.69,7.00,108
974,19,Farmainsieme,930214440,TERSO SOLUZIONE OFT AZ OSMOTIC,grossista,entra,pos4-7,99,13.20,10.90,12.99,16.1,16,2.09,9.00,115
975,19,Farmacia Procaccini,951040258,ESI LE DIECI ERBE SOL LIQ180ML,grossista,sale,pos4-7,7,8.77,6.74,8.62,21.8,19,1.88,10.00,91
976,19,Farmainsieme,933466498,ALFAUNO 36CPR,grossista,entra,pos4-7,14,22.65,18.84,22.60,16.6,16,3.76,5.00,111
977,19,Papa,935848489,BIOKAP NUTRICDEL SPRAY RIT CS,grossista,entra,pos4-7,27,12.56,9.74,11.61,16.1,16,1.87,10.00,116
978,19,Farmacia Procaccini,908019944,MESOFLEX FORTE 120TAV,grossista,entra,pos4-7,99,93.88,72.21,81.53,11.4,11,9.32,2.00,164
979,19,Papa,940144975,OMOMETIL DIET 14BUST,grossista,entra,pos4-7,15,14.43,11.65,13.97,16.6,16,2.32,8.00,105
980,19,Farmacia Procaccini,932646755,XDRENA 250ML,grossista,entra,pos4-7,14,21.56,16.59,20.30,18.3,16,3.71,5.00,98
981,19,Papa,923301966,LICOVIS 60CPS,grossista,entra,pos4-7,14,46.00,31.88,38.05,16.2,13,6.17,3.00,110
982,18,Farmacia Procaccini,983785092,RIVESCAL PSO SHAMPOO 200ML CAN,grossista,entra,pos4-7,99,17.15,13.19,15.82,16.6,16,2.63,7.00,106
983,18,Papa,905682961,MUCOSYTE FLUID SOL CONC 180ML,grossista,entra,pos4-7,12,31.84,26.91,31.51,14.6,13,4.60,4.00,124
984,18,Papa,044038026,MAALOX PLUS*30CPR MAST,grossista,entra,pos4-7,99,11.85,9.19,11.49,20.0,16,2.30,8.00,88
985,18,Papa,981123829,RESTAX LOZIONE UOMO 100ML,grossista,entra,pos4-7,14,35.34,28.67,33.26,13.8,13,4.59,4.00,129
986,18,Farmacia Procaccini,982476261,VITAMINA B12 ATTIVATA LIQ100ML,grossista,entra,pos4-7,15,22.47,17.29,20.95,17.5,16,3.66,5.00,99
987,18,MPF,931203006,STERIMAR IPERTONICO NASO CHIU,grossista,sale,pos4-7,8,11.33,9.47,11.30,16.2,16,1.83,10.00,109
988,18,MPF,976392213,PHYSIOMANCE UBIQUINOL 3 30PRL,grossista,sale,pos4-7,7,32.84,27.98,32.54,14.0,13,4.56,4.00,132
989,18,Farmastelia,976392213,PHYSIOMANCE UBIQUINOL 3 30PRL,grossista,sale,pos4-7,9,32.76,27.98,32.54,14.0,13,4.56,4.00,132
990,18,Papa,976392213,PHYSIOMANCE UBIQUINOL 3 30PRL,grossista,entra,pos4-7,15,34.08,27.98,32.54,14.0,13,4.56,4.00,132
991,18,Farmacia Mandanici,976392213,PHYSIOMANCE UBIQUINOL 3 30PRL,grossista,entra,pos4-7,99,32.76,27.98,32.54,14.0,13,4.56,4.00,132
992,18,Farmacia Procaccini,931812832,ZEOSIND MED 90CPS,grossista,entra,pos4-7,99,34.11,26.24,30.80,14.8,13,4.56,4.00,123
993,18,Farmastelia,982170641,YAMAMOTO R ASHWAGANDHA 60CPR,grossista,sale,pos4-7,7,22.30,18.63,22.27,16.3,16,3.64,5.00,111
994,18,Papa,982170641,YAMAMOTO R ASHWAGANDHA 60CPR,grossista,entra,pos4-7,14,22.30,18.63,22.27,16.3,16,3.64,5.00,111
995,18,Farmacia Procaccini,972382509,VITAMONO EF LIPOGEL 50ML,grossista,sale,pos4-7,6,31.93,27.29,31.82,14.2,13,4.53,4.00,131
996,18,Papa,983173461,SERENITY Pannolone Sagomato Soft-dry+PLU,grossista,entra,pos4-7,12,17.74,14.21,17.23,17.5,16,3.02,6.00,100
997,18,Papa,982483796,INOGLUT 30CPR,grossista,entra,pos4-7,15,31.79,26.51,31.02,14.5,13,4.51,4.00,118
998,18,Farmainsieme,800148722,COENZYME COMP 10FL HEEL,grossista,entra,pos4-7,99,32.12,26.76,31.25,14.4,13,4.49,4.00,123
999,18,Farmainsieme,931812832,ZEOSIND MED 90CPS,grossista,entra,pos4-7,99,33.94,26.31,30.80,14.6,13,4.49,4.00,123
1000,18,Papa,800148722,"COENZYME COMP 10F 2,2ML HEEL",grossista,entra,pos4-7,14,32.12,26.77,31.25,14.3,13,4.48,4.00,123
1001,18,Farmacia Procaccini,951469776,ENZYVIS 100PAST,grossista,entra,pos4-7,99,19.91,15.31,18.29,16.3,16,2.98,6.00,110
1002,18,MPF,905682961,MUCOSYTE FLUID SOL CONC 180ML,grossista,entra,pos4-7,99,31.54,27.05,31.51,14.2,13,4.46,4.00,124
1003,18,Papa,950025419,PSIPROTO FRUTTI BOSCO 300G,grossista,entra,pos4-7,19,65.00,44.84,53.75,16.6,11,8.91,2.00,102
1004,18,Farmacia Procaccini,902081165,MILCO BEVANDA APROT 500ML,grossista,sale,pos4-7,7,10.48,8.40,10.18,17.5,16,1.78,10.00,104
1005,18,Farmacia Procaccini,951120690,GAMETIL 30BUST,grossista,sale,pos4-7,10,32.18,27.50,31.95,13.9,13,4.45,4.00,125
1006,18,Papa,951450651,MODERA 30CPR,grossista,entra,pos4-7,13,25.39,20.56,24.99,17.7,16,4.43,4.00,91
1007,18,Papa,990647455,PHYSIOMANCE GASTRO PROT.60Cps,grossista,sale,pos4-7,8,49.56,39.34,48.17,18.3,13,8.83,2.00,88
1008,18,Farmastelia,944129600,COLLAGENDEP DREN LIMONE RECHAR,grossista,sale,pos4-7,9,32.86,28.05,32.46,13.6,13,4.41,4.00,115
1009,18,Farmacia Procaccini,921394235,NATURAFLORA PLUS 60CPS VEG,grossista,entra,pos4-7,18,19.28,14.83,17.77,16.5,16,2.94,6.00,110
1010,18,Papa,987026162,CRIOGEL 100ML VF,grossista,entra,pos4-7,11,14.38,11.07,13.59,18.5,16,2.52,7.00,88
1011,18,Farmainsieme,944129600,COLLAGENDEP DREN LIMONE RECHAR,grossista,entra,pos4-7,99,34.19,28.05,32.46,13.6,13,4.41,4.00,115
1012,18,Farmacia Procaccini,911951008,ACTINORM PASTA GATTI 65G,grossista,entra,pos4-7,15,15.12,11.63,14.15,17.8,16,2.52,7.00,100
1013,18,Papa,987492699,MASTER-AID SPORT ARN 92% 200ML,grossista,entra,pos4-7,99,13.32,10.75,12.95,17.0,16,2.20,8.00,79
1014,18,Papa,924457563,ALOVIS GOCCE OCULARI 10ML,grossista,sale,pos4-7,9,11.66,9.04,10.99,17.7,16,1.95,9.00,65
1015,17,Papa,988771489,MICRONIL DOL 60CPR,grossista,sale,pos4-7,3,46.89,37.21,43.03,13.5,13,5.82,3.00,128
1016,17,Farmacia Procaccini,945251573,PRINCIPIUM TENSIOLEN 30CPR,grossista,entra,pos4-7,18,16.80,12.93,15.42,16.1,16,2.49,7.00,105
1017,17,Farmacia Procaccini,942921077,ISDIN PROTECTOR LABIAL SPF50+,grossista,entra,pos4-7,12,6.69,5.15,6.39,19.4,19,1.24,14.00,78
1018,17,Farmacia Procaccini,972002808,FIFTY WELL 40CPS,grossista,sale,pos4-7,3,21.52,17.79,21.26,16.3,16,3.47,5.00,105
1019,17,Papa,976310870,FLONAT FAST 20CPR,grossista,sale,pos4-7,3,17.35,14.05,16.93,17.0,16,2.88,6.00,100
1020,17,Papa,902484171,ANGIOVEIN 20CPS GELATINA,grossista,entra,pos4-7,19,11.83,9.17,11.33,19.1,16,2.16,8.00,83
1021,17,Farmacia Procaccini,933112169,TROXYACTIV 20BUST,grossista,entra,pos4-7,12,20.62,17.04,20.49,16.8,16,3.45,5.00,96
1022,17,Farmacia Procaccini,952055097,MEDOLEN PLUS 30CPR,grossista,sale,pos4-7,3,21.61,16.62,20.07,17.2,16,3.45,5.00,95
1023,17,Papa,907156246,CLINNER INTEGRATORE 50CPS,grossista,sale,pos4-7,10,26.54,21.52,25.81,16.6,16,4.29,4.00,100
1024,17,Papa,909879660,INTRASITE GEL 25G 10PZ,grossista,entra,pos4-7,99,67.30,58.68,67.26,12.8,11,8.58,2.00,129
1025,17,MPF,947461291,ENFLOG GEL VAGINALE 7APPL MONO,grossista,sale,pos4-7,6,16.79,13.48,16.34,17.5,16,2.86,6.00,92
1026,17,Farmacia Procaccini,951840596,NOVOCOL 60CPS BLISTER,grossista,entra,pos4-7,99,16.52,12.71,16.14,21.3,16,3.43,5.00,87
1027,17,Papa,800170514,"ZEEL T 10F 2,2ML HEEL",grossista,entra,pos4-7,99,46.20,36.66,42.37,13.5,13,5.71,3.00,126
1028,17,Farmacia Procaccini,987418237,AQUAVIS LOZIONE ANTICADUTA 4F,grossista,entra,pos4-7,21,75.02,57.71,66.27,12.9,11,8.56,2.00,120
1029,17,Papa,943294102,DUENZIMA 20CPS,grossista,entra,pos4-7,12,20.93,17.01,20.43,16.7,16,3.42,5.00,103
1030,17,Farmacia Procaccini,945297289,HYLO DUAL INTENSE COLLIRIO 2FL,grossista,entra,pos4-7,99,35.92,27.63,33.33,17.1,13,5.70,3.00,95
1031,17,Papa,024851026,VISUGLICAN*COLL 25D 40+2MG/ML,grossista,entra,pos4-7,12,19.20,15.51,18.92,18.0,16,3.41,5.00,91
1032,17,Farmacia Procaccini,973925439,KEPAR 30CPR 800MG,grossista,entra,pos4-7,15,16.83,12.95,15.79,18.0,16,2.84,6.00,91
1033,17,Papa,980466775,FDR COFANETTO BORSA FASCIATOIO,grossista,entra,pos4-7,99,40.67,32.28,37.94,14.9,13,5.66,3.00,111
1034,17,MPF,913071104,GAG PLUS 200G 120TAV,grossista,entra,pos4-7,99,80.46,67.06,75.53,11.2,11,8.47,2.00,161
1035,17,Papa,913071104,GAG PLUS 200G 120TAV,grossista,entra,pos4-7,99,84.50,67.06,75.53,11.2,11,8.47,2.00,161
1036,17,Farmainsieme,988771489,MICRONIL DOL 60CPR,grossista,entra,pos4-7,22,48.23,37.39,43.03,13.1,13,5.64,3.00,128
1037,17,MPF,934417445,LIPOLIPASE CREMAGEL 150ML,grossista,entra,pos4-7,99,30.72,26.27,30.49,13.8,13,4.22,4.00,125
1038,17,Papa,934417445,LIPOLIPASE CREMAGEL 150ML,grossista,sale,pos4-7,6,31.09,26.27,30.49,13.8,13,4.22,4.00,125
1039,17,Farmacia Mandanici,934417445,LIPOLIPASE CREMAGEL 150ML,grossista,entra,pos4-7,99,30.74,26.27,30.49,13.8,13,4.22,4.00,125
1040,17,Farmastelia,934417445,LIPOLIPASE CREMAGEL 150ML,grossista,sale,pos4-7,10,30.74,26.27,30.49,13.8,13,4.22,4.00,125
1041,17,Papa,026048126,AZOLMEN*POLV CUT 30G 1%,grossista,entra,pos4-7,99,9.56,7.41,9.28,20.2,19,1.87,9.00,79
1042,17,Farmainsieme,987418237,AQUAVIS LOZIONE ANTICADUTA 4F,grossista,entra,pos4-7,11,74.68,57.89,66.27,12.6,11,8.38,2.00,120
1043,17,MPF,987418237,AQUAVIS LOZIONE ANTICADUTA 4F,grossista,entra,pos4-7,11,68.96,57.89,66.27,12.6,11,8.38,2.00,120
1044,17,Papa,970935856,MICETRIN DAY 1000 30CPR,grossista,entra,pos4-7,12,25.59,20.58,24.77,16.9,16,4.19,4.00,94
1045,17,Farmastelia,987418237,AQUAVIS LOZIONE ANTICADUTA 4F,grossista,sale,pos4-7,9,68.96,57.89,66.27,12.6,11,8.38,2.00,120
1046,17,Papa,987418237,AQUAVIS LOZIONE ANTICADUTA 4F,grossista,entra,pos4-7,99,72.94,57.89,66.27,12.6,11,8.38,2.00,120
1047,17,Farmacia Procaccini,988958397,GENETRIX PRO LAVANDA 3FL 100ML,grossista,sale,pos4-7,8,18.00,14.12,17.47,19.2,16,3.35,5.00,83
1048,17,Farmacia Procaccini,983364403,MAGNESIO E POTASSIO POLV 180G,grossista,entra,pos4-7,99,13.39,10.30,12.39,16.9,16,2.09,8.00,96
1049,17,Papa,940884671,BIOLIFTAN EYE CONTOUR CR 15ML,grossista,entra,pos4-7,12,33.28,26.79,32.36,17.2,13,5.57,3.00,94
1050,17,MPF,971187758,MICOTWIN DIAB 90CPS,grossista,sale,pos4-7,8,33.49,27.85,33.41,16.6,13,5.56,3.00,94
1051,17,Papa,971187758,MICOTWIN DIAB 90CPS,grossista,entra,pos4-7,14,34.48,27.85,33.41,16.6,13,5.56,3.00,94
1052,17,Papa,951091723,BIOMAVET CANE 750MG 12CPR,grossista,entra,pos4-7,13,13.41,10.87,13.25,18.0,16,2.38,7.00,87
1053,17,Papa,951223686,ASTAXANTINA 120PAST HEMATOCOCC,grossista,entra,pos4-7,11,24.29,19.62,23.76,17.4,16,4.14,4.00,93
1054,17,Papa,035953025,"LAXIPEG*OS POLV 20BUST 9,7G",grossista,entra,pos4-7,13,12.90,10.00,12.07,17.1,16,2.07,8.00,93
1055,17,Farmacia Procaccini,985671128,RECUPERA COMPLES B RETARD30CPR,grossista,entra,pos4-7,23,15.93,12.25,14.61,16.2,16,2.36,7.00,99
1056,17,Farmainsieme,943384899,COQUTEN 50PRL,grossista,entra,pos4-7,14,66.66,56.73,64.98,12.7,11,8.25,2.00,123
1057,17,MPF,943384899,COQUTEN 50PRL,grossista,entra,pos4-7,99,65.96,56.73,64.98,12.7,11,8.25,2.00,123
1058,17,Farmacia Procaccini,982593156,"OCUTEARS HYDRO+ 0,4% 10ML",grossista,entra,pos4-7,99,17.68,14.38,17.13,16.1,16,2.75,6.00,104
1059,17,Farmastelia,943384899,COQUTEN 50PRL,grossista,sale,pos4-7,10,65.95,56.73,64.98,12.7,11,8.25,2.00,123
1060,17,Papa,943384899,COQUTEN 50PRL,grossista,entra,pos4-7,99,71.48,56.73,64.98,12.7,11,8.25,2.00,123
1061,16,Farmacia Procaccini,951364823,RETINOIQ 20CPR DIVISIBILI,grossista,entra,pos4-7,15,25.97,19.98,24.10,17.1,16,4.12,4.00,93
1062,16,Papa,906584646,SUCCO MELA CHIODATA 200ML,grossista,entra,pos4-7,12,16.78,13.57,16.31,16.8,16,2.74,6.00,93
1063,16,MPF,945297289,HYLO DUAL INTENSE COLLIRIO 2FL,grossista,sale,pos4-7,9,33.45,27.86,33.33,16.4,13,5.47,3.00,95
1064,16,Farmacia Procaccini,983369024,IALORAL FORTE 10CPR,grossista,entra,pos4-7,21,20.11,15.47,18.75,17.5,16,3.28,5.00,93
1065,16,Papa,925928374,L'ALTRO COLLUTORIO 100ML,grossista,entra,pos4-7,14,12.70,9.85,12.19,19.2,16,2.34,7.00,78
1066,16,Farmacia Procaccini,948002100,OCEANIC SILICIO 50CPS VEG,grossista,entra,pos4-7,99,21.72,16.71,19.98,16.4,16,3.27,5.00,95
1067,16,Farmacia Procaccini,983798822,IRON PET 30CPR,grossista,entra,pos4-7,14,22.63,17.41,21.48,18.9,16,4.07,4.00,85
1068,16,Papa,987038320,HIFAS EQUILIBRIUM 60Cps,grossista,entra,pos4-7,99,40.79,32.37,37.79,14.3,13,5.42,3.00,104
1069,16,Farmacia Procaccini,951463049,ACIDO IALURONICO 60PAST,grossista,entra,pos4-7,99,29.90,15.37,18.62,17.5,16,3.25,5.00,88
1070,16,Farmacia Mandanici,987864156,REMARGIN COLOSTRUM CREMA 30ML,grossista,entra,pos4-7,99,12.26,10.15,12.18,16.7,16,2.03,8.00,94
1071,16,Farmainsieme,983364403,MAGNESIO POTASSIO POLV 180G GIOR,grossista,entra,pos4-7,11,12.44,10.36,12.39,16.4,16,2.03,8.00,96
1072,16,Farmacia Procaccini,931029399,VECTISEREN 60CPS,grossista,entra,pos4-7,14,20.99,16.15,19.39,16.7,16,3.24,5.00,92
1073,16,Farmacia Procaccini,985574983,STOMEK 32CPR,grossista,entra,pos4-7,99,18.70,14.38,17.62,18.4,16,3.24,5.00,91
1074,16,Papa,951030345,MYOFEM 30BUST,grossista,entra,pos4-7,99,50.22,39.85,47.95,16.9,13,8.10,2.00,90
1075,16,Farmastelia,931525113,RILASTIL LIPOREDUCER CREMA 200,grossista,sale,pos4-7,10,31.45,26.39,30.43,13.3,13,4.04,4.00,107
1076,16,Papa,983364403,MAGNESIO Potassio Polv.180g SVS,grossista,sale,pos4-7,2,12.44,10.37,12.39,16.3,16,2.02,8.00,96
1077,16,Farmainsieme,931525113,RILASTIL LIPOREDUCER CREMA 200,grossista,entra,pos4-7,99,34.04,26.39,30.43,13.3,13,4.04,4.00,107
1078,16,MPF,983364403,MAGNESIO E POTASSIO POLV 180G,grossista,sale,pos4-7,10,12.55,10.37,12.39,16.3,16,2.02,8.00,96
1079,16,Farmacia Procaccini,934736998,MAYAFER COMPLEX 20CPS,grossista,entra,pos4-7,99,17.72,13.63,16.32,16.5,16,2.69,6.00,95
1080,16,Papa,931525113,RILASTIL LIPOREDUCER CREMA 200,grossista,entra,pos4-7,99,33.27,26.40,30.43,13.2,13,4.03,4.00,107
1081,16,MPF,931525113,RILASTIL LIPOREDUCER CREMA 200,grossista,entra,pos4-7,99,30.64,26.40,30.43,13.2,13,4.03,4.00,107
1082,16,Farmastelia,950841635,FLORENTERO COMPLEX 120CPR,grossista,entra,pos4-7,11,64.57,55.50,63.55,12.7,11,8.05,2.00,129
1083,16,Papa,950841635,FLORENTERO COMPLEX 120CPR,grossista,entra,pos4-7,99,69.93,55.50,63.55,12.7,11,8.05,2.00,129
1084,16,Farmacia Procaccini,950841635,FLORENTERO COMPLEX 120CPR,grossista,entra,pos4-7,99,72.16,55.51,63.55,12.7,11,8.04,2.00,129
1085,16,Papa,924298019,TIGLIO ARG LIQ ANALCO GEMMO10+,grossista,entra,pos4-7,16,39.34,31.22,36.57,14.6,13,5.35,3.00,108
1086,16,Papa,800195380,SELENIUM COMP 10F HEEL,grossista,entra,pos4-7,18,52.68,41.81,49.82,16.1,13,8.01,2.00,95
1087,16,Farmacia Procaccini,982935431,FLOIR 14BUST,grossista,entra,pos4-7,99,25.73,19.79,23.79,16.8,16,4.00,4.00,90
1088,16,Papa,800601003,2LCMV 30CPS,grossista,entra,pos4-7,99,51.75,41.07,49.06,16.3,13,7.99,2.00,98
1089,16,Farmacia Procaccini,902363910,RP03 SPRAY VET N/FARMACOLOGICO,grossista,entra,pos4-7,11,17.48,13.44,16.10,16.5,16,2.66,6.00,90
1090,16,Farmacia Procaccini,902027630,ULTIMATE AMINOFLEX 100CPS,grossista,entra,pos4-7,11,22.34,17.18,21.16,18.8,16,3.98,4.00,75
1091,16,Farmacia Procaccini,986395616,SERENPLUS GOCCE 50ML,grossista,entra,pos4-7,99,17.72,13.63,16.27,16.2,16,2.64,6.00,93
1092,16,Farmainsieme,982935431,FLOIR 14BUST,grossista,entra,pos4-7,99,25.60,19.84,23.79,16.6,16,3.95,4.00,90
1093,16,Papa,938457823,BD MICROFINE AGO PENTA G32 4MM,grossista,entra,pos4-7,17,11.24,8.71,10.68,18.4,16,1.97,8.00,82
1094,16,Farmacia Procaccini,904809643,MICRODIN 30CPS,grossista,entra,pos4-7,13,20.32,15.63,18.77,16.7,16,3.14,5.00,85
1095,16,Papa,985591914,WELL Q10 50CPR,grossista,entra,pos4-7,13,44.90,30.02,37.87,20.7,13,7.85,2.00,71
1096,16,Farmainsieme,985713787,PURONERV DOL 60CPS,grossista,entra,pos4-7,99,33.78,27.38,32.61,16.0,13,5.23,3.00,89
1097,16,Papa,985713787,PURONERV DOL 60CPS,grossista,entra,pos4-7,11,33.78,27.38,32.61,16.0,13,5.23,3.00,89
1098,16,MPF,987864156,REMARGIN COLOSTRUM CREMA 30ML,grossista,sale,pos4-7,10,12.26,10.22,12.18,16.1,16,1.96,8.00,94
1099,16,Farmacia Procaccini,938764709,T MAG 60CPS,grossista,entra,pos4-7,99,16.62,12.78,15.39,17.0,16,2.61,6.00,98
1100,16,MPF,950841635,FLORENTERO COMPLEX 120CPR,grossista,sale,pos4-7,9,64.57,55.72,63.55,12.3,11,7.83,2.00,129
1101,16,Farmacia Procaccini,984564955,CONVEEN CRITIC BARRIER 100G,grossista,sale,pos4-7,10,10.87,8.91,10.65,16.3,16,1.74,9.00,100
1102,16,Farmainsieme,950841635,FLORENTERO COMPLEX 120CPR,grossista,entra,pos4-7,99,71.88,55.72,63.55,12.3,11,7.83,2.00,129
1103,16,Farmacia Procaccini,944181989,VITACALM PROPOSITIV 30CPR,grossista,entra,pos4-7,16,15.42,11.86,14.98,20.8,16,3.12,5.00,67
1104,16,Papa,047883057,DICLOFENAC TEVA*GEL120G 10MG/G,grossista,entra,pos4-7,99,7.24,5.61,7.17,21.8,19,1.56,10.00,63
1105,16,Papa,980253532,VITAMINA D3+K2 150CPS,grossista,sale,pos4-7,4,47.51,37.71,45.50,17.1,13,7.79,2.00,87
1106,16,Farmacia Procaccini,951618127,"BIFIPRAL GOCCE 7,5G",grossista,sale,pos4-7,5,18.62,14.32,17.43,17.8,16,3.11,5.00,82
1107,16,Papa,044038038,"MAALOX*OS SOSP 250ML 4%+3,5%",grossista,entra,pos4-7,99,11.99,9.30,11.52,19.3,16,2.22,7.00,79
1108,16,Papa,973865696,FLEX UC II 30CPS 500MG,grossista,entra,pos4-7,11,22.85,18.52,22.40,17.3,16,3.88,4.00,89
1109,16,Farmacia Procaccini,952094478,DAFNEFLOR 30CPS ACIDORESIST,grossista,entra,pos4-7,14,21.82,16.79,20.67,18.8,16,3.88,4.00,80
1110,16,Papa,943310868,CORTI-SOL-PS 60PRL SOFTGELS,grossista,entra,pos4-7,99,67.51,53.58,61.34,12.7,11,7.76,2.00,115
1111,16,Farmastelia,950247991,SINERCI VITAMINA C SINER 2VASI,grossista,sale,pos4-7,9,36.30,30.90,36.07,14.3,13,5.17,3.00,103
1112,16,Papa,947330813,KRESCIX JOY 90 COMPRESSE,grossista,entra,pos4-7,99,59.80,45.27,53.02,14.6,11,7.75,2.00,104
1113,16,Papa,020582300,FLUIMUCIL*NEBUL 20F 300MG/3ML,grossista,sale,pos4-7,7,18.12,14.62,17.72,17.5,16,3.10,5.00,81
1114,15,Farmacia Procaccini,982471409,URIXANA PRO 30BUST,grossista,entra,pos4-7,20,25.04,19.26,23.13,16.7,16,3.87,4.00,94
1115,15,Farmacia Procaccini,950851129,STRESSTOP 100PAST,grossista,entra,pos4-7,16,22.84,17.57,21.42,18.0,16,3.85,4.00,82
1116,15,Papa,944893686,PROBIOVEDA BASIC 150CPR,grossista,entra,pos4-7,13,29.87,24.02,29.15,17.6,16,5.13,3.00,84
1117,15,MPF,903979060,HYPNOS GOCCE 50ML,grossista,sale,pos4-7,7,22.41,18.34,22.16,17.2,16,3.82,4.00,84
1118,15,Farmacia Procaccini,988248439,PAPILOCARE GEL VAGINALE 21X5ML,grossista,entra,pos4-7,16,57.01,46.35,53.97,14.1,11,7.62,2.00,113
1119,15,Farmainsieme,939293662,MIRAENERGY 10FL 10ML,grossista,entra,pos4-7,12,15.54,12.83,15.37,16.5,16,2.54,6.00,88
1120,15,Farmacia Procaccini,925901439,ALUSAC DETERGENTE 125ML,grossista,sale,pos4-7,6,16.57,12.75,15.29,16.6,16,2.54,6.00,88
1121,15,Papa,985551860,TORECOP 30CPR,grossista,entra,pos4-7,15,23.85,19.29,23.10,16.5,16,3.81,4.00,87
1122,15,Papa,986013187,GIBAUD ORTHO Lombogib Tech 2,grossista,entra,pos4-7,12,84.76,67.27,82.47,18.4,11,15.20,1.00,75
1123,15,Papa,980458451,OROZYME CANINE STR ENZ MASTI S,grossista,entra,pos4-7,13,12.02,9.32,11.49,18.9,16,2.17,7.00,75
1124,15,Farmacia Procaccini,989013608,TIONEURAL DOL 30CPR,grossista,entra,pos4-7,19,25.21,19.39,23.18,16.4,16,3.79,4.00,91
1125,15,Farmacia Procaccini,975699442,PROSTAFLOR 30CPS,grossista,entra,pos4-7,99,19.05,14.65,17.68,17.1,16,3.03,5.00,94
1126,15,Farmacia Procaccini,908648708,DELTACRIN SHAMPOO PHARCOS 250M,grossista,sale,pos4-7,7,17.80,13.69,16.72,18.1,16,3.03,5.00,82
1127,15,Farmacia Procaccini,935376436,LONGLIFE MSM POWDER 250G,grossista,entra,pos4-7,99,19.02,15.72,18.74,16.1,16,3.02,5.00,99
1128,15,Farmacia Procaccini,987768999,GINCART 30CPR RIVESTITE,grossista,entra,pos4-7,15,17.99,13.84,16.86,17.9,16,3.02,5.00,82
1129,15,Farmacia Procaccini,973623844,FORTIF1 30CPS,grossista,entra,pos4-7,21,15.66,12.05,14.56,17.2,16,2.51,6.00,86
1130,15,Papa,986991723,LESSPAIN 30BUST OROSOLUBILI,grossista,entra,pos4-7,99,36.59,29.04,34.06,14.7,13,5.02,3.00,97
1131,15,Papa,906566157,MOTIMAP 120CPR,grossista,entra,pos4-7,99,46.90,32.35,37.36,13.4,13,5.01,3.00,111
1132,15,Farmainsieme,986991723,LESSPAIN 30BUST OROSOLUBILI,grossista,entra,pos4-7,20,37.48,29.05,34.06,14.7,13,5.01,3.00,97
1133,15,MPF,931341705,SINOVIAL 50 SIR INTRA-ART 2%,grossista,entra,pos4-7,12,61.09,51.79,59.30,12.7,11,7.51,2.00,131
1134,15,Papa,931341705,SINOVIAL 50 SIR INTRA-ART 2%,grossista,entra,pos4-7,99,65.25,51.79,59.30,12.7,11,7.51,2.00,131
1135,15,Farmastelia,931341705,SINOVIAL 50 SIR INTRA-ART 2%,grossista,sale,pos4-7,9,61.09,51.79,59.30,12.7,11,7.51,2.00,131
1136,15,Farmainsieme,931341705,SINOVIAL 50 SIR INTRA-ART 2%,grossista,entra,pos4-7,11,66.81,51.79,59.30,12.7,11,7.51,2.00,131
1137,15,Papa,925596342,SAPIENS 20BUST,grossista,entra,pos4-7,12,31.18,25.01,30.00,16.6,13,4.99,3.00,86
1138,15,Farmacia Procaccini,985520814,CAPINERV DOL CEROTTI 5PZ,grossista,entra,pos4-7,11,20.40,15.69,18.68,16.0,16,2.99,5.00,89
1139,15,Papa,900463884,ARTIKRILL 120PRL,grossista,entra,pos4-7,28,74.20,32.84,37.82,13.2,13,4.98,3.00,115
1140,15,Farmastelia,900463884,ARTIKRILL 120PRL,grossista,sale,pos4-7,9,39.04,32.84,37.82,13.2,13,4.98,3.00,115
1141,15,Farmainsieme,950075782,FEMAL INCOCONTROL 30CPS,grossista,sale,pos4-7,5,32.87,27.39,32.36,15.4,13,4.97,3.00,94
1142,15,Farmainsieme,975068483,HYALGANBIO SIR INTRA-ART 2ML,grossista,entra,pos4-7,99,32.52,26.63,31.60,15.7,13,4.97,3.00,90
1143,15,Papa,975068483,HYALGANBIO SIR INTRA-ART 2ML,grossista,entra,pos4-7,11,32.99,26.63,31.60,15.7,13,4.97,3.00,90
1144,15,Farmainsieme,977660909,HAIRGEN SOFTGEL 30CPS,grossista,entra,pos4-7,16,31.12,25.96,30.93,16.1,13,4.97,3.00,89
1145,15,Farmacia Procaccini,980291898,CV DERM OLIO DETERGENTE 500ML,grossista,entra,pos4-7,19,19.32,14.86,17.83,16.7,16,2.97,5.00,84
1146,15,Farmacia Procaccini,904990177,VADO SCIROPPO FICHI MAN 150ML,grossista,entra,pos4-7,99,12.26,9.43,11.28,16.4,16,1.85,8.00,93
1147,15,Farmacia Procaccini,905534297,PERTRIFOL 12FX6ML,grossista,sale,pos4-7,6,36.67,31.34,36.27,13.6,13,4.93,3.00,109
1148,15,Farmainsieme,950247991,SINERCI VITAMINA C SINER 2VASI,grossista,entra,pos4-7,26,37.99,31.14,36.07,13.7,13,4.93,3.00,103
1149,15,Farmacia Procaccini,905324810,CIANOFOLIN 30CPR RIVESTITE GAS,grossista,entra,pos4-7,99,15.56,11.97,14.43,17.0,16,2.46,6.00,80
1150,15,Farmacia Procaccini,924113309,ADOLENE 200MG+20MG 30CPR,grossista,entra,pos4-7,21,17.79,13.68,16.62,17.7,16,2.94,5.00,82
1151,15,Farmacia Procaccini,940321476,AFROGIN 30CPR,grossista,entra,pos4-7,99,22.71,17.47,21.12,17.3,16,3.65,4.00,82
1152,15,Papa,940337835,RETONIX MEMO 30BUST,grossista,sale,pos4-7,10,30.49,24.55,29.41,16.5,16,4.86,3.00,83
1153,15,Papa,988248439,PAPILOCARE GEL VAGINALE 21X5ML,grossista,entra,pos4-7,99,55.56,46.69,53.97,13.5,11,7.28,2.00,113
1154,15,Papa,951991607,ANANAS BROMELINA 5000 30CPR,grossista,entra,pos4-7,11,12.70,10.21,12.29,16.9,16,2.08,7.00,81
1155,15,Papa,913668543,SEBIUM HYDRA 40ML,grossista,entra,pos4-7,29,12.57,10.22,12.30,16.9,16,2.08,7.00,77
1156,15,Papa,921232649,PESCURA HEEL ORIG BYCAST SAB37,grossista,entra,pos4-7,99,62.95,49.96,57.22,12.7,11,7.26,2.00,104
1157,15,MPF,921232649,PESCURA HEEL ORIG BYCAST SAB37,grossista,sale,pos4-7,7,61.95,49.97,57.22,12.7,11,7.25,2.00,104
1158,14,Papa,977803992,UTIFREE 30CPR+30STICK,grossista,entra,pos4-7,15,32.49,26.00,30.83,15.7,13,4.83,3.00,87
1159,14,MPF,976292197,MELASTEROL 60CPR,grossista,sale,pos4-7,8,42.96,34.82,42.06,17.2,13,7.24,2.00,79
1160,14,Papa,976292197,MELASTEROL 60CPR,grossista,entra,pos4-7,99,50.00,34.82,42.06,17.2,13,7.24,2.00,79
1161,14,Papa,990064848,DIMAFLOREN 10FL 10ML,grossista,sale,pos4-7,8,14.68,11.80,14.21,17.0,16,2.41,6.00,83
1162,14,Farmainsieme,800195380,SELENIUM  COMPOSTO HEEL 10 FI,grossista,entra,pos4-7,99,50.16,42.59,49.82,14.5,13,7.23,2.00,95
1163,14,Farmacia Procaccini,982902076,MACA 60CPS,grossista,entra,pos4-7,99,14.47,11.13,13.54,17.8,16,2.41,6.00,81
1164,14,Farmacia Procaccini,987301189,SEMINA AQUAGEL 30ML 6APPL,grossista,entra,pos4-7,99,29.37,23.88,28.69,16.8,16,4.81,3.00,79
1165,14,Papa,971229974,MYOINOTE' 30BUST,grossista,sale,pos4-7,10,25.89,20.91,25.71,18.7,16,4.80,3.00,72
1166,14,Farmacia Procaccini,974012991,DEFENCE COLOR LUMINIZER 101,grossista,entra,pos4-7,18,16.19,12.46,14.86,16.2,16,2.40,6.00,110
1167,14,Farmacia Procaccini,903459016,FISIODERM DETERGENTE INTIMO,grossista,sale,pos4-7,7,11.36,8.74,10.54,17.1,16,1.80,8.00,79
1168,14,Farmacia Procaccini,990064848,DIMAFLOREN 10FL 10ML,grossista,sale,pos4-7,8,15.36,11.81,14.21,16.9,16,2.40,6.00,83
1169,14,Papa,950921231,MYODESONORM 30BUST,grossista,entra,pos4-7,12,38.63,30.66,37.83,19.0,13,7.17,2.00,70
1170,14,Farmainsieme,951677626,PHYSIOMANCE BROMELAINE 60CPS,grossista,entra,pos4-7,99,31.83,24.67,29.44,16.2,16,4.77,3.00,85
1171,14,Farmacia Procaccini,939981724,RECTALGAN MOUSSE 150ML,grossista,entra,pos4-7,14,16.67,13.77,16.63,17.2,16,2.86,5.00,80
1172,14,Farmacia Procaccini,923386787,LACTOBAOB 42CPS,grossista,entra,pos4-7,99,17.76,13.66,16.52,17.3,16,2.86,5.00,84
1173,14,Papa,988130682,AZETA VIS 60 Cpr Div.,grossista,entra,pos4-7,99,43.52,34.54,41.68,17.1,13,7.14,2.00,72
1174,14,Farmacia Procaccini,905294373,BROMELINA 60CPR,grossista,entra,pos4-7,99,6.31,4.85,6.04,19.7,19,1.19,12.00,72
1175,14,Farmainsieme,974389280,AMADA CREMA NOTTE 50ML,grossista,entra,pos4-7,99,53.11,45.25,52.39,13.6,11,7.14,2.00,103
1176,14,Farmacia Procaccini,987378698,PIROMAL 24CPR,grossista,entra,pos4-7,16,13.09,10.07,12.11,16.8,16,2.04,7.00,81
1177,14,Papa,975972997,GIBAUD ORTHO ACT H35 CORS LS 3,grossista,entra,pos4-7,14,89.95,71.39,85.65,16.6,11,14.26,1.00,75
1178,14,Papa,987378698,PIROMAL 24CPR,grossista,sale,pos4-7,10,12.48,10.08,12.11,16.8,16,2.03,7.00,81
1179,14,Papa,983798822,IRON PET 24g,grossista,entra,pos4-7,12,22.23,17.93,21.48,16.5,16,3.55,4.00,85
1180,14,Papa,930889439,HYIODINE AC IALURONICO IOD 50G,grossista,entra,pos4-7,12,97.38,77.29,91.48,15.5,11,14.19,1.00,86
1181,14,MPF,987301189,SEMINA AQUAGEL 30ML 6APPL,grossista,sale,pos4-7,10,29.16,23.96,28.69,16.5,16,4.73,3.00,79
1182,14,Farmacia Procaccini,934503374,OXAFORT 18BUST,grossista,entra,pos4-7,21,15.34,11.80,14.16,16.7,16,2.36,6.00,86
1183,14,Papa,987835271,DERMOSILE 50 FORTE 50ML,grossista,entra,pos4-7,14,14.42,11.71,14.07,16.8,16,2.36,6.00,78
1184,14,Farmacia Procaccini,927972327,SCREEN DROGA TEST URINA 10DROG,grossista,entra,pos4-7,18,17.29,13.30,16.13,17.5,16,2.83,5.00,79
1185,14,Farmacia Procaccini,926846561,VITAMINA B12 PURA 100ML LIQ AN,grossista,entra,pos4-7,99,12.56,9.66,11.68,17.3,16,2.02,7.00,79
1186,14,Papa,974389280,AMADA CREMA NOTTE 50ML,grossista,entra,pos4-7,99,57.12,45.34,52.39,13.5,11,7.05,2.00,103
1187,14,Farmastelia,974389280,AMADA CREMA NOTTE 50ML,grossista,sale,pos4-7,9,53.11,45.34,52.39,13.5,11,7.05,2.00,103
1188,14,Papa,978266207,PROSTAT ACT 60CPR,grossista,entra,pos4-7,99,11.68,9.05,10.81,16.3,16,1.76,8.00,87
1189,14,Farmacia Procaccini,906038664,SANOTINT LIGHT BION SCU DOR 77,grossista,sale,pos4-7,6,11.79,9.66,11.67,17.2,16,2.01,7.00,80
1190,14,Papa,989259522,EPAVIS LIQUIDO ANALCO 500ML,grossista,entra,pos4-7,15,32.12,26.90,31.58,14.8,13,4.68,3.00,94
1191,14,Papa,987418771,REPIGMENT 12 Plus Crema 75ml,grossista,sale,pos4-7,4,84.30,66.90,80.89,17.3,11,13.99,1.00,82
1192,14,Farmacia Procaccini,908018031,AGEDIN CREMA VISO 30ML,grossista,entra,pos4-7,29,38.24,29.41,34.06,13.7,13,4.65,3.00,98
1193,14,Papa,028441018,"ALTERGEN*CREMA 25G 0,2%+1%",grossista,entra,pos4-7,99,10.78,8.36,10.35,19.2,16,1.99,7.00,67
1194,14,Farmainsieme,987835271,DERMOSILE 50 FORTE 50ML,grossista,entra,pos4-7,99,14.09,11.75,14.07,16.5,16,2.32,6.00,78
1195,14,Farmacia Procaccini,970338253,REV COMPLEX S AGE 20CPS,grossista,entra,pos4-7,21,16.52,12.71,15.49,17.9,16,2.78,5.00,76
1196,14,Farmainsieme,908018031,AGEDIN CREMA VISO 30ML,grossista,entra,pos4-7,16,37.98,29.44,34.06,13.6,13,4.62,3.00,98
1197,14,Papa,926846561,VITAMINA B12 PURA 100ML LIQ AN,grossista,sale,pos4-7,4,12.52,9.70,11.68,17.0,16,1.98,7.00,79
1198,14,Papa,909847372,CATETERE FOLEY SIL 2V CH18,grossista,entra,pos4-7,20,8.03,6.22,7.76,19.8,19,1.54,9.00,69
1199,14,Farmacia Procaccini,949993455,HDLGELAR FREE 45CPS,grossista,entra,pos4-7,12,21.64,17.89,21.35,16.2,16,3.46,4.00,84
1200,14,Papa,951800794,STEROZEN FORTE 60CPS,grossista,sale,pos4-7,10,28.93,23.16,27.77,16.6,16,4.61,3.00,72
1201,14,Papa,908018031,AGEDIN CREMA VISO 30ML,grossista,entra,pos4-7,16,37.11,29.45,34.06,13.5,13,4.61,3.00,98
1202,14,MPF,908018031,AGEDIN CREMA VISO 30ML,grossista,sale,pos4-7,7,34.18,29.46,34.06,13.5,13,4.60,3.00,98
1203,14,Papa,935860458,DIMANN PURO 80CPS,grossista,entra,pos4-7,14,32.96,26.76,31.36,14.7,13,4.60,3.00,94
1204,14,Papa,923588709,XERATOP LIPOCREMA 200ML,grossista,entra,pos4-7,13,29.02,23.35,27.95,16.5,16,4.60,3.00,78
1205,14,Farmacia Procaccini,930651587,NERVOSAN 24CPS,grossista,entra,pos4-7,23,21.31,16.39,19.84,17.4,16,3.45,4.00,76
1206,14,Farmastelia,908018031,AGEDIN CREMA VISO 30ML,grossista,sale,pos4-7,9,34.55,29.46,34.06,13.5,13,4.60,3.00,98
1207,14,Papa,904382215,ALLERGOVIS GOCCE 15ML,grossista,sale,pos4-7,9,7.90,6.12,7.84,21.9,19,1.72,8.00,66
1208,14,Papa,988142927,EKEEP G3 FullFoam Short T.Gin.,grossista,entra,pos4-7,11,76.97,61.09,74.83,18.4,11,13.74,1.00,71
1209,14,Farmastelia,971118866,BARINUTRICS WHEY 21PORZIONI,grossista,sale,pos4-7,10,34.38,29.37,33.95,13.5,13,4.58,3.00,109
1210,14,MPF,971118866,BARINUTRICS WHEY 21PORZIONI,grossista,entra,pos4-7,12,34.39,29.37,33.95,13.5,13,4.58,3.00,109
1211,14,Farmainsieme,971118866,BARINUTRICS WHEY 21PORZIONI,grossista,entra,pos4-7,99,37.89,29.37,33.95,13.5,13,4.58,3.00,109
1212,14,Papa,971118866,BARINUTRICS WHEY 21PORZIONI,grossista,sale,pos4-7,4,37.01,29.37,33.95,13.5,13,4.58,3.00,109
1213,14,Papa,987296567,SEMINA FOR HER 20BUST,grossista,entra,pos4-7,14,28.70,23.22,27.80,16.5,16,4.58,3.00,82
1214,14,Farmacia Procaccini,976282006,LIPOSKIN PRO PHARCOS 15F REWCA,grossista,sale,pos4-7,1,21.67,16.67,20.10,17.1,16,3.43,4.00,81
1215,14,Papa,952094478,DAFNEFLOR 30CPS ACIDORESIST,grossista,sale,pos4-7,9,21.36,17.24,20.67,16.6,16,3.43,4.00,80
1216,14,Papa,979015171,FEMISOL 60CPS 48GR SORRENTIHEA,grossista,entra,pos4-7,99,28.46,22.98,27.55,16.6,16,4.57,3.00,78
1217,14,Farmainsieme,988248439,PAPILOCARE GEL VAGINALE 21X5ML,grossista,entra,pos4-7,99,55.45,47.12,53.97,12.7,11,6.85,2.00,113
1218,14,Farmacia Procaccini,980784387,GENEDOL 30CPR,grossista,entra,pos4-7,21,17.93,13.79,16.53,16.6,16,2.74,5.00,82
1219,14,Farmacia Procaccini,947393207,XERO GUM 30CHEW,grossista,sale,pos4-7,9,17.79,13.68,16.42,16.7,16,2.74,5.00,88
1220,14,Farmacia Procaccini,974389280,AMADA CREMA NOTTE 50ML,grossista,entra,pos4-7,99,59.22,45.55,52.39,13.1,11,6.84,2.00,103
1221,14,Farmainsieme,977803992,UTIFREE 30CPR+30STICK,grossista,entra,pos4-7,99,31.90,26.27,30.83,14.8,13,4.56,3.00,87
1222,14,Farmacia Procaccini,931163113,BRAVA SKIN BARRIER SPRAY 50ML,grossista,entra,pos4-7,15,14.48,11.14,13.42,17.0,16,2.28,6.00,76
1223,14,Papa,909063505,SYNDERM DET LIQ PH5 250ML,grossista,entra,pos4-7,14,13.29,10.77,13.05,17.5,16,2.28,6.00,75
1224,14,Papa,934364530,LEG CRAMPS 20BUST DIETALINEA,grossista,entra,pos4-7,15,12.20,9.46,11.74,19.4,16,2.28,6.00,66
1225,14,Papa,951332966,GENEUROFIL 90ML,grossista,sale,pos4-7,7,89.84,71.30,84.97,16.1,11,13.67,1.00,85
1226,14,Farmacia Procaccini,904926058,M-AID DROP MED 15X17 3P,grossista,entra,pos4-7,12,10.02,7.71,9.66,20.2,19,1.95,7.00,68
1227,14,Farmastelia,977803992,UTIFREE 30CPR+30STICK,grossista,sale,pos4-7,6,31.19,26.28,30.83,14.8,13,4.55,3.00,87
1228,14,Farmacia Procaccini,942848957,DRENAXIL 500ML,grossista,sale,pos4-7,9,20.39,16.85,20.26,16.8,16,3.41,4.00,77
1229,14,Farmainsieme,976292197,MELASTEROL 60CPR,grossista,entra,pos4-7,99,42.95,35.24,42.06,16.2,13,6.82,2.00,79
1230,14,Papa,978834911,MUCOSYTE FLUID 12BUST 15ML,grossista,entra,pos4-7,17,33.09,26.91,31.44,14.4,13,4.53,3.00,91
1231,14,Farmacia Mandanici,980770299,GIBAUD ORTHO LOMBOGIB LADY21 1,grossista,entra,pos4-7,99,59.86,52.71,59.49,11.4,11,6.78,2.00,119
1232,14,Papa,950130815,PROTIPULSE NEUTRO 450G,grossista,entra,pos4-7,14,42.63,33.84,40.59,16.6,13,6.75,2.00,76
1233,13,Papa,974645689,"REBILFAST 20BUST 7,5G",grossista,entra,pos4-7,99,30.88,25.67,30.16,14.9,13,4.49,3.00,86
1234,13,Papa,947393207,XERO GUM 30CHEW,grossista,sale,pos4-7,9,17.19,13.73,16.42,16.4,16,2.69,5.00,88
1235,13,Farmacia Procaccini,989042383,KELASTIC CREMA CICATRICI 30ML,grossista,sale,pos4-7,10,31.96,27.32,31.79,14.1,13,4.47,3.00,95
1236,13,MPF,942848957,DRENAXIL 500ML,grossista,entra,pos4-7,99,20.79,16.91,20.26,16.5,16,3.35,4.00,77
1237,13,Papa,942848957,DRENAXIL 500ML,grossista,entra,pos4-7,99,20.79,16.91,20.26,16.5,16,3.35,4.00,77
1238,13,Papa,944128545,COLLAGENDEP CELL ARANCIA RECH,grossista,entra,pos4-7,15,33.01,27.39,31.85,14.0,13,4.46,3.00,95
1239,13,Farmacia Procaccini,943368148,NEVRALCAR DUO 60CPR DEGLUT,grossista,entra,pos4-7,24,34.31,26.39,30.85,14.5,13,4.46,3.00,90
1240,13,MPF,909469138,ENGYSTOL N 10F HEEL,grossista,sale,pos4-7,9,27.15,22.63,27.08,16.4,16,4.45,3.00,79
1241,13,Papa,951029317,SINCROLIPID 60CPR NF,grossista,entra,pos4-7,12,33.21,27.45,31.89,13.9,13,4.44,3.00,90
1242,13,Farmainsieme,944686524,PEPSINO SPRAY ORALE 30ML,grossista,entra,pos4-7,99,11.80,9.74,11.64,16.3,16,1.90,7.00,78
1243,13,Farmastelia,951029317,SINCROLIPID 60CPR NF,grossista,sale,pos4-7,10,32.28,27.46,31.89,13.9,13,4.43,3.00,90
1244,13,Farmacia Procaccini,935600647,CISTIGELAR AKTIV 2 14BUST,grossista,entra,pos4-7,14,14.96,11.51,13.72,16.1,16,2.21,6.00,81
1245,13,Farmacia Procaccini,937030839,"TIROXIL 0,4 30CPR",grossista,entra,pos4-7,99,18.03,13.87,16.52,16.0,16,2.65,5.00,80
1246,13,Farmacia Procaccini,909390647,SFEROGEL VISO 50ML,grossista,entra,pos4-7,18,20.68,17.09,20.40,16.2,16,3.31,4.00,80
1247,13,Farmacia Procaccini,973989763,ALLATTABEN 20STICK 10ML,grossista,entra,pos4-7,19,20.44,15.72,19.03,17.4,16,3.31,4.00,74
1248,13,Papa,989042383,KELASTIC CREMA CICATRICI 30ML,grossista,entra,pos4-7,99,32.78,27.39,31.79,13.8,13,4.40,3.00,95
1249,13,Papa,979258112,GHC MEDICAL Shampoo Seboequilibrante,grossista,entra,pos4-7,13,19.92,16.19,19.48,16.9,16,3.29,4.00,71
1250,13,MPF,988248439,PAPILOCARE GEL VAGINALE 21X5ML,grossista,sale,pos4-7,10,55.46,47.41,53.97,12.2,11,6.56,2.00,113
1251,13,MPF,987313549,FEMAL OSTEO 30CPS,grossista,entra,pos4-7,13,32.09,27.35,31.72,13.8,13,4.37,3.00,92
1252,13,Farmastelia,987313549,FEMAL OSTEO 30CPS,grossista,entra,pos4-7,12,32.01,27.35,31.72,13.8,13,4.37,3.00,92
1253,13,Farmainsieme,987313549,FEMAL OSTEO 30CPS,grossista,entra,pos4-7,99,32.01,27.35,31.72,13.8,13,4.37,3.00,92
1254,13,Papa,987313549,FEMAL OSTEO 30CPS,grossista,entra,pos4-7,17,32.54,27.35,31.72,13.8,13,4.37,3.00,92
1255,13,Papa,906125152,SACCA URINA 2L 130 N/ST 30PZ,grossista,entra,pos4-7,99,24.97,9.72,11.59,16.1,16,1.87,7.00,82
1256,13,Farmacia Procaccini,943372843,PRINCIPIUM B12 1000 60CPR SUBL,grossista,entra,pos4-7,99,14.27,10.98,13.16,16.6,16,2.18,6.00,76
1257,13,Papa,904086295,XIDERM S SOL SPEC 200ML,grossista,entra,pos4-7,12,13.69,10.97,13.15,16.6,16,2.18,6.00,72
1258,13,Papa,950455422,CAPIVEN 30CPR GASTROPROTETTE,grossista,entra,pos4-7,11,19.81,16.09,19.36,16.9,16,3.27,4.00,73
1259,13,Papa,931163125,BRAVA FILM PROT STOMIA SALV30P,grossista,entra,pos4-7,99,31.46,26.45,30.80,14.1,13,4.35,3.00,91
1260,13,Papa,979407032,MICETRIN ON 15 Bs,grossista,entra,pos4-7,99,45.78,36.33,42.85,15.2,13,6.52,2.00,81
1261,13,Papa,925328167,MICROLIT 20BUST,grossista,entra,pos4-7,12,18.09,14.64,17.90,18.2,16,3.26,4.00,67
1262,13,Farmastelia,988248439,PAPILOCARE GEL VAGINALE 21X5ML,grossista,sale,pos4-7,9,55.45,47.46,53.97,12.1,11,6.51,2.00,113
1263,13,Papa,975020583,AVENE DERMABSOLU CONT OCCHI,grossista,entra,pos4-7,12,38.34,30.43,36.93,17.6,13,6.50,2.00,64
1264,13,Papa,984564942,CONVEEN Critic Barr. 50g 66102,grossista,entra,pos4-7,99,6.83,5.29,6.59,19.7,19,1.30,10.00,63
1265,13,Farmainsieme,974003749,CONDRONIL IALDUE SIR INT-AR2ML,grossista,entra,pos4-7,99,46.88,38.42,44.92,14.5,13,6.50,2.00,92
1266,13,Papa,974003749,CONDRONIL IALDUE SIRINGA 2ML,grossista,entra,pos4-7,99,54.90,38.43,44.92,14.4,13,6.49,2.00,92
1267,13,Papa,981938564,VITIWIKEN 30CPR,grossista,sale,pos4-7,9,26.08,21.00,25.32,17.1,16,4.32,3.00,75
1268,13,Farmacia Procaccini,987313549,FEMAL OSTEO 30CPS,grossista,entra,pos4-7,99,33.70,27.40,31.72,13.6,13,4.32,3.00,92
1269,13,Farmacia Procaccini,988657134,KYMAX 15BUST,grossista,entra,pos4-7,99,31.18,26.65,30.97,13.9,13,4.32,3.00,91
1270,13,Papa,931839474,DOA ZINC PAST 75ML,grossista,entra,pos4-7,13,13.19,10.57,12.73,17.0,16,2.16,6.00,74
1271,13,Farmacia Procaccini,905901563,LUTENBLU 20CPS,grossista,sale,pos4-7,8,15.93,13.17,15.76,16.4,16,2.59,5.00,76
1272,13,Farmainsieme,951332966,GENEUROFIL 90ML,grossista,entra,pos4-7,99,85.00,72.03,84.97,15.2,11,12.94,1.00,85
1273,13,Farmacia Procaccini,950130815,PROTIPULSE NEUTRO 450G,grossista,entra,pos4-7,99,44.39,34.14,40.59,15.9,13,6.45,2.00,76
1274,13,Farmacia Procaccini,028440079,CONNETTIVINA PLUS*10GARZE10x10,grossista,entra,pos4-7,99,12.83,9.87,12.02,17.9,16,2.15,6.00,71
1275,13,Farmainsieme,943368148,NEVRALCAR DUO 60CPR DEGLUT,grossista,entra,pos4-7,16,34.26,26.55,30.85,13.9,13,4.30,3.00,90
1276,13,Papa,026729032,MINOXIMEN*SOLUZ FL 60ML 5%,grossista,entra,pos4-7,12,34.74,28.25,34.69,18.6,13,6.44,2.00,66
1277,13,Farmastelia,989402540,BROMELINA 5000 120CPR,grossista,sale,pos4-7,9,30.23,25.81,30.09,14.2,13,4.28,3.00,88
1278,13,Farmacia Procaccini,979683911,SKILLEG 620 30CPR,grossista,entra,pos4-7,99,14.33,11.02,13.16,16.3,16,2.14,6.00,82
1279,13,Farmastelia,947330813,KRESCIX JOY 90 COMPRESSE,grossista,sale,pos4-7,9,54.27,46.62,53.02,12.1,11,6.40,2.00,104
1280,13,Farmainsieme,947330813,KRESCIX JOY 90 COMPRESSE,grossista,entra,pos4-7,15,55.47,46.62,53.02,12.1,11,6.40,2.00,104
1281,13,Papa,930585839,SANSTIME TRATTAMENTO VISO 50ML,grossista,entra,pos4-7,99,95.70,66.15,78.95,16.2,11,12.80,1.00,71
1282,13,Papa,943368148,NEVRALCAR DUO 60CPR DEGLUT,grossista,entra,pos4-7,11,31.62,26.60,30.85,13.8,13,4.25,3.00,90
1283,13,MPF,988657134,KYMAX 15BUST,grossista,entra,pos4-7,99,31.01,26.72,30.97,13.7,13,4.25,3.00,91
1284,13,Farmastelia,943368148,NEVRALCAR DUO 60CPR DEGLUT,grossista,sale,pos4-7,9,31.62,26.60,30.85,13.8,13,4.25,3.00,90
1285,13,Farmastelia,988657134,KYMAX 15BUST,grossista,entra,pos4-7,11,32.00,26.72,30.97,13.7,13,4.25,3.00,91
1286,13,Papa,988657134,KYMAX 15BUST,grossista,entra,pos4-7,12,32.00,26.72,30.97,13.7,13,4.25,3.00,91
1287,13,Papa,037291109,CAREXIDIL*4FL SOLUZ CUT 60ML2%,grossista,entra,pos4-7,99,43.63,34.63,41.00,15.5,13,6.37,2.00,78
1288,13,Farmainsieme,037291109,CAREXIDIL*4FL SOLUZ CUT 60ML2%,grossista,entra,pos4-7,99,41.80,34.67,41.00,15.4,13,6.33,2.00,78
1289,13,Papa,980427963,AXOGYN OVULI VAGINALI 10PZ,grossista,entra,pos4-7,12,14.64,11.86,14.39,17.6,16,2.53,5.00,67
1290,13,Papa,800600987,2LCL1 30CPS,grossista,entra,pos4-7,99,98.64,78.29,90.94,13.9,11,12.65,1.00,86
1291,13,Farmastelia,800600987,2LCL1 30CPS,grossista,sale,pos4-7,10,91.79,78.29,90.94,13.9,11,12.65,1.00,86
1292,13,Farmainsieme,800600987,2LCL1 30CPS,grossista,entra,pos4-7,12,92.63,78.29,90.94,13.9,11,12.65,1.00,86
1293,13,Farmainsieme,989259522,EPAVIS LIQUIDO ANALCO 500ML,grossista,entra,pos4-7,99,35.31,27.37,31.58,13.3,13,4.21,3.00,94
1294,13,Papa,990553493,FLEBOCORE 30Bust.,grossista,sale,pos4-7,10,25.09,20.28,24.48,17.2,16,4.20,3.00,62
1295,13,Farmacia Procaccini,942518818,MYCLI HA PLAST PLURIATT3 100ML,grossista,entra,pos4-7,13,118.05,100.89,113.45,11.1,11,12.56,1.00,114
1296,13,Papa,980815221,PSOZOIL CREMA 100ML,grossista,entra,pos4-7,13,32.70,26.58,30.76,13.6,13,4.18,3.00,87
1297,13,Farmacia Procaccini,924871561,REV IDRAX SERUM 30ML,grossista,sale,pos4-7,10,46.25,39.53,45.79,13.7,13,6.26,2.00,93
1298,13,Papa,987187186,RIGYDO Natura 70 Cpr,grossista,entra,pos4-7,99,97.00,77.43,89.95,13.9,11,12.52,1.00,82
1299,13,Papa,909267419,"BENDA VISCOPASTE PB7 600X7,5CM",grossista,entra,pos4-7,19,7.58,5.87,7.26,19.1,19,1.39,9.00,68
1300,13,Papa,971998289,EKEEP K1 POSTURE KEEPER U 3,grossista,entra,pos4-7,99,97.00,65.07,77.58,16.1,11,12.51,1.00,72
1301,12,Papa,950956843,PEPTIVET 4 SOL OTOLOGICA 50ML,grossista,entra,pos4-7,99,19.34,15.60,18.72,16.7,16,3.12,4.00,72
1302,12,MPF,980815221,PSOZOIL CREMA 100ML,grossista,entra,pos4-7,11,31.57,26.60,30.76,13.5,13,4.16,3.00,87
1303,12,Farmacia Procaccini,988258784,PRIMUS TASK 10STICKPACK,grossista,entra,pos4-7,11,19.93,15.33,18.45,16.9,16,3.12,4.00,71
1304,12,Farmacia Procaccini,927254870,OXICOLON O F D 20CPS,grossista,entra,pos4-7,17,18.02,13.86,16.98,18.4,16,3.12,4.00,66
1305,12,Farmacia Procaccini,980815221,PSOZOIL CREMA 100ML,grossista,entra,pos4-7,99,31.13,26.61,30.76,13.5,13,4.15,3.00,87
1306,12,Farmacia Procaccini,979262767,EUBARRIERA 20BUST,grossista,entra,pos4-7,99,20.74,15.95,19.06,16.3,16,3.11,4.00,67
1307,12,Papa,982394672,FERT 60CPR,grossista,entra,pos4-7,99,38.92,30.89,37.10,16.7,13,6.21,2.00,68
1308,12,Papa,045292012,FMS BUFO COMPLEX*30ML GTT,grossista,entra,pos4-7,14,17.70,14.39,17.49,17.7,16,3.10,4.00,67
1309,12,Farmacia Procaccini,903969549,FLEBO-UP SH GEL 200ML,grossista,entra,pos4-7,22,13.06,10.80,12.86,16.0,16,2.06,6.00,78
1310,12,Farmainsieme,943912360,DERMOLIVO LAVANDA VAG 3F 80ML,grossista,entra,pos4-7,14,12.76,10.55,12.61,16.3,16,2.06,6.00,70
1311,12,Farmacia Procaccini,935802708,DR.CYJ BALSAMO RIVITAL 110ML,grossista,entra,pos4-7,20,14.39,11.07,13.54,18.2,16,2.47,5.00,66
1312,12,Papa,904793522,PHYTOPYCNOL 60CPS,grossista,entra,pos4-7,12,24.29,19.68,23.79,17.3,16,4.11,3.00,67
1313,12,Farmacia Procaccini,948170941,GOLAFTIN 30CPR OROSOLUBILI,grossista,entra,pos4-7,99,13.70,8.92,10.97,18.7,16,2.05,6.00,65
1314,12,Papa,924687609,SYNGUT 30BUST,grossista,entra,pos4-7,99,49.90,39.60,45.75,13.4,13,6.15,2.00,96
1315,12,Papa,980292775,HOLLISTER Conform 2 Placca Conv.55 13-38,grossista,entra,pos4-7,11,35.74,29.03,35.17,17.5,13,6.14,2.00,65
1316,12,Farmacia Procaccini,981470115,AMICOBOR SOL ACQUOSA 100ML,grossista,entra,pos4-7,99,14.73,12.18,14.63,16.7,16,2.45,5.00,71
1317,12,Farmainsieme,900958695,BENUSCLER CR 100ML,grossista,entra,pos4-7,99,14.95,12.37,14.82,16.5,16,2.45,5.00,71
1318,12,Farmacia Procaccini,988148312,OMEGAVD 40SOFTGELS,grossista,entra,pos4-7,99,24.81,19.09,23.17,17.6,16,4.08,3.00,72
1319,12,Papa,988258784,PRIMUS Task 10 Stick,grossista,sale,pos4-7,9,19.19,15.39,18.45,16.6,16,3.06,4.00,71
1320,12,Farmacia Procaccini,972260879,RIFOSON 100ML,grossista,entra,pos4-7,19,25.00,19.23,23.30,17.5,16,4.07,3.00,66
1321,12,Papa,982446369,UPWIN 20BUST,grossista,entra,pos4-7,15,18.19,14.67,17.72,17.2,16,3.05,4.00,69
1322,12,Farmacia Procaccini,983364415,MAGNESIO E POTASSIO POLV 360G,grossista,entra,pos4-7,12,19.65,15.11,18.16,16.8,16,3.05,4.00,71
1323,12,Papa,970445336,GLORIAM MCR181 AREG BEI ML,grossista,sale,pos4-7,4,79.41,63.03,75.23,16.2,11,12.20,1.00,74
1324,12,MPF,931163125,BRAVA FILM PROT STOMIA SALV30P,grossista,sale,pos4-7,8,31.15,26.74,30.80,13.2,13,4.06,3.00,91
1325,12,Papa,951466503,MULTILA' GOCCE 30ML,grossista,entra,pos4-7,11,23.89,19.24,23.30,17.4,16,4.06,3.00,65
1326,12,Farmacia Procaccini,934028349,ESPERSOL 20F MONODOSE 5ML,grossista,entra,pos4-7,16,15.21,11.70,14.13,17.2,16,2.43,5.00,70
1327,12,Papa,934796590,CRACKDOL FAST SCHIUMA 150ML,grossista,sale,pos4-7,9,14.95,12.16,14.58,16.6,16,2.42,5.00,73
1328,12,Papa,903674341,DERMATIX GEL 60G NP,grossista,sale,pos4-7,9,107.71,91.09,103.17,11.7,11,12.08,1.00,101
1329,12,Farmacia Procaccini,979605007,U-CARE MICOTHERAPY 70CPS,grossista,entra,pos4-7,99,44.80,34.46,40.49,14.9,13,6.03,2.00,87
1330,12,MPF,981470115,AMICOBOR SOL ACQUOSA 100ML,grossista,sale,pos4-7,8,14.82,12.22,14.63,16.5,16,2.41,5.00,71
1331,12,Papa,984899878,TRICONICON PHARCOS 180CPR,grossista,entra,pos4-7,20,49.22,39.06,45.08,13.4,13,6.02,2.00,94
1332,12,Farmacia Procaccini,973623869,FORTIF3 30CPS,grossista,entra,pos4-7,23,15.23,11.72,14.12,17.0,16,2.40,5.00,72
1333,12,Papa,942531296,SUPERCOLON 30CPR,grossista,entra,pos4-7,11,24.74,20.12,24.12,16.6,16,4.00,3.00,70
1334,12,Farmastelia,988066231,BIOSCALIN PRO DENSITY BOOST16F,grossista,entra,pos4-7,12,54.72,47.04,53.02,11.3,11,5.98,2.00,113
1335,12,Papa,988066231,BIOSCALIN PRO DENSITY BOOST16F,grossista,entra,pos4-7,99,55.98,47.04,53.02,11.3,11,5.98,2.00,113
1336,12,Farmacia Mandanici,988066231,BIOSCALIN PRO DENSITY BOOST16F,grossista,entra,pos4-7,99,54.37,47.04,53.02,11.3,11,5.98,2.00,113
1337,12,Papa,990575692,COLESTEROLO ByeBye 500ml SVS,grossista,sale,pos4-7,10,36.82,29.94,35.92,16.6,13,5.98,2.00,68
1338,12,Papa,036439026,IBUPAS*7CER 136MG,grossista,entra,pos4-7,99,18.29,14.76,17.74,16.8,16,2.98,4.00,70
1339,12,Papa,981934641,THERZYME POLVERE 100G,grossista,entra,pos4-7,99,53.00,32.00,37.88,15.5,13,5.88,2.00,72
1340,12,Farmacia Procaccini,934393796,VENERA 30CPR,grossista,entra,pos4-7,99,18.85,14.50,17.44,16.9,16,2.94,4.00,67
1341,12,Papa,920965567,LUTEINA 30CPR,grossista,entra,pos4-7,14,34.46,27.93,33.80,17.4,13,5.87,2.00,65
1342,12,Farmacia Procaccini,951466503,MULTILA' GOCCE 30ML,grossista,entra,pos4-7,13,25.21,19.39,23.30,16.8,16,3.91,3.00,65
1343,12,Farmacia Procaccini,913108508,DEPURVIN 50ML,grossista,entra,pos4-7,21,17.37,13.36,16.29,18.0,16,2.93,4.00,62
1344,12,Farmacia Procaccini,970973537,DERMAFFINE 500 450ML,grossista,entra,pos4-7,99,19.52,15.02,17.94,16.3,16,2.92,4.00,69
1345,12,Papa,924305129,MAC10 60CPS,grossista,entra,pos4-7,15,41.36,32.82,38.63,15.0,13,5.81,2.00,74
1346,12,Papa,934393796,VENERA 30CPR,grossista,entra,pos4-7,12,18.19,14.54,17.44,16.6,16,2.90,4.00,67
1347,12,Farmacia Procaccini,984319816,COMBILACT 12CPS,grossista,sale,pos4-7,4,15.63,12.02,14.32,16.1,16,2.30,5.00,74
1348,12,Farmacia Procaccini,022760159,CANESTEN*SPRAY CUT 40ML 1%,grossista,entra,pos4-7,99,15.39,11.84,14.14,16.3,16,2.30,5.00,71
1349,12,Papa,975514581,UROMIX FAST 60CPS,grossista,entra,pos4-7,12,35.83,28.91,34.66,16.6,13,5.75,2.00,66
1350,11,Farmainsieme,045292012,FMS BUFO COMPLEX*30ML GTT,grossista,entra,pos4-7,11,17.61,14.62,17.49,16.4,16,2.87,4.00,67
1351,11,Farmainsieme,972260879,RIFOSON 100ML,grossista,entra,pos4-7,12,23.38,19.48,23.30,16.4,16,3.82,3.00,66
1352,11,Papa,972260879,RIFOSON 100ML,grossista,entra,pos4-7,16,23.38,19.48,23.30,16.4,16,3.82,3.00,66
1353,11,Farmacia Procaccini,934706185,MELCALIN HOPS 56CPS,grossista,sale,pos4-7,8,13.91,11.50,13.79,16.6,16,2.29,5.00,69
1354,11,Papa,900975741,MEGA B150 60TAV,grossista,entra,pos4-7,99,48.30,33.75,39.47,14.5,13,5.72,2.00,76
1355,11,Papa,930187505,ZARED 60CPS,grossista,entra,pos4-7,99,53.30,36.67,42.36,13.4,13,5.69,2.00,80
1356,11,Papa,948014598,OZONCARE 80ML,grossista,sale,pos4-7,9,23.38,18.97,22.76,16.7,16,3.79,3.00,64
1357,11,Papa,922859931,AQUACEL FOAM ADH 10X10 10PZ,grossista,entra,pos4-7,99,40.83,32.40,38.05,14.8,13,5.65,2.00,73
1358,11,Farmainsieme,922859931,AQUACEL FOAM ADH 10X10 10PZ,grossista,entra,pos4-7,99,41.80,32.40,38.05,14.8,13,5.65,2.00,73
1359,11,Farmacia Procaccini,930128121,NEUROGEN PET 36PRL,grossista,entra,pos4-7,20,22.92,17.63,21.39,17.6,16,3.76,3.00,64
1360,11,Papa,926589363,MULTICARE-IN STRUMENTO 5PZ,grossista,sale,pos4-7,8,75.78,63.49,74.75,15.1,11,11.26,1.00,72
1361,11,Farmacia Procaccini,951228434,FLEXADIN ADVANCED MUSCLE SUPP,grossista,sale,pos4-7,8,40.74,34.82,40.42,13.9,13,5.60,2.00,78
1362,11,Farmacia Procaccini,989677481,EVEXIA FAST 50CPR,grossista,entra,pos4-7,99,38.84,29.88,35.47,15.8,13,5.59,2.00,77
1363,11,Papa,925931038,MEDI KL1 PLUS/GAMBAL CO 5 102,grossista,entra,pos4-7,99,72.80,57.78,68.95,16.2,11,11.17,1.00,73
1364,11,Farmainsieme,975494826,RESURFACE OXBAN GEL CANOVA,grossista,entra,pos4-7,99,35.29,29.49,35.07,15.9,13,5.58,2.00,67
1365,11,Farmainsieme,905899151,ACCUCHEK SAFE PRO PLUS LANCET.MA,grossista,entra,pos4-7,99,36.84,30.17,35.74,15.6,13,5.57,2.00,74
1366,11,Farmacia Procaccini,976386324,BIO CARICOL GASTRO 20BUST,grossista,entra,pos4-7,16,24.75,19.04,22.75,16.3,16,3.71,3.00,65
1367,11,Farmacia Procaccini,902985845,FIBRA PET 50CPR,grossista,sale,pos4-7,5,17.08,14.11,16.89,16.5,16,2.78,4.00,66
1368,11,Farmacia Procaccini,948172388,LONGLIFE NICOTINAMIDE RIB30CPS,grossista,entra,pos4-7,99,43.96,33.81,39.37,14.1,13,5.56,2.00,76
1369,11,Farmacia Procaccini,944443555,CLOSEBAX SD SHAMPOO 250ML,grossista,entra,pos4-7,99,14.35,11.04,13.26,16.7,16,2.22,5.00,67
1370,11,Papa,950232862,JAMIESON OMEGA3 SEL IFOS150SOF,grossista,entra,pos4-7,17,49.90,31.45,36.98,15.0,13,5.53,2.00,87
1371,11,Farmacia Procaccini,935203745,LENIVAGIX CREMA VAGINALE 20ML,grossista,entra,pos4-7,99,16.84,13.92,16.68,16.5,16,2.76,4.00,66
1372,11,Farmainsieme,947282000,DIDI3 K2 30FILM ORODISPERS,grossista,entra,pos4-7,99,16.89,13.86,16.62,16.6,16,2.76,4.00,65
1373,11,Farmacia Procaccini,901289367,LONGLIFE MAGNESIUM 188 100CPR,grossista,entra,pos4-7,99,14.21,10.93,13.13,16.8,16,2.20,5.00,65
1374,11,Farmainsieme,950921231,MYODESONORM 30BUST,grossista,entra,pos4-7,99,41.72,32.34,37.83,14.5,13,5.49,2.00,70
1375,11,Farmainsieme,931381420,MELAFIBRE SCIROPPO 300ML,grossista,sale,pos4-7,9,13.28,11.01,13.20,16.6,16,2.19,5.00,67
1376,11,Papa,951376173,COLLAGENE LIQUIDO ANALCO 10FL,grossista,entra,pos4-7,13,29.59,24.03,29.50,18.5,16,5.47,2.00,62
1377,11,Papa,948170941,GOLAFTIN 30CPR OROSOLUBILI,grossista,entra,pos4-7,99,11.81,9.15,10.97,16.6,16,1.82,6.00,65
1378,11,Farmacia Procaccini,976782007,MELURK HAIR 60CPR,grossista,entra,pos4-7,14,35.58,27.37,32.82,16.6,13,5.45,2.00,64
1379,11,MPF,935203745,LENIVAGIX CREMA VAGINALE 20ML,grossista,sale,pos4-7,9,16.74,13.96,16.68,16.3,16,2.72,4.00,66
1380,11,Papa,948172388,LONGLIFE NICOTINAMIDE RIB30CPS,grossista,entra,pos4-7,99,42.77,33.95,39.37,13.8,13,5.42,2.00,76
1381,11,Papa,922879046,KLAMATH RW MAX 180CPS,grossista,entra,pos4-7,99,40.39,32.05,37.44,14.4,13,5.39,2.00,82
1382,11,Papa,976782007,MELURK HAIR 60CPR,grossista,entra,pos4-7,99,34.29,27.45,32.82,16.4,13,5.37,2.00,64
1383,11,Farmacia Procaccini,922879046,KLAMATH RW MAX 180CPS,grossista,entra,pos4-7,21,41.69,32.07,37.44,14.3,13,5.37,2.00,82
1384,11,Farmacia Procaccini,924753445,AGARVIS POLVERE 150G,grossista,sale,pos4-7,8,21.95,18.14,21.69,16.4,16,3.55,3.00,65
1385,11,Farmacia Procaccini,950041095,GENEBONE 20STICKPACK 15ML,grossista,entra,pos4-7,16,17.89,13.76,16.42,16.2,16,2.66,4.00,63
1386,11,Farmainsieme,920965567,LUTEINA 30CPR,grossista,entra,pos4-7,99,34.46,28.49,33.80,15.7,13,5.31,2.00,65
1387,11,Papa,037474032,CAREDIESSE*SHAMP2FL 60ML10MG/G,grossista,entra,pos4-7,13,16.58,13.49,16.13,16.4,16,2.64,4.00,65
1388,11,Farmainsieme,037474032,CAREDIESSE*SHAMP2FL 60ML10MG/G,grossista,entra,pos4-7,99,16.43,13.49,16.13,16.4,16,2.64,4.00,65
1389,11,Papa,944889043,COLLAGENDEP DREN STARTER KIT,grossista,entra,pos4-7,99,42.22,33.51,38.77,13.6,13,5.26,2.00,68
1390,11,Farmacia Procaccini,037474032,CAREDIESSE*SHAMP2FL 60ML10MG/G,grossista,entra,pos4-7,99,17.55,13.50,16.13,16.3,16,2.63,4.00,65
1391,11,Farmacia Procaccini,925597167,GLICO MU 50CPS,grossista,sale,pos4-7,3,22.78,17.52,21.02,16.7,16,3.50,3.00,65
1392,11,Farmacia Procaccini,944889043,COLLAGENDEP DREN STARTER KIT,grossista,entra,pos4-7,99,43.57,33.52,38.77,13.5,13,5.25,2.00,68
1393,10,Farmacia Procaccini,985723675,PEDIAVIT GOCCE 15ML,grossista,entra,pos4-7,99,17.63,13.56,16.18,16.2,16,2.62,4.00,65
1394,10,Farmastelia,973731108,TRD MICOTHERAPY 70CPS,grossista,entra,pos4-7,11,40.23,33.73,38.95,13.4,13,5.22,2.00,74
1395,10,Papa,973731108,TRD MICOTHERAPY 70CPS,grossista,entra,pos4-7,24,42.50,33.73,38.95,13.4,13,5.22,2.00,74
1396,10,Farmainsieme,988998225,CONDROTIDE HA SIR INTRA-ART 2%,grossista,entra,pos4-7,99,80.40,68.10,78.53,13.3,11,10.43,1.00,76
1397,10,Farmastelia,988998225,CONDROTIDE HA SIR INTRA-ART 2%,grossista,sale,pos4-7,9,80.40,68.10,78.53,13.3,11,10.43,1.00,76
1398,10,Papa,988998225,CONDROTIDE HA SIR INTRA-ART 2%,grossista,entra,pos4-7,99,85.81,68.10,78.53,13.3,11,10.43,1.00,76
1399,10,Papa,924931684,SENSURA MIO CL S1 MX35-45 30PZ,grossista,sale,pos4-7,6,73.96,58.70,69.06,15.0,11,10.36,1.00,66
1400,10,Farmacia Procaccini,988998225,CONDROTIDE HA SIR INTRA-ART 2%,grossista,entra,pos4-7,22,88.67,68.21,78.53,13.1,11,10.32,1.00,76
1401,10,Papa,930963689,CEBRAMID 45CPR,grossista,entra,pos4-7,12,49.90,32.02,37.16,13.8,13,5.14,2.00,73
1402,10,Farmacia Procaccini,985983194,NORMALIA EXTRA 30CPR MASTIC,grossista,entra,pos4-7,99,37.60,28.93,34.07,15.1,13,5.14,2.00,67
1403,10,Farmacia Procaccini,944778758,SIDEREMIL 30CPS,grossista,entra,pos4-7,99,16.75,12.88,15.45,16.6,16,2.57,4.00,65
1404,10,Farmainsieme,948172388,LONGLIFE NICOTINAMIDE RIB30CPS,grossista,entra,pos4-7,99,44.19,34.25,39.37,13.0,13,5.12,2.00,76
1405,10,Farmastelia,948172388,LONGLIFE NICOTINAMIDE RIB30CPS,grossista,sale,pos4-7,8,39.73,34.25,39.37,13.0,13,5.12,2.00,76
1406,10,Papa,930465149,SYNCHROVIT C 6FLX5ML,grossista,entra,pos4-7,99,52.00,30.04,35.13,14.5,13,5.09,2.00,68
1407,10,Papa,980485674,OSIDRA SPRAY SUBLINGUALE 50ML,grossista,entra,pos4-7,16,34.77,28.92,34.00,14.9,13,5.08,2.00,67
1408,10,Papa,988148918,GASTRONYX PLUS 30CPR OROSOLUBI,grossista,entra,pos4-7,12,35.69,28.62,33.68,15.0,13,5.06,2.00,66
1409,10,MPF,983583701,ASSENZIO PROFUMO 100ML,grossista,sale,pos4-7,9,36.46,30.61,35.67,14.2,13,5.06,2.00,66
1410,10,Papa,983583701,ASSENZIO PROFUMO 100ML,grossista,entra,pos4-7,99,36.43,30.61,35.67,14.2,13,5.06,2.00,66
1411,10,Papa,971231372,OSTEOFLEX PLUS 30CPR,grossista,entra,pos4-7,99,39.65,31.47,36.52,13.8,13,5.05,2.00,71
1412,10,Papa,976322774,FLEXADIN ADVANCED CANE 60TAV,grossista,entra,pos4-7,21,89.90,56.74,66.78,15.0,11,10.04,1.00,64
1413,10,Farmainsieme,980485674,OSIDRA SPRAY SUBLINGUALE 50ML,grossista,entra,pos4-7,24,37.39,28.99,34.00,14.7,13,5.01,2.00,67
1414,10,Farmacia Procaccini,977660947,HAIRGEN 90CPS SOFTGEL,grossista,entra,pos4-7,99,75.13,57.79,67.72,14.7,11,9.93,1.00,72
1415,10,Farmacia Procaccini,924273648,RIBES NE ANALCO GEMMO10+ 500ML,grossista,entra,pos4-7,99,39.51,30.39,35.33,14.0,13,4.94,2.00,69
1416,10,Farmacia Procaccini,971231372,OSTEOFLEX PLUS 30CPR,grossista,entra,pos4-7,24,41.07,31.59,36.52,13.5,13,4.93,2.00,71
1417,10,Farmacia Procaccini,950909871,CROTAMITON PLUS 10% + 5% LOZ,grossista,sale,pos4-7,9,36.53,31.22,36.13,13.6,13,4.91,2.00,73
1418,10,Farmainsieme,926589363,MULTICARE-IN STRUMENTO 5PZ,grossista,entra,pos4-7,99,77.77,64.95,74.75,13.1,11,9.80,1.00,72
1419,10,Papa,924273648,RIBES NE ANALCO GEMMO10+ 500ML,grossista,entra,pos4-7,99,38.35,30.44,35.33,13.8,13,4.89,2.00,69
1420,10,Farmainsieme,971231372,OSTEOFLEX PLUS 30CPR,grossista,entra,pos4-7,16,40.80,31.63,36.52,13.4,13,4.89,2.00,71
1421,10,Farmastelia,026729032,MINOXIMEN*SOLUZ FL 60ML 5%,grossista,entra,pos4-7,15,35.24,29.80,34.69,14.1,13,4.89,2.00,66
1422,10,MPF,930010754,MD-NEURAL ITALIA 10 VIALS 2ML,grossista,sale,pos4-7,9,81.54,68.62,78.37,12.4,11,9.75,1.00,78
1423,10,Papa,930010754,MD-NEURAL ITALIA 10 VIALS 2ML,grossista,entra,pos4-7,21,86.46,68.62,78.37,12.4,11,9.75,1.00,78
1424,10,Farmacia Procaccini,930010754,MD-NEURAL ITALIA 10 VIALS 2ML,grossista,entra,pos4-7,23,89.23,68.64,78.37,12.4,11,9.73,1.00,78
1425,10,Papa,979418845,BILIARIS LIQUIDO ANALC 500ML,grossista,entra,pos4-7,14,34.09,28.41,33.26,14.6,13,4.85,2.00,66
1426,10,Farmastelia,930010754,MD-NEURAL ITALIA 10 VIALS 2ML,grossista,sale,pos4-7,8,81.54,68.84,78.37,12.2,11,9.53,1.00,78
1427,10,Farmacia Procaccini,938993262,URGOCLEAN AG/SILVER 10X10 5PZ,grossista,entra,pos4-7,99,41.11,31.62,36.38,13.1,13,4.76,2.00,75
1428,9,Farmainsieme,985983194,NORMALIA EXTRA 30CPR MASTIC,grossista,entra,pos4-7,30,37.87,29.35,34.07,13.9,13,4.72,2.00,67
1429,9,Papa,985983194,NORMALIA EXTRA 30CPR MASTIC,grossista,entra,pos4-7,13,34.89,29.37,34.07,13.8,13,4.70,2.00,67
1430,9,Farmastelia,985983194,NORMALIA EXTRA 30CPR MASTIC,grossista,entra,pos4-7,99,34.89,29.38,34.07,13.8,13,4.69,2.00,67
1431,9,MPF,970795148,RENAL P 240G,grossista,sale,pos4-7,10,33.70,28.83,33.49,13.9,13,4.66,2.00,64
1432,9,Papa,970795148,RENAL P 240G,grossista,entra,pos4-7,15,34.55,28.83,33.49,13.9,13,4.66,2.00,64
1433,9,Farmastelia,970795148,RENAL P 240G,grossista,entra,pos4-7,14,34.55,28.83,33.49,13.9,13,4.66,2.00,64
1434,9,Farmacia Procaccini,925902456,EPADX 40CPS,grossista,entra,pos4-7,19,31.49,24.22,28.87,16.1,16,4.65,2.00,64
1435,9,Farmainsieme,970795148,RENAL P 240G,grossista,entra,pos4-7,30,37.44,29.02,33.49,13.3,13,4.47,2.00,64
1436,9,Farmacia Procaccini,947395620,LICHTENA CREMA 200ML NF,grossista,entra,pos4-7,99,33.83,28.68,33.11,13.4,13,4.43,2.00,67
1437,9,Farmastelia,974035824,RESURFACE MD 15 PEEL CANOVA,grossista,entra,pos4-7,11,64.07,55.18,63.92,13.7,11,8.74,1.00,81
1438,9,Farmacia Procaccini,972656553,BIONIT AGE CR VISO IDRAT 50ML,grossista,entra,pos4-7,99,34.19,29.22,33.59,13.0,13,4.37,2.00,65
1439,9,Papa,974035824,RESURFACE MD 15 PEEL CANOVA,grossista,entra,pos4-7,99,69.53,55.18,63.92,13.7,11,8.74,1.00,81
1440,9,Farmacia Procaccini,974035824,RESURFACE MD 15 PEEL CANOVA,grossista,entra,pos4-7,99,71.75,55.19,63.92,13.7,11,8.73,1.00,81
1441,9,Papa,986117190,TRIVIS AGA DONNA LOZIONE 100ML,grossista,entra,pos4-7,11,68.66,56.71,65.38,13.3,11,8.67,1.00,64
1442,9,Papa,975997863,EKEEP B1 POSTURAL BRA 2,grossista,entra,pos4-7,99,67.84,53.84,62.44,13.8,11,8.60,1.00,64
1443,9,Farmastelia,975997863,EKEEP B1 POSTURAL BRA 2,grossista,sale,pos4-7,10,62.64,53.84,62.44,13.8,11,8.60,1.00,64
1444,8,Farmacia Procaccini,900036284,SALIPIL CREMA VISO CANOVA 50ML,grossista,entra,pos4-7,99,34.27,26.36,30.60,13.9,13,4.24,2.00,63
1445,8,Papa,900036284,SALIPIL CREMA VISO CANOVA 50ML,grossista,entra,pos4-7,14,33.23,26.38,30.60,13.8,13,4.22,2.00,63
1446,8,Farmastelia,903541237,PROTHER 30BUST 10G,grossista,sale,pos4-7,9,72.05,62.17,70.52,11.8,11,8.35,1.00,74
1447,8,Farmacia Mandanici,903541237,PROTHER 30BUST 10G,grossista,entra,pos4-7,99,70.69,62.17,70.52,11.8,11,8.35,1.00,74
1448,8,Papa,903541237,PROTHER 30BUST 10G,grossista,entra,pos4-7,99,73.99,62.17,70.52,11.8,11,8.35,1.00,74
1449,8,MPF,903541237,PROTHER 30BUST 10G,grossista,entra,pos4-7,12,73.85,62.17,70.52,11.8,11,8.35,1.00,74
1450,8,Farmacia Mandanici,944775547,PROSTAPET CANE GEL 60BUST,grossista,entra,pos4-7,99,31.54,27.12,31.29,13.3,13,4.17,2.00,63
1451,8,Papa,944775547,PROSTAPET CANE GEL 60BUST,grossista,entra,pos4-7,13,32.30,27.13,31.29,13.3,13,4.16,2.00,63
1452,8,Farmastelia,944775547,PROSTAPET CANE GEL 60BUST,grossista,entra,pos4-7,13,32.30,27.13,31.29,13.3,13,4.16,2.00,63
1453,8,MPF,944775547,PROSTAPET CANE GEL 60BUST,grossista,entra,pos4-7,11,31.54,27.13,31.29,13.3,13,4.16,2.00,63
1454,8,MPF,900036284,SALIPIL CREMA VISO CANOVA 50ML,grossista,entra,pos4-7,11,31.10,26.45,30.60,13.6,13,4.15,2.00,63
1455,8,Farmainsieme,977660947,HAIRGEN SOFTGEL 90CPS,grossista,entra,pos4-7,99,76.90,59.61,67.72,12.0,11,8.11,1.00,72
1456,8,Papa,977660947,HAIRGEN 90CPS SOFTGEL,grossista,entra,pos4-7,99,75.12,59.62,67.72,12.0,11,8.10,1.00,72
1457,8,Farmastelia,977660947,HAIRGEN 90CPS SOFTGEL,grossista,sale,pos4-7,7,69.73,59.63,67.72,11.9,11,8.09,1.00,72
1458,8,MPF,977660947,HAIRGEN 90CPS SOFTGEL,grossista,sale,pos4-7,9,69.73,59.63,67.72,11.9,11,8.09,1.00,72
1459,8,Farmainsieme,900036284,SALIPIL CREMA VISO CANOVA 50ML,grossista,entra,pos4-7,99,34.31,26.60,30.60,13.1,13,4.00,2.00,63
1460,8,Farmastelia,900036284,SALIPIL CREMA VISO CANOVA 50ML,grossista,sale,pos4-7,10,31.11,26.60,30.60,13.1,13,4.00,2.00,63
1461,8,Farmacia Procaccini,903541237,PROTHER 30BUST 10G,grossista,entra,pos4-7,99,76.93,62.55,70.52,11.3,11,7.97,1.00,74
1462,8,Farmacia Procaccini,986117190,TRIVIS AGA DONNA LOZIONE 100ML,grossista,entra,pos4-7,99,71.01,57.73,65.38,11.7,11,7.65,1.00,64
1463,8,MPF,986117190,TRIVIS AGA DONNA LOZIONE 100ML,grossista,entra,pos4-7,13,68.66,57.84,65.38,11.5,11,7.54,1.00,64
1464,8,Farmastelia,986117190,TRIVIS AGA DONNA LOZIONE 100ML,grossista,sale,pos4-7,7,68.66,57.84,65.38,11.5,11,7.54,1.00,64
1465,8,Farmainsieme,986117190,TRIVIS AGA DONNA LOZ.ANTICADUTA,grossista,entra,pos4-7,14,68.66,57.84,65.38,11.5,11,7.54,1.00,64
1466,7,Farmacia Mandanici,986117190,TRIVIS AGA DONNA LOZIONE 100ML,grossista,entra,pos4-7,99,68.66,58.16,65.38,11.0,11,7.22,1.00,64
