sku,nome,click7,spesa7,qty7,rev7,marg7,inc_fatt_pct,categoria,is_civetta,pos,stock
951309917,SCHOLL PENNA RIMOZIONE CALLI,84,27.67,0,0.00,0.00,,0-vendite,t,1,4
951384003,POLASE SUPERMAG3 18STICK 2G,38,12.52,0,0.00,0.00,,0-vendite,t,1,4
973472943,MICROLIFE AFIB ADVANCED EASY,27,8.89,0,0.00,0.00,,0-vendite,t,3,0
987411790,RILASTIL ULTRA 100 PROT COLOR,27,8.89,0,0.00,0.00,,0-vendite,t,1,28
951100686,CERAVE INTENSIVE MOIS CR 340G,27,8.89,1.00,12.72,1.57,70,inc-marg>100,t,3,4
942828765,MGK VIS JUNIOR ARANCIA 10BUST,25,8.24,0,0.00,0.00,,0-vendite,t,1,1
988927366,VITAMINDERMINA POLVERE SPRAY,24,7.91,0,0.00,0.00,,0-vendite,f,19,0
987411853,MELA B3 GEL DET VISO 200ML,22,7.25,0,0.00,0.00,,0-vendite,t,2,1
949645360,DR VITI DRENANTE ANANAS28STICK,22,7.25,0,0.00,0.00,,0-vendite,t,2,0
950838223,SUPRADYN EXPERT MAGNESIO 60CPS,18,5.93,0,0.00,0.00,,0-vendite,t,1,11
989666298,ZZZQUIL SONNO TUTTA NOTTE28CPR,17,5.60,0,0.00,0.00,,0-vendite,t,4,10
949645307,MASSIGEN PRONTO RECUP S/Z18BUS,17,5.60,4.00,17.80,4.03,31,inc-marg>100,t,2,2
987247689,ONLIGOL FIBRE PRUGNA 20BUST,17,5.60,0,0.00,0.00,,0-vendite,t,3,3
987403805,PARANIX SHAMPOO TRATT TP 200ML,16,5.27,0,0.00,0.00,,0-vendite,t,3,7
931577288,AVENE SOL LATTE SCHER SPF50+,15,4.94,0,0.00,0.00,,0-vendite,t,1,2
978314730,EUMILL DRYREPAIR GOCCE OCULARI,15,4.94,1.00,6.29,1.07,79,inc-marg>100,t,2,40
951384015,POLASE SUPERMAG3 BAR 120G,15,4.94,0,0.00,0.00,,0-vendite,t,1,6
904452962,ARMOLIPID 30CPR,15,4.94,2.00,25.48,3.85,19,inc-marg>100,t,1,2
976293783,DERMOVITAMINA MICO TRATTA/COL,15,4.94,0,0.00,0.00,,0-vendite,f,4,12
950049142,DERMOVITAMINA FILM GEL NW100ML,14,4.61,0,0.00,0.00,,0-vendite,t,4,2
926647241,BOROX 50ML,14,4.61,0,0.00,0.00,,0-vendite,t,1,0
921232688,PESCURA HEEL ORIG BYCAST SAB41,14,4.61,0,0.00,0.00,,0-vendite,t,1,0
932818279,VITAMINDERMINA POLV SETA 100G,14,4.61,0,0.00,0.00,,0-vendite,t,1,4
980450439,TOPIALYSE PALPEBRAL CREMA 15ML,14,4.61,0,0.00,0.00,,0-vendite,t,1,6
983039963,AVENE SOL FLUIDO SPF50+ S/PROF,13,4.28,0,0.00,0.00,,0-vendite,t,2,4
990404687,NUXE HAIR SKIN MIST SENS SHIMM,13,4.28,0,0.00,0.00,,0-vendite,f,99,0
990407811,GOLD COLLAGEN FORTE LIQ10STICK,13,4.28,0,0.00,0.00,,0-vendite,t,1,10
949897882,PRONTEX BRACCIALE COMFORT,13,4.28,1.00,10.72,2.06,40,inc-marg>100,t,1,0
971635925,DULCOSOFT SOL ORALE 250ML,12,3.95,0,0.00,0.00,,0-vendite,f,14,21
975995743,AUDISPRAY ULTRA SPRAY 20ML,12,3.95,0,0.00,0.00,,0-vendite,t,1,8
987867431,ZREEN MAGNESIO GLICINATO120CPS,12,3.95,0,0.00,0.00,,0-vendite,t,4,0
951450701,LONGLIFE CREATINA 750MG 60CPS,12,3.95,1.00,14.07,2.86,28,inc-marg>100,t,1,0
989367204,VITAMINDERMINA POLVERE MENT VF,12,3.95,0,0.00,0.00,,0-vendite,t,1,0
987842198,SENSINOL SHAMPOO 200ML DUCRAY,12,3.95,1.00,11.68,2.76,34,inc-marg>100,f,17,8
987718766,ORALB POWER ORAL CENTER MD20,12,3.95,0,0.00,0.00,,0-vendite,t,4,3
903187449,ESTROMINERAL 40CPR,12,3.95,4.00,66.40,-5.52,6,inc-marg>100,f,14,0
971534730,ENTEROFILUS FIALE 36X10ML,11,3.62,0,0.00,0.00,,0-vendite,t,1,0
983374632,PHOTODERM GEL CREME APRES500ML,11,3.62,2.00,23.10,3.60,16,inc-marg>100,t,1,1
987400886,ANTHELIOS POST UV EXPOSUR400ML,11,3.62,0,0.00,0.00,,0-vendite,t,3,14
981974367,BIOKILL PIRETRO NATURALE 375ML,11,3.62,1.00,14.92,2.24,24,inc-marg>100,t,2,0
941166757,VENAFLUX VITI 30CPR,11,3.62,0,0.00,0.00,,0-vendite,t,1,0
938810963,GINEPRO NERO PROFUMO 50ML,11,3.62,0,0.00,0.00,,0-vendite,f,16,2
950017400,AUTAN DEFENSE BIMBO 100ML,11,3.62,0,0.00,0.00,,0-vendite,t,5,6
984819894,NEURODOL ACIDO LIPOICO 30CPR,10,3.29,0,0.00,0.00,,0-vendite,f,3,0
935204255,DERMOVITAMINA PROCTOC CREMA,10,3.29,0,0.00,0.00,,0-vendite,f,23,5
924876838,NUXE SUN OLIO SOL VI/CRP SPF10,10,3.29,1.00,15.98,2.20,21,inc-marg>100,t,2,2
951862972,URYVET EVO 1500 32CPR,10,3.29,0,0.00,0.00,,0-vendite,t,1,0
977368253,DERMOVITAMINA FILM SPR 30ML,10,3.29,0,0.00,0.00,,0-vendite,f,19,4
922318338,FORTIMEL POWDER NEUTRO 335G,10,3.29,0,0.00,0.00,,0-vendite,t,2,0
941166769,VENAFLUX VITI CREMA GEL 150ML,10,3.29,0,0.00,0.00,,0-vendite,f,99,0
984746103,COGNIZANT 10FL 10ML,10,3.29,0,0.00,0.00,,0-vendite,t,4,0
981475674,CERAVE ACNE PURIFYING FOAM GEL,10,3.29,2.00,19.96,2.47,16,inc-marg>100,f,9,4
949645295,MASSIGEN PRONTO RECUP18BUST 25,10,3.29,3.00,12.69,3.07,26,inc-marg>100,t,1,47
951870310,POLASE SPORT POWDER REG 10BUST,9,2.96,2.00,17.84,1.91,17,inc-marg>100,t,16,19
975040522,COBAXIL B12 1000MCG 5CPR SUNBL,9,2.96,0,0.00,0.00,,0-vendite,t,1,0
950837195,KIJIMEA K53 ADVANCE 10CPS,9,2.96,1.00,13.84,1.93,21,inc-marg>100,t,1,0
989022811,AMPOULE A 30ML,9,2.96,0,0.00,0.00,,0-vendite,f,7,3
951149968,AXIGAB 90CPR,9,2.96,0,0.00,0.00,,0-vendite,t,1,0
921232450,PESCURA FLAT ORIG BYCAST SAB43,9,2.96,0,0.00,0.00,,0-vendite,t,1,0
978868038,CONNETTIVINASOLE SPRAY 50ML,9,2.96,0,0.00,0.00,,0-vendite,t,4,0
989332844,AVENE SOL LATTE SPF 50 100ML,9,2.96,0,0.00,0.00,,0-vendite,f,12,2
989983299,CERAVE CREMA IDRATANTE REFILL,9,2.96,0,0.00,0.00,,0-vendite,t,4,4
950222556,VITREONORM TASK 20STICK,9,2.96,0,0.00,0.00,,0-vendite,t,1,0
987437213,POLASE PLUS 24BUST PROMO,9,2.96,0,0.00,0.00,,0-vendite,f,34,24
978501548,SUN SECURE EAU SOLAIRE SPF50,9,2.96,0,0.00,0.00,,0-vendite,t,1,4
989633817,ANTHELIOS FLUIDO UV A/M SPF50+,9,2.96,0,0.00,0.00,,0-vendite,f,13,3
952051795,XERIAL GEL LAVANT PEELING400ML,8,2.64,0,0.00,0.00,,0-vendite,t,1,9
985008541,SUN SECURE EAU SOLAIRE SPF30,8,2.64,0,0.00,0.00,,0-vendite,t,1,8
972767368,FLORENTERO ACT 15ML,8,2.64,1.00,11.35,1.79,23,inc-marg>100,t,1,0
941962033,NEOVIDERM 30ML,8,2.64,0,0.00,0.00,,0-vendite,t,1,3
947318578,ZINCOGEN PET IMMUNO 30STICK,8,2.64,0,0.00,0.00,,0-vendite,t,4,0
974109338,CERAVE CREMA IDRATANTE 454G,8,2.64,0,0.00,0.00,,0-vendite,f,23,10
940884632,BIOLIFTAN DAY CREAM 50ML,8,2.64,0,0.00,0.00,,0-vendite,t,1,0
938881531,RILASTIL HYDRAFUSION GEL CR400,8,2.64,0,0.00,0.00,,0-vendite,t,1,0
952091914,SAUGELLA POLIGYN 50+ GEL IDRAT,8,2.64,0,0.00,0.00,,0-vendite,t,1,6
034329110,TACHIPIRINA FLASHTAB*12CPR 125,8,2.64,0,0.00,0.00,,0-vendite,t,5,0
940005212,MATERPLUS 1 90CPS,8,2.64,0,0.00,0.00,,0-vendite,t,3,0
927259996,NEUROCORTEX 30CPR,8,2.64,0,0.00,0.00,,0-vendite,t,1,0
951332600,DEFENCE SUN OLIO SPRAY SPF50+,8,2.64,0,0.00,0.00,,0-vendite,t,4,3
951331406,SUN SECURE EAU SOLAIRE GLOW50+,8,2.64,0,0.00,0.00,,0-vendite,t,1,2
047839016,TRACTANA*28CPR RIV 200MG,7,2.31,0,0.00,0.00,,0-vendite,f,27,0
990407037,STOMONAC GEL CANI GATTI 30ML,7,2.31,0,0.00,0.00,,0-vendite,t,1,0
951316482,PHOTODERM AR+ ULTRAFLUID 40ML,7,2.31,0,0.00,0.00,,0-vendite,t,2,5
938865110,DERMOVITAMINA IRR CUTANEE 30ML,7,2.31,0,0.00,0.00,,0-vendite,f,99,0
975036308,BODYSTRAP M,7,2.31,0,0.00,0.00,,0-vendite,t,1,0
983274186,LINES SP DERM SAG SUPER+ 30PZ,7,2.31,0,0.00,0.00,,0-vendite,t,2,0
988124172,REPY GEL 30ML NF,7,2.31,0,0.00,0.00,,0-vendite,t,4,0
042028011,OKITASK*OS GRAT 10BUST 40MG,7,2.31,0,0.00,0.00,,0-vendite,f,10,4
940365721,DICOSIM PLUS 30ML,7,2.31,0,0.00,0.00,,0-vendite,t,1,9
020582300,FLUIMUCIL*NEBUL 20F 300MG/3ML,7,2.31,0,0.00,0.00,,0-vendite,t,1,4
989405295,GOOVI STICK LABBRA&GUANCE REAG,7,2.31,0,0.00,0.00,,0-vendite,t,1,1
951105840,AVENE CLEANANCE COMEDOMED+,7,2.31,0,0.00,0.00,,0-vendite,f,14,4
932720954,RINOWAY SALI ISOTONICI 15BUST,7,2.31,0,0.00,0.00,,0-vendite,t,5,0
990681569,EFFACLAR DUO +M TRATT A/IM15ML,7,2.31,0,0.00,0.00,,0-vendite,t,1,5
908960735,SAUGELLA DERMOLIQUIDO 750ML,7,2.31,1.00,9.47,1.40,24,inc-marg>100,t,1,34
987296845,ANAPHASE CADUTA ASSOTT SH400ML,7,2.31,0,0.00,0.00,,0-vendite,t,1,4
989270602,MULTIVITAMIX B12 12FL,7,2.31,0,0.00,0.00,,0-vendite,t,1,14
951361120,FLAVIAM CREMA SCHIARENTE 40ML,6,1.98,0,0.00,0.00,,0-vendite,t,5,0
900498837,CLOREXYDERM SOL 4% 1000ML,6,1.98,0,0.00,0.00,,0-vendite,t,1,0
989373257,LIPOSKIN IDRA UV PHARCOS 40ML,6,1.98,0,0.00,0.00,,0-vendite,t,1,0
952004099,TELEANGYL PROTECT SPF50+ PHARC,6,1.98,0,0.00,0.00,,0-vendite,t,1,0
952113431,TOPIALYSE HUILE LAVANTE 100ML,6,1.98,0,0.00,0.00,,0-vendite,t,1,17
980644254,MARKEUTICALS FOCAL A/DHT 45CPR,6,1.98,0,0.00,0.00,,0-vendite,t,2,0
951331420,SUN SECURE AQUA FLUIDE SPF50+,6,1.98,0,0.00,0.00,,0-vendite,t,1,7
947343822,LIPOIC CANNELLA 60TAV,6,1.98,0,0.00,0.00,,0-vendite,t,1,0
901890689,IRIDIL MASCHERA RIPOSO OCCHI,6,1.98,0,0.00,0.00,,0-vendite,t,1,5
942579309,NEUROGEN PET ULTRA 30CPR,6,1.98,0,0.00,0.00,,0-vendite,t,1,0
934408648,BIOTHYMUS AC ACT D SH RISTRUTT,6,1.98,0,0.00,0.00,,0-vendite,t,1,1
981248293,TOPIALYSE HUILE LAV 1L NF,6,1.98,5.00,54.95,-27.75,4,inc-marg>100,f,52,0
987418771,REPIGMENT12 PLUS CREMA 75ML,6,1.98,0,0.00,0.00,,0-vendite,t,1,0
987336726,SUN SECURE EAU SOLAIRE SPF50+,6,1.98,0,0.00,0.00,,0-vendite,t,1,9
975447475,TOLERIANE SENSITIVE FLUIDO VIS,6,1.98,0,0.00,0.00,,0-vendite,t,2,3
951216252,CUTIMED SORBACT CONT 4X6CM 5PZ,6,1.98,0,0.00,0.00,,0-vendite,t,1,0
973914017,ADIPROX ADVANCED 50CPS,6,1.98,0,0.00,0.00,,0-vendite,f,6,0
903596765,RIBES PET RECOVERY 60PRL,5,1.65,0,0.00,0.00,,0-vendite,f,22,0
941181911,UV OFTAL SOL OFT LUB FOTOP10ML,5,1.65,0,0.00,0.00,,0-vendite,t,1,0
025519048,"MAG 2*OS GRAT 20BUST 2,25G",5,1.65,0,0.00,0.00,,0-vendite,f,15,20
989656970,VIDERMINA INTIMA OLIO 500ML SP,5,1.65,0,0.00,0.00,,0-vendite,t,2,13
945293443,GENIROSE PLUS 60TAV,5,1.65,0,0.00,0.00,,0-vendite,t,1,0
943040485,PORUS ONE 30BUST,5,1.65,0,0.00,0.00,,0-vendite,t,1,0
951141516,MULTICENTRUM AGE MENTE 40CPS,5,1.65,0,0.00,0.00,,0-vendite,t,2,1
926876867,CICABEN 50G,5,1.65,0,0.00,0.00,,0-vendite,f,22,0
952126466,ASHWAGANDHA 30CPR,5,1.65,0,0.00,0.00,,0-vendite,t,1,0
986905343,DERMOVITAMINA PRURITO CR 150ML,5,1.65,0,0.00,0.00,,0-vendite,t,4,2
951035753,MAVOSTEN MAGNESIO 120CPS,5,1.65,0,0.00,0.00,,0-vendite,t,3,0
970430649,MARKEUTICALS INTEGRA 60CPR,5,1.65,0,0.00,0.00,,0-vendite,t,1,0
924885837,VITE ROSSA GAMBE 30CPR,5,1.65,1.00,7.44,1.47,22,inc-marg>100,t,2,0
981448590,TRIDERM DS TRATTAMENTO NORMAL,5,1.65,0,0.00,0.00,,0-vendite,t,5,5
904020981,DELTACRIN CAPSULE PHARCOS60CPS,5,1.65,0,0.00,0.00,,0-vendite,t,3,0
987437187,POLASE ARANCIA 36BUST PROMO,5,1.65,1.00,11.28,-0.03,15,inc-marg>100,f,23,20
988277354,XERONORM PRX PHARCOS 250ML,5,1.65,0,0.00,0.00,,0-vendite,t,1,0
985481047,FRANGIPANI PROFUMO 100ML,5,1.65,0,0.00,0.00,,0-vendite,t,9,1
947318426,PEROGNIDOL FORTE PERLE,5,1.65,0,0.00,0.00,,0-vendite,t,5,0
983674641,EXOMEGA CONTROL CR EMOL 400ML,5,1.65,0,0.00,0.00,,0-vendite,t,3,3
972790404,STOMODINE F 30ML,5,1.65,0,0.00,0.00,,0-vendite,t,2,0
921232435,PESCURA FLAT ORIG BYCAST SAB41,5,1.65,0,0.00,0.00,,0-vendite,t,1,0
982947311,NUXE SUN HUILE LACTEE CAPILLAI,5,1.65,1.00,10.92,1.31,15,inc-marg>100,t,5,12
902985389,SAUGELLA POLIGYN 50+ 500ML,5,1.65,0,0.00,0.00,,0-vendite,f,8,2
970370413,HYPERMIX SPRAY 30ML,5,1.65,0,0.00,0.00,,0-vendite,t,1,0
944779584,EUPH OLIO NUTR UN-CUTI10ML,5,1.65,0,0.00,0.00,,0-vendite,f,2,1
974897391,RESTIVOIL RINFORZANTE 250ML TP,5,1.65,0,0.00,0.00,,0-vendite,t,1,10
985592272,RILASTIL SUN SYS CAPSULE 1+1,5,1.65,1.00,15.34,0.00,11,inc-marg>100,f,6,0
926819184,SCREEN TEST INFEZ URINE 3PZ,5,1.65,0,0.00,0.00,,0-vendite,t,4,0
025519063,"MAG 2*OS SOLUZ 20BUST1,5G/10ML",5,1.65,0,0.00,0.00,,0-vendite,f,23,16
987715291,ARTENNUA 90CPS,5,1.65,0,0.00,0.00,,0-vendite,t,1,0
935382477,5ALFAPROST 30PRL,5,1.65,0,0.00,0.00,,0-vendite,t,2,0
945140147,EUPH COLORPRO XD 507 CAST,5,1.65,0,0.00,0.00,,0-vendite,t,4,2
900455332,BENPED DITA A MARTELLO DX M 1P,4,1.32,0,0.00,0.00,,0-vendite,t,1,0
904180256,DAUMFIX ORTESI POLLICE DX S,4,1.32,0,0.00,0.00,,0-vendite,t,1,0
952113975,BUTIRETARD NMX 20CPR,4,1.32,0,0.00,0.00,,0-vendite,t,2,3
989366277,RILASTIL D-CLAR MASCHERA ILL,4,1.32,0,0.00,0.00,,0-vendite,t,1,1
937030892,NOVA PROST 30CPS SOFTGEL,4,1.32,0,0.00,0.00,,0-vendite,t,1,0
923427660,CARTILAGINE SQUALO POLV 60CPS,4,1.32,0,0.00,0.00,,0-vendite,t,1,0
983031939,SUN SECURE LAIT APRES SOLEIL,4,1.32,0,0.00,0.00,,0-vendite,t,2,12
952039547,ARTROVIS POLVERE SOLUBILE 360G,4,1.32,0,0.00,0.00,,0-vendite,t,1,0
944775547,PROSTAPET CANE GEL 60BUST,4,1.32,0,0.00,0.00,,0-vendite,t,5,0
974059596,LINES CLAS RETT S/BARRI 30PZ,4,1.32,0,0.00,0.00,,0-vendite,t,3,0
980812539,PASTA HOFFMANN SELLA NAT 1KG,4,1.32,0,0.00,0.00,,0-vendite,t,1,0
980136232,DUREX NATURALS IDRATANTE 100ML,4,1.32,0,0.00,0.00,,0-vendite,f,18,7
913758482,TOLERIANE DERMO NETTOYANT400ML,4,1.32,0,0.00,0.00,,0-vendite,f,46,0
902299458,CLOREXYDERM SOL SCH 200ML,4,1.32,0,0.00,0.00,,0-vendite,t,2,0
951142393,PIC AQUABLOC FIX ROC CM10X2M,4,1.32,0,0.00,0.00,,0-vendite,t,3,0
951383761,PRINCIPIUM MAGNESIO CB50+ 90CP,4,1.32,0,0.00,0.00,,0-vendite,f,15,0
984360343,CLOREXYDERM SOL 200ML,4,1.32,0,0.00,0.00,,0-vendite,t,1,0
930997313,SEBAMED LIQUIDO 1000ML TP,4,1.32,0,0.00,0.00,,0-vendite,f,14,6
950915470,"FIDEK 40CPR 1,5G DRN",4,1.32,0,0.00,0.00,,0-vendite,t,1,0
988050581,"TAZARENE CREMA 0,1% 40ML",4,1.32,0,0.00,0.00,,0-vendite,t,1,0
982406934,PUROFLOG SOLUZIONE OFT 20FL,4,1.32,0,0.00,0.00,,0-vendite,t,1,0
951090315,COSEQUIN ADVANCED CANE 120CPR,4,1.32,0,0.00,0.00,,0-vendite,t,4,0
910923667,IDEAL SOLEIL BALSAMO SCOTATTUR,4,1.32,0,0.00,0.00,,0-vendite,t,1,1
943245555,EUPH FILLER CR ANTIR RIEMP,4,1.32,0,0.00,0.00,,0-vendite,t,1,2
975433107,AFTER BITE GEL EXTRA 20ML,4,1.32,0,0.00,0.00,,0-vendite,t,4,6
983656556,REGGIBRACCIO SEMPLICE PED 1,4,1.32,0,0.00,0.00,,0-vendite,t,1,0
945140135,EUPH COLORPRO XD 407 CAST,4,1.32,1.00,6.21,0.99,21,inc-marg>100,t,3,4
990377400,FORTEND MAX 20BUST,4,1.32,0,0.00,0.00,,0-vendite,t,4,0
983533718,SPIRIAL DEODORANTE CREMA 50ML,4,1.32,0,0.00,0.00,,0-vendite,t,5,9
942793338,CAROBIN PET DIGEST 30BUSTE,4,1.32,0,0.00,0.00,,0-vendite,t,2,0
942411669,NOVOMIT TRAVEL 12GOMME,4,1.32,0,0.00,0.00,,0-vendite,t,1,3
983039936,AVENE SOL CREMA SPF50+ S/PROF,4,1.32,0,0.00,0.00,,0-vendite,f,7,3
980370326,DERMOVITAMINA CICATRICI GEL,4,1.32,0,0.00,0.00,,0-vendite,t,5,0
952099556,EUPHIDRA FONDOTINTA VELL NAT,4,1.32,0,0.00,0.00,,0-vendite,t,1,3
989874298,ALPECIN GREY ATTACK SHAMPOO,4,1.32,0,0.00,0.00,,0-vendite,f,12,0
923289399,BEURER 25STR GL44/GL50/GL50EVO,4,1.32,0,0.00,0.00,,0-vendite,t,1,0
950246975,TRIDERM SAPONE MARSIGLIA OS 1L,4,1.32,0,0.00,0.00,,0-vendite,t,4,14
900398355,REGULA MISC ERBE SVIZZ 80TAV,4,1.32,0,0.00,0.00,,0-vendite,t,1,0
931340804,PHYSIOMER CSR SPRAY IPER 135ML,4,1.32,0,0.00,0.00,,0-vendite,t,3,7
911961098,EPATO 1500 PLUS 120CPR CANE,4,1.32,0,0.00,0.00,,0-vendite,t,3,0
951270115,UNGHIA SANA 10ML,4,1.32,0,0.00,0.00,,0-vendite,t,1,0
981491487,SYSTANE IDRATAZIONE S/CONS10ML,4,1.32,0,0.00,0.00,,0-vendite,t,1,1
931577276,AVENE SOL CR SOL SCHERMO 50+,4,1.32,0,0.00,0.00,,0-vendite,f,10,1
982471839,MULTICENTRUM DIFESE IMM 28BUST,4,1.32,0,0.00,0.00,,0-vendite,t,1,3
970778522,ANAPHASE+ SHAMPOO 200ML DUCRAY,4,1.32,0,0.00,0.00,,0-vendite,t,1,5
983197120,TDV TRATTAMENTO CORPO 400ML 22,4,1.32,0,0.00,0.00,,0-vendite,t,11,3
989367154,VITAMINDERMINA POLVERE 100G,4,1.32,0,0.00,0.00,,0-vendite,t,1,1
950228751,AGEX DEFENCE SPOT PHARCOS 50ML,4,1.32,0,0.00,0.00,,0-vendite,t,1,0
944282324,SAUGELLA INTIMO&CORPO 500ML,4,1.32,0,0.00,0.00,,0-vendite,t,3,4
909089031,ACQUA SIRMIONE MIN NAT 6F 15ML,4,1.32,0,0.00,0.00,,0-vendite,f,20,37
943322685,CONNECTASYL 60CPR,4,1.32,0,0.00,0.00,,0-vendite,t,4,0
010386098,HIRUDOID 40000UI*CREMA 100G,4,1.32,0,0.00,0.00,,0-vendite,t,5,2
951032871,SYNAPSINE L 1000 10FL,3,0.99,0,0.00,0.00,,0-vendite,t,4,0
934027499,KRILL OMEGA PET RECOVERY120PRL,3,0.99,0,0.00,0.00,,0-vendite,t,1,0
931525113,RILASTIL LIPOREDUCER CREMA 200,3,0.99,0,0.00,0.00,,0-vendite,t,1,0
984789610,BIOLIFE IMMUNOPET 60CPS,3,0.99,0,0.00,0.00,,0-vendite,t,1,0
981954694,RILASTIL SUN SYS DOPOSOLE I/R,3,0.99,0,0.00,0.00,,0-vendite,t,3,9
951618154,SYNUCLID 30BUST,3,0.99,0,0.00,0.00,,0-vendite,f,11,0
907280313,DEODORANTE 7 GIORNI CREMA 30ML,3,0.99,0,0.00,0.00,,0-vendite,f,9,6
975428222,BARIEDERM CICA-CREMA SPF50+,3,0.99,0,0.00,0.00,,0-vendite,t,1,2
903570063,SERENITY PANN SAG CLAS EX 30PZ,3,0.99,0,0.00,0.00,,0-vendite,t,1,0
906269535,MEDI 9007 INFILA CALZE,3,0.99,0,0.00,0.00,,0-vendite,t,1,0
945140150,EUPH COLORPRO XD 707 BIOND,3,0.99,0,0.00,0.00,,0-vendite,t,2,2
951135781,MAGNESIO BISGLICINATO 180PAST,3,0.99,0,0.00,0.00,,0-vendite,t,5,0
945102073,DOCCIA GEL BERGAMOTTO PATCHOUL,3,0.99,0,0.00,0.00,,0-vendite,t,1,5
036397014,REPARIL*GEL 40G 1%+5%,3,0.99,0,0.00,0.00,,0-vendite,t,2,25
978545299,ANGSTROM LATTE SPRAY 50+,3,0.99,0,0.00,0.00,,0-vendite,f,10,4
978598821,FOOTCARE CORR VALGO NTT2PZ D10,3,0.99,0,0.00,0.00,,0-vendite,t,4,0
951365206,LIPIKAR BAUME AP+MAX 400ML,3,0.99,0,0.00,0.00,,0-vendite,t,2,2
970175598,SERBLEND 60CPR,3,0.99,0,0.00,0.00,,0-vendite,t,3,0
908620646,"SAUGELLA GEL INTIMO PH5,5 30ML",3,0.99,0,0.00,0.00,,0-vendite,t,1,3
951269289,CITIZIN Q10 ORO 30STICK-PACK,3,0.99,0,0.00,0.00,,0-vendite,f,11,0
984518581,MICO REI 70CPS,3,0.99,0,0.00,0.00,,0-vendite,t,2,0
990076933,GLUTAVIX 20STICK PACK,3,0.99,0,0.00,0.00,,0-vendite,t,1,0
972321006,ISCHIA SPA CRIOGEL GAMBE STANC,3,0.99,0,0.00,0.00,,0-vendite,t,1,0
987859511,CICABIO CREME+ SPF50 40ML,3,0.99,0,0.00,0.00,,0-vendite,t,1,1
948186705,PRINCIPIUM COLLAGENE MAR 80CPR,3,0.99,0,0.00,0.00,,0-vendite,t,4,0
950279620,VAGISIL DETERGENTE SENS 500ML,3,0.99,0,0.00,0.00,,0-vendite,t,1,0
974400525,NATTURA MUESLI DI AVENA C/FRUT,3,0.99,0,0.00,0.00,,0-vendite,t,1,0
950836650,AVENE HYALURON A PROC SIER20ML,3,0.99,0,0.00,0.00,,0-vendite,t,1,5
901474751,COVERMARK LEG MAGIC 4 50ML,3,0.99,0,0.00,0.00,,0-vendite,t,1,0
935590974,POLIDENT LUNGA TENUTA 70G,3,0.99,0,0.00,0.00,,0-vendite,t,4,34
975922802,NUXE SUN LATTE DOPOS VI/C400ML,3,0.99,0,0.00,0.00,,0-vendite,f,5,0
925498014,EPITACT ORTESI MANO FLEX DX M,3,0.99,0,0.00,0.00,,0-vendite,t,3,0
925399673,DENAVASC 24CPR,3,0.99,0,0.00,0.00,,0-vendite,t,1,0
987838810,STEPPER DIG ORTOP POSTOP AV S,3,0.99,0,0.00,0.00,,0-vendite,t,1,0
017389103,"PREPARAZIONE H*UNG 1,08% 50G",3,0.99,0,0.00,0.00,,0-vendite,f,15,34
942790066,VARISAN ETHERE1520 AGPA PO3N,3,0.99,0,0.00,0.00,,0-vendite,t,1,0
950276713,GIBAUD ORTHO CORS LOMB ACT V 2,3,0.99,0,0.00,0.00,,0-vendite,t,2,0
989252679,SINERGIA OTI NF 60CPS,3,0.99,0,0.00,0.00,,0-vendite,t,1,0
990478378,FOTOULTRA REDNESS SPF50 50ML,3,0.99,0,0.00,0.00,,0-vendite,t,4,0
908620545,GIO' MUTANDINA CORRETTIVA 1,3,0.99,1.00,36.16,0.00,3,inc-marg>100,f,1,0
939025995,SPIRIAL EXTREME 20ML,3,0.99,0,0.00,0.00,,0-vendite,f,9,3
987252881,REUMATONIL COMPLEX COLL 18BUST,3,0.99,0,0.00,0.00,,0-vendite,t,4,0
943303279,GASTROVOM CANE GATTO GEL 50ML,3,0.99,0,0.00,0.00,,0-vendite,t,1,0
982893265,EXTRA DELICATO SH DERMO2X400ML,3,0.99,0,0.00,0.00,,0-vendite,t,1,26
951136338,ZINCOXIN 30CPR,3,0.99,0,0.00,0.00,,0-vendite,t,1,0
976282006,LIPOSKIN PRO PHARCOS 15F REWCA,3,0.99,0,0.00,0.00,,0-vendite,f,19,0
944435104,MITOFAST 30STICK OROSOLUBILI,3,0.99,0,0.00,0.00,,0-vendite,t,1,0
921232447,PESCURA FLAT ORIG BYCAST SAB42,3,0.99,0,0.00,0.00,,0-vendite,t,1,0
944779560,EUPH CREMA CORPO IDRAT 250ML,3,0.99,0,0.00,0.00,,0-vendite,t,1,1
951867338,GHC MEDICAL TRATT DS SH PURIF,3,0.99,0,0.00,0.00,,0-vendite,t,1,0
931375671,UOMO PROFUMO 100ML,3,0.99,0,0.00,0.00,,0-vendite,t,8,3
935543470,PEDIAPAX POLVERE 400G,3,0.99,0,0.00,0.00,,0-vendite,t,3,0
927290991,SYSTANE IDRATAZIONE UD COLL,3,0.99,0,0.00,0.00,,0-vendite,t,1,1
983542010,BIOTINA ANALCOOLICO 200ML,3,0.99,0,0.00,0.00,,0-vendite,t,3,0
029454042,BUSCOPAN COMPOSITUM*20CPR RIV,3,0.99,0,0.00,0.00,,0-vendite,t,4,17
951233651,SANOTINT SHAMPOO COLOR CARE,3,0.99,0,0.00,0.00,,0-vendite,t,1,0
970370401,ENTEROMICRO COMPLEX 32CPR,3,0.99,0,0.00,0.00,,0-vendite,t,5,0
930873688,CONTOUR NEXT GLICEMIA 25STR,3,0.99,0,0.00,0.00,,0-vendite,f,22,0
971272556,BARIEDERM CICA-LEVRES 15ML,3,0.99,0,0.00,0.00,,0-vendite,t,1,1
940094129,BIOKAP SHAMPOO RINFOR ANTICAD,3,0.99,0,0.00,0.00,,0-vendite,t,3,0
941836761,UROGERMIN PROSTATA 30SOFTGEL,3,0.99,0,0.00,0.00,,0-vendite,t,4,8
979049020,LECURPET 60CPR,3,0.99,0,0.00,0.00,,0-vendite,t,1,0
950945461,DEFENCE ANAGENIX K INT AL60CPS,3,0.99,0,0.00,0.00,,0-vendite,t,4,2
905351387,EUMILL PROTECTION GTT OCUL10FL,3,0.99,0,0.00,0.00,,0-vendite,t,3,10
942258854,CLEAN KILL EXTRA MICRO FAST,3,0.99,0,0.00,0.00,,0-vendite,t,1,0
972165056,LIPIKAR LATTE 750ML,3,0.99,0,0.00,0.00,,0-vendite,f,33,0
906007695,SAUGELLA IDROCREMA PH NEU 30ML,3,0.99,0,0.00,0.00,,0-vendite,t,5,7
951059031,VIDERMINA DELIGYN 500ML NF SP,3,0.99,0,0.00,0.00,,0-vendite,t,1,22
935669489,VIDERMINA PREBIOTIC OVULI 10PZ,3,0.99,0,0.00,0.00,,0-vendite,t,3,3
941803330,CLAIRIAL SPF50+ LIGHT 40ML,3,0.99,0,0.00,0.00,,0-vendite,t,1,6
972529984,NATUR-SER PLUS 60CPS VEGETALI,3,0.99,0,0.00,0.00,,0-vendite,t,1,0
980122206,CORSETTO SEMIR ASPEN LUMB L,3,0.99,0,0.00,0.00,,0-vendite,t,1,0
970419646,SALVIA ESTRATTO INTEGRALE200ML,3,0.99,0,0.00,0.00,,0-vendite,f,9,0
942845532,DIOSMIR 1000 16 BUST,3,0.99,0,0.00,0.00,,0-vendite,t,1,0
989305103,DEMALIPE EMULSIONE 200ML,3,0.99,0,0.00,0.00,,0-vendite,t,2,0
983583701,ASSENZIO PROFUMO 100ML,3,0.99,0,0.00,0.00,,0-vendite,f,15,1
908560269,GARZA JELONET 10X10CM 10BUST,3,0.99,0,0.00,0.00,,0-vendite,t,1,0
974890372,COMPENSA Q DIET POLVERE 250G,3,0.99,0,0.00,0.00,,0-vendite,f,99,0
985772084,MIAMO LEG RENEW 30CPR,3,0.99,0,0.00,0.00,,0-vendite,t,8,6
990564332,REUFOLB12 60CPS,3,0.99,0,0.00,0.00,,0-vendite,t,1,0
903923769,CER FIXOMULL TRANSPARENT10X200,3,0.99,0,0.00,0.00,,0-vendite,t,2,0
938102555,TRIUM MONODOSE GTT OCUL 15FL,3,0.99,0,0.00,0.00,,0-vendite,t,2,0
984462820,RESTIVOIL EXTRA DEL 400ML TP,3,0.99,0,0.00,0.00,,0-vendite,t,2,4
950127555,PEPTI BIOTIC REFILL 50ML,3,0.99,0,0.00,0.00,,0-vendite,t,1,6
980638757,GINEPRO NERO BAGNOSCH ECORICAR,3,0.99,0,0.00,0.00,,0-vendite,t,9,4
022816021,"SOMATOLINE*EMULS 30BS 0,1+0,3%",3,0.99,0,0.00,0.00,,0-vendite,t,14,0
979806611,ASSENZIO ESTRATTO INTEGR 200ML,3,0.99,0,0.00,0.00,,0-vendite,t,5,0
989869021,TE' NERO BEAUTY BOX TERRAZZE,3,0.99,0,0.00,0.00,,0-vendite,t,4,3
979095484,NUXE HP FLORALE 50ML OLIO SECC,3,0.99,0,0.00,0.00,,0-vendite,f,13,11
973653189,VASOX FORTE 20BUST,3,0.99,0,0.00,0.00,,0-vendite,t,3,0
951338779,ACCIAIOVIS-T 180PAST,3,0.99,0,0.00,0.00,,0-vendite,t,2,0
947127662,NEFROKRILL CANE 60PRL,3,0.99,0,0.00,0.00,,0-vendite,t,2,0
951387873,NORMAST 600MG MICROGR 30BUST,3,0.99,0,0.00,0.00,,0-vendite,f,23,0
942980588,MICRONAM 30CPR,3,0.99,0,0.00,0.00,,0-vendite,t,4,0
931382764,"LEVORAG EMULGEL 20TUB 3,5ML",3,0.99,0,0.00,0.00,,0-vendite,f,24,0
984835292,GINOCCHIERA TRASP AP SPIR M,3,0.99,0,0.00,0.00,,0-vendite,t,1,0
903947606,IDEAL SOLEIL STICK SPF50+ 9G,3,0.99,0,0.00,0.00,,0-vendite,t,1,8
980916074,LATTOSTIL GOCCE 16ML,3,0.99,0,0.00,0.00,,0-vendite,t,5,0
942965981,CAREVIT ULTRA CANE 30BUST,3,0.99,0,0.00,0.00,,0-vendite,t,3,0
983791221,DELTACRIN WNT SPR PHARCOS125ML,3,0.99,0,0.00,0.00,,0-vendite,t,5,0
921186704,UROGYN 50CPR 500MG,3,0.99,0,0.00,0.00,,0-vendite,t,5,0
989468982,BARIESUN SPF50+ STICK SOL INV,3,0.99,0,0.00,0.00,,0-vendite,f,99,0
989893209,NUXE SUN OLIO SOL DOR50 150ML,3,0.99,0,0.00,0.00,,0-vendite,t,3,9
982667661,DIOSMIR 1000 30BUST,3,0.99,0,0.00,0.00,,0-vendite,t,2,0
013868031,PROCTOSEDYL*CREMA RETT 20G,2,0.66,0,0.00,0.00,,0-vendite,f,99,0
951365042,ANTHELIOS UVAIR SPF50+ 50ML,2,0.66,0,0.00,0.00,,0-vendite,t,3,1
104836022,EFFIPRO DUO*4PIP 1-6KG GATTI,2,0.66,0,0.00,0.00,,0-vendite,t,4,0
990144178,SAMBUCUS NIGRA 500ML,2,0.66,0,0.00,0.00,,0-vendite,t,1,0
935941649,NEPRIGYN 30CPR,2,0.66,0,0.00,0.00,,0-vendite,t,2,0
104687177,VECTRA 3D*3PIP 25-40KG VIOLA,2,0.66,0,0.00,0.00,,0-vendite,t,1,0
984159297,DEXERYL 250G,2,0.66,0,0.00,0.00,,0-vendite,f,14,36
951164209,MAGNESIO BISGLICINATO 60PAST,2,0.66,0,0.00,0.00,,0-vendite,f,15,0
951677614,PHYSIOMANCE SUGARLESS 30CPS,2,0.66,0,0.00,0.00,,0-vendite,t,4,0
986741357,POLASE CLASSICO 60CPR,2,0.66,0,0.00,0.00,,0-vendite,f,29,15
982592964,COCCO BAGNOCREMA 100ML,2,0.66,0,0.00,0.00,,0-vendite,t,8,3
927143913,RELAXINA PANIC 50CPS,2,0.66,0,0.00,0.00,,0-vendite,t,1,0
902985845,FIBRA PET 50CPR,2,0.66,0,0.00,0.00,,0-vendite,f,17,0
920015575,EAU THERMALE URIAGE 150ML,2,0.66,0,0.00,0.00,,0-vendite,t,4,1
979368432,"CONTROL NATURE 2,0 6PZ",2,0.66,0,0.00,0.00,,0-vendite,f,99,2
907059240,RILASTIL CORPO TRAT SPEC RASSO,2,0.66,0,0.00,0.00,,0-vendite,t,3,0
978401370,YAMAMOTO R ASHWAGANDHA 30CPS,2,0.66,0,0.00,0.00,,0-vendite,t,2,0
951210677,SAUBER DEOACTIVE CREMA 35ML,2,0.66,0,0.00,0.00,,0-vendite,t,1,0
950921231,MYODESONORM 30BUST,2,0.66,0,0.00,0.00,,0-vendite,t,1,0
939483968,NORMOSPOR 20CPR 1G,2,0.66,0,0.00,0.00,,0-vendite,f,5,0
902224258,GOMITIERA ELASTICA 2085 M OPPO,2,0.66,0,0.00,0.00,,0-vendite,t,3,0
952126112,PRINCIPIUM SUN BEAUTY 60CPR,2,0.66,0,0.00,0.00,,0-vendite,t,5,0
931096236,FARMACTIVE SILVER SPR ARGENTO,2,0.66,0,0.00,0.00,,0-vendite,t,2,0
922540455,SEBIUM GEL MOUSSANT 500ML,2,0.66,0,0.00,0.00,,0-vendite,t,4,4
950965259,FILORGA XMAS COFFRET TIME 2025,2,0.66,0,0.00,0.00,,0-vendite,t,4,6
973282611,VOLUMIS ELITE VISO CORPO 200ML,2,0.66,0,0.00,0.00,,0-vendite,t,1,0
985991924,ALIMENTAZIONE DED MIX PANE500G,2,0.66,0,0.00,0.00,,0-vendite,t,4,0
942859149,HEPATIKRILL CANI E GATTI 30PRL,2,0.66,0,0.00,0.00,,0-vendite,t,1,0
989397144,EUMEMOR 30CPR,2,0.66,0,0.00,0.00,,0-vendite,t,3,0
927120283,VITAMONO EF USO ORALE 30CPS,2,0.66,0,0.00,0.00,,0-vendite,t,3,0
926536564,CLORETRIX DETERGENTE 500ML,2,0.66,0,0.00,0.00,,0-vendite,t,4,0
972522849,GIBAUD ORTHO INTELLISLING 15 0,2,0.66,0,0.00,0.00,,0-vendite,t,2,0
951187754,AGARCID GEL DETERGENTE IGIEN,2,0.66,0,0.00,0.00,,0-vendite,t,1,0
989669849,DEFENCE SUN 50+ BB&KID SPRAY,2,0.66,0,0.00,0.00,,0-vendite,f,9,13
906496928,PROXEED NF 20BUST,2,0.66,0,0.00,0.00,,0-vendite,t,2,0
952054043,VAGISIL GEL ANTI SFREGAMENTO,2,0.66,0,0.00,0.00,,0-vendite,t,5,0
934902952,CERAMOL BASE LAVANTE SCH 400ML,2,0.66,0,0.00,0.00,,0-vendite,t,5,0
931015046,BOLO VIA 20BOCCONCINI,2,0.66,0,0.00,0.00,,0-vendite,t,3,0
907303527,STERIMAR MN ALLERGIA NASALE,2,0.66,0,0.00,0.00,,0-vendite,t,4,0
925942346,CLINNIX CREMA SMAGLIATURE300ML,2,0.66,0,0.00,0.00,,0-vendite,t,4,0
023703010,MECLON*10 OVULI VAG 100+500MG,2,0.66,0,0.00,0.00,,0-vendite,f,99,21
947430435,DOLVEDOL PLUS 20CPR RIVESTITE,2,0.66,0,0.00,0.00,,0-vendite,t,1,0
950612301,CORTISOL STOP 60CPS,2,0.66,0,0.00,0.00,,0-vendite,t,1,0
908618111,GIO' MUTANDINA CORRETTIVA 2,2,0.66,0,0.00,0.00,,0-vendite,t,1,0
982475321,SERENITY PANTS SD SENS EX M 12,2,0.66,0,0.00,0.00,,0-vendite,f,13,0
951091762,TONIMER ISOTONIC STRONG SPRAY,2,0.66,0,0.00,0.00,,0-vendite,t,1,2
982461143,DENSITIUM ROSE ECLAT RENO 50ML,2,0.66,0,0.00,0.00,,0-vendite,t,3,0
902235353,STERIMAR NASO SENSIBILE SPRAY,2,0.66,0,0.00,0.00,,0-vendite,t,3,0
950965309,DONNA SANA 100PAST,2,0.66,0,0.00,0.00,,0-vendite,t,1,0
931114298,VEA MINILIPOGEL IDR PROT 10ML,2,0.66,0,0.00,0.00,,0-vendite,t,7,3
978837437,CS ACQUA SOLARE IDRAT SPF50,2,0.66,0,0.00,0.00,,0-vendite,t,1,3
947430423,COLPLATIR 500 30CPR,2,0.66,0,0.00,0.00,,0-vendite,t,3,0
984560882,"UREAL NM 30BUSTE 17,2G",2,0.66,0,0.00,0.00,,0-vendite,t,1,0
900975956,VITAMINA C 1000 180TAV,2,0.66,0,0.00,0.00,,0-vendite,t,1,0
025669348,MOMENT*OS SOSP 8BUST 200MG,2,0.66,0,0.00,0.00,,0-vendite,t,1,12
985991239,FLEBOMIX 1000MG 90CPR,2,0.66,0,0.00,0.00,,0-vendite,f,14,0
972786255,LASSIBEN 30CPR,2,0.66,0,0.00,0.00,,0-vendite,t,2,0
983373996,PHOTODERM SPOT AGE 40ML,2,0.66,0,0.00,0.00,,0-vendite,t,1,6
951380967,LINES SPEC PANTS EX UNI L 7PZ,2,0.66,0,0.00,0.00,,0-vendite,t,1,0
973499852,OLIO DEL RE SPRAY NASALE 30ML,2,0.66,0,0.00,0.00,,0-vendite,t,5,0
038140012,MYLICONGAS*50CPR MAST 40MG,2,0.66,0,0.00,0.00,,0-vendite,f,99,20
035450016,DICLOREUM ACTIGEL*GEL 50G 1%,2,0.66,0,0.00,0.00,,0-vendite,t,3,3
034936171,FLUIMUCIL MUCOL*10CPR EFF600MG,2,0.66,0,0.00,0.00,,0-vendite,f,99,2
926845203,MANNOSIO PURO CRISTALLI 50G,2,0.66,0,0.00,0.00,,0-vendite,t,5,0
987659099,NOTTE TANGERI CREMA CORPO200ML,2,0.66,0,0.00,0.00,,0-vendite,t,8,6
951457629,ERITRIL PRO 20CPS,2,0.66,0,0.00,0.00,,0-vendite,f,99,0
989054883,GLUCOMANNANO PURO 120CPR,2,0.66,0,0.00,0.00,,0-vendite,t,1,0
925856357,TRANSITO INTESTINALE 60CPS,2,0.66,0,0.00,0.00,,0-vendite,t,1,0
987401243,DT OIL CONTROL SHAMPOO 200ML,2,0.66,0,0.00,0.00,,0-vendite,t,4,2
979413832,ATODERM INTENSIVE BAUME 500ML,2,0.66,0,0.00,0.00,,0-vendite,t,5,12
938458650,ANGIOPLUS OFTA 30CPS,2,0.66,0,0.00,0.00,,0-vendite,t,4,0
990685632,AMARENA BAGNOSCHIUMA 100ML,2,0.66,0,0.00,0.00,,0-vendite,t,6,5
987867761,ZREEN VITAMINA D3 5000 50ML,2,0.66,0,0.00,0.00,,0-vendite,t,2,0
903570113,SERENITY PANN SAG MAXI 30PZ,2,0.66,0,0.00,0.00,,0-vendite,t,2,0
947073894,RILASTIL SUN SYS D CLAR L 50+,2,0.66,0,0.00,0.00,,0-vendite,t,1,1
904012960,MELCALIN VITA 1150G,2,0.66,0,0.00,0.00,,0-vendite,t,4,0
933320640,MELLIS BETA SHAMPOO 200ML,2,0.66,0,0.00,0.00,,0-vendite,f,28,0
940560182,FOSFORESTART 12BUST,2,0.66,0,0.00,0.00,,0-vendite,t,1,0
931079065,BETOTAL MIND PLUS 20BUST,2,0.66,0,0.00,0.00,,0-vendite,t,5,7
972553996,LENET OIL DETERGENTE 400ML,2,0.66,0,0.00,0.00,,0-vendite,t,4,0
980926620,ANTHELIOS LATTE SOL 30+ PAPER,2,0.66,1.00,13.83,-0.79,5,inc-marg>100,f,32,11
935034405,EMACRIT 30CPS,2,0.66,0,0.00,0.00,,0-vendite,f,23,0
951306238,PSIPROTO MAMMA 30BUST,2,0.66,0,0.00,0.00,,0-vendite,t,3,0
978476669,VITREOMAX 20BUST,2,0.66,0,0.00,0.00,,0-vendite,t,2,0
980458451,OROZYME CANINE STR ENZ MASTI S,2,0.66,0,0.00,0.00,,0-vendite,t,3,0
983763057,DEFENCE COLOR PERFECT LINER,2,0.66,0,0.00,0.00,,0-vendite,t,1,2
951062850,MAGICS SWIMPANTS LARGE 10PZ,2,0.66,0,0.00,0.00,,0-vendite,t,1,0
970373231,ELMEX SENSITIVE PROF RIPA&PREV,2,0.66,0,0.00,0.00,,0-vendite,t,4,10
987300047,MYINTIMITY SIERO INT ANTI AGE,2,0.66,0,0.00,0.00,,0-vendite,t,1,0
905624452,RESURGEN 60PRL,2,0.66,0,0.00,0.00,,0-vendite,t,2,0
974425439,KELP 300TAV,2,0.66,0,0.00,0.00,,0-vendite,t,5,0
990542843,CLEARBLUE TEST GRAVIDANZA 3PZ,2,0.66,0,0.00,0.00,,0-vendite,t,1,0
980406639,MAGNESIO SUPREMO NOTTE REL150G,2,0.66,0,0.00,0.00,,0-vendite,f,99,3
926741758,EPITACT SPORT UNGHIE LIVIDE L,2,0.66,0,0.00,0.00,,0-vendite,t,2,0
989633805,ANTHELIOS LATTE UVMUNE 150ML,2,0.66,0,0.00,0.00,,0-vendite,t,3,4
909272609,Vitamindermina Polv Ment 100g,2,0.66,0,0.00,0.00,,0-vendite,t,1,7
977367150,IRIS COLLEZIONE PROFUMI 15ML,2,0.66,0,0.00,0.00,,0-vendite,t,10,5
990001998,MULTILADY 60CPS VEGET NF,2,0.66,0,0.00,0.00,,0-vendite,t,3,0
975433095,AFTER BITE CREMA NATURAL 20ML,2,0.66,0,0.00,0.00,,0-vendite,t,5,19
985495706,COBALIN 60CPS,2,0.66,0,0.00,0.00,,0-vendite,t,1,0
941693691,VITACALM TUTTA NOTTE F/R 30CPR,2,0.66,0,0.00,0.00,,0-vendite,t,5,0
978306215,DIGIFORM + TUT POLSO/DITA M,2,0.66,0,0.00,0.00,,0-vendite,t,1,0
972379008,DIGER AID ENZYMATIC 20CPR,2,0.66,0,0.00,0.00,,0-vendite,t,1,0
926420973,POLICALM CREMA 150ML CE,2,0.66,0,0.00,0.00,,0-vendite,f,7,0
974477503,TRICORED PLUS 30CPS,2,0.66,0,0.00,0.00,,0-vendite,t,1,0
970261398,"RUOTE PIROETTANTI DEAMBUL7,5CM",2,0.66,0,0.00,0.00,,0-vendite,t,1,0
982947347,NUXE SUN LAIT SPF50 150ML,2,0.66,0,0.00,0.00,,0-vendite,t,1,4
989045707,REVEE OIL FACE&BODY 100ML,2,0.66,0,0.00,0.00,,0-vendite,t,1,0
925632731,AUSILIUM BAU 100G,2,0.66,0,0.00,0.00,,0-vendite,t,1,0
989404684,LIPIKAR GEL UREA 30%,2,0.66,0,0.00,0.00,,0-vendite,t,3,1
902092156,SECURDRAIN VIA SACCA UR750 T35,2,0.66,0,0.00,0.00,,0-vendite,t,1,0
974089575,SENSIBIO GEL MOUSSANT 200ML,2,0.66,0,0.00,0.00,,0-vendite,t,4,6
952099950,EUPHIDRA PALETTE SMOOK TOT MAR,2,0.66,0,0.00,0.00,,0-vendite,t,1,1
906979291,VITAMINA B12 1000 MCG SUBL,2,0.66,0,0.00,0.00,,0-vendite,t,1,0
900098536,ESSENI OLIO DEGLI ESSENI 500ML,2,0.66,0,0.00,0.00,,0-vendite,t,2,0
990521890,MUSTELA BIPACK PASTA CAMBIO,2,0.66,0,0.00,0.00,,0-vendite,t,1,6
926231883,ANTHELIOS SPRAY INVISIBILE 50+,2,0.66,0,0.00,0.00,,0-vendite,f,14,3
987388535,PHOTODERM SPRAY 30+ 300ML,2,0.66,0,0.00,0.00,,0-vendite,t,1,2
930880202,ALKAVITAL 250G,2,0.66,0,0.00,0.00,,0-vendite,t,1,0
981254687,PIGMENTBIO FOAMING CREAM 200ML,2,0.66,0,0.00,0.00,,0-vendite,t,4,2
986857326,CERAVE SIERO IDRAT ACIDO IALUR,2,0.66,0,0.00,0.00,,0-vendite,t,3,3
990542971,COLESTEROLO BYE BYE T 180PAST,2,0.66,0,0.00,0.00,,0-vendite,t,4,0
949898148,SOLE BIMBI LATTE DOPOSOLE150ML,2,0.66,0,0.00,0.00,,0-vendite,t,1,0
988830131,ASSENZIO DEOCREMA 50ML,2,0.66,0,0.00,0.00,,0-vendite,t,8,4
973292980,BIONIKE DEFENCE HAIR SH SEBORE,2,0.66,0,0.00,0.00,,0-vendite,t,1,7
951200880,FULLMAG FORTE 20CPR,2,0.66,0,0.00,0.00,,0-vendite,f,9,0
986895807,KELUAL DS GEL MOUSSE DET 200ML,2,0.66,0,0.00,0.00,,0-vendite,t,1,6
970981852,POLSIERA MANULITE S,2,0.66,0,0.00,0.00,,0-vendite,t,1,0
990612400,LONGLIFE METABO STIM 60CPS,2,0.66,0,0.00,0.00,,0-vendite,t,1,0
938656966,MULTICENTRUM SELECT 50+ 30CPR,2,0.66,0,0.00,0.00,,0-vendite,t,2,3
950059434,MIGLIORIN GELLULE 180CPS,2,0.66,0,0.00,0.00,,0-vendite,t,1,0
987669722,GIBAUD ORTHO WALKER BASSO TIB2,2,0.66,0,0.00,0.00,,0-vendite,f,99,0
987867607,ZREEN Q10 UBIQUINOLO 100ML,2,0.66,0,0.00,0.00,,0-vendite,t,1,0
986699395,AVENE CICALFATE+ BALSAMO LABBR,2,0.66,0,0.00,0.00,,0-vendite,t,3,4
976967707,EDENIGHT UNG IPERTON HA 5G,2,0.66,0,0.00,0.00,,0-vendite,t,1,0
971337860,BENEFIBRA POLVERE 155G,2,0.66,0,0.00,0.00,,0-vendite,t,4,8
951059043,VIDERMINA INTIMA 500ML NF SP,2,0.66,0,0.00,0.00,,0-vendite,t,3,10
983175377,SHOULDERCROSS ORTESI SPAL DX L,2,0.66,0,0.00,0.00,,0-vendite,t,1,0
972730612,BOSKIN CREMA 500ML,2,0.66,0,0.00,0.00,,0-vendite,t,5,0
942805274,OMK1 LF SOL LIPO OFT STER 10ML,2,0.66,0,0.00,0.00,,0-vendite,t,5,0
923588709,XERATOP LIPOCREMA 200ML,2,0.66,0,0.00,0.00,,0-vendite,t,1,0
911033280,MEPILEX LITE MEDIC 10X10CM 5PZ,2,0.66,0,0.00,0.00,,0-vendite,t,3,0
920891607,EAU DE PHILAE EDT 100ML,2,0.66,0,0.00,0.00,,0-vendite,f,9,0
974058099,REOXALL 100S CREMA CANOVA 50ML,2,0.66,0,0.00,0.00,,0-vendite,t,1,0
930669799,DERMOVITAMINA MICO ONICOMICOSI,2,0.66,0,0.00,0.00,,0-vendite,f,17,10
025519051,"MAG 2*20CPR EFF 2,25G",2,0.66,0,0.00,0.00,,0-vendite,t,2,24
931085411,VISCRIN 20CPR,2,0.66,0,0.00,0.00,,0-vendite,f,5,0
989869072,DEO PRO ACTIVE ROLL 50G PROMO,2,0.66,0,0.00,0.00,,0-vendite,t,1,3
988669848,CORNEIAL GEL 10G,2,0.66,0,0.00,0.00,,0-vendite,f,12,0
921232409,PESCURA FLAT ORIG BYCAST SAB38,2,0.66,0,0.00,0.00,,0-vendite,t,1,0
947073565,RUDRADOL 20CPR,2,0.66,0,0.00,0.00,,0-vendite,t,3,0
952099416,EUPHIDRA CORRETTORE DUO ROSS,2,0.66,0,0.00,0.00,,0-vendite,t,1,3
990860266,NORMAST MPS MICROGRANULI30BUST,2,0.66,0,0.00,0.00,,0-vendite,f,8,0
934545423,PRINCIPIUM EPA-3 FISH 90CPS,2,0.66,0,0.00,0.00,,0-vendite,t,3,0
970540377,BIONIKE SHINE ON BALSAMO 200ML,2,0.66,0,0.00,0.00,,0-vendite,t,1,0
921232676,PESCURA HEEL ORIG BYCAST SAB40,2,0.66,0,0.00,0.00,,0-vendite,t,1,0
937480198,ALIPOV 20CPR,2,0.66,0,0.00,0.00,,0-vendite,t,1,0
913498364,R&R NOBILI RISO C/YOGURT 250G,2,0.66,0,0.00,0.00,,0-vendite,f,99,0
943245290,EUPH FILLER CR LEVIGANTE,2,0.66,0,0.00,0.00,,0-vendite,t,3,3
970384943,COLONLIFE 10CPR+10CPS,2,0.66,0,0.00,0.00,,0-vendite,t,1,0
902660745,CAVILON 3M FILM SPR 3346P 28ML,2,0.66,0,0.00,0.00,,0-vendite,t,1,0
980445858,SENSIBIO GEL MOUSSANT 100ML,2,0.66,0,0.00,0.00,,0-vendite,t,1,4
989414521,RETINORM FLASH 30STICK,2,0.66,0,0.00,0.00,,0-vendite,t,2,0
971621964,CONNETTIVINABIO CREMA 25G,2,0.66,0,0.00,0.00,,0-vendite,t,5,18
990564320,REUFIBER 250G,2,0.66,0,0.00,0.00,,0-vendite,t,1,0
951175557,PHYSIOMANCE MENOMODUL 60CPR,2,0.66,0,0.00,0.00,,0-vendite,t,1,0
921814683,OTOPROF SOL AURICOLARE 100ML,2,0.66,0,0.00,0.00,,0-vendite,t,1,0
041174020,RINAZINA ANTIAL*SPRAY NAS 10ML,2,0.66,0,0.00,0.00,,0-vendite,t,4,26
987437249,POLASE ARANCIA 24BUST PROMO,2,0.66,0,0.00,0.00,,0-vendite,f,31,23
904560428,QUILENE GEL 50ML,2,0.66,0,0.00,0.00,,0-vendite,t,2,0
986091421,PURO SOS COLESTEROLO 60CPR DEG,2,0.66,0,0.00,0.00,,0-vendite,f,99,0
931565687,D-MANNORO 30BUST,2,0.66,0,0.00,0.00,,0-vendite,t,1,0
981391410,AURIDROL GOCCE OTOLOGICHE 15ML,2,0.66,0,0.00,0.00,,0-vendite,t,4,0
906093758,BIOGEL CAPPUCCIO PIC BLIST 1PZ,2,0.66,0,0.00,0.00,,0-vendite,t,2,0
975984598,VERTIWIN 30CPR,2,0.66,0,0.00,0.00,,0-vendite,t,1,0
980812578,PASTA HOFFMANN SELLA NAT 200ML,2,0.66,0,0.00,0.00,,0-vendite,t,4,1
971655067,BARIEDERM UNGUENTO 40G,2,0.66,0,0.00,0.00,,0-vendite,f,10,1
975062908,TRIS NAC 120ML,2,0.66,0,0.00,0.00,,0-vendite,t,2,0
925646794,PELVILEN DUAL ACT 20BUST,2,0.66,0,0.00,0.00,,0-vendite,t,3,0
988099560,RESTOMYL DENTALBONES MINI,2,0.66,0,0.00,0.00,,0-vendite,t,2,0
947089835,UROGERMIN PROSTATA 60SOFTGEL,2,0.66,0,0.00,0.00,,0-vendite,t,5,4
951305147,VINOSUN OLIO SOLARE ABBR SPF50,2,0.66,0,0.00,0.00,,0-vendite,t,12,21
975067695,SEMI DI ZUCCA DECORTICATI 200G,2,0.66,0,0.00,0.00,,0-vendite,t,1,0
990685618,AMARENA SOFFICE CREMA CORPO,2,0.66,0,0.00,0.00,,0-vendite,t,6,5
951376173,COLLAGENE LIQUIDO ANALCO 10FL,2,0.66,0,0.00,0.00,,0-vendite,t,1,0
912283660,SENSIBIO LATTE 250ML,2,0.66,0,0.00,0.00,,0-vendite,f,99,0
979383748,SODIO CLORURO 300CPS 500MG,2,0.66,0,0.00,0.00,,0-vendite,t,1,0
947138107,MONOI TIKI FONDOTINTA COMPATTO,2,0.66,0,0.00,0.00,,0-vendite,t,1,0
951882760,KELUAL DS INTENSIVE SPRAY100ML,2,0.66,0,0.00,0.00,,0-vendite,t,4,6
987411737,RILASTIL SUN SPF50+ AGE REPAIR,2,0.66,0,0.00,0.00,,0-vendite,t,4,7
942602665,MGK VIS ORANGE 30BUST,2,0.66,6.00,53.88,0.00,1,inc-marg>100,f,99,0
985520838,VITGASE FORTE 18BUST,2,0.66,0,0.00,0.00,,0-vendite,t,1,0
990149837,SPACCAPIETRA 180PAST,2,0.66,0,0.00,0.00,,0-vendite,t,5,0
944959206,MULTI 45 50CPR,2,0.66,0,0.00,0.00,,0-vendite,t,1,0
942820515,BARIATRIFAST 30CPR,2,0.66,0,0.00,0.00,,0-vendite,f,14,0
945029229,SOMAT SKIN EX RASSOD CRP 200ML,2,0.66,0,0.00,0.00,,0-vendite,t,1,5
951164336,SOMAT SKIN EX BODY AGE 28STICK,2,0.66,0,0.00,0.00,,0-vendite,t,1,3
931983136,BIO ESSENZE OLIO MAND DOLCI 1L,2,0.66,0,0.00,0.00,,0-vendite,t,1,0
974156592,RESTIVOIL LENIT ZERO 150ML TP,2,0.66,0,0.00,0.00,,0-vendite,f,7,5
979256928,OMRON SFIGMO BRACCIO M3 COMF I,2,0.66,0,0.00,0.00,,0-vendite,t,1,1
103249025,NEOFORACTIL SPRAY*250ML,2,0.66,0,0.00,0.00,,0-vendite,t,1,0
987055872,COLLIRIO ALFA IDRATANTE 10ML,2,0.66,0,0.00,0.00,,0-vendite,t,3,37
951564196,DERCOS TECHNIQUE SH A/FORF GR,2,0.66,0,0.00,0.00,,0-vendite,t,1,1
990553380,EUREKOL VITREO 30CPS,2,0.66,0,0.00,0.00,,0-vendite,t,2,0
970430361,POLYPORUS MICOTHERAPY 90CPS VE,2,0.66,0,0.00,0.00,,0-vendite,t,2,0
980911287,SUN SECURE CREME SPF50+ NF50ML,2,0.66,0,0.00,0.00,,0-vendite,f,11,8
906604273,LONGLIFE BIOFLAVONOIDS PL60TAV,2,0.66,0,0.00,0.00,,0-vendite,t,3,0
983383035,SIG DELILAH 140 FLAT AT P SKI5,2,0.66,0,0.00,0.00,,0-vendite,t,1,0
972050874,DUREX INTENSE ORGASMIC GEL,2,0.66,0,0.00,0.00,,0-vendite,t,3,3
926045687,"BIONIKE SHINE ON5,38 CAST CH C",2,0.66,0,0.00,0.00,,0-vendite,t,1,1
903459016,FISIODERM DETERGENTE INTIMO,2,0.66,0,0.00,0.00,,0-vendite,f,13,0
975427360,GIBAUD CLASSIC CINT POSTOP LE6,2,0.66,0,0.00,0.00,,0-vendite,t,3,0
984569855,"SHINE ON HSPLUS BIONDO CHI8,00",2,0.66,0,0.00,0.00,,0-vendite,t,2,3
949892261,OMOMIND 20CPR,2,0.66,0,0.00,0.00,,0-vendite,t,2,0
973145889,ELMEX PROTEZIONE CARIE 2X75ML,2,0.66,0,0.00,0.00,,0-vendite,f,16,11
923539670,KRIN UP ANDRO 30CPS,2,0.66,0,0.00,0.00,,0-vendite,t,5,0
937363012,GINEPRO NERO LOZIONE DOPOBARBA,2,0.66,0,0.00,0.00,,0-vendite,t,9,5
902262500,TONIMER LAB SOFT SPRAY 125ML,2,0.66,0,0.00,0.00,,0-vendite,t,2,1
978115970,AMPOULE C 30ML,2,0.66,0,0.00,0.00,,0-vendite,t,5,4
982733661,REVEE SCAR GEL 60G,2,0.66,0,0.00,0.00,,0-vendite,t,5,0
951372491,NUXE TROUSSE VOYAGE RDM 2026,2,0.66,0,0.00,0.00,,0-vendite,t,4,1
951867670,"REMEND 0,75 3ML",2,0.66,0,0.00,0.00,,0-vendite,t,3,0
950832055,BIOREPAIR ADV PROT COMPLETA50+,2,0.66,0,0.00,0.00,,0-vendite,t,1,6
951332840,DEFENCE COLOR GLOW KIT ILL+LIP,2,0.66,0,0.00,0.00,,0-vendite,t,2,3
951361056,BONASE VIS 20STICK,2,0.66,0,0.00,0.00,,0-vendite,t,3,0
990572669,PH FORMINIX DX3 GEL FORMICHE7G,2,0.66,0,0.00,0.00,,0-vendite,t,2,0
043786033,TANTUM VERDE NASO CHIUSO*15ML,2,0.66,0,0.00,0.00,,0-vendite,f,99,0
975427459,FISIOCHAMBER VISION PLUS BOCC,2,0.66,0,0.00,0.00,,0-vendite,t,3,0
932776418,CORACTIV 50PRL,2,0.66,0,0.00,0.00,,0-vendite,f,15,0
950309310,IALOZON BLU DENTIFRICIO 100ML,2,0.66,0,0.00,0.00,,0-vendite,f,12,0
901698062,SUPPORTAN DRINK CAPP 4FL 200ML,2,0.66,0,0.00,0.00,,0-vendite,t,1,0
987383421,PELLISART 30CPR,2,0.66,0,0.00,0.00,,0-vendite,t,1,0
927288050,SENSINOL LAT CRP 200ML DUCRAY,2,0.66,0,0.00,0.00,,0-vendite,t,2,1
951331418,SUN SECURE GOUTTES TEINTEES,2,0.66,0,0.00,0.00,,0-vendite,t,1,6
987419052,PURO GOCCE OCULARI 10ML,2,0.66,0,0.00,0.00,,0-vendite,t,2,0
974058176,RIVESCAL SHAMPOO DEL CANOVA,2,0.66,0,0.00,0.00,,0-vendite,f,7,0
902666635,STOMODINE LP GEL GENGIVE 50ML,2,0.66,0,0.00,0.00,,0-vendite,t,3,0
950851042,PROATOP SPRAY CANI 50ML,2,0.66,0,0.00,0.00,,0-vendite,t,1,0
022816122,SOMATOLINE*GEL 30BUST 10G,2,0.66,0,0.00,0.00,,0-vendite,f,4,0
990085348,ARGIVIT RICARICA+ 14BUST,2,0.66,0,0.00,0.00,,0-vendite,t,1,0
935034355,EUMILL GOCCE OCULARI RINFR10ML,2,0.66,0,0.00,0.00,,0-vendite,t,3,46
924531155,IDEAL SOLEIL SPRAY INVISIBLE50,2,0.66,0,0.00,0.00,,0-vendite,t,1,3
984357297,VITAMONO E-PRO 30STICK ORODISP,2,0.66,0,0.00,0.00,,0-vendite,t,1,0
926744107,ALOE-SY GUSTO FRUTTA 1000ML,2,0.66,0,0.00,0.00,,0-vendite,t,4,0
974656480,PARODONTAX CP COOL MINT 75ML,1,0.33,0,0.00,0.00,,0-vendite,f,9,12
990284263,RILASTIL SKIN R TONICO 200ML,1,0.33,0,0.00,0.00,,0-vendite,t,1,6
023356025,DAFLON*30CPR RIV 500MG,1,0.33,0,0.00,0.00,,0-vendite,f,25,79
972594182,PIC MISUR PRES MOBILERAPID,1,0.33,0,0.00,0.00,,0-vendite,t,3,0
988909735,MARKEUTICALS VOLUMEX BALS200ML,1,0.33,0,0.00,0.00,,0-vendite,t,1,0
987718792,ORALB POWER ORAL CENTER+IO6,1,0.33,0,0.00,0.00,,0-vendite,t,4,0
986115121,MEDI KL1 COT GAMB LU 5 Y54010,1,0.33,0,0.00,0.00,,0-vendite,t,1,0
977695218,GLORIA162EVO AD BE MX SC,1,0.33,0,0.00,0.00,,0-vendite,t,1,0
952058358,VEA OFT GEL OLEOSO CONT OCCHI,1,0.33,0,0.00,0.00,,0-vendite,t,3,2
909918169,SFIGMO ANER KOBOLD ERKA,1,0.33,0,0.00,0.00,,0-vendite,t,1,0
979052293,TOTABI PASTA EVO 15ML,1,0.33,0,0.00,0.00,,0-vendite,t,1,0
952100131,EUPHIDRA ROSSETTO LUM SCARLAT,1,0.33,0,0.00,0.00,,0-vendite,t,1,4
983697741,VICHY HOMME DEO CC 96H ROLL 50,1,0.33,0,0.00,0.00,,0-vendite,t,4,6
952094567,PROBIOBENE JUNIOR 18STICK ORO,1,0.33,0,0.00,0.00,,0-vendite,t,1,0
951506043,STOMEK SOSPENSIONE 30STICK,1,0.33,0,0.00,0.00,,0-vendite,t,1,0
970589545,SIG CO2 AD XLN PA NATU,1,0.33,0,0.00,0.00,,0-vendite,t,1,0
906355375,MELISSA ESTRATTO TITOLATO 30ML,1,0.33,0,0.00,0.00,,0-vendite,t,3,0
981263597,MIO FLEX PLACCA PIAN10-68 70MM,1,0.33,0,0.00,0.00,,0-vendite,f,99,0
923744573,SAUBER COL OPTOE 140 MICR MED4,1,0.33,0,0.00,0.00,,0-vendite,t,1,0
987331028,APROTEN PIPE PROMO 500G,1,0.33,0,0.00,0.00,,0-vendite,t,4,0
972592428,HEMA PLEX 60CPS,1,0.33,0,0.00,0.00,,0-vendite,t,1,0
987167071,BETOTAL B FASE 20CPR,1,0.33,0,0.00,0.00,,0-vendite,f,19,7
904302155,ONICOKER PHARCOS LACC RINF UNG,1,0.33,0,0.00,0.00,,0-vendite,t,1,0
907741870,GUANTO EL STR RO 85CM 50PZ,1,0.33,0,0.00,0.00,,0-vendite,t,2,0
947383004,AQUILEA SONNO 30GUMM,1,0.33,0,0.00,0.00,,0-vendite,f,14,0
987361312,GLUTATIONE SUPREMO 180PAST,1,0.33,0,0.00,0.00,,0-vendite,f,9,0
938777695,DIMANN DAILY 100CPR,1,0.33,0,0.00,0.00,,0-vendite,t,1,0
982760377,GYNO PLUS 10CPS VAG,1,0.33,0,0.00,0.00,,0-vendite,t,4,0
974109326,CERAVE CREMA IDRATANTE 340G,1,0.33,0,0.00,0.00,,0-vendite,t,5,12
988951644,PHYSIOMANCE LIPIDEOL3 60CPR,1,0.33,0,0.00,0.00,,0-vendite,t,2,0
952099986,EUPHIDRA PALETTE VISO ARM SOL,1,0.33,0,0.00,0.00,,0-vendite,t,1,4
909814194,INTIMO VEGETALE 250ML,1,0.33,0,0.00,0.00,,0-vendite,t,1,0
982772954,TRICOREAL PLUS 30CPS,1,0.33,0,0.00,0.00,,0-vendite,t,2,0
934885942,PERNALIFE DOL GEL 125ML,1,0.33,0,0.00,0.00,,0-vendite,t,1,0
980287066,DEFENCE HAIR SH EXTRA DEL200ML,1,0.33,0,0.00,0.00,,0-vendite,f,99,23
949869349,MACULVIST 20CPR RIVESTITE,1,0.33,0,0.00,0.00,,0-vendite,t,4,0
973719723,NUTRIAGE DAY 50ML,1,0.33,0,0.00,0.00,,0-vendite,t,3,0
935864850,UROLIN OROSOLUBILE 14BUST,1,0.33,0,0.00,0.00,,0-vendite,t,3,0
905604892,BILANCIA DIGIT DIET,1,0.33,0,0.00,0.00,,0-vendite,t,1,0
951272968,AVENE GOMMAGE DELICATO VIS50ML,1,0.33,0,0.00,0.00,,0-vendite,f,99,1
950945598,IDRYADREN 300ML,1,0.33,0,0.00,0.00,,0-vendite,t,1,0
979323060,TRIDERM INTIMATE ANTIBATT500ML,1,0.33,0,0.00,0.00,,0-vendite,t,4,4
988166029,CARDIORITMON COLESTEROLO 60CPS,1,0.33,0,0.00,0.00,,0-vendite,f,39,0
981079801,FORMULA Z BRACCIALETTO BABY,1,0.33,0,0.00,0.00,,0-vendite,t,3,0
949703831,FISIOCREM CREAM ACTIVE 250ML,1,0.33,3.00,56.34,0.00,1,inc-marg>100,f,3,0
987411764,RILASTIL SUN SPF50+ VELVET COL,1,0.33,0,0.00,0.00,,0-vendite,t,1,2
952050678,GASTROVOM 30STICK PACK,1,0.33,0,0.00,0.00,,0-vendite,t,1,0
937494502,CONVEEN OPTIMA GUAINA 35MM 30P,1,0.33,0,0.00,0.00,,0-vendite,f,14,0
984147696,FOLERVID 30CPS,1,0.33,0,0.00,0.00,,0-vendite,t,5,0
909301766,"CER PRONTEX STRETCH 500X2,5CM",1,0.33,0,0.00,0.00,,0-vendite,f,99,0
980458374,OROZYME GEL IGIENE ORALE 70G,1,0.33,0,0.00,0.00,,0-vendite,t,3,0
973652151,CISTOPIU' 30CPR,1,0.33,0,0.00,0.00,,0-vendite,t,5,0
990408027,FIORI D'ARANCIO BEAUTY POCHET,1,0.33,0,0.00,0.00,,0-vendite,t,1,8
988148918,GASTRONYX PLUS 30CPR OROSOLUBI,1,0.33,0,0.00,0.00,,0-vendite,t,1,0
951097272,ALOPECY 100ML NF,1,0.33,0,0.00,0.00,,0-vendite,t,3,0
923022735,CERAMOL BETA PASTA ALL'ACQUA,1,0.33,0,0.00,0.00,,0-vendite,f,11,0
924296332,SAUBER AREG 140 MICR NE 4,1,0.33,0,0.00,0.00,,0-vendite,t,2,2
931005957,ELLEFFE 100 PLUS 20CPR,1,0.33,0,0.00,0.00,,0-vendite,t,2,2
982532412,ADERMA A-D BIOLOGY CR RICC40ML,1,0.33,0,0.00,0.00,,0-vendite,t,2,1
931577922,TERMODREN 300ML,1,0.33,0,0.00,0.00,,0-vendite,t,1,0
951223849,SALISANI POLVERE SOLUBILE 360G,1,0.33,0,0.00,0.00,,0-vendite,t,4,0
975201361,MULTIVITALEX 30CPR,1,0.33,0,0.00,0.00,,0-vendite,t,1,0
951880297,MIAMO SKIN DEFENSE 30 STICK,1,0.33,0,0.00,0.00,,0-vendite,t,8,17
980813303,CAPITAL LATTE SOLARE ECO-SO50+,1,0.33,0,0.00,0.00,,0-vendite,t,1,1
979321318,DERMOVITAMINA MICO SMALTO NUDE,1,0.33,0,0.00,0.00,,0-vendite,t,1,4
990460077,CH EASY START SET SIL AZZ 6M+,1,0.33,0,0.00,0.00,,0-vendite,t,1,0
923302374,GEHWOL MED CREMA ANTI CALLOSIT,1,0.33,0,0.00,0.00,,0-vendite,f,23,0
951866375,DRENLIFE LINFODREN SUMM30STICK,1,0.33,0,0.00,0.00,,0-vendite,t,1,0
951864697,PRONTEX XTHERM TERMO DIGITALE,1,0.33,0,0.00,0.00,,0-vendite,t,2,0
909468631,SABAL HOMAC 30ML GTT HEEL,1,0.33,0,0.00,0.00,,0-vendite,f,99,0
979798485,CICAVIT+ LEVRES 10G,1,0.33,0,0.00,0.00,,0-vendite,t,5,14
940095348,SARCOACT 30BUST,1,0.33,0,0.00,0.00,,0-vendite,f,99,0
990540433,ARKOCAPSULE PARTENIO BIO 45CPS,1,0.33,0,0.00,0.00,,0-vendite,t,1,0
950425658,SANOTINT SHAMPOO RICCI VIVACI,1,0.33,0,0.00,0.00,,0-vendite,t,1,0
978862326,ANTHELIOS SHAKA SPRAY 30 200ML,1,0.33,0,0.00,0.00,,0-vendite,f,99,0
987378609,PEVIX 20BUST,1,0.33,0,0.00,0.00,,0-vendite,t,1,0
930494152,SAUGELLA ATTIVA DET 500ML,1,0.33,0,0.00,0.00,,0-vendite,t,5,11
990039481,"DYNAMO F 20STICK 2,5G",1,0.33,0,0.00,0.00,,0-vendite,f,10,0
926431976,MTHFR-P PLUS 30CPR,1,0.33,0,0.00,0.00,,0-vendite,t,5,0
943941839,TARANIS PREPARATO DOLCI 300G,1,0.33,0,0.00,0.00,,0-vendite,t,1,0
907146777,COLESTAT 30CPS,1,0.33,0,0.00,0.00,,0-vendite,f,22,0
950956843,PEPTIVET 4 SOL OTOLOGICA 50ML,1,0.33,0,0.00,0.00,,0-vendite,t,4,0
924860935,MICROLIFE NO CONTACT NC150,1,0.33,0,0.00,0.00,,0-vendite,t,1,0
951375880,M-AID CEROTTO NAS 56X17MM 30PZ,1,0.33,0,0.00,0.00,,0-vendite,t,5,0
989691112,BETOTAL ENERGY BOOM 20STICK,1,0.33,0,0.00,0.00,,0-vendite,f,17,9
971104993,ORG PH HYDRATE SHAMPOO 250ML,1,0.33,0,0.00,0.00,,0-vendite,t,1,0
988783217,AVENE DERMABSOLU CREMA GG NF,1,0.33,0,0.00,0.00,,0-vendite,f,8,2
980644241,MARKEUTICALS FOCAL 45CPR,1,0.33,0,0.00,0.00,,0-vendite,t,1,0
939393171,PODIDRAL FAS CR RAGADI PIED100,1,0.33,0,0.00,0.00,,0-vendite,t,5,0
944889068,PROGENY PET 60BUST,1,0.33,0,0.00,0.00,,0-vendite,t,2,0
989332907,AVENE SOL FLUIDO A/IMPER SPF50,1,0.33,0,0.00,0.00,,0-vendite,f,99,7
903705919,EUDREN CREMA 200ML,1,0.33,0,0.00,0.00,,0-vendite,t,1,0
924284452,BIRDETOX 2SIR 15ML,1,0.33,0,0.00,0.00,,0-vendite,t,1,0
951862871,BIOCLIN DEO 24H ROLL-ON NF PRO,1,0.33,0,0.00,0.00,,0-vendite,t,1,7
904180231,DAUMFIX ORTESI POLLICE DX M,1,0.33,0,0.00,0.00,,0-vendite,t,1,0
975189313,FLAVIS CAKE MIX 500G,1,0.33,0,0.00,0.00,,0-vendite,t,4,0
986988158,MARKEUTICALS MENOCORT 60BUST,1,0.33,0,0.00,0.00,,0-vendite,t,1,0
989036316,LOVANEX 20STICK PACK,1,0.33,0,0.00,0.00,,0-vendite,t,1,0
943950269,VARISAN ETHERE1015 ATPC PO2C,1,0.33,0,0.00,0.00,,0-vendite,t,1,0
975083484,ACTIVE MEMORY SOLETTA BAMBOO42,1,0.33,0,0.00,0.00,,0-vendite,t,1,0
989260892,KELUAL SQUANORM LOZIONE 200ML,1,0.33,0,0.00,0.00,,0-vendite,t,2,1
975083419,ACTIVE MEMORY SOLETTA BAMBOO36,1,0.33,0,0.00,0.00,,0-vendite,t,1,0
900976364,CALCIO MAGNESIO 500-250 MG,1,0.33,0,0.00,0.00,,0-vendite,t,1,0
970487308,ACTIFLOG 20CPR,1,0.33,0,0.00,0.00,,0-vendite,t,2,0
931029110,ERGYDESMODIUM 250ML,1,0.33,0,0.00,0.00,,0-vendite,t,5,0
970655092,SIG 701 AG-MOSX + ML PA CRIS,1,0.33,0,0.00,0.00,,0-vendite,t,1,0
984505279,REKORDSAN GUANCIALE MEM SIRIO,1,0.33,0,0.00,0.00,,0-vendite,t,3,0
950127480,C20 BIOTIC RECHARGEABLE 50ML,1,0.33,0,0.00,0.00,,0-vendite,t,5,3
945172524,EUPH CR LENIT CUOIO CAP GR,1,0.33,0,0.00,0.00,,0-vendite,t,1,5
981389392,DERMON IDRATANTE CORPO EXTRA,1,0.33,0,0.00,0.00,,0-vendite,t,4,0
908146602,BIOLASTIC SHAMPOO SPECIALE,1,0.33,0,0.00,0.00,,0-vendite,t,1,0
976034025,LACTOSOLUTION 15000 15CPR PORT,1,0.33,0,0.00,0.00,,0-vendite,t,3,0
940274741,LACTIPLUS DLR 30CPS VEGETALI,1,0.33,0,0.00,0.00,,0-vendite,f,11,0
987747831,LIFTACTIV B3 CREMA NTT RETINOL,1,0.33,0,0.00,0.00,,0-vendite,t,3,2
985670633,AUSILIUM CREMA 50ML,1,0.33,0,0.00,0.00,,0-vendite,t,2,0
950226302,ORALB POWER REFILL IO U/BI 3PZ,1,0.33,0,0.00,0.00,,0-vendite,t,1,1
988909988,DARFAX TEND 28BUST,1,0.33,0,0.00,0.00,,0-vendite,f,14,0
931127993,VALDISPERT GOCCE SONNO RAP30ML,1,0.33,0,0.00,0.00,,0-vendite,t,1,10
936048115,EUPH COLORPRO XD600 BIO SC,1,0.33,0,0.00,0.00,,0-vendite,f,99,4
923289324,BEURER BM40 MISURATORE PRESS,1,0.33,0,0.00,0.00,,0-vendite,t,1,0
986116453,MEDI KL2 COT MO DX LU 5 Y66310,1,0.33,0,0.00,0.00,,0-vendite,t,1,0
933870014,MELURESIO 14BUST,1,0.33,0,0.00,0.00,,0-vendite,f,13,0
927178095,DERMON INTIMO ATTIVO 250ML,1,0.33,0,0.00,0.00,,0-vendite,f,99,0
947073920,RILASTIL SUN SYS WT COL SPF50+,1,0.33,0,0.00,0.00,,0-vendite,t,3,5
940555651,ARNICA VITI GEL 90% 200ML,1,0.33,0,0.00,0.00,,0-vendite,t,1,0
980121899,COLLARE CERVICALE BIV VISTA,1,0.33,0,0.00,0.00,,0-vendite,t,1,0
926517234,VIGORSKIN K1 PLUS CREMA 100ML,1,0.33,0,0.00,0.00,,0-vendite,t,3,0
924274083,REDERMIC RETINOL OCCHI 15ML,1,0.33,0,0.00,0.00,,0-vendite,t,4,3
941516647,AMBLICOL 15FL 10ML,1,0.33,0,0.00,0.00,,0-vendite,t,3,0
949645372,DR VITI DRENANTE MIRT 28STICK,1,0.33,0,0.00,0.00,,0-vendite,t,1,0
911056481,TACHI MU GOCCE 30ML,1,0.33,0,0.00,0.00,,0-vendite,t,1,0
901704650,UNICO BAGNO NEON BB 10BUST 15G,1,0.33,0,0.00,0.00,,0-vendite,t,3,0
906626712,DETEROL BAGNODOCCIA BIFASICO,1,0.33,0,0.00,0.00,,0-vendite,t,4,0
903528735,VARISAN LUILEI COT1015 ADGR4,1,0.33,0,0.00,0.00,,0-vendite,f,99,0
987413061,CELL PROTECT OLIO INVISIBILE,1,0.33,0,0.00,0.00,,0-vendite,f,30,0
986464826,BIOKILL PIRETRO NATURALE 1L,1,0.33,0,0.00,0.00,,0-vendite,t,2,0
912258427,MEDI 21 UOMO G.COTO NER 3 2150,1,0.33,0,0.00,0.00,,0-vendite,t,1,0
913205314,ELICRYSO OLIO DET INTIMO 100ML,1,0.33,0,0.00,0.00,,0-vendite,t,2,0
949970697,DR VITI COLLAGENE CR CRP 200ML,1,0.33,0,0.00,0.00,,0-vendite,t,4,0
978867909,LIMBICA 14BUST,1,0.33,0,0.00,0.00,,0-vendite,t,2,0
989634098,FORDERMA IDRATANTE 180CPS,1,0.33,0,0.00,0.00,,0-vendite,t,1,0
908579004,KLOMA STIM LOZIONE 100ML,1,0.33,0,0.00,0.00,,0-vendite,t,1,0
986967521,XAMAMINA REFLUSSO 25BUST,1,0.33,0,0.00,0.00,,0-vendite,t,20,3
950456362,SPIRIAL ROLL ON REFILL 50ML,1,0.33,0,0.00,0.00,,0-vendite,t,3,3
951484928,ICTYANE CREMA EMOL 400ML PS,1,0.33,0,0.00,0.00,,0-vendite,t,1,2
901179022,TIMODORE POLVERE 250ML,1,0.33,0,0.00,0.00,,0-vendite,f,15,20
971010653,BIO ESSENZE ALLUME POTASSIO SP,1,0.33,0,0.00,0.00,,0-vendite,t,5,0
982138671,NKLIFE AHCC 150ML,1,0.33,0,0.00,0.00,,0-vendite,t,1,0
974890612,GARZA MEDS FARMACTIVE ST 10X10,1,0.33,0,0.00,0.00,,0-vendite,t,1,0
982475269,SERENITY MUT SD SENS MX M 15PZ,1,0.33,0,0.00,0.00,,0-vendite,t,5,0
931524615,PIROFER FORTE 30CPR,1,0.33,0,0.00,0.00,,0-vendite,t,4,0
982913269,LE GOCCE DI OLIMPO RIL 50ML,1,0.33,0,0.00,0.00,,0-vendite,t,3,0
951862945,BIOCLIN DEO CONTR VAPO NF PRO,1,0.33,0,0.00,0.00,,0-vendite,t,2,52
941970802,ANIVAL BETA 30CPR,1,0.33,0,0.00,0.00,,0-vendite,t,4,0
989980937,METAFOLIC+ 30CPS,1,0.33,0,0.00,0.00,,0-vendite,t,3,0
945102162,CREMA CORPO BERGAMOTTO PATCH,1,0.33,0,0.00,0.00,,0-vendite,t,2,3
922391154,CORSETTO MILLERIGHE FLEXO' XXL,1,0.33,0,0.00,0.00,,0-vendite,t,1,0
935572154,OMEGA RX3 1200 100+20PRL OMAGG,1,0.33,0,0.00,0.00,,0-vendite,t,3,0
990376598,POLIDENT APPARECCHI&BITE 66CPR,1,0.33,0,0.00,0.00,,0-vendite,f,22,0
987881291,CURAPROX ALIGNER FOAM 40ML,1,0.33,0,0.00,0.00,,0-vendite,t,2,0
934036791,AUSILIUM NAC 14FL 10ML,1,0.33,0,0.00,0.00,,0-vendite,t,2,0
970932012,SIG HLM AD LL PC MARI,1,0.33,0,0.00,0.00,,0-vendite,t,1,0
946450398,BIANCO D'AMBRA EDP 100ML,1,0.33,0,0.00,0.00,,0-vendite,f,7,0
040657025,FASTUM ANTIDOLORIFICO*1% 100G,1,0.33,0,0.00,0.00,,0-vendite,f,19,2
984023046,NOCOLESTENO' 60CPS,1,0.33,0,0.00,0.00,,0-vendite,t,3,0
988066217,BIOSCALIN PRO DENSITY CERA MOD,1,0.33,0,0.00,0.00,,0-vendite,t,4,0
979097538,HYALO GYN GEL 10APPL MONODOSE,1,0.33,0,0.00,0.00,,0-vendite,f,8,23
980912214,SILVANA EMOTIONAL BAGNO EFF SO,1,0.33,0,0.00,0.00,,0-vendite,t,4,0
901538823,VANIGLIA/ZENZERO PROFUMO 50ML,1,0.33,0,0.00,0.00,,0-vendite,t,7,3
950991923,GLIALIA SOSPENSIONE ORAL20BUST,1,0.33,0,0.00,0.00,,0-vendite,f,5,0
980770299,GIBAUD ORTHO LOMBOGIB LADY21 1,1,0.33,0,0.00,0.00,,0-vendite,t,5,0
990559775,VITABENIMMUNO BABY GOCCE 12ML,1,0.33,0,0.00,0.00,,0-vendite,t,3,0
974004537,FRESUBIN 5KCAL SHOT NEUTRAL,1,0.33,0,0.00,0.00,,0-vendite,t,5,0
979276577,TRIDERM AK TRATT PREV SPF50+,1,0.33,0,0.00,0.00,,0-vendite,f,4,4
950851939,NUTRIAGE GEL CREAM 50ML,1,0.33,0,0.00,0.00,,0-vendite,f,13,0
987815863,TENA SLIP PLUS PANN XL 30PZ,1,0.33,0,0.00,0.00,,0-vendite,f,17,0
985830746,TOLERIANE FOAMING GEL CLEANSER,1,0.33,0,0.00,0.00,,0-vendite,f,22,0
950424008,SANI DRY PANN INCONT MUT XL 10,1,0.33,0,0.00,0.00,,0-vendite,t,3,0
926674704,CRESKO 10F,1,0.33,0,0.00,0.00,,0-vendite,t,1,0
952120018,ORALB IO2 SPIDERMAN TRAVEL,1,0.33,0,0.00,0.00,,0-vendite,t,2,2
906068642,BURRO KARITE 100G,1,0.33,0,0.00,0.00,,0-vendite,f,9,0
940085160,FOTOULTRA ACTIVE UNIFY SPF50+,1,0.33,0,0.00,0.00,,0-vendite,t,5,0
990648255,TREHAPAN GOCCE OCULARI 10ML,1,0.33,0,0.00,0.00,,0-vendite,t,1,0
989011945,CREMA PROTEICA 21% PROT NOCC,1,0.33,0,0.00,0.00,,0-vendite,t,1,0
901634446,LADYGLORIA 24 COL 240 DAINO 2,1,0.33,0,0.00,0.00,,0-vendite,t,2,0
908682293,LABCATAL NUTRITION CU/AG/AU GT,1,0.33,0,0.00,0.00,,0-vendite,t,1,0
037184049,DICLOREUM UNIDIE*8CER 136MG24H,1,0.33,0,0.00,0.00,,0-vendite,f,99,4
924995071,VIGORPET GATTI PASTA 50G,1,0.33,0,0.00,0.00,,0-vendite,t,4,0
902711581,DINABASE 7 ADESIVO DENTIERE,1,0.33,0,0.00,0.00,,0-vendite,t,5,0
987221456,CUMAVIS CREMA 100ML,1,0.33,0,0.00,0.00,,0-vendite,t,4,0
990648166,IRYLAC LACRIMA ARTIFICIALE10ML,1,0.33,0,0.00,0.00,,0-vendite,t,1,0
909731996,GLORIAM GAMB STRO361 MX MLU,1,0.33,0,0.00,0.00,,0-vendite,t,1,0
972532232,CERAMOL FLUIDO BETA COMPLEX,1,0.33,0,0.00,0.00,,0-vendite,f,27,0
904092222,ORIONE OK PED G100 SEPAR ALL L,1,0.33,0,0.00,0.00,,0-vendite,f,99,0
911158083,URO GUAINA LATTICE 30MM 30PZ,1,0.33,0,0.00,0.00,,0-vendite,t,1,0
924873247,NKLIFE AHCC 60CPS,1,0.33,0,0.00,0.00,,0-vendite,t,4,0
972353965,ALGIOMEGA 3 120PRL,1,0.33,0,0.00,0.00,,0-vendite,t,5,0
900520848,CUFFIA TERMICA CHEMIOTERAPIA,1,0.33,0,0.00,0.00,,0-vendite,t,4,0
949499952,PROFUMI CASA FLORA CAMP SPR150,1,0.33,0,0.00,0.00,,0-vendite,t,3,0
952100093,EUPHIDRA ROSSETTO LUM COUTURE,1,0.33,0,0.00,0.00,,0-vendite,t,1,3
903923617,VIGORPET CANI 20CPR,1,0.33,0,0.00,0.00,,0-vendite,t,3,0
951043494,HYALU B5 CREMA RICARICA 50ML,1,0.33,0,0.00,0.00,,0-vendite,t,5,3
930517901,MULTIVITAMIX S/ZUCCH 30CPR EFF,1,0.33,0,0.00,0.00,,0-vendite,f,8,6
944950221,SKINPROJECT HYAL GEL COMPLEX,1,0.33,0,0.00,0.00,,0-vendite,t,1,0
020702080,MAALOX PLUS*30CPR MAST,1,0.33,0,0.00,0.00,,0-vendite,f,13,45
971678483,JUNIPERUS C GETTI MG 60ML,1,0.33,0,0.00,0.00,,0-vendite,t,1,0
987411749,RILASTIL SUN SPF50+ AGE REP CO,1,0.33,0,0.00,0.00,,0-vendite,t,2,3
951455132,MAGNEVIS 400PAST,1,0.33,0,0.00,0.00,,0-vendite,t,2,0
926084841,MICO LEO 70CPS,1,0.33,0,0.00,0.00,,0-vendite,t,3,0
985516297,REVILLA 320 30PRL,1,0.33,0,0.00,0.00,,0-vendite,t,3,0
947225367,EUPHIDRA MASCHERA RESTORE+75ML,1,0.33,0,0.00,0.00,,0-vendite,t,3,4
973953944,PROSTAMOL 60CPS MOLLI,1,0.33,0,0.00,0.00,,0-vendite,f,21,6
972592962,PILORYAL 20ORAL STICK 15ML,1,0.33,0,0.00,0.00,,0-vendite,f,23,0
923360364,NEVERTIN 15CPS,1,0.33,0,0.00,0.00,,0-vendite,t,1,0
989669787,DEFENCE SUN 30 LATTE SPR 200ML,1,0.33,0,0.00,0.00,,0-vendite,f,99,4
926429958,MEDI ANTITROMBO H915 AGG S DX,1,0.33,0,0.00,0.00,,0-vendite,t,3,0
951869270,LOMBOGIB WORK H21 TG01,1,0.33,0,0.00,0.00,,0-vendite,t,3,0
980817439,SERENITY TRAV RELAX 60X90 30PZ,1,0.33,0,0.00,0.00,,0-vendite,t,1,0
978267843,MATT PHARMA SERENOA PROST20CPS,1,0.33,0,0.00,0.00,,0-vendite,t,3,0
979605464,COMPEED ALLUCE VALGO 5PZ,1,0.33,0,0.00,0.00,,0-vendite,f,99,12
927385219,CONVEEN OPTIMA GUAINA 28MM 30P,1,0.33,0,0.00,0.00,,0-vendite,f,99,0
903131997,MICRO TEC COMPLEX SHAMPOO200ML,1,0.33,0,0.00,0.00,,0-vendite,t,1,0
913588000,GINOCCHIERA ROT GENUFIT 15 M,1,0.33,0,0.00,0.00,,0-vendite,t,2,0
989252325,CERAVE DETERGENTE IMPERF 473ML,1,0.33,0,0.00,0.00,,0-vendite,f,35,1
950376018,ATODIM SPRAY 30ML 500UI,1,0.33,0,0.00,0.00,,0-vendite,t,3,0
979204144,PROXALIPID 30CPS,1,0.33,0,0.00,0.00,,0-vendite,t,1,0
940472071,"BIOKAP NUTRIC DEL RAP 7,0 BIO",1,0.33,0,0.00,0.00,,0-vendite,t,3,0
943330264,MASSIGEN SONNO GUMMY 60CARAM,1,0.33,0,0.00,0.00,,0-vendite,f,20,0
009115027,FITOSTIMOLINE*CREMA 32G 15%,1,0.33,0,0.00,0.00,,0-vendite,f,27,25
972380909,BAGNOSCHIUMA ULTRADELICATO,1,0.33,0,0.00,0.00,,0-vendite,f,99,0
944099769,IDRASTIN DETERGENTE STRUCCANTE,1,0.33,0,0.00,0.00,,0-vendite,t,2,0
921895645,IDEAL SOLEIL VISO DRY TOUCH 30,1,0.33,0,0.00,0.00,,0-vendite,t,3,4
936065059,DERMOVITAMINA CALM CR IDR250ML,1,0.33,0,0.00,0.00,,0-vendite,f,15,7
951175900,SNS1 OP 30BUST,1,0.33,0,0.00,0.00,,0-vendite,t,1,0
938758214,CER'8 FAMILY SPRAY 100ML,1,0.33,0,0.00,0.00,,0-vendite,t,1,0
971299944,PERIO AID INTENSIVE CARE GEL,1,0.33,0,0.00,0.00,,0-vendite,t,1,0
951501408,ADCMYFOLIC 30CPR,1,0.33,0,0.00,0.00,,0-vendite,t,1,0
927124103,HEPILOR COLLUTORIO 150ML,1,0.33,0,0.00,0.00,,0-vendite,f,22,0
989056015,SUPRADYN RICARICA PRO B12 10FL,1,0.33,0,0.00,0.00,,0-vendite,f,99,7
931375695,PAPAVERO SOAVE PROFUMO 100ML,1,0.33,0,0.00,0.00,,0-vendite,t,7,3
951343856,NERADIN 112CPS,1,0.33,0,0.00,0.00,,0-vendite,f,10,0
989855438,RHYNOGEN SOL NAS ISO 2SAC+2DEF,1,0.33,0,0.00,0.00,,0-vendite,t,1,0
952052114,NOVA ENTERO 4MILIARDI 10FL,1,0.33,0,0.00,0.00,,0-vendite,t,3,0
940562907,DERMAFRESH 24H P/NORM ROLL50ML,1,0.33,0,0.00,0.00,,0-vendite,t,1,7
979097565,TONIMER LAB PANTHEXYL BABY SPR,1,0.33,0,0.00,0.00,,0-vendite,t,1,1
951098540,MYOCARE 30BUST,1,0.33,0,0.00,0.00,,0-vendite,t,1,0
926084880,MICOCORD 70CPS,1,0.33,0,0.00,0.00,,0-vendite,t,5,0
952099859,EUPHIDRA OMBRETTO CREMA BLU,1,0.33,0,0.00,0.00,,0-vendite,t,2,3
936005382,BALAMAL GEL SAPONE INTIMO250ML,1,0.33,0,0.00,0.00,,0-vendite,t,2,0
982505265,XEODERM POLVERE 50G DM,1,0.33,0,0.00,0.00,,0-vendite,t,1,0
938199142,PROPOLBERRY 3P 30CPR,1,0.33,0,0.00,0.00,,0-vendite,t,4,0
977667916,PEABROLIN DOL 60CPS,1,0.33,0,0.00,0.00,,0-vendite,t,1,0
042028023,OKITASK*OS GRAT 20BUST 40MG,1,0.33,0,0.00,0.00,,0-vendite,f,99,26
984966958,FOOTCARE SEPAR DITA DOPP S C10,1,0.33,0,0.00,0.00,,0-vendite,f,99,0
952099277,EUPHIDRA BB CREMA COLOR BEIGE,1,0.33,0,0.00,0.00,,0-vendite,t,1,4
950069955,RILASTIL XEROLACT OLIO DET,1,0.33,0,0.00,0.00,,0-vendite,t,2,0
925931002,MEDI KL1 PLUS/GAMBAL CO 2 102,1,0.33,0,0.00,0.00,,0-vendite,t,4,0
943949420,COLPLATIR 30CPR RIVESTITE,1,0.33,0,0.00,0.00,,0-vendite,t,5,0
926574613,CH ANTIZANZ ULTRASUONI SPINA,1,0.33,0,0.00,0.00,,0-vendite,t,4,2
932236918,NIGHT&DAY RIALZO ANTISHOCK S,1,0.33,0,0.00,0.00,,0-vendite,t,1,0
903438861,SINEAMIN PIPE RIGATE 500G,1,0.33,0,0.00,0.00,,0-vendite,t,1,0
951553003,PHYSIOMER SPRAY NAS GETTO NORM,1,0.33,0,0.00,0.00,,0-vendite,f,8,4
988388486,MUSTELA VANITY SET 2024,1,0.33,0,0.00,0.00,,0-vendite,t,5,1
922364068,DERCOS SHAMPO ANTIFORF SENSITI,1,0.33,0,0.00,0.00,,0-vendite,f,99,13
950497952,TRICOVEL MIRNA EXOSOMES GEL4TU,1,0.33,0,0.00,0.00,,0-vendite,f,13,0
984505661,CURALIFE GRANI LUNGA VITA 35G,1,0.33,0,0.00,0.00,,0-vendite,t,4,0
983533821,XERIAL 30 GEL CREME 75ML,1,0.33,0,0.00,0.00,,0-vendite,f,22,0
975454986,CONNETTIVINASILVER PLUS SPRAY,1,0.33,0,0.00,0.00,,0-vendite,f,11,2
945102111,DOCCIA GEL NEROLI VETIVER400ML,1,0.33,0,0.00,0.00,,0-vendite,t,1,9
974404978,SUN SECURE ECR MI CR VISO 50ML,1,0.33,0,0.00,0.00,,0-vendite,t,1,2
984569893,"SHINE ON HSPLUS CASTANO SC3,00",1,0.33,0,0.00,0.00,,0-vendite,t,5,7
982526966,NUTRIMIND 60CPS,1,0.33,0,0.00,0.00,,0-vendite,t,1,0
903594745,BIOSKIN PROT ALLUCE 1PZ,1,0.33,0,0.00,0.00,,0-vendite,t,1,0
989011883,GRANOLA 20% PROTEIN BROW&CHERR,1,0.33,0,0.00,0.00,,0-vendite,t,1,19
905169722,ULTRA TAN 30CPS,1,0.33,0,0.00,0.00,,0-vendite,t,1,0
990647048,CRIOTERMICA CRIOGEL 100ML,1,0.33,0,0.00,0.00,,0-vendite,t,3,0
903529016,VARISAN LUILEI COT1520 ADNE4,1,0.33,0,0.00,0.00,,0-vendite,t,5,0
986904504,GIBAUD FASCIA POSTOP CLA H30 2,1,0.33,0,0.00,0.00,,0-vendite,t,1,0
933462184,VIRIPROST 30PRL,1,0.33,0,0.00,0.00,,0-vendite,t,1,0
904665534,DER-MYC MOUSSE IDR CUTE MUCOSE,1,0.33,0,0.00,0.00,,0-vendite,t,2,0
909721298,LADYGLORIA 18 COLGEST 140 SAH4,1,0.33,0,0.00,0.00,,0-vendite,t,1,0
977404704,CURCUMA&PIPERINA PLUS RAI60CPS,1,0.33,0,0.00,0.00,,0-vendite,t,1,0
988751018,OTI DESOX 250ML,1,0.33,0,0.00,0.00,,0-vendite,t,1,0
984910568,PRIMECOL 30CPR GASTRORESISTENT,1,0.33,0,0.00,0.00,,0-vendite,t,1,0
906093707,BIOGEL CAPPUCCIO GR BLIST 1PZ,1,0.33,0,0.00,0.00,,0-vendite,t,3,0
952099505,EUPHIDRA EYE LINER PENNAR MAR,1,0.33,0,0.00,0.00,,0-vendite,t,1,4
982478517,JOVENGEN NATURINCAS COLLA 390G,1,0.33,0,0.00,0.00,,0-vendite,f,13,0
947236853,IPPOCASTANO GEL 100ML,1,0.33,0,0.00,0.00,,0-vendite,f,19,0
974895702,ERAFER+++ 30BUST,1,0.33,0,0.00,0.00,,0-vendite,t,1,0
902092143,SECURDRAIN VIA SACCA UR750 T10,1,0.33,0,0.00,0.00,,0-vendite,t,1,0
925605610,PODIFER60 PLANTARE AMMORT 37,1,0.33,0,0.00,0.00,,0-vendite,t,1,0
922262567,NEURONEV COMPLEX 30CPR,1,0.33,0,0.00,0.00,,0-vendite,t,4,0
984520332,DERMACOTONE PANN MUT L 12PZ,1,0.33,0,0.00,0.00,,0-vendite,t,5,0
936048089,EUPH COLORPRO XD530 CAST D,1,0.33,0,0.00,0.00,,0-vendite,f,99,4
972778169,KRIN UP MELANINE 60CPS,1,0.33,0,0.00,0.00,,0-vendite,t,3,0
906280514,STRUVA 23 H917 AG BIANCO 3,1,0.33,0,0.00,0.00,,0-vendite,t,1,0
933784783,LONGLIFE ZINC 25MG 100CPR,1,0.33,0,0.00,0.00,,0-vendite,f,34,0
926116815,ANTITROMBO SOLIDEA CALZA BI XL,1,0.33,0,0.00,0.00,,0-vendite,t,3,0
924546221,CARPINO BI 500ML ANALCO GEM10+,1,0.33,0,0.00,0.00,,0-vendite,t,1,0
977254147,EQUIMEL 40CPS,1,0.33,0,0.00,0.00,,0-vendite,t,1,0
950836647,AVENE HYALURON A PROC CONT15ML,1,0.33,0,0.00,0.00,,0-vendite,t,1,4
980817340,THOTALE UNGHIE E CAPELLI 30CPR,1,0.33,0,0.00,0.00,,0-vendite,f,5,0
984845925,VITAMINA D3 IBSA 1000UI 30FILM,1,0.33,0,0.00,0.00,,0-vendite,f,19,16
925369136,THROMBOSIS 18 ISP GAMB XXLC,1,0.33,0,0.00,0.00,,0-vendite,t,1,0
989669585,MY BODY CREMA GEL DREN 400ML,1,0.33,0,0.00,0.00,,0-vendite,f,21,6
951246901,UTIVAL 28BUST,1,0.33,0,0.00,0.00,,0-vendite,t,5,0
970985519,HAIRGEN SHAMPOO 300ML,1,0.33,0,0.00,0.00,,0-vendite,t,1,0
973145838,CALCIOBASE 30STICK 10ML,1,0.33,0,0.00,0.00,,0-vendite,f,39,0
980860302,BETAMUNAL COD 15CPS,1,0.33,0,0.00,0.00,,0-vendite,f,4,0
925833105,LAUFWUNDER CR PELLI SCREP 75ML,1,0.33,0,0.00,0.00,,0-vendite,t,1,0
922553072,DRENAGILL30 30CPR,1,0.33,0,0.00,0.00,,0-vendite,t,2,0
938471683,SALI DI EPSOM POLVERE 500G,1,0.33,0,0.00,0.00,,0-vendite,t,3,0
951318221,"TWINS SILVER TRIPLE RO BL+3,50",1,0.33,0,0.00,0.00,,0-vendite,t,1,0
924829169,MELATONINA CLASSIC 75PAST,1,0.33,0,0.00,0.00,,0-vendite,t,1,0
978240885,CERAVE SA DETERGENTE LEV 236ML,1,0.33,0,0.00,0.00,,0-vendite,f,16,3
951365168,ANTHELIOS UVSPORT GEL-CR 200ML,1,0.33,0,0.00,0.00,,0-vendite,t,2,7
989888983,FLAMINAL FORTE 25G,1,0.33,0,0.00,0.00,,0-vendite,t,1,0
989401981,ZZZQUIL NASAL STRIPS26PZ,1,0.33,0,0.00,0.00,,0-vendite,t,3,4
977367921,NUTRIVA DIUREVAL 15STICK PACK,1,0.33,0,0.00,0.00,,0-vendite,t,1,0
986878371,PRANAROM DIGEST CONFORT 21CPR,1,0.33,0,0.00,0.00,,0-vendite,t,3,0
912532633,DEFENCE BODY ANTICELL 400ML,1,0.33,0,0.00,0.00,,0-vendite,t,4,0
951128154,ERACISTAL BIOTIC 5BUST,1,0.33,0,0.00,0.00,,0-vendite,t,1,0
979069770,PERIPLO PROFUMO 50ML,1,0.33,0,0.00,0.00,,0-vendite,t,9,3
979370436,SELTIR 600 30CPS,1,0.33,0,0.00,0.00,,0-vendite,t,1,0
983191457,AUTAN DEFENSE GENTLE 100ML,1,0.33,0,0.00,0.00,,0-vendite,t,5,36
950086076,EUCERIN SUN ACTINIC CONTROL NF,1,0.33,0,0.00,0.00,,0-vendite,f,16,0
921116327,SCUDOTEX GAMB 70 EX NATURE 4,1,0.33,0,0.00,0.00,,0-vendite,t,1,0
949993455,HDLGELAR FREE 45CPS,1,0.33,0,0.00,0.00,,0-vendite,f,12,0
951484296,GIN BOTANICALS SPRAY CRP SETIF,1,0.33,0,0.00,0.00,,0-vendite,t,6,5
971393917,B-VITAL TOTALE 30CPR RIVESTITE,1,0.33,0,0.00,0.00,,0-vendite,f,34,0
983747003,APROPOS TUSS SCIR BAMBINI150ML,1,0.33,0,0.00,0.00,,0-vendite,t,1,4
951106069,AVENE CLEANANCE GEL 400ML PS,1,0.33,0,0.00,0.00,,0-vendite,f,10,47
905025870,GHEE BIO BURRO CHIARIFICAT220G,1,0.33,0,0.00,0.00,,0-vendite,f,22,0
986112845,ASTENOMIRT CVS 20CPR,1,0.33,0,0.00,0.00,,0-vendite,t,5,0
920904253,SCUDOTEX GAMB 140 OPEN DAINO 5,1,0.33,0,0.00,0.00,,0-vendite,t,3,0
984632644,ROSA CANINA ESTR INTE TIT 500G,1,0.33,0,0.00,0.00,,0-vendite,t,4,0
940885522,AVENE COUVRANCE FDT NATURALE,1,0.33,0,0.00,0.00,,0-vendite,f,7,1
908595200,LADERM CREMA 30ML,1,0.33,0,0.00,0.00,,0-vendite,f,99,0
986878054,ZZZQUIL SONNO KIDS 30PAST,1,0.33,0,0.00,0.00,,0-vendite,f,99,18
931509044,FERFOLC GOCCE 15ML,1,0.33,0,0.00,0.00,,0-vendite,t,1,0
951498726,SWING LEGGINGS MASSAG BLACK 4,1,0.33,0,0.00,0.00,,0-vendite,f,99,0
904326562,SOMATIX 30CPS,1,0.33,0,0.00,0.00,,0-vendite,t,1,0
983746999,APROPOS TUSS SCIR ADULTI 150ML,1,0.33,0,0.00,0.00,,0-vendite,t,1,2
983679578,CERAVE CREMA VISO IDRAT SPF50,1,0.33,0,0.00,0.00,,0-vendite,f,99,5
938060187,NIGHT&DAY COMF SOLETTA 1PAIO,1,0.33,0,0.00,0.00,,0-vendite,t,1,0
972766873,FLORENTERO ACT 120CPR,1,0.33,0,0.00,0.00,,0-vendite,f,99,0
972276188,CLOG EVO TPR UNISEX BLUE 44-45,1,0.33,0,0.00,0.00,,0-vendite,t,2,0
927384673,GLORIAM MCR181 AT LU MX BEI XL,1,0.33,0,0.00,0.00,,0-vendite,t,1,0
985495225,KAMILA NIVES 70 LEGGINS MI 4,1,0.33,0,0.00,0.00,,0-vendite,t,1,0
980254510,FITOSTIMOLINE PLUS CREMA 32G,1,0.33,0,0.00,0.00,,0-vendite,t,1,32
913539161,SIG THR AG-MODX TS ML PA WHIT,1,0.33,0,0.00,0.00,,0-vendite,t,1,0
020942025,"TROFODERMIN*CR DERM30G 0,5+0,5",1,0.33,0,0.00,0.00,,0-vendite,t,2,8
934425784,DANASE 20CPR,1,0.33,0,0.00,0.00,,0-vendite,t,3,0
986904516,GIBAUD FASCIA POSTOP CLA H30 3,1,0.33,0,0.00,0.00,,0-vendite,t,1,0
970517518,FORDENT SUPERFIX CREMA AD 40ML,1,0.33,0,0.00,0.00,,0-vendite,t,3,0
979605449,COMPEED DURONI MEDIO 6PZ,1,0.33,0,0.00,0.00,,0-vendite,f,13,2
931581401,LADYGLORIA 18 AREG PU/A SAH 2,1,0.33,0,0.00,0.00,,0-vendite,t,1,0
971968134,DEODORANTE MINERAL AEROSOL,1,0.33,0,0.00,0.00,,0-vendite,t,1,3
906985282,CALCIO AD3 PLUS 40CPR APPETIB,1,0.33,0,0.00,0.00,,0-vendite,t,2,0
951992142,VERSET VALERIA 50ML 25,1,0.33,0,0.00,0.00,,0-vendite,f,10,0
977544954,PHYSIOMANCE ENZYM'UP 60CPS,1,0.33,0,0.00,0.00,,0-vendite,t,1,0
989974439,DISCRONORM 100ML,1,0.33,0,0.00,0.00,,0-vendite,t,1,0
972264636,BLEFASTOP GARZA COT PIE RX 28P,1,0.33,0,0.00,0.00,,0-vendite,t,1,0
940562541,EUPHIDRA AMIDO OLIO DET 400ML,1,0.33,0,0.00,0.00,,0-vendite,t,3,4
981937360,KERACNYL GEL DETERGENTE 400ML,1,0.33,0,0.00,0.00,,0-vendite,t,3,2
986921740,FLAVIS DELIZIA ALLE ERBE 130G,1,0.33,0,0.00,0.00,,0-vendite,t,4,0
934488154,BIOKAP B BALSAMO NUTR DISTRIC,1,0.33,0,0.00,0.00,,0-vendite,f,19,0
973291925,OSTEORAL 30CPS MOLLI,1,0.33,0,0.00,0.00,,0-vendite,f,16,0
902685991,TETRAFLOR 60CPR,1,0.33,0,0.00,0.00,,0-vendite,f,99,0
950453997,CITICOOS 1000 15FL,1,0.33,0,0.00,0.00,,0-vendite,t,5,0
040282016,ACTIFED DECONGEST*SPRAY 10ML,1,0.33,0,0.00,0.00,,0-vendite,f,19,60
951161710,DIURICELL STICK FRUT BOSCO20BU,1,0.33,0,0.00,0.00,,0-vendite,f,99,0
976399788,SERENITY PANN MUT CLASS EX XL,1,0.33,0,0.00,0.00,,0-vendite,t,2,0
973292954,ACNAID CE SAPONE LIQUIDO 300ML,1,0.33,0,0.00,0.00,,0-vendite,t,1,0
984867212,RILASTIL OLIO DERMATOL SPF50+,1,0.33,0,0.00,0.00,,0-vendite,f,12,12
990007193,DEO CLINICAL AEROSOL 125ML 26,1,0.33,0,0.00,0.00,,0-vendite,t,3,6
926420934,OLIPROX SCHIUMA 150ML CE,1,0.33,0,0.00,0.00,,0-vendite,t,1,0
971485370,QUINOA SOFFIATA 125G,1,0.33,0,0.00,0.00,,0-vendite,t,1,0
980287054,DEFENCE HAIR BALSAMO NUTR200ML,1,0.33,0,0.00,0.00,,0-vendite,t,1,9
913666119,FITOMATER SPACCAPIETRA 50ML,1,0.33,0,0.00,0.00,,0-vendite,t,3,0
951388848,FLORENTERO COMPLEX SOSP 60ML,1,0.33,0,0.00,0.00,,0-vendite,t,4,0
973916909,ARNICA BIANCARDI GEL EXF 200ML,1,0.33,0,0.00,0.00,,0-vendite,t,2,0
906701180,BASOSYN PLUS 120CPR,1,0.33,0,0.00,0.00,,0-vendite,t,1,0
926589452,MELATONINA DISPERT 120CPR,1,0.33,0,0.00,0.00,,0-vendite,t,1,11
985670645,AUSILIUM CREMA 15BUST,1,0.33,0,0.00,0.00,,0-vendite,t,1,0
982475271,SERENITY MUT SD SENS MX L 15PZ,1,0.33,0,0.00,0.00,,0-vendite,t,4,0
951884283,KLORANE SIERO CHININ CRES100ML,1,0.33,0,0.00,0.00,,0-vendite,t,3,0
924994736,PULSOXIMETRO OXY-3,1,0.33,0,0.00,0.00,,0-vendite,t,2,0
986475541,PROTEINE VEGETALI 270G,1,0.33,0,0.00,0.00,,0-vendite,t,4,0
986496964,MIGAPROS 30CPS,1,0.33,0,0.00,0.00,,0-vendite,t,1,0
986972002,"OCUTEARS ALO+0,4% PFMD 10ML",1,0.33,0,0.00,0.00,,0-vendite,f,99,0
949898086,VOGLIA SOLE SIERO GEL A/RUGHE,1,0.33,0,0.00,0.00,,0-vendite,t,1,0
975995059,URIAGE OLIO LAVANTE 1L,1,0.33,0,0.00,0.00,,0-vendite,t,26,0
947244618,CAROBIN PET FORTE 30CPR,1,0.33,0,0.00,0.00,,0-vendite,f,8,0
982932194,SILIPLUS 30CPR,1,0.33,0,0.00,0.00,,0-vendite,t,5,0
904045945,EUDREN 30CPS,1,0.33,0,0.00,0.00,,0-vendite,t,2,0
931029363,DONNADET MOUSSE DET 200ML,1,0.33,0,0.00,0.00,,0-vendite,t,1,0
985823741,FERRO IBSA 20FILM ORODISPERSIB,1,0.33,0,0.00,0.00,,0-vendite,f,99,29
989812173,EVAGYN GEL VAGINALE 8TUB 5ML,1,0.33,0,0.00,0.00,,0-vendite,t,4,0
951047620,BIOCLIN DEO CONTROL CREMA 30ML,1,0.33,0,0.00,0.00,,0-vendite,t,3,0
939197303,FITOBIOTUSS BB 150ML,1,0.33,0,0.00,0.00,,0-vendite,t,1,0
902520182,GRANI DI LUNGA VITA 33G,1,0.33,0,0.00,0.00,,0-vendite,t,2,0
977366842,MARKEUTICALS VOLUMEX SH 200ML,1,0.33,0,0.00,0.00,,0-vendite,t,1,0
934179957,CAMPEDEX-5 15CPR OVOIDALI,1,0.33,0,0.00,0.00,,0-vendite,t,1,0
935836751,ACNIBEN REPAIR IDRATANTE GEL,1,0.33,0,0.00,0.00,,0-vendite,f,29,0
945030726,VITICIST PROMO 14BUST+INTIMO,1,0.33,0,0.00,0.00,,0-vendite,t,2,0
988770273,EARBUDDY ROSSO,1,0.33,0,0.00,0.00,,0-vendite,t,1,0
901430052,HEMA PLEX FERRO ORGANICO 30TAV,1,0.33,0,0.00,0.00,,0-vendite,t,1,0
950851055,PROAURIS GOCCE AURICOLARI CANI,1,0.33,0,0.00,0.00,,0-vendite,t,2,0
983173461,SERENITY SAG SD SENS PLUS 30PZ,1,0.33,0,0.00,0.00,,0-vendite,t,1,0
902574211,IRIS PROFUMO 50ML,1,0.33,0,0.00,0.00,,0-vendite,f,16,5
950072924,NITRONAT SHAPE VANIGLIA 14BUST,1,0.33,0,0.00,0.00,,0-vendite,t,1,0
943245567,EUPH FILLER CR ANTIR RIDUC,1,0.33,0,0.00,0.00,,0-vendite,t,1,1
988303071,DENTIHEX GEL DENTALE ADES C/G,1,0.33,0,0.00,0.00,,0-vendite,t,1,0
950010722,ZEONAM MED 100CPS,1,0.33,0,0.00,0.00,,0-vendite,t,1,0
971130036,MEDI 18 GAMB P.AP SAB 3 2804PA,1,0.33,0,0.00,0.00,,0-vendite,f,99,0
900337510,AVENE COLD CREAM 100ML,1,0.33,0,0.00,0.00,,0-vendite,t,1,3
989679434,AGO EASY FARFALLA G21 100PZ,1,0.33,0,0.00,0.00,,0-vendite,t,1,0
986913756,SEBIUM HYDRA CLEANSER 200ML,1,0.33,0,0.00,0.00,,0-vendite,t,3,1
943315325,ASSONAL PEA 30CPR,1,0.33,0,0.00,0.00,,0-vendite,f,22,0
931660233,NUROLIT 30CPR,1,0.33,0,0.00,0.00,,0-vendite,t,1,0
971953029,NUTRIFREE FETTE BISC 225G,1,0.33,0,0.00,0.00,,0-vendite,f,99,0
901062846,LADYGLORIA 12 AREG 70 NE 2,1,0.33,0,0.00,0.00,,0-vendite,t,1,0
980771974,CLX WIPES 40SALV,1,0.33,0,0.00,0.00,,0-vendite,t,2,0
978498739,TULIPANO ALZAMALATI DA LETTO,1,0.33,0,0.00,0.00,,0-vendite,t,1,0
950069916,RILASTIL DIFESA TRATT A/ROSSOR,1,0.33,0,0.00,0.00,,0-vendite,t,1,5
979798473,AMPOULE REFRESH YEUX 15ML,1,0.33,0,0.00,0.00,,0-vendite,f,8,3
931504462,DEPI 50+ CANOVA CREMA 50ML,1,0.33,0,0.00,0.00,,0-vendite,f,12,0
974035988,VITAMINA E400 BOTANICAL 60PRL,1,0.33,0,0.00,0.00,,0-vendite,t,2,0
913588327,POLFIT POLSIERA SEMPL 19 SX S,1,0.33,0,0.00,0.00,,0-vendite,t,1,0
989983438,PSIPROTO ELISIR 30CPS GASTRORE,1,0.33,0,0.00,0.00,,0-vendite,t,1,0
981350200,VARIFORM GINOCCH COT BEIGE 4,1,0.33,0,0.00,0.00,,0-vendite,t,1,0
933869974,LITOCALC 30BUST,1,0.33,0,0.00,0.00,,0-vendite,t,1,0
971731169,CASTANEA VESCA GEMME MG 30ML,1,0.33,0,0.00,0.00,,0-vendite,t,2,0
944779242,VITI COLESTEROLO 90PRL,1,0.33,0,0.00,0.00,,0-vendite,f,17,0
984402077,FLOSTADOL 12SUPP,1,0.33,0,0.00,0.00,,0-vendite,t,2,0
988784955,POLYCURC 15STICKPACK,1,0.33,0,0.00,0.00,,0-vendite,t,3,0
037899010,"FROBEN RAFFREDDORE*15ML 0,05%",1,0.33,0,0.00,0.00,,0-vendite,t,4,12
935569133,SOLIVEN 30CPS BIOSLINE,1,0.33,0,0.00,0.00,,0-vendite,t,1,0
935057505,"BIOKAP NUTRICDEL 6,06 BIO SAV",1,0.33,0,0.00,0.00,,0-vendite,f,99,0
908243710,CONVEEN GUA STR 30MM 30PZ 5130,1,0.33,0,0.00,0.00,,0-vendite,t,5,0
050039015,"KETAZED*COLL FL 10ML 0,25MG/ML",1,0.33,0,0.00,0.00,,0-vendite,t,4,0
986987840,NOVAMIR 20BUST,1,0.33,0,0.00,0.00,,0-vendite,t,2,0
987861008,SUPERALA CARNITINE 30CPR,1,0.33,0,0.00,0.00,,0-vendite,t,5,0
974059584,LINES CLAS RETT C/BARRI 30PZ,1,0.33,0,0.00,0.00,,0-vendite,t,2,0
940883352,BIOLIFTAN GEL MASK 50ML,1,0.33,0,0.00,0.00,,0-vendite,t,1,0
932714759,FLEBEN 1000 10FL 15ML,1,0.33,0,0.00,0.00,,0-vendite,f,6,0
950480968,AGLUTEN TIGELLE 4PZ 35G,1,0.33,0,0.00,0.00,,0-vendite,t,1,0
981907506,PH FORMINIX GEL FORM TRAPP2X2G,1,0.33,0,0.00,0.00,,0-vendite,t,1,0
940050267,I SORBETTI FICOPOP SAPONE LIQ,1,0.33,0,0.00,0.00,,0-vendite,f,99,0
975190101,PIC VEDO FAMILY TERMO DIGITALE,1,0.33,0,0.00,0.00,,0-vendite,f,18,4
921670093,ZETAMAX PUMP SPRAY 300ML,1,0.33,0,0.00,0.00,,0-vendite,t,2,0
986857340,CERAVE BALSAMO RIPA AVANZ 50ML,1,0.33,0,0.00,0.00,,0-vendite,f,12,3
981467816,VERUM FORTELAX 80CPR,1,0.33,0,0.00,0.00,,0-vendite,t,2,2
900424300,ANTEVAL SERUM 30ML,1,0.33,0,0.00,0.00,,0-vendite,t,1,0
983534544,LIPOSKIN MASK PHARCOS 15BUST,1,0.33,0,0.00,0.00,,0-vendite,t,1,0
971131343,MIRTILLO NERO ESTR INTEGR200ML,1,0.33,0,0.00,0.00,,0-vendite,t,1,0
924871561,REV IDRAX SERUM 30ML,1,0.33,0,0.00,0.00,,0-vendite,f,9,0
979357492,SENSIFINE AQUAGEL 40ML,1,0.33,0,0.00,0.00,,0-vendite,t,2,1
942845607,LIVEDREN CREMA 200ML,1,0.33,0,0.00,0.00,,0-vendite,t,2,0
104069012,EFFIPRO*4PIP GATTI,1,0.33,0,0.00,0.00,,0-vendite,t,5,0
989348937,ENDOMETRIX 30CPS,1,0.33,0,0.00,0.00,,0-vendite,t,1,0
971130024,MEDI 18 GAMB P.AP SAB 2 2804PA,1,0.33,0,0.00,0.00,,0-vendite,t,3,0
990150740,NUXE TROUSSE MY TRAVEL ESS2026,1,0.33,0,0.00,0.00,,0-vendite,t,2,2
984632190,PROGAMET 30CPR GASTROPROTETTE,1,0.33,0,0.00,0.00,,0-vendite,t,1,0
930889439,HYIODINE AC IALURONICO IOD 50G,1,0.33,0,0.00,0.00,,0-vendite,t,1,0
984881387,AVENE GOMMAGE CORPO 200ML NF,1,0.33,0,0.00,0.00,,0-vendite,t,5,5
984767537,CICAPLAST BAUME B5+ 40ML,1,0.33,0,0.00,0.00,,0-vendite,f,99,6
924286103,PROTEIN UP BARATTOLO 400G,1,0.33,0,0.00,0.00,,0-vendite,t,1,0
970338265,OSSEAN LATTE DETERGENTE 200ML,1,0.33,0,0.00,0.00,,0-vendite,t,1,0
985000571,ANTHELIOS LATTE 50+ PPACK 75ML,1,0.33,0,0.00,0.00,,0-vendite,t,5,2
975973001,GIBAUD ORTHO ACT H35 CORS LS 4,1,0.33,0,0.00,0.00,,0-vendite,t,4,0
935602262,OFTALDERM SHAMPOO 50ML,1,0.33,0,0.00,0.00,,0-vendite,t,5,0
908648708,DELTACRIN SHAMPOO PHARCOS 250M,1,0.33,0,0.00,0.00,,0-vendite,t,5,0
984623874,TONIMER PHYSIO MONOD 60FL 5ML,1,0.33,0,0.00,0.00,,0-vendite,t,4,4
942790268,VARISAN ETHERE1520 ATPA PO3N,1,0.33,0,0.00,0.00,,0-vendite,t,1,0
924421009,MEDI 15 UOMO G.MI NER 3 1550MI,1,0.33,0,0.00,0.00,,0-vendite,t,3,0
951220108,SCIENTIA NOVA CREMA IDRAT400ML,1,0.33,0,0.00,0.00,,0-vendite,t,1,0
947101224,DIFENSIL FLU SPRAY NASO 30ML,1,0.33,0,0.00,0.00,,0-vendite,t,1,11
981076072,THERMACARE FASC COL/SPA/POLS2P,1,0.33,0,0.00,0.00,,0-vendite,f,99,3
986173250,SENSODYNE SENS&GUM ACT/PROT,1,0.33,0,0.00,0.00,,0-vendite,t,4,0
973261581,OSTEOPAUSA 40CPR,1,0.33,0,0.00,0.00,,0-vendite,t,5,0
951091875,EUCERIN DC DET PURIF 400ML,1,0.33,0,0.00,0.00,,0-vendite,f,21,0
981152756,TADIOR 20CPS,1,0.33,0,0.00,0.00,,0-vendite,t,2,0
930214527,"EMOFORM PLAKOUT ACT0,12% COLLU",1,0.33,0,0.00,0.00,,0-vendite,t,3,0
952099669,EUPHIDRA MASCARA NERO ALLUN&IN,1,0.33,0,0.00,0.00,,0-vendite,t,1,3
984146047,POLASE HYDRATION LAMPONE12BUST,1,0.33,0,0.00,0.00,,0-vendite,t,4,4
983374517,PHOTODERM NUDE TOUCH DORE',1,0.33,0,0.00,0.00,,0-vendite,f,99,2
050590025,IBEROGASTADVANCE*OS GTT 50ML,1,0.33,0,0.00,0.00,,0-vendite,t,2,5
931001489,ZER% GLUTINE FUSILLI RISO BIO,1,0.33,0,0.00,0.00,,0-vendite,t,2,0
973472691,DEROXEN PET LINE OTO 75ML,1,0.33,0,0.00,0.00,,0-vendite,t,3,0
950837219,KIJIMEA FLORACARE 10CPS,1,0.33,0,0.00,0.00,,0-vendite,t,5,0
908858234,PONTEFIX SET FISSAGGIO PONTI,1,0.33,0,0.00,0.00,,0-vendite,f,99,0
947417073,RIDONNA RELAX 30CPR,1,0.33,0,0.00,0.00,,0-vendite,t,2,0
945102123,ACQUA PROFUMATA NEROLI VETIVER,1,0.33,0,0.00,0.00,,0-vendite,t,2,2
905897652,MEDILEN IPER CREMA 50ML,1,0.33,0,0.00,0.00,,0-vendite,t,5,0
990759678,EUPHIDRA LIP ART DUO ANGURIA,1,0.33,0,0.00,0.00,,0-vendite,t,1,3
986465007,HYDRAPHASE HA UV LIGHT 40ML,1,0.33,0,0.00,0.00,,0-vendite,f,99,3
950456347,SPIRIAL DEO DOUCHE REFILL400ML,1,0.33,0,0.00,0.00,,0-vendite,t,1,2
034548141,VOLTAREN EMULGEL*GEL 60G 2%,1,0.33,0,0.00,0.00,,0-vendite,f,24,63
950836205,MAVOSTEN MAGNESIO 60CPS,1,0.33,0,0.00,0.00,,0-vendite,f,4,0
981048085,KARITE' BURRO PURO CRP/VIS/CAP,1,0.33,0,0.00,0.00,,0-vendite,t,2,1
924519681,IMMUNITY ASSIST TOTAL 70CPS,1,0.33,0,0.00,0.00,,0-vendite,t,1,0
986885097,MUNUS TEST HELICOBACTER PYLORI,1,0.33,0,0.00,0.00,,0-vendite,t,1,0
975761356,POLIDENT AZIONE TOTALE 66CPR,1,0.33,0,0.00,0.00,,0-vendite,t,4,21
903035160,RESURGEN 100ML,1,0.33,0,0.00,0.00,,0-vendite,t,3,0
983521131,BEURER 50STR GL48/GL49,1,0.33,0,0.00,0.00,,0-vendite,f,4,0
906282823,DEFENSOR ECO LOZIONE N/GAS 250,1,0.33,0,0.00,0.00,,0-vendite,t,1,0
950276701,GIBAUD ORTHO CORS LOMB ACT V 1,1,0.33,0,0.00,0.00,,0-vendite,t,1,0
985593793,RENAL COMBI POLVERE 240G,1,0.33,0,0.00,0.00,,0-vendite,f,25,0
926888785,VERTIGOVAL 20CPR,1,0.33,0,0.00,0.00,,0-vendite,f,36,0
977021916,KLORANE CREMA SUBLIMAT DOPOS,1,0.33,0,0.00,0.00,,0-vendite,t,1,1
984791956,LEVELIPDUO PLUS 28STICK,1,0.33,0,0.00,0.00,,0-vendite,t,2,0
980459034,VIDERMINA LUBRIPIU' CR INTIMA,1,0.33,0,0.00,0.00,,0-vendite,t,2,5
951375613,LIPALT PLUS 20CPR,1,0.33,0,0.00,0.00,,0-vendite,f,20,0
978691703,KAMINOX SCIROPPO 60ML,1,0.33,0,0.00,0.00,,0-vendite,t,1,0
971192834,VERGA D'ORO ESTR INTEGR 200ML,1,0.33,0,0.00,0.00,,0-vendite,t,1,0
942843842,CAPELVENERE BIOSHAMPOO RIVIT,1,0.33,0,0.00,0.00,,0-vendite,f,99,0
921394235,NATURAFLORA PLUS 60CPS VEG,1,0.33,0,0.00,0.00,,0-vendite,f,18,0
942872060,FILME GYNO V 6OV,1,0.33,0,0.00,0.00,,0-vendite,f,18,0
979278140,MIOXIN 4G 30BUSTE,1,0.33,0,0.00,0.00,,0-vendite,t,5,0
952100218,EUPHIDRA TERRA ILLUMINANTE NAT,1,0.33,0,0.00,0.00,,0-vendite,t,1,2
903144677,SCHOLL EXPERT S SEPARADITA PIE,1,0.33,0,0.00,0.00,,0-vendite,t,5,10
906935186,TIGLIO TISANA 20BUST,1,0.33,0,0.00,0.00,,0-vendite,f,99,0
949998280,ONLIFE 20BUST,1,0.33,0,0.00,0.00,,0-vendite,t,1,0
947414381,NORMALIVER PET 50G,1,0.33,0,0.00,0.00,,0-vendite,t,1,0
987331016,APROTEN SEDANI PROMO 500G,1,0.33,0,0.00,0.00,,0-vendite,t,3,0
983721022,STRUMENTO VTRUST TD-4279 COMPL,1,0.33,0,0.00,0.00,,0-vendite,t,1,0
924570169,XIPHASE SHAMPOO 250ML,1,0.33,0,0.00,0.00,,0-vendite,f,15,0
926392756,CATALITIC K 20AMP,1,0.33,0,0.00,0.00,,0-vendite,f,10,0
951313030,MINERALVIS 150PAST,1,0.33,0,0.00,0.00,,0-vendite,t,1,0
904734264,FIDREN POLVERE 100G,1,0.33,0,0.00,0.00,,0-vendite,t,1,0
986967533,XAMAMINA REFLUSSO 0-12 200ML,1,0.33,0,0.00,0.00,,0-vendite,t,2,2
985910280,ARTIKOL CREMA 100ML,1,0.33,0,0.00,0.00,,0-vendite,f,99,0
972320966,SALI DI ISCHIA CR MASS PAN/FIA,1,0.33,0,0.00,0.00,,0-vendite,t,1,0
950952768,PUROFLOG SOLUZIONE OFT 10ML,1,0.33,0,0.00,0.00,,0-vendite,t,1,0
932751480,FOTOKER ORALE PHARCOS 30CPR,1,0.33,0,0.00,0.00,,0-vendite,f,18,0
951468141,STABILE 30STICK OROSOLUBILI,1,0.33,0,0.00,0.00,,0-vendite,t,4,0
951565682,CORNEANORM GOCCE OCULARI 10ML,1,0.33,0,0.00,0.00,,0-vendite,t,1,0
989676123,GAVISPET GEL 50ML,1,0.33,0,0.00,0.00,,0-vendite,t,1,0
980192177,ACULIPON 600 30CPS,1,0.33,0,0.00,0.00,,0-vendite,t,1,0
931972754,EUPH FILLER SUPR JALURON 4000,1,0.33,0,0.00,0.00,,0-vendite,t,4,1
986329377,ENTEROLACTIS FIBRA LIQUIDA12FL,1,0.33,0,0.00,0.00,,0-vendite,t,2,0
986958318,RVLIFT LIFT TISANA 50ML RICAR,1,0.33,0,0.00,0.00,,0-vendite,t,6,5
980126318,VITREOBEN 20BUST,1,0.33,0,0.00,0.00,,0-vendite,f,9,0
901312254,LEM SFIGMO ANER,1,0.33,0,0.00,0.00,,0-vendite,f,99,0
943245302,EUPH FILLER CR LIFTING,1,0.33,0,0.00,0.00,,0-vendite,t,1,2
922591274,NUTRIVA JALURONICOS 30CPR,1,0.33,0,0.00,0.00,,0-vendite,f,10,0
987492422,CH GIOCO FD PURRING CAT,1,0.33,0,0.00,0.00,,0-vendite,t,5,0
935034330,EUMILL GOCCE OCUL PROTECTION,1,0.33,0,0.00,0.00,,0-vendite,t,1,43
950830556,ZYMEREX GONFIORE PLUS 28BUST,1,0.33,0,0.00,0.00,,0-vendite,f,7,0
980504068,VIS SPRAY CORPO 75ML,1,0.33,0,0.00,0.00,,0-vendite,t,1,0
987043698,PSIPROTO NOCCIOLA 300G,1,0.33,0,0.00,0.00,,0-vendite,t,1,0
930547346,Q10 SELEN VIT 24CPS,1,0.33,0,0.00,0.00,,0-vendite,t,1,0
902722228,EUPHIDRA SKIN REVEIL CR IDRORE,1,0.33,0,0.00,0.00,,0-vendite,t,1,1
986971380,GIBAUD ORTHO LIGAGIB GIN ART 2,1,0.33,0,0.00,0.00,,0-vendite,t,5,0
932220205,RIBES PET ULTRA SHAMPOO/BALS,1,0.33,0,0.00,0.00,,0-vendite,f,14,0
951223686,ASTAXANTINA 120PAST HEMATOCOCC,1,0.33,0,0.00,0.00,,0-vendite,t,4,0
922374335,FORTE 24CPS,1,0.33,0,0.00,0.00,,0-vendite,t,1,0
980248987,COLASIL 30CPS,1,0.33,0,0.00,0.00,,0-vendite,t,1,0
951332713,DEFENCE COLOR LIFTING FONDOT04,1,0.33,0,0.00,0.00,,0-vendite,f,14,0
911023188,SIG 701 AG-BAP MS PA CRIS,1,0.33,0,0.00,0.00,,0-vendite,t,1,0
971377193,CORSETTO PLURIVAL 20CM XL,1,0.33,0,0.00,0.00,,0-vendite,t,1,0
902684315,PERSPIREX FOOT LOT ANTITR PIED,1,0.33,0,0.00,0.00,,0-vendite,f,7,4
952051896,ORG PH CREMA VISO A/AGE 50ML,1,0.33,0,0.00,0.00,,0-vendite,t,1,0
989869084,DEO PRO ACTIVE VAPO 100G PROMO,1,0.33,0,0.00,0.00,,0-vendite,t,5,3
025647013,TROSYD*CREMA DERM 30G 1%,1,0.33,0,0.00,0.00,,0-vendite,t,5,15
973270743,WELLION GALILEO STRIPS 10 KETO,1,0.33,0,0.00,0.00,,0-vendite,t,2,0
971130582,MEDI 18 COLL-CAL SAB 3 1404CA,1,0.33,0,0.00,0.00,,0-vendite,t,1,0
983036904,ALIGASTRIL GEL 20STICK,1,0.33,0,0.00,0.00,,0-vendite,t,2,0
935057315,"BIOKAP NUTRIC 6,0 BIO TABACCO",1,0.33,0,0.00,0.00,,0-vendite,t,1,0
950064143,LINES SPEC TRAVERSA 80X180 15P,1,0.33,0,0.00,0.00,,0-vendite,t,3,0
980455935,PASTA HOFFMANN SELLA NAT 75ML,1,0.33,0,0.00,0.00,,0-vendite,t,2,1
990404701,NUXE RDM GOLD HONEY LIPCARE,1,0.33,0,0.00,0.00,,0-vendite,t,4,6
930212131,PENTA U10 CREMA 1000ML,1,0.33,0,0.00,0.00,,0-vendite,t,5,0
989052788,TRIVIS UV 30CPS,1,0.33,0,0.00,0.00,,0-vendite,t,1,0
045951011,MUSCORIDOL*5CER MED 180MG,1,0.33,0,0.00,0.00,,0-vendite,f,99,0
948087945,EUPHIDRA LOZIONE DS 100ML,1,0.33,0,0.00,0.00,,0-vendite,f,99,0
987377090,VIDROSOL 1000 30CPR,1,0.33,0,0.00,0.00,,0-vendite,t,1,0
950952147,GHC MEDICAL TRATT PROTEIC PREV,1,0.33,0,0.00,0.00,,0-vendite,t,1,0
938751649,PSORISDIN SHAMPOO,1,0.33,0,0.00,0.00,,0-vendite,f,24,0
989687975,FORMOLINE L112 64CPR,1,0.33,0,0.00,0.00,,0-vendite,t,3,0
990453995,TENA PROSKIN SLIP MAXI L 24PZ,1,0.33,0,0.00,0.00,,0-vendite,t,4,0
987437237,POLASE LIMONE 12BUST PROMO,1,0.33,2.00,12.24,0.19,3,inc-marg>100,f,7,22
020124121,"FENISTIL*0,1% GEL 30G",1,0.33,0,0.00,0.00,,0-vendite,t,4,13
987221304,PRO ORTHIC GUANTI ARTROSICI L,1,0.33,0,0.00,0.00,,0-vendite,t,1,0
921508596,OMOCIS 30CPR,1,0.33,0,0.00,0.00,,0-vendite,t,1,0
988160471,ZZZQUIL SONNO SPRAY 30ML,1,0.33,0,0.00,0.00,,0-vendite,f,18,23
920891658,NEVRALGO 24CPR,1,0.33,4.00,79.76,0.00,0,inc-marg>100,f,1,0
990906176,HELENA 2027 PERFUME 50 ML,1,0.33,0,0.00,0.00,,0-vendite,t,2,0
951047354,PSIPROTO MAMMA100CPR GASTRORES,1,0.33,0,0.00,0.00,,0-vendite,t,1,0
947073716,RILASTIL XEROLACT BALS SP400ML,1,0.33,0,0.00,0.00,,0-vendite,t,1,69
976100988,NEOSAME 20CPR,1,0.33,0,0.00,0.00,,0-vendite,t,1,0
986460754,PAMPERS PROG MIDI 27PZ,1,0.33,0,0.00,0.00,,0-vendite,t,2,0
987389917,PLAQTIV+ ORAL CARE 64SALV DENT,1,0.33,0,0.00,0.00,,0-vendite,t,2,0
935679959,GRAN MAGNESIO 30CPR,1,0.33,0,0.00,0.00,,0-vendite,t,1,0
907296925,LADYGLORIA 18 GAMB 140 DAI 5,1,0.33,0,0.00,0.00,,0-vendite,t,1,0
951862907,BIOCLIN DEO 24H VAPO SP NF PRO,1,0.33,0,0.00,0.00,,0-vendite,t,1,8
934825237,MULTICENTRUM PRE MAMMA 30CPR,1,0.33,0,0.00,0.00,,0-vendite,f,17,4
905332817,EUPHIDRA AMIDO SHAMPOO OLIO,1,0.33,0,0.00,0.00,,0-vendite,t,5,9
937253666,FERNAPYD 30CPS,1,0.33,0,0.00,0.00,,0-vendite,t,1,0
982003624,VASOTONIK 20BUST,1,0.33,0,0.00,0.00,,0-vendite,t,1,0
903187452,ESTROMINERAL SERENA 40CPR,1,0.33,0,0.00,0.00,,0-vendite,t,3,1
983039924,AVENE SOL CREMA SPF50+ 50ML,1,0.33,0,0.00,0.00,,0-vendite,t,4,1
952044170,DENSITIUM BI SERUM RICARICABIL,1,0.33,0,0.00,0.00,,0-vendite,t,2,4
975201373,PROSTARID 30PRL,1,0.33,0,0.00,0.00,,0-vendite,t,4,0
904359989,DILATAN PLUS DIL ANAL 30 1PZ,1,0.33,0,0.00,0.00,,0-vendite,f,99,0
951123607,OLIO RICINO PURO 200ML,1,0.33,0,0.00,0.00,,0-vendite,t,2,0
940005655,PANTAVIS METABOLICO 30CPR,1,0.33,0,0.00,0.00,,0-vendite,t,2,0
907254751,IDEAL SOLEIL AUTOABBR VISO/CRP,1,0.33,0,0.00,0.00,,0-vendite,t,1,3
982182949,FORTIMEL ADVANCED FRA 4X200ML,1,0.33,0,0.00,0.00,,0-vendite,t,1,0
924874579,ACTINICA LOTION 80ML,1,0.33,0,0.00,0.00,,0-vendite,t,3,0
951272564,SALI DI ISCHIA PROF FICO SELV,1,0.33,0,0.00,0.00,,0-vendite,t,2,0
032040014,COLLIRIO ALFA OCCHIO SEC*20FL,1,0.33,0,0.00,0.00,,0-vendite,f,19,2
952099618,EUPHIDRA GLOSS VOL BRIL PERLA,1,0.33,0,0.00,0.00,,0-vendite,t,1,3
906038664,SANOTINT LIGHT BION SCU DOR 77,1,0.33,0,0.00,0.00,,0-vendite,f,6,0
982143366,DOAGYN OVULI VAGINALI 10PZ,1,0.33,0,0.00,0.00,,0-vendite,t,1,0
990454833,BLANX MED SMILE BEAUTY WHITEN,1,0.33,0,0.00,0.00,,0-vendite,t,4,0
950975856,MACULA START 30CPR RM,1,0.33,0,0.00,0.00,,0-vendite,t,4,0
950062582,HYPERNASE NASAL SPRAY AD 15ML,1,0.33,0,0.00,0.00,,0-vendite,f,99,0
933462855,FLEBOGELAR 30CPR,1,0.33,0,0.00,0.00,,0-vendite,t,4,0
912258163,MEDI 18 UOMO G.COTO BLU 2 1830,1,0.33,0,0.00,0.00,,0-vendite,t,3,0
904689700,RIGENAMED PLUS RIGEN/RISTR15ML,1,0.33,2.00,24.04,0.00,1,inc-marg>100,f,99,0
925369100,THROMBOSIS 18 ISP GAMB M CORTO,1,0.33,0,0.00,0.00,,0-vendite,t,1,0
981448968,EXOMEGA CONTROL GEL 2IN1 200ML,1,0.33,0,0.00,0.00,,0-vendite,f,99,0
922556194,FORTIMEL COMPACT PRO CAFF4BOTT,1,0.33,0,0.00,0.00,,0-vendite,t,5,0
942062148,ESPERSOL OTO GOCCE 20ML,1,0.33,0,0.00,0.00,,0-vendite,t,3,0
972522674,ELASTOVEN 20BUST,1,0.33,0,0.00,0.00,,0-vendite,f,14,0
982593170,"OCUTEARS HYDRO+ 0,4% 15X0,35ML",1,0.33,0,0.00,0.00,,0-vendite,t,2,0
990647455,PHYSIOMANCE GASTRO PROT 60CPS,1,0.33,0,0.00,0.00,,0-vendite,t,1,0
984703102,PARODONTAX COLLUTORIO PROT GEN,1,0.33,0,0.00,0.00,,0-vendite,f,11,8
971192859,TIGLIO ESTRATTO INTEGRALE200ML,1,0.33,0,0.00,0.00,,0-vendite,t,4,0
909376624,UNDECIN A DETERGENTE 200ML,1,0.33,0,0.00,0.00,,0-vendite,t,1,0
909005631,OMEGA PET 100ML,1,0.33,0,0.00,0.00,,0-vendite,t,1,0
936169503,AURASTOP 20BUST,1,0.33,0,0.00,0.00,,0-vendite,t,2,0
944841055,LONGLIFE MORINGA BIO 100CPS VE,1,0.33,0,0.00,0.00,,0-vendite,t,1,0
941802100,PIOIMM 20CPR,1,0.33,0,0.00,0.00,,0-vendite,t,3,0
900975335,ACIDO PANTOTENICO 1000 MG,1,0.33,0,0.00,0.00,,0-vendite,t,1,0
912256082,KRIN UP SHAMPOO ANTICADUTA,1,0.33,0,0.00,0.00,,0-vendite,t,2,0
903437251,NUGEL IDROGEL FLUIDO 25G 2PZ,1,0.33,0,0.00,0.00,,0-vendite,t,1,0
982951269,KERTYOL PSO BALSAMO IDRAT QUOT,1,0.33,0,0.00,0.00,,0-vendite,t,1,4
922554720,LYSI OMEGA3 LIQUID LIM 240ML,1,0.33,0,0.00,0.00,,0-vendite,t,1,0
935057467,"BIOKAP NUTRICDEL 4,0 CAST NAT",1,0.33,0,0.00,0.00,,0-vendite,t,4,0
902777818,SOWASH IDROPULSORE RIC 2PZ,1,0.33,0,0.00,0.00,,0-vendite,t,4,0
906953575,GEHWOL BALS PIEDI P/SEC 75ML,1,0.33,0,0.00,0.00,,0-vendite,t,4,0
924124391,"CICAPLAST LEVRES 7,5ML",1,0.33,0,0.00,0.00,,0-vendite,f,33,0
980287080,DEFENCE HAIR SHAMPOO SEC PURIF,1,0.33,0,0.00,0.00,,0-vendite,t,2,4
947250763,TIMODORE CEROTTO MICOSI UNGHIE,1,0.33,0,0.00,0.00,,0-vendite,t,1,0
990374326,ZEFYROS GHIMAS 60CPS,1,0.33,0,0.00,0.00,,0-vendite,t,2,0
950441030,CLOG SUPERCOMF B/S BYC U WHI38,1,0.33,0,0.00,0.00,,0-vendite,t,1,0
105190019,PREVENDOG*COLLARE CANI PICCOLI,1,0.33,0,0.00,0.00,,0-vendite,t,2,0
944025396,EUPH COLORPRO XD646 CANNEL,1,0.33,0,0.00,0.00,,0-vendite,t,5,4
934408624,BIOMINERAL ONE LACTO PLUS30CPR,1,0.33,0,0.00,0.00,,0-vendite,t,5,5
941971475,BIOCLIN DEO INTIMATE SPR PROF,1,0.33,0,0.00,0.00,,0-vendite,t,3,2
951484738,NUXE HYALU BOOST KIT SIERO+CR,1,0.33,0,0.00,0.00,,0-vendite,t,3,7
970939928,DRENADROPS SOL IAL 100ML,1,0.33,0,0.00,0.00,,0-vendite,t,3,0
984569867,"SHINE ON HSPLUS BIONDO SCU6,00",1,0.33,0,0.00,0.00,,0-vendite,t,1,5
973042118,HYALU B5 CREMA 40ML,1,0.33,0,0.00,0.00,,0-vendite,t,5,5
986971531,GIBAUD ORTHO J GIN ZEROG 1,1,0.33,0,0.00,0.00,,0-vendite,t,1,0
951598820,SEBIUM GEL MOUSSANT 400ML,1,0.33,0,0.00,0.00,,0-vendite,t,3,7
981989623,DERCOS SHAMPOO PSOLUTION 200ML,1,0.33,2.00,24.00,-1.54,1,inc-marg>100,f,42,0
988027847,XERIAL GOMMAGE CORPS 100G,1,0.33,0,0.00,0.00,,0-vendite,t,1,2
921383295,TIODET-ZNP DETERGENTE 200ML,1,0.33,0,0.00,0.00,,0-vendite,t,2,0
945140111,EUPH TEMPERAMATITE ANT MAT,1,0.33,0,0.00,0.00,,0-vendite,t,4,3
021528157,"TAMARINE*MARMEL260G 80+3,9MG/G",1,0.33,0,0.00,0.00,,0-vendite,f,99,1
909051171,SANOTINT TINTURA CAPELLI 14,1,0.33,0,0.00,0.00,,0-vendite,t,4,0
900350657,EMERGENCY ESS AUSTRALIAN 30ML,1,0.33,0,0.00,0.00,,0-vendite,t,3,0
933080196,RESVIS FLUID XR BIOFUTURA 12BU,1,0.33,0,0.00,0.00,,0-vendite,f,99,2
908693880,MELLIS BIO-SHAMPOO 200ML,1,0.33,0,0.00,0.00,,0-vendite,f,26,2
970139768,BARINUTRICS CALCIO AR/LIM90CPR,1,0.33,0,0.00,0.00,,0-vendite,t,3,0
945140162,EUPH COLORPRO XD 807 BIOND,1,0.33,0,0.00,0.00,,0-vendite,t,1,1
927456665,OSTODOL 24CPS,1,0.33,0,0.00,0.00,,0-vendite,t,1,0
978835433,ACUTON 120CPS,1,0.33,0,0.00,0.00,,0-vendite,t,1,0
023907013,BETADINE*SOLUZ VAG 125ML 10%,1,0.33,0,0.00,0.00,,0-vendite,f,99,1
951086432,LIBICARE MENO 60CPS,1,0.33,0,0.00,0.00,,0-vendite,t,2,0
932217072,STEVIA EDULCOR 200CPR,1,0.33,0,0.00,0.00,,0-vendite,t,1,0
981042981,RILASTIL XEROLACT PB BALS400ML,1,0.33,0,0.00,0.00,,0-vendite,t,5,0
931351593,KAMILA COMFORT 140D NERO 2,1,0.33,0,0.00,0.00,,0-vendite,t,1,0
935633964,LONGLIFE CARCIOFO 60CPS VEG,1,0.33,0,0.00,0.00,,0-vendite,t,4,0
986971479,GIBAUD ORTHO LIGAGIB OPE GIN5,1,0.33,0,0.00,0.00,,0-vendite,t,5,0
986474613,SCHOLL EXPERTCARE ESFOL TALLON,1,0.33,0,0.00,0.00,,0-vendite,t,1,1
023907025,BETADINE*SOLUZ VAG 5FL+5F+5CAN,1,0.33,0,0.00,0.00,,0-vendite,f,99,2
903980530,AVENE ACQUA TERMALE SPR 150ML,1,0.33,0,0.00,0.00,,0-vendite,t,4,1
981042904,RILASTIL SUN PPT 50+ CR VEL,1,0.33,0,0.00,0.00,,0-vendite,t,5,4
101759013,OTOPET Flac.130g Gtt.,1,0.33,0,0.00,0.00,,0-vendite,t,1,0
951336193,LACTOFLORENE BIMBI 12FL,1,0.33,0,0.00,0.00,,0-vendite,t,3,23
987646573,ZANZATEN STRONG 100ML,1,0.33,0,0.00,0.00,,0-vendite,t,5,0
905733440,INOCOMPLEX 60CPR,1,0.33,0,0.00,0.00,,0-vendite,t,1,0
906272885,STRUVA 35 AG BIANCO3 1PZ H932,1,0.33,0,0.00,0.00,,0-vendite,t,1,0
924297930,IPPOCASTANO LIQ ANAL GEMMO 10+,1,0.33,0,0.00,0.00,,0-vendite,t,3,0
026630020,"IRIDINA DUE*COLL 10ML 0,5MG/ML",1,0.33,0,0.00,0.00,,0-vendite,t,2,35
982683334,RIGENERA CREMA RISTRUTT 50ML,1,0.33,0,0.00,0.00,,0-vendite,t,2,0
905042382,PAPAIA OROSORUBILE 30BUST,1,0.33,0,0.00,0.00,,0-vendite,t,1,0
921115820,DERCOS SH DOLCEZZA MIN 400ML,1,0.33,0,0.00,0.00,,0-vendite,f,99,6
970800254,TRIPLE LIPID RESTORE 2 4 2,1,0.33,0,0.00,0.00,,0-vendite,t,4,4
051342018,DICLOREUMACT*GEL 60G 20MG/G,1,0.33,0,0.00,0.00,,0-vendite,t,1,10
981505201,SYTRIDK2 30CPS,1,0.33,0,0.00,0.00,,0-vendite,t,2,0
983702301,SINTOS FORTE 15CPS,1,0.33,0,0.00,0.00,,0-vendite,t,1,0
974848590,BIOSCALIN NUTRICOL IST NERO,1,0.33,0,0.00,0.00,,0-vendite,t,1,5
927117212,URIAGE STRUCC WATERPROOF 100ML,1,0.33,0,0.00,0.00,,0-vendite,t,2,0
990460545,GASTRIK PET SOSPENSIONE 60ML,1,0.33,0,0.00,0.00,,0-vendite,f,19,0
900498813,CLOREXYDERM SOL 4% SCHIUMA,1,0.33,0,0.00,0.00,,0-vendite,t,3,0
990547844,PROBIOFLOR MAXI 30CPS,1,0.33,0,0.00,0.00,,0-vendite,t,1,0
985597412,VEBIX DERMOLINE CALEND DET INT,1,0.33,0,0.00,0.00,,0-vendite,t,4,0
988654568,NODE P APAISANT 400ML,1,0.33,0,0.00,0.00,,0-vendite,t,1,6
934845544,EDOVIS 20BUST,1,0.33,0,0.00,0.00,,0-vendite,t,1,0
980448649,RETINOL B3 SIERO 30ML,1,0.33,0,0.00,0.00,,0-vendite,f,15,3
902659150,GEMMODERIVATO BETULLA LINFA 50,1,0.33,0,0.00,0.00,,0-vendite,t,1,0
950150704,BIOSCALIN TOTAL CARE SH V200ML,1,0.33,0,0.00,0.00,,0-vendite,f,4,4
970430070,ETAS CORPO 200ML,1,0.33,0,0.00,0.00,,0-vendite,t,5,0
975427321,GIBAUD CLASSIC CINT POSTOP LE2,1,0.33,0,0.00,0.00,,0-vendite,t,5,0
909966588,BIO VITAE NORM 30G ASTRUM,1,0.33,0,0.00,0.00,,0-vendite,t,2,0
984645059,CERAVE SIERO ANTI SEGNI RETIN,1,0.33,0,0.00,0.00,,0-vendite,t,4,5
943376689,ALOMAP 175G,1,0.33,0,0.00,0.00,,0-vendite,t,2,0
925514729,TS50 BIANCOSPINO COMP 1 20ML,1,0.33,0,0.00,0.00,,0-vendite,t,4,0
979044880,RELAX UNI 70 PA CAMEL M,1,0.33,0,0.00,0.00,,0-vendite,t,3,0
923744256,IMMUNOTHER 30 BUSTE,1,0.33,0,0.00,0.00,,0-vendite,t,1,0
976014668,SYNOQUIN EFA M BREED 30CPR,1,0.33,0,0.00,0.00,,0-vendite,t,1,0
986963205,SCUDOVARIS GAMB CLASS STD K1 5,1,0.33,0,0.00,0.00,,0-vendite,t,1,0
950939102,LEVIALIFE CREMA 75ML,1,0.33,0,0.00,0.00,,0-vendite,t,3,0
913438305,NEW BONUS PUNCHED BYCAST BI 43,1,0.33,0,0.00,0.00,,0-vendite,t,4,0
987833148,PURO EPITHEL GEL OFTALMICO 10G,1,0.33,0,0.00,0.00,,0-vendite,t,2,0
985919455,GOOVI SIERO CON BIOPEPTIDI,1,0.33,0,0.00,0.00,,0-vendite,t,4,3
930501996,TRAUMI FANGO MINERALE 5BUST,1,0.33,0,0.00,0.00,,0-vendite,t,1,0
920891847,DOLODIE CREMA 75ML,1,0.33,0,0.00,0.00,,0-vendite,t,1,0
970441832,XEMOSE C8+ CREMA VISO 40ML,1,0.33,0,0.00,0.00,,0-vendite,f,16,3
913500575,Durex Intense Pure Fantasy,1,0.33,0,0.00,0.00,,0-vendite,t,4,1
951991177,KLORANE BALS CHIN CRES200ML PL,1,0.33,0,0.00,0.00,,0-vendite,t,4,4
913588341,POLFIT POLSIERA SEMPL 19 SX L,1,0.33,0,0.00,0.00,,0-vendite,t,1,0
941182394,FARMEX TRAV ASSORB 80X180 15PZ,1,0.33,0,0.00,0.00,,0-vendite,t,3,0
985774456,DYNAMO D MEDIUM 20 STICK,1,0.33,0,0.00,0.00,,0-vendite,t,1,0
950150589,BIOSCALIN MENOPAUSA SH RI400ML,1,0.33,0,0.00,0.00,,0-vendite,t,4,6
975937715,VEMAG GASTRO 20STICK,1,0.33,0,0.00,0.00,,0-vendite,t,4,0
935131211,MAALOX REFLURAPID 40CPR MASTIC,1,0.33,0,0.00,0.00,,0-vendite,t,20,4
901482392,LACTIS B-COMPLEX 8FL 10ML,1,0.33,0,0.00,0.00,,0-vendite,t,2,0
973293145,FIXOMULL STRETCH M10X10CM,1,0.33,0,0.00,0.00,,0-vendite,t,1,0
910856715,TESMED CARICABATTERIA MAX5/830,1,0.33,0,0.00,0.00,,0-vendite,t,1,0
900975210,VITAMINA B1 TIAMINA 300 MG,1,0.33,0,0.00,0.00,,0-vendite,t,3,0
931852178,OZONIA 15 LIPOGEL OZONO 35ML,1,0.33,0,0.00,0.00,,0-vendite,f,7,0
950905164,DONNA EXTRA 50G PASTIGLIE,1,0.33,0,0.00,0.00,,0-vendite,t,3,0
985818994,CERAVE CREMA VISO IDRAT SPF30,1,0.33,0,0.00,0.00,,0-vendite,f,15,5
926831153,HELIONORM ORAL 30CPR,1,0.33,0,0.00,0.00,,0-vendite,t,1,0
940885837,AVENE BODY BALSAMO CORPO 250ML,1,0.33,0,0.00,0.00,,0-vendite,t,1,4
951268768,QUIXX DELICATE SOL IRRIG NAS,1,0.33,0,0.00,0.00,,0-vendite,f,21,0
921148324,POTASSIUM COMPOSITUM 180PAST,1,0.33,0,0.00,0.00,,0-vendite,f,17,0
900589286,OTOVENT 5PALLONCINI+1CANNULA,1,0.33,0,0.00,0.00,,0-vendite,t,3,0
989635545,SCHOLL FREEZE AWAY MAX VERRUCH,1,0.33,0,0.00,0.00,,0-vendite,t,1,9
935307114,FLUVADIN PLUS OVULI VAG 10PZ,1,0.33,0,0.00,0.00,,0-vendite,f,99,0
974010516,SONOTIX DETERGENTE AURIC 120ML,1,0.33,0,0.00,0.00,,0-vendite,f,99,0
950612349,FAVE DI FUCA CLASSICO 90CPR,1,0.33,0,0.00,0.00,,0-vendite,f,4,2
950906418,MYO AC COMPRESSE PHARCOS 30CPR,1,0.33,0,0.00,0.00,,0-vendite,t,2,0
951383797,PRINCIPIUM MAGNESIO CB50+ 32BU,1,0.33,0,0.00,0.00,,0-vendite,t,3,0
941577912,ENOXOFTAL SOLUZIONE OFTALMICA,1,0.33,0,0.00,0.00,,0-vendite,f,20,0
925832610,MEDI 18 UOMO G.ME NER 1 1850CM,1,0.33,0,0.00,0.00,,0-vendite,t,1,0
979804388,MATT COLLAGENE IDROLIZZATO3000,1,0.33,0,0.00,0.00,,0-vendite,t,4,0
973500729,SOMAT SKIN EX SNEL 7NTT G400ML,1,0.33,0,0.00,0.00,,0-vendite,t,4,0
972147920,ALUS O&L SAPONE LIQ ALEPPO 40%,1,0.33,0,0.00,0.00,,0-vendite,t,3,0
975536549,ANTHELIOS ULTRA FLUIDO30+ 50ML,1,0.33,0,0.00,0.00,,0-vendite,f,16,3
984833602,NEOVADIOL PERI&POST CONT NEW,1,0.33,0,0.00,0.00,,0-vendite,f,11,2
923301574,XERASE OLIO DETERGENTE 500ML,1,0.33,0,0.00,0.00,,0-vendite,t,2,0
951164348,SOMAT SKIN EX DRENA ADV20STICK,1,0.33,0,0.00,0.00,,0-vendite,t,1,5
013046115,ENTEROGERMINA*OS 9BS 6MLD/2G,1,0.33,0,0.00,0.00,,0-vendite,f,99,28
104058033,"EFFIPRO*FL SPRAY 500ML2,5MG/ML",1,0.33,0,0.00,0.00,,0-vendite,t,1,0
938657172,MULTICENTRUM JUNIOR 30CPR,1,0.33,0,0.00,0.00,,0-vendite,f,12,5
900427636,KIRON ARGEA ARGILLA 250ML,1,0.33,0,0.00,0.00,,0-vendite,f,7,0
989887738,MAXIOCEL MEDIC FIBR CHIT 10X10,1,0.33,0,0.00,0.00,,0-vendite,t,1,0
903570051,SERENITY PANN SD EXTRA M 30PZ,1,0.33,0,0.00,0.00,,0-vendite,t,1,0
950404210,ENERVIT PP PRE WORKOUT 313G,1,0.33,0,0.00,0.00,,0-vendite,t,5,0
934408663,BIOTHYMUS AC ACT D SH VOL200ML,1,0.33,0,0.00,0.00,,0-vendite,t,1,1
983173485,SERENITY SAG SD SENS SUP 30PZ,1,0.33,0,0.00,0.00,,0-vendite,t,1,0
943327231,EUPHIDRA DEO ROLL ON SUD INTEN,1,0.33,0,0.00,0.00,,0-vendite,t,3,2
950127478,C EYE BIOTIC 15ML,1,0.33,0,0.00,0.00,,0-vendite,f,99,5
904552611,NEBULA M2000+MASCHERA+RINOWASH,1,0.33,0,0.00,0.00,,0-vendite,f,16,27
976320820,HYALISTIL BIO PF GTT OCUL 10ML,1,0.33,0,0.00,0.00,,0-vendite,f,17,0
970975963,MEDI KL1 PLUS/COLL-CA CO 4 110,1,0.33,0,0.00,0.00,,0-vendite,t,2,0
951150022,DIKIROGEN ZERO 30CPR,1,0.33,0,0.00,0.00,,0-vendite,t,1,0
987848280,PSIFLOGO 30CPS,1,0.33,0,0.00,0.00,,0-vendite,t,3,0
922551371,VENERE 70 OPEN TOE NE 4-L,1,0.33,0,0.00,0.00,,0-vendite,t,1,0
988027266,PARODONTAX BIPACK CLASS 2X75ML,1,0.33,0,0.00,0.00,,0-vendite,f,11,15
931097416,EUPH FILLER S FL ANTIR SEC,1,0.33,0,0.00,0.00,,0-vendite,f,6,4
950072746,LAMUSELAB SUN SKIN CONTROL50ML,1,0.33,0,0.00,0.00,,0-vendite,t,1,4
952110272,BIONIKE SHINE ON NC BALS RISTR,1,0.33,0,0.00,0.00,,0-vendite,t,5,3
951677626,PHYSIOMANCE BROMELAINE 60CPS,1,0.33,0,0.00,0.00,,0-vendite,t,1,0
984560161,FARMEX PREM AIRD PANN SU M15PZ,1,0.33,0,0.00,0.00,,0-vendite,t,1,0
990557997,BERBERINA PURA 45CPR,1,0.33,0,0.00,0.00,,0-vendite,t,1,0
950150540,BIOSCALIN MENOPAUSA 90CPR,1,0.33,0,0.00,0.00,,0-vendite,f,24,0
018610042,CARNITENE*OS 10FL 1G/10ML,1,0.33,0,0.00,0.00,,0-vendite,f,99,2
974081958,SCUDOTEX GAMB 140 EXTRA SKIN 4,1,0.33,0,0.00,0.00,,0-vendite,t,1,0
970575837,MEDI 18 COLL P AP NAT 4 1405PA,1,0.33,0,0.00,0.00,,0-vendite,t,5,0
951031867,POTASSIO COLLOIDAL PLUS 100ML,1,0.33,0,0.00,0.00,,0-vendite,t,4,0
971671464,EFFACLAR ACQUA MICELL P G400ML,1,0.33,0,0.00,0.00,,0-vendite,t,4,1
973652201,NEFROPIU' 60CPR,1,0.33,0,0.00,0.00,,0-vendite,f,16,0
990387829,VISCOLON 30CPR GASTRORESIST,1,0.33,0,0.00,0.00,,0-vendite,t,1,0
987025665,PIC EASY WASH PERA CAN 224ML,1,0.33,0,0.00,0.00,,0-vendite,t,4,0
903569465,SERENITY PANN CLAS EX L 30PZ,1,0.33,0,0.00,0.00,,0-vendite,t,3,0
900240235,MELANIDIN PLUS EUPIGMENT 50ML,1,0.33,0,0.00,0.00,,0-vendite,f,11,0
920590736,TIOMOUSSE SCHIUMA 75ML,1,0.33,0,0.00,0.00,,0-vendite,t,1,0
950837207,KIJIMEA K53 ADVANCE 20CPS,1,0.33,0,0.00,0.00,,0-vendite,f,9,0
900540129,LUPPOLO 66 50ML TM,1,0.33,0,0.00,0.00,,0-vendite,t,3,0
952055919,MYCOLLAGENLAB MYCOL HYALO ACT,1,0.33,0,0.00,0.00,,0-vendite,t,3,0
938224654,GEHWOL ANELLO CORRETTORE 3PZ,1,0.33,0,0.00,0.00,,0-vendite,t,4,0
951211743,CARDIOSTAX 60CPR,1,0.33,0,0.00,0.00,,0-vendite,t,1,0
950089247,OMRON NEBULIZZATORE C101 ESSEN,1,0.33,0,0.00,0.00,,0-vendite,f,6,2
980519019,MULTIVITAMINE&MINERALI50+30CPR,1,0.33,0,0.00,0.00,,0-vendite,f,99,0
989603067,PHOTODERM XDEFENSE50+ 01 40ML,1,0.33,0,0.00,0.00,,0-vendite,t,1,3
931450237,GIBAUD ORTHO MANUGIB 20 SX 3,1,0.33,0,0.00,0.00,,0-vendite,t,2,0
990039339,DIMOOD LARGE 20STICK 12G,1,0.33,2.00,75.20,0.00,0,inc-marg>100,f,99,0
982501468,ARTISALUS ACT FORTE PLUS 60CPS,1,0.33,0,0.00,0.00,,0-vendite,t,5,0
933949430,BISENGLUT BISCOTTO GRANULARE,1,0.33,0,0.00,0.00,,0-vendite,t,1,0
985513062,FILLER BIOTIC 15ML,1,0.33,0,0.00,0.00,,0-vendite,t,4,2
979239480,RAGAMED PLUS 75ML,1,0.33,0,0.00,0.00,,0-vendite,f,99,0
947147803,"SI NAILS MICO XPERT 4,5ML",1,0.33,0,0.00,0.00,,0-vendite,t,5,0
964283016,SECURDRAIN VIA CATET 25MM+ST30,1,0.33,0,0.00,0.00,,0-vendite,t,1,0
904081080,BUSTO ORTO CRISSC EL LOMB XL,1,0.33,0,0.00,0.00,,0-vendite,t,1,0
951331558,RILASTIL ACNESTIL GEL DET500ML,1,0.33,0,0.00,0.00,,0-vendite,t,4,3
935479244,COLEPAN FAST 20CPR,1,0.33,0,0.00,0.00,,0-vendite,f,15,0
922387218,SIG CO1 AD MN PA NATU,1,0.33,0,0.00,0.00,,0-vendite,t,1,0
940372675,SIDEREMIL VITA ORO 30BUST,1,0.33,0,0.00,0.00,,0-vendite,f,20,0
986902070,EPADETOX 60CPS,1,0.33,0,0.00,0.00,,0-vendite,f,6,0
989894480,PREMIER CRU CREMA OCCHI15ML,1,0.33,0,0.00,0.00,,0-vendite,t,13,17
934424476,DERMOVITAMINA FILM GEL 30ML,1,0.33,0,0.00,0.00,,0-vendite,f,99,0
975022942,HYALO GYN OVULI VAGINALI 10OV,1,0.33,0,0.00,0.00,,0-vendite,f,12,4
921112823,MEDIVEN FOR MEN GAMB NORM K2 3,1,0.33,0,0.00,0.00,,0-vendite,t,1,0
970722334,ONYCOPHASE SOL UNGUEALE15+15ML,1,0.33,0,0.00,0.00,,0-vendite,t,1,0
951050653,SAUGELLA UNDER THE SKIN BUNDLE,1,0.33,0,0.00,0.00,,0-vendite,t,1,7
931581526,LADYGLORIA 18 GAMB PU/A SAH 4,1,0.33,0,0.00,0.00,,0-vendite,t,1,0
913175598,"LEUKOTAPE K TAPING 2,5X500 BLU",1,0.33,0,0.00,0.00,,0-vendite,t,1,0
986885438,VARISAN TOP CCL1 AT PA BEI 2 P,1,0.33,0,0.00,0.00,,0-vendite,t,1,0
935982809,COLIMIL HUMANA 30ML,1,0.33,0,0.00,0.00,,0-vendite,f,31,6
926421684,PURES GEL FRESC CIRC 125ML,1,0.33,0,0.00,0.00,,0-vendite,t,4,0
924599234,PAMAL 30CPR,1,0.33,0,0.00,0.00,,0-vendite,t,2,0
942819412,FERTASK 20STICK PACK,1,0.33,0,0.00,0.00,,0-vendite,t,1,0
981350186,VARIFORM GINOCCH COT BEIGE 2,1,0.33,0,0.00,0.00,,0-vendite,t,1,0
925605673,PODIFER60 PLANTARE AMMORT 43,1,0.33,0,0.00,0.00,,0-vendite,t,1,0
944064462,I SORBETTI COCOMINT EDT 30ML,1,0.33,0,0.00,0.00,,0-vendite,t,3,0
942260338,EUPH COLORPRO XD610 BION S,1,0.33,0,0.00,0.00,,0-vendite,t,2,2
982089839,KLORANE SHAMPOO CHININA 100ML,1,0.33,0,0.00,0.00,,0-vendite,t,4,3
973292992,BIONIKE DEFENCE HAIR SH D200ML,1,0.33,0,0.00,0.00,,0-vendite,f,10,18
988032342,GOOVI DOPOSOLE LOVERS IN THE,1,0.33,0,0.00,0.00,,0-vendite,f,11,5
990679072,VITAMINE MAXIMUM B 180PAST,1,0.33,0,0.00,0.00,,0-vendite,t,2,0
903440028,L'AMANDE MARS CR CRP OLIO OLIV,1,0.33,0,0.00,0.00,,0-vendite,t,1,0
950085946,ENERGERA ULTRA 12FL,1,0.33,0,0.00,0.00,,0-vendite,t,1,0
987315518,ORALB IO3S BLU SPAZZ ELETTR,1,0.33,0,0.00,0.00,,0-vendite,f,99,0
921034498,ALPECIN ENERGIZER TON DOPOSH,1,0.33,0,0.00,0.00,,0-vendite,t,3,0
973921606,SCUDOTEX COLLANT 140 EX SKIN 3,1,0.33,0,0.00,0.00,,0-vendite,t,1,0
932178371,INTERPROX PLUS NANO ROSA 6PZ,1,0.33,0,0.00,0.00,,0-vendite,t,4,0
951364456,VITICIST URTO 10BUST,1,0.33,0,0.00,0.00,,0-vendite,f,99,0
989707082,FDR DERMO ZZZZ DOPO PUNTURA,1,0.33,0,0.00,0.00,,0-vendite,t,3,0
934975133,FILME NASALE OLIO 20ML,1,0.33,0,0.00,0.00,,0-vendite,t,5,2
939224806,NEW ASPIRET RESTYLESHED 1L,1,0.33,0,0.00,0.00,,0-vendite,t,1,0
952098756,EUCERIN ANTI-PIGMENT CREMA CRP,1,0.33,0,0.00,0.00,,0-vendite,f,99,0
021852013,COCARNITIN B12*OS 10FL 10ML,1,0.33,0,0.00,0.00,,0-vendite,f,17,11
923588192,REALSIL 40CPS,1,0.33,0,0.00,0.00,,0-vendite,f,21,0
950150692,BIOSCALIN TOTAL CARE SH R200ML,1,0.33,0,0.00,0.00,,0-vendite,t,1,8
976836193,POLSIERA STECCATA AMBID DL21 S,1,0.33,0,0.00,0.00,,0-vendite,t,1,0
907173797,DELIFAB AI CREMA VISO 50ML,1,0.33,0,0.00,0.00,,0-vendite,t,2,0
947225355,EUPHIDRA ESFOLIANTE RESTORE+L,1,0.33,0,0.00,0.00,,0-vendite,t,2,3
990226286,MELAVER CLEAN 400ML,1,0.33,0,0.00,0.00,,0-vendite,t,4,0
975019151,BENDA DAUERBINDE K 12X700 1PZ,1,0.33,0,0.00,0.00,,0-vendite,t,2,0
975922218,COLLAGENE BEAUTY 10STICK MONOD,1,0.33,0,0.00,0.00,,0-vendite,t,5,0
973292978,BIONIKE DEFENCE HAIR SH A/F GR,1,0.33,0,0.00,0.00,,0-vendite,t,1,1
925596898,APROPOS FLUPROTECT EFF C 20CPR,1,0.33,0,0.00,0.00,,0-vendite,t,2,9
990809004,VERSET ELIAN EDP 50ML,1,0.33,0,0.00,0.00,,0-vendite,t,4,0
920966241,NUTILIS POWDER ADDENSANTE 300G,1,0.33,0,0.00,0.00,,0-vendite,t,5,0
989893197,NUXE SUN OLIO SOL DOR30 150ML,1,0.33,0,0.00,0.00,,0-vendite,t,2,11
982541450,RILASTIL ELASTICIZZANTE 10F,1,0.33,0,0.00,0.00,,0-vendite,t,1,0
985638232,YOXA 30STICK PACK OROSOL,1,0.33,0,0.00,0.00,,0-vendite,t,1,0
982145563,FOGLIE DI TE' CREMA CORPO&MANI,1,0.33,0,0.00,0.00,,0-vendite,t,6,3
974988329,DOAFER 30CPS,1,0.33,0,0.00,0.00,,0-vendite,t,1,0
902224726,SPALLIERA NEOPRENE S OPPO,1,0.33,0,0.00,0.00,,0-vendite,t,1,0
951231998,DOLINPEA 30CPR RIVESTITE,1,0.33,0,0.00,0.00,,0-vendite,f,14,0
987646421,VIDERMINA CLX 500ML SP,1,0.33,0,0.00,0.00,,0-vendite,t,1,1
922555382,R&R FIORI DI RISO YOGURT 250G,1,0.33,0,0.00,0.00,,0-vendite,t,1,0
981475662,CERAVE OLIO DET IDRAT SCH473ML,1,0.33,0,0.00,0.00,,0-vendite,t,4,1
926876766,FLEBOMIX CREMA GEL 100ML,1,0.33,0,0.00,0.00,,0-vendite,t,5,0
930260928,SQUANORM LOZIONE 200ML DUCRAY,1,0.33,0,0.00,0.00,,0-vendite,t,1,1
951571684,DERCOS TECHNIQUE SH ENERG REF,1,0.33,0,0.00,0.00,,0-vendite,f,15,0
976399129,FETTE BISCOTTATE FARRO INTEG,1,0.33,0,0.00,0.00,,0-vendite,t,1,0
041631033,BUSCOFENACT*20CPS MOLLI 400MG,1,0.33,0,0.00,0.00,,0-vendite,f,99,25
971217500,BIATAIN SIL ADES SACRO 15X19CM,1,0.33,0,0.00,0.00,,0-vendite,t,4,0
934417445,LIPOLIPASE CREMAGEL 150ML,1,0.33,0,0.00,0.00,,0-vendite,f,99,0
985772704,PEDIAKID 22 VITAMINE/OLIGOELEM,1,0.33,0,0.00,0.00,,0-vendite,t,1,0
951358353,DORSOLOMBOTECH CORSETTO TG 4,1,0.33,0,0.00,0.00,,0-vendite,t,2,0
972472373,AVENE CLEANANCE HYDRA CREMA,1,0.33,0,0.00,0.00,,0-vendite,f,29,2
941585477,ESAPROST 30CPS,1,0.33,0,0.00,0.00,,0-vendite,t,4,0
941803722,ZALATT 20CPS GASTRORESISTENTI,1,0.33,0,0.00,0.00,,0-vendite,t,1,0
973338914,ANAFLOS FORTE 20CPR,1,0.33,0,0.00,0.00,,0-vendite,f,3,0
952125920,GLIALIA 700MG+70MG 30BUST,1,0.33,0,0.00,0.00,,0-vendite,f,16,0
984098691,REV EFFACE JOUR PLUS 30ML,1,0.33,0,0.00,0.00,,0-vendite,t,2,0
951485580,PODOVEN SUPRA CREMA 100ML,1,0.33,0,0.00,0.00,,0-vendite,t,1,0
950613467,MYVARIATIONS SPAZZ ELET SON VE,1,0.33,0,0.00,0.00,,0-vendite,t,1,0
972260614,RIGEAVIT 30CPR,1,0.33,0,0.00,0.00,,0-vendite,t,5,0
951125451,SEBIUM KERATO+ BODY 150ML,1,0.33,0,0.00,0.00,,0-vendite,t,1,5
939223602,AUSILIUM 20 PLUS,1,0.33,0,0.00,0.00,,0-vendite,t,2,0
976310882,W LIFE 60CPR,1,0.33,0,0.00,0.00,,0-vendite,t,4,0
976391197,REOXALL 100S FLUIDO FOTOPR50ML,1,0.33,0,0.00,0.00,,0-vendite,f,19,0
903958852,BETOTAL 20CPR RIVESTITE,1,0.33,0,0.00,0.00,,0-vendite,f,47,26
980911301,SUN SECURE HUILE SECHE SPF50+N,1,0.33,0,0.00,0.00,,0-vendite,t,4,9
900533757,CLOREXYDERM SHAMPOO 250ML,1,0.33,0,0.00,0.00,,0-vendite,t,5,0
987748670,THOTALE PLANTARE GELCOMFORT L,1,0.33,0,0.00,0.00,,0-vendite,t,1,0
986864534,NUTILIS AQUA GEL MELA 4PZ,1,0.33,0,0.00,0.00,,0-vendite,t,1,0
980802033,BUTIRRATO PURO LIQ ANALCO500ML,1,0.33,0,0.00,0.00,,0-vendite,t,4,0
900122767,BIOMINERAL DONNA 30CPR,1,0.33,0,0.00,0.00,,0-vendite,t,3,6
931581488,LADYGLORIA 18 COL PU/A SAH 2,1,0.33,0,0.00,0.00,,0-vendite,t,1,0
