tenant,sku,nome,click7,spesa7,pos,stock,vend_rete_15g,carrello90,azione
Farmacia Mandanici,978115804,LAEVOLAC FIBRE 100CPR,15,4.94,99,3,0,0,VALUTA_taglio
Farmacia Mandanici,927140689,ELMEX PROTEZIONE CARIE PROFESS,10,3.29,99,7,5.00,36,SPINGI_vende_rete15g
Farmacia Mandanici,922925767,OTOSAN GOCCE AURIC BIO 10ML,9,2.96,99,2,0,0,VALUTA_taglio
Farmacia Mandanici,940049974,PROCTOLYN NATURA CREMA 30ML,7,2.31,99,7,6.00,11,SPINGI_vende_rete15g
Farmacia Mandanici,951384003,POLASE SUPERMAG3 18STICK 2G,7,2.31,99,5,9.00,0,SPINGI_vende_rete15g
Farmacia Mandanici,989367204,VITAMINDERMINA POLVERE MENT VF,7,2.31,99,0,1.00,0,SPINGI_vende_rete15g
Farmacia Mandanici,989303615,ORALB FILO PROEXP PUL PROF 50M,4,1.32,99,1,0,0,VALUTA_taglio
Farmacia Mandanici,900582495,"SIRINGA BD Insulina 0,3ml Demi 30g",4,1.32,99,0,0,0,VALUTA_taglio
Farmacia Mandanici,988927366,VITAMINDERMINA POLVERE SPRAY,4,1.32,99,1,5.00,0,SPINGI_vende_rete15g
Farmacia Mandanici,904734643,RINOWASH KIT AZZ CAMPANA UNIV,4,1.32,99,3,3.00,19,SPINGI_vende_rete15g
Farmacia Mandanici,950837195,KIJIMEA K53 ADVANCE 10CPS,4,1.32,99,0,1.00,0,SPINGI_vende_rete15g
Farmacia Mandanici,951035753,MAVOSTEN MAGNESIO 120CPS,3,0.99,99,0,0,0,VALUTA_taglio
Farmacia Mandanici,989633831,ANTHELIOS FLUIDO UVAIR SPF50+,3,0.99,99,5,0,0,VALUTA_taglio
Farmacia Mandanici,948172388,LONGLIFE NICOTINAMIDE RIB30CPS,3,0.99,99,0,2.00,80,SPINGI_vende_rete15g
Farmacia Mandanici,950612301,CORTISOL STOP 60CPS,3,0.99,99,0,0,0,VALUTA_taglio
Farmacia Mandanici,926575465,POLICALM CREMA 400ML,3,0.99,99,0,3.00,0,SPINGI_vende_rete15g
Farmacia Mandanici,972071068,LIPIKAR LATTE 400ML,3,0.99,99,3,0,0,VALUTA_taglio
Farmacia Mandanici,987025665,PIC EASY WASH PERA CAN 224ML,3,0.99,99,0,0,0,VALUTA_taglio
Farmacia Mandanici,980254508,FITOSTIMOLINE PLUS GARZA 10X10,3,0.99,99,10,2.00,0,SPINGI_vende_rete15g
Farmacia Mandanici,987838810,STEPPER DIG ORTOP POSTOP AV S,3,0.99,99,0,1.00,0,SPINGI_vende_rete15g
Farmacia Mandanici,032148037,"DACRIOGEL*GEL TUBO 10G 0,3%",3,0.99,99,0,0,0,VALUTA_taglio
Farmacia Mandanici,926022904,IAP PHARMA 23 DONNA 150ML,3,0.99,99,1,0,2,CARRELLO
Farmacia Mandanici,978255242,EMOFLON POMATA RETTALE 25G,3,0.99,99,12,2.00,12,SPINGI_vende_rete15g
Farmacia Mandanici,909089031,ACQUA SIRMIONE MIN NAT 6F 15ML,3,0.99,99,34,7.00,22,SPINGI_vende_rete15g
Farmacia Mandanici,983768591,VERALAB VERAPUMP SIERO CIGLIA,3,0.99,99,1,0,23,CARRELLO
Farmacia Mandanici,931988380,CER MEDS FPORE 6X9CM 5PZ,3,0.99,99,50,0,0,VALUTA_taglio
Farmacia Mandanici,949862407,NEDEMAX 60CPR,2,0.66,99,0,1.00,0,SPINGI_vende_rete15g
Farmacia Mandanici,980126623,HYDROXIRAM 30BUST,2,0.66,99,0,7.00,0,SPINGI_vende_rete15g
Farmacia Mandanici,947423707,LONGLIFE BERBERIN+ 60TAV RIVES,2,0.66,99,0,2.00,0,SPINGI_vende_rete15g
Farmacia Mandanici,940562895,DERMAFRESH 96H ODOR CONTR150ML,2,0.66,99,3,0,0,VALUTA_taglio
Farmacia Mandanici,944282324,SAUGELLA INTIMO&CORPO 500ML,2,0.66,99,8,5.00,0,SPINGI_vende_rete15g
Farmacia Mandanici,921773836,SOFARGEN SPRAY MEDIC POLV125ML,2,0.66,99,20,3.00,19,SPINGI_vende_rete15g
Farmacia Mandanici,933953578,CORTIPET 50ML,2,0.66,99,1,1.00,0,SPINGI_vende_rete15g
Farmacia Mandanici,934296753,HAUSCHKA CURA BELLEZ NOTTE 50F<,2,0.66,99,0,0,16,CARRELLO
Farmacia Mandanici,977676117,BRUDYMACULA 60CPS,2,0.66,99,0,1.00,0,SPINGI_vende_rete15g
Farmacia Mandanici,974380394,REV DERMOGEL 250ML,2,0.66,99,0,0,0,VALUTA_taglio
Farmacia Mandanici,947244618,CAROBIN PET FORTE 30CPR,2,0.66,99,0,4.00,0,SPINGI_vende_rete15g
Farmacia Mandanici,940742911,DERMOVITAMINA RAGADI NA/LA VAS,2,0.66,99,2,0,0,VALUTA_taglio
Farmacia Mandanici,988771489,MICRONIL DOL 60CPR,2,0.66,99,0,3.00,0,SPINGI_vende_rete15g
Farmacia Mandanici,975896440,GIBAUD ORTHO DORSOLOMBOGIB 4,2,0.66,99,0,1.00,0,SPINGI_vende_rete15g
Farmacia Mandanici,934758665,EOSKIN 30ML,2,0.66,99,1,0,0,VALUTA_taglio
Farmacia Mandanici,975454986,CONNETTIVINASILVER PLUS SPRAY,2,0.66,99,2,4.00,0,SPINGI_vende_rete15g
Farmacia Mandanici,949897882,PRONTEX BRACCIALE COMFORT,2,0.66,99,0,2.00,0,SPINGI_vende_rete15g
Farmacia Mandanici,985823780,IALUSET SUN SCOTTATURE/IRR SOL,2,0.66,99,4,0,0,VALUTA_taglio
Farmacia Mandanici,985520838,VITGASE FORTE 18BUST,2,0.66,99,0,24.00,14,SPINGI_vende_rete15g
Farmacia Mandanici,924451913,MELATONINA ACT +VAL+FT5C 60CPR,2,0.66,99,21,9.00,12,SPINGI_vende_rete15g
Farmacia Mandanici,934851421,OVARIC HP 30BUST,2,0.66,99,0,1.00,0,SPINGI_vende_rete15g
Farmacia Mandanici,984781272,OTOSCUDO PELLICOLA AURICOLARE,2,0.66,99,0,1.00,0,SPINGI_vende_rete15g
Farmacia Mandanici,908030505,ALCOOL ETILICO Puro 96% 100ml Alco,2,0.66,99,0,0,0,VALUTA_taglio
Farmacia Mandanici,984733562,MONURELLE PLUS AF 15CPS,2,0.66,99,9,2.00,29,SPINGI_vende_rete15g
Farmacia Mandanici,952119980,ORALB REFILL STITCH 3PZ,2,0.66,99,2,0,0,VALUTA_taglio
Farmacia Mandanici,028523013,METRONIDAZOLO SAME*GEL 30G 1%,2,0.66,99,2,2.00,9,SPINGI_vende_rete15g
Farmacia Mandanici,984146047,POLASE HYDRATION LAMPONE12BUST,2,0.66,99,1,0,0,VALUTA_taglio
Farmacia Mandanici,990312961,MULTICENTRUM U50+ 30CPR PROM26,2,0.66,99,2,0,0,VALUTA_taglio
Farmacia Mandanici,941079042,ARTIKRILL DOL CANE 60PRL,2,0.66,99,0,15.00,9,SPINGI_vende_rete15g
Farmacia Mandanici,926828409,ADAPTIL CALM COLLARE S,2,0.66,99,0,0,0,VALUTA_taglio
Farmacia Mandanici,909164461,SCHOLL CER CALLIF CALLI DU 8PZ,2,0.66,99,0,0,0,CARRELLO
Farmacia Mandanici,983801667,ZYMEREX GONFIORE FLUID AN15BUS,2,0.66,99,0,3.00,0,SPINGI_vende_rete15g
Farmacia Mandanici,921232664,PESCURA HEEL ORIG BYCAST SAB39,2,0.66,99,0,1.00,0,SPINGI_vende_rete15g
Farmacia Mandanici,951094426,MOVIGO 20BUST,2,0.66,99,11,5.00,0,SPINGI_vende_rete15g
Farmacia Mandanici,938810963,GINEPRO NERO PROFUMO 50ML,2,0.66,99,0,0,0,VALUTA_taglio
Farmacia Mandanici,989820105,DENTALPRO REMINERAL SMALT30CPR,2,0.66,99,1,0,4,CARRELLO
Farmacia Mandanici,908043250,AMUCHINA 100% 500ML,2,0.66,99,4,1.00,12,SPINGI_vende_rete15g
Farmacia Mandanici,989404684,LIPIKAR GEL UREA 30%,2,0.66,99,2,1.00,0,SPINGI_vende_rete15g
Farmacia Mandanici,040932079,SOLMUCOL MUCOLITICO*30CPR600MG,2,0.66,99,5,0,14,CARRELLO
Farmacia Mandanici,982596328,ZYMEREX GONFIORE PLUS 20CPR,2,0.66,99,10,11.00,13,SPINGI_vende_rete15g
Farmacia Mandanici,906496928,PROXEED NF 20BUST,2,0.66,99,0,0,0,VALUTA_taglio
Farmacia Mandanici,940089802,PRODIV 20BUST,1,0.33,99,1,0,0,VALUTA_taglio
Farmacia Mandanici,972264636,BLEFASTOP GARZA COT PIE RX 28P,1,0.33,99,0,0,0,VALUTA_taglio
Farmacia Mandanici,972730612,BOSKIN CREMA 500ML,1,0.33,99,0,6.00,0,SPINGI_vende_rete15g
Farmacia Mandanici,973293071,DEFENCE BODY REDUCELL SNE200ML,1,0.33,99,0,0,0,VALUTA_taglio
Farmacia Mandanici,944763212,TALCO MENTOLATO ZETA 100G,1,0.33,99,18,0,0,VALUTA_taglio
Farmacia Mandanici,973953944,PROSTAMOL 60CPS MOLLI,1,0.33,99,6,4.00,18,SPINGI_vende_rete15g
Farmacia Mandanici,941079055,ARTIKRILL DOL CANE 200PRL,1,0.33,99,0,110.00,10,SPINGI_vende_rete15g
Farmacia Mandanici,974015214,AMIDO RISO BAGNO 150G,1,0.33,99,0,0,0,VALUTA_taglio
Farmacia Mandanici,974058341,SENSIQUELL CR DET CANOVA 400ML,1,0.33,99,0,0,0,VALUTA_taglio
Farmacia Mandanici,944768466,MINERALDEP 20BUST,1,0.33,99,0,4.00,0,SPINGI_vende_rete15g
Farmacia Mandanici,974388516,BRAVA CEROTTO IDROCOL XL 20PZ,1,0.33,99,0,5.00,0,SPINGI_vende_rete15g
Farmacia Mandanici,974887743,NUTRIVA VEGAN B12 60CPR 1000MC,1,0.33,99,0,0,0,VALUTA_taglio
Farmacia Mandanici,940085970,LONGLIFE L-GLYCINE500MG 100CPS,1,0.33,99,0,1.00,0,SPINGI_vende_rete15g
Farmacia Mandanici,908485701,GL1 M&D SALBE CREMA 50ML,1,0.33,99,1,0,0,VALUTA_taglio
Farmacia Mandanici,908648708,DELTACRIN SHAMPOO PHARCOS 250M,1,0.33,99,0,4.00,0,SPINGI_vende_rete15g
Farmacia Mandanici,908869694,BENDA PIC AURIC DRESSF CM2X5M,1,0.33,99,0,0,0,VALUTA_taglio
Farmacia Mandanici,908924626,KLISTER ENTEROCLISMA VIAGGIO,1,0.33,99,1,1.00,0,SPINGI_vende_rete15g
Farmacia Mandanici,908929084,P6 NAUSEA CONTROL BRACCIALE AD,1,0.33,99,6,0,3,CARRELLO
Farmacia Mandanici,909036699,NOCAVITY KIT OTTURAZIONI,1,0.33,99,9,0,0,VALUTA_taglio
Farmacia Mandanici,909390104,SEBAMED DET LIQ 1000ML,1,0.33,99,0,1.00,0,SPINGI_vende_rete15g
Farmacia Mandanici,909475358,HOMEOPLASMINE POM 40G,1,0.33,99,0,0,0,VALUTA_taglio
Farmacia Mandanici,910819186,SERENA OVULI 10OV 20G,1,0.33,99,1,10.00,18,SPINGI_vende_rete15g
Farmacia Mandanici,920368723,ONETOUCH VERIO GLICEMIA 25STR,1,0.33,99,2,7.00,0,SPINGI_vende_rete15g
Farmacia Mandanici,920368735,ONETOUCH VERIO GLICEMIA 50STR,1,0.33,99,0,5.00,10,SPINGI_vende_rete15g
Farmacia Mandanici,920368747,ONETOUCH VERIO CONTROL SOL 2PZ,1,0.33,99,0,2.00,0,SPINGI_vende_rete15g
Farmacia Mandanici,921197669,ALGENIL CREMA MASSAGGI 50ML,1,0.33,99,8,0,0,VALUTA_taglio
Farmacia Mandanici,921232447,PESCURA FLAT ORIG BYCAST SAB42,1,0.33,99,0,1.00,0,SPINGI_vende_rete15g
Farmacia Mandanici,921232649,PESCURA HEEL ORIG BYCAST SAB37,1,0.33,99,0,3.00,0,SPINGI_vende_rete15g
Farmacia Mandanici,921671412,AUDISPRAY ADULT IGIENE SPR50ML,1,0.33,99,4,2.00,0,SPINGI_vende_rete15g
Farmacia Mandanici,952126112,PRINCIPIUM SUN BEAUTY 60CPR,1,0.33,99,0,0,0,VALUTA_taglio
Farmacia Mandanici,970488829,KIJIMEA COLON IRRITABILE 28CPS,1,0.33,99,0,1.00,0,SPINGI_vende_rete15g
Farmacia Mandanici,921732867,ISOMAR NASO SPRAY DECONGES50ML,1,0.33,99,2,0,10,CARRELLO
Farmacia Mandanici,922859943,"AQUACEL FOAM ADH 12,5X12,5 10P",1,0.33,99,0,0,0,VALUTA_taglio
Farmacia Mandanici,924546221,CARPINO BI 500ML ANALCO GEM10+,1,0.33,99,0,1.00,0,SPINGI_vende_rete15g
Farmacia Mandanici,924924830,ARIFER PLUS 30CPS,1,0.33,99,0,3.00,0,SPINGI_vende_rete15g
Farmacia Mandanici,925870180,TENA LADY SUPER 15PZ,1,0.33,99,3,0,0,VALUTA_taglio
Farmacia Mandanici,926084880,MICOCORD 70CPS,1,0.33,99,0,0,0,VALUTA_taglio
Farmacia Mandanici,926239195,RESTOMYL DENTALCROC 150G,1,0.33,99,0,0,13,CARRELLO
Farmacia Mandanici,971085081,BISCOTTI AI CEREALI BIO,1,0.33,99,0,2.00,0,SPINGI_vende_rete15g
Farmacia Mandanici,926831153,HELIONORM ORAL 30CPR,1,0.33,99,0,4.00,0,SPINGI_vende_rete15g
Farmacia Mandanici,926876766,FLEBOMIX CREMA GEL 100ML,1,0.33,99,0,1.00,0,SPINGI_vende_rete15g
Farmacia Mandanici,943303545,LONGLIFE MAGNESIUM 375 POWDER,1,0.33,99,0,4.00,0,SPINGI_vende_rete15g
Farmacia Mandanici,927118087,NEUROKEN 36CPS,1,0.33,99,0,0,0,VALUTA_taglio
Farmacia Mandanici,927604518,FIOREGLUT FARINA DOLC+PANE+PIZ,1,0.33,99,0,0,0,VALUTA_taglio
Farmacia Mandanici,930411145,SINOVIAL 32 SIR INTRA-ART 3PZ,1,0.33,99,0,0,0,VALUTA_taglio
Farmacia Mandanici,971101720,MAGSOL 5 PLUS 60CPR,1,0.33,99,0,0,0,VALUTA_taglio
Farmacia Mandanici,931075170,IMMUNO SKIN PLUS 20BUST,1,0.33,99,0,0,15,CARRELLO
Farmacia Mandanici,971325271,PEDIAKD PLUS 5ML,1,0.33,99,0,0,0,VALUTA_taglio
Farmacia Mandanici,931430526,VEA BUA SPRAY OLIO BASE 50ML,1,0.33,99,1,1.00,27,SPINGI_vende_rete15g
Farmacia Mandanici,931988392,MEDS PORE MEDIC 10X9CM 5PZ,1,0.33,99,6,0,0,VALUTA_taglio
Farmacia Mandanici,933886362,NAUSIL PLUS 30CPR,1,0.33,99,2,2.00,0,SPINGI_vende_rete15g
Farmacia Mandanici,934509757,MATT PHARMA MAGNESIO 30CPR,1,0.33,99,0,0,0,VALUTA_taglio
Farmacia Mandanici,934737394,CICATRIDINA POMATA 60G,1,0.33,99,2,5.00,0,SPINGI_vende_rete15g
Farmacia Mandanici,971393917,B-VITAL TOTALE 30CPR RIVESTITE,1,0.33,99,1,9.00,0,SPINGI_vende_rete15g
Farmacia Mandanici,935190393,ENTEROGERMINA GONFIORE 10BUST,1,0.33,99,9,2.00,0,SPINGI_vende_rete15g
Farmacia Mandanici,971484252,OMEGOR KRILL 60CPS MOLLI,1,0.33,99,0,2.00,0,SPINGI_vende_rete15g
Farmacia Mandanici,935236796,LONGLIFE HERICIUM BIO 60CPS,1,0.33,99,0,0,0,VALUTA_taglio
Farmacia Mandanici,943808307,CISTISET FORTE 8STICK 10ML,1,0.33,99,12,0,0,VALUTA_taglio
Farmacia Mandanici,935501369,VEA LIPO3 EMOLLIENTE IDRAT,1,0.33,99,0,6.00,0,SPINGI_vende_rete15g
Farmacia Mandanici,935501383,VEA LUBRIVIT OLIO LUBRIFICANTE,1,0.33,99,0,2.00,10,SPINGI_vende_rete15g
Farmacia Mandanici,935576025,EUSELIDIUM 30CPR,1,0.33,99,0,13.00,0,SPINGI_vende_rete15g
Farmacia Mandanici,971621964,CONNETTIVINABIO CREMA 25G,1,0.33,99,36,5.00,0,SPINGI_vende_rete15g
Farmacia Mandanici,935619395,FORTIMUNAL 15CPS,1,0.33,99,0,0,0,VALUTA_taglio
Farmacia Mandanici,935669655,VITGASE 30CPR,1,0.33,99,1,6.00,0,SPINGI_vende_rete15g
Farmacia Mandanici,971647072,IPB-3 30CPR,1,0.33,99,0,2.00,0,SPINGI_vende_rete15g
Farmacia Mandanici,935740946,MELLIS CAP SH RID LEN 200ML,1,0.33,99,2,4.00,9,SPINGI_vende_rete15g
Farmacia Mandanici,938060187,NIGHT&DAY COMF SOLETTA 1PAIO,1,0.33,99,0,0,0,VALUTA_taglio
Farmacia Mandanici,938751649,PSORISDIN SHAMPOO,1,0.33,99,0,1.00,0,SPINGI_vende_rete15g
Farmacia Mandanici,939068146,BORAL SPRAY AURICOLARE 100ML,1,0.33,99,0,5.00,0,SPINGI_vende_rete15g
Farmacia Mandanici,939362568,ACUFEN PLUS 30CPR,1,0.33,99,1,3.00,9,SPINGI_vende_rete15g
Farmacia Mandanici,939385821,CLARUBIN GTT OCULARI 20F MONOD,1,0.33,99,0,1.00,0,SPINGI_vende_rete15g
Farmacia Mandanici,939464424,CLIAXIN SPRAY S/GAS 100ML,1,0.33,99,10,0,0,VALUTA_taglio
Farmacia Mandanici,939929838,POTASSIO 60CPS,1,0.33,99,0,1.00,0,SPINGI_vende_rete15g
Farmacia Mandanici,939953776,BERBEROL 30CPR,1,0.33,99,0,19.00,11,SPINGI_vende_rete15g
Farmacia Mandanici,971715976,NORAD 30CPR 900MG,1,0.33,99,0,6.00,0,SPINGI_vende_rete15g
Farmacia Mandanici,940005224,PROSTADEP FLOGO 20SOFTGEL,1,0.33,99,0,9.00,23,SPINGI_vende_rete15g
Farmacia Mandanici,972050874,DUREX INTENSE ORGASMIC GEL,1,0.33,99,1,1.00,0,SPINGI_vende_rete15g
Farmacia Mandanici,940009044,CANDINET GYNO-BALANCE 7TUB 5ML,1,0.33,99,2,4.00,15,SPINGI_vende_rete15g
Farmacia Mandanici,944166103,NANCARE FLORA EQUILIBRIUM 20BS,1,0.33,99,0,2.00,0,SPINGI_vende_rete15g
Farmacia Mandanici,982682217,SATILIA 60CPS,1,0.33,99,0,3.00,0,SPINGI_vende_rete15g
Farmacia Mandanici,982999118,DEFENCE SUN SPRAY TRANSP 50+,1,0.33,99,0,2.00,0,SPINGI_vende_rete15g
Farmacia Mandanici,982999260,DEFENCE SUN B&K LATTE SPR 50+,1,0.33,99,0,2.00,0,SPINGI_vende_rete15g
Farmacia Mandanici,983361650,GIBAUD ORTHO MANUGIB TRAU DX 1,1,0.33,99,0,0,0,VALUTA_taglio
Farmacia Mandanici,941971400,BIOCLIN DEO CONTROL ROLLON VF,1,0.33,99,0,0,12,CARRELLO
Farmacia Mandanici,983698034,XANTERDES SOLUZIONE OFT 20PZ,1,0.33,99,0,10.00,0,SPINGI_vende_rete15g
Farmacia Mandanici,983785092,RIVESCAL PSO SHAMPOO 200ML CAN,1,0.33,99,0,6.00,0,SPINGI_vende_rete15g
Farmacia Mandanici,983801642,ZYMEREX INTOLLERANZE TOT 20CPR,1,0.33,99,4,4.00,10,SPINGI_vende_rete15g
Farmacia Mandanici,949865859,EUTROPHIC 20STICK OROSOLUBILI,1,0.33,99,0,0,0,VALUTA_taglio
Farmacia Mandanici,984598490,LACTOBIF 8ML,1,0.33,99,2,2.00,0,SPINGI_vende_rete15g
Farmacia Mandanici,949879290,PROFLUID PET SCIROPPO 85ML,1,0.33,99,0,0,0,VALUTA_taglio
Farmacia Mandanici,984623090,TECNIWORK MASCHERA PIEDI RIGEN,1,0.33,99,0,5.00,0,SPINGI_vende_rete15g
Farmacia Mandanici,984649222,RETIBEN PLUS 20STICK,1,0.33,99,0,1.00,0,SPINGI_vende_rete15g
Farmacia Mandanici,984779304,CB12 TRATTAMENTO ALITOSI 500ML,1,0.33,99,0,2.00,0,SPINGI_vende_rete15g
Farmacia Mandanici,984814448,CARDIOSI' PLUS NEW 20CPR,1,0.33,99,0,3.00,0,SPINGI_vende_rete15g
Farmacia Mandanici,984901379,TONIMER EYES BABY SALV OFT16PZ,1,0.33,99,18,3.00,0,SPINGI_vende_rete15g
Farmacia Mandanici,985605207,MELASCREEN CONCENTRATO A/MACCH,1,0.33,99,0,0,0,VALUTA_taglio
Farmacia Mandanici,985774381,TRIVIS DONNA PLUS 30CPS,1,0.33,99,0,12.00,0,SPINGI_vende_rete15g
Farmacia Mandanici,986075240,NORMOTIR 30CPS MOLLI,1,0.33,99,0,0,0,VALUTA_taglio
Farmacia Mandanici,986106817,ZIMER 1200 30BUST,1,0.33,99,0,12.00,0,SPINGI_vende_rete15g
Farmacia Mandanici,986173274,SENSODYNE SENS&ENAME MINT 75ML,1,0.33,99,2,0,0,VALUTA_taglio
Farmacia Mandanici,986485910,STIPSIGOL PLUS 20BUST,1,0.33,99,0,5.00,0,SPINGI_vende_rete15g
Farmacia Mandanici,949892261,OMOMIND 20CPR,1,0.33,99,0,5.00,0,SPINGI_vende_rete15g
Farmacia Mandanici,986497220,RILASTIL SMAGLIATURE 10FX5ML,1,0.33,99,0,1.00,0,SPINGI_vende_rete15g
Farmacia Mandanici,986736369,HIPP AC 30ML,1,0.33,99,10,0,0,VALUTA_taglio
Farmacia Mandanici,986828325,CAPINERV DOL 20CPR GASTROPROT,1,0.33,99,0,0,0,VALUTA_taglio
Farmacia Mandanici,986885818,SELFTEST GLUTINE SOFARMAPIU',1,0.33,99,1,0,0,VALUTA_taglio
Farmacia Mandanici,986887471,SELFTEST HIV 1/2 SOFARMAPIU',1,0.33,99,0,0,0,VALUTA_taglio
Farmacia Mandanici,950000000,FITOSTEROLI PLUS 180PAST,1,0.33,99,0,0,0,VALUTA_taglio
Farmacia Mandanici,987296504,BIOCLIN DEO INTIMATE SPR 100ML,1,0.33,99,4,0,0,VALUTA_taglio
Farmacia Mandanici,987315811,SCREEN TEST CANDIDA SELFTEST1P,1,0.33,99,0,0,0,VALUTA_taglio
Farmacia Mandanici,987406271,NOVA EMOSTOP TAMPONE EMOSTATIC,1,0.33,99,1,0,0,VALUTA_taglio
Farmacia Mandanici,942543950,BIANCO D'AMBRA EDP 50ML,1,0.33,99,0,0,0,VALUTA_taglio
Farmacia Mandanici,950017943,TORELLO PERFORM CAMP28BUST 2PZ,1,0.33,99,0,2.00,0,SPINGI_vende_rete15g
Farmacia Mandanici,987406752,EIRENE 90CPR,1,0.33,99,0,2.00,0,SPINGI_vende_rete15g
Farmacia Mandanici,987419443,YAMAMOTO R BROMELINA 30CPR,1,0.33,99,0,3.00,0,SPINGI_vende_rete15g
Farmacia Mandanici,987666649,ENZYM ACTIVE PANCIA PIATT30CPS,1,0.33,99,1,7.00,0,SPINGI_vende_rete15g
Farmacia Mandanici,987802004,GASTROTAXIL 120ML,1,0.33,99,0,13.00,0,SPINGI_vende_rete15g
Farmacia Mandanici,987834506,OTINOVA SPRAY AURICOLARE 15ML,1,0.33,99,0,1.00,0,SPINGI_vende_rete15g
Farmacia Mandanici,987867431,ZREEN MAGNESIO GLICINATO120CPS,1,0.33,99,0,1.00,0,SPINGI_vende_rete15g
Farmacia Mandanici,987904695,KALOIDON GEL CICATRICI 30ML,1,0.33,99,0,1.00,0,SPINGI_vende_rete15g
Farmacia Mandanici,988027660,BIOTON MEMORIA COMPLEX 14FL,1,0.33,99,1,0,5,CARRELLO
Farmacia Mandanici,988128942,PEDIASURE TEENAGER CIOC 400G,1,0.33,99,0,0,0,VALUTA_taglio
Farmacia Mandanici,988672224,STARDEA MAGNESIO BISGLICI60CPR,1,0.33,99,0,3.00,4,SPINGI_vende_rete15g
Farmacia Mandanici,950069613,CARNIUM BOT HER BIOTIC 30CPS,1,0.33,99,0,0,0,VALUTA_taglio
Farmacia Mandanici,988672287,STARDEA ZINCO BISGLICINAT60CPS,1,0.33,99,0,0,0,VALUTA_taglio
Farmacia Mandanici,950069955,RILASTIL XEROLACT OLIO DET,1,0.33,99,0,0,22,CARRELLO
Farmacia Mandanici,988922593,SALI DI ISCHIA CR NUTR ESTREMO,1,0.33,99,0,0,0,VALUTA_taglio
Farmacia Mandanici,988925246,GOLD COLLAGEN ANTI AGE LIP VOL,1,0.33,99,0,0,0,VALUTA_taglio
Farmacia Mandanici,988991713,EMODEX 30CPR,1,0.33,99,0,2.00,0,SPINGI_vende_rete15g
Farmacia Mandanici,989000245,PEDIAKAPPA PLUS 150 5ML,1,0.33,99,1,0,0,VALUTA_taglio
Farmacia Mandanici,989022999,BIOCLIN PRO CREMA BALS RINFOR,1,0.33,99,8,2.00,0,SPINGI_vende_rete15g
Farmacia Mandanici,989242526,CLEARBLUE TEST OVUL AVANZATO20,1,0.33,99,2,0,10,CARRELLO
Farmacia Mandanici,950086227,NERADIN FORTE 30CPS,1,0.33,99,0,2.00,6,SPINGI_vende_rete15g
Farmacia Mandanici,989305103,DEMALIPE EMULSIONE 200ML,1,0.33,99,0,1.00,0,SPINGI_vende_rete15g
Farmacia Mandanici,989355920,ESOXX PROTECTION 20BUST 10ML,1,0.33,99,1,0,0,VALUTA_taglio
Farmacia Mandanici,950265811,VITAMINDERMINA GEL DET LENIT,1,0.33,99,3,0,15,CARRELLO
Farmacia Mandanici,989409139,"ISOMAR OCCHI SEC AI 0,25% 10ML",1,0.33,99,0,6.00,12,SPINGI_vende_rete15g
Farmacia Mandanici,989634480,L'ANGELICA DRENANTE A/CEL60CPR,1,0.33,99,1,0,15,CARRELLO
Farmacia Mandanici,989869084,DEO PRO ACTIVE VAPO 100G PROMO,1,0.33,99,4,0,0,VALUTA_taglio
Farmacia Mandanici,989889821,VIBRACELL 8FL,1,0.33,99,5,1.00,0,SPINGI_vende_rete15g
Farmacia Mandanici,990043996,BIOFLOR 30CPS VEGETALI,1,0.33,99,0,28.00,0,SPINGI_vende_rete15g
Farmacia Mandanici,990087241,FARABELLA COOKIE MIRT PRO 38G,1,0.33,99,0,0,0,VALUTA_taglio
Farmacia Mandanici,950276713,GIBAUD ORTHO CORS LOMB ACT V 2,1,0.33,99,0,0,0,VALUTA_taglio
Farmacia Mandanici,990407811,GOLD COLLAGEN FORTE LIQ10STICK,1,0.33,99,7,13.00,26,SPINGI_vende_rete15g
Farmacia Mandanici,950301390,CLOGIN REPAIR OVULI VAG 10OV,1,0.33,99,0,1.00,0,SPINGI_vende_rete15g
Farmacia Mandanici,990478378,FOTOULTRA REDNESS SPF50 50ML,1,0.33,99,0,0,12,CARRELLO
Farmacia Mandanici,950308585,SAME 60PAST,1,0.33,99,0,0,0,VALUTA_taglio
Farmacia Mandanici,990540421,ANEDOX 30CPR,1,0.33,99,0,1.00,0,SPINGI_vende_rete15g
Farmacia Mandanici,950405047,VITREOLISINA PLUS 30BUST,1,0.33,99,0,8.00,15,SPINGI_vende_rete15g
Farmacia Mandanici,990713190,PEDIAPEG 20BUST,1,0.33,99,0,1.00,0,SPINGI_vende_rete15g
Farmacia Mandanici,942692423,DUOLIVER PLUS 24CPR,1,0.33,99,0,1.00,0,SPINGI_vende_rete15g
Farmacia Mandanici,800106205,MUCOKEHL D5 20CPR SANUM,1,0.33,99,0,0,0,VALUTA_taglio
Farmacia Mandanici,102330014,PRALEN*12CPR MAST FL,1,0.33,99,0,1.00,0,SPINGI_vende_rete15g
Farmacia Mandanici,046080026,ENTEROGERMINA*OS 10FL 2MLD/5ML,1,0.33,99,0,2.00,0,SPINGI_vende_rete15g
Farmacia Mandanici,045625011,VOLTAREN EMULGEL*GEL 100G 1%,1,0.33,99,0,3.00,0,SPINGI_vende_rete15g
Farmacia Mandanici,950835518,SARGENOR 20F 5ML NF,1,0.33,99,0,0,0,VALUTA_taglio
Farmacia Mandanici,950836205,MAVOSTEN MAGNESIO 60CPS,1,0.33,99,0,0,0,VALUTA_taglio
Farmacia Mandanici,943008437,EUTRIS PLUS 30CPR,1,0.33,99,0,12.00,0,SPINGI_vende_rete15g
Farmacia Mandanici,950837207,KIJIMEA K53 ADVANCE 20CPS,1,0.33,99,0,13.00,18,SPINGI_vende_rete15g
Farmacia Mandanici,044038053,MAALOX*40CPR MAST 400MG+400MG,1,0.33,99,0,3.00,0,SPINGI_vende_rete15g
Farmacia Mandanici,004558185,NEONISIDINA*12CPR,1,0.33,99,35,2.00,0,SPINGI_vende_rete15g
Farmacia Mandanici,042685014,DICLOREUM ANT LOC*10CER MED180,1,0.33,99,13,5.00,0,SPINGI_vende_rete15g
Farmacia Mandanici,042311023,MINOXIDIL BIORGA*SOL CUT 3FL5%,1,0.33,99,1,4.00,0,SPINGI_vende_rete15g
Farmacia Mandanici,800164446,"LEDUM Comp.10f.2,2ml",1,0.33,99,0,0,13,CARRELLO
Farmacia Mandanici,041218025,ZERINOACTIV*20CPR 200MG+30MG,1,0.33,99,1,0,0,VALUTA_taglio
Farmacia Mandanici,036720023,"ROSICED*CREMA 30G 0,75%",1,0.33,99,0,0,0,VALUTA_taglio
Farmacia Mandanici,800601229,2LXFS 30CPS,1,0.33,99,0,1.00,0,SPINGI_vende_rete15g
Farmacia Mandanici,951125069,SIRINGA INSULINA 1 30PZ SOFARM,1,0.33,99,0,0,0,VALUTA_taglio
Farmacia Mandanici,034936157,FLUIMUCIL MUCOL*SCIR600MG/15ML,1,0.33,99,28,1.00,9,SPINGI_vende_rete15g
Farmacia Mandanici,951141504,MULTICENTRUM AGE ANTIOX CELL,1,0.33,99,3,0,0,VALUTA_taglio
Farmacia Mandanici,034936106,FLUIMUCIL MUCOL*30BUST200MGS/Z,1,0.33,99,10,3.00,0,SPINGI_vende_rete15g
Farmacia Mandanici,943285635,RIBES PET SOLLIEVO 60PRL,1,0.33,99,0,16.00,0,SPINGI_vende_rete15g
Farmacia Mandanici,951164209,MAGNESIO BISGLICINATO 60PAST,1,0.33,99,0,1.00,0,SPINGI_vende_rete15g
Farmacia Mandanici,900051638,CLINNER INTIMO DETERGENTE500ML,1,0.33,99,0,2.00,0,SPINGI_vende_rete15g
Farmacia Mandanici,032182077,"SODIO CLORURO EUROS*0,9%1000ML",1,0.33,99,0,0,0,VALUTA_taglio
Farmacia Mandanici,951240199,IMBABY LECCA LECCA CAMOM 20PZ,1,0.33,99,0,0,0,VALUTA_taglio
Farmacia Mandanici,951309677,LINFOCINETIC CREMA 100ML,1,0.33,99,0,0,0,VALUTA_taglio
Farmacia Mandanici,029319011,CLISMA FLEET PRONTO USO*133 ML,1,0.33,99,39,1.00,5,SPINGI_vende_rete15g
Farmacia Mandanici,026814158,"PORTOLAC*SCIR FL 200ML 66,67G",1,0.33,99,4,0,0,VALUTA_taglio
Farmacia Mandanici,951358290,SALIPIL BIOME 50ML,1,0.33,99,0,0,0,VALUTA_taglio
Farmacia Mandanici,026045029,CANESTEN UNIDIE*CREMA 30G 1%,1,0.33,99,10,4.00,0,SPINGI_vende_rete15g
Farmacia Mandanici,025915012,SKINOREN*CREMA 30G 20%,1,0.33,99,0,3.00,11,SPINGI_vende_rete15g
Farmacia Mandanici,025519063,"MAG 2*OS SOLUZ 20BUST1,5G/10ML",1,0.33,99,3,4.00,0,SPINGI_vende_rete15g
Farmacia Mandanici,951507779,POLASE PLUS CARNITINA PRO24BUS,1,0.33,99,5,4.00,0,SPINGI_vende_rete15g
Farmacia Mandanici,951692654,BUTIDEP CAPSULE,1,0.33,99,0,3.00,0,SPINGI_vende_rete15g
Farmacia Mandanici,025349109,TRAVOGEN*CREMA DERM 20G 1%,1,0.33,99,0,4.00,0,SPINGI_vende_rete15g
Farmacia Mandanici,023185059,LISOMUCIL TOSSE MUC*AD SCIR 5%,1,0.33,99,1,2.00,0,SPINGI_vende_rete15g
Farmacia Mandanici,021528157,"TAMARINE*MARMEL260G 80+3,9MG/G",1,0.33,99,26,3.00,33,SPINGI_vende_rete15g
Farmacia Mandanici,018610042,CARNITENE*OS 10FL 1G/10ML,1,0.33,99,3,2.00,0,SPINGI_vende_rete15g
Farmacia Mandanici,010386098,HIRUDOID 40000UI*CREMA 100G,1,0.33,99,0,9.00,19,SPINGI_vende_rete15g
Farmacia Mandanici,900176227,LONGLIFE AMINO COMPLEX 60TAV,1,0.33,99,0,0,0,VALUTA_taglio
Farmacia Mandanici,900314752,ACTIMOUSSE SCHIUMA DETERGENTE,1,0.33,99,1,7.00,0,SPINGI_vende_rete15g
Farmacia Mandanici,900866551,EUPH SKIN CR ANTIR 40ML,1,0.33,99,7,0,8,CARRELLO
Farmacia Mandanici,900892771,ALOEZINC 20 CREMA CANOVA 75ML,1,0.33,99,1,0,0,VALUTA_taglio
Farmacia Mandanici,901253361,HB MILSANA PASTA PROT 50ML,1,0.33,99,1,0,0,VALUTA_taglio
Farmacia Mandanici,901306441,GENITAL CREMA 30ML,1,0.33,99,0,0,0,VALUTA_taglio
Farmacia Mandanici,901424200,SALUFRANGOL 250ML,1,0.33,99,0,0,0,VALUTA_taglio
Farmacia Mandanici,901466262,TURNOVER CREMA DERMATOLOGICA,1,0.33,99,0,0,0,VALUTA_taglio
Farmacia Mandanici,901542249,VEA SHAMPOO ANTIFORFORA 125ML,1,0.33,99,1,1.00,0,SPINGI_vende_rete15g
Farmacia Mandanici,902041146,"SIR INSULINA BD 0,5ML G29 30PZ",1,0.33,99,0,7.00,0,SPINGI_vende_rete15g
Farmacia Mandanici,902068725,PLAK GEL 30ML,1,0.33,99,3,2.00,16,SPINGI_vende_rete15g
Farmacia Mandanici,902109204,VENDEP 30CPS,1,0.33,99,1,4.00,0,SPINGI_vende_rete15g
Farmacia Mandanici,902183072,VEA MARSIGLIA SAP NAT 100G,1,0.33,99,1,0,0,VALUTA_taglio
Farmacia Mandanici,902199227,GUAM FANGHI D'ALGA FREDDO 1KG,1,0.33,99,1,0,0,VALUTA_taglio
Farmacia Mandanici,902305438,PIC SPORT TAPPO AURIC SIL 6PZ,1,0.33,99,0,0,0,VALUTA_taglio
Farmacia Mandanici,902659933,VEA LIPSTICK LIPOGEL LABB 10ML,1,0.33,99,1,3.00,6,SPINGI_vende_rete15g
Farmacia Mandanici,902908615,STOP HEMO TAMPONE EMOSTATICO,1,0.33,99,19,1.00,15,SPINGI_vende_rete15g
Farmacia Mandanici,902982166,VEA ZINCO PAS PROT C/VIT E 40M,1,0.33,99,1,2.00,0,SPINGI_vende_rete15g
Farmacia Mandanici,903144766,SCHOLL GELACTIV CUSC CALLI 2PZ,1,0.33,99,1,0,0,VALUTA_taglio
Farmacia Mandanici,903600462,SERENITY PANN RETT C/BARR 30PZ,1,0.33,99,4,7.00,0,SPINGI_vende_rete15g
Farmacia Mandanici,903628257,GIBAUD ORTHO CAVIGL STABIGIB,1,0.33,99,0,1.00,0,SPINGI_vende_rete15g
Farmacia Mandanici,903701769,DERMABLEND FLUIDO 45 30ML,1,0.33,99,0,0,0,VALUTA_taglio
Farmacia Mandanici,903997524,NIKE RCK ASCORB K+RIB 100BUST,1,0.33,99,0,8.00,0,SPINGI_vende_rete15g
Farmacia Mandanici,904077385,RINOREX SPRAY NASALE 50ML,1,0.33,99,4,1.00,0,SPINGI_vende_rete15g
Farmacia Mandanici,952055489,AFOMILL ALLERGY GOCCE OCUL10ML,1,0.33,99,1,0,0,VALUTA_taglio
Farmacia Mandanici,904436146,CONFORM2 PLACCA 70MM R13-57 5P,1,0.33,99,0,6.00,0,SPINGI_vende_rete15g
Farmacia Mandanici,904733413,AFTAMED SPRAY 20ML,1,0.33,99,5,8.00,0,SPINGI_vende_rete15g
Farmacia Mandanici,904976141,BIODERM PASTA BARRIERA ZN500ML,1,0.33,99,0,1.00,0,SPINGI_vende_rete15g
Farmacia Mandanici,905603066,AMINOTROFIC 30BUSTE,1,0.33,99,0,15.00,-55,SPINGI_vende_rete15g
Farmacia Mandanici,905642183,ALPECIN FT TON INTEN 200ML,1,0.33,99,1,0,0,VALUTA_taglio
Farmacia Mandanici,905896775,BASTONCINO PULIZ CAVO OR 5PZ,1,0.33,99,0,0,0,VALUTA_taglio
Farmacia Mandanici,905954982,RESTIVOIL SEBO NORM 250ML,1,0.33,99,7,1.00,0,SPINGI_vende_rete15g
Farmacia Mandanici,906583861,PANTATOX 30CPR,1,0.33,99,0,1.00,0,SPINGI_vende_rete15g
Farmacia Mandanici,952091914,SAUGELLA POLIGYN 50+ GEL IDRAT,1,0.33,99,6,0,0,VALUTA_taglio
Farmacia Mandanici,907152882,VASODREN 30CPR FILMATE,1,0.33,99,0,8.00,0,SPINGI_vende_rete15g
Farmacia Mandanici,908215864,CONVEEN LACCI VELCRO 2PZ 5050,1,0.33,99,0,0,0,VALUTA_taglio
Farmacia Mandanici,974967212,PIC STRISCE GLUCO MONITOR 25PZ,1,0.33,99,0,0,0,VALUTA_taglio
Farmacia Mandanici,975026194,EFFACLAR K+ 40ML,1,0.33,99,1,6.00,0,SPINGI_vende_rete15g
Farmacia Mandanici,975084789,PIC INSUPEN ADV AGO G32X6MM,1,0.33,99,13,0,0,VALUTA_taglio
Farmacia Mandanici,941636627,SENSIFINE AR CR RICHE 40ML,1,0.33,99,0,2.00,0,SPINGI_vende_rete15g
Farmacia Mandanici,975609948,REONAT 30CPR,1,0.33,99,0,0,0,VALUTA_taglio
Farmacia Mandanici,975816315,COLPHARMA MAGNETO CARE HOME,1,0.33,99,0,0,-45,VALUTA_taglio
Farmacia Mandanici,941662633,REGENERA LENTE TERAP SCLERALE,1,0.33,99,0,1.00,0,SPINGI_vende_rete15g
Farmacia Mandanici,975906684,HERBATINT 3DOSI 4N 300ML,1,0.33,99,0,1.00,0,SPINGI_vende_rete15g
Farmacia Mandanici,976202717,CRISPACT 30STICK OROSOLUBILI,1,0.33,99,1,7.00,17,SPINGI_vende_rete15g
Farmacia Mandanici,976260149,UROCALC 30STICK PACK,1,0.33,99,1,2.00,22,SPINGI_vende_rete15g
Farmacia Mandanici,976294405,NORSAN OMEGA 3 VEGANO 100ML,1,0.33,99,0,1.00,0,SPINGI_vende_rete15g
Farmacia Mandanici,976391159,SENSIVEN 50+ 50ML,1,0.33,99,0,5.00,8,SPINGI_vende_rete15g
Farmacia Mandanici,976731152,PELVILEN DUAL ACT 20CPR,1,0.33,99,1,2.00,0,SPINGI_vende_rete15g
Farmacia Mandanici,976771523,MEAQUOR 1000 60CPS,1,0.33,99,0,11.00,0,SPINGI_vende_rete15g
Farmacia Mandanici,945030171,JOHYA OS 15FL,1,0.33,99,8,14.00,24,SPINGI_vende_rete15g
Farmacia Mandanici,977544814,VITAMINA D 4000UI 168CPR MAST,1,0.33,99,0,3.00,0,SPINGI_vende_rete15g
Farmacia Mandanici,977697275,GLORIA262EVO AD BE ML,1,0.33,99,0,0,0,VALUTA_taglio
Farmacia Mandanici,978113405,LAEVOLAC PANCIA SGONFIA 30CPR,1,0.33,99,18,5.00,0,SPINGI_vende_rete15g
Farmacia Mandanici,947343822,LIPOIC CANNELLA 60TAV,1,0.33,99,0,0,0,VALUTA_taglio
Farmacia Mandanici,978250227,FLAVIS FETTE TOSTATE 205G,1,0.33,99,0,10.00,0,SPINGI_vende_rete15g
Farmacia Mandanici,978267843,MATT PHARMA SERENOA PROST20CPS,1,0.33,99,0,5.00,0,SPINGI_vende_rete15g
Farmacia Mandanici,978401370,YAMAMOTO R ASHWAGANDHA 30CPS,1,0.33,99,0,0,0,VALUTA_taglio
Farmacia Mandanici,978625349,CLENNY A FAMILY PACK ACCES COM,1,0.33,99,0,0,0,VALUTA_taglio
Farmacia Mandanici,978861425,RILASTIL ACNESTIL GEL DET400ML,1,0.33,99,0,1.00,0,SPINGI_vende_rete15g
Farmacia Mandanici,979196173,ISOLA BIO BEVANDA AVENA INTEGR,1,0.33,99,0,0,0,VALUTA_taglio
Farmacia Mandanici,979779978,CONTROL NON STOP DOTS&LINES6PZ,1,0.33,99,52,0,0,VALUTA_taglio
Farmacia Mandanici,979806635,ASHWAGANDHA ESTRATTO INTEGRALE,1,0.33,99,0,1.00,0,SPINGI_vende_rete15g
Farmacia Mandanici,941962033,NEOVIDERM 30ML,1,0.33,99,7,3.00,0,SPINGI_vende_rete15g
Farmacia Mandanici,980258913,SYSACOL 20F 25ML,1,0.33,99,0,13.00,24,SPINGI_vende_rete15g
Farmacia Mandanici,980292662,DERMOVITAMINA PRURITO INT ELLE,1,0.33,99,0,0,-52,VALUTA_taglio
Farmacia Mandanici,980430540,CERULISINA FAST ADULTI BAMBINI,1,0.33,99,8,1.00,0,SPINGI_vende_rete15g
Farmacia Mandanici,980512747,CERAMOL CREMA 311 200ML,1,0.33,99,1,5.00,0,SPINGI_vende_rete15g
Farmacia Mandanici,980512762,CERAMOL LIPOCREMA 311 100ML,1,0.33,99,0,1.00,0,SPINGI_vende_rete15g
Farmacia Mandanici,980774412,UNICO OLIO SECCO SPRAY 100ML,1,0.33,99,1,0,0,VALUTA_taglio
Farmacia Mandanici,949375188,TROPHYGEL GHIMAS GEL VAG 9APPL,1,0.33,99,0,13.00,0,SPINGI_vende_rete15g
Farmacia Mandanici,980802033,BUTIRRATO PURO LIQ ANALCO500ML,1,0.33,99,0,0,0,VALUTA_taglio
Farmacia Mandanici,949477451,ARMOLIPID DONNA 50+ 30CPS,1,0.33,99,3,0,10,CARRELLO
Farmacia Mandanici,980810206,OMEGOR VEG 60CPS,1,0.33,99,0,8.00,6,SPINGI_vende_rete15g
Farmacia Mandanici,980911782,NERADIN 56CPS,1,0.33,99,0,6.00,26,SPINGI_vende_rete15g
Farmacia Mandanici,981113943,BIOSCALIN NUTRICOL PL 1 NERO,1,0.33,99,11,1.00,0,SPINGI_vende_rete15g
Farmacia Mandanici,981263650,MIO FLEX SACCA COLO MX W/W70MM,1,0.33,99,0,1.00,0,SPINGI_vende_rete15g
Farmacia Mandanici,981354071,TAUMARIN SPAZZ PROF27 MOR ANTI,1,0.33,99,25,1.00,0,SPINGI_vende_rete15g
Farmacia Mandanici,981459439,NEURODINE ACT 12FL 10ML,1,0.33,99,0,5.00,0,SPINGI_vende_rete15g
Farmacia Mandanici,981517598,VAGISIL FLUIDO IDRAT INTIMO,1,0.33,99,0,0,0,VALUTA_taglio
Farmacia Mandanici,981558493,AKROSAN 14BUST,1,0.33,99,0,9.00,0,SPINGI_vende_rete15g
Farmacia Mandanici,982396107,LINES COTONE BIO ULTRA ALI 12P,1,0.33,99,0,0,0,VALUTA_taglio
Farmacia Mandanici,982471409,URIXANA PRO 30BUST,1,0.33,99,0,4.00,12,SPINGI_vende_rete15g
Farmacia Mandanici,982604391,URYVET CAT PASTA EVO 15ML,1,0.33,99,0,4.00,0,SPINGI_vende_rete15g
Farmacia Procaccini,942828765,MGK VIS JUNIOR ARANCIA 10BUST,25,8.24,1,1,0,-4,VALUTA_taglio
Farmacia Procaccini,987403805,PARANIX SHAMPOO TRATT TP 200ML,19,6.26,3,7,3.00,0,SPINGI_vende_rete15g
Farmacia Procaccini,950838223,SUPRADYN EXPERT MAGNESIO 60CPS,18,5.93,1,11,6.00,43,SPINGI_vende_rete15g
Farmacia Procaccini,987247689,ONLIGOL FIBRE PRUGNA 20BUST,17,5.60,3,3,5.00,3,SPINGI_vende_rete15g
Farmacia Procaccini,931577288,AVENE SOL LATTE SCHER SPF50+,16,5.27,3,2,0,16,CARRELLO
Farmacia Procaccini,926647241,BOROX 50ML,15,4.94,2,0,1.00,0,SPINGI_vende_rete15g
Farmacia Procaccini,950049142,DERMOVITAMINA FILM GEL NW100ML,14,4.61,4,2,0,28,CARRELLO
Farmacia Procaccini,983039963,AVENE SOL FLUIDO SPF50+ S/PROF,14,4.61,2,4,0,36,CARRELLO
Farmacia Procaccini,921232688,PESCURA HEEL ORIG BYCAST SAB41,14,4.61,2,0,0,12,CARRELLO
Farmacia Procaccini,987400886,ANTHELIOS POST UV EXPOSUR400ML,13,4.28,3,14,2.00,42,SPINGI_vende_rete15g
Farmacia Procaccini,987718766,ORALB POWER ORAL CENTER MD20,12,3.95,4,3,1.00,0,SPINGI_vende_rete15g
Farmacia Procaccini,989367204,VITAMINDERMINA POLVERE MENT VF,12,3.95,1,0,1.00,0,SPINGI_vende_rete15g
Farmacia Procaccini,921232450,PESCURA FLAT ORIG BYCAST SAB43,11,3.62,1,0,1.00,40,SPINGI_vende_rete15g
Farmacia Procaccini,950222556,VITREONORM TASK 20STICK,11,3.62,1,0,8.00,0,SPINGI_vende_rete15g
Farmacia Procaccini,940884632,BIOLIFTAN DAY CREAM 50ML,11,3.62,1,0,3.00,78,SPINGI_vende_rete15g
Farmacia Procaccini,941166757,VENAFLUX VITI 30CPR,11,3.62,3,0,9.00,0,SPINGI_vende_rete15g
Farmacia Procaccini,978501548,SUN SECURE EAU SOLAIRE SPF50,10,3.29,1,4,0,13,CARRELLO
Farmacia Procaccini,922318338,FORTIMEL POWDER NEUTRO 335G,10,3.29,99,0,0,0,VALUTA_taglio
Farmacia Procaccini,975040522,COBAXIL B12 1000MCG 5CPR SUNBL,9,2.96,4,0,34.00,24,SPINGI_vende_rete15g
Farmacia Procaccini,952091914,SAUGELLA POLIGYN 50+ GEL IDRAT,9,2.96,4,6,0,0,VALUTA_taglio
Farmacia Procaccini,985008541,SUN SECURE EAU SOLAIRE SPF30,9,2.96,1,8,0,42,CARRELLO
Farmacia Procaccini,989983299,CERAVE CREMA IDRATANTE REFILL,9,2.96,5,4,1.00,2,SPINGI_vende_rete15g
Farmacia Procaccini,978868038,CONNETTIVINASOLE SPRAY 50ML,9,2.96,99,0,0,12,CARRELLO
Farmacia Procaccini,941962033,NEOVIDERM 30ML,8,2.64,1,3,3.00,11,SPINGI_vende_rete15g
Farmacia Procaccini,927259996,NEUROCORTEX 30CPR,8,2.64,99,0,0,0,VALUTA_taglio
Farmacia Procaccini,938881531,RILASTIL HYDRAFUSION GEL CR400,8,2.64,1,0,1.00,7,SPINGI_vende_rete15g
Farmacia Procaccini,987296845,ANAPHASE CADUTA ASSOTT SH400ML,7,2.31,1,4,0,0,VALUTA_taglio
Farmacia Procaccini,989270602,MULTIVITAMIX B12 12FL,7,2.31,3,14,20.00,25,SPINGI_vende_rete15g
Farmacia Procaccini,942579309,NEUROGEN PET ULTRA 30CPR,7,2.31,7,0,14.00,47,SPINGI_vende_rete15g
Farmacia Procaccini,988124172,REPY GEL 30ML NF,7,2.31,1,0,0,0,VALUTA_taglio
Farmacia Procaccini,987336726,SUN SECURE EAU SOLAIRE SPF50+,7,2.31,1,9,0,2,CARRELLO
Farmacia Procaccini,951316482,PHOTODERM AR+ ULTRAFLUID 40ML,7,2.31,3,5,0,55,CARRELLO
Farmacia Procaccini,975036308,BODYSTRAP M,7,2.31,1,0,0,9,CARRELLO
Farmacia Procaccini,932720954,RINOWAY SALI ISOTONICI 15BUST,7,2.31,6,0,0,0,VALUTA_taglio
Farmacia Procaccini,951216252,CUTIMED SORBACT CONT 4X6CM 5PZ,7,2.31,1,0,0,0,VALUTA_taglio
Farmacia Procaccini,951361120,FLAVIAM CREMA SCHIARENTE 40ML,6,1.98,5,0,4.00,15,SPINGI_vende_rete15g
Farmacia Procaccini,901890689,IRIDIL MASCHERA RIPOSO OCCHI,6,1.98,99,5,0,2,CARRELLO
Farmacia Procaccini,951331420,SUN SECURE AQUA FLUIDE SPF50+,6,1.98,1,7,0,14,CARRELLO
Farmacia Procaccini,987418771,REPIGMENT12 PLUS CREMA 75ML,6,1.98,1,0,1.00,18,SPINGI_vende_rete15g
Farmacia Procaccini,975447475,TOLERIANE SENSITIVE FLUIDO VIS,6,1.98,2,3,1.00,0,SPINGI_vende_rete15g
Farmacia Procaccini,974897391,RESTIVOIL RINFORZANTE 250ML TP,6,1.98,3,10,0,14,CARRELLO
Farmacia Procaccini,989373257,LIPOSKIN IDRA UV PHARCOS 40ML,6,1.98,2,0,2.00,0,SPINGI_vende_rete15g
Farmacia Procaccini,947343822,LIPOIC CANNELLA 60TAV,6,1.98,99,0,0,0,VALUTA_taglio
Farmacia Procaccini,943245555,EUPH FILLER CR ANTIR RIEMP,5,1.65,1,2,1.00,0,SPINGI_vende_rete15g
Farmacia Procaccini,951035753,MAVOSTEN MAGNESIO 120CPS,5,1.65,6,0,0,11,CARRELLO
Farmacia Procaccini,952126466,ASHWAGANDHA 30CPR,5,1.65,99,0,0,0,VALUTA_taglio
Farmacia Procaccini,902985389,SAUGELLA POLIGYN 50+ 500ML,5,1.65,8,2,11.00,43,SPINGI_vende_rete15g
Farmacia Procaccini,935382477,5ALFAPROST 30PRL,5,1.65,3,0,8.00,7,SPINGI_vende_rete15g
Farmacia Procaccini,981448590,TRIDERM DS TRATTAMENTO NORMAL,5,1.65,8,5,0,16,CARRELLO
Farmacia Procaccini,970370413,HYPERMIX SPRAY 30ML,5,1.65,3,0,0,0,VALUTA_taglio
Farmacia Procaccini,989656970,VIDERMINA INTIMA OLIO 500ML SP,5,1.65,1,13,0,0,VALUTA_taglio
Farmacia Procaccini,941181911,UV OFTAL SOL OFT LUB FOTOP10ML,5,1.65,3,0,3.00,11,SPINGI_vende_rete15g
Farmacia Procaccini,926876867,CICABEN 50G,5,1.65,22,0,1.00,0,SPINGI_vende_rete15g
Farmacia Procaccini,945140147,EUPH COLORPRO XD 507 CAST,5,1.65,4,2,0,14,CARRELLO
Farmacia Procaccini,944282324,SAUGELLA INTIMO&CORPO 500ML,5,1.65,3,4,5.00,47,SPINGI_vende_rete15g
Farmacia Procaccini,986905343,DERMOVITAMINA PRURITO CR 150ML,5,1.65,4,2,2.00,22,SPINGI_vende_rete15g
Farmacia Procaccini,951141516,MULTICENTRUM AGE MENTE 40CPS,5,1.65,2,1,0,18,CARRELLO
Farmacia Procaccini,970384943,COLONLIFE 10CPR+10CPS,4,1.32,3,0,8.00,22,SPINGI_vende_rete15g
Farmacia Procaccini,900398355,REGULA MISC ERBE SVIZZ 80TAV,4,1.32,1,0,6.00,0,SPINGI_vende_rete15g
Farmacia Procaccini,942793338,CAROBIN PET DIGEST 30BUSTE,4,1.32,2,0,0,0,VALUTA_taglio
Farmacia Procaccini,983656556,REGGIBRACCIO SEMPLICE PED 1,4,1.32,1,0,0,0,VALUTA_taglio
Farmacia Procaccini,942411669,NOVOMIT TRAVEL 12GOMME,4,1.32,1,3,0,0,VALUTA_taglio
Farmacia Procaccini,974059596,LINES CLAS RETT S/BARRI 30PZ,4,1.32,6,0,0,0,VALUTA_taglio
Farmacia Procaccini,983533718,SPIRIAL DEODORANTE CREMA 50ML,4,1.32,5,9,0,35,CARRELLO
Farmacia Procaccini,981491487,SYSTANE IDRATAZIONE S/CONS10ML,4,1.32,1,1,10.00,36,SPINGI_vende_rete15g
Farmacia Procaccini,910923667,IDEAL SOLEIL BALSAMO SCOTATTUR,4,1.32,1,1,0,19,CARRELLO
Farmacia Procaccini,989893209,NUXE SUN OLIO SOL DOR50 150ML,4,1.32,4,9,0,16,CARRELLO
Farmacia Procaccini,951142393,PIC AQUABLOC FIX ROC CM10X2M,4,1.32,3,0,1.00,0,SPINGI_vende_rete15g
Farmacia Procaccini,983197120,TDV TRATTAMENTO CORPO 400ML 22,4,1.32,11,3,2.00,66,SPINGI_vende_rete15g
Farmacia Procaccini,980370326,DERMOVITAMINA CICATRICI GEL,4,1.32,5,0,0,34,CARRELLO
Farmacia Procaccini,952113975,BUTIRETARD NMX 20CPR,4,1.32,2,3,7.00,18,SPINGI_vende_rete15g
Farmacia Procaccini,931577276,AVENE SOL CR SOL SCHERMO 50+,4,1.32,10,1,0,14,CARRELLO
Farmacia Procaccini,952099556,EUPHIDRA FONDOTINTA VELL NAT,4,1.32,99,3,0,0,VALUTA_taglio
Farmacia Procaccini,990377400,FORTEND MAX 20BUST,4,1.32,6,0,18.00,0,SPINGI_vende_rete15g
Farmacia Procaccini,937030892,NOVA PROST 30CPS SOFTGEL,4,1.32,99,0,1.00,0,SPINGI_vende_rete15g
Farmacia Procaccini,931525113,RILASTIL LIPOREDUCER CREMA 200,4,1.32,1,0,0,48,CARRELLO
Farmacia Procaccini,970778522,ANAPHASE+ SHAMPOO 200ML DUCRAY,4,1.32,3,5,2.00,37,SPINGI_vende_rete15g
Farmacia Procaccini,982471839,MULTICENTRUM DIFESE IMM 28BUST,4,1.32,1,3,1.00,4,SPINGI_vende_rete15g
Farmacia Procaccini,950915470,"FIDEK 40CPR 1,5G DRN",4,1.32,1,0,6.00,302,SPINGI_vende_rete15g
Farmacia Procaccini,931340804,PHYSIOMER CSR SPRAY IPER 135ML,4,1.32,3,7,2.00,19,SPINGI_vende_rete15g
Farmacia Procaccini,983039936,AVENE SOL CREMA SPF50+ S/PROF,4,1.32,7,3,2.00,75,SPINGI_vende_rete15g
Farmacia Procaccini,975433107,AFTER BITE GEL EXTRA 20ML,4,1.32,4,6,0,0,VALUTA_taglio
Farmacia Procaccini,951090315,COSEQUIN ADVANCED CANE 120CPR,4,1.32,4,0,6.00,48,SPINGI_vende_rete15g
Farmacia Procaccini,951270115,UNGHIA SANA 10ML,4,1.32,6,0,0,0,VALUTA_taglio
Farmacia Procaccini,989367154,VITAMINDERMINA POLVERE 100G,4,1.32,99,1,39.00,0,SPINGI_vende_rete15g
Farmacia Procaccini,907059240,RILASTIL CORPO TRAT SPEC RASSO,4,1.32,3,0,0,85,CARRELLO
Farmacia Procaccini,973653189,VASOX FORTE 20BUST,3,0.99,3,0,1.00,0,SPINGI_vende_rete15g
Farmacia Procaccini,903947606,IDEAL SOLEIL STICK SPF50+ 9G,3,0.99,4,8,3.00,4,SPINGI_vende_rete15g
Farmacia Procaccini,935543470,PEDIAPAX POLVERE 400G,3,0.99,4,0,21.00,37,SPINGI_vende_rete15g
Farmacia Procaccini,903923769,CER FIXOMULL TRANSPARENT10X200,3,0.99,2,0,1.00,0,SPINGI_vende_rete15g
Farmacia Procaccini,979806611,ASSENZIO ESTRATTO INTEGR 200ML,3,0.99,6,0,1.00,0,SPINGI_vende_rete15g
Farmacia Procaccini,935669489,VIDERMINA PREBIOTIC OVULI 10PZ,3,0.99,3,3,1.00,19,SPINGI_vende_rete15g
Farmacia Procaccini,983583701,ASSENZIO PROFUMO 100ML,3,0.99,15,1,0,15,CARRELLO
Farmacia Procaccini,903570063,SERENITY PANN SAG CLAS EX 30PZ,3,0.99,1,0,6.00,0,SPINGI_vende_rete15g
Farmacia Procaccini,983542010,BIOTINA ANALCOOLICO 200ML,3,0.99,3,0,0,0,VALUTA_taglio
Farmacia Procaccini,951059031,VIDERMINA DELIGYN 500ML NF SP,3,0.99,1,22,0,3,CARRELLO
Farmacia Procaccini,988027847,XERIAL GOMMAGE CORPS 100G,3,0.99,1,2,0,-4,VALUTA_taglio
Farmacia Procaccini,934027499,KRILL OMEGA PET RECOVERY120PRL,3,0.99,8,0,1.00,16,SPINGI_vende_rete15g
Farmacia Procaccini,987859511,CICABIO CREME+ SPF50 40ML,3,0.99,2,1,0,14,CARRELLO
Farmacia Procaccini,987838810,STEPPER DIG ORTOP POSTOP AV S,3,0.99,2,0,1.00,0,SPINGI_vende_rete15g
Farmacia Procaccini,938102555,TRIUM MONODOSE GTT OCUL 15FL,3,0.99,2,0,0,0,VALUTA_taglio
Farmacia Procaccini,950276713,GIBAUD ORTHO CORS LOMB ACT V 2,3,0.99,4,0,0,0,VALUTA_taglio
Farmacia Procaccini,983373996,PHOTODERM SPOT AGE 40ML,3,0.99,1,6,0,2,CARRELLO
Farmacia Procaccini,971272556,BARIEDERM CICA-LEVRES 15ML,3,0.99,99,1,4.00,45,SPINGI_vende_rete15g
Farmacia Procaccini,931015046,BOLO VIA 20BOCCONCINI,3,0.99,3,0,1.00,0,SPINGI_vende_rete15g
Farmacia Procaccini,951032871,SYNAPSINE L 1000 10FL,3,0.99,5,0,28.00,32,SPINGI_vende_rete15g
Farmacia Procaccini,972321006,ISCHIA SPA CRIOGEL GAMBE STANC,3,0.99,11,0,3.00,0,SPINGI_vende_rete15g
Farmacia Procaccini,951338779,ACCIAIOVIS-T 180PAST,3,0.99,2,0,1.00,0,SPINGI_vende_rete15g
Farmacia Procaccini,927290991,SYSTANE IDRATAZIONE UD COLL,3,0.99,1,1,0,21,CARRELLO
Farmacia Procaccini,976282006,LIPOSKIN PRO PHARCOS 15F REWCA,3,0.99,19,0,1.00,0,SPINGI_vende_rete15g
Farmacia Procaccini,972529984,NATUR-SER PLUS 60CPS VEGETALI,3,0.99,1,0,0,0,VALUTA_taglio
Farmacia Procaccini,944779560,EUPH CREMA CORPO IDRAT 250ML,3,0.99,1,1,0,48,CARRELLO
Farmacia Procaccini,941803330,CLAIRIAL SPF50+ LIGHT 40ML,3,0.99,2,6,3.00,7,SPINGI_vende_rete15g
Farmacia Procaccini,926045687,"BIONIKE SHINE ON5,38 CAST CH C",3,0.99,2,1,0,0,VALUTA_taglio
Farmacia Procaccini,950945461,DEFENCE ANAGENIX K INT AL60CPS,3,0.99,5,2,0,20,CARRELLO
Farmacia Procaccini,951365206,LIPIKAR BAUME AP+MAX 400ML,3,0.99,2,2,0,0,VALUTA_taglio
Farmacia Procaccini,980638757,GINEPRO NERO BAGNOSCH ECORICAR,3,0.99,13,4,0,0,VALUTA_taglio
Farmacia Procaccini,925399673,DENAVASC 24CPR,3,0.99,3,0,2.00,13,SPINGI_vende_rete15g
Farmacia Procaccini,036397014,REPARIL*GEL 40G 1%+5%,3,0.99,2,25,0,58,CARRELLO
Farmacia Procaccini,941836761,UROGERMIN PROSTATA 30SOFTGEL,3,0.99,4,8,2.00,7,SPINGI_vende_rete15g
Farmacia Procaccini,022816021,"SOMATOLINE*EMULS 30BS 0,1+0,3%",3,0.99,14,0,1.00,54,SPINGI_vende_rete15g
Farmacia Procaccini,940094129,BIOKAP SHAMPOO RINFOR ANTICAD,3,0.99,3,0,11.00,0,SPINGI_vende_rete15g
Farmacia Procaccini,951387873,NORMAST 600MG MICROGR 30BUST,3,0.99,23,0,17.00,115,SPINGI_vende_rete15g
Farmacia Procaccini,990564332,REUFOLB12 60CPS,3,0.99,1,0,1.00,0,SPINGI_vende_rete15g
Farmacia Procaccini,985772084,MIAMO LEG RENEW 30CPR,3,0.99,8,6,0,15,CARRELLO
Farmacia Procaccini,935590974,POLIDENT LUNGA TENUTA 70G,3,0.99,6,34,8.00,32,SPINGI_vende_rete15g
Farmacia Procaccini,951618154,SYNUCLID 30BUST,3,0.99,11,0,31.00,15,SPINGI_vende_rete15g
Farmacia Procaccini,942980588,MICRONAM 30CPR,3,0.99,5,0,8.00,29,SPINGI_vende_rete15g
Farmacia Procaccini,990478378,FOTOULTRA REDNESS SPF50 50ML,3,0.99,99,0,0,0,VALUTA_taglio
Farmacia Procaccini,921186704,UROGYN 50CPR 500MG,3,0.99,7,0,6.00,63,SPINGI_vende_rete15g
Farmacia Procaccini,981954694,RILASTIL SUN SYS DOPOSOLE I/R,3,0.99,3,9,4.00,39,SPINGI_vende_rete15g
Farmacia Procaccini,970175598,SERBLEND 60CPR,3,0.99,4,0,0,0,VALUTA_taglio
Farmacia Procaccini,984789610,BIOLIFE IMMUNOPET 60CPS,3,0.99,1,0,0,0,VALUTA_taglio
Farmacia Procaccini,989869021,TE' NERO BEAUTY BOX TERRAZZE,3,0.99,4,3,0,21,CARRELLO
Farmacia Procaccini,942258854,CLEAN KILL EXTRA MICRO FAST,3,0.99,1,0,0,13,CARRELLO
Farmacia Procaccini,908620646,"SAUGELLA GEL INTIMO PH5,5 30ML",3,0.99,1,3,0,0,VALUTA_taglio
Farmacia Procaccini,970370401,ENTEROMICRO COMPLEX 32CPR,3,0.99,5,0,2.00,84,SPINGI_vende_rete15g
Farmacia Procaccini,908560269,GARZA JELONET 10X10CM 10BUST,3,0.99,1,0,0,0,VALUTA_taglio
Farmacia Procaccini,951136338,ZINCOXIN 30CPR,3,0.99,1,0,0,26,CARRELLO
Farmacia Procaccini,907280313,DEODORANTE 7 GIORNI CREMA 30ML,3,0.99,9,6,4.00,-25,SPINGI_vende_rete15g
Farmacia Procaccini,974848590,BIOSCALIN NUTRICOL IST NERO,3,0.99,1,5,0,0,VALUTA_taglio
Farmacia Procaccini,984462820,RESTIVOIL EXTRA DEL 400ML TP,3,0.99,1,4,1.00,14,SPINGI_vende_rete15g
Farmacia Procaccini,906007695,SAUGELLA IDROCREMA PH NEU 30ML,3,0.99,6,7,7.00,0,SPINGI_vende_rete15g
Farmacia Procaccini,942965981,CAREVIT ULTRA CANE 30BUST,3,0.99,1,0,3.00,131,SPINGI_vende_rete15g
Farmacia Procaccini,905351387,EUMILL PROTECTION GTT OCUL10FL,3,0.99,3,10,1.00,5,SPINGI_vende_rete15g
Farmacia Procaccini,980122206,CORSETTO SEMIR ASPEN LUMB L,3,0.99,1,0,0,17,CARRELLO
Farmacia Procaccini,942790066,VARISAN ETHERE1520 AGPA PO3N,3,0.99,2,0,0,16,CARRELLO
Farmacia Procaccini,951306238,PSIPROTO MAMMA 30BUST,2,0.66,2,0,3.00,0,SPINGI_vende_rete15g
Farmacia Procaccini,951210677,SAUBER DEOACTIVE CREMA 35ML,2,0.66,99,0,0,0,VALUTA_taglio
Farmacia Procaccini,951175557,PHYSIOMANCE MENOMODUL 60CPR,2,0.66,3,0,4.00,12,SPINGI_vende_rete15g
Farmacia Procaccini,951164209,MAGNESIO BISGLICINATO 60PAST,2,0.66,15,0,1.00,5,SPINGI_vende_rete15g
Farmacia Procaccini,951091762,TONIMER ISOTONIC STRONG SPRAY,2,0.66,1,2,2.00,14,SPINGI_vende_rete15g
Farmacia Procaccini,951062850,MAGICS SWIMPANTS LARGE 10PZ,2,0.66,99,0,0,0,VALUTA_taglio
Farmacia Procaccini,951059043,VIDERMINA INTIMA 500ML NF SP,2,0.66,1,10,3.00,3,SPINGI_vende_rete15g
Farmacia Procaccini,950965309,DONNA SANA 100PAST,2,0.66,2,0,3.00,0,SPINGI_vende_rete15g
Farmacia Procaccini,950952768,PUROFLOG SOLUZIONE OFT 10ML,2,0.66,6,0,4.00,46,SPINGI_vende_rete15g
Farmacia Procaccini,950921231,MYODESONORM 30BUST,2,0.66,1,0,0,37,CARRELLO
Farmacia Procaccini,950832055,BIOREPAIR ADV PROT COMPLETA50+,2,0.66,2,6,3.00,-66,SPINGI_vende_rete15g
Farmacia Procaccini,950612301,CORTISOL STOP 60CPS,2,0.66,99,0,0,0,VALUTA_taglio
Farmacia Procaccini,950059434,MIGLIORIN GELLULE 180CPS,2,0.66,1,0,6.00,-376,SPINGI_vende_rete15g
Farmacia Procaccini,949898148,SOLE BIMBI LATTE DOPOSOLE150ML,2,0.66,1,0,0,-4,VALUTA_taglio
Farmacia Procaccini,949892261,OMOMIND 20CPR,2,0.66,2,0,5.00,0,SPINGI_vende_rete15g
Farmacia Procaccini,947101224,DIFENSIL FLU SPRAY NASO 30ML,2,0.66,1,11,3.00,0,SPINGI_vende_rete15g
Farmacia Procaccini,947073894,RILASTIL SUN SYS D CLAR L 50+,2,0.66,1,1,0,21,CARRELLO
Farmacia Procaccini,943245302,EUPH FILLER CR LIFTING,2,0.66,2,2,0,18,CARRELLO
Farmacia Procaccini,942859149,HEPATIKRILL CANI E GATTI 30PRL,2,0.66,4,0,27.00,40,SPINGI_vende_rete15g
Farmacia Procaccini,942805274,OMK1 LF SOL LIPO OFT STER 10ML,2,0.66,15,0,0,0,VALUTA_taglio
Farmacia Procaccini,941693691,VITACALM TUTTA NOTTE F/R 30CPR,2,0.66,6,0,0,16,CARRELLO
Farmacia Procaccini,940560182,FOSFORESTART 12BUST,2,0.66,1,0,6.00,0,SPINGI_vende_rete15g
Farmacia Procaccini,939483968,NORMOSPOR 20CPR 1G,2,0.66,5,0,2.00,0,SPINGI_vende_rete15g
Farmacia Procaccini,939224806,NEW ASPIRET RESTYLESHED 1L,2,0.66,2,0,5.00,87,SPINGI_vende_rete15g
Farmacia Procaccini,938656966,MULTICENTRUM SELECT 50+ 30CPR,2,0.66,2,3,1.00,0,SPINGI_vende_rete15g
Farmacia Procaccini,938458650,ANGIOPLUS OFTA 30CPS,2,0.66,1,0,14.00,40,SPINGI_vende_rete15g
Farmacia Procaccini,937480198,ALIPOV 20CPR,2,0.66,1,0,8.00,0,SPINGI_vende_rete15g
Farmacia Procaccini,937363012,GINEPRO NERO LOZIONE DOPOBARBA,2,0.66,8,5,0,6,CARRELLO
Farmacia Procaccini,935034355,EUMILL GOCCE OCULARI RINFR10ML,2,0.66,7,46,2.00,10,SPINGI_vende_rete15g
Farmacia Procaccini,934902952,CERAMOL BASE LAVANTE SCH 400ML,2,0.66,5,0,6.00,24,SPINGI_vende_rete15g
Farmacia Procaccini,934545423,PRINCIPIUM EPA-3 FISH 90CPS,2,0.66,3,0,18.00,0,SPINGI_vende_rete15g
Farmacia Procaccini,932776418,CORACTIV 50PRL,2,0.66,15,0,4.00,25,SPINGI_vende_rete15g
Farmacia Procaccini,931983136,BIO ESSENZE OLIO MAND DOLCI 1L,2,0.66,99,0,0,-7,VALUTA_taglio
Farmacia Procaccini,931565687,D-MANNORO 30BUST,2,0.66,3,0,6.00,0,SPINGI_vende_rete15g
Farmacia Procaccini,931114298,VEA MINILIPOGEL IDR PROT 10ML,2,0.66,11,3,1.00,0,SPINGI_vende_rete15g
Farmacia Procaccini,931079065,BETOTAL MIND PLUS 20BUST,2,0.66,5,7,6.00,5,SPINGI_vende_rete15g
Farmacia Procaccini,930880202,ALKAVITAL 250G,2,0.66,1,0,2.00,0,SPINGI_vende_rete15g
Farmacia Procaccini,927288050,SENSINOL LAT CRP 200ML DUCRAY,2,0.66,2,1,0,0,VALUTA_taglio
Farmacia Procaccini,927143913,RELAXINA PANIC 50CPS,2,0.66,1,0,0,81,CARRELLO
Farmacia Procaccini,927120283,VITAMONO EF USO ORALE 30CPS,2,0.66,3,0,1.00,0,SPINGI_vende_rete15g
Farmacia Procaccini,926420973,POLICALM CREMA 150ML CE,2,0.66,7,0,0,0,VALUTA_taglio
Farmacia Procaccini,926231883,ANTHELIOS SPRAY INVISIBILE 50+,2,0.66,14,3,2.00,99,SPINGI_vende_rete15g
Farmacia Procaccini,925942346,CLINNIX CREMA SMAGLIATURE300ML,2,0.66,6,0,0,20,CARRELLO
Farmacia Procaccini,925632731,AUSILIUM BAU 100G,2,0.66,2,0,1.00,0,SPINGI_vende_rete15g
Farmacia Procaccini,924297930,IPPOCASTANO LIQ ANAL GEMMO 10+,2,0.66,5,0,0,2,CARRELLO
Farmacia Procaccini,923588709,XERATOP LIPOCREMA 200ML,2,0.66,2,0,0,106,CARRELLO
Farmacia Procaccini,923539670,KRIN UP ANDRO 30CPS,2,0.66,6,0,16.00,95,SPINGI_vende_rete15g
Farmacia Procaccini,922556194,FORTIMEL COMPACT PRO CAFF4BOTT,2,0.66,5,0,0,0,VALUTA_taglio
Farmacia Procaccini,920015575,EAU THERMALE URIAGE 150ML,2,0.66,99,1,0,0,VALUTA_taglio
Farmacia Procaccini,909272609,Vitamindermina Polv Ment 100g,2,0.66,2,7,0,0,VALUTA_taglio
Farmacia Procaccini,908618111,GIO' MUTANDINA CORRETTIVA 2,2,0.66,1,0,0,7,CARRELLO
Farmacia Procaccini,907303527,STERIMAR MN ALLERGIA NASALE,2,0.66,7,0,6.00,0,SPINGI_vende_rete15g
Farmacia Procaccini,906979291,VITAMINA B12 1000 MCG SUBL,2,0.66,1,0,0,0,VALUTA_taglio
Farmacia Procaccini,906604273,LONGLIFE BIOFLAVONOIDS PL60TAV,2,0.66,4,0,2.00,0,SPINGI_vende_rete15g
Farmacia Procaccini,906496928,PROXEED NF 20BUST,2,0.66,3,0,0,35,CARRELLO
Farmacia Procaccini,903570113,SERENITY PANN SAG MAXI 30PZ,2,0.66,99,0,0,0,VALUTA_taglio
Farmacia Procaccini,903459016,FISIODERM DETERGENTE INTIMO,2,0.66,13,0,4.00,4,SPINGI_vende_rete15g
Farmacia Procaccini,902660745,CAVILON 3M FILM SPR 3346P 28ML,2,0.66,5,0,1.00,0,SPINGI_vende_rete15g
Farmacia Procaccini,902235353,STERIMAR NASO SENSIBILE SPRAY,2,0.66,3,0,0,0,VALUTA_taglio
Farmacia Procaccini,902092156,SECURDRAIN VIA SACCA UR750 T35,2,0.66,99,0,0,0,VALUTA_taglio
Farmacia Procaccini,900976364,CALCIO MAGNESIO 500-250 MG,2,0.66,2,0,0,0,VALUTA_taglio
Farmacia Procaccini,104836022,EFFIPRO DUO*4PIP 1-6KG GATTI,2,0.66,4,0,0,45,CARRELLO
Farmacia Procaccini,103249025,NEOFORACTIL SPRAY*250ML,2,0.66,2,0,0,0,VALUTA_taglio
Farmacia Procaccini,041174020,RINAZINA ANTIAL*SPRAY NAS 10ML,2,0.66,11,26,0,0,VALUTA_taglio
Farmacia Procaccini,035450016,DICLOREUM ACTIGEL*GEL 50G 1%,2,0.66,4,3,1.00,12,SPINGI_vende_rete15g
Farmacia Procaccini,025669348,MOMENT*OS SOSP 8BUST 200MG,2,0.66,3,12,4.00,0,SPINGI_vende_rete15g
Farmacia Procaccini,990860266,NORMAST MPS MICROGRANULI30BUST,2,0.66,8,0,4.00,18,SPINGI_vende_rete15g
Farmacia Procaccini,990572669,PH FORMINIX DX3 GEL FORMICHE7G,2,0.66,99,0,0,0,VALUTA_taglio
Farmacia Procaccini,990564320,REUFIBER 250G,2,0.66,1,0,1.00,2,SPINGI_vende_rete15g
Farmacia Procaccini,990542971,COLESTEROLO BYE BYE T 180PAST,2,0.66,9,0,0,0,VALUTA_taglio
Farmacia Procaccini,990542843,CLEARBLUE TEST GRAVIDANZA 3PZ,2,0.66,1,0,0,14,CARRELLO
Farmacia Procaccini,990521890,MUSTELA BIPACK PASTA CAMBIO,2,0.66,1,6,0,17,CARRELLO
Farmacia Procaccini,990149837,SPACCAPIETRA 180PAST,2,0.66,5,0,1.00,12,SPINGI_vende_rete15g
Farmacia Procaccini,990001998,MULTILADY 60CPS VEGET NF,2,0.66,99,0,0,0,VALUTA_taglio
Farmacia Procaccini,989869072,DEO PRO ACTIVE ROLL 50G PROMO,2,0.66,1,3,0,0,VALUTA_taglio
Farmacia Procaccini,989814456,CERAVE REFILL SCHIUMA DET473ML,2,0.66,11,2,0,17,CARRELLO
Farmacia Procaccini,989635545,SCHOLL FREEZE AWAY MAX VERRUCH,2,0.66,2,9,0,0,VALUTA_taglio
Farmacia Procaccini,989633805,ANTHELIOS LATTE UVMUNE 150ML,2,0.66,3,4,0,0,VALUTA_taglio
Farmacia Procaccini,989414521,RETINORM FLASH 30STICK,2,0.66,3,0,0,0,VALUTA_taglio
Farmacia Procaccini,989404684,LIPIKAR GEL UREA 30%,2,0.66,3,1,1.00,0,SPINGI_vende_rete15g
Farmacia Procaccini,989054883,GLUCOMANNANO PURO 120CPR,2,0.66,1,0,0,6,CARRELLO
Farmacia Procaccini,988830131,ASSENZIO DEOCREMA 50ML,2,0.66,7,4,0,0,VALUTA_taglio
Farmacia Procaccini,988099560,RESTOMYL DENTALBONES MINI,2,0.66,2,0,0,14,CARRELLO
Farmacia Procaccini,988066217,BIOSCALIN PRO DENSITY CERA MOD,2,0.66,5,0,0,13,CARRELLO
Farmacia Procaccini,987867761,ZREEN VITAMINA D3 5000 50ML,2,0.66,1,0,3.00,0,SPINGI_vende_rete15g
Farmacia Procaccini,987411737,RILASTIL SUN SPF50+ AGE REPAIR,2,0.66,4,7,1.00,13,SPINGI_vende_rete15g
Farmacia Procaccini,987388535,PHOTODERM SPRAY 30+ 300ML,2,0.66,99,2,0,0,VALUTA_taglio
Farmacia Procaccini,987300047,MYINTIMITY SIERO INT ANTI AGE,2,0.66,99,0,1.00,0,SPINGI_vende_rete15g
Farmacia Procaccini,987055872,COLLIRIO ALFA IDRATANTE 10ML,2,0.66,4,37,0,46,CARRELLO
Farmacia Procaccini,986895807,KELUAL DS GEL MOUSSE DET 200ML,2,0.66,1,6,0,6,CARRELLO
Farmacia Procaccini,986857326,CERAVE SIERO IDRAT ACIDO IALUR,2,0.66,3,3,0,0,VALUTA_taglio
Farmacia Procaccini,984569855,"SHINE ON HSPLUS BIONDO CHI8,00",2,0.66,2,3,0,0,VALUTA_taglio
Farmacia Procaccini,982947347,NUXE SUN LAIT SPF50 150ML,2,0.66,1,4,0,0,VALUTA_taglio
Farmacia Procaccini,982461143,DENSITIUM ROSE ECLAT RENO 50ML,2,0.66,3,0,0,25,CARRELLO
Farmacia Procaccini,981254687,PIGMENTBIO FOAMING CREAM 200ML,2,0.66,99,2,0,0,VALUTA_taglio
Farmacia Procaccini,980812578,PASTA HOFFMANN SELLA NAT 200ML,2,0.66,4,1,0,23,CARRELLO
Farmacia Procaccini,980445858,SENSIBIO GEL MOUSSANT 100ML,2,0.66,1,4,0,-8,VALUTA_taglio
Farmacia Procaccini,979413832,ATODERM INTENSIVE BAUME 500ML,2,0.66,5,12,2.00,18,SPINGI_vende_rete15g
Farmacia Procaccini,979256928,OMRON SFIGMO BRACCIO M3 COMF I,2,0.66,99,1,0,0,VALUTA_taglio
Farmacia Procaccini,978837437,CS ACQUA SOLARE IDRAT SPF50,2,0.66,2,3,0,50,CARRELLO
Farmacia Procaccini,978401370,YAMAMOTO R ASHWAGANDHA 30CPS,2,0.66,3,0,0,0,VALUTA_taglio
Farmacia Procaccini,975984598,VERTIWIN 30CPR,2,0.66,1,0,0,0,VALUTA_taglio
Farmacia Procaccini,975433095,AFTER BITE CREMA NATURAL 20ML,2,0.66,5,19,0,0,VALUTA_taglio
Farmacia Procaccini,975427459,FISIOCHAMBER VISION PLUS BOCC,2,0.66,3,0,0,0,VALUTA_taglio
Farmacia Procaccini,975062908,TRIS NAC 120ML,2,0.66,2,0,1.00,-5,SPINGI_vende_rete15g
Farmacia Procaccini,974477503,TRICORED PLUS 30CPS,2,0.66,2,0,0,17,CARRELLO
Farmacia Procaccini,974156592,RESTIVOIL LENIT ZERO 150ML TP,2,0.66,7,5,0,14,CARRELLO
Farmacia Procaccini,974089575,SENSIBIO GEL MOUSSANT 200ML,2,0.66,4,6,0,0,VALUTA_taglio
Farmacia Procaccini,974058099,REOXALL 100S CREMA CANOVA 50ML,2,0.66,99,0,0,0,VALUTA_taglio
Farmacia Procaccini,973292980,BIONIKE DEFENCE HAIR SH SEBORE,2,0.66,1,7,0,36,CARRELLO
Farmacia Procaccini,972786255,LASSIBEN 30CPR,2,0.66,2,0,0,0,VALUTA_taglio
Farmacia Procaccini,972730612,BOSKIN CREMA 500ML,2,0.66,3,0,6.00,12,SPINGI_vende_rete15g
Farmacia Procaccini,972553996,LENET OIL DETERGENTE 400ML,2,0.66,5,0,4.00,0,SPINGI_vende_rete15g
Farmacia Procaccini,972379008,DIGER AID ENZYMATIC 20CPR,2,0.66,99,0,0,0,VALUTA_taglio
Farmacia Procaccini,972050874,DUREX INTENSE ORGASMIC GEL,2,0.66,3,3,1.00,1,SPINGI_vende_rete15g
Farmacia Procaccini,971968134,DEODORANTE MINERAL AEROSOL,2,0.66,1,3,0,34,CARRELLO
Farmacia Procaccini,971337860,BENEFIBRA POLVERE 155G,2,0.66,4,8,1.00,0,SPINGI_vende_rete15g
Farmacia Procaccini,970430361,POLYPORUS MICOTHERAPY 90CPS VE,2,0.66,2,0,0,0,VALUTA_taglio
Farmacia Procaccini,952126112,PRINCIPIUM SUN BEAUTY 60CPR,2,0.66,5,0,0,0,VALUTA_taglio
Farmacia Procaccini,952099416,EUPHIDRA CORRETTORE DUO ROSS,2,0.66,1,3,0,12,CARRELLO
Farmacia Procaccini,952094567,PROBIOBENE JUNIOR 18STICK ORO,2,0.66,1,0,0,0,VALUTA_taglio
Farmacia Procaccini,951867670,"REMEND 0,75 3ML",2,0.66,3,0,2.00,0,SPINGI_vende_rete15g
Farmacia Procaccini,951677614,PHYSIOMANCE SUGARLESS 30CPS,2,0.66,5,0,1.00,0,SPINGI_vende_rete15g
Farmacia Procaccini,951380967,LINES SPEC PANTS EX UNI L 7PZ,2,0.66,1,0,0,0,VALUTA_taglio
Farmacia Procaccini,951376173,COLLAGENE LIQUIDO ANALCO 10FL,2,0.66,1,0,0,5,CARRELLO
Farmacia Procaccini,951372491,NUXE TROUSSE VOYAGE RDM 2026,2,0.66,4,1,0,-42,VALUTA_taglio
Farmacia Procaccini,951365042,ANTHELIOS UVAIR SPF50+ 50ML,2,0.66,5,1,0,12,CARRELLO
Farmacia Procaccini,951332840,DEFENCE COLOR GLOW KIT ILL+LIP,2,0.66,2,3,0,0,VALUTA_taglio
Farmacia Procaccini,951331418,SUN SECURE GOUTTES TEINTEES,2,0.66,2,6,0,3,CARRELLO
Farmacia Procaccini,951305147,VINOSUN OLIO SOLARE ABBR SPF50,2,0.66,12,21,0,13,CARRELLO
Farmacia Procaccini,989974439,DISCRONORM 100ML,1,0.33,1,0,0,4,CARRELLO
Farmacia Procaccini,990809004,VERSET ELIAN EDP 50ML,1,0.33,3,0,2.00,0,SPINGI_vende_rete15g
Farmacia Procaccini,990679072,VITAMINE MAXIMUM B 180PAST,1,0.33,2,0,0,0,VALUTA_taglio
Farmacia Procaccini,990648255,TREHAPAN GOCCE OCULARI 10ML,1,0.33,2,0,0,0,VALUTA_taglio
Farmacia Procaccini,990647048,CRIOTERMICA CRIOGEL 100ML,1,0.33,3,0,0,1,CARRELLO
Farmacia Procaccini,989980937,METAFOLIC+ 30CPS,1,0.33,5,0,0,0,VALUTA_taglio
Farmacia Procaccini,989894480,PREMIER CRU CREMA OCCHI15ML,1,0.33,13,17,0,0,VALUTA_taglio
Farmacia Procaccini,989893197,NUXE SUN OLIO SOL DOR30 150ML,1,0.33,2,11,0,30,CARRELLO
Farmacia Procaccini,989869084,DEO PRO ACTIVE VAPO 100G PROMO,1,0.33,99,3,0,0,VALUTA_taglio
Farmacia Procaccini,989850514,KIJIMEA COMPLETE 111CPS,1,0.33,6,0,4.00,0,SPINGI_vende_rete15g
Farmacia Procaccini,989812173,EVAGYN GEL VAGINALE 8TUB 5ML,1,0.33,6,0,11.00,37,SPINGI_vende_rete15g
Farmacia Procaccini,989707082,FDR DERMO ZZZZ DOPO PUNTURA,1,0.33,99,0,0,0,VALUTA_taglio
Farmacia Procaccini,989687975,FORMOLINE L112 64CPR,1,0.33,4,0,2.00,10,SPINGI_vende_rete15g
Farmacia Procaccini,989603067,PHOTODERM XDEFENSE50+ 01 40ML,1,0.33,2,3,0,7,CARRELLO
Farmacia Procaccini,989260892,KELUAL SQUANORM LOZIONE 200ML,1,0.33,2,1,0,0,VALUTA_taglio
Farmacia Procaccini,988388486,MUSTELA VANITY SET 2024,1,0.33,6,1,0,13,CARRELLO
Farmacia Procaccini,988148918,GASTRONYX PLUS 30CPR OROSOLUBI,1,0.33,1,0,0,16,CARRELLO
Farmacia Procaccini,987747831,LIFTACTIV B3 CREMA NTT RETINOL,1,0.33,3,2,0,0,VALUTA_taglio
Farmacia Procaccini,987718792,ORALB POWER ORAL CENTER+IO6,1,0.33,5,0,0,-6,VALUTA_taglio
Farmacia Procaccini,987411764,RILASTIL SUN SPF50+ VELVET COL,1,0.33,2,2,0,0,VALUTA_taglio
Farmacia Procaccini,987411749,RILASTIL SUN SPF50+ AGE REP CO,1,0.33,2,3,0,22,CARRELLO
Farmacia Procaccini,986963205,SCUDOVARIS GAMB CLASS STD K1 5,1,0.33,1,0,0,12,CARRELLO
Farmacia Procaccini,986958318,RVLIFT LIFT TISANA 50ML RICAR,1,0.33,7,5,0,0,VALUTA_taglio
Farmacia Procaccini,986921740,FLAVIS DELIZIA ALLE ERBE 130G,1,0.33,99,0,0,0,VALUTA_taglio
Farmacia Procaccini,986496964,MIGAPROS 30CPS,1,0.33,99,0,0,0,VALUTA_taglio
Farmacia Procaccini,986173250,SENSODYNE SENS&GUM ACT/PROT,1,0.33,6,0,0,0,VALUTA_taglio
Farmacia Procaccini,985919455,GOOVI SIERO CON BIOPEPTIDI,1,0.33,4,3,0,0,VALUTA_taglio
Farmacia Procaccini,985774456,DYNAMO D MEDIUM 20 STICK,1,0.33,1,0,1.00,0,SPINGI_vende_rete15g
Farmacia Procaccini,985638232,YOXA 30STICK PACK OROSOL,1,0.33,2,0,5.00,0,SPINGI_vende_rete15g
Farmacia Procaccini,985597412,VEBIX DERMOLINE CALEND DET INT,1,0.33,99,0,0,0,VALUTA_taglio
Farmacia Procaccini,985000571,ANTHELIOS LATTE 50+ PPACK 75ML,1,0.33,99,2,2.00,0,SPINGI_vende_rete15g
Farmacia Procaccini,984881387,AVENE GOMMAGE CORPO 200ML NF,1,0.33,5,5,0,0,VALUTA_taglio
Farmacia Procaccini,984623874,TONIMER PHYSIO MONOD 60FL 5ML,1,0.33,4,4,0,0,VALUTA_taglio
Farmacia Procaccini,984569893,"SHINE ON HSPLUS CASTANO SC3,00",1,0.33,5,7,0,16,CARRELLO
Farmacia Procaccini,984560161,FARMEX PREM AIRD PANN SU M15PZ,1,0.33,1,0,0,0,VALUTA_taglio
Farmacia Procaccini,984505279,REKORDSAN GUANCIALE MEM SIRIO,1,0.33,3,0,2.00,0,SPINGI_vende_rete15g
Farmacia Procaccini,984146047,POLASE HYDRATION LAMPONE12BUST,1,0.33,4,4,0,17,CARRELLO
Farmacia Procaccini,983747003,APROPOS TUSS SCIR BAMBINI150ML,1,0.33,1,4,0,32,CARRELLO
Farmacia Procaccini,983746999,APROPOS TUSS SCIR ADULTI 150ML,1,0.33,99,2,0,0,VALUTA_taglio
Farmacia Procaccini,983697741,VICHY HOMME DEO CC 96H ROLL 50,1,0.33,5,6,1.00,6,SPINGI_vende_rete15g
Farmacia Procaccini,983656455,POLSIERA STECCATA AMBI PED 3,1,0.33,1,0,1.00,0,SPINGI_vende_rete15g
Farmacia Procaccini,983191457,AUTAN DEFENSE GENTLE 100ML,1,0.33,8,36,0,6,CARRELLO
Farmacia Procaccini,983173485,SERENITY SAG SD SENS SUP 30PZ,1,0.33,2,0,0,0,VALUTA_taglio
Farmacia Procaccini,983173461,SERENITY SAG SD SENS PLUS 30PZ,1,0.33,1,0,0,0,VALUTA_taglio
Farmacia Procaccini,983039811,DONJOY X-ROM,1,0.33,3,0,0,13,CARRELLO
Farmacia Procaccini,982541450,RILASTIL ELASTICIZZANTE 10F,1,0.33,1,0,0,0,VALUTA_taglio
Farmacia Procaccini,982515696,VITAMINDERMINA GEL ANTI SFREG,1,0.33,4,3,0,0,VALUTA_taglio
Farmacia Procaccini,982505265,XEODERM POLVERE 50G DM,1,0.33,99,0,0,8,CARRELLO
Farmacia Procaccini,981475662,CERAVE OLIO DET IDRAT SCH473ML,1,0.33,4,1,1.00,0,SPINGI_vende_rete15g
Farmacia Procaccini,981467816,VERUM FORTELAX 80CPR,1,0.33,99,2,0,0,VALUTA_taglio
Farmacia Procaccini,981263597,MIO FLEX PLACCA PIAN10-68 70MM,1,0.33,99,0,1.00,0,SPINGI_vende_rete15g
Farmacia Procaccini,981042981,RILASTIL XEROLACT PB BALS400ML,1,0.33,6,0,0,14,CARRELLO
Farmacia Procaccini,980911301,SUN SECURE HUILE SECHE SPF50+N,1,0.33,4,9,0,24,CARRELLO
Farmacia Procaccini,980817340,THOTALE UNGHIE E CAPELLI 30CPR,1,0.33,5,0,0,16,CARRELLO
Farmacia Procaccini,980459034,VIDERMINA LUBRIPIU' CR INTIMA,1,0.33,2,5,2.00,0,SPINGI_vende_rete15g
Farmacia Procaccini,980287080,DEFENCE HAIR SHAMPOO SEC PURIF,1,0.33,2,4,0,46,CARRELLO
Farmacia Procaccini,980287054,DEFENCE HAIR BALSAMO NUTR200ML,1,0.33,1,9,0,18,CARRELLO
Farmacia Procaccini,980254510,FITOSTIMOLINE PLUS CREMA 32G,1,0.33,1,32,12.00,57,SPINGI_vende_rete15g
Farmacia Procaccini,980248987,COLASIL 30CPS,1,0.33,2,0,4.00,0,SPINGI_vende_rete15g
Farmacia Procaccini,980248544,DERCOS ANTIFORFORA K 20 250ML,1,0.33,4,2,0,13,CARRELLO
Farmacia Procaccini,980121899,COLLARE CERVICALE BIV VISTA,1,0.33,1,0,1.00,50,SPINGI_vende_rete15g
Farmacia Procaccini,979798485,CICAVIT+ LEVRES 10G,1,0.33,3,14,0,0,VALUTA_taglio
Farmacia Procaccini,979323060,TRIDERM INTIMATE ANTIBATT500ML,1,0.33,4,3,0,0,VALUTA_taglio
Farmacia Procaccini,979321318,DERMOVITAMINA MICO SMALTO NUDE,1,0.33,99,4,1.00,0,SPINGI_vende_rete15g
Farmacia Procaccini,979097565,TONIMER LAB PANTHEXYL BABY SPR,1,0.33,1,1,0,0,VALUTA_taglio
Farmacia Procaccini,979097538,HYALO GYN GEL 10APPL MONODOSE,1,0.33,8,23,11.00,66,SPINGI_vende_rete15g
Farmacia Procaccini,979052293,TOTABI PASTA EVO 15ML,1,0.33,1,0,4.00,0,SPINGI_vende_rete15g
Farmacia Procaccini,978691703,KAMINOX SCIROPPO 60ML,1,0.33,1,0,0,0,VALUTA_taglio
Farmacia Procaccini,977544954,PHYSIOMANCE ENZYM'UP 60CPS,1,0.33,1,0,0,13,CARRELLO
Farmacia Procaccini,977404704,CURCUMA&PIPERINA PLUS RAI60CPS,1,0.33,99,0,0,0,VALUTA_taglio
Farmacia Procaccini,977367921,NUTRIVA DIUREVAL 15STICK PACK,1,0.33,1,0,0,16,CARRELLO
Farmacia Procaccini,976399129,FETTE BISCOTTATE FARRO INTEG,1,0.33,99,0,0,0,VALUTA_taglio
Farmacia Procaccini,976391197,REOXALL 100S FLUIDO FOTOPR50ML,1,0.33,19,0,1.00,0,SPINGI_vende_rete15g
Farmacia Procaccini,976320820,HYALISTIL BIO PF GTT OCUL 10ML,1,0.33,17,0,4.00,64,SPINGI_vende_rete15g
Farmacia Procaccini,976311340,NEURASSIAL DOL 20CPR DEGLUT,1,0.33,1,2,17.00,0,SPINGI_vende_rete15g
Farmacia Procaccini,976310882,W LIFE 60CPR,1,0.33,5,0,2.00,0,SPINGI_vende_rete15g
Farmacia Procaccini,976100988,NEOSAME 20CPR,1,0.33,1,0,0,12,CARRELLO
Farmacia Procaccini,976034025,LACTOSOLUTION 15000 15CPR PORT,1,0.33,4,0,1.00,0,SPINGI_vende_rete15g
Farmacia Procaccini,976014668,SYNOQUIN EFA M BREED 30CPR,1,0.33,1,0,0,0,VALUTA_taglio
Farmacia Procaccini,975937715,VEMAG GASTRO 20STICK,1,0.33,6,0,0,0,VALUTA_taglio
Farmacia Procaccini,975761356,POLIDENT AZIONE TOTALE 66CPR,1,0.33,6,21,0,0,VALUTA_taglio
Farmacia Procaccini,975536549,ANTHELIOS ULTRA FLUIDO30+ 50ML,1,0.33,16,3,7.00,-38,SPINGI_vende_rete15g
Farmacia Procaccini,975427321,GIBAUD CLASSIC CINT POSTOP LE2,1,0.33,8,0,0,0,VALUTA_taglio
Farmacia Procaccini,974988329,DOAFER 30CPS,1,0.33,7,0,0,0,VALUTA_taglio
Farmacia Procaccini,974897377,DOLONERV 30CPR,1,0.33,6,0,1.00,0,SPINGI_vende_rete15g
Farmacia Procaccini,974895702,ERAFER+++ 30BUST,1,0.33,2,0,0,0,VALUTA_taglio
Farmacia Procaccini,974656480,PARODONTAX CP COOL MINT 75ML,1,0.33,9,12,2.00,1,SPINGI_vende_rete15g
Farmacia Procaccini,974059584,LINES CLAS RETT C/BARRI 30PZ,1,0.33,3,0,0,0,VALUTA_taglio
Farmacia Procaccini,974004537,FRESUBIN 5KCAL SHOT NEUTRAL,1,0.33,6,0,0,5,CARRELLO
Farmacia Procaccini,973916909,ARNICA BIANCARDI GEL EXF 200ML,1,0.33,99,0,0,0,VALUTA_taglio
Farmacia Procaccini,973719723,NUTRIAGE DAY 50ML,1,0.33,99,0,0,0,VALUTA_taglio
Farmacia Procaccini,973652151,CISTOPIU' 30CPR,1,0.33,6,0,4.00,-57,SPINGI_vende_rete15g
Farmacia Procaccini,973500729,SOMAT SKIN EX SNEL 7NTT G400ML,1,0.33,5,0,3.00,20,SPINGI_vende_rete15g
Farmacia Procaccini,973472691,DEROXEN PET LINE OTO 75ML,1,0.33,3,0,0,2,CARRELLO
Farmacia Procaccini,973293145,FIXOMULL STRETCH M10X10CM,1,0.33,1,0,1.00,0,SPINGI_vende_rete15g
Farmacia Procaccini,973292978,BIONIKE DEFENCE HAIR SH A/F GR,1,0.33,99,1,0,0,VALUTA_taglio
Farmacia Procaccini,973292954,ACNAID CE SAPONE LIQUIDO 300ML,1,0.33,99,0,0,0,VALUTA_taglio
Farmacia Procaccini,973042118,HYALU B5 CREMA 40ML,1,0.33,5,5,0,19,CARRELLO
Farmacia Procaccini,972778169,KRIN UP MELANINE 60CPS,1,0.33,6,0,2.00,14,SPINGI_vende_rete15g
Farmacia Procaccini,972730600,THYRSEL OX 30CPS,1,0.33,2,0,0,3,CARRELLO
Farmacia Procaccini,972594182,PIC MISUR PRES MOBILERAPID,1,0.33,99,0,0,0,VALUTA_taglio
Farmacia Procaccini,972592428,HEMA PLEX 60CPS,1,0.33,1,0,2.00,0,SPINGI_vende_rete15g
Farmacia Procaccini,972353965,ALGIOMEGA 3 120PRL,1,0.33,99,0,0,0,VALUTA_taglio
Farmacia Procaccini,972264636,BLEFASTOP GARZA COT PIE RX 28P,1,0.33,1,0,0,0,VALUTA_taglio
Farmacia Procaccini,972260614,RIGEAVIT 30CPR,1,0.33,8,0,1.00,0,SPINGI_vende_rete15g
Farmacia Procaccini,972147920,ALUS O&L SAPONE LIQ ALEPPO 40%,1,0.33,4,0,0,0,VALUTA_taglio
Farmacia Procaccini,971671464,EFFACLAR ACQUA MICELL P G400ML,1,0.33,5,1,1.00,26,SPINGI_vende_rete15g
Farmacia Procaccini,971299944,PERIO AID INTENSIVE CARE GEL,1,0.33,2,0,0,0,VALUTA_taglio
Farmacia Procaccini,971216686,NATUR-SIL 60CPS VEGETALI,1,0.33,4,0,1.00,0,SPINGI_vende_rete15g
Farmacia Procaccini,971192859,TIGLIO ESTRATTO INTEGRALE200ML,1,0.33,99,0,0,0,VALUTA_taglio
Farmacia Procaccini,971192834,VERGA D'ORO ESTR INTEGR 200ML,1,0.33,9,0,1.00,0,SPINGI_vende_rete15g
Farmacia Procaccini,971120290,ELICRISO ESTRATTO INTEGR 200ML,1,0.33,6,0,0,0,VALUTA_taglio
Farmacia Procaccini,970800254,TRIPLE LIPID RESTORE 2 4 2,1,0.33,5,4,0,0,VALUTA_taglio
Farmacia Procaccini,970722334,ONYCOPHASE SOL UNGUEALE15+15ML,1,0.33,4,0,0,0,VALUTA_taglio
Farmacia Procaccini,970523991,FIENO GRECO ESTR INTEGR 200ML,1,0.33,4,0,0,0,VALUTA_taglio
Farmacia Procaccini,970430070,ETAS CORPO 200ML,1,0.33,6,0,1.00,0,SPINGI_vende_rete15g
Farmacia Procaccini,952120018,ORALB IO2 SPIDERMAN TRAVEL,1,0.33,99,2,0,0,VALUTA_taglio
Farmacia Procaccini,952110272,BIONIKE SHINE ON NC BALS RISTR,1,0.33,5,3,0,0,VALUTA_taglio
Farmacia Procaccini,952099277,EUPHIDRA BB CREMA COLOR BEIGE,1,0.33,2,4,0,4,CARRELLO
Farmacia Procaccini,952058358,VEA OFT GEL OLEOSO CONT OCCHI,1,0.33,99,2,0,0,VALUTA_taglio
Farmacia Procaccini,952050678,GASTROVOM 30STICK PACK,1,0.33,4,0,2.00,0,SPINGI_vende_rete15g
Farmacia Procaccini,951991177,KLORANE BALS CHIN CRES200ML PL,1,0.33,4,4,0,21,CARRELLO
Farmacia Procaccini,951866375,DRENLIFE LINFODREN SUMM30STICK,1,0.33,2,0,0,0,VALUTA_taglio
Farmacia Procaccini,951677626,PHYSIOMANCE BROMELAINE 60CPS,1,0.33,1,0,1.00,0,SPINGI_vende_rete15g
Farmacia Procaccini,951677590,PHYSIOMANCE TIRONAT GOLD 90CPR,1,0.33,1,0,0,0,VALUTA_taglio
Farmacia Procaccini,951565682,CORNEANORM GOCCE OCULARI 10ML,1,0.33,8,0,0,0,VALUTA_taglio
Farmacia Procaccini,951506043,STOMEK SOSPENSIONE 30STICK,1,0.33,1,0,0,-56,VALUTA_taglio
Farmacia Procaccini,951501408,ADCMYFOLIC 30CPR,1,0.33,8,0,4.00,0,SPINGI_vende_rete15g
Farmacia Procaccini,951485580,PODOVEN SUPRA CREMA 100ML,1,0.33,12,0,1.00,0,SPINGI_vende_rete15g
Farmacia Procaccini,951468141,STABILE 30STICK OROSOLUBILI,1,0.33,6,0,0,0,VALUTA_taglio
Farmacia Procaccini,951455132,MAGNEVIS 400PAST,1,0.33,2,0,1.00,0,SPINGI_vende_rete15g
Farmacia Procaccini,951388848,FLORENTERO COMPLEX SOSP 60ML,1,0.33,4,0,0,9,CARRELLO
Farmacia Procaccini,951383797,PRINCIPIUM MAGNESIO CB50+ 32BU,1,0.33,4,0,1.00,0,SPINGI_vende_rete15g
Farmacia Procaccini,951381490,CERAVE STICK SOLARE SPF50+ 8G,1,0.33,5,1,0,13,CARRELLO
Farmacia Procaccini,951375880,M-AID CEROTTO NAS 56X17MM 30PZ,1,0.33,99,0,0,0,VALUTA_taglio
Farmacia Procaccini,951365168,ANTHELIOS UVSPORT GEL-CR 200ML,1,0.33,3,7,2.00,32,SPINGI_vende_rete15g
Farmacia Procaccini,951358353,DORSOLOMBOTECH CORSETTO TG 4,1,0.33,3,0,0,0,VALUTA_taglio
Farmacia Procaccini,951336193,LACTOFLORENE BIMBI 12FL,1,0.33,4,23,1.00,13,SPINGI_vende_rete15g
Farmacia Procaccini,951331558,RILASTIL ACNESTIL GEL DET500ML,1,0.33,4,3,0,29,CARRELLO
Farmacia Procaccini,951313030,MINERALVIS 150PAST,1,0.33,5,0,1.00,0,SPINGI_vende_rete15g
Farmacia Procaccini,951246901,UTIVAL 28BUST,1,0.33,6,0,2.00,-88,SPINGI_vende_rete15g
Farmacia Procaccini,951246851,GLICINOX 20BUST,1,0.33,1,0,6.00,0,SPINGI_vende_rete15g
Farmacia Procaccini,951231998,DOLINPEA 30CPR RIVESTITE,1,0.33,14,0,1.00,0,SPINGI_vende_rete15g
Farmacia Procaccini,951223849,SALISANI POLVERE SOLUBILE 360G,1,0.33,4,0,10.00,0,SPINGI_vende_rete15g
Farmacia Procaccini,951223686,ASTAXANTINA 120PAST HEMATOCOCC,1,0.33,6,0,1.00,0,SPINGI_vende_rete15g
Farmacia Procaccini,951220108,SCIENTIA NOVA CREMA IDRAT400ML,1,0.33,2,0,0,0,VALUTA_taglio
Farmacia Procaccini,951211743,CARDIOSTAX 60CPR,1,0.33,2,0,0,0,VALUTA_taglio
Farmacia Procaccini,951193212,ALTIAL GEL OFTALMICO LUBRIF,1,0.33,1,0,1.00,15,SPINGI_vende_rete15g
Farmacia Procaccini,951175900,SNS1 OP 30BUST,1,0.33,3,0,0,31,CARRELLO
Farmacia Procaccini,951164348,SOMAT SKIN EX DRENA ADV20STICK,1,0.33,1,5,1.00,10,SPINGI_vende_rete15g
Farmacia Procaccini,951150022,DIKIROGEN ZERO 30CPR,1,0.33,3,0,14.00,28,SPINGI_vende_rete15g
Farmacia Procaccini,951128154,ERACISTAL BIOTIC 5BUST,1,0.33,2,0,6.00,0,SPINGI_vende_rete15g
Farmacia Procaccini,951125451,SEBIUM KERATO+ BODY 150ML,1,0.33,1,5,0,0,VALUTA_taglio
Farmacia Procaccini,951123607,OLIO RICINO PURO 200ML,1,0.33,3,0,6.00,0,SPINGI_vende_rete15g
Farmacia Procaccini,951098540,MYOCARE 30BUST,1,0.33,2,0,7.00,0,SPINGI_vende_rete15g
Farmacia Procaccini,951097272,ALOPECY 100ML NF,1,0.33,9,0,0,0,VALUTA_taglio
Farmacia Procaccini,951086432,LIBICARE MENO 60CPS,1,0.33,8,0,8.00,16,SPINGI_vende_rete15g
Farmacia Procaccini,951050653,SAUGELLA UNDER THE SKIN BUNDLE,1,0.33,2,7,0,29,CARRELLO
Farmacia Procaccini,951047620,BIOCLIN DEO CONTROL CREMA 30ML,1,0.33,99,0,0,0,VALUTA_taglio
Farmacia Procaccini,951047354,PSIPROTO MAMMA100CPR GASTRORES,1,0.33,5,0,0,42,CARRELLO
Farmacia Procaccini,951043494,HYALU B5 CREMA RICARICA 50ML,1,0.33,5,3,0,0,VALUTA_taglio
Farmacia Procaccini,950956843,PEPTIVET 4 SOL OTOLOGICA 50ML,1,0.33,5,0,2.00,17,SPINGI_vende_rete15g
Farmacia Procaccini,950952147,GHC MEDICAL TRATT PROTEIC PREV,1,0.33,1,0,2.00,19,SPINGI_vende_rete15g
Farmacia Procaccini,950945598,IDRYADREN 300ML,1,0.33,7,0,0,0,VALUTA_taglio
Farmacia Procaccini,950939102,LEVIALIFE CREMA 75ML,1,0.33,5,0,0,0,VALUTA_taglio
Farmacia Procaccini,950905164,DONNA EXTRA 50G PASTIGLIE,1,0.33,3,0,0,6,CARRELLO
Farmacia Procaccini,950851055,PROAURIS GOCCE AURICOLARI CANI,1,0.33,2,0,0,0,VALUTA_taglio
Farmacia Procaccini,950837219,KIJIMEA FLORACARE 10CPS,1,0.33,6,0,1.00,0,SPINGI_vende_rete15g
Farmacia Procaccini,950837207,KIJIMEA K53 ADVANCE 20CPS,1,0.33,9,0,13.00,4,SPINGI_vende_rete15g
Farmacia Procaccini,950836647,AVENE HYALURON A PROC CONT15ML,1,0.33,1,4,0,16,CARRELLO
Farmacia Procaccini,950456362,SPIRIAL ROLL ON REFILL 50ML,1,0.33,2,3,1.00,0,SPINGI_vende_rete15g
Farmacia Procaccini,950453997,CITICOOS 1000 15FL,1,0.33,7,0,5.00,0,SPINGI_vende_rete15g
Farmacia Procaccini,950376018,ATODIM SPRAY 30ML 500UI,1,0.33,1,0,0,0,VALUTA_taglio
Farmacia Procaccini,950226302,ORALB POWER REFILL IO U/BI 3PZ,1,0.33,99,1,0,0,VALUTA_taglio
Farmacia Procaccini,950150728,BIOSCALIN TOTAL CARE SH V400ML,1,0.33,5,5,5.00,11,SPINGI_vende_rete15g
Farmacia Procaccini,950150692,BIOSCALIN TOTAL CARE SH R200ML,1,0.33,1,8,1.00,0,SPINGI_vende_rete15g
Farmacia Procaccini,950085946,ENERGERA ULTRA 12FL,1,0.33,99,0,0,0,VALUTA_taglio
Farmacia Procaccini,950072746,LAMUSELAB SUN SKIN CONTROL50ML,1,0.33,1,4,0,15,CARRELLO
Farmacia Procaccini,950069955,RILASTIL XEROLACT OLIO DET,1,0.33,2,0,0,0,VALUTA_taglio
Farmacia Procaccini,950069916,RILASTIL DIFESA TRATT A/ROSSOR,1,0.33,4,5,2.00,0,SPINGI_vende_rete15g
Farmacia Procaccini,949970697,DR VITI COLLAGENE CR CRP 200ML,1,0.33,4,0,0,0,VALUTA_taglio
Farmacia Procaccini,949898086,VOGLIA SOLE SIERO GEL A/RUGHE,1,0.33,99,0,0,0,VALUTA_taglio
Farmacia Procaccini,949869349,MACULVIST 20CPR RIVESTITE,1,0.33,7,0,5.00,10,SPINGI_vende_rete15g
Farmacia Procaccini,949645372,DR VITI DRENANTE MIRT 28STICK,1,0.33,4,0,1.00,0,SPINGI_vende_rete15g
Farmacia Procaccini,949627741,VITA K PLUS PLUS 150 GOCCE 6ML,1,0.33,1,0,0,0,VALUTA_taglio
Farmacia Procaccini,947250763,TIMODORE CEROTTO MICOSI UNGHIE,1,0.33,2,0,1.00,3,SPINGI_vende_rete15g
Farmacia Procaccini,947225367,EUPHIDRA MASCHERA RESTORE+75ML,1,0.33,3,4,0,17,CARRELLO
Farmacia Procaccini,947073920,RILASTIL SUN SYS WT COL SPF50+,1,0.33,3,5,0,0,VALUTA_taglio
Farmacia Procaccini,947073716,RILASTIL XEROLACT BALS SP400ML,1,0.33,7,69,14.00,14,SPINGI_vende_rete15g
Farmacia Procaccini,946450398,BIANCO D'AMBRA EDP 100ML,1,0.33,7,0,0,6,CARRELLO
Farmacia Procaccini,945140162,EUPH COLORPRO XD 807 BIOND,1,0.33,99,1,0,21,CARRELLO
Farmacia Procaccini,945102123,ACQUA PROFUMATA NEROLI VETIVER,1,0.33,1,2,0,17,CARRELLO
Farmacia Procaccini,944841055,LONGLIFE MORINGA BIO 100CPS VE,1,0.33,2,0,0,0,VALUTA_taglio
Farmacia Procaccini,943327231,EUPHIDRA DEO ROLL ON SUD INTEN,1,0.33,4,2,1.00,14,SPINGI_vende_rete15g
Farmacia Procaccini,943245567,EUPH FILLER CR ANTIR RIDUC,1,0.33,99,1,0,0,VALUTA_taglio
Farmacia Procaccini,942872060,FILME GYNO V 6OV,1,0.33,18,0,0,23,CARRELLO
Farmacia Procaccini,942808167,ALTIAL PLUS GOCCE OCULARI 10ML,1,0.33,5,0,12.00,10,SPINGI_vende_rete15g
Farmacia Procaccini,942260338,EUPH COLORPRO XD610 BION S,1,0.33,99,2,0,3,CARRELLO
Farmacia Procaccini,942062148,ESPERSOL OTO GOCCE 20ML,1,0.33,3,0,0,0,VALUTA_taglio
Farmacia Procaccini,941971475,BIOCLIN DEO INTIMATE SPR PROF,1,0.33,2,2,1.00,0,SPINGI_vende_rete15g
Farmacia Procaccini,941802100,PIOIMM 20CPR,1,0.33,3,0,0,14,CARRELLO
Farmacia Procaccini,941113300,VENAPLUS 30CPR,1,0.33,2,0,0,0,VALUTA_taglio
Farmacia Procaccini,940885837,AVENE BODY BALSAMO CORPO 250ML,1,0.33,1,4,0,0,VALUTA_taglio
Farmacia Procaccini,940883352,BIOLIFTAN GEL MASK 50ML,1,0.33,4,0,2.00,0,SPINGI_vende_rete15g
Farmacia Procaccini,940562907,DERMAFRESH 24H P/NORM ROLL50ML,1,0.33,2,7,0,1,CARRELLO
Farmacia Procaccini,940555651,ARNICA VITI GEL 90% 200ML,1,0.33,2,0,1.00,13,SPINGI_vende_rete15g
Farmacia Procaccini,940472071,"BIOKAP NUTRIC DEL RAP 7,0 BIO",1,0.33,5,0,0,0,VALUTA_taglio
Farmacia Procaccini,940085160,FOTOULTRA ACTIVE UNIFY SPF50+,1,0.33,6,0,2.00,0,SPINGI_vende_rete15g
Farmacia Procaccini,940077910,PRINCIPIUM HAIR BEAUTY 60CPR,1,0.33,4,0,0,0,VALUTA_taglio
Farmacia Procaccini,940005655,PANTAVIS METABOLICO 30CPR,1,0.33,9,0,0,0,VALUTA_taglio
Farmacia Procaccini,939393171,PODIDRAL FAS CR RAGADI PIED100,1,0.33,6,0,1.00,0,SPINGI_vende_rete15g
Farmacia Procaccini,939223602,AUSILIUM 20 PLUS,1,0.33,4,0,5.00,15,SPINGI_vende_rete15g
Farmacia Procaccini,938758214,CER'8 FAMILY SPRAY 100ML,1,0.33,99,0,2.00,7,SPINGI_vende_rete15g
Farmacia Procaccini,938471683,SALI DI EPSOM POLVERE 500G,1,0.33,4,0,0,0,VALUTA_taglio
Farmacia Procaccini,938224654,GEHWOL ANELLO CORRETTORE 3PZ,1,0.33,4,0,0,0,VALUTA_taglio
Farmacia Procaccini,938060187,NIGHT&DAY COMF SOLETTA 1PAIO,1,0.33,2,0,0,3,CARRELLO
Farmacia Procaccini,937494502,CONVEEN OPTIMA GUAINA 35MM 30P,1,0.33,14,0,4.00,0,SPINGI_vende_rete15g
Farmacia Procaccini,937253666,FERNAPYD 30CPS,1,0.33,99,0,0,0,VALUTA_taglio
Farmacia Procaccini,935679302,ACETIDINE LOZ SPRAY AC ACETICO,1,0.33,4,0,0,0,VALUTA_taglio
Farmacia Procaccini,935569133,SOLIVEN 30CPS BIOSLINE,1,0.33,6,0,3.00,0,SPINGI_vende_rete15g
Farmacia Procaccini,935479244,COLEPAN FAST 20CPR,1,0.33,15,0,0,0,VALUTA_taglio
Farmacia Procaccini,935057467,"BIOKAP NUTRICDEL 4,0 CAST NAT",1,0.33,6,0,0,0,VALUTA_taglio
Farmacia Procaccini,935057315,"BIOKAP NUTRIC 6,0 BIO TABACCO",1,0.33,24,0,9.00,0,SPINGI_vende_rete15g
Farmacia Procaccini,935034330,EUMILL GOCCE OCUL PROTECTION,1,0.33,7,43,7.00,219,SPINGI_vende_rete15g
Farmacia Procaccini,934975133,FILME NASALE OLIO 20ML,1,0.33,6,2,1.00,9,SPINGI_vende_rete15g
Farmacia Procaccini,934885942,PERNALIFE DOL GEL 125ML,1,0.33,1,0,1.00,0,SPINGI_vende_rete15g
Farmacia Procaccini,934845544,EDOVIS 20BUST,1,0.33,3,0,9.00,0,SPINGI_vende_rete15g
Farmacia Procaccini,934488154,BIOKAP B BALSAMO NUTR DISTRIC,1,0.33,19,0,1.00,0,SPINGI_vende_rete15g
Farmacia Procaccini,934425784,DANASE 20CPR,1,0.33,5,0,1.00,17,SPINGI_vende_rete15g
Farmacia Procaccini,934179957,CAMPEDEX-5 15CPR OVOIDALI,1,0.33,2,0,2.00,0,SPINGI_vende_rete15g
Farmacia Procaccini,934036791,AUSILIUM NAC 14FL 10ML,1,0.33,2,0,4.00,0,SPINGI_vende_rete15g
Farmacia Procaccini,933949430,BISENGLUT BISCOTTO GRANULARE,1,0.33,6,0,0,0,VALUTA_taglio
Farmacia Procaccini,933869974,LITOCALC 30BUST,1,0.33,3,0,0,0,VALUTA_taglio
Farmacia Procaccini,932751480,FOTOKER ORALE PHARCOS 30CPR,1,0.33,18,0,0,14,CARRELLO
Farmacia Procaccini,931972754,EUPH FILLER SUPR JALURON 4000,1,0.33,5,1,0,0,VALUTA_taglio
Farmacia Procaccini,931852178,OZONIA 15 LIPOGEL OZONO 35ML,1,0.33,7,0,0,0,VALUTA_taglio
Farmacia Procaccini,931660233,NUROLIT 30CPR,1,0.33,2,0,0,16,CARRELLO
Farmacia Procaccini,931577922,TERMODREN 300ML,1,0.33,2,0,4.00,0,SPINGI_vende_rete15g
Farmacia Procaccini,931524615,PIROFER FORTE 30CPR,1,0.33,11,0,0,0,VALUTA_taglio
Farmacia Procaccini,931509044,FERFOLC GOCCE 15ML,1,0.33,9,0,0,0,VALUTA_taglio
Farmacia Procaccini,931127993,VALDISPERT GOCCE SONNO RAP30ML,1,0.33,2,10,0,0,VALUTA_taglio
Farmacia Procaccini,931029363,DONNADET MOUSSE DET 200ML,1,0.33,3,0,0,0,VALUTA_taglio
Farmacia Procaccini,931029110,ERGYDESMODIUM 250ML,1,0.33,21,0,3.00,14,SPINGI_vende_rete15g
Farmacia Procaccini,931005957,ELLEFFE 100 PLUS 20CPR,1,0.33,2,2,0,23,CARRELLO
Farmacia Procaccini,930889439,HYIODINE AC IALURONICO IOD 50G,1,0.33,2,0,0,14,CARRELLO
Farmacia Procaccini,930501996,TRAUMI FANGO MINERALE 5BUST,1,0.33,6,0,1.00,0,SPINGI_vende_rete15g
Farmacia Procaccini,930214527,"EMOFORM PLAKOUT ACT0,12% COLLU",1,0.33,14,0,1.00,0,SPINGI_vende_rete15g
Farmacia Procaccini,930212131,PENTA U10 CREMA 1000ML,1,0.33,19,0,1.00,-10,SPINGI_vende_rete15g
Farmacia Procaccini,927385219,CONVEEN OPTIMA GUAINA 28MM 30P,1,0.33,99,0,7.00,0,SPINGI_vende_rete15g
Farmacia Procaccini,927117212,URIAGE STRUCC WATERPROOF 100ML,1,0.33,3,0,2.00,20,SPINGI_vende_rete15g
Farmacia Procaccini,926674704,CRESKO 10F,1,0.33,99,0,0,0,VALUTA_taglio
Farmacia Procaccini,926589452,MELATONINA DISPERT 120CPR,1,0.33,33,11,1.00,0,SPINGI_vende_rete15g
Farmacia Procaccini,926574613,CH ANTIZANZ ULTRASUONI SPINA,1,0.33,4,2,1.00,0,SPINGI_vende_rete15g
Farmacia Procaccini,926431976,MTHFR-P PLUS 30CPR,1,0.33,7,0,2.00,0,SPINGI_vende_rete15g
Farmacia Procaccini,926421684,PURES GEL FRESC CIRC 125ML,1,0.33,99,0,0,0,VALUTA_taglio
Farmacia Procaccini,926420934,OLIPROX SCHIUMA 150ML CE,1,0.33,6,0,1.00,0,SPINGI_vende_rete15g
Farmacia Procaccini,926084880,MICOCORD 70CPS,1,0.33,7,0,0,15,CARRELLO
Farmacia Procaccini,926084841,MICO LEO 70CPS,1,0.33,3,0,0,13,CARRELLO
Farmacia Procaccini,925931002,MEDI KL1 PLUS/GAMBAL CO 2 102,1,0.33,5,0,0,0,VALUTA_taglio
Farmacia Procaccini,925605673,PODIFER60 PLANTARE AMMORT 43,1,0.33,4,0,1.00,0,SPINGI_vende_rete15g
Farmacia Procaccini,925596898,APROPOS FLUPROTECT EFF C 20CPR,1,0.33,2,9,0,0,VALUTA_taglio
Farmacia Procaccini,925369136,THROMBOSIS 18 ISP GAMB XXLC,1,0.33,99,0,0,0,VALUTA_taglio
Farmacia Procaccini,925369100,THROMBOSIS 18 ISP GAMB M CORTO,1,0.33,4,0,0,0,VALUTA_taglio
Farmacia Procaccini,924995071,VIGORPET GATTI PASTA 50G,1,0.33,4,0,0,0,VALUTA_taglio
Farmacia Procaccini,924994736,PULSOXIMETRO OXY-3,1,0.33,4,0,0,0,VALUTA_taglio
Farmacia Procaccini,924874579,ACTINICA LOTION 80ML,1,0.33,99,0,0,0,VALUTA_taglio
Farmacia Procaccini,924871561,REV IDRAX SERUM 30ML,1,0.33,9,0,1.00,0,SPINGI_vende_rete15g
Farmacia Procaccini,924829169,MELATONINA CLASSIC 75PAST,1,0.33,99,0,0,0,VALUTA_taglio
Farmacia Procaccini,924599234,PAMAL 30CPR,1,0.33,9,0,2.00,0,SPINGI_vende_rete15g
Farmacia Procaccini,924570169,XIPHASE SHAMPOO 250ML,1,0.33,15,0,0,0,VALUTA_taglio
Farmacia Procaccini,924546221,CARPINO BI 500ML ANALCO GEM10+,1,0.33,1,0,1.00,0,SPINGI_vende_rete15g
Farmacia Procaccini,924519681,IMMUNITY ASSIST TOTAL 70CPS,1,0.33,1,0,0,0,VALUTA_taglio
Farmacia Procaccini,924296332,SAUBER AREG 140 MICR NE 4,1,0.33,2,2,0,12,CARRELLO
Farmacia Procaccini,924284452,BIRDETOX 2SIR 15ML,1,0.33,8,0,1.00,0,SPINGI_vende_rete15g
Farmacia Procaccini,924274083,REDERMIC RETINOL OCCHI 15ML,1,0.33,4,3,1.00,7,SPINGI_vende_rete15g
Farmacia Procaccini,923744256,IMMUNOTHER 30 BUSTE,1,0.33,2,0,0,0,VALUTA_taglio
Farmacia Procaccini,923360364,NEVERTIN 15CPS,1,0.33,1,0,2.00,0,SPINGI_vende_rete15g
Farmacia Procaccini,923130278,PH-SANO 360G POLVERE,1,0.33,9,0,0,0,VALUTA_taglio
Farmacia Procaccini,923022735,CERAMOL BETA PASTA ALL'ACQUA,1,0.33,11,0,0,0,VALUTA_taglio
Farmacia Procaccini,922553072,DRENAGILL30 30CPR,1,0.33,3,0,1.00,0,SPINGI_vende_rete15g
Farmacia Procaccini,922262567,NEURONEV COMPLEX 30CPR,1,0.33,5,0,0,5,CARRELLO
Farmacia Procaccini,921895645,IDEAL SOLEIL VISO DRY TOUCH 30,1,0.33,4,4,0,0,VALUTA_taglio
Farmacia Procaccini,921670093,ZETAMAX PUMP SPRAY 300ML,1,0.33,4,0,1.00,0,SPINGI_vende_rete15g
Farmacia Procaccini,921232637,PESCURA HEEL ORIG BYCAST SAB36,1,0.33,3,0,0,29,CARRELLO
Farmacia Procaccini,921034498,ALPECIN ENERGIZER TON DOPOSH,1,0.33,3,0,0,0,VALUTA_taglio
Farmacia Procaccini,920966241,NUTILIS POWDER ADDENSANTE 300G,1,0.33,6,0,15.00,42,SPINGI_vende_rete15g
Farmacia Procaccini,913588000,GINOCCHIERA ROT GENUFIT 15 M,1,0.33,3,0,0,27,CARRELLO
Farmacia Procaccini,913500575,Durex Intense Pure Fantasy,1,0.33,4,1,0,0,VALUTA_taglio
Farmacia Procaccini,913205314,ELICRYSO OLIO DET INTIMO 100ML,1,0.33,4,0,0,15,CARRELLO
Farmacia Procaccini,912532633,DEFENCE BODY ANTICELL 400ML,1,0.33,99,0,0,0,VALUTA_taglio
Farmacia Procaccini,912256082,KRIN UP SHAMPOO ANTICADUTA,1,0.33,2,0,0,0,VALUTA_taglio
Farmacia Procaccini,911023188,SIG 701 AG-BAP MS PA CRIS,1,0.33,99,0,0,0,VALUTA_taglio
Farmacia Procaccini,909814194,INTIMO VEGETALE 250ML,1,0.33,1,0,8.00,0,SPINGI_vende_rete15g
Farmacia Procaccini,909376624,UNDECIN A DETERGENTE 200ML,1,0.33,15,0,3.00,0,SPINGI_vende_rete15g
Farmacia Procaccini,909005631,OMEGA PET 100ML,1,0.33,3,0,0,0,VALUTA_taglio
Farmacia Procaccini,908726843,NEO MOM POLVERE 20G,1,0.33,6,0,0,0,VALUTA_taglio
Farmacia Procaccini,908682293,LABCATAL NUTRITION CU/AG/AU GT,1,0.33,99,0,0,0,VALUTA_taglio
Farmacia Procaccini,908648708,DELTACRIN SHAMPOO PHARCOS 250M,1,0.33,9,0,4.00,13,SPINGI_vende_rete15g
Farmacia Procaccini,908146602,BIOLASTIC SHAMPOO SPECIALE,1,0.33,6,0,0,0,VALUTA_taglio
Farmacia Procaccini,907254751,IDEAL SOLEIL AUTOABBR VISO/CRP,1,0.33,1,3,0,0,VALUTA_taglio
Farmacia Procaccini,907173797,DELIFAB AI CREMA VISO 50ML,1,0.33,99,0,0,0,VALUTA_taglio
Farmacia Procaccini,907152882,VASODREN 30CPR FILMATE,1,0.33,4,0,8.00,0,SPINGI_vende_rete15g
Farmacia Procaccini,906953575,GEHWOL BALS PIEDI P/SEC 75ML,1,0.33,7,0,0,0,VALUTA_taglio
Farmacia Procaccini,905897652,MEDILEN IPER CREMA 50ML,1,0.33,7,0,4.00,0,SPINGI_vende_rete15g
Farmacia Procaccini,905733440,INOCOMPLEX 60CPR,1,0.33,1,0,0,11,CARRELLO
Farmacia Procaccini,905332817,EUPHIDRA AMIDO SHAMPOO OLIO,1,0.33,99,9,0,16,CARRELLO
Farmacia Procaccini,904734264,FIDREN POLVERE 100G,1,0.33,9,0,1.00,56,SPINGI_vende_rete15g
Farmacia Procaccini,904665534,DER-MYC MOUSSE IDR CUTE MUCOSE,1,0.33,99,0,0,0,VALUTA_taglio
Farmacia Procaccini,904326562,SOMATIX 30CPS,1,0.33,1,0,0,3,CARRELLO
Farmacia Procaccini,904302155,ONICOKER PHARCOS LACC RINF UNG,1,0.33,5,0,0,24,CARRELLO
Farmacia Procaccini,904045945,EUDREN 30CPS,1,0.33,15,0,0,0,VALUTA_taglio
Farmacia Procaccini,903980530,AVENE ACQUA TERMALE SPR 150ML,1,0.33,99,1,0,11,CARRELLO
Farmacia Procaccini,903923617,VIGORPET CANI 20CPR,1,0.33,99,0,0,0,VALUTA_taglio
Farmacia Procaccini,903705919,EUDREN CREMA 200ML,1,0.33,2,0,1.00,0,SPINGI_vende_rete15g
Farmacia Procaccini,903569465,SERENITY PANN CLAS EX L 30PZ,1,0.33,4,0,0,0,VALUTA_taglio
Farmacia Procaccini,903529016,VARISAN LUILEI COT1520 ADNE4,1,0.33,2,0,3.00,0,SPINGI_vende_rete15g
Farmacia Procaccini,903438861,SINEAMIN PIPE RIGATE 500G,1,0.33,99,0,0,0,VALUTA_taglio
Farmacia Procaccini,903437251,NUGEL IDROGEL FLUIDO 25G 2PZ,1,0.33,1,0,0,14,CARRELLO
Farmacia Procaccini,903187452,ESTROMINERAL SERENA 40CPR,1,0.33,4,1,6.00,25,SPINGI_vende_rete15g
Farmacia Procaccini,903035160,RESURGEN 100ML,1,0.33,5,0,1.00,40,SPINGI_vende_rete15g
Farmacia Procaccini,902722228,EUPHIDRA SKIN REVEIL CR IDRORE,1,0.33,1,1,0,12,CARRELLO
Farmacia Procaccini,902711581,DINABASE 7 ADESIVO DENTIERE,1,0.33,18,0,3.00,0,SPINGI_vende_rete15g
Farmacia Procaccini,902520182,GRANI DI LUNGA VITA 33G,1,0.33,6,0,6.00,0,SPINGI_vende_rete15g
Farmacia Procaccini,902092143,SECURDRAIN VIA SACCA UR750 T10,1,0.33,2,0,1.00,0,SPINGI_vende_rete15g
Farmacia Procaccini,901773580,STOMODINE GEL GENG CANI 30ML,1,0.33,6,0,0,21,CARRELLO
Farmacia Procaccini,901634446,LADYGLORIA 24 COL 240 DAINO 2,1,0.33,9,0,0,12,CARRELLO
Farmacia Procaccini,901482392,LACTIS B-COMPLEX 8FL 10ML,1,0.33,4,0,0,0,VALUTA_taglio
Farmacia Procaccini,901430052,HEMA PLEX FERRO ORGANICO 30TAV,1,0.33,1,0,0,21,CARRELLO
Farmacia Procaccini,900975210,VITAMINA B1 TIAMINA 300 MG,1,0.33,4,0,0,4,CARRELLO
Farmacia Procaccini,900589286,OTOVENT 5PALLONCINI+1CANNULA,1,0.33,4,0,1.00,5,SPINGI_vende_rete15g
Farmacia Procaccini,900533757,CLOREXYDERM SHAMPOO 250ML,1,0.33,14,0,1.00,27,SPINGI_vende_rete15g
Farmacia Procaccini,900498813,CLOREXYDERM SOL 4% SCHIUMA,1,0.33,5,0,0,19,CARRELLO
Farmacia Procaccini,900350657,EMERGENCY ESS AUSTRALIAN 30ML,1,0.33,3,0,0,14,CARRELLO
Farmacia Procaccini,900337510,AVENE COLD CREAM 100ML,1,0.33,1,3,0,27,CARRELLO
Farmacia Procaccini,900240235,MELANIDIN PLUS EUPIGMENT 50ML,1,0.33,11,0,5.00,0,SPINGI_vende_rete15g
Farmacia Procaccini,900122767,BIOMINERAL DONNA 30CPR,1,0.33,3,6,4.00,19,SPINGI_vende_rete15g
Farmacia Procaccini,104687025,"VECTRA 3D*3PIP 1,5-4KG GIALLO",1,0.33,4,0,0,8,CARRELLO
Farmacia Procaccini,104069012,EFFIPRO*4PIP GATTI,1,0.33,7,0,0,15,CARRELLO
Farmacia Procaccini,051342018,DICLOREUMACT*GEL 60G 20MG/G,1,0.33,1,10,0,14,CARRELLO
Farmacia Procaccini,037899010,"FROBEN RAFFREDDORE*15ML 0,05%",1,0.33,4,12,2.00,12,SPINGI_vende_rete15g
Farmacia Procaccini,020942025,"TROFODERMIN*CR DERM30G 0,5+0,5",1,0.33,3,8,1.00,0,SPINGI_vende_rete15g
Farmainsieme,951486202,FOTOPROTECTOR FACIAL MIST100ML,19,6.26,1,26,4.00,230,SPINGI_vende_rete15g
Farmainsieme,040282016,ACTIFED DECONGEST*SPRAY 10ML,17,5.60,5,64,61.00,302,SPINGI_vende_rete15g
Farmainsieme,951800919,ESTATE TROUSSE 2026,15,4.94,2,28,1.00,12,SPINGI_vende_rete15g
Farmainsieme,987247689,ONLIGOL FIBRE PRUGNA 20BUST,13,4.28,3,8,5.00,27,SPINGI_vende_rete15g
Farmainsieme,988166029,CARDIORITMON COLESTEROLO 60CPS,12,3.95,10,0,68.00,35,SPINGI_vende_rete15g
Farmainsieme,973353927,ANGSTROM PROT KIDS P BAGNATA,10,3.29,1,7,2.00,20,SPINGI_vende_rete15g
Farmainsieme,921773836,SOFARGEN SPRAY MEDIC POLV125ML,9,2.96,2,23,3.00,26,SPINGI_vende_rete15g
Farmainsieme,935034330,EUMILL GOCCE OCUL PROTECTION,9,2.96,1,4,7.00,43,SPINGI_vende_rete15g
Farmainsieme,981516331,VAGISIL GEL LUBRIFICANTE 30G,9,2.96,2,8,1.00,0,SPINGI_vende_rete15g
Farmainsieme,951384003,POLASE SUPERMAG3 18STICK 2G,8,2.64,1,13,9.00,-7,SPINGI_vende_rete15g
Farmainsieme,973145889,ELMEX PROTEZIONE CARIE 2X75ML,8,2.64,1,72,5.00,202,SPINGI_vende_rete15g
Farmainsieme,950017400,AUTAN DEFENSE BIMBO 100ML,6,1.98,1,4,3.00,17,SPINGI_vende_rete15g
Farmainsieme,971635925,DULCOSOFT SOL ORALE 250ML,6,1.98,6,13,24.00,22,SPINGI_vende_rete15g
Farmainsieme,944791173,ISDINCEUTICS VITAL EYES 15ML,6,1.98,1,14,3.00,69,SPINGI_vende_rete15g
Farmainsieme,983036258,SOFARGEN REPAIR GEL MEDIC 25G,5,1.65,3,4,0,22,CARRELLO
Farmainsieme,989928991,BIORITMON CYSTI DEFEND 10BUST,5,1.65,2,18,0,41,CARRELLO
Farmainsieme,949493946,ISDINCEUTICS HYALURONIC EYES,5,1.65,2,9,1.00,25,SPINGI_vende_rete15g
Farmainsieme,982845404,EUMILL DRYREPAIR GTT OCUL 10PZ,5,1.65,4,22,5.00,23,SPINGI_vende_rete15g
Farmainsieme,949705735,BODY GLOW SPF30 200ML,4,1.32,6,7,5.00,66,SPINGI_vende_rete15g
Farmainsieme,930327008,ONLIGOL MACROGOL 4000 20BUST,4,1.32,3,25,32.00,147,SPINGI_vende_rete15g
Farmainsieme,943331239,FOTOPROTECTOR GEL CREAM PED50+,4,1.32,3,4,0,7,CARRELLO
Farmainsieme,942900414,FOTOPROTECTOR HYDROOIL 200ML,4,1.32,3,4,3.00,150,SPINGI_vende_rete15g
Farmainsieme,926477201,ZEROTOX RIBILLA 60SOFTGEL,3,0.99,3,0,1.00,9,SPINGI_vende_rete15g
Farmainsieme,042685040,DICLOREUM ANT LOC*SCH 50G 3%,3,0.99,3,24,5.00,2,SPINGI_vende_rete15g
Farmainsieme,944143585,ISDINCEUTICS HYALURONIC MOIST,3,0.99,2,3,1.00,14,SPINGI_vende_rete15g
Farmainsieme,034548178,VOLTAREN EMULGEL*GEL 60G 1%,3,0.99,9,7,3.00,0,SPINGI_vende_rete15g
Farmainsieme,983191457,AUTAN DEFENSE GENTLE 100ML,3,0.99,1,4,0,0,VALUTA_taglio
Farmainsieme,976203998,FRUTTA E FIBRE FORTE 24CUBETTI,3,0.99,4,0,2.00,0,SPINGI_vende_rete15g
Farmainsieme,923514549,VULVOVAGI SPRAY 20ML,3,0.99,4,0,8.00,0,SPINGI_vende_rete15g
Farmainsieme,923744953,ESI DIURERBE FORTE LIM24POCKET,3,0.99,3,14,0,52,CARRELLO
Farmainsieme,949705711,FUSION FLUID MINERAL SPF50,3,0.99,4,8,1.00,89,SPINGI_vende_rete15g
Farmainsieme,025561073,SOFARGEN*CREMA 120G 1%,3,0.99,2,11,15.00,11,SPINGI_vende_rete15g
Farmainsieme,942774148,CETILAR CREMA 50ML,3,0.99,8,25,66.00,131,SPINGI_vende_rete15g
Farmainsieme,037466024,KETONOVA*SHAMPOO 120ML 20MG/G,3,0.99,7,0,3.00,0,SPINGI_vende_rete15g
Farmainsieme,952052898,KALANIT DOL LIMONE 14BUST,3,0.99,11,0,147.00,22,SPINGI_vende_rete15g
Farmainsieme,984402077,FLOSTADOL 12SUPP,3,0.99,3,0,0,0,VALUTA_taglio
Farmainsieme,989606951,ANGSTROM CREMA GEL SPF50+ 2025,3,0.99,1,4,0,8,CARRELLO
Farmainsieme,942899307,FOTOPROTECTOR GEL CREAM 250ML,3,0.99,3,16,2.00,203,SPINGI_vende_rete15g
Farmainsieme,949879290,PROFLUID PET SCIROPPO 85ML,3,0.99,5,0,0,0,VALUTA_taglio
Farmainsieme,981076108,THERMACARE VERSATILE FASCIA3PZ,2,0.66,1,13,1.00,0,SPINGI_vende_rete15g
Farmainsieme,935034355,EUMILL GOCCE OCULARI RINFR10ML,2,0.66,6,20,2.00,0,SPINGI_vende_rete15g
Farmainsieme,930530631,DERMAFRESH P SENS LATTE DEOD,2,0.66,1,2,0,0,VALUTA_taglio
Farmainsieme,931163113,BRAVA SKIN BARRIER SPRAY 50ML,2,0.66,12,0,6.00,0,SPINGI_vende_rete15g
Farmainsieme,934902952,CERAMOL BASE LAVANTE SCH 400ML,2,0.66,15,0,6.00,31,SPINGI_vende_rete15g
Farmainsieme,931577276,AVENE SOL CR SOL SCHERMO 50+,2,0.66,7,12,0,29,CARRELLO
Farmainsieme,933870014,MELURESIO 14BUST,2,0.66,14,0,3.00,0,SPINGI_vende_rete15g
Farmainsieme,980790911,ANGSTROM GEL DOPOSOLE 200ML,2,0.66,2,1,0,29,CARRELLO
Farmainsieme,006979049,BUSCOPAN*6SUPP 10MG,2,0.66,8,1,1.00,0,SPINGI_vende_rete15g
Farmainsieme,980430540,CERULISINA FAST ADULTI E BAMBINI 1,2,0.66,4,2,1.00,27,SPINGI_vende_rete15g
Farmainsieme,933320640,MELLIS BETA SHAMPOO 200ML,2,0.66,8,3,14.00,0,SPINGI_vende_rete15g
Farmainsieme,020708069,MYLICON*BB OS GTT 30ML,2,0.66,8,14,0,21,CARRELLO
Farmainsieme,979867330,TRIVAMP CPR,2,0.66,99,0,0,0,VALUTA_taglio
Farmainsieme,947489086,ISDIN HYALURONIC MOISTURE SENS,2,0.66,1,10,0,0,VALUTA_taglio
Farmainsieme,978545299,ANGSTROM LATTE SPRAY 50+,2,0.66,3,7,0,76,CARRELLO
Farmainsieme,945251128,ISDINCEUTICS MELACLEAR REFILL,2,0.66,1,10,1.00,1,SPINGI_vende_rete15g
Farmainsieme,028440030,CONNETTIVINA PLUS*CREMA 25G,2,0.66,10,0,5.00,28,SPINGI_vende_rete15g
Farmainsieme,977366208,BIOREPAIR PERIBIOMA DENTIF75ML,2,0.66,9,6,5.00,0,SPINGI_vende_rete15g
Farmainsieme,943911469,ISDINCEUTICS AGE REVERSE NIGHT,2,0.66,1,1,1.00,221,SPINGI_vende_rete15g
Farmainsieme,976005292,MULTICENTRUM VITAGUMMY 30CARAM,2,0.66,7,1,1.00,0,SPINGI_vende_rete15g
Farmainsieme,975495110,ONCOS CREMA CORPO EMOLLIENTE 200,2,0.66,2,0,0,6,CARRELLO
Farmainsieme,037291010,CAREXIDIL*SOLUZ CUT 60ML 5%,2,0.66,99,0,0,0,VALUTA_taglio
Farmainsieme,038140012,MYLICONGAS*50CPR MAST 40MG,2,0.66,5,97,6.00,184,SPINGI_vende_rete15g
Farmainsieme,975084777,PIC INSUPEN ADV AGO G31X5MM,2,0.66,8,0,0,0,VALUTA_taglio
Farmainsieme,943331203,FOTOULTRA REDNESS 50ML,2,0.66,2,3,0,16,CARRELLO
Farmainsieme,942965981,CAREVIT ULTRA CANE 30BUST,2,0.66,18,0,3.00,0,SPINGI_vende_rete15g
Farmainsieme,901391793,PERNATON GEL 125ML,2,0.66,99,0,0,0,VALUTA_taglio
Farmainsieme,986286906,ENTEROLACTIS BEVIBILE 12FL,2,0.66,1,90,12.00,179,SPINGI_vende_rete15g
Farmainsieme,973077872,SPINNER 20CPS,2,0.66,99,0,0,0,VALUTA_taglio
Farmainsieme,986042190,BALUMIX SOLUZIONE ORALE 150ML,2,0.66,11,0,0,0,VALUTA_taglio
Farmainsieme,985048180,GEAPROST 30CPS,2,0.66,14,0,1.00,16,SPINGI_vende_rete15g
Farmainsieme,970778522,ANAPHASE+ SHAMPOO 200ML DUCRAY,2,0.66,2,25,2.00,59,SPINGI_vende_rete15g
Farmainsieme,980911770,NERADIN 28CPS,2,0.66,30,0,2.00,0,SPINGI_vende_rete15g
Farmainsieme,951121843,MICALMO 12FL 10ML,2,0.66,8,0,8.00,0,SPINGI_vende_rete15g
Farmainsieme,942872060,FILME GYNO V 6OV,2,0.66,99,0,0,0,VALUTA_taglio
Farmainsieme,940539188,FERTILEN PRO 30CPS,2,0.66,4,0,2.00,0,SPINGI_vende_rete15g
Farmainsieme,950906418,MYO AC COMPRESSE PHARCOS 30CPR,2,0.66,8,0,10.00,0,SPINGI_vende_rete15g
Farmainsieme,940184613,DERMAFRESH 72H IPERSUD SPRAY,2,0.66,1,1,0,19,CARRELLO
Farmainsieme,950257838,B VEG GEA 30CPS 500MG,2,0.66,2,0,0,0,VALUTA_taglio
Farmainsieme,940094129,BIOKAP SHAMPOO RINFOR ANTICAD,2,0.66,10,0,11.00,0,SPINGI_vende_rete15g
Farmainsieme,940085160,FOTOULTRA ACTIVE UNIFY SPF50+,2,0.66,7,29,2.00,137,SPINGI_vende_rete15g
Farmainsieme,950125777,EDEMASE 20CPR,2,0.66,11,0,55.00,0,SPINGI_vende_rete15g
Farmainsieme,939068146,BORAL SPRAY AURICOLARE 100ML,2,0.66,11,0,5.00,0,SPINGI_vende_rete15g
Farmainsieme,935506651,VAGISIL INTIMO GEL C PROHYDR,2,0.66,11,0,3.00,0,SPINGI_vende_rete15g
Farmainsieme,983191432,AUTAN DEFENSE LONG PROT 100ML,2,0.66,6,2,3.00,-23,SPINGI_vende_rete15g
Farmainsieme,989980937,METAFOLIC+ 30CPS,2,0.66,5,0,0,0,VALUTA_taglio
Farmainsieme,983039963,AVENE SOL FP50+ FLUI S/PROF P/N/,2,0.66,3,1,0,0,VALUTA_taglio
Farmainsieme,926548278,LIPOTECH 400 30CPR,2,0.66,2,0,0,0,VALUTA_taglio
Farmainsieme,980916074,LATTOSTIL GOCCE 16ML,2,0.66,2,0,0,0,VALUTA_taglio
Farmainsieme,909164461,SCHOLL CER CALLIF CALLI DU 8PZ,1,0.33,9,0,0,0,VALUTA_taglio
Farmainsieme,909760237,REIDRAX 7BUST 10G,1,0.33,7,0,0,0,VALUTA_taglio
Farmainsieme,909861775,OMEGA PET 60PRL,1,0.33,5,0,1.00,0,SPINGI_vende_rete15g
Farmainsieme,911975656,REV ACNOSAL MOUSSE 125ML,1,0.33,13,0,0,0,VALUTA_taglio
Farmainsieme,913228072,CLEARBLUE RILEVAZIONE RAPIDA1P,1,0.33,11,1,0,0,VALUTA_taglio
Farmainsieme,913228096,CLEARBLUE INDICATORE SETT 1PZ,1,0.33,18,19,0,0,VALUTA_taglio
Farmainsieme,921034498,ALPECIN ENERGIZER TON DOPOSH,1,0.33,6,0,0,0,VALUTA_taglio
Farmainsieme,922316740,TEGADERM ROLL CM10X2M 1PZ,1,0.33,12,0,0,0,VALUTA_taglio
Farmainsieme,924178938,COMPLETA GATTI 50CPR,1,0.33,3,0,0,0,VALUTA_taglio
Farmainsieme,925005757,OVAVIS 100PAST,1,0.33,5,0,2.00,0,SPINGI_vende_rete15g
Farmainsieme,925223986,DEFENCE DEO ACTIVE ROLL-ON,1,0.33,6,7,3.00,-31,SPINGI_vende_rete15g
Farmainsieme,925875712,ESI LE DIECI ERBE+FORTE100OVAL,1,0.33,9,3,2.00,26,SPINGI_vende_rete15g
Farmainsieme,926213176,MY NAILS KERATIN REPAIR FORTE,1,0.33,10,0,1.00,0,SPINGI_vende_rete15g
Farmainsieme,926417559,PEDIALUT GOCCE 5ML,1,0.33,7,0,2.00,0,SPINGI_vende_rete15g
Farmainsieme,926565045,CERAMOL CREMA VISO 311 50ML,1,0.33,14,0,8.00,14,SPINGI_vende_rete15g
Farmainsieme,926593601,ESI DIURERBE FORTE ANAN24POCK,1,0.33,3,78,0,50,CARRELLO
Farmainsieme,927091227,GRINTUSS ADULTI SCIR 180G,1,0.33,6,32,2.00,104,SPINGI_vende_rete15g
Farmainsieme,927140689,ELMEX PROTEZIONE CARIE PROFESS,1,0.33,8,3,5.00,0,SPINGI_vende_rete15g
Farmainsieme,927604518,FIOREGLUT FARINA DOLC+PANE+PIZ,1,0.33,99,0,0,0,VALUTA_taglio
Farmainsieme,930666235,DEFENCE DEO ACTIVE VAPO 100ML,1,0.33,7,9,2.00,0,SPINGI_vende_rete15g
Farmainsieme,931054050,PURES SPRAY PREV PIDOCCHI 75ML,1,0.33,2,5,0,0,VALUTA_taglio
Farmainsieme,931467726,SAUGELLA PROTEGGISLIP 40PZ TP,1,0.33,6,8,7.00,7,SPINGI_vende_rete15g
Farmainsieme,931577288,AVENE SOL LATTE SCHER SPF50+,1,0.33,4,14,0,23,CARRELLO
Farmainsieme,931596492,UROPED 10BUST,1,0.33,23,0,2.00,0,SPINGI_vende_rete15g
Farmainsieme,931666756,CB12 TRATTAMENTO ALITOSI 250ML,1,0.33,5,1,0,0,VALUTA_taglio
Farmainsieme,932077427,POLIDENT LUNGA TENUTA 40G,1,0.33,2,14,0,0,VALUTA_taglio
Farmainsieme,932720954,RINOWAY SALI ISOTONICI 15BUST,1,0.33,13,0,0,0,VALUTA_taglio
Farmainsieme,970706471,"ICROSS 15MONODOSE 0,35ML",1,0.33,21,0,15.00,0,SPINGI_vende_rete15g
Farmainsieme,981076060,THERMACARE SCHIENA FASCIA 2PZ,1,0.33,1,20,0,45,CARRELLO
Farmainsieme,981113309,ZYMECOL 30CPR,1,0.33,13,0,0,12,CARRELLO
Farmainsieme,981265414,LACTOFLORENE REPAIR IBS 10BUST,1,0.33,9,0,13.00,0,SPINGI_vende_rete15g
Farmainsieme,981377866,PURONERV GEL INTIMO 50ML TILAB,1,0.33,3,0,0,0,VALUTA_taglio
Farmainsieme,981470127,AMICOBOR SOL ALCOLICA 100ML,1,0.33,7,0,0,0,VALUTA_taglio
Farmainsieme,981540659,ESI MULTICOMPLEX VIT C 20CPR,1,0.33,4,24,1.00,39,SPINGI_vende_rete15g
Farmainsieme,981553252,SOMATOLINE SKIN EXPERT DEFATICANTE,1,0.33,6,2,0,0,VALUTA_taglio
Farmainsieme,981972108,DOLORINA 20CPR NF,1,0.33,13,0,8.00,0,SPINGI_vende_rete15g
Farmainsieme,982386474,COLICRON 15CPS,1,0.33,10,0,0,11,CARRELLO
Farmainsieme,982461182,ESTORIAL 20STICK 15ML,1,0.33,7,3,8.00,0,SPINGI_vende_rete15g
Farmainsieme,982465332,MUSTELA MUSTELA SPRAY CAMBIO 75ML,1,0.33,6,2,0,0,VALUTA_taglio
Farmainsieme,989928698,BIORITMON DEFEND PLUS 14BUST,1,0.33,4,25,0,72,CARRELLO
Farmainsieme,989928662,ANGSTROM LATTE DOPOS 200ML2025,1,0.33,1,3,0,-62,VALUTA_taglio
Farmainsieme,989656982,VIDERMINA LUBRIPIU' OLIO IDRAT,1,0.33,22,0,1.00,0,SPINGI_vende_rete15g
Farmainsieme,989054919,MACA PURA 60CPR,1,0.33,7,0,0,8,CARRELLO
Farmainsieme,988775728,BIO OIL 60ML TAGLIO PREZZO,1,0.33,3,0,0,18,CARRELLO
Farmainsieme,988288623,V SIRINGHE INSUL.PROZINC 40UI 12,1,0.33,5,0,0,4,CARRELLO
Farmainsieme,987904695,KALOIDON GEL CICATRICI 30ML,1,0.33,24,0,1.00,0,SPINGI_vende_rete15g
Farmainsieme,987900002,TERMOSCHAN A INFRAROSSI,1,0.33,6,0,1.00,0,SPINGI_vende_rete15g
Farmainsieme,987378597,NATALBEN PRIMA PLUS 30CPS,1,0.33,4,0,6.00,0,SPINGI_vende_rete15g
Farmainsieme,987249950,BENDIAR PASTA 30G,1,0.33,10,0,0,0,VALUTA_taglio
Farmainsieme,987247691,ONLIGOL FIBRE PESCA 20BUST,1,0.33,3,10,0,5,CARRELLO
Farmainsieme,986956629,PHYTO COL BARRIERA 20CPR,1,0.33,10,0,0,0,VALUTA_taglio
Farmainsieme,986903110,"EROXON 4TUB 0,3ML",1,0.33,10,0,0,0,VALUTA_taglio
Farmainsieme,986861870,D-TOPIC CREMA 30ML,1,0.33,11,0,0,0,VALUTA_taglio
Farmainsieme,986075240,NORMOTIR 30CPS MOLLI,1,0.33,6,0,0,0,VALUTA_taglio
Farmainsieme,985000645,ANTHELIOS FLU OIL UV MUNE 50+A<,1,0.33,19,0,0,0,VALUTA_taglio
Farmainsieme,984999324,HIPP BABY CARE DOCCIA SHAMPOO,1,0.33,1,1,0,20,CARRELLO
Farmainsieme,984892594,ANGSTROM KIDS MOUSSE SPF50 150ML,1,0.33,1,13,0,17,CARRELLO
Farmainsieme,984881401,AVENE RISTRUTTURANTE DOPO200ML,1,0.33,7,1,4.00,22,SPINGI_vende_rete15g
Farmainsieme,984805770,BUTIRRISAN 90CPR,1,0.33,14,2,6.00,0,SPINGI_vende_rete15g
Farmainsieme,984746103,COGNIZANT 10FL 10ML,1,0.33,15,0,34.00,18,SPINGI_vende_rete15g
Farmainsieme,984503247,EPRELAX 20CPR,1,0.33,1,1,0,0,VALUTA_taglio
Farmainsieme,984159297,DEXERYL 250G,1,0.33,7,9,0,13,CARRELLO
Farmainsieme,983674805,EXOMEGA CONTROL OLIO LAVAN RIC,1,0.33,3,52,2.00,43,SPINGI_vende_rete15g
Farmainsieme,983533718,SPIRIAL DEODORANTE CREMA 50ML,1,0.33,13,0,0,16,CARRELLO
Farmainsieme,983372970,ESI LE DIECI ERBE PSILLIO 20BS,1,0.33,11,0,8.00,0,SPINGI_vende_rete15g
Farmainsieme,983191420,AUTAN DEFENSE TROPICAL 100ML,1,0.33,8,8,3.00,26,SPINGI_vende_rete15g
Farmainsieme,983191418,AUTAN DEFENSE DOPOPUNTURA 25ML,1,0.33,5,8,1.00,42,SPINGI_vende_rete15g
Farmainsieme,982991729,CALMEX 10CPR,1,0.33,12,0,0,0,VALUTA_taglio
Farmainsieme,982893240,EXTRADELICATO SHAMPOO 400ML,1,0.33,7,89,0,53,CARRELLO
Farmainsieme,982666416,ISDINCEUTICS FLAVO C FORTE 1FL,1,0.33,3,1,1.00,0,SPINGI_vende_rete15g
Farmainsieme,982514364,BIOREM GOCCE 30ML PIEMME,1,0.33,7,0,0,0,VALUTA_taglio
Farmainsieme,003410065,IMIDAZYL*COLL 10FL 1D 1MG/ML,1,0.33,2,18,7.00,25,SPINGI_vende_rete15g
Farmainsieme,004763330,ASPIRINA C*20CPR EFF 400+240MG,1,0.33,7,54,3.00,70,SPINGI_vende_rete15g
Farmainsieme,010386062,HIRUDOID 40000UI*CREMA 50G,1,0.33,7,17,0,9,CARRELLO
Farmainsieme,013046077,ENTEROGERMINA*OS 10FL 4MLD 5ML,1,0.33,10,114,5.00,95,SPINGI_vende_rete15g
Farmainsieme,013868031,PROCTOSEDYL*CREMA RETT 20G,1,0.33,3,6,9.00,61,SPINGI_vende_rete15g
Farmainsieme,014371088,CORSODYL*GEL DENT 30G 1G/100G,1,0.33,6,4,5.00,0,SPINGI_vende_rete15g
Farmainsieme,018723080,"ACTIFED*12CPR 2,5MG+60MG",1,0.33,4,50,0,98,CARRELLO
Farmainsieme,023356088,DAFLON*30CPR RIV 1000MG,1,0.33,5,31,5.00,0,SPINGI_vende_rete15g
Farmainsieme,023432038,MACMIROR COMPLEX*12 CPS VAG,1,0.33,8,0,0,0,VALUTA_taglio
Farmainsieme,023603018,PEVARYL*CREMA 30G 1%,1,0.33,9,7,0,37,CARRELLO
Farmainsieme,023834056,"FLUIFORT*30BUST GRAT 2,7G",1,0.33,11,0,1.00,0,SPINGI_vende_rete15g
Farmainsieme,025349109,TRAVOGEN*CREMA DERM 20G 1%,1,0.33,8,0,4.00,0,SPINGI_vende_rete15g
Farmainsieme,025561010,SOFARGEN*CREMA 30G 1%,1,0.33,1,8,0,59,CARRELLO
Farmainsieme,028881011,"DROPYAL*COLL 20MONODOSI 0,65ML",1,0.33,11,0,1.00,2,SPINGI_vende_rete15g
Farmainsieme,034548141,VOLTAREN EMULGEL*GEL 60G 2%,1,0.33,8,70,4.00,7,SPINGI_vende_rete15g
Farmainsieme,035520016,VOLTADOL*5CER MEDIC 140MG,1,0.33,6,15,0,0,VALUTA_taglio
Farmainsieme,035953025,"LAXIPEG*OS POLV 20BUST 9,7G",1,0.33,10,0,2.00,10,SPINGI_vende_rete15g
Farmainsieme,036193011,ESSAVEN*GEL 40G 10MG/G+8MG/G,1,0.33,3,2,2.00,0,SPINGI_vende_rete15g
Farmainsieme,036397026,REPARIL*GEL 40G 2%+5%,1,0.33,13,2,2.00,0,SPINGI_vende_rete15g
Farmainsieme,037655038,CETIRIZINA EG*7CPR RIV 10MG,1,0.33,6,0,0,13,CARRELLO
Farmainsieme,043850015,GYNOCANESTEN MONO*1CPSVAG500MG,1,0.33,1,4,3.00,0,SPINGI_vende_rete15g
Farmainsieme,046080026,ENTEROGERMINA*OS 10FL 2MLD/5ML,1,0.33,8,0,2.00,13,SPINGI_vende_rete15g
Farmainsieme,103242044,ACARENE*SPRAY FL 300ML,1,0.33,5,0,0,0,VALUTA_taglio
Farmainsieme,800217857,ARNICA 30CH GR,1,0.33,9,0,0,26,CARRELLO
Farmainsieme,900360254,IDRASTIN CREMA RIGENERANTE50ML,1,0.33,5,0,3.00,0,SPINGI_vende_rete15g
Farmainsieme,901298341,KERAMINE H A/CAD 12F 6ML,1,0.33,8,0,1.00,0,SPINGI_vende_rete15g
Farmainsieme,901558609,QUOTIDIANA ANTIODORANTE 75ML,1,0.33,9,0,2.00,0,SPINGI_vende_rete15g
Farmainsieme,902041096,BD MICRO*INS 100U 1ML 29G 1CON,1,0.33,8,0,25.00,0,SPINGI_vende_rete15g
Farmainsieme,902596954,UROCLINNIX DET UROLOGICO 500ML,1,0.33,8,0,0,0,VALUTA_taglio
Farmainsieme,902684315,PERSPIREX FOOT LOT ANTITR PIED,1,0.33,8,1,0,0,VALUTA_taglio
Farmainsieme,903594517,VALERIANA CRONO 135 DUOFL30CPR,1,0.33,24,1,4.00,0,SPINGI_vende_rete15g
Farmainsieme,903622090,REUFLOR GOCCE 5ML,1,0.33,20,4,2.00,49,SPINGI_vende_rete15g
Farmainsieme,903980530,AVENE ACQUA TERMALE SPR 150ML,1,0.33,8,5,0,29,CARRELLO
Farmainsieme,903986267,ORTOPAD SIMPATY CER JUNIOR 50P,1,0.33,99,0,0,0,VALUTA_taglio
Farmainsieme,904378597,SAPIGEN K SAPONE LIQ INT 250ML,1,0.33,10,0,11.00,0,SPINGI_vende_rete15g
Farmainsieme,905351387,EUMILL PROTECTION GTT OCUL10FL,1,0.33,7,12,1.00,96,SPINGI_vende_rete15g
Farmainsieme,905683330,SUPRAVIT OVER 50 60CPR,1,0.33,99,0,0,0,VALUTA_taglio
Farmainsieme,906007695,SAUGELLA IDROCREMA PH NEU 30ML,1,0.33,7,4,7.00,0,SPINGI_vende_rete15g
Farmainsieme,906039348,SERENITY MUTANDINA RETE XL 3P,1,0.33,17,0,0,0,VALUTA_taglio
Farmainsieme,907152882,VASODREN 30CPR FILMATE,1,0.33,15,0,8.00,26,SPINGI_vende_rete15g
Farmainsieme,907182582,LENIDERM SPUMA DET 200ML,1,0.33,10,0,3.00,0,SPINGI_vende_rete15g
Farmainsieme,908401565,EUTRODIN CR EUTROFICA 40ML,1,0.33,14,0,1.00,0,SPINGI_vende_rete15g
Farmainsieme,908486158,GL1 M&D SALBE CREMA 500ML,1,0.33,6,0,0,6,CARRELLO
Farmainsieme,908960305,SAUGELLA DERMOLIQUIDO 500ML,1,0.33,4,8,2.00,27,SPINGI_vende_rete15g
Farmainsieme,947384703,ISDINCEUTICALS SALICYLIC RENEWAL 3,1,0.33,2,5,2.00,37,SPINGI_vende_rete15g
Farmainsieme,948088935,SAUGELLA POLIGYN SALV 15PZ,1,0.33,5,0,0,0,VALUTA_taglio
Farmainsieme,949725131,CDS22 FORMULA 112MLD 20CPS,1,0.33,4,0,3.00,0,SPINGI_vende_rete15g
Farmainsieme,949966927,FOTOULTRA100 SOLAR ALLERGY 50+,1,0.33,7,4,0,3,CARRELLO
Farmainsieme,949993188,LUBRIGYN CREMA 50ML,1,0.33,7,11,0,22,CARRELLO
Farmainsieme,950030751,B-VITAL NEURO 60CPR RIVESTITE,1,0.33,9,0,0,0,VALUTA_taglio
Farmainsieme,950054522,PERVENE PLUS 30CPR,1,0.33,12,0,4.00,17,SPINGI_vende_rete15g
Farmainsieme,950266104,ESI NORMOLIP 5 FORTE OFF 60CPR,1,0.33,2,4,0,23,CARRELLO
Farmainsieme,950301390,CLOGIN REPAIR OVULI VAG 10OV,1,0.33,6,0,1.00,0,SPINGI_vende_rete15g
Farmainsieme,950837447,TEN 10 20BUST,1,0.33,13,0,5.00,0,SPINGI_vende_rete15g
Farmainsieme,950912865,EPICUROS 20CPR,1,0.33,99,0,0,0,VALUTA_taglio
Farmainsieme,951193299,LONGLIFE NADH MAX 60CPR RIVEST,1,0.33,10,0,0,0,VALUTA_taglio
Farmainsieme,951215437,AVENE SOL ULTRA SIERO IDRATA,1,0.33,7,3,0,0,VALUTA_taglio
Farmainsieme,951228434,FLEXADIN ADVANCED MUSCLE SUPP,1,0.33,2,0,1.00,3,SPINGI_vende_rete15g
Farmainsieme,951248893,DERMAFRESH 72H IPERSUDOR PIEDI,1,0.33,1,5,0,0,VALUTA_taglio
Farmainsieme,951273806,COLECRIL CALANUS ARTICO 60SOFT,1,0.33,18,0,1.00,0,SPINGI_vende_rete15g
Farmainsieme,951305147,VINOSUN OLIO SOLARE ABBR SPF50,1,0.33,5,18,0,17,CARRELLO
Farmainsieme,951337803,ESSAVEN ACTIVE 30CPR RIVESTITE,1,0.33,99,0,0,0,VALUTA_taglio
Farmainsieme,951486214,PEDIATRICS BODY LOTION SPF50,1,0.33,3,17,1.00,266,SPINGI_vende_rete15g
Farmainsieme,951506043,STOMEK SOSPENSIONE 30STICK,1,0.33,6,0,0,0,VALUTA_taglio
Farmainsieme,951852983,AUTAN DEFENSE FAMIGLIA SPRAY,1,0.33,2,4,1.00,14,SPINGI_vende_rete15g
Farmainsieme,951889930,APTODIN ESO 30STICKPACK,1,0.33,3,0,26.00,0,SPINGI_vende_rete15g
Farmainsieme,951989805,CURASEPT PREVENT GENGIVE 16CPR,1,0.33,99,0,0,0,VALUTA_taglio
Farmainsieme,970728251,REV KERATIN LIGHT 30CPS,1,0.33,30,0,1.00,0,SPINGI_vende_rete15g
Farmainsieme,970929624,SALI DI ISCHIA BODYQUE MEDIT S,1,0.33,99,0,0,0,VALUTA_taglio
Farmainsieme,972064632,ANSIRID 60CPS,1,0.33,9,0,0,0,VALUTA_taglio
Farmainsieme,972525240,FOLAMET 30CPR 500MG,1,0.33,19,0,12.00,0,SPINGI_vende_rete15g
Farmainsieme,972596237,LINEAGIN OVULI 10OV,1,0.33,2,0,0,0,VALUTA_taglio
Farmainsieme,973254321,STRATH IMMUN 200CPR,1,0.33,3,0,0,0,VALUTA_taglio
Farmainsieme,974107777,GLUCOSAMINA COMPOSTA VEG 90CPR,1,0.33,10,0,0,0,VALUTA_taglio
Farmainsieme,974381257,REV IDRAX CONTOUR 15ML,1,0.33,22,0,0,42,CARRELLO
Farmainsieme,974988329,DOAFER 30CPS,1,0.33,10,0,0,0,VALUTA_taglio
Farmainsieme,975173737,JANE PINZA PORTASUCCH+COPRITET,1,0.33,1,0,0,0,VALUTA_taglio
Farmainsieme,975452487,ALOVEX FERITE CREMA IDR 30ML,1,0.33,3,1,4.00,0,SPINGI_vende_rete15g
Farmainsieme,975522261,LITOPSOR COLLUTORIO 250ML,1,0.33,9,0,0,0,VALUTA_taglio
Farmainsieme,975975691,PIPERINA&CURCUMA PIU 60CPS,1,0.33,6,0,0,0,VALUTA_taglio
Farmainsieme,976218204,CALMA PETS 100ML,1,0.33,10,0,1.00,0,SPINGI_vende_rete15g
Farmainsieme,976337927,ALGONERV CREMA 75ML,1,0.33,13,0,1.00,0,SPINGI_vende_rete15g
Farmainsieme,976595001,SOMAT SKIN EX FANGO DREN 500G,1,0.33,7,1,0,0,VALUTA_taglio
Farmainsieme,977254200,COENZIMA Q10 FORTE 60CPS,1,0.33,13,0,0,0,VALUTA_taglio
Farmainsieme,978499857,AVENE SOL TRATT A/AGE 50+COLOR,1,0.33,3,0,1.00,4,SPINGI_vende_rete15g
Farmainsieme,979420320,ARTERIORO 20BUST,1,0.33,99,0,0,0,VALUTA_taglio
Farmainsieme,980029033,PEDIAVIT COMPLESSO B SCIR100ML,1,0.33,10,0,1.00,0,SPINGI_vende_rete15g
Farmainsieme,980121545,U-LIFE 30 ECOFOAM 50ML,1,0.33,12,0,0,0,VALUTA_taglio
Farmainsieme,980258937,COLIN A 1000 30F 10ML,1,0.33,6,0,13.00,0,SPINGI_vende_rete15g
Farmainsieme,980296279,CANDIDAS T 180PAST,1,0.33,8,0,0,0,VALUTA_taglio
Farmainsieme,980437040,ROVEN 20CPR RIVESTITE,1,0.33,4,0,0,0,VALUTA_taglio
Farmainsieme,980480127,PUROMAN DETERGENTE 200ML TILAB,1,0.33,1,0,0,0,VALUTA_taglio
Farmainsieme,980629695,EMACRIT OROSOLUBILE 30STICK PA,1,0.33,13,0,6.00,0,SPINGI_vende_rete15g
Farmainsieme,980783625,MUSTELA HYDRA BB CRP 300M 2020,1,0.33,5,3,0,0,VALUTA_taglio
Farmainsieme,933893455,IRIDINA GTT LUBRIFICANTI 10ML,1,0.33,9,0,20.00,12,SPINGI_vende_rete15g
Farmainsieme,934026838,AINARA GEL VAGINALE IDRAT 30G,1,0.33,12,1,2.00,0,SPINGI_vende_rete15g
Farmainsieme,935631630,MELLIS MED SHAMPOO 125ML,1,0.33,7,26,6.00,0,SPINGI_vende_rete15g
Farmainsieme,935634030,LONGLIFE OPC COMPLEX 60CPS VEG,1,0.33,10,0,2.00,0,SPINGI_vende_rete15g
Farmainsieme,935701375,KOLINAT LNP 30CPS,1,0.33,4,0,0,0,VALUTA_taglio
Farmainsieme,935801922,KAROS GOLA PASTIGLIE 20PAST,1,0.33,11,3,5.00,0,SPINGI_vende_rete15g
Farmainsieme,938224654,GEHWOL ANELLO CORRETTORE 3PZ,1,0.33,20,0,0,12,CARRELLO
Farmainsieme,938805405,"YABRO AEROSOL 0,18% 5ML 10FL",1,0.33,5,0,0,0,VALUTA_taglio
Farmainsieme,938807676,ACCU-CHEK GUIDE 50 STRIPS RETA,1,0.33,16,0,2.00,0,SPINGI_vende_rete15g
Farmainsieme,938815471,LONGLIFE LIPOIC 600 30CPR,1,0.33,27,0,1.00,0,SPINGI_vende_rete15g
Farmainsieme,939360739,SHAMPOO DERBE IG ANTIFORF200ML,1,0.33,5,0,4.00,0,SPINGI_vende_rete15g
Farmainsieme,940037486,AFTERSUN LOTION 400ML,1,0.33,5,11,2.00,117,SPINGI_vende_rete15g
Farmainsieme,941617363,CORNEIAL GOCCE 10ML,1,0.33,25,0,1.00,12,SPINGI_vende_rete15g
Farmainsieme,941693715,VITACALM ANSISTOP 60CPR,1,0.33,6,0,12.00,2,SPINGI_vende_rete15g
Farmainsieme,941836773,UROGERMIN PROSTATA 15SOFTGEL,1,0.33,13,0,0,0,VALUTA_taglio
Farmainsieme,942113681,DOLIXIN 30CPR,1,0.33,5,0,3.00,0,SPINGI_vende_rete15g
Farmainsieme,943301008,OZIDERM CREMA 200ML,1,0.33,3,0,3.00,0,SPINGI_vende_rete15g
Farmainsieme,943322673,PROLEPTYC 60CPR,1,0.33,19,0,3.00,0,SPINGI_vende_rete15g
Farmainsieme,944146529,FERTYBIOTIC DONNA 30BUST,1,0.33,8,0,29.00,12,SPINGI_vende_rete15g
Farmainsieme,944186586,ISDINCEUTICS HYAL BOOSTER 10F,1,0.33,1,2,0,0,VALUTA_taglio
Farmainsieme,944914492,MECENTAS 30CPS,1,0.33,7,0,0,0,VALUTA_taglio
Farmainsieme,944918655,PROLIFE ZEROGAS 45CPR,1,0.33,7,3,11.00,9,SPINGI_vende_rete15g
Farmainsieme,944944469,BIOLIVOIL BODYWASH 300ML,1,0.33,99,0,0,0,VALUTA_taglio
Farmainsieme,945025625,OXIMIX VITA B METIL 60CPS,1,0.33,6,0,0,0,VALUTA_taglio
Farmainsieme,945122721,PETRASE DREN 30BUST,1,0.33,9,0,5.00,10,SPINGI_vende_rete15g
Farmainsieme,947252060,ISDINCEUTICS ESSENTIAL CLEAN,1,0.33,2,12,0,11,CARRELLO
Farmastelia,987773114,OMOCISTEINA STOP MTHFRT180PAST,30,9.88,6,0,0,14,CARRELLO
Farmastelia,978267831,MATT PHARMA D-MANNOSIO 12BUST,20,6.59,8,0,3.00,24,SPINGI_vende_rete15g
Farmastelia,951462934,HYALU B5 CREMA SPF30 50ML RIC,19,6.26,1,3,0,16,CARRELLO
Farmastelia,951381476,CERAVE PROTEZIONE SOL50+ 177ML,17,5.60,1,5,1.00,18,SPINGI_vende_rete15g
Farmastelia,950000238,PEAULTRA 45CPR,17,5.60,7,0,0,1,CARRELLO
Farmastelia,052322017,"VICKS SINEX ALOE*NEB 15ML0,05%",17,5.60,1,7,24.00,13,SPINGI_vende_rete15g
Farmastelia,947423707,LONGLIFE BERBERIN+ 60TAV RIVES,16,5.27,15,0,2.00,0,SPINGI_vende_rete15g
Farmastelia,938473562,MIX BILANCIATO CLARK CO,15,4.94,3,0,7.00,16,SPINGI_vende_rete15g
Farmastelia,951200866,PEAFORT 30STICK,13,4.28,4,0,5.00,0,SPINGI_vende_rete15g
Farmastelia,950008742,COLONDEF 20STICK PACK,13,4.28,5,0,1.00,0,SPINGI_vende_rete15g
Farmastelia,951553623,CERVICALE SANA 180PAST,13,4.28,2,0,0,-33,VALUTA_taglio
Farmastelia,904213877,FIMOSIN GEL 30ML,12,3.95,3,0,1.00,0,SPINGI_vende_rete15g
Farmastelia,952110649,HYALU B5 SIERO 30ML+CREMA 50ML,12,3.95,1,1,0,15,CARRELLO
Farmastelia,975984535,CONDRONIL FORTE 20BUST,11,3.62,3,0,7.00,19,SPINGI_vende_rete15g
Farmastelia,972532840,OLEA D3 MAX GOCCE 20ML,11,3.62,7,0,12.00,23,SPINGI_vende_rete15g
Farmastelia,988050581,"TAZARENE CREMA 0,1% 40ML",11,3.62,8,0,3.00,0,SPINGI_vende_rete15g
Farmastelia,984402077,FLOSTADOL 12SUPP,10,3.29,5,0,0,10,CARRELLO
Farmastelia,951889930,APTODIN ESO 30STICKPACK,10,3.29,5,0,26.00,0,SPINGI_vende_rete15g
Farmastelia,970333670,CONNETTIVINASOLE SPRAY 50ML,9,2.96,5,17,2.00,0,SPINGI_vende_rete15g
Farmastelia,950990150,REGOLART 30CPR,8,2.64,3,0,2.00,19,SPINGI_vende_rete15g
Farmastelia,988998340,PEA 75PAST,8,2.64,6,0,1.00,3,SPINGI_vende_rete15g
Farmastelia,987858343,XANANORM 40CPS,8,2.64,6,0,0,0,VALUTA_taglio
Farmastelia,981112307,MIRTILLO POLVERE 360G,8,2.64,8,0,1.00,0,SPINGI_vende_rete15g
Farmastelia,988153161,AQUAVIS AKTOREPAIR GEL 75ML,8,2.64,1,1,2.00,4,SPINGI_vende_rete15g
Farmastelia,987406271,NOVA EMOSTOP TAMPONE EMOSTATIC,8,2.64,99,4,0,0,VALUTA_taglio
Farmastelia,944800984,LONGLIFE QUERCETINA 200 60CPR,8,2.64,4,0,1.00,0,SPINGI_vende_rete15g
Farmastelia,989319746,RESPECTA 10CPS,7,2.31,7,0,9.00,10,SPINGI_vende_rete15g
Farmastelia,980532446,DEFENCE MY AGE GOLD CR RIC50ML,7,2.31,11,0,9.00,0,SPINGI_vende_rete15g
Farmastelia,970371706,PROPAUSA GEL INTIMO 30ML,7,2.31,4,0,1.00,0,SPINGI_vende_rete15g
Farmastelia,950233698,COLONLIFE 10CPR+10CPS,7,2.31,2,0,0,13,CARRELLO
Farmastelia,930530732,DERMAFRESH IPERSUD ROLL ON DEO,7,2.31,6,2,23.00,0,SPINGI_vende_rete15g
Farmastelia,990542971,COLESTEROLO BYE BYE T 180PAST,7,2.31,3,0,0,30,CARRELLO
Farmastelia,922850932,EFFACLAR MAT 40ML,7,2.31,4,3,4.00,0,SPINGI_vende_rete15g
Farmastelia,985808512,FLASHACTIVA 60CPR,7,2.31,2,0,2.00,58,SPINGI_vende_rete15g
Farmastelia,990860266,NORMAST MPS MICROGRANULI30BUST,6,1.98,5,0,4.00,0,SPINGI_vende_rete15g
Farmastelia,983278072,COLESTEROLO BYE BYE 200ML,6,1.98,6,0,0,17,CARRELLO
Farmastelia,922864133,ALOEZINC 20 MOUSSE CANOVA,6,1.98,9,0,0,1,CARRELLO
Farmastelia,972256642,CALCIOK2 30STICK PACK,6,1.98,12,0,8.00,0,SPINGI_vende_rete15g
Farmastelia,972071068,LIPIKAR LATTE 400ML,6,1.98,1,1,0,8,CARRELLO
Farmastelia,944725694,DERMOLIVO OVULI VAGINALI 10PZ,6,1.98,4,0,4.00,0,SPINGI_vende_rete15g
Farmastelia,939029981,NAVIBLEF INTENSIVE CARE 50ML,6,1.98,6,0,0,0,VALUTA_taglio
Farmastelia,102796012,PANACUR*10CPR 250MG,6,1.98,3,0,2.00,46,SPINGI_vende_rete15g
Farmastelia,922321486,ELASTICUS 180PAST,6,1.98,6,0,2.00,0,SPINGI_vende_rete15g
Farmastelia,903997524,NIKE RCK ASCORB K+RIB 100BUST,6,1.98,10,0,8.00,39,SPINGI_vende_rete15g
Farmastelia,980770630,PEANORM 30CPS,6,1.98,1,0,0,15,CARRELLO
Farmastelia,980437115,CONCEIVE PLUS SUP FERT F 60CPS,6,1.98,5,0,0,3,CARRELLO
Farmastelia,912608849,RESPECTISSIME MATITA OCCHI NE,6,1.98,1,4,1.00,0,SPINGI_vende_rete15g
Farmastelia,982501468,ARTISALUS ACT FORTE PLUS 60CPS,6,1.98,6,0,4.00,0,SPINGI_vende_rete15g
Farmastelia,943818195,LONGLIFE OLIO CUMINO BIO 60PRL,6,1.98,1,0,1.00,0,SPINGI_vende_rete15g
Farmastelia,984833602,NEOVADIOL PERI&POST CONT NEW,6,1.98,1,12,1.00,31,SPINGI_vende_rete15g
Farmastelia,989054869,GINKGO BILOBA PURA 60CPR,5,1.65,7,0,3.00,0,SPINGI_vende_rete15g
Farmastelia,987772542,COENZIMA Q10 100PAST,5,1.65,7,0,1.00,0,SPINGI_vende_rete15g
Farmastelia,930701469,LONGLIFE KRILL SUPERBA 30CPS,5,1.65,5,0,6.00,15,SPINGI_vende_rete15g
Farmastelia,986860637,TENA SILHOUETTE NOIR M V/B 12P,5,1.65,2,0,6.00,0,SPINGI_vende_rete15g
Farmastelia,984360343,CLOREXYDERM SOL 200ML,5,1.65,6,0,2.00,0,SPINGI_vende_rete15g
Farmastelia,983702313,ZALTON DOL 15CPS,5,1.65,5,0,16.00,9,SPINGI_vende_rete15g
Farmastelia,980776951,VITAMINA B1 MASTICABILE100PAST,5,1.65,2,0,0,2,CARRELLO
Farmastelia,980512762,CERAMOL LIPOCREMA 311 100ML,5,1.65,12,0,1.00,0,SPINGI_vende_rete15g
Farmastelia,980296279,CANDIDAS T 180PAST,5,1.65,7,0,0,0,VALUTA_taglio
Farmastelia,979946492,CONTROL LATEX FREE 5PZ,5,1.65,2,8,0,20,CARRELLO
Farmastelia,979806635,ASHWAGANDHA ESTRATTO INTEGRALE,5,1.65,3,0,1.00,0,SPINGI_vende_rete15g
Farmastelia,990078228,NODUSOL 30CPS,5,1.65,5,0,3.00,0,SPINGI_vende_rete15g
Farmastelia,989874298,ALPECIN GREY ATTACK SHAMPOO,5,1.65,6,0,9.00,7,SPINGI_vende_rete15g
Farmastelia,973923081,PULSOXIMETRO DA DITO OXY-2,5,1.65,6,1,1.00,1,SPINGI_vende_rete15g
Farmastelia,989468982,BARIESUN SPF50+ STICK SOL INV,5,1.65,7,0,6.00,0,SPINGI_vende_rete15g
Farmastelia,951318474,CERAMOL SUN PROTECT STICK 25G,5,1.65,4,0,1.00,0,SPINGI_vende_rete15g
Farmastelia,949879290,PROFLUID PET SCIROPPO 85ML,5,1.65,1,0,0,12,CARRELLO
Farmastelia,947130098,IPNOREM GOCCE 30ML,5,1.65,1,0,4.00,0,SPINGI_vende_rete15g
Farmastelia,926036551,OZONIAVET CREMA DERMAT VET35ML,5,1.65,7,0,0,0,VALUTA_taglio
Farmastelia,942801150,LESSTAT FORTE 60CPR,5,1.65,3,0,14.00,0,SPINGI_vende_rete15g
Farmastelia,938272364,BUONERBE TISANA 20BST BIOSLINE,5,1.65,5,0,3.00,0,SPINGI_vende_rete15g
Farmastelia,927172647,METACARTIL 20CPR 1G,5,1.65,1,0,6.00,0,SPINGI_vende_rete15g
Farmastelia,934158243,NUTRIFLOG CREMA ANTINF/PRURIG,5,1.65,4,0,2.00,0,SPINGI_vende_rete15g
Farmastelia,902552431,CAREVIT DOG MANGIME 100CPR,5,1.65,7,0,10.00,0,SPINGI_vende_rete15g
Farmastelia,932246857,TRIADE 800MG 30CPR EFFERV,4,1.32,12,0,3.00,0,SPINGI_vende_rete15g
Farmastelia,976341002,ERBA PORRAIA CREMA 30ML,4,1.32,1,0,4.00,0,SPINGI_vende_rete15g
Farmastelia,976390524,MINERAL 89 SIERO 75ML,4,1.32,1,2,1.00,11,SPINGI_vende_rete15g
Farmastelia,983832825,COXALT 20CPR,4,1.32,1,0,2.00,0,SPINGI_vende_rete15g
Farmastelia,979095484,NUXE HP FLORALE 50ML OLIO SECC,4,1.32,4,0,0,0,VALUTA_taglio
Farmastelia,028310035,"ALLERGODIL*COLL FL 6ML 0,05%",4,1.32,1,1,1.00,0,SPINGI_vende_rete15g
Farmastelia,980802033,BUTIRRATO PURO LIQ ANALCO500ML,4,1.32,7,0,0,0,VALUTA_taglio
Farmastelia,950000214,COENZIMA Q10 ACTIVE 45CPS,4,1.32,10,0,2.00,0,SPINGI_vende_rete15g
Farmastelia,981362748,MELATONIC 90CPR,4,1.32,2,0,3.00,11,SPINGI_vende_rete15g
Farmastelia,940000399,DEFLUX 20STICK MONODOSE 10ML,4,1.32,6,0,1.00,0,SPINGI_vende_rete15g
Farmastelia,905163679,OZIDERM POLVERE 75G,4,1.32,7,0,9.00,11,SPINGI_vende_rete15g
Farmastelia,901542249,VEA SHAMPOO ANTIFORFORA 125ML,4,1.32,9,0,1.00,0,SPINGI_vende_rete15g
Farmastelia,979276565,TRIDERM AD CREMA SOL SPF50+,4,1.32,10,0,1.00,0,SPINGI_vende_rete15g
Farmastelia,951377504,SOLUZIONE IPERTONICA 3% 20FL,4,1.32,1,6,1.00,13,SPINGI_vende_rete15g
Farmastelia,938975808,RISCHIARIL 14BUST,4,1.32,12,0,0,13,CARRELLO
Farmastelia,934718774,LONGLIFE L-GLUTATHIONE250MG30C,4,1.32,6,0,1.00,0,SPINGI_vende_rete15g
Farmastelia,985513023,SEBIACLEAR GEL MOUSSANT 400ML,4,1.32,1,0,4.00,0,SPINGI_vende_rete15g
Farmastelia,951171356,LONGLIFE RODIOLA 3% ROSAV400MG,4,1.32,7,0,0,3,CARRELLO
Farmastelia,973188360,MARVIS CLASSIC STRONG MINT85ML,4,1.32,1,5,0,11,CARRELLO
Farmastelia,987409012,NORSAN OMEGA 3 KIDS JEL45CARAM,4,1.32,7,0,0,11,CARRELLO
Farmastelia,985580885,BIOMAGERD 20STICKPACK,4,1.32,5,0,11.00,0,SPINGI_vende_rete15g
Farmastelia,981974367,BIOKILL PIRETRO NATURALE 375ML,4,1.32,6,0,1.00,0,SPINGI_vende_rete15g
Farmastelia,989039742,DECUVIA PASTA DECUBITO 250ML,4,1.32,5,0,0,31,CARRELLO
Farmastelia,944897255,LONGLIFE NUTRIMMUNE 60TAV,4,1.32,7,0,1.00,0,SPINGI_vende_rete15g
Farmastelia,935617478,TANTUM ROSA INT DERMA DET500ML,4,1.32,2,24,2.00,-94,SPINGI_vende_rete15g
Farmastelia,950425696,PIC GOCCE OCULARI OCCHIO SECCO,4,1.32,3,3,0,0,VALUTA_taglio
Farmastelia,931498392,VITI OMEGA 3 MULTIAZIONE 60PRL,4,1.32,8,0,5.00,0,SPINGI_vende_rete15g
Farmastelia,935506651,VAGISIL INTIMO GEL C PROHYDR,4,1.32,7,0,3.00,11,SPINGI_vende_rete15g
Farmastelia,989362532,DERMOVITAMINA PRURITO SPR NEW,4,1.32,5,0,1.00,0,SPINGI_vende_rete15g
Farmastelia,950260416,RENECLIN 20BUST,4,1.32,1,0,21.00,0,SPINGI_vende_rete15g
Farmastelia,970489908,FLOCARE G-TUBE SONDA ENT CH20,4,1.32,4,0,0,0,VALUTA_taglio
Farmastelia,944775170,PROMENSIL MENOPAUSA FORTE30CPR,4,1.32,99,0,0,0,VALUTA_taglio
Farmastelia,986011740,NEURANIA 30CPR,4,1.32,5,0,7.00,0,SPINGI_vende_rete15g
Farmastelia,979843632,CANDIDAX MED 30CPR,4,1.32,6,0,1.00,0,SPINGI_vende_rete15g
Farmastelia,905683443,SUPRAVIT CREATINA GRAN 20BUST,4,1.32,2,0,0,0,VALUTA_taglio
Farmastelia,980258913,SYSACOL 20F 25ML,4,1.32,9,0,13.00,8,SPINGI_vende_rete15g
Farmastelia,970777544,LIQUIRIZIA ESTR INTEGRALE200ML,4,1.32,1,0,2.00,7,SPINGI_vende_rete15g
Farmastelia,950063661,ANTIOSSIDANTE SUPREMO 60PAST,3,0.99,99,0,0,0,VALUTA_taglio
Farmastelia,103249025,NEOFORACTIL SPRAY*250ML,3,0.99,2,0,0,3,CARRELLO
Farmastelia,921034524,ALPECIN ENERGIZER SH CAFFEINA,3,0.99,4,0,0,1,CARRELLO
Farmastelia,921222648,REV KERATIN 30CPS,3,0.99,9,0,1.00,0,SPINGI_vende_rete15g
Farmastelia,986905331,DERMOVITAMINA PRURITO CR 30ML,3,0.99,4,0,1.00,0,SPINGI_vende_rete15g
Farmastelia,987258896,BOTALIT 20BUST,3,0.99,2,0,0,0,VALUTA_taglio
Farmastelia,931387043,EVITA MIXOIL 200ML,3,0.99,5,0,0,0,VALUTA_taglio
Farmastelia,987291085,OMOREGOL 30CPR,3,0.99,6,0,16.00,15,SPINGI_vende_rete15g
Farmastelia,949502785,APIX SEDIGOLA ACTIV SPRAY 30ML,3,0.99,6,0,1.00,0,SPINGI_vende_rete15g
Farmastelia,948168493,LONGLIFE L-CITRULLINE PL100CPS,3,0.99,7,0,0,0,VALUTA_taglio
Farmastelia,987314566,MARVIS CLAS STRONG MINT C 25ML,3,0.99,8,0,0,12,CARRELLO
Farmastelia,987315823,SCREEN TEST CELIACHIA SELFTEST,3,0.99,4,0,0,2,CARRELLO
Farmastelia,947417073,RIDONNA RELAX 30CPR,3,0.99,5,0,5.00,0,SPINGI_vende_rete15g
Farmastelia,947136230,VI3 PRO 20BUST EFFERVESCENTI,3,0.99,4,0,10.00,0,SPINGI_vende_rete15g
Farmastelia,932652365,NATURE'S SOL ACCELERATORE ABBR,3,0.99,7,0,7.00,7,SPINGI_vende_rete15g
Farmastelia,947082335,ULTRA PEP SLIM 6 ZERO TE'500ML,3,0.99,6,0,7.00,2,SPINGI_vende_rete15g
Farmastelia,987849193,OMOFOLIK 400 30CPR,3,0.99,3,0,7.00,9,SPINGI_vende_rete15g
Farmastelia,900498837,CLOREXYDERM SOL 4% 1000ML,3,0.99,5,0,4.00,3,SPINGI_vende_rete15g
Farmastelia,988037673,VH DEO ROLL ON 72H INVISIB50ML,3,0.99,1,1,0,0,VALUTA_taglio
Farmastelia,944493283,NEW PURELAN CREMA CAPEZZOLI37G,3,0.99,12,0,3.00,0,SPINGI_vende_rete15g
Farmastelia,924587239,MAGNESIO C/VITAMINE B 30CPR,3,0.99,9,0,2.00,0,SPINGI_vende_rete15g
Farmastelia,944097652,LINFOVIR IPERWASH SOL SAL IPER,3,0.99,8,0,0,0,VALUTA_taglio
Farmastelia,988339824,PISOLINO FITO 16BUST,3,0.99,14,0,0,0,VALUTA_taglio
Farmastelia,943315325,ASSONAL PEA 30CPR,3,0.99,13,0,5.00,0,SPINGI_vende_rete15g
Farmastelia,943303545,LONGLIFE MAGNESIUM 375 POWDER,3,0.99,9,0,4.00,0,SPINGI_vende_rete15g
Farmastelia,942860279,FILME GYNO V12 12OV,3,0.99,4,1,6.00,20,SPINGI_vende_rete15g
Farmastelia,930651625,JALURONIUS CS SERUM 30ML,3,0.99,9,0,4.00,0,SPINGI_vende_rete15g
Farmastelia,941079067,ARTIKRILL DOL CANE GATTO 30G,3,0.99,6,0,2.00,0,SPINGI_vende_rete15g
Farmastelia,940533286,DIMA HEPA 50TAV,3,0.99,99,0,0,0,VALUTA_taglio
Farmastelia,939457952,"OPTIVE UD 30FL MONODOSE 0,4ML",3,0.99,7,0,1.00,10,SPINGI_vende_rete15g
Farmastelia,939064566,BIOEPITHELIA BASE CREMA 50ML,3,0.99,4,0,0,3,CARRELLO
Farmastelia,988951087,TEGRADOC 30CPR RIVESTITE,3,0.99,6,0,16.00,43,SPINGI_vende_rete15g
Farmastelia,938778572,TOPIALYSE BAUME LAVANTE 400ML,3,0.99,1,0,0,0,VALUTA_taglio
Farmastelia,938668961,EDENOX 20CPR,3,0.99,8,0,0,0,VALUTA_taglio
Farmastelia,902029038,DENTILINE PASTA 2G,3,0.99,1,0,0,2,CARRELLO
Farmastelia,926235603,BIO OIL OLIO DERMAT 200ML,3,0.99,10,0,1.00,0,SPINGI_vende_rete15g
Farmastelia,989014271,LIPIKAR HUILE LAVANT AP+ 1L,3,0.99,5,12,2.00,0,SPINGI_vende_rete15g
Farmastelia,938466947,KUZIK 30CPS,3,0.99,10,0,1.00,0,SPINGI_vende_rete15g
Farmastelia,971197138,CRESPINO IND ESTR TIT 60PAST,3,0.99,7,0,3.00,0,SPINGI_vende_rete15g
Farmastelia,935931396,GASDEP ACTIVE 6+12BUST,3,0.99,1,0,12.00,0,SPINGI_vende_rete15g
Farmastelia,926420896,OLIPROX SHAMPOO 200ML CE,3,0.99,6,0,0,0,VALUTA_taglio
Farmastelia,970486674,IMPRYL 30CPR,3,0.99,8,0,5.00,0,SPINGI_vende_rete15g
Farmastelia,909861775,OMEGA PET 60PRL,3,0.99,3,0,1.00,0,SPINGI_vende_rete15g
Farmastelia,909125724,VMP PASTA GATTI 50G,3,0.99,5,0,0,0,VALUTA_taglio
Farmastelia,989408467,CERAMOL LOTION DS 50ML,3,0.99,8,0,0,0,VALUTA_taglio
Farmastelia,970540365,BIONIKE SHINE ON SHAMPOO RISTR,3,0.99,4,0,2.00,0,SPINGI_vende_rete15g
Farmastelia,902191701,PHYTOGAMBE 30CPR,3,0.99,18,0,1.00,0,SPINGI_vende_rete15g
Farmastelia,905616013,BIOATTIVO GLUCOS+COND 60CPR,3,0.99,8,0,1.00,0,SPINGI_vende_rete15g
Farmastelia,971744887,ATHENAVIS ONE SIR INTRA-ART4ML,3,0.99,8,0,2.00,0,SPINGI_vende_rete15g
Farmastelia,904195563,MULTI B50 COMPLEX 30CPR,3,0.99,4,0,4.00,0,SPINGI_vende_rete15g
Farmastelia,974879823,ULIVIS ESTRATTO FOGLIE ULIVO1L,3,0.99,5,0,2.00,0,SPINGI_vende_rete15g
Farmastelia,989977006,INOFERT PHD 20CPR,3,0.99,5,0,0,9,CARRELLO
Farmastelia,904360106,REPADERM EMULS DERMAT 75ML CE,3,0.99,2,0,3.00,2,SPINGI_vende_rete15g
Farmastelia,990039339,DIMOOD LARGE 20STICK 12G,3,0.99,5,0,3.00,0,SPINGI_vende_rete15g
Farmastelia,977662030,AVENE CICALFATE+CR RISTRUT40ML,3,0.99,13,0,0,0,VALUTA_taglio
Farmastelia,990064952,RAME ORO ARGENTO OLIMENT 200ML,3,0.99,3,0,0,0,VALUTA_taglio
Farmastelia,977770306,SWISSE MULTIVIT RAGAZZA 60CPR,3,0.99,4,0,3.00,10,SPINGI_vende_rete15g
Farmastelia,977796150,OLEA D3 JUNIOR GOCCE 10ML,3,0.99,6,0,12.00,28,SPINGI_vende_rete15g
Farmastelia,990153708,DERMAFFINE PRURITO 300ML,3,0.99,8,0,0,9,CARRELLO
Farmastelia,904934559,VEA PF C MAGRA E-POLIF BOMB 50,3,0.99,7,0,0,0,VALUTA_taglio
Farmastelia,904658554,PROIDEMA CRONO 30CPR,3,0.99,3,1,12.00,0,SPINGI_vende_rete15g
Farmastelia,979049715,PUROREPAIR GAG PLUS 40CPS,3,0.99,5,0,2.00,10,SPINGI_vende_rete15g
Farmastelia,979239480,RAGAMED PLUS 75ML,3,0.99,5,0,0,0,VALUTA_taglio
Farmastelia,979658212,YAMAMOTO N MULTI VITAMIN 60CPR,3,0.99,4,0,3.00,0,SPINGI_vende_rete15g
Farmastelia,980459768,EUCLORINA PRODERMA CREMA 30ML,3,0.99,8,0,0,0,VALUTA_taglio
Farmastelia,980512735,CERAMOL CREMA 311 75ML,3,0.99,99,0,0,0,VALUTA_taglio
Farmastelia,980524072,LIPODRENAL 60CPR,3,0.99,10,0,0,0,VALUTA_taglio
Farmastelia,981405347,SNS2 60CPS,3,0.99,11,0,6.00,11,SPINGI_vende_rete15g
Farmastelia,981409117,RETINPIL CREMA GEL 50ML,3,0.99,4,0,2.00,36,SPINGI_vende_rete15g
Farmastelia,981961903,COLLAGENE LADY PESCA 340G,3,0.99,1,0,1.00,46,SPINGI_vende_rete15g
Farmastelia,982008587,ANSIOVIT NO STRESS 30CPR,3,0.99,8,0,0,0,VALUTA_taglio
Farmastelia,982893238,EXTRA GENTLE DERMOPROT SH200ML,3,0.99,11,0,0,0,VALUTA_taglio
Farmastelia,982941698,ESENTA FILM PROT SPRAY 50ML,3,0.99,3,0,5.00,0,SPINGI_vende_rete15g
Farmastelia,983173434,SERENITY PANTS SD BF EX S 14PZ,3,0.99,1,0,20.00,0,SPINGI_vende_rete15g
Farmastelia,951507425,ESENTA STOMAHESIVE PASTA 60G,3,0.99,99,0,0,3,CARRELLO
Farmastelia,951501408,ADCMYFOLIC 30CPR,3,0.99,1,0,4.00,23,SPINGI_vende_rete15g
Farmastelia,984357119,REBONE 20F,3,0.99,5,0,13.00,22,SPINGI_vende_rete15g
Farmastelia,032182077,"SODIO CLORURO EUROS*0,9%1000ML",3,0.99,1,0,0,0,VALUTA_taglio
Farmastelia,984500138,BIOCOLORIST SPR RITOCCO CAS SC,3,0.99,3,0,0,0,VALUTA_taglio
Farmastelia,951150022,DIKIROGEN ZERO 30CPR,3,0.99,8,0,14.00,0,SPINGI_vende_rete15g
Farmastelia,950909871,CROTAMITON PLUS 10% + 5% LOZ,3,0.99,5,0,2.00,0,SPINGI_vende_rete15g
Farmastelia,986012134,TUAMEMOR 15FL 10ML,3,0.99,7,0,0,0,VALUTA_taglio
Farmastelia,986827057,NORSAN OMEGA 3 KIDS ALGA 50ML,3,0.99,99,0,0,0,VALUTA_taglio
Farmastelia,950228751,AGEX DEFENCE SPOT PHARCOS 50ML,2,0.66,7,0,1.00,0,SPINGI_vende_rete15g
Farmastelia,990551069,UNA10 MEDIMAXI 10CPR DRN,2,0.66,5,0,8.00,13,SPINGI_vende_rete15g
Farmastelia,990542882,FODMIX 36VEGAN CPS,2,0.66,6,0,0,9,CARRELLO
Farmastelia,990377400,FORTEND MAX 20BUST,2,0.66,3,0,18.00,4,SPINGI_vende_rete15g
Farmastelia,989980735,PIC SOLUTION DOPOPUNTURA AMMON,2,0.66,1,21,1.00,0,SPINGI_vende_rete15g
Farmastelia,989878487,BONASE COMPRESSE 30CPR,2,0.66,1,0,0,3,CARRELLO
Farmastelia,989812173,EVAGYN GEL VAGINALE 8TUB 5ML,2,0.66,6,0,11.00,14,SPINGI_vende_rete15g
Farmastelia,989634579,FAVE DI FUCA CLASSICO40CPR NEW,2,0.66,3,0,8.00,0,SPINGI_vende_rete15g
Farmastelia,989634124,BBMILK DG LIQUIDO 500ML,2,0.66,2,0,0,0,VALUTA_taglio
Farmastelia,989409139,"ISOMAR OCCHI SEC AI 0,25% 10ML",2,0.66,7,0,6.00,0,SPINGI_vende_rete15g
Farmastelia,989398096,DR BRUX BITE RILAX DIURNO TRAS,2,0.66,5,0,0,3,CARRELLO
Farmastelia,989374083,PEDIACOLIN GOCCE 15ML,2,0.66,6,0,3.00,2,SPINGI_vende_rete15g
Farmastelia,024652101,ANTIMICOTICO SAME*CREMA 30G,2,0.66,1,0,1.00,0,SPINGI_vende_rete15g
Farmastelia,104760020,AMFLEE*SPOTON 3PIP GATTI,2,0.66,1,0,0,44,CARRELLO
Farmastelia,104786025,TETRIAS PLUS*6CPR,2,0.66,1,0,0,0,VALUTA_taglio
Farmastelia,800601155,2LMIREG 30CPS,2,0.66,3,0,1.00,0,SPINGI_vende_rete15g
Farmastelia,900095427,AR POMATA 100ML,2,0.66,99,0,0,0,VALUTA_taglio
Farmastelia,900154954,PLAKKONTROL MONOCIUFFO SPAZZ,2,0.66,10,0,0,0,VALUTA_taglio
Farmastelia,900919453,POCKET SFIGMO ANER C/FONE,2,0.66,4,0,0,0,VALUTA_taglio
Farmastelia,900922372,ANGIOTON PLUS RETARD 30CPR,2,0.66,10,0,5.00,38,SPINGI_vende_rete15g
Farmastelia,902050653,PEDIARGIN 10FL 10ML,2,0.66,4,0,0,7,CARRELLO
Farmastelia,902299940,VARIEZE 60CPR,2,0.66,6,0,0,13,CARRELLO
Farmastelia,902386857,HUMUSVITALIS ANTICADUTA 10F,2,0.66,7,0,3.00,0,SPINGI_vende_rete15g
Farmastelia,902574211,IRIS PROFUMO 50ML,2,0.66,99,0,0,0,VALUTA_taglio
Farmastelia,902595913,ACIMAP 20CPR,2,0.66,3,0,0,0,VALUTA_taglio
Farmastelia,902659515,VEA CREMA PF VIT E+POLIF 50ML,2,0.66,6,0,0,12,CARRELLO
Farmastelia,903144626,SCHOLL PUNTI DOLENTI CER CAL/D,2,0.66,14,1,0,8,CARRELLO
Farmastelia,903569465,SERENITY PANN CLAS EX L 30PZ,2,0.66,99,1,0,0,VALUTA_taglio
Farmastelia,903600462,SERENITY PANN RETT C/BARR 30PZ,2,0.66,6,0,7.00,0,SPINGI_vende_rete15g
Farmastelia,904864170,DETSKIN LATTICOPLUS 45CPS,2,0.66,5,0,0,0,VALUTA_taglio
Farmastelia,905498667,HAPPYVEN BIANCA GEL EMOLL 150,2,0.66,1,0,3.00,0,SPINGI_vende_rete15g
Farmastelia,906059427,ISOMAR SPRAY IGIENE QUOTIDIANA,2,0.66,11,4,3.00,0,SPINGI_vende_rete15g
Farmastelia,906618893,MOSQUETAS OLIO ROSA BIO 15ML,2,0.66,7,0,0,2,CARRELLO
Farmastelia,907043525,TUBES COLON 24CPS,2,0.66,5,0,4.00,8,SPINGI_vende_rete15g
Farmastelia,908220318,GIBAUD CINT LEG 24CM CE,2,0.66,99,0,0,0,VALUTA_taglio
Farmastelia,908318189,DILATAN DILAT CRIOTERM 3PZ,2,0.66,10,0,0,0,VALUTA_taglio
Farmastelia,908486006,GL1 M&D SALBE CREMA 250ML,2,0.66,5,0,0,0,VALUTA_taglio
Farmastelia,908560269,GARZA JELONET 10X10CM 10BUST,2,0.66,8,0,0,0,VALUTA_taglio
Farmastelia,908648708,DELTACRIN SHAMPOO PHARCOS 250M,2,0.66,7,0,4.00,0,SPINGI_vende_rete15g
Farmastelia,909153951,STOMA 2 CINT ADDOMIN SOST 6611,2,0.66,2,0,0,0,VALUTA_taglio
Farmastelia,911974881,REV ACNOSAL SPRAY 125ML,2,0.66,10,0,0,0,VALUTA_taglio
Farmastelia,912032137,APROTEN MERENDA ALB S/ZUCC180G,2,0.66,6,0,0,0,VALUTA_taglio
Farmastelia,912943622,FORHANS CLEXIDIN SPR 50ML,2,0.66,6,0,0,0,VALUTA_taglio
Farmastelia,912943774,OSTEOCORAL ECOSOL 60CPR,2,0.66,10,0,1.00,0,SPINGI_vende_rete15g
Farmastelia,913156675,BIAFIN EMULSIONE CUTANEA 100ML,2,0.66,7,5,3.00,10,SPINGI_vende_rete15g
Farmastelia,920065733,AGAR-AGAR 180PAST,2,0.66,1,0,0,0,VALUTA_taglio
Farmastelia,920582297,MUCOSAMIN SPRAY 30ML,2,0.66,1,0,0,0,VALUTA_taglio
Farmastelia,921030742,AMINOGLUTAM 30BUST,2,0.66,8,0,11.00,34,SPINGI_vende_rete15g
Farmastelia,921534184,LYSI OMEGA 3 FORTE 60CPS,2,0.66,1,0,3.00,13,SPINGI_vende_rete15g
Farmastelia,923500300,PERVENE 30OVAL,2,0.66,6,0,2.00,0,SPINGI_vende_rete15g
Farmastelia,923788879,SERRADOS FORTE RP 10CPS,2,0.66,3,0,1.00,0,SPINGI_vende_rete15g
Farmastelia,924266760,FICO 100ML LIQ ANALCO GEMMO10+,2,0.66,5,0,0,7,CARRELLO
Farmastelia,924300940,THERMOGEL COMFORT CUSC 10X26CM,2,0.66,4,0,3.00,0,SPINGI_vende_rete15g
Farmastelia,924451913,MELATONINA ACT +VAL+FT5C 60CPR,2,0.66,10,1,9.00,22,SPINGI_vende_rete15g
Farmastelia,924686924,SCHOLL CER CALLIF TRATT R/PROT,2,0.66,11,1,0,0,VALUTA_taglio
Farmastelia,925005757,OVAVIS 100PAST,2,0.66,99,0,2.00,0,SPINGI_vende_rete15g
Farmastelia,925826036,THERAMICOTIC SHAMPOO 200ML,2,0.66,8,0,0,0,VALUTA_taglio
Farmastelia,925827521,BANIVAL CREMA 10BUST 3ML,2,0.66,10,0,0,0,VALUTA_taglio
Farmastelia,926047438,RINOSOL 2ACT SPRAY NASALE 15ML,2,0.66,4,0,0,0,VALUTA_taglio
Farmastelia,926080161,PROVASEN FORTE 18BUST,2,0.66,13,0,4.00,0,SPINGI_vende_rete15g
Farmastelia,926739160,LIPOCOL PLUS 30CPR,2,0.66,6,0,9.00,17,SPINGI_vende_rete15g
Farmastelia,927249817,QUINOIL DOCCIA BIATTIVO 500ML,2,0.66,9,0,0,0,VALUTA_taglio
Farmastelia,927288720,IALURONIC NATURINCAS 30CPS,2,0.66,6,0,0,0,VALUTA_taglio
Farmastelia,927385219,CONVEEN OPTIMA GUAINA 28MM 30P,2,0.66,4,0,7.00,0,SPINGI_vende_rete15g
Farmastelia,927499576,OLIPROX SHAMPOO 300ML CE,2,0.66,4,0,0,9,CARRELLO
Farmastelia,927765584,BIOVICIT GOCCE 30ML,2,0.66,99,0,0,0,VALUTA_taglio
Farmastelia,930062245,PROJOINT COMPLEX 60TAV,2,0.66,8,0,1.00,0,SPINGI_vende_rete15g
Farmastelia,930216724,SKAB PLUS EMULSIONE 150ML,2,0.66,7,0,0,0,VALUTA_taglio
Farmastelia,930362494,DERMOVITAMINA HERPESCARE 8ML,2,0.66,99,0,0,0,VALUTA_taglio
Farmastelia,930525771,CARNIDYN PLUS 20BUST,2,0.66,10,33,74.00,33,SPINGI_vende_rete15g
Farmastelia,930617600,RELAXMAP 60CPR,2,0.66,7,0,9.00,9,SPINGI_vende_rete15g
Farmastelia,930967740,OSTEOPLUS EQ 60CPS,2,0.66,4,0,0,0,VALUTA_taglio
Farmastelia,930996412,LIPOMAR CARDIO 60CPS,2,0.66,8,0,3.00,17,SPINGI_vende_rete15g
Farmastelia,930996842,ROXANE CREMA 30ML,2,0.66,2,0,3.00,0,SPINGI_vende_rete15g
Farmastelia,931156018,KUTECUR SPRAY 125ML,2,0.66,3,0,0,3,CARRELLO
Farmastelia,931508004,DUALLAX 60CPS,2,0.66,3,0,1.00,0,SPINGI_vende_rete15g
Farmastelia,931935264,"TSP 1% SOL OFT 30FL 0,5ML",2,0.66,3,0,0,0,VALUTA_taglio
Farmastelia,931999357,VALERIANA VITI 30CPR RIVESTITE,2,0.66,9,1,3.00,0,SPINGI_vende_rete15g
Farmastelia,932025810,LEGNI NATURE'S DOCCIASH U200ML,2,0.66,4,0,0,0,VALUTA_taglio
Farmastelia,932165588,ARTAVIS 20BUST 8G,2,0.66,10,0,2.00,0,SPINGI_vende_rete15g
Farmastelia,932428422,RECONNETTIVAL C RETARD 60CPR,2,0.66,99,0,0,0,VALUTA_taglio
Farmastelia,933009413,ROSACURE GENTLE CLEANSING GEL,2,0.66,10,0,5.00,0,SPINGI_vende_rete15g
Farmastelia,933060826,DEPILZERO CR CORPO UOMO 200ML,2,0.66,4,0,0,0,VALUTA_taglio
Farmastelia,933320640,MELLIS BETA SHAMPOO 200ML,2,0.66,12,1,14.00,0,SPINGI_vende_rete15g
Farmastelia,933462184,VIRIPROST 30PRL,2,0.66,10,0,5.00,0,SPINGI_vende_rete15g
Farmastelia,933496275,GASTROSAVE 30CPR,2,0.66,8,0,12.00,0,SPINGI_vende_rete15g
Farmastelia,933532689,MELATONINA VITI RETARD 60CPR,2,0.66,9,1,16.00,13,SPINGI_vende_rete15g
Farmastelia,933915201,AVENE SOL OLIO SPF30 200ML,2,0.66,3,0,2.00,0,SPINGI_vende_rete15g
Farmastelia,933949099,GERMISDIN ORIGINAL 250ML,2,0.66,4,0,0,0,VALUTA_taglio
Farmastelia,933949430,BISENGLUT BISCOTTO GRANULARE,2,0.66,1,0,0,0,VALUTA_taglio
Farmastelia,934394420,KELLIVIT CREMA 75ML,2,0.66,10,0,1.00,0,SPINGI_vende_rete15g
Farmastelia,934512664,GLUCOJECT AGO PENNA 5MM G31,2,0.66,1,0,1.00,0,SPINGI_vende_rete15g
Farmastelia,934734334,LIPOACID COMBI 60CPR,2,0.66,4,0,0,0,VALUTA_taglio
Farmastelia,934869658,SELIMA 30CPR,2,0.66,8,0,2.00,0,SPINGI_vende_rete15g
Farmastelia,934975133,FILME NASALE OLIO 20ML,2,0.66,7,0,1.00,0,SPINGI_vende_rete15g
Farmastelia,934983786,COLLAGENIL RE-PULP 3D 50ML,2,0.66,8,0,4.00,3,SPINGI_vende_rete15g
Farmastelia,935057240,"BIOKAP NUTRIC 4,06 CAST CAFFE'",2,0.66,7,0,15.00,0,SPINGI_vende_rete15g
Farmastelia,935057315,"BIOKAP NUTRIC 6,0 BIO TABACCO",2,0.66,1,0,9.00,0,SPINGI_vende_rete15g
Farmastelia,935128672,EMICRA 15CPR,2,0.66,99,0,0,3,CARRELLO
Farmastelia,935160352,CELL INTEGRITY BRAIN 40CPR,2,0.66,5,0,0,7,CARRELLO
Farmastelia,935203745,LENIVAGIX CREMA VAGINALE 20ML,2,0.66,4,0,1.00,2,SPINGI_vende_rete15g
Farmastelia,935376436,LONGLIFE MSM POWDER 250G,2,0.66,3,0,0,0,VALUTA_taglio
Farmastelia,935601157,NATURE'S SOL CREMA SPF50 150ML,2,0.66,7,0,1.00,0,SPINGI_vende_rete15g
Farmastelia,935621781,5D SLEEVERATO ANANAS 500ML,2,0.66,2,21,0,10,CARRELLO
Farmastelia,935627188,RELAXAMIR 60CPR,2,0.66,10,0,0,0,VALUTA_taglio
Farmastelia,935702340,GIARDINO AGR NATURE'S EDT 50ML,2,0.66,7,0,0,0,VALUTA_taglio
Farmastelia,935702466,SAME PLAST CEROTTO 7X20CM,2,0.66,7,0,3.00,0,SPINGI_vende_rete15g
Farmastelia,935768693,NUTRIREGULAR NAUXEN 20CPR,2,0.66,6,0,0,3,CARRELLO
Farmastelia,935793063,LONGLIFE ISOFLAVONI SOIA 60PRL,2,0.66,10,0,0,0,VALUTA_taglio
Farmastelia,936048800,SERENERV NOTTE 30CPR,2,0.66,5,0,11.00,0,SPINGI_vende_rete15g
Farmastelia,937388472,MULTICARE IN GLUCOSIO 25STR,2,0.66,1,0,0,8,CARRELLO
Farmastelia,938001690,IKLEN + MELANO EXPERT 15ML,2,0.66,6,0,0,0,VALUTA_taglio
Farmastelia,938766793,GLUCOFIX TECH SENSOR 25STR,2,0.66,6,0,1.00,0,SPINGI_vende_rete15g
Farmastelia,939173744,VISCOFLU 20BUST,2,0.66,7,0,1.00,11,SPINGI_vende_rete15g
Farmastelia,940199540,PEPE FONDENTE EDT 50ML,2,0.66,6,0,0,0,VALUTA_taglio
Farmastelia,940539188,FERTILEN PRO 30CPS,2,0.66,3,0,2.00,0,SPINGI_vende_rete15g
Farmastelia,941576617,XINEPA EASY 30STICK OROSOL 75G,2,0.66,13,0,2.00,0,SPINGI_vende_rete15g
Farmastelia,941833194,CHRONOBIANE LP 60CPR,2,0.66,5,0,3.00,0,SPINGI_vende_rete15g
Farmastelia,942411265,EUSERPINA SMAGLIATURE 250ML,2,0.66,6,0,1.00,0,SPINGI_vende_rete15g
Farmastelia,942677891,SILICOS 30BUST,2,0.66,11,0,3.00,0,SPINGI_vende_rete15g
Farmastelia,942699606,KERATOSEPT GOCCE OCULARI 10ML,2,0.66,7,0,1.00,0,SPINGI_vende_rete15g
Farmastelia,942805274,OMK1 LF SOL LIPO OFT STER 10ML,2,0.66,3,0,0,0,VALUTA_taglio
Farmastelia,942845557,DIOSMIR 500 30CPR,2,0.66,6,0,4.00,18,SPINGI_vende_rete15g
Farmastelia,942872019,PROIDEMA URTO 15CPR,2,0.66,11,0,16.00,0,SPINGI_vende_rete15g
Farmastelia,942891615,REGENERA LENTE TERAP CORNEALE,2,0.66,3,0,1.00,0,SPINGI_vende_rete15g
Farmastelia,943256659,TIOCRONAL REDOX 20CPR,2,0.66,12,0,8.00,0,SPINGI_vende_rete15g
Farmastelia,943263931,PRINCIPIUM ENZIMI NO GAS 24CPR,2,0.66,6,0,4.00,0,SPINGI_vende_rete15g
Farmastelia,943301008,OZIDERM CREMA 200ML,2,0.66,3,0,3.00,21,SPINGI_vende_rete15g
Farmastelia,943315287,SELAN MICO 250ML,2,0.66,5,0,0,0,VALUTA_taglio
Farmastelia,943469938,VEA DEO-LIPOGEL DEODORANTE30ML,2,0.66,10,0,8.00,0,SPINGI_vende_rete15g
Farmastelia,943939470,SOLE BIMBI LATTE SOL 50+ 100ML,2,0.66,7,0,0,0,VALUTA_taglio
Farmastelia,944144942,TECADRIOL 600 20CPR,2,0.66,9,0,8.00,0,SPINGI_vende_rete15g
Farmastelia,944779343,PROMENSIL MENOPAUSA 90CPR,2,0.66,5,0,3.00,21,SPINGI_vende_rete15g
Farmastelia,944909199,AGENO GEL INTIMO 100ML,2,0.66,6,0,0,4,CARRELLO
Farmastelia,944912512,CURAFLUX RAPID SOSP 30BUST,2,0.66,7,0,5.00,10,SPINGI_vende_rete15g
Farmastelia,944943113,BIOGENA DERMO SOLIDO 140ML,2,0.66,10,0,2.00,0,SPINGI_vende_rete15g
Farmastelia,945075935,ARTROSULFUR VISC 16BUST,2,0.66,8,0,6.00,13,SPINGI_vende_rete15g
Farmastelia,945221354,LONGLIFE BODY CLEANSE 90CPS,2,0.66,4,0,0,0,VALUTA_taglio
Farmastelia,945294991,"LIPEROL 12F 8,33ML",2,0.66,4,0,4.00,8,SPINGI_vende_rete15g
Farmastelia,947127650,NEFROKRILL GATTO 30PRL,2,0.66,3,0,1.00,39,SPINGI_vende_rete15g
Farmastelia,947140493,"SOAVEMIN INTIMO DET 4,5 250ML",2,0.66,11,0,1.00,0,SPINGI_vende_rete15g
Farmastelia,947244618,CAROBIN PET FORTE 30CPR,2,0.66,10,0,4.00,19,SPINGI_vende_rete15g
Farmastelia,947256804,FUSION WATER COLOR LIGHT 50ML,2,0.66,8,0,0,0,VALUTA_taglio
Farmastelia,947256828,FUSION WATER COLOR BRONZE 50ML,2,0.66,5,0,1.00,0,SPINGI_vende_rete15g
Farmastelia,947333353,LONGLIFE PROSTA-10 30PRL,2,0.66,9,0,1.00,0,SPINGI_vende_rete15g
Farmastelia,947418909,Q10 REDOX 50PRL SOFTGEL,2,0.66,10,0,3.00,0,SPINGI_vende_rete15g
Farmastelia,948169774,GYNO-CANESFLORA 30CPS OS,2,0.66,11,0,0,0,VALUTA_taglio
Farmastelia,949400927,KEFIBIOS S 30G,2,0.66,8,0,0,0,VALUTA_taglio
Farmastelia,949871747,LONGLIFE GABA 500MG 60TAV,2,0.66,6,0,1.00,0,SPINGI_vende_rete15g
Farmastelia,949897882,PRONTEX BRACCIALE COMFORT,2,0.66,8,0,2.00,0,SPINGI_vende_rete15g
Farmastelia,950028593,STITICOL 20BUST 20ML,2,0.66,11,0,1.00,0,SPINGI_vende_rete15g
Farmastelia,950222556,VITREONORM TASK 20STICK,2,0.66,5,0,8.00,0,SPINGI_vende_rete15g
Farmastelia,950304117,PODOKER 40 GEL 40ML,2,0.66,3,0,4.00,2,SPINGI_vende_rete15g
Farmastelia,950405047,VITREOLISINA PLUS 30BUST,2,0.66,7,0,8.00,30,SPINGI_vende_rete15g
Farmastelia,950405757,VITREOIAL GOCCE OCULARI 20MONO,2,0.66,7,0,9.00,0,SPINGI_vende_rete15g
Farmastelia,950497242,SENTZA LIQUIDO 500ML,2,0.66,7,0,3.00,11,SPINGI_vende_rete15g
Farmastelia,950837219,KIJIMEA FLORACARE 10CPS,2,0.66,6,0,1.00,0,SPINGI_vende_rete15g
Farmastelia,950965309,DONNA SANA 100PAST,2,0.66,2,0,3.00,0,SPINGI_vende_rete15g
Farmastelia,951028707,CRIPTOGEL GEL UNGUEALE 10ML,2,0.66,2,0,0,11,CARRELLO
Farmastelia,951044421,SOLUZIONE SCHOUM ADVANCE 500ML,2,0.66,13,0,6.00,0,SPINGI_vende_rete15g
Farmastelia,951060223,SWISSE CAPELLI P UN PLUS 60CPS,2,0.66,7,3,1.00,11,SPINGI_vende_rete15g
Farmastelia,951063698,PHLIFE IONS BOOSTER 120G,2,0.66,1,0,0,0,VALUTA_taglio
Farmastelia,951200462,HYALURON TOSSE&GOLA 30CPR,2,0.66,10,0,3.00,0,SPINGI_vende_rete15g
Farmastelia,951269289,CITIZIN Q10 ORO 30STICK-PACK,2,0.66,11,0,30.00,12,SPINGI_vende_rete15g
Farmastelia,951332319,ALIAMED 20BUST,2,0.66,9,0,4.00,0,SPINGI_vende_rete15g
Farmastelia,951346016,"BREVICILLIN GOCCE 7,5G",2,0.66,6,0,0,0,VALUTA_taglio
Farmastelia,951365206,LIPIKAR BAUME AP+MAX 400ML,2,0.66,6,1,0,10,CARRELLO
Farmastelia,951507437,ESENTA STOMAHESIVE SEAL 10PZ,2,0.66,1,0,0,0,VALUTA_taglio
Farmastelia,951564196,DERCOS TECHNIQUE SH A/FORF GR,2,0.66,6,7,1.00,14,SPINGI_vende_rete15g
Farmastelia,951866247,SOLOUNO MAGNESIO B-COMPLEX,2,0.66,4,0,0,0,VALUTA_taglio
Farmastelia,951869243,LOMBOGIB WORK H26 TG04,2,0.66,64,0,0,0,VALUTA_taglio
Farmastelia,952048914,MINERAL 89 SIERO BOOSTER REFIL,2,0.66,1,3,0,10,CARRELLO
Farmastelia,952093627,DTOPIC DOPOSOLE 150ML,2,0.66,5,0,0,25,CARRELLO
Farmastelia,970254239,MICOTWIN ZEN 90CPS,2,0.66,1,0,1.00,0,SPINGI_vende_rete15g
Farmastelia,970378574,THERAMICOTIC SPRAY 200ML,2,0.66,6,0,0,2,CARRELLO
Farmastelia,970447850,ECOSDOL 30CPR,2,0.66,4,0,0,9,CARRELLO
Farmastelia,970488817,KIJIMEA COLON IRRITABILE 14CPS,2,0.66,5,0,2.00,0,SPINGI_vende_rete15g
Farmastelia,970726574,MIRRA ESTRATTO INTEGRALE 200ML,2,0.66,1,0,0,0,VALUTA_taglio
Farmastelia,971050240,HEMOPRAN CREMA ENDORETTALE35ML,2,0.66,4,0,1.00,0,SPINGI_vende_rete15g
Farmastelia,971120290,ELICRISO ESTRATTO INTEGR 200ML,2,0.66,99,0,0,0,VALUTA_taglio
Farmastelia,971197052,BIANCOSPINO ESTR TIT 60PAST,2,0.66,7,0,0,0,VALUTA_taglio
Farmastelia,971197126,CIMICIFUGA ESTR TIT 60PAST,2,0.66,8,0,1.00,0,SPINGI_vende_rete15g
Farmastelia,971636535,CARBITECH 30CPR,2,0.66,9,0,2.00,0,SPINGI_vende_rete15g
Farmastelia,971804568,PROTOCOL BONE 30BUST,2,0.66,11,0,4.00,0,SPINGI_vende_rete15g
Farmastelia,971981105,BIO STRATH ELIXIR 500ML,2,0.66,3,0,2.00,0,SPINGI_vende_rete15g
Farmastelia,972686265,OTI K VITAMINA K2 GOCCE 20ML,2,0.66,18,0,11.00,8,SPINGI_vende_rete15g
Farmastelia,972725117,VITREOLISINA FORTE 30CPR,2,0.66,15,0,2.00,0,SPINGI_vende_rete15g
Farmastelia,972784058,STRIBESS OLIO 500ML,2,0.66,9,0,1.00,0,SPINGI_vende_rete15g
Farmastelia,973292992,BIONIKE DEFENCE HAIR SH D200ML,2,0.66,12,0,0,0,VALUTA_taglio
Farmastelia,973354057,THERDIUR ACI 20BUST,2,0.66,5,0,5.00,31,SPINGI_vende_rete15g
Farmastelia,973865696,FLEX UC II 30CPS 500MG,2,0.66,4,0,0,14,CARRELLO
Farmastelia,974036701,IALUFLEX 30BUST,2,0.66,9,0,2.00,0,SPINGI_vende_rete15g
Farmastelia,974381283,REV US KIT,2,0.66,3,0,1.00,0,SPINGI_vende_rete15g
Farmastelia,974758613,SEBIUM GEL MOUSSANT 100ML,2,0.66,10,0,0,0,VALUTA_taglio
Farmastelia,974762724,MAGNESIO E POTASSIO 30BUST,2,0.66,5,0,1.00,0,SPINGI_vende_rete15g
Farmastelia,974772319,ADOLFAST 20CPR MASTIC BLISTER,2,0.66,1,0,2.00,0,SPINGI_vende_rete15g
Farmastelia,974777031,CALCIOLISIN H 30CPR,2,0.66,8,0,4.00,0,SPINGI_vende_rete15g
Farmastelia,975007511,VERSET HARRY EDP 15ML,2,0.66,1,1,1.00,2,SPINGI_vende_rete15g
Farmastelia,975027905,MEMORY ACT 50CPR,2,0.66,6,0,0,0,VALUTA_taglio
Farmastelia,975082153,ICONTROL G STRISCE GLIC 25STR,2,0.66,1,0,3.00,3,SPINGI_vende_rete15g
Farmastelia,975430125,SOLFAC AUTOMATIC FORTE NF150ML,2,0.66,4,0,0,0,VALUTA_taglio
Farmastelia,975514098,DURAVIR 15STICK,2,0.66,4,0,3.00,14,SPINGI_vende_rete15g
Farmastelia,975867767,PAUSANORM FORTE SALUGEA 60CPS,2,0.66,12,0,0,0,VALUTA_taglio
Farmastelia,975971742,XAZEPIN 20CPS,2,0.66,6,0,5.00,11,SPINGI_vende_rete15g
Farmastelia,975983432,DUALSAN SLIP CONTENITIVO D 5,2,0.66,1,0,0,0,VALUTA_taglio
Farmastelia,976294405,NORSAN OMEGA 3 VEGANO 100ML,2,0.66,6,0,1.00,0,SPINGI_vende_rete15g
Farmastelia,976311340,NEURASSIAL DOL 20CPR DEGLUT,2,0.66,16,0,17.00,0,SPINGI_vende_rete15g
Farmastelia,976336952,OMEGOR VITALITY 1000 90CPS,2,0.66,8,0,18.00,33,SPINGI_vende_rete15g
Farmastelia,976823803,FDR COFANETTO BEBE',2,0.66,1,0,0,0,VALUTA_taglio
Farmastelia,977629601,AVEENO SKIN RELIEF WASH 500ML,2,0.66,8,0,0,9,CARRELLO
Farmastelia,977732142,SILLBRAIN CPS,2,0.66,7,0,5.00,0,SPINGI_vende_rete15g
Farmastelia,978476101,KIJIMEA COLON IRRITAB PRO28CPS,2,0.66,9,1,3.00,26,SPINGI_vende_rete15g
Farmastelia,978625630,IALOZON ROSA COLLUTORIO 300ML,2,0.66,6,0,6.00,0,SPINGI_vende_rete15g
Farmastelia,978843910,REMESCAR CORR RUGHE ISTANT,2,0.66,7,0,4.00,0,SPINGI_vende_rete15g
Farmastelia,979021351,DICALCIO PLUS 150ML,2,0.66,7,0,0,9,CARRELLO
Farmastelia,979092057,MICRODAL 40CPR FITODAL,2,0.66,4,0,2.00,33,SPINGI_vende_rete15g
Farmastelia,979174950,ANSIEREL 30CPR,2,0.66,1,0,0,0,VALUTA_taglio
Farmastelia,979375704,FORMULA VENUM 60CPR,2,0.66,1,3,0,36,CARRELLO
Farmastelia,979418340,VENOFLEB EMO 20CPR,2,0.66,3,0,0,0,VALUTA_taglio
Farmastelia,979798042,OVERDRY PLUS 30CPR 950MG,2,0.66,9,0,0,0,VALUTA_taglio
Farmastelia,980029033,PEDIAVIT COMPLESSO B SCIR100ML,2,0.66,7,0,1.00,0,SPINGI_vende_rete15g
Farmastelia,980134466,D-MANNOSIO FORTE 50CPS VEG,2,0.66,4,0,1.00,0,SPINGI_vende_rete15g
Farmastelia,980258471,ROSAID CREMA 30ML CE,2,0.66,99,0,0,0,VALUTA_taglio
Farmastelia,980445884,VITAMINA K2 PLUS 60PAST,2,0.66,5,0,4.00,0,SPINGI_vende_rete15g
Farmastelia,980514956,ALSIROYAL VITAMINA D3+K2 30CPR,2,0.66,6,0,2.00,10,SPINGI_vende_rete15g
Farmastelia,980809343,NUTRIREGULAR UROPROX 30SOFTGEL,2,0.66,1,0,2.00,13,SPINGI_vende_rete15g
Farmastelia,980810485,KINEDIN 14BUST,2,0.66,6,0,0,0,VALUTA_taglio
Farmastelia,980911770,NERADIN 28CPS,2,0.66,9,0,2.00,0,SPINGI_vende_rete15g
Farmastelia,981043351,ENERVIT C2 1 ISOCARB 650G,2,0.66,4,0,1.00,10,SPINGI_vende_rete15g
Farmastelia,981355264,BETA-CAROTENE ESTR TIT 75PAST,2,0.66,7,0,0,9,CARRELLO
Farmastelia,981510136,PSILLIO CUTICOLA BIO 200G,2,0.66,3,0,3.00,0,SPINGI_vende_rete15g
Farmastelia,981920919,SOLLIEVO FISIOLAX 27CPR,2,0.66,18,0,1.00,0,SPINGI_vende_rete15g
Farmastelia,982479053,DRENA 60CPS,2,0.66,99,0,0,0,VALUTA_taglio
Farmastelia,982952261,LENIVA BIOSECUR GARZE OFT 20PZ,2,0.66,9,0,10.00,0,SPINGI_vende_rete15g
Farmastelia,982986022,BUONA CIRCADIEM PLUS 20BUST,2,0.66,5,0,3.00,0,SPINGI_vende_rete15g
Farmastelia,983036904,ALIGASTRIL GEL 20STICK,2,0.66,99,0,0,0,VALUTA_taglio
Farmastelia,984147696,FOLERVID 30CPS,2,0.66,4,2,4.00,32,SPINGI_vende_rete15g
Farmastelia,984152088,DERMOZOIL DETERGENTE A RISCIAC,2,0.66,99,0,0,0,VALUTA_taglio
Farmastelia,984597841,REDULEN GLICEMIA 60CPR,2,0.66,6,0,4.00,8,SPINGI_vende_rete15g
Farmastelia,984703773,COLLAFORCE SUPER 10000 450G,2,0.66,5,0,4.00,0,SPINGI_vende_rete15g
Farmastelia,984779304,CB12 TRATTAMENTO ALITOSI 500ML,2,0.66,6,0,2.00,0,SPINGI_vende_rete15g
Farmastelia,984785156,NEO PECIA FT 60CPR DIETALINEA,2,0.66,5,0,0,16,CARRELLO
Farmastelia,984999007,VERAVIS T SUPREMO GRANI CO 1KG,2,0.66,99,0,0,0,VALUTA_taglio
Farmastelia,985005293,KINIMEL 30CPR,2,0.66,11,0,0,0,VALUTA_taglio
Farmastelia,985288430,LIPOSKIN BIOMA PHARCOS SPUMA,2,0.66,6,0,2.00,2,SPINGI_vende_rete15g
Farmastelia,985481047,FRANGIPANI PROFUMO 100ML,2,0.66,5,0,1.00,0,SPINGI_vende_rete15g
Farmastelia,985515384,ENERGINA PLUS 30BUST,2,0.66,5,0,0,0,VALUTA_taglio
Farmastelia,985722610,MULTINATURAL 30BUST,2,0.66,1,0,1.00,0,SPINGI_vende_rete15g
Farmastelia,985822511,REUMAVISC 20BUST,2,0.66,5,0,11.00,0,SPINGI_vende_rete15g
Farmastelia,985971959,NERVATIL 30BUST,2,0.66,99,0,0,0,VALUTA_taglio
Farmastelia,986088882,ZEN MINT SPIRIT OIL 100ML,2,0.66,3,0,1.00,0,SPINGI_vende_rete15g
Farmastelia,986581849,OSTEO P CALCIUM 60CPR,2,0.66,5,0,0,0,VALUTA_taglio
Farmastelia,986890921,TOBROMEL 400 60CPR,2,0.66,2,0,1.00,0,SPINGI_vende_rete15g
Farmastelia,987067042,SANAVITA MACROCOL PLUS 20BUST,2,0.66,8,0,10.00,0,SPINGI_vende_rete15g
Farmastelia,987264203,SERENITY CARE ZINCO SPRAY250ML,2,0.66,7,0,0,0,VALUTA_taglio
Farmastelia,987378597,NATALBEN PRIMA PLUS 30CPS,2,0.66,3,0,6.00,0,SPINGI_vende_rete15g
Farmastelia,987404682,VISCAPLUS PRP+ 6X12ML,2,0.66,13,0,24.00,12,SPINGI_vende_rete15g
Farmastelia,987418225,AQUAVIS SHAMPOO ANTICAD 150ML,2,0.66,1,1,0,46,CARRELLO
Farmastelia,987649771,NUTRIVA VISTALPLUS 30CPR,2,0.66,1,0,0,0,VALUTA_taglio
Farmastelia,987768999,GINCART 30CPR RIVESTITE,2,0.66,5,0,2.00,0,SPINGI_vende_rete15g
Farmastelia,987867140,ZREEN COLLAGENE POLVERE,2,0.66,7,0,3.00,0,SPINGI_vende_rete15g
Farmastelia,988027037,PAPIL DERMA CREMA 20ML,2,0.66,10,0,0,0,VALUTA_taglio
Farmastelia,988027936,PREP CREMA DERMOPROTETTIVA 75G,2,0.66,11,1,3.00,0,SPINGI_vende_rete15g
Farmastelia,988770285,EARBUDDY BLU,2,0.66,99,0,0,0,VALUTA_taglio
Farmastelia,988784955,POLYCURC 15STICKPACK,2,0.66,2,0,16.00,0,SPINGI_vende_rete15g
Farmastelia,988832111,YAMAMOTO R VIT K2+D3 60CPR,2,0.66,3,0,0,0,VALUTA_taglio
Farmastelia,988951644,PHYSIOMANCE LIPIDEOL3 60CPR,2,0.66,8,0,5.00,0,SPINGI_vende_rete15g
Farmastelia,989015185,KALANIT 3 60CPR S/ZUCCHERI,2,0.66,13,0,16.00,15,SPINGI_vende_rete15g
Farmastelia,989028473,ACMED PRO 30STICK,2,0.66,9,0,0,9,CARRELLO
Farmastelia,902596954,UROCLINNIX DET UROLOGICO 500ML,1,0.33,13,0,0,0,VALUTA_taglio
Farmastelia,930957067,OMK1 SOLUZIONE OFT STER 10ML,1,0.33,7,0,20.00,30,SPINGI_vende_rete15g
Farmastelia,983373061,PARODONTAX GENGIVE+ALITO EXTRA,1,0.33,9,1,0,0,VALUTA_taglio
Farmastelia,930967815,SURRENACT 60CPS,1,0.33,2,0,2.00,0,SPINGI_vende_rete15g
Farmastelia,983466362,DONNA PIU' 60CPS,1,0.33,99,0,0,2,CARRELLO
Farmastelia,983510191,HERICIUM 180PAST,1,0.33,1,0,0,0,VALUTA_taglio
Farmastelia,931027460,IALUTEC 30ML,1,0.33,7,0,6.00,0,SPINGI_vende_rete15g
Farmastelia,931033031,ACIDO IALURONICO CR VISO NO/SE,1,0.33,99,0,0,0,VALUTA_taglio
Farmastelia,931066132,LEGART 30CPR,1,0.33,7,0,0,8,CARRELLO
Farmastelia,931094472,LONGLIFE MARINE CARTILAGE90CPS,1,0.33,3,0,0,0,VALUTA_taglio
Farmastelia,931095309,EPAEPA 42CPR,1,0.33,6,0,0,0,VALUTA_taglio
Farmastelia,931114298,VEA MINILIPOGEL IDR PROT 10ML,1,0.33,5,0,1.00,10,SPINGI_vende_rete15g
Farmastelia,931114969,ETAS CONTORNO OCCHI 15ML,1,0.33,1,0,0,0,VALUTA_taglio
Farmastelia,983521194,BIOATTIVO OMEGA 7 60CPS,1,0.33,5,0,1.00,0,SPINGI_vende_rete15g
Farmastelia,931178356,SEBAMED LIQUIDO 200ML,1,0.33,8,0,1.00,0,SPINGI_vende_rete15g
Farmastelia,931204200,IALOCLEAN 30CPR OROSOLUBILI,1,0.33,11,0,0,0,VALUTA_taglio
Farmastelia,902578715,ARTIGLIO FORTE POMATA 100ML,1,0.33,5,0,2.00,0,SPINGI_vende_rete15g
Farmastelia,902578549,PS19 SHAMPOODOCCIA 200ML,1,0.33,9,0,0,0,VALUTA_taglio
Farmastelia,931503585,OTORIG GOCCE AURICOLARI 10ML,1,0.33,5,0,0,0,VALUTA_taglio
Farmastelia,983543188,PREP CREMA MANI RIPARATRICE,1,0.33,11,0,1.00,0,SPINGI_vende_rete15g
Farmastelia,931577922,TERMODREN 300ML,1,0.33,5,0,4.00,0,SPINGI_vende_rete15g
Farmastelia,931586349,NUOVI SALI SALSO 3BAUME 10BUST,1,0.33,4,0,7.00,2,SPINGI_vende_rete15g
Farmastelia,931586630,LONGLIFE OLIO FE M 1000MG60PRL,1,0.33,6,0,6.00,15,SPINGI_vende_rete15g
Farmastelia,931644417,HYDRATEE CR GG RIGEN FOTOP30ML,1,0.33,7,0,1.00,0,SPINGI_vende_rete15g
Farmastelia,931669523,BUONA ENERGIA ORO 10FL 10ML,1,0.33,10,0,1.00,0,SPINGI_vende_rete15g
Farmastelia,931770630,XIPHASE ZINC PASTA 50ML,1,0.33,3,0,0,0,VALUTA_taglio
Farmastelia,931770729,VISCRIN SHAMPOO 200ML,1,0.33,6,0,1.00,0,SPINGI_vende_rete15g
Farmastelia,983702301,SINTOS FORTE 15CPS,1,0.33,10,0,22.00,0,SPINGI_vende_rete15g
Farmastelia,931950493,LONGLIFE MELOGRANO 40% 90CPS,1,0.33,99,0,0,0,VALUTA_taglio
Farmastelia,925703237,ARNICA FORTE OLIO PURO 50ML,1,0.33,6,0,1.00,0,SPINGI_vende_rete15g
Farmastelia,925814232,ARNIGOLD ARNICA FORTE GEL 50ML,1,0.33,2,0,1.00,0,SPINGI_vende_rete15g
Farmastelia,925825200,LIFTACTIV SUPREME PNM 50ML,1,0.33,2,5,0,0,VALUTA_taglio
Farmastelia,982985451,AEROSOL KIT AIREASY ON,1,0.33,99,0,0,0,VALUTA_taglio
Farmastelia,925856472,AMINOTROFIC 14BUST,1,0.33,10,4,1.00,33,SPINGI_vende_rete15g
Farmastelia,925890776,CATETERE URETERO SIGMOID CH9,1,0.33,2,0,0,0,VALUTA_taglio
Farmastelia,925908966,CALOS D3 30CPR,1,0.33,6,0,0,0,VALUTA_taglio
Farmastelia,926024023,FERMENTA PLUS 7FL 10ML,1,0.33,7,0,2.00,0,SPINGI_vende_rete15g
Farmastelia,903055109,EUPHIDRA AMIDOMIO CREMA IDRAT,1,0.33,5,1,0,0,VALUTA_taglio
Farmastelia,982999118,DEFENCE SUN SPRAY TRANSP 50+,1,0.33,5,0,2.00,0,SPINGI_vende_rete15g
Farmastelia,926058658,KRIOIL 30CPS,1,0.33,5,0,0,9,CARRELLO
Farmastelia,983001645,VITAMINA D3 2000UI 30CPR,1,0.33,8,0,1.00,0,SPINGI_vende_rete15g
Farmastelia,926213176,MY NAILS KERATIN REPAIR FORTE,1,0.33,6,0,1.00,0,SPINGI_vende_rete15g
Farmastelia,902994817,STOPPER GRANULARE 20BUST,1,0.33,4,0,0,5,CARRELLO
Farmastelia,926246745,ARGFANGO DOLOR THERAPY ARGILLA,1,0.33,2,0,2.00,0,SPINGI_vende_rete15g
Farmastelia,902908615,STOP HEMO TAMPONE EMOSTATICO,1,0.33,6,2,1.00,0,SPINGI_vende_rete15g
Farmastelia,926476375,ULTIMATE BARR PROT COCCO 24PZ,1,0.33,1,0,0,20,CARRELLO
Farmastelia,926503006,CITOVIS CREMA 50ML,1,0.33,9,0,0,0,VALUTA_taglio
Farmastelia,926522602,CER PIC SOFFIX MED 15X8 5PZ,1,0.33,2,26,0,0,VALUTA_taglio
Farmastelia,926565021,CERAMOL GEL VISO 311 50ML,1,0.33,9,0,0,0,VALUTA_taglio
Farmastelia,926568876,OMEGA 3 ACT 540MG 60PRL MINI,1,0.33,6,0,0,0,VALUTA_taglio
Farmastelia,926647241,BOROX 50ML,1,0.33,5,0,1.00,0,SPINGI_vende_rete15g
Farmastelia,983036258,SOFARGEN REPAIR GEL MEDIC 25G,1,0.33,9,0,0,0,VALUTA_taglio
Farmastelia,926820818,MAGNESIUM NO STRESS 45CPR,1,0.33,7,0,0,0,VALUTA_taglio
Farmastelia,926821265,DOAGYN OIL DETERGENTE 250ML,1,0.33,3,0,5.00,0,SPINGI_vende_rete15g
Farmastelia,926834084,MIPROVEN CREMA 100ML,1,0.33,7,0,6.00,0,SPINGI_vende_rete15g
Farmastelia,926962729,ASHWAGANDHA POLVERE BIO,1,0.33,5,0,1.00,0,SPINGI_vende_rete15g
Farmastelia,927049041,TRIFOGLIO ROSSO 30CPS 15G,1,0.33,5,0,0,0,VALUTA_taglio
Farmastelia,927123950,CONDRO24 30CPR,1,0.33,12,0,0,-21,VALUTA_taglio
Farmastelia,927124103,HEPILOR COLLUTORIO 150ML,1,0.33,9,0,0,0,VALUTA_taglio
Farmastelia,902734476,EPATOMED 30CPR,1,0.33,5,0,0,0,VALUTA_taglio
Farmastelia,988043598,NAUZEN GOCCE 20ML,1,0.33,5,0,0,0,VALUTA_taglio
Farmastelia,983168966,EUTOPLAC AD ORAL 20BUST,1,0.33,1,0,0,0,VALUTA_taglio
Farmastelia,927291272,ESI PROPOLAID C 1000 20TAV EFF,1,0.33,6,0,9.00,0,SPINGI_vende_rete15g
Farmastelia,927295790,DIRENE PASTA 15ML,1,0.33,8,0,14.00,3,SPINGI_vende_rete15g
Farmastelia,927304473,PROCTEN CREMA 40ML,1,0.33,9,0,1.00,0,SPINGI_vende_rete15g
Farmastelia,927306631,PIC STRISCE GLUCOTEST 25PZ,1,0.33,7,0,0,0,VALUTA_taglio
Farmastelia,927306732,TOCASLIM CIOC/NOCC 20BUST,1,0.33,1,0,0,0,VALUTA_taglio
Farmastelia,927306896,TETRAGEN CPR,1,0.33,6,0,2.00,0,SPINGI_vende_rete15g
Farmastelia,927307379,ONONE GOCCE OCULARI 10ML,1,0.33,8,0,0,11,CARRELLO
Farmastelia,983173345,SERENITY PANN MUT SD EX S 30PZ,1,0.33,15,0,0,0,VALUTA_taglio
Farmastelia,927456424,CEFALSTOP 30CPR,1,0.33,6,0,6.00,0,SPINGI_vende_rete15g
Farmastelia,927493179,CALMA ANSIA NATUR MIX 30ML,1,0.33,99,0,0,0,VALUTA_taglio
Farmastelia,983191457,AUTAN DEFENSE GENTLE 100ML,1,0.33,10,0,0,0,VALUTA_taglio
Farmastelia,983274174,LINES SP DERM PAN MAXI XL 20PZ,1,0.33,6,0,1.00,0,SPINGI_vende_rete15g
Farmastelia,930099559,ALUSEB CREMA 30ML,1,0.33,11,1,2.00,9,SPINGI_vende_rete15g
Farmastelia,930187505,ZARED 60CPS,1,0.33,8,0,0,0,VALUTA_taglio
Farmastelia,930214503,ALKALOS A 120CPR,1,0.33,12,0,0,0,VALUTA_taglio
Farmastelia,930242274,NARIVENT SPR NAS ANTIEDEMIGENO,1,0.33,7,0,1.00,0,SPINGI_vende_rete15g
Farmastelia,930267695,NICOTINAMIDE REDERMA CREMA40ML,1,0.33,9,0,0,0,VALUTA_taglio
Farmastelia,930276769,"YABRO 10F 3ML AC IALUR 0,3%",1,0.33,8,0,1.00,0,SPINGI_vende_rete15g
Farmastelia,983364478,MAGNESIUM COMPOSITUM POLV 500G,1,0.33,6,0,9.00,0,SPINGI_vende_rete15g
Farmastelia,930381494,NEPETASATIVA MACERATO CAIRA,1,0.33,2,0,0,0,VALUTA_taglio
Farmastelia,930501984,TRAUMI GEL MINERALE 150G,1,0.33,6,0,2.00,0,SPINGI_vende_rete15g
Farmastelia,930502075,ARTROSI FANGO MINER 5BUST 150G,1,0.33,7,0,0,0,VALUTA_taglio
Farmastelia,983364516,MAGNESIUM COMPOSITUM-T 400PAST,1,0.33,8,0,1.00,-4,SPINGI_vende_rete15g
Farmastelia,930529375,NEUKRON OFTA MESE 30FL 10ML,1,0.33,10,0,1.00,0,SPINGI_vende_rete15g
Farmastelia,902711581,DINABASE 7 ADESIVO DENTIERE,1,0.33,3,0,3.00,5,SPINGI_vende_rete15g
Farmastelia,930550429,VISUCOMPLEX 30CPS,1,0.33,6,0,1.00,0,SPINGI_vende_rete15g
Farmastelia,930612306,DEFENCE MAN SCHIUMA BARBA200ML,1,0.33,5,0,2.00,0,SPINGI_vende_rete15g
Farmastelia,983372970,ESI LE DIECI ERBE GEL PSIL20BU,1,0.33,4,0,8.00,0,SPINGI_vende_rete15g
Farmastelia,930629454,MULTIFOLICO DHA 30CPS+30CPR,1,0.33,6,0,0,0,VALUTA_taglio
Farmastelia,902664313,GALEGA SOMMITA TT 100G,1,0.33,8,0,0,0,VALUTA_taglio
Farmastelia,930864689,LONGLIFE MEMORY PLUS 30CPS,1,0.33,99,0,0,0,VALUTA_taglio
Farmastelia,983703707,OMEGA 3 LIFE 120PRL,1,0.33,6,0,0,0,VALUTA_taglio
Farmastelia,932084890,NORMOIMMUNO 30CPS,1,0.33,6,0,0,0,VALUTA_taglio
Farmastelia,983740034,EFFACLAR H ISO BIOME LAV 200ML,1,0.33,6,1,0,0,VALUTA_taglio
Farmastelia,932201320,ARIFER GOCCE 30ML,1,0.33,6,0,0,0,VALUTA_taglio
Farmastelia,932246426,BIATAIN ALGINATE AG 10X10 10PZ,1,0.33,9,0,0,0,VALUTA_taglio
Farmastelia,902535994,ORSOVIT CARAM GOMM S/GLUT 60PZ,1,0.33,10,1,0,0,VALUTA_taglio
Farmastelia,983746025,FORMULA COLLAGENE 10FL 12ML,1,0.33,1,4,0,20,CARRELLO
Farmastelia,932521216,RESCUE ORIG NIGHT S/ALCOL 20ML,1,0.33,10,0,0,0,VALUTA_taglio
Farmastelia,932646755,XDRENA 250ML,1,0.33,5,0,4.00,0,SPINGI_vende_rete15g
Farmastelia,902508629,LIVOMAP 60CPR,1,0.33,7,0,0,0,VALUTA_taglio
Farmastelia,932652629,NATURE'S SOL DOPOSOLE 200ML,1,0.33,6,0,0,0,VALUTA_taglio
Farmastelia,932677533,PROSTAFLOG 30CPR FILMATE,1,0.33,11,0,6.00,23,SPINGI_vende_rete15g
Farmastelia,932707565,ACCU-CHEK AVIVA 25STR,1,0.33,14,1,0,0,VALUTA_taglio
Farmastelia,932709809,PLURAMIN12 ADVANCED 14BUST,1,0.33,8,0,1.00,22,SPINGI_vende_rete15g
Farmastelia,932776418,CORACTIV 50PRL,1,0.33,9,0,4.00,0,SPINGI_vende_rete15g
Farmastelia,983775851,KALANIT FORTE LIM 14BUST S/ZUC,1,0.33,12,0,24.00,23,SPINGI_vende_rete15g
Farmastelia,983784113,VIVIN TOSSE COMPLETE 150ML,1,0.33,10,0,0,0,VALUTA_taglio
Farmastelia,933061968,ZAFEURETINAL 20CPR,1,0.33,11,0,0,0,VALUTA_taglio
Farmastelia,983791221,DELTACRIN WNT SPR PHARCOS125ML,1,0.33,8,0,0,16,CARRELLO
Farmastelia,983801630,ZYMEREX COLON E STRESS 24CPR,1,0.33,11,0,1.00,0,SPINGI_vende_rete15g
Farmastelia,984145084,RISO ROSSO FERMENTATO 100CPR,1,0.33,5,0,0,0,VALUTA_taglio
Farmastelia,933783944,COLIPEX CR 30X2ML,1,0.33,8,0,0,0,VALUTA_taglio
Farmastelia,933905022,DESTASI FORTE VEN 20CPR,1,0.33,10,0,0,0,VALUTA_taglio
Farmastelia,933906339,POLASE LIMONE 12BUST,1,0.33,8,0,0,0,VALUTA_taglio
Farmastelia,933915086,EYVET CREMA 15ML,1,0.33,4,0,1.00,0,SPINGI_vende_rete15g
Farmastelia,988050415,NEODISMEN 30CPR,1,0.33,2,0,0,0,VALUTA_taglio
Farmastelia,933944884,PERGILL KOMBO 40CPR,1,0.33,4,0,0,0,VALUTA_taglio
Farmastelia,984209484,ZENIL 14BUST,1,0.33,4,0,2.00,0,SPINGI_vende_rete15g
Farmastelia,933953578,CORTIPET 50ML,1,0.33,6,0,1.00,0,SPINGI_vende_rete15g
Farmastelia,934013172,PROLIFE LACTOBACILLI 10FL 8ML,1,0.33,10,0,10.00,0,SPINGI_vende_rete15g
Farmastelia,934027499,KRILL OMEGA PET RECOVERY120PRL,1,0.33,7,0,1.00,0,SPINGI_vende_rete15g
Farmastelia,902484171,ANGIOVEIN 20CPS GELATINA,1,0.33,4,0,8.00,0,SPINGI_vende_rete15g
Farmastelia,934196876,LONGLIFE MULTIMINERALS 60TAV,1,0.33,5,0,0,0,VALUTA_taglio
Farmastelia,934388632,IVUXUR 14BUST,1,0.33,12,0,9.00,0,SPINGI_vende_rete15g
Farmastelia,984321822,PURE ENCAPSUL CAP/P/UN 90CPS,1,0.33,11,0,0,10,CARRELLO
Farmastelia,934406137,MIRAMAG-K LEMON 20BUST,1,0.33,6,0,3.00,0,SPINGI_vende_rete15g
Farmastelia,934408687,BIOTHYMUS AC ACT U SH ENERG,1,0.33,8,0,0,0,VALUTA_taglio
Farmastelia,934435165,MASK PLUS GEL 50ML,1,0.33,12,0,1.00,0,SPINGI_vende_rete15g
Farmastelia,934503374,OXAFORT 18BUST,1,0.33,10,0,6.00,0,SPINGI_vende_rete15g
Farmastelia,934533922,HUBNER ORIGIN SILIC PLUS 500ML,1,0.33,6,0,1.00,0,SPINGI_vende_rete15g
Farmastelia,934545423,PRINCIPIUM EPA-3 FISH 90CPS,1,0.33,8,0,18.00,0,SPINGI_vende_rete15g
Farmastelia,934560032,INFLOG 5 30CPR,1,0.33,6,0,4.00,0,SPINGI_vende_rete15g
Farmastelia,902473281,MIRTILLO ESTRATTO SECCO 60CPR,1,0.33,3,0,0,0,VALUTA_taglio
Farmastelia,934786447,SIRINGA INS VET 40UI/ML 30PZ,1,0.33,7,0,0,10,CARRELLO
Farmastelia,934817659,OSMIN TOP PALPEBRE 15ML,1,0.33,10,0,0,14,CARRELLO
Farmastelia,934842992,LENIPER 20CPS MOLLI,1,0.33,99,0,0,0,VALUTA_taglio
Farmastelia,934865421,CERAMOL OLIO DETERGENTE 400ML,1,0.33,10,0,34.00,10,SPINGI_vende_rete15g
Farmastelia,934867286,LONGLIFE RENJUVA 100CPS,1,0.33,9,0,0,0,VALUTA_taglio
Farmastelia,934902952,CERAMOL BASE LAVANTE SCH 400ML,1,0.33,7,0,6.00,21,SPINGI_vende_rete15g
Farmastelia,984412332,CERAMOL CREMABASE XR 311 450ML,1,0.33,9,0,7.00,0,SPINGI_vende_rete15g
Farmastelia,934976010,FILME OTO SPR AURICOL 20ML,1,0.33,16,1,1.00,0,SPINGI_vende_rete15g
Farmastelia,984499261,ACTIVE PET ARTICOLAZIONI 60CPR,1,0.33,4,0,3.00,3,SPINGI_vende_rete15g
Farmastelia,935017285,UROCS 60CPR,1,0.33,10,0,3.00,8,SPINGI_vende_rete15g
Farmastelia,935054041,LONGLIFE L-GLUTATHIONE 50MG90C,1,0.33,6,0,0,0,VALUTA_taglio
Farmastelia,935057214,"BIOKAP NUTRIC 1,0 NERO",1,0.33,3,0,5.00,0,SPINGI_vende_rete15g
Farmastelia,984557557,ESI GO UP GINSENG 10FL,1,0.33,8,0,2.00,0,SPINGI_vende_rete15g
Farmastelia,935057327,"BIOKAP NUTRIC 6,3 BIO ORO SCU",1,0.33,1,0,0,1,CARRELLO
Farmastelia,984573838,GLUTATIONE FORTE SALUGEA 60CPS,1,0.33,11,0,0,0,VALUTA_taglio
Farmastelia,935129837,CARDIOSIDERAL 20CPS,1,0.33,11,1,2.00,13,SPINGI_vende_rete15g
Farmastelia,984575769,OMEGA NOBILE 60SOFTGEL,1,0.33,3,0,4.00,45,SPINGI_vende_rete15g
Farmastelia,984594402,CISTILEN 14STICK,1,0.33,7,0,0,0,VALUTA_taglio
Farmastelia,935228902,XERIAL 30 CREMA PIEDI 50ML,1,0.33,13,0,2.00,0,SPINGI_vende_rete15g
Farmastelia,935258525,PRINCIPIUM BROMELINA 30CPS,1,0.33,12,0,1.00,6,SPINGI_vende_rete15g
Farmastelia,935272791,LIBERVIS ENERGY ARANCIA 20BUST,1,0.33,99,0,0,0,VALUTA_taglio
Farmastelia,935277689,CICADIANE CR 40ML,1,0.33,6,0,0,0,VALUTA_taglio
Farmastelia,935322204,OFTAMED'S SPR OCUL IALUR 10ML,1,0.33,4,0,0,11,CARRELLO
Farmastelia,988095826,STOMEK SOSPENSIONE 50ML,1,0.33,8,0,4.00,12,SPINGI_vende_rete15g
Farmastelia,935407433,"SINOVIAL 16 SIR INTRA-ART 0,8%",1,0.33,99,0,0,0,VALUTA_taglio
Farmastelia,935479244,COLEPAN FAST 20CPR,1,0.33,3,0,0,0,VALUTA_taglio
Farmastelia,902401254,MSM ZOLFO 90CPS,1,0.33,10,0,0,0,VALUTA_taglio
Farmastelia,935513414,GOFERTIL 30CPR,1,0.33,9,0,0,0,VALUTA_taglio
Farmastelia,935524975,CARDIOVIS PRESSIONE 30CPS,1,0.33,4,0,0,20,CARRELLO
Farmastelia,935538583,TRIKO FORTE SHAMPOO BRADERM,1,0.33,8,0,0,0,VALUTA_taglio
Farmastelia,935569133,SOLIVEN 30CPS BIOSLINE,1,0.33,1,0,3.00,0,SPINGI_vende_rete15g
Farmastelia,935586331,MOLLUSKIN 10 GEL 5ML,1,0.33,2,0,0,2,CARRELLO
Farmastelia,935601144,NATURE'S SOL CREMA SPF25 150ML,1,0.33,6,0,1.00,0,SPINGI_vende_rete15g
Farmastelia,984645059,CERAVE SIERO ANTI SEGNI RETIN,1,0.33,10,2,2.00,0,SPINGI_vende_rete15g
Farmastelia,902298140,B COMPLEX 60CPR,1,0.33,6,0,0,0,VALUTA_taglio
Farmastelia,984649501,SWISSE JUNIOR MULTIVIT GUMMY,1,0.33,9,0,0,0,VALUTA_taglio
Farmastelia,984654285,FERROSTICK 30STICK,1,0.33,4,0,0,9,CARRELLO
Farmastelia,935633964,LONGLIFE CARCIOFO 60CPS VEG,1,0.33,4,0,1.00,0,SPINGI_vende_rete15g
Farmastelia,935679959,GRAN MAGNESIO 30CPR,1,0.33,1,0,3.00,0,SPINGI_vende_rete15g
Farmastelia,988124703,SLIM ACT BRUCIA GRASSI 30CPR,1,0.33,12,0,2.00,0,SPINGI_vende_rete15g
Farmastelia,984705792,SCREENVET PANLEUCOPENIA TEST,1,0.33,3,0,0,0,VALUTA_taglio
Farmastelia,984746103,COGNIZANT 10FL 10ML,1,0.33,8,0,34.00,20,SPINGI_vende_rete15g
Farmastelia,935780522,CARNERA 1000 LEMON 18BUST,1,0.33,5,0,4.00,0,SPINGI_vende_rete15g
Farmastelia,984775597,NATURMIL BOSWELLIA+CURCUM90CPR,1,0.33,4,0,0,0,VALUTA_taglio
Farmastelia,935793075,LONGLIFE MACA 60CPS VEGETALI,1,0.33,9,0,0,0,VALUTA_taglio
Farmastelia,935800209,"BLUYAL A MONODOSE 15FL 0,35ML",1,0.33,6,0,0,23,CARRELLO
Farmastelia,935808927,IRIDIL SALV LAVAOCCHI 28PZ,1,0.33,3,0,0,0,VALUTA_taglio
Farmastelia,935810960,VAGISIL INTIMA GEL IDRAT MONOD,1,0.33,9,0,3.00,0,SPINGI_vende_rete15g
Farmastelia,935836751,ACNIBEN REPAIR IDRATANTE GEL,1,0.33,12,0,2.00,0,SPINGI_vende_rete15g
Farmastelia,902267210,POTENTIAL N KAPPA 60CPS,1,0.33,5,0,0,0,VALUTA_taglio
Farmastelia,935962896,CARDIOLIPID 10 20BUST,1,0.33,5,0,0,0,VALUTA_taglio
Farmastelia,937030892,NOVA PROST 30CPS SOFTGEL,1,0.33,9,0,1.00,0,SPINGI_vende_rete15g
Farmastelia,988255156,KRON SOLUZIONE ORALE 300ML,1,0.33,8,0,2.00,19,SPINGI_vende_rete15g
Farmastelia,937415762,BAGNODOCCIA DOPOSOLE PROL ABBR,1,0.33,4,0,3.00,0,SPINGI_vende_rete15g
Farmastelia,984790321,KANADOL PASTA 30G,1,0.33,8,0,4.00,0,SPINGI_vende_rete15g
Farmastelia,938087311,PROXANA PLUS 15CPS MOLLI,1,0.33,9,0,5.00,11,SPINGI_vende_rete15g
Farmastelia,938132192,GASTROTUSS ANTIREFLUSSO 30CPR,1,0.33,3,0,3.00,7,SPINGI_vende_rete15g
Farmastelia,938146242,KLAMIN 20CPR,1,0.33,3,0,9.00,0,SPINGI_vende_rete15g
Farmastelia,938260813,ANANAS FITOCOMPLESSO 50OPR,1,0.33,8,0,0,0,VALUTA_taglio
Farmastelia,902244666,CONVEEN SEC+ SACCA500 30CM 8PZ,1,0.33,3,0,0,0,VALUTA_taglio
Farmastelia,938398563,MICONAL UNGHIE SOL BARRI FUNGH,1,0.33,8,0,0,0,VALUTA_taglio
Farmastelia,938458623,SILIGLUT 20CPS,1,0.33,6,0,0,8,CARRELLO
Farmastelia,902183072,VEA MARSIGLIA SAP NAT 100G,1,0.33,8,0,0,11,CARRELLO
Farmastelia,938467545,MAGNESIO CLORURO POLV 500G,1,0.33,5,0,0,0,VALUTA_taglio
Farmastelia,902171495,IALUSOL GOCCE OCULARI 15ML,1,0.33,10,0,0,0,VALUTA_taglio
Farmastelia,901925230,FISIAN DET CUTE/MUCOSE 500ML,1,0.33,7,0,4.00,6,SPINGI_vende_rete15g
Farmastelia,938699194,LINEA D CREMA PIEDI RISTRUTTUR,1,0.33,99,0,0,0,VALUTA_taglio
Farmastelia,984791956,LEVELIPDUO PLUS 28STICK,1,0.33,10,0,12.00,0,SPINGI_vende_rete15g
Farmastelia,938769205,AVIRPLAX 30CPR,1,0.33,9,0,0,11,CARRELLO
Farmastelia,901924795,CK PROMIN AC ASCORB+BICARB 200,1,0.33,5,0,0,0,VALUTA_taglio
Farmastelia,938778887,AVENE HYDRANCE CREMA RICCA40ML,1,0.33,99,0,0,0,VALUTA_taglio
Farmastelia,938796012,ETAS CREMA VISO 50ML,1,0.33,10,0,10.00,0,SPINGI_vende_rete15g
Farmastelia,938872292,DIUREVASE 60CPR 750MG,1,0.33,5,0,4.00,0,SPINGI_vende_rete15g
Farmastelia,938911308,FLORABALANCE ACTIVE 30CPS,1,0.33,4,0,0,0,VALUTA_taglio
Farmastelia,938973118,SENSODYNE REPAIR&PROTECT,1,0.33,9,0,0,8,CARRELLO
Farmastelia,901741241,MIGLIOCRES 60CPS,1,0.33,1,0,0,0,VALUTA_taglio
Farmastelia,939029967,NAVIBLEF DAILY CARE 50ML,1,0.33,11,0,4.00,10,SPINGI_vende_rete15g
Farmastelia,901713990,PASTA EUROSPITAL PROT 100ML,1,0.33,8,0,0,0,VALUTA_taglio
Farmastelia,901603821,"ALLEVYN ADHESIVE 7,5X7,5CM 3ME",1,0.33,6,0,0,0,VALUTA_taglio
Farmastelia,939126203,OZIDERM PLUS MAXI VISO/CORPO,1,0.33,6,0,2.00,0,SPINGI_vende_rete15g
Farmastelia,939312878,OMNISKIN 500 OLIO 500ML,1,0.33,11,0,0,0,VALUTA_taglio
Farmastelia,939356578,TRISAL C 20BUST,1,0.33,6,0,2.00,0,SPINGI_vende_rete15g
Farmastelia,901538417,LACCA ESTRATTO MIGLIO 150ML,1,0.33,4,0,0,0,VALUTA_taglio
Farmastelia,939462089,FOLAVIT 30CPR,1,0.33,12,0,0,0,VALUTA_taglio
Farmastelia,939483968,NORMOSPOR 20CPR 1G,1,0.33,5,0,2.00,0,SPINGI_vende_rete15g
Farmastelia,939635292,"MACULIFE 20CPS 24,28G",1,0.33,6,0,1.00,0,SPINGI_vende_rete15g
Farmastelia,939674863,BIOLACTINE TRAVEL FORTE 24CPS,1,0.33,10,0,6.00,0,SPINGI_vende_rete15g
Farmastelia,939851806,PROCLAR 20CPS,1,0.33,4,0,0,7,CARRELLO
Farmastelia,939942393,INOSIFAST 4 21BUST,1,0.33,8,0,0,0,VALUTA_taglio
Farmastelia,939969933,GRAVIDAN 60CPR GASTROPROTETTE,1,0.33,4,0,0,0,VALUTA_taglio
Farmastelia,901466957,SENSIBIO H2O SOL MICELL 250ML,1,0.33,11,0,11.00,0,SPINGI_vende_rete15g
Farmastelia,940083470,BROMELINA PLUS 500 60CPS,1,0.33,5,0,2.00,0,SPINGI_vende_rete15g
Farmastelia,940085160,FOTOULTRA ACTIVE UNIFY SPF50+,1,0.33,10,0,2.00,0,SPINGI_vende_rete15g
Farmastelia,940094105,BIOKAP B SHAMPOO A/FORF TRIC,1,0.33,6,0,1.00,0,SPINGI_vende_rete15g
Farmastelia,984871145,PEDIAFER PLUS GOCCE 15ML,1,0.33,6,0,2.00,0,SPINGI_vende_rete15g
Farmastelia,940275009,LIFTACTIV COLLAGEN S 16 CR RIC,1,0.33,99,1,0,0,VALUTA_taglio
Farmastelia,940424765,DICOFLOR COMPLEX 12FL 10ML,1,0.33,12,0,0,0,VALUTA_taglio
Farmastelia,940431012,VITA B7 50CPS VEGETALI,1,0.33,9,0,7.00,0,SPINGI_vende_rete15g
Farmastelia,940472071,"BIOKAP NUTRIC DEL RAP 7,0 BIO",1,0.33,4,0,0,0,VALUTA_taglio
Farmastelia,940489483,MASTIHA DI CHIOS PURO 50G,1,0.33,8,0,1.00,0,SPINGI_vende_rete15g
Farmastelia,940489495,MASTIHA DI CHIOS PURO 90CPR,1,0.33,6,0,0,15,CARRELLO
Farmastelia,940524186,POLIDAL 75 20CPR,1,0.33,10,0,2.00,24,SPINGI_vende_rete15g
Farmastelia,940532548,SYALOX 300 PLUS 30CPR TRIPLO S,1,0.33,5,0,14.00,12,SPINGI_vende_rete15g
Farmastelia,901430672,MAN SUPPORT 15COT GAMB 15 NE 5,1,0.33,9,0,3.00,0,SPINGI_vende_rete15g
Farmastelia,940536016,AMINOMS 30BUST,1,0.33,6,0,2.00,0,SPINGI_vende_rete15g
Farmastelia,984880930,BONASE 20BUST,1,0.33,9,0,0,0,VALUTA_taglio
Farmastelia,940569306,NAZAR SPRAY NASALE DECONG 20ML,1,0.33,99,0,0,0,VALUTA_taglio
Farmastelia,941013916,IRIDINA HYDRA REPAIR GTT OCUL,1,0.33,8,0,20.00,10,SPINGI_vende_rete15g
Farmastelia,941079055,ARTIKRILL DOL CANE 200PRL,1,0.33,7,0,110.00,0,SPINGI_vende_rete15g
Farmastelia,901374912,MALVA MUCILLAGINE 200ML,1,0.33,3,0,0,0,VALUTA_taglio
Farmastelia,941155893,PROIDEMA DREN 200ML,1,0.33,9,0,6.00,0,SPINGI_vende_rete15g
Farmastelia,941166757,VENAFLUX VITI 30CPR,1,0.33,11,0,9.00,0,SPINGI_vende_rete15g
Farmastelia,941190718,PRINCIPIUM D3 2000 GOCCE 50ML,1,0.33,7,0,5.00,20,SPINGI_vende_rete15g
Farmastelia,941435962,SEPARATORE DOPPIO ANELLO 3/4/5,1,0.33,9,0,0,0,VALUTA_taglio
Farmastelia,984898698,FLOGEST 600 30CPR,1,0.33,3,0,0,3,CARRELLO
Farmastelia,941614240,LONGLIFE PEA 60CPS VEGETALI,1,0.33,4,0,1.00,0,SPINGI_vende_rete15g
Farmastelia,941693715,VITACALM ANSISTOP 60CPR,1,0.33,6,0,12.00,0,SPINGI_vende_rete15g
Farmastelia,941693739,ENERPLUS REINTEGRA NF 10BUST,1,0.33,99,0,0,0,VALUTA_taglio
Farmastelia,941745453,LONGLIFE CLORELLA BIO 60CPS,1,0.33,8,0,1.00,0,SPINGI_vende_rete15g
Farmastelia,941802290,TAUMAG FORTE 60CPS,1,0.33,1,0,0,0,VALUTA_taglio
Farmastelia,984904882,EON-DK2 GOCCE 30ML,1,0.33,3,0,2.00,0,SPINGI_vende_rete15g
Farmastelia,941972236,INOFOLIC HP 20BUST,1,0.33,11,0,8.00,12,SPINGI_vende_rete15g
Farmastelia,941992822,VITICIST DETERGENTE INTIMO LEN,1,0.33,11,0,4.00,0,SPINGI_vende_rete15g
Farmastelia,942130105,SCABIACID COSMETIC DETERGENTE,1,0.33,7,0,1.00,0,SPINGI_vende_rete15g
Farmastelia,942296536,MICONICON PHARCOS 4ML,1,0.33,9,0,0,0,VALUTA_taglio
Farmastelia,984905000,PHYSIOGEL SOLLIEVO CALM CR R/I,1,0.33,6,0,0,11,CARRELLO
Farmastelia,942602614,MGK VIS ORANGE 15BUST,1,0.33,15,0,10.00,0,SPINGI_vende_rete15g
Farmastelia,942627314,ZAKVIR 3000 20BUST,1,0.33,6,0,7.00,0,SPINGI_vende_rete15g
Farmastelia,984910366,FOTOKER POST PHARCOS 50ML,1,0.33,5,0,2.00,10,SPINGI_vende_rete15g
Farmastelia,988288623,PROZINC SIR INS VETE 1ML 120PZ,1,0.33,4,0,0,14,CARRELLO
Farmastelia,942709989,RIVIGEN OLIGO SHAMPOO CAP GRAS,1,0.33,5,0,1.00,0,SPINGI_vende_rete15g
Farmastelia,942733357,BRONCOSITOL SOL AEROS 10F 3ML,1,0.33,6,0,2.00,19,SPINGI_vende_rete15g
Farmastelia,901179010,TIMODORE POLVERE 75G,1,0.33,11,1,0,0,VALUTA_taglio
Farmastelia,985000645,ANTHELIOS FLUIDO OIL C/PROF50+,1,0.33,8,0,0,0,VALUTA_taglio
Farmastelia,942808167,ALTIAL PLUS GOCCE OCULARI 10ML,1,0.33,5,0,12.00,0,SPINGI_vende_rete15g
Farmastelia,942819412,FERTASK 20STICK PACK,1,0.33,3,0,3.00,0,SPINGI_vende_rete15g
Farmastelia,942833284,ISDIN SI NAILS LACCA UNG PENNA,1,0.33,12,0,1.00,0,SPINGI_vende_rete15g
Farmastelia,901156758,ALKAGIN POLVERE INTIMA 100G,1,0.33,5,0,2.00,0,SPINGI_vende_rete15g
Farmastelia,985009416,PHOTODERM AQUAFLUID SPF50+40ML,1,0.33,99,0,0,0,VALUTA_taglio
Farmastelia,988654671,NUTILIS CLEAR 175G,1,0.33,7,0,5.00,0,SPINGI_vende_rete15g
Farmastelia,943227381,OZODROP IVT LIPOZONEYE SOL15PZ,1,0.33,4,0,0,10,CARRELLO
Farmastelia,985387998,OMNI BIOTIC COLONIZE 28BUST,1,0.33,8,0,3.00,0,SPINGI_vende_rete15g
Farmastelia,988656981,DISBIOLINE DIGENZYM AB 30CPR,1,0.33,9,0,0,0,VALUTA_taglio
Farmastelia,985495581,VITAMINOIL D 15ML,1,0.33,99,0,0,0,VALUTA_taglio
Farmastelia,900976135,ULTRA TWO MULTIVIT 90TAV,1,0.33,99,0,0,0,VALUTA_taglio
Farmastelia,943314928,BIOCORTENA FLUIDO P SENS 400ML,1,0.33,5,0,1.00,0,SPINGI_vende_rete15g
Farmastelia,985495720,AKTIVAIT M&L BREED 60CPR,1,0.33,7,0,0,15,CARRELLO
Farmastelia,900975739,MEGA B100 60TAV,1,0.33,99,0,0,0,VALUTA_taglio
Farmastelia,943319273,PRINCIPIUM COLLAGENE MAR20BUST,1,0.33,12,0,1.00,10,SPINGI_vende_rete15g
Farmastelia,943327395,VITA METAFOLIC 50TAV,1,0.33,9,0,3.00,0,SPINGI_vende_rete15g
Farmastelia,943370864,FLORAMADRE 14BUST,1,0.33,8,0,0,0,VALUTA_taglio
Farmastelia,943372843,PRINCIPIUM B12 1000 60CPR SUBL,1,0.33,8,0,4.00,0,SPINGI_vende_rete15g
Farmastelia,985499995,REDISOLV 14BUST,1,0.33,8,0,3.00,18,SPINGI_vende_rete15g
Farmastelia,943779013,ASTAR 3D 60CPS MOLLI,1,0.33,13,0,4.00,52,SPINGI_vende_rete15g
Farmastelia,943788442,"VERRUTOP 4F 0,10ML",1,0.33,7,0,0,0,VALUTA_taglio
Farmastelia,900961210,OLIO 31 FORMULA ORIG USO ESTER,1,0.33,3,0,0,0,VALUTA_taglio
Farmastelia,985501523,RILASTIL DAILY CARE LATTE DET,1,0.33,2,0,0,0,VALUTA_taglio
Farmastelia,944008630,URISTON GOLD 28BUST,1,0.33,7,0,3.00,0,SPINGI_vende_rete15g
Farmastelia,900924275,PERISTEEN ANALPLUG 13/45MM 10P,1,0.33,4,0,0,0,VALUTA_taglio
Farmastelia,944102122,RIBES PET ULTRA PASTA 30G,1,0.33,3,0,2.00,14,SPINGI_vende_rete15g
Farmastelia,944105004,TIOCETILE 30CPR,1,0.33,99,0,0,0,VALUTA_taglio
Farmastelia,944137518,GERMISDIN IGIENE CORPO ORIG 1L,1,0.33,8,0,0,0,VALUTA_taglio
Farmastelia,985501713,"SOS OCCHI 0,5% GEL OFTALMICO",1,0.33,99,0,0,0,VALUTA_taglio
Farmastelia,944324223,TOPIKA PASTA ALL'ACQUA 250ML,1,0.33,4,0,1.00,0,SPINGI_vende_rete15g
Farmastelia,900762079,REV DERMOSCHIUMA 125ML,1,0.33,3,0,0,0,VALUTA_taglio
Farmastelia,900729664,QUOTIDIANA ANTIODORANTE 30ML,1,0.33,7,0,2.00,0,SPINGI_vende_rete15g
Farmastelia,900531118,MUTANDA ERNIA C/CUSC 5,1,0.33,6,0,0,0,VALUTA_taglio
Farmastelia,944778113,ROUGJ SOLARE SPF30 100ML,1,0.33,7,1,0,0,VALUTA_taglio
Farmastelia,985501764,QRECTAL GEL RETTALE 30ML,1,0.33,8,0,0,14,CARRELLO
Farmastelia,900427636,KIRON ARGEA ARGILLA 250ML,1,0.33,12,0,1.00,0,SPINGI_vende_rete15g
Farmastelia,944885767,DIXYPRO HP CIOCCOLATO 20BUST,1,0.33,9,0,1.00,0,SPINGI_vende_rete15g
Farmastelia,944889322,MIBRA 10STICK PACK,1,0.33,6,0,8.00,11,SPINGI_vende_rete15g
Farmastelia,900411188,MOST CREMA LENITIVA 50ML,1,0.33,5,0,3.00,0,SPINGI_vende_rete15g
Farmastelia,985512250,AVENE DEO BODY EFFICACIA 24H,1,0.33,12,0,1.00,8,SPINGI_vende_rete15g
Farmastelia,944910138,PRINCIPIUM MAGNESIO COMP 200G,1,0.33,9,0,1.00,12,SPINGI_vende_rete15g
Farmastelia,988749368,BIOFLAVOVIS 80PAST,1,0.33,4,0,0,0,VALUTA_taglio
Farmastelia,944959206,MULTI 45 50CPR,1,0.33,2,0,0,0,VALUTA_taglio
Farmastelia,944959218,MULTI 45 100CPR,1,0.33,4,0,11.00,0,SPINGI_vende_rete15g
Farmastelia,945030765,PRONTO RECUPERO PLUS 24BUST,1,0.33,5,0,1.00,0,SPINGI_vende_rete15g
Farmastelia,945032225,LONGLIFE MAGNESIUM 375 CARDIO,1,0.33,3,0,0,0,VALUTA_taglio
Farmastelia,945035285,REFALT 600 20STICK PACK,1,0.33,11,1,18.00,0,SPINGI_vende_rete15g
Farmastelia,945055073,PRINCIPIUM FLORBIOMA 24CPR,1,0.33,8,0,3.00,0,SPINGI_vende_rete15g
Farmastelia,985571037,HYALU B5 SIERO OCCHI 15ML,1,0.33,5,8,0,8,CARRELLO
Farmastelia,945184861,CAL D CITRATO 60TAV,1,0.33,9,0,0,0,VALUTA_taglio
Farmastelia,985575430,INAD 30CPR,1,0.33,9,0,1.00,0,SPINGI_vende_rete15g
Farmastelia,945293431,VITA B8 100TAV,1,0.33,10,0,1.00,0,SPINGI_vende_rete15g
Farmastelia,945293443,GENIROSE PLUS 60TAV,1,0.33,6,0,1.00,0,SPINGI_vende_rete15g
Farmastelia,947050858,FLAVONIL 600 30CPR,1,0.33,6,0,4.00,0,SPINGI_vende_rete15g
Farmastelia,900314752,ACTIMOUSSE SCHIUMA DETERGENTE,1,0.33,6,0,7.00,0,SPINGI_vende_rete15g
Farmastelia,947090698,BUONERBE LIBERA POLVERE 100G,1,0.33,6,0,0,0,VALUTA_taglio
Farmastelia,947090837,EUKOM 1000 40BUST OROSOLUBILI,1,0.33,9,0,10.00,0,SPINGI_vende_rete15g
Farmastelia,947096626,REUTERAL PET GATTO GOCCE 10ML,1,0.33,1,0,30.00,52,SPINGI_vende_rete15g
Farmastelia,947123600,LITOBLOCK 30BUST,1,0.33,6,0,0,23,CARRELLO
Farmastelia,985581836,LATTASI FAST ORO 40CPR,1,0.33,9,0,0,0,VALUTA_taglio
Farmastelia,900285065,PHYSIOGEL AI CREMA LENITIVA,1,0.33,4,0,0,0,VALUTA_taglio
Farmastelia,900095769,MELIVEN PLUS 20SOFTGEL,1,0.33,99,0,23.00,0,SPINGI_vende_rete15g
Farmastelia,985592916,ANACAPS REACTIV CAP OCCAS30CPS,1,0.33,12,0,3.00,0,SPINGI_vende_rete15g
Farmastelia,947222170,ZETAVIT MAGNESIO POTASSIO ADV,1,0.33,12,0,0,20,CARRELLO
Farmastelia,947237653,DERMOLIVO GEL VAGINALE 5FX3ML,1,0.33,5,0,0,0,VALUTA_taglio
Farmastelia,947242196,KAUMA GOCCE 30ML,1,0.33,11,0,2.00,0,SPINGI_vende_rete15g
Farmastelia,985597412,VEBIX DERMOLINE CALEND DET INT,1,0.33,1,40,0,24,CARRELLO
Farmastelia,985661519,FERRONORM 30CPS,1,0.33,4,0,0,0,VALUTA_taglio
Farmastelia,985713787,PURONERV DOL 60CPS,1,0.33,6,0,0,21,CARRELLO
Farmastelia,947273049,ENNEBIDOL 20SOFTGEL,1,0.33,6,0,1.00,0,SPINGI_vende_rete15g
Farmastelia,947280133,XENEDOL PEA 1200 20BUST,1,0.33,4,0,6.00,0,SPINGI_vende_rete15g
Farmastelia,947281085,MULTIQUIET BALANCE 240ML,1,0.33,7,1,2.00,0,SPINGI_vende_rete15g
Farmastelia,947322032,OSMIN TOPIC PROLABIAL 15ML,1,0.33,7,0,0,0,VALUTA_taglio
Farmastelia,947322044,INOSIT U10 400ML,1,0.33,7,0,2.00,0,SPINGI_vende_rete15g
Farmastelia,985722483,KIJIMEA K53 ADVANCE 56CPS,1,0.33,10,0,12.00,33,SPINGI_vende_rete15g
Farmastelia,947379727,PERVISTOP 20CPR,1,0.33,6,0,8.00,12,SPINGI_vende_rete15g
Farmastelia,900095528,BENEX POMATA 100ML,1,0.33,7,0,4.00,0,SPINGI_vende_rete15g
Farmastelia,989041443,PROMET 12 30CPR,1,0.33,10,0,0,6,CARRELLO
Farmastelia,900087610,PROMOLIGO 9 MG 20F 2ML,1,0.33,99,0,0,0,VALUTA_taglio
Farmastelia,947468462,BERART PLUS 30CPR,1,0.33,7,0,3.00,0,SPINGI_vende_rete15g
Farmastelia,948002100,OCEANIC SILICIO 50CPS VEG,1,0.33,3,0,0,0,VALUTA_taglio
Farmastelia,948011820,VITA A DRY 100TAV,1,0.33,8,0,4.00,0,SPINGI_vende_rete15g
Farmastelia,801210612,SIN 32 50ML GTT,1,0.33,2,0,0,0,VALUTA_taglio
Farmastelia,985774468,DYNAMO D LARGE 20BUST,1,0.33,99,0,0,0,VALUTA_taglio
Farmastelia,949426504,ASTENALT 30F 25ML,1,0.33,5,0,8.00,30,SPINGI_vende_rete15g
Farmastelia,801210319,SIN 3 GOCCE 50ML,1,0.33,2,0,0,0,VALUTA_taglio
Farmastelia,949502811,CALMACID 40TAV MASTICABILI,1,0.33,1,0,0,0,VALUTA_taglio
Farmastelia,949523171,NEDEMA CREMAGEL 120ML,1,0.33,8,0,1.00,-7,SPINGI_vende_rete15g
Farmastelia,949697318,BUONERBE FORTE 90CPR,1,0.33,3,0,15.00,-11,SPINGI_vende_rete15g
Farmastelia,949733822,FERTYSOD UOMO 30CPS,1,0.33,5,0,0,10,CARRELLO
Farmastelia,949862383,NEDEMAX 30CPR,1,0.33,11,0,0,0,VALUTA_taglio
Farmastelia,949862407,NEDEMAX 60CPR,1,0.33,9,0,1.00,0,SPINGI_vende_rete15g
Farmastelia,985820808,BIOREPAIR TRATTAMENTO INTENS,1,0.33,3,0,6.00,0,SPINGI_vende_rete15g
Farmastelia,800601054,2LEID 30CPS,1,0.33,6,0,1.00,0,SPINGI_vende_rete15g
Farmastelia,949893200,CELLPLUS AQUA SCRUB 450G,1,0.33,5,0,0,0,VALUTA_taglio
Farmastelia,985821115,BIOSCALIN TRICOAGE FIALE,1,0.33,6,0,3.00,0,SPINGI_vende_rete15g
Farmastelia,949898035,BROVAS 1000 30CPR,1,0.33,11,0,2.00,11,SPINGI_vende_rete15g
Farmastelia,949963312,PRINCIPIUM ACUMENS COGNIT30CPR,1,0.33,7,0,5.00,12,SPINGI_vende_rete15g
Farmastelia,949973503,DIABEC 60CPS MOLLI,1,0.33,8,0,18.00,18,SPINGI_vende_rete15g
Farmastelia,949988303,PROBIFIDUM PRL2010 15ML,1,0.33,4,0,0,16,CARRELLO
Farmastelia,949988327,PROBREVE PRL2012 15ML,1,0.33,6,0,0,0,VALUTA_taglio
Farmastelia,949988339,PROLONGUM PRL2022 15ML,1,0.33,5,0,1.00,0,SPINGI_vende_rete15g
Farmastelia,949993455,HDLGELAR FREE 45CPS,1,0.33,5,0,4.00,0,SPINGI_vende_rete15g
Farmastelia,800124327,GLANDULA THYRE SUIS INJ 10F HE,1,0.33,6,0,3.00,0,SPINGI_vende_rete15g
Farmastelia,105723124,"ADTAB*3CPR 12MG GATTI 0,5-2KG",1,0.33,10,0,0,0,VALUTA_taglio
Farmastelia,105723100,ADTAB*3CPR 900MG CANI 22-45KG,1,0.33,11,0,0,12,CARRELLO
Farmastelia,950021434,IALUSOL 0.3 REPAIR GOCCE OCUL,1,0.33,11,0,0,0,VALUTA_taglio
Farmastelia,989047701,KIJIMEA FLORACARE 84CPS,1,0.33,12,0,0,0,VALUTA_taglio
Farmastelia,950032565,GLIFOSAFE 14BUST,1,0.33,6,0,4.00,0,SPINGI_vende_rete15g
Farmastelia,950061566,GENEVITPRO 28FL,1,0.33,1,0,0,21,CARRELLO
Farmastelia,102796048,PANACUR*FORTE 10CPR 500MG,1,0.33,2,0,7.00,54,SPINGI_vende_rete15g
Farmastelia,950065957,MITOCOLIN 30CPR DIVISIBILI,1,0.33,12,0,0,0,VALUTA_taglio
Farmastelia,950069904,RILASTIL CREMA BASE 400ML SP,1,0.33,13,0,10.00,0,SPINGI_vende_rete15g
Farmastelia,950069955,RILASTIL XEROLACT OLIO DET,1,0.33,7,0,0,0,VALUTA_taglio
Farmastelia,950081772,EPAVIS T 80PAST,1,0.33,5,0,0,0,VALUTA_taglio
Farmastelia,950085946,ENERGERA ULTRA 12FL,1,0.33,3,0,0,0,VALUTA_taglio
Farmastelia,950126704,STARTOP 14BUST,1,0.33,5,0,0,12,CARRELLO
Farmastelia,950213342,TRIFEDOX 30CPR,1,0.33,8,0,0,0,VALUTA_taglio
Farmastelia,985823741,FERRO IBSA 20FILM ORODISPERSIB,1,0.33,14,4,8.00,31,SPINGI_vende_rete15g
Farmastelia,950225971,DIETFORMPIC 30CPS VEGETALI,1,0.33,10,0,0,0,VALUTA_taglio
Farmastelia,989234378,VITIS GENGIVE SANE DENTIF100ML,1,0.33,11,0,2.00,0,SPINGI_vende_rete15g
Farmastelia,950231391,PHYSIOMANCE PANCIA PIATTA60CPS,1,0.33,6,0,2.00,0,SPINGI_vende_rete15g
Farmastelia,101980023,LENDUE GOCCE*OS FL GTT 12G,1,0.33,2,0,0,7,CARRELLO
Farmastelia,950235174,CLIMAX SONNO&SLIM 30CPS,1,0.33,99,0,0,0,VALUTA_taglio
Farmastelia,950249920,PHYSIOMANCE OVOSITOL 180CPS,1,0.33,10,0,0,0,VALUTA_taglio
Farmastelia,051344024,DICLOFENAC TE*GEL 100G 20MG/G,1,0.33,2,0,1.00,0,SPINGI_vende_rete15g
Farmastelia,950267207,ESI DEPURERBE FORTE 60CPR,1,0.33,8,0,1.00,0,SPINGI_vende_rete15g
Farmastelia,950298873,ORALB MAN FILO SUPERFLOSS NEW,1,0.33,13,1,1.00,0,SPINGI_vende_rete15g
Farmastelia,950302947,LABCARE CONCENTRATISSIMA CR VI,1,0.33,1,2,0,4,CARRELLO
Farmastelia,985827789,IKLEN + LATTE CORPO 400ML,1,0.33,3,0,1.00,0,SPINGI_vende_rete15g
Farmastelia,950305692,TRIPTOFANO PLUS 80PAST,1,0.33,4,0,2.00,0,SPINGI_vende_rete15g
Farmastelia,950355406,DETERGENTE VITAMINA C 200ML,1,0.33,3,3,0,0,VALUTA_taglio
Farmastelia,950356360,BACTORINOL SPRAY NASALE 15ML,1,0.33,5,0,0,0,VALUTA_taglio
Farmastelia,950390536,GASTRO ACID 30CPR MASTIC,1,0.33,4,0,2.00,0,SPINGI_vende_rete15g
Farmastelia,985833387,ARKORELAX MELATONYL 120CPR,1,0.33,6,0,0,0,VALUTA_taglio
Farmastelia,985919238,BIOTINA COMPLEX 90CPS,1,0.33,99,0,0,0,VALUTA_taglio
Farmastelia,049773056,ARTESIAR*60CPR RIV 500MG,1,0.33,8,0,0,0,VALUTA_taglio
Farmastelia,950456234,VERTISTOP FAST 20CPS,1,0.33,6,0,0,0,VALUTA_taglio
Farmastelia,950456766,POPULEO POMATA 50ML,1,0.33,5,0,0,0,VALUTA_taglio
Farmastelia,950497091,ENERGEA+ NF SALUGEA 60CPS,1,0.33,3,0,0,0,VALUTA_taglio
Farmastelia,988804389,INTRAVIT FORTE 30CPR,1,0.33,12,0,35.00,8,SPINGI_vende_rete15g
Farmastelia,950837207,KIJIMEA K53 ADVANCE 20CPS,1,0.33,3,0,13.00,11,SPINGI_vende_rete15g
Farmastelia,985990225,CONDROSPIR 14BUST,1,0.33,3,0,0,0,VALUTA_taglio
Farmastelia,950841635,FLORENTERO COMPLEX 120CPR,1,0.33,10,0,2.00,0,SPINGI_vende_rete15g
Farmastelia,047812045,DAFLON*30CPR RIV 500MG,1,0.33,1,2,5.00,0,SPINGI_vende_rete15g
Farmastelia,950909883,CROTAMITON 10% CREMA 100ML,1,0.33,8,0,0,9,CARRELLO
Farmastelia,950912865,EPICUROS 20CPR,1,0.33,2,0,0,0,VALUTA_taglio
Farmastelia,985990959,INFECTVAGIN 10OV VAGINALI,1,0.33,8,0,0,0,VALUTA_taglio
Farmastelia,950966198,URGO UNGHIE FRAGILI 2ML,1,0.33,99,0,0,0,VALUTA_taglio
Farmastelia,950978938,TRAMEXAL DECO' 30ML BRADERM,1,0.33,1,0,0,0,VALUTA_taglio
Farmastelia,046874018,HAMAMELIS HOMACCORD*OS GTT30ML,1,0.33,3,0,0,0,VALUTA_taglio
Farmastelia,985991215,FLEBOMIX 1000MG 60CPR,1,0.33,5,0,3.00,0,SPINGI_vende_rete15g
Farmastelia,951043468,HYALU B5 SIERO 30ML 2025,1,0.33,8,6,0,0,VALUTA_taglio
Farmastelia,951043482,HYALU B5 CREMA VASO SPF30 50ML,1,0.33,8,3,0,0,VALUTA_taglio
Farmastelia,951043494,HYALU B5 CREMA RICARICA 50ML,1,0.33,2,4,0,0,VALUTA_taglio
Farmastelia,985992775,PSIPROTO CACAO 300G,1,0.33,3,0,0,0,VALUTA_taglio
Farmastelia,951047354,PSIPROTO MAMMA100CPR GASTRORES,1,0.33,3,0,0,0,VALUTA_taglio
Farmastelia,985999453,PROBIOTICO ACT 15CPS VEGETALI,1,0.33,12,0,4.00,0,SPINGI_vende_rete15g
Farmastelia,951091711,BIOMAVET CANE 1500MG 12CPR,1,0.33,6,0,5.00,11,SPINGI_vende_rete15g
Farmastelia,951098538,ESAZYME 30CPS,1,0.33,5,0,4.00,0,SPINGI_vende_rete15g
Farmastelia,951121589,MAGIC MAGNESIUM MALATE 60CPR,1,0.33,4,0,0,3,CARRELLO
Farmastelia,951149968,AXIGAB 90CPR,1,0.33,6,0,8.00,0,SPINGI_vende_rete15g
Farmastelia,046175081,MACROGOL AURO*20BUST 10G,1,0.33,8,0,25.00,0,SPINGI_vende_rete15g
Farmastelia,951171343,LONGLIFE ASHWAGANDHA BIO 5%,1,0.33,3,0,0,0,VALUTA_taglio
Farmastelia,040313049,TACHIPIRINA OROSOL*12BS 500MG,1,0.33,6,1,14.00,30,SPINGI_vende_rete15g
Farmastelia,951171495,OPTIM BUTYRATE 90CPS,1,0.33,11,0,0,0,VALUTA_taglio
Farmastelia,038353025,DOLAUT MONO*8CER MED 14MG,1,0.33,6,0,2.00,0,SPINGI_vende_rete15g
Farmastelia,951223686,ASTAXANTINA 120PAST HEMATOCOCC,1,0.33,3,0,1.00,11,SPINGI_vende_rete15g
Farmastelia,951234362,ZYMEREX GUM MAGNESIO PURO60GOM,1,0.33,2,0,1.00,0,SPINGI_vende_rete15g
Farmastelia,986065872,HYLOVISION SINE 20FL,1,0.33,3,0,1.00,0,SPINGI_vende_rete15g
Farmastelia,951305388,BIOTENOR D 30CPS,1,0.33,5,0,1.00,0,SPINGI_vende_rete15g
Farmastelia,038204020,"REGOLINT*OS POLV 20BUST 9,7G",1,0.33,4,0,21.00,0,SPINGI_vende_rete15g
Farmastelia,989054655,AGNOCASTO PURO 90CPR,1,0.33,5,0,0,0,VALUTA_taglio
Farmastelia,951332473,BETAMIX 80CPR MASTIC,1,0.33,5,0,2.00,29,SPINGI_vende_rete15g
Farmastelia,951343856,NERADIN 112CPS,1,0.33,10,0,10.00,11,SPINGI_vende_rete15g
Farmastelia,986105777,BENDIAR MINI 10CPR,1,0.33,3,0,0,0,VALUTA_taglio
Farmastelia,951365105,ANTHELIOS UVMUNE DP SPR 200+HU,1,0.33,99,4,0,0,VALUTA_taglio
Farmastelia,986146684,PREP SCHIUMA BARBA CLASSICA2PZ,1,0.33,10,0,1.00,0,SPINGI_vende_rete15g
Farmastelia,951365826,COREVAS PLUS 30CPR NF,1,0.33,8,0,3.00,0,SPINGI_vende_rete15g
Farmastelia,035406014,SERTADERM*CREMA 30G 2G/100G,1,0.33,1,0,0,0,VALUTA_taglio
Farmastelia,951377997,VIVADIE 20STICKPACK,1,0.33,6,0,1.00,9,SPINGI_vende_rete15g
Farmastelia,035060021,LOZIONE VITTORIA*FL 1000ML,1,0.33,6,0,14.00,0,SPINGI_vende_rete15g
Farmastelia,951449216,TIOBEC 40BUST NF,1,0.33,5,0,0,29,CARRELLO
Farmastelia,951459787,ORIGANO HP 30CPS,1,0.33,5,0,2.00,9,SPINGI_vende_rete15g
Farmastelia,028968016,"DERMIRIT*CREMA 20G 0,5%",1,0.33,1,0,0,0,VALUTA_taglio
Farmastelia,951464965,ANDROCLEAN CREMA 20ML,1,0.33,4,0,0,0,VALUTA_taglio
Farmastelia,951466477,CICATRIZ POLVERE 10G,1,0.33,5,0,0,0,VALUTA_taglio
Farmastelia,951469776,ENZYVIS 100PAST,1,0.33,5,0,0,13,CARRELLO
Farmastelia,951469954,PNEUMOXYTOL 30BUST,1,0.33,9,0,1.00,0,SPINGI_vende_rete15g
Farmastelia,951501004,COMBIGIN 30CPS,1,0.33,5,0,1.00,12,SPINGI_vende_rete15g
Farmastelia,028881011,"DROPYAL*COLL 20MONODOSI 0,65ML",1,0.33,13,0,1.00,0,SPINGI_vende_rete15g
Farmastelia,951506043,STOMEK SOSPENSIONE 30STICK,1,0.33,8,0,0,0,VALUTA_taglio
Farmastelia,027456033,CLAREMA*CREMA 30G 1%,1,0.33,9,0,2.00,0,SPINGI_vende_rete15g
Farmastelia,986286413,BIOEYE 14FL,1,0.33,3,0,0,0,VALUTA_taglio
Farmastelia,019875044,CONNETTIVINA*CREMA 15G 2MG/G,1,0.33,4,1,3.00,0,SPINGI_vende_rete15g
Farmastelia,986461541,CLIA CREMA SOLARE 50+ 200ML,1,0.33,1,0,0,0,VALUTA_taglio
Farmastelia,951694052,HYALO4 CARE CREAM 100G,1,0.33,3,0,0,10,CARRELLO
Farmastelia,951694088,HYALO4 CARE START GEL 30G,1,0.33,3,0,0,10,CARRELLO
Farmastelia,951801214,CILIACELL NASAL SPRAY ADULT,1,0.33,6,0,0,2,CARRELLO
Farmastelia,951807849,MNEME FOCUS 20STICK,1,0.33,3,0,3.00,0,SPINGI_vende_rete15g
Farmastelia,986473027,FLOR INTOLLERANCE EQUILI 240ML,1,0.33,5,0,0,0,VALUTA_taglio
Farmastelia,951868470,VILLISED 30CPS,1,0.33,9,0,4.00,0,SPINGI_vende_rete15g
Farmastelia,986473066,PENATEN PASTA PROTETTIVA 150ML,1,0.33,5,0,5.00,9,SPINGI_vende_rete15g
Farmastelia,010386098,HIRUDOID 40000UI*CREMA 100G,1,0.33,6,0,9.00,0,SPINGI_vende_rete15g
Farmastelia,951991607,ANANAS BROMELINA 5000 30CPR,1,0.33,8,0,1.00,0,SPINGI_vende_rete15g
Farmastelia,951992433,ARKOSLIM EXPERT 270G,1,0.33,6,0,0,0,VALUTA_taglio
Farmastelia,986479133,"AMINOTROFIC HDE 30BUST 6,5G",1,0.33,13,0,20.00,0,SPINGI_vende_rete15g
Farmastelia,952055186,PROVITREO 30BUST,1,0.33,7,0,1.00,0,SPINGI_vende_rete15g
Farmastelia,952056796,CASTALADIN 45CPS,1,0.33,1,0,2.00,0,SPINGI_vende_rete15g
Farmastelia,986488916,PSIPROTO FERT 90CPS,1,0.33,8,0,9.00,10,SPINGI_vende_rete15g
Farmastelia,952107035,DIAPODIL COMPLEX EMULS 250ML,1,0.33,99,0,0,0,VALUTA_taglio
Farmastelia,952110029,TIOBEC LAC 30CPR,1,0.33,4,0,69.00,64,SPINGI_vende_rete15g
Farmastelia,989355856,GENANTE 90CPR,1,0.33,5,0,4.00,9,SPINGI_vende_rete15g
Farmastelia,952132456,LIDACT SALVIETTE OFT MON 20PZ,1,0.33,99,0,1.00,8,SPINGI_vende_rete15g
Farmastelia,970150227,LINES SPEC LADY MAXI 12PZ,1,0.33,6,1,0,19,CARRELLO
Farmastelia,970176309,WIQO NOURISHING MOISTUR CREAM,1,0.33,99,0,0,0,VALUTA_taglio
Farmastelia,986497220,RILASTIL SMAGLIATURE 10FX5ML,1,0.33,11,0,1.00,0,SPINGI_vende_rete15g
Farmastelia,970283964,PROVISION PIERPAOLI 60CPR,1,0.33,8,0,0,0,VALUTA_taglio
Farmastelia,970287924,GLUCOMANNANO COMP 180PAST,1,0.33,99,0,0,0,VALUTA_taglio
Farmastelia,970297634,ARGENTO COLLOID PLUS SPRAY,1,0.33,9,0,0,0,VALUTA_taglio
Farmastelia,989362595,CONDROGEN PUPPY 90CPR,1,0.33,5,0,19.00,0,SPINGI_vende_rete15g
Farmastelia,970336398,PEPTIVET OTO GEL 25ML,1,0.33,99,0,0,0,VALUTA_taglio
Farmastelia,970337440,REV RESOLVE 250ML,1,0.33,99,0,0,0,VALUTA_taglio
Farmastelia,970358180,VITA D DETERGENTE INTIMO DEL,1,0.33,4,0,0,0,VALUTA_taglio
Farmastelia,970371403,PROCINEX 24STICK 15ML,1,0.33,6,0,6.00,4,SPINGI_vende_rete15g
Farmastelia,989362633,CONDROSTRESS MOBILITY 90CHEWS,1,0.33,11,0,10.00,0,SPINGI_vende_rete15g
Farmastelia,970373015,NEUROVISION 30BUST,1,0.33,8,0,1.00,0,SPINGI_vende_rete15g
Farmastelia,988948497,GABADIN 30CPR,1,0.33,11,0,2.00,0,SPINGI_vende_rete15g
Farmastelia,970378586,THERAMICOTIC GOCCE AURICOLARI,1,0.33,4,0,3.00,0,SPINGI_vende_rete15g
Farmastelia,970430649,MARKEUTICALS INTEGRA 60CPR,1,0.33,6,0,6.00,0,SPINGI_vende_rete15g
Farmastelia,970430652,ACNEFFE SUN SPF30 50ML,1,0.33,7,0,3.00,-61,SPINGI_vende_rete15g
Farmastelia,970431312,DERCOS SHAMPOO ULTRALENIT GRAS,1,0.33,9,2,0,0,VALUTA_taglio
Farmastelia,986705489,ELIFRI 30CPS,1,0.33,99,0,0,0,VALUTA_taglio
Farmastelia,970448751,GINKGO BILOBA ESTR INTEGR200ML,1,0.33,3,0,5.00,0,SPINGI_vende_rete15g
Farmastelia,989367154,VITAMINDERMINA POLVERE 100G,1,0.33,5,0,39.00,0,SPINGI_vende_rete15g
Farmastelia,986708194,TRICOMNIA OLIO RISTRUTTURANTE,1,0.33,4,0,0,9,CARRELLO
Farmastelia,989373257,LIPOSKIN IDRA UV PHARCOS 40ML,1,0.33,10,0,2.00,0,SPINGI_vende_rete15g
Farmastelia,989409141,"ISOMAR OCCHI SEC AI 0,25% 15FL",1,0.33,11,0,5.00,0,SPINGI_vende_rete15g
Farmastelia,970540377,BIONIKE SHINE ON BALSAMO 200ML,1,0.33,4,0,8.00,0,SPINGI_vende_rete15g
Farmastelia,970540910,ORTICA ESTRATTO INTEGRALE200ML,1,0.33,1,0,0,0,VALUTA_taglio
Farmastelia,986824973,ACETILCISTEINA ACT PLUS NAC600,1,0.33,11,0,5.00,0,SPINGI_vende_rete15g
Farmastelia,970777518,AGNOCASTO ESTRATTO INTEGR200ML,1,0.33,6,0,0,0,VALUTA_taglio
Farmastelia,989412438,CURCUMA PURA 60CPR,1,0.33,8,0,0,0,VALUTA_taglio
Farmastelia,970929648,SALI DI ISCHIA BODYQUE CORAL V,1,0.33,12,0,1.00,0,SPINGI_vende_rete15g
Farmastelia,970973424,IAP PHARMA 63 UOMO 150ML,1,0.33,8,0,0,0,VALUTA_taglio
Farmastelia,970982892,MELISSA ESTRATTO INTEGR 200ML,1,0.33,7,0,1.00,2,SPINGI_vende_rete15g
Farmastelia,970982993,BRONCO24 14BUST,1,0.33,1,0,0,0,VALUTA_taglio
Farmastelia,971060886,TENA MEN LEVEL 1 12PZ,1,0.33,11,0,0,0,VALUTA_taglio
Farmastelia,971061902,FUMARIA ESTRATTO INTEGR 200ML,1,0.33,7,0,1.00,0,SPINGI_vende_rete15g
Farmastelia,971072677,ERECTOSAN PLUS 30BUST,1,0.33,5,0,0,0,VALUTA_taglio
Farmastelia,971192859,TIGLIO ESTRATTO INTEGRALE200ML,1,0.33,4,0,0,0,VALUTA_taglio
Farmastelia,986864508,NUTILIS AQUA GEL PESCA 4PZ,1,0.33,7,0,21.00,0,SPINGI_vende_rete15g
Farmastelia,989414521,RETINORM FLASH 30STICK,1,0.33,5,0,0,0,VALUTA_taglio
Farmastelia,971223767,ARNICA 100'S GEL EX FT RAFF500,1,0.33,5,0,1.00,0,SPINGI_vende_rete15g
Farmastelia,971242298,IRON FOLIC 30CPS,1,0.33,6,0,4.00,0,SPINGI_vende_rete15g
Farmastelia,971273242,DEXYANE GEL DET 400ML DUCRAY,1,0.33,11,0,0,0,VALUTA_taglio
Farmastelia,971325232,PEDIAFLUOR 7ML,1,0.33,6,0,0,0,VALUTA_taglio
Farmastelia,971325269,PEDIATRE DHA 5ML,1,0.33,7,0,0,0,VALUTA_taglio
Farmastelia,971347644,BIOREPAIR PLUS PARODONTGEL75ML,1,0.33,11,0,6.00,13,SPINGI_vende_rete15g
Farmastelia,971381975,REUPLUS CAPSULE 24CPS,1,0.33,9,0,2.00,0,SPINGI_vende_rete15g
Farmastelia,971620796,BLEFACTIVE LIPOGEL OFTALMICO,1,0.33,8,0,0,0,VALUTA_taglio
Farmastelia,971621937,ACQUA ALLE ROSE TONICO CL300ML,1,0.33,8,0,2.00,0,SPINGI_vende_rete15g
Farmastelia,986904656,COLESTEROL ACT 70+ 30CPR,1,0.33,10,0,6.00,9,SPINGI_vende_rete15g
Farmastelia,971678952,POLICALM SPRAY 60ML,1,0.33,2,0,0,0,VALUTA_taglio
Farmastelia,971735168,DIVIKEN SPRAY ORALE 21ML,1,0.33,12,0,1.00,0,SPINGI_vende_rete15g
Farmastelia,971744166,FG DOL GEL 125ML,1,0.33,1,0,0,19,CARRELLO
Farmastelia,989657186,OFFDOL ACTIVE PLUS CREMAGEL,1,0.33,5,0,6.00,0,SPINGI_vende_rete15g
Farmastelia,971747389,AROMATOIL ORIGANO 50OPR,1,0.33,2,0,0,0,VALUTA_taglio
Farmastelia,971752112,VITA ACT CALCIO+VIT D 60CPR,1,0.33,10,0,1.00,0,SPINGI_vende_rete15g
Farmastelia,971931391,ROSELIANE CR RICCA 50ML,1,0.33,6,0,1.00,0,SPINGI_vende_rete15g
Farmastelia,971974833,ALGEM LADY CICLO MESTRUALE,1,0.33,4,0,0,2,CARRELLO
Farmastelia,986956629,PHYTO COL BARRIERA 20CPR,1,0.33,5,0,0,12,CARRELLO
Farmastelia,972001046,RIGEDERM CREMA 100ML,1,0.33,8,0,0,0,VALUTA_taglio
Farmastelia,989690716,NEOBIANACID 70CPR LIMONE,1,0.33,30,1,23.00,28,SPINGI_vende_rete15g
Farmastelia,972128464,BIOMAG 90CPR MAST LEHNING,1,0.33,2,0,5.00,0,SPINGI_vende_rete15g
Farmastelia,972133262,LACRIVET GTT OCUL STRIP 10FL,1,0.33,10,0,1.00,0,SPINGI_vende_rete15g
Farmastelia,972143147,URINET 30CPR FILMATE,1,0.33,6,0,2.00,0,SPINGI_vende_rete15g
Farmastelia,989707777,COLON REGULAR T GRANI 80G,1,0.33,6,0,0,0,VALUTA_taglio
Farmastelia,972260614,RIGEAVIT 30CPR,1,0.33,8,0,1.00,0,SPINGI_vende_rete15g
Farmastelia,972264636,BLEFASTOP GARZA COT PIE RX 28P,1,0.33,6,0,0,0,VALUTA_taglio
Farmastelia,972287989,CYSTOPHYTO PASTA 30G,1,0.33,4,0,4.00,0,SPINGI_vende_rete15g
Farmastelia,972292799,PROTHER 5 14BUST,1,0.33,10,0,0,18,CARRELLO
Farmastelia,972455036,MACA NERA POLVERE BIO 200G,1,0.33,7,0,0,0,VALUTA_taglio
Farmastelia,972471597,RUBAXX ARTICOLAZIONI 30BUST,1,0.33,10,0,9.00,20,SPINGI_vende_rete15g
Farmastelia,972495550,PRIOVIT 12 FORTE 36CARAM,1,0.33,10,0,3.00,0,SPINGI_vende_rete15g
Farmastelia,989819976,COLLAGENE ARTICOLAZIONI&MUSCOL,1,0.33,10,0,0,0,VALUTA_taglio
Farmastelia,972554531,CELLULITE DREN 60PAST,1,0.33,8,0,1.00,0,SPINGI_vende_rete15g
Farmastelia,972596237,LINEAGIN OVULI 10OV,1,0.33,99,0,0,0,VALUTA_taglio
Farmastelia,987026162,CRIOGEL 100ML VF,1,0.33,6,0,1.00,0,SPINGI_vende_rete15g
Farmastelia,987057775,OTOACT PLUS 100ML,1,0.33,4,0,0,-13,VALUTA_taglio
Farmastelia,972730600,THYRSEL OX 30CPS,1,0.33,99,0,0,0,VALUTA_taglio
Farmastelia,972778169,KRIN UP MELANINE 60CPS,1,0.33,4,0,2.00,0,SPINGI_vende_rete15g
Farmastelia,989054731,BROMELINA PURA 60CPR,1,0.33,1,0,0,0,VALUTA_taglio
Farmastelia,989821451,MINERAL 89 CREMA NOTTE 50ML,1,0.33,1,3,0,0,VALUTA_taglio
Farmastelia,973190390,IMMUNOPED SCIROPPO 140ML,1,0.33,3,0,0,0,VALUTA_taglio
Farmastelia,973262280,FLOGOFIT ARTICOLAZIONI 30CPR,1,0.33,5,0,9.00,0,SPINGI_vende_rete15g
Farmastelia,987219779,VALDISPERT SONNO COMPLETO30CPR,1,0.33,8,0,0,0,VALUTA_taglio
Farmastelia,973378159,M-AID RESOLVE CICATR CER 25X4,1,0.33,14,0,1.00,0,SPINGI_vende_rete15g
Farmastelia,973472727,XANADREN ANANAS 300ML,1,0.33,4,0,0,12,CARRELLO
Farmastelia,973500301,PURES SPRAY TONICO CIRC 100ML,1,0.33,5,0,1.00,0,SPINGI_vende_rete15g
Farmastelia,973515962,BARIESUN SPF50+ SPRAY ASCIUTTO,1,0.33,3,0,0,0,VALUTA_taglio
Farmastelia,973652199,NEFROPIU' 30CPR,1,0.33,6,0,0,0,VALUTA_taglio
Farmastelia,973662036,CITILPEA 30BUST,1,0.33,12,0,1.00,0,SPINGI_vende_rete15g
Farmastelia,973732504,ULTRADEX COLLUTORIO ALITO SANO,1,0.33,1,0,0,0,VALUTA_taglio
Farmastelia,973732807,MANGANESE RAME COB OLIMEN200ML,1,0.33,3,0,1.00,0,SPINGI_vende_rete15g
Farmastelia,988988580,HYSEAC PATE SOS 15G,1,0.33,10,0,2.00,0,SPINGI_vende_rete15g
Farmastelia,973915818,CICAPLAST GEL B5 40ML,1,0.33,10,1,0,0,VALUTA_taglio
Farmastelia,989852785,YAMAMOTO N ACETYL L CARN120CPS,1,0.33,5,0,0,5,CARRELLO
Farmastelia,974003749,CONDRONIL IALDUE SIR INT-AR2ML,1,0.33,6,0,2.00,0,SPINGI_vende_rete15g
Farmastelia,974058214,SALIPIL SPRAY CANOVA 100ML,1,0.33,6,0,1.00,0,SPINGI_vende_rete15g
Farmastelia,974059584,LINES CLAS RETT C/BARRI 30PZ,1,0.33,14,1,0,0,VALUTA_taglio
Farmastelia,974109175,CERAVE DETERGENTE IDRAT 236ML,1,0.33,99,1,0,0,VALUTA_taglio
Farmastelia,974116535,MELA ANNURCA HAIR 30CPS,1,0.33,5,0,0,9,CARRELLO
Farmastelia,974367029,LIPOTECH 800 20CPR,1,0.33,9,0,3.00,7,SPINGI_vende_rete15g
Farmastelia,974381093,REV IDRAX BOTU' PLUS CR 50ML,1,0.33,7,0,9.00,15,SPINGI_vende_rete15g
Farmastelia,974381257,REV IDRAX CONTOUR 15ML,1,0.33,12,0,0,0,VALUTA_taglio
Farmastelia,987296896,ERGYPHILUS PLUS DEFENS 60CPS,1,0.33,4,0,0,10,CARRELLO
Farmastelia,974383489,CURCUVITA 30CPS,1,0.33,7,0,2.00,0,SPINGI_vende_rete15g
Farmastelia,974644282,FIBRO PASS 60CPS,1,0.33,6,0,0,0,VALUTA_taglio
Farmastelia,974658421,LICHTENA DERMAD DETERGENT400ML,1,0.33,8,0,0,0,VALUTA_taglio
Farmastelia,974762801,DARFAX 20CPR DIV,1,0.33,11,0,0,0,VALUTA_taglio
Farmastelia,987337627,LIFERON PLUS 20CPS,1,0.33,10,0,0,0,VALUTA_taglio
Farmastelia,987358746,KIJIMEA REGULARIS 250G,1,0.33,9,0,1.00,0,SPINGI_vende_rete15g
Farmastelia,974851293,EMUNDA SCRUB&MASCHERA 125ML,1,0.33,2,0,1.00,0,SPINGI_vende_rete15g
Farmastelia,989893019,REDIPET 30CPR,1,0.33,4,0,1.00,11,SPINGI_vende_rete15g
Farmastelia,974908333,PERLAFLOR 10FL 10ML,1,0.33,3,0,0,0,VALUTA_taglio
Farmastelia,974918056,BIOREPAIR ANTIBATT SPAZZ SSO,1,0.33,13,0,0,0,VALUTA_taglio
Farmastelia,974988329,DOAFER 30CPS,1,0.33,5,0,0,0,VALUTA_taglio
Farmastelia,975000819,ALOEVERA2 ALOEGYN CREMA 50ML,1,0.33,9,0,3.00,0,SPINGI_vende_rete15g
Farmastelia,987361312,GLUTATIONE SUPREMO 180PAST,1,0.33,4,0,0,0,VALUTA_taglio
Farmastelia,975017219,LIFTACTIV LIFT COLLAGEN SPEC,1,0.33,99,2,0,0,VALUTA_taglio
Farmastelia,975027499,CALMALU' SCIROPPO 150ML,1,0.33,99,0,0,0,VALUTA_taglio
Farmastelia,987377328,FORTIMEL CREME VANIGLIA 4PZ,1,0.33,1,0,0,0,CARRELLO
Farmastelia,975068483,HYALGANBIO SIR INTRA-ART 2ML,1,0.33,5,0,3.00,0,SPINGI_vende_rete15g
Farmastelia,988998225,CONDROTIDE HA SIR INTRA-ART 2%,1,0.33,8,0,0,0,VALUTA_taglio
Farmastelia,975082900,GIBAUD SPORT PRESS SOTTOROT 2,1,0.33,4,0,1.00,0,SPINGI_vende_rete15g
Farmastelia,975084690,GYN PHY BRUMA DETERGENTE 50ML,1,0.33,6,0,0,0,VALUTA_taglio
Farmastelia,975084777,PIC INSUPEN ADV AGO G31X5MM,1,0.33,3,0,0,0,VALUTA_taglio
Farmastelia,975183789,SNS1 30BUST,1,0.33,6,0,0,0,VALUTA_taglio
Farmastelia,975186560,VITA D GOCCE 50ML,1,0.33,9,0,2.00,0,SPINGI_vende_rete15g
Farmastelia,975296043,FEMORAL 30SOFTGELS,1,0.33,12,0,7.00,0,SPINGI_vende_rete15g
Farmastelia,975347105,COLLAGENE ACTIVE NEUTRO 330G,1,0.33,7,0,0,10,CARRELLO
Farmastelia,987388511,LIPIKAR UREA 10% 400ML,1,0.33,4,2,0,0,VALUTA_taglio
Farmastelia,975494838,SENSIVEN ZELAIC CANOVA 50ML,1,0.33,9,0,3.00,0,SPINGI_vende_rete15g
Farmastelia,975508627,EUCERIN UREAREP EMULS10% 250ML,1,0.33,12,0,0,0,VALUTA_taglio
Farmastelia,975508666,EUCERIN UREAREP EMULS10% 400ML,1,0.33,9,0,1.00,0,SPINGI_vende_rete15g
Farmastelia,975582077,FDR DETERGENTE CAPELLI 200ML,1,0.33,6,0,1.00,0,SPINGI_vende_rete15g
Farmastelia,975585480,GLIALIA SOSPENSIONE ORALE200ML,1,0.33,12,0,0,9,CARRELLO
Farmastelia,975597156,SWISSE ACIDO IALUR/COLLAG30CPR,1,0.33,10,0,0,0,VALUTA_taglio
Farmastelia,975597295,ESI ALOE VERA SUCCO+FT MIR 24P,1,0.33,6,0,1.00,0,SPINGI_vende_rete15g
Farmastelia,975816315,COLPHARMA MAGNETO CARE HOME,1,0.33,99,0,0,0,VALUTA_taglio
Farmastelia,975866308,ENTOFLORIS 10FL 10ML,1,0.33,4,0,0,0,VALUTA_taglio
Farmastelia,975867755,OMEGA 3 KRILL OIL SALUGEA60PRL,1,0.33,10,0,11.00,0,SPINGI_vende_rete15g
Farmastelia,975906684,HERBATINT 3DOSI 4N 300ML,1,0.33,3,0,1.00,9,SPINGI_vende_rete15g
Farmastelia,975922295,PERDITA DI PESO 60CPS,1,0.33,11,0,3.00,0,SPINGI_vende_rete15g
Farmastelia,975923576,SWISSE CAPELLI PELLE UNG 60CPR,1,0.33,10,0,3.00,20,SPINGI_vende_rete15g
Farmastelia,975939733,DELTHAPROST 20CPR,1,0.33,8,0,4.00,0,SPINGI_vende_rete15g
Farmastelia,987409000,ECHIPREVENT 20STICK PACK,1,0.33,7,0,0,10,CARRELLO
Farmastelia,989894528,PREMIER CRU CREMA RICCA50ML,1,0.33,12,0,0,0,VALUTA_taglio
Farmastelia,975984586,PROCARWIN 36CPS,1,0.33,6,0,3.00,0,SPINGI_vende_rete15g
Farmastelia,975991098,URIAGE DS HAIR SH DEL/RIE200ML,1,0.33,9,0,0,0,VALUTA_taglio
Farmastelia,975994942,GINESTILL OVULI 10PZ,1,0.33,3,0,0,13,CARRELLO
Farmastelia,976003626,MELANNURCA 60CPS,1,0.33,12,0,0,0,VALUTA_taglio
Farmastelia,976014643,SYNOQUIN EFA L BREED 30CPR,1,0.33,1,0,3.00,15,SPINGI_vende_rete15g
Farmastelia,976203950,FRUTTA & FIBRE CLASSICO 30CPR,1,0.33,8,0,2.00,10,SPINGI_vende_rete15g
Farmastelia,976204014,FRUTTA & FIBRE FORTE 24CPR,1,0.33,8,0,3.00,0,SPINGI_vende_rete15g
Farmastelia,976260101,SILIPUR FORTE 30CPR,1,0.33,4,0,0,0,VALUTA_taglio
Farmastelia,976289037,ORALB PROTEZIONE GEN/SM COLLUT,1,0.33,7,0,0,0,VALUTA_taglio
Farmastelia,987411081,XANACID DIGEST 20STICK,1,0.33,2,0,1.00,0,SPINGI_vende_rete15g
Farmastelia,987411764,RILASTIL SUN SPF50+ VELVET COL,1,0.33,9,0,0,0,VALUTA_taglio
Farmastelia,976322774,FLEXADIN ADVANCED CANE 60TAV,1,0.33,2,0,0,0,VALUTA_taglio
Farmastelia,989980747,PIC SOLUTION DOPOPUNTURA MEDUS,1,0.33,2,10,0,0,VALUTA_taglio
Farmastelia,989980750,DIETALINEA BERBERINA 600 60CPR,1,0.33,9,0,0,0,VALUTA_taglio
Farmastelia,976395677,RIDUCELL TRATTAMENTO MIR 30CPR,1,0.33,8,0,0,0,VALUTA_taglio
Farmastelia,976396150,SWISSE UOMO 65+ MULTIVIT 30CPR,1,0.33,6,0,2.00,0,SPINGI_vende_rete15g
Farmastelia,976730996,STIPSIGOL 30BUST,1,0.33,9,0,0,0,VALUTA_taglio
Farmastelia,976732141,FLOGASINE 20BUST,1,0.33,7,0,0,0,VALUTA_taglio
Farmastelia,976770077,ZEROALL GOCCE 30ML,1,0.33,7,0,0,0,VALUTA_taglio
Farmastelia,976784722,STERILENS IDRA ACTIVE HD PLUS,1,0.33,3,1,0,24,CARRELLO
Farmastelia,976800375,PROJALUSEON 30CPR,1,0.33,1,0,0,0,VALUTA_taglio
Farmastelia,987474703,AGO BD MICROLANCE G30 13MM GI,1,0.33,3,0,0,0,VALUTA_taglio
Farmastelia,976967707,EDENIGHT UNG IPERTON HA 5G,1,0.33,7,0,1.00,0,SPINGI_vende_rete15g
Farmastelia,977075148,FLAVIS FETTE BISCOTTATE 300G,1,0.33,6,0,0,0,VALUTA_taglio
Farmastelia,977254147,EQUIMEL 40CPS,1,0.33,99,0,0,0,VALUTA_taglio
Farmastelia,977446335,MELATOSIN 2MG 150CPR,1,0.33,5,0,1.00,11,SPINGI_vende_rete15g
Farmastelia,987498793,POLIBERINA 30CPR,1,0.33,3,0,1.00,7,SPINGI_vende_rete15g
Farmastelia,977633027,CIDIKIN 60CPR KINTEGRAVIT,1,0.33,4,0,3.00,8,SPINGI_vende_rete15g
Farmastelia,977634892,ALOE POLPA GEL DERMOATT 100ML,1,0.33,8,0,0,0,VALUTA_taglio
Farmastelia,990039481,"DYNAMO F 20STICK 2,5G",1,0.33,1,0,3.00,0,SPINGI_vende_rete15g
Farmastelia,977702974,ESOGEL ZEN 20BUST 15ML,1,0.33,3,0,2.00,0,SPINGI_vende_rete15g
Farmastelia,987598909,FERPROST SOL 14BUST,1,0.33,5,0,2.00,0,SPINGI_vende_rete15g
Farmastelia,990093890,SALI DI ISCHIA OIL TO MILK MOU,1,0.33,1,0,0,0,VALUTA_taglio
Farmastelia,977791793,GR FARMA GOCCE OCUL IDRAT 10ML,1,0.33,9,0,1.00,0,SPINGI_vende_rete15g
Farmastelia,990152225,OTOFEN BORICO SPRAY AURICOLARE,1,0.33,5,0,0,0,VALUTA_taglio
Farmastelia,977823778,EUCERIN ATOPIC CR FASI AC100ML,1,0.33,9,0,2.00,0,SPINGI_vende_rete15g
Farmastelia,978244679,AMANTAR 20CPR+20CPS,1,0.33,7,0,1.00,0,SPINGI_vende_rete15g
Farmastelia,978253464,EPATO24 60CPR,1,0.33,4,0,0,0,VALUTA_taglio
Farmastelia,990545182,ORALB ESSENTIAL FILO CER 50M,1,0.33,10,1,1.00,0,SPINGI_vende_rete15g
Farmastelia,978401370,YAMAMOTO R ASHWAGANDHA 30CPS,1,0.33,7,0,0,0,VALUTA_taglio
Farmastelia,978470627,FDR ACQUA NON ACQUA S/PROF SAL,1,0.33,11,0,0,0,VALUTA_taglio
Farmastelia,978476380,COBAXIL B12 5000MCG 5CPR SUNBL,1,0.33,8,0,11.00,10,SPINGI_vende_rete15g
Farmastelia,978502262,OFFICINALIS ARNICA 90% 500ML,1,0.33,6,0,2.00,0,SPINGI_vende_rete15g
Farmastelia,978508137,NUTRIREGULAR CAPELLI&UN 30CPR,1,0.33,5,0,1.00,0,SPINGI_vende_rete15g
Farmastelia,978623837,CROMOVIT FORTE PHARCOS CR 40ML,1,0.33,13,0,0,0,VALUTA_taglio
Farmastelia,987658820,B-SMART GOCCE OCULARI 10ML,1,0.33,4,0,3.00,0,SPINGI_vende_rete15g
Farmastelia,987658857,URGOSTART CONTACT 5X7CM 3PZ,1,0.33,99,0,0,0,VALUTA_taglio
Farmastelia,978852147,BLEPHADEMODEX GARZE STER 30PZ,1,0.33,3,0,0,0,VALUTA_taglio
Farmastelia,978867909,LIMBICA 14BUST,1,0.33,7,0,6.00,0,SPINGI_vende_rete15g
Farmastelia,979016363,LACTOBIOMA 30CPS,1,0.33,11,0,0,0,VALUTA_taglio
Farmastelia,987747995,FORTIFLORA CANE PLUS 30BUST,1,0.33,5,0,4.00,12,SPINGI_vende_rete15g
Farmastelia,979021375,PEDIAFER SOLUZIONE ORALE 30ML,1,0.33,8,0,0,0,VALUTA_taglio
Farmastelia,990553380,EUREKOL VITREO 30CPS,1,0.33,8,0,0,0,VALUTA_taglio
Farmastelia,979051683,ALOEVERA2 GEL PRIMIT ALOE FGL,1,0.33,7,0,1.00,0,SPINGI_vende_rete15g
Farmastelia,979077866,MD33 C MAX 21MINIBRIK 10ML FIT,1,0.33,3,0,11.00,10,SPINGI_vende_rete15g
Farmastelia,987762352,REDEMASE 500 30CPS,1,0.33,7,2,14.00,9,SPINGI_vende_rete15g
Farmastelia,979092208,BEPANTHENOL PASTA LEN PROT100G,1,0.33,1,3,0,0,VALUTA_taglio
Farmastelia,979096296,DEXYANE CREMA BARRIERA 100ML,1,0.33,10,0,0,0,VALUTA_taglio
Farmastelia,989022191,ESI BIOCOLLAGENIX FT 10DRINK,1,0.33,12,0,45.00,21,SPINGI_vende_rete15g
Farmastelia,979214665,ALGA SUBLIME 500CPS,1,0.33,8,0,0,15,CARRELLO
Farmastelia,987769700,MOVE3 60CPS,1,0.33,2,0,0,9,CARRELLO
Farmastelia,979406814,DENTIFRICIO SALINO 75ML,1,0.33,14,0,1.00,0,SPINGI_vende_rete15g
Farmastelia,979683226,PIC SOLUTION FAZZOLETTINI DISI,1,0.33,11,0,1.00,0,SPINGI_vende_rete15g
Farmastelia,979683315,VAGISIL CREMA AVENA,1,0.33,8,0,0,0,VALUTA_taglio
Farmastelia,979683644,EBERGAS 30CPR,1,0.33,8,0,1.00,0,SPINGI_vende_rete15g
Farmastelia,979683784,MIXMAG 30BUST,1,0.33,7,0,0,0,VALUTA_taglio
Farmastelia,979683998,PROEVO 500 18BUST,1,0.33,10,0,4.00,10,SPINGI_vende_rete15g
Farmastelia,979779954,CONTROL NON STOP RETARD 12PZ,1,0.33,4,6,4.00,0,SPINGI_vende_rete15g
Farmastelia,979784319,NORMALIA FAST 10CPS,1,0.33,9,0,0,0,VALUTA_taglio
Farmastelia,979794106,MULTICENTRUM UOMO 30CPR,1,0.33,9,2,1.00,0,SPINGI_vende_rete15g
Farmastelia,979811217,CATIDRAL PLUS 30BUST,1,0.33,6,0,3.00,0,SPINGI_vende_rete15g
Farmastelia,979817830,BIOENERGEN GOCCE 50ML,1,0.33,99,0,0,0,VALUTA_taglio
Farmastelia,979867330,TRIVAMP CPR,1,0.33,99,0,0,0,VALUTA_taglio
Farmastelia,979945540,RIPANERV 45CPR,1,0.33,6,0,10.00,13,SPINGI_vende_rete15g
Farmastelia,987790870,PLAS POSTBIOTICO 20STICK PACK,1,0.33,5,0,0,0,VALUTA_taglio
Farmastelia,980126623,HYDROXIRAM 30BUST,1,0.33,10,0,7.00,0,SPINGI_vende_rete15g
Farmastelia,987802004,GASTROTAXIL 120ML,1,0.33,8,0,13.00,0,SPINGI_vende_rete15g
Farmastelia,980143008,MASUROTA 50MLD 20CPS,1,0.33,13,0,4.00,8,SPINGI_vende_rete15g
Farmastelia,980197343,SWISSE MEMORIA 60CPS,1,0.33,12,0,0,0,VALUTA_taglio
Farmastelia,987822057,EUREKOL GLAU 60CPS ACIDORESIST,1,0.33,11,0,15.00,0,SPINGI_vende_rete15g
Farmastelia,980258925,COLIN A 600 30F 10ML,1,0.33,9,0,5.00,34,SPINGI_vende_rete15g
Farmastelia,980287041,DEFENCE HAIR SHAMPOO NUTR200ML,1,0.33,7,0,0,0,VALUTA_taglio
Farmastelia,980287092,DEFENCE HAIR SHAMPOO RIDENSIF,1,0.33,12,0,0,0,VALUTA_taglio
Farmastelia,980345209,ALOE PIU SUCCO PURO 10STICK,1,0.33,5,0,0,0,VALUTA_taglio
Farmastelia,980424889,PEA 30CPS,1,0.33,1,0,0,0,VALUTA_taglio
Farmastelia,980430540,CERULISINA FAST ADULTI BAMBINI,1,0.33,12,10,1.00,0,SPINGI_vende_rete15g
Farmastelia,980438497,CONCEIVE PLUS SUP FERT M 60CPS,1,0.33,2,0,0,0,VALUTA_taglio
Farmastelia,980454680,VIDERMINA GEL INTIMO NF 30ML,1,0.33,8,0,2.00,0,SPINGI_vende_rete15g
Farmastelia,980455935,PASTA HOFFMANN SELLA NAT 75ML,1,0.33,7,0,3.00,16,SPINGI_vende_rete15g
Farmastelia,980458261,REUVIS 200ML,1,0.33,1,0,0,0,VALUTA_taglio
Farmastelia,980461711,PROFECUND 30CPR,1,0.33,2,0,0,0,VALUTA_taglio
Farmastelia,980494280,REMESCAR EFF LIFT INST V SHAPE,1,0.33,5,0,0,0,VALUTA_taglio
Farmastelia,980501579,QUEVIR 30CPR,1,0.33,6,0,3.00,17,SPINGI_vende_rete15g
Farmastelia,980512750,CERAMOL LIPOCREMA 311 50ML,1,0.33,11,0,0,0,VALUTA_taglio
Farmastelia,987857125,BENEX 40CPR,1,0.33,6,0,0,0,VALUTA_taglio
Farmastelia,980523726,LACTOVIS PREBIOTICO PROB 100G,1,0.33,7,0,1.00,0,SPINGI_vende_rete15g
Farmastelia,980555801,GASTRO DOLOR 30CPR,1,0.33,5,0,0,0,VALUTA_taglio
Farmastelia,980644254,MARKEUTICALS FOCAL A/DHT 45CPR,1,0.33,6,0,5.00,14,SPINGI_vende_rete15g
Farmastelia,980766719,SIBIOS 23 48OPR,1,0.33,1,0,3.00,0,SPINGI_vende_rete15g
Farmastelia,980769412,ARKOCPS OLIO SEMI ZUCCA 60CPS,1,0.33,11,0,0,10,CARRELLO
Farmastelia,980774412,UNICO OLIO SECCO SPRAY 100ML,1,0.33,12,1,0,0,VALUTA_taglio
Farmastelia,980785695,ANNURMETS HAIR FORTE TRI 60CPR,1,0.33,6,0,0,0,VALUTA_taglio
Farmastelia,980802019,ARGININA PURA POLV SOLUB 100G,1,0.33,1,0,2.00,0,SPINGI_vende_rete15g
Farmastelia,980807224,MAGNESIO MIX 60CPS,1,0.33,2,0,0,9,CARRELLO
Farmastelia,987864156,REMARGIN COLOSTRUM CREMA 30ML,1,0.33,6,0,5.00,0,SPINGI_vende_rete15g
Farmastelia,980815221,PSOZOIL CREMA 100ML,1,0.33,2,0,3.00,0,SPINGI_vende_rete15g
Farmastelia,980818823,LINES SPEC LADY EXTRA 8PZ,1,0.33,5,0,0,0,VALUTA_taglio
Farmastelia,980858385,REFLUS GEL 20STICK PACK,1,0.33,6,0,2.00,8,SPINGI_vende_rete15g
Farmastelia,980860148,LINEAGIN GEL 6APPLX5ML,1,0.33,1,0,5.00,30,SPINGI_vende_rete15g
Farmastelia,980906972,GLICEMY ACT 30CPS,1,0.33,6,0,0,0,VALUTA_taglio
Farmastelia,989054972,SERENOA PURA 120CPR,1,0.33,99,0,0,0,VALUTA_taglio
Farmastelia,980911782,NERADIN 56CPS,1,0.33,11,0,6.00,0,SPINGI_vende_rete15g
Farmastelia,987867215,ZREEN EPATIC PRO 120CPS,1,0.33,4,0,0,0,VALUTA_taglio
Farmastelia,981047970,BOUQUET ORO CREMA PROF CORPO,1,0.33,7,0,0,0,VALUTA_taglio
Farmastelia,981066347,COWIN 30CPS GASTROPROTETTE,1,0.33,11,0,0,0,VALUTA_taglio
Farmastelia,981111925,MUSTELA DETERGENTE DEL 500ML,1,0.33,12,0,1.00,0,SPINGI_vende_rete15g
Farmastelia,981152756,TADIOR 20CPS,1,0.33,7,0,4.00,0,SPINGI_vende_rete15g
Farmastelia,981248317,TOPIALYSE BAUME PROTECT 400ML,1,0.33,5,0,2.00,0,SPINGI_vende_rete15g
Farmastelia,987867227,ZREEN ERBE AMARE 50ML,1,0.33,6,0,3.00,0,SPINGI_vende_rete15g
Farmastelia,981423736,LIMONE OLIO ESSENZIALE NAT10ML,1,0.33,3,0,0,0,VALUTA_taglio
Farmastelia,981438056,DEBROX SPRAY NASO ORECCHIE,1,0.33,4,0,3.00,14,SPINGI_vende_rete15g
Farmastelia,981441900,NP 10 LATTOFERRINA DC 20CPR,1,0.33,99,0,0,0,VALUTA_taglio
Farmastelia,981458641,PRO COLLAGEN VEG 21BUST,1,0.33,6,0,2.00,0,SPINGI_vende_rete15g
Farmastelia,981459439,NEURODINE ACT 12FL 10ML,1,0.33,11,0,5.00,0,SPINGI_vende_rete15g
Farmastelia,981464720,LATTASI 30CPR,1,0.33,7,0,0,29,CARRELLO
Farmastelia,981467816,VERUM FORTELAX 80CPR,1,0.33,11,0,0,0,VALUTA_taglio
Farmastelia,981475698,CERAVE GEL CONTROLLO IMPER40ML,1,0.33,13,7,2.00,0,SPINGI_vende_rete15g
Farmastelia,981499054,NORSAN OMEGA 3 ARKTIS 120CPS,1,0.33,8,3,6.00,2,SPINGI_vende_rete15g
Farmastelia,987867797,ZREEN VITAMINA D3 P 5000 20ML,1,0.33,5,0,2.00,-108,SPINGI_vende_rete15g
Farmastelia,981515467,FIBRAXEN 18BUST,1,0.33,1,0,0,0,VALUTA_taglio
Farmastelia,981515861,RILEVANTE SPRAY NASALE 30ML,1,0.33,12,0,0,0,VALUTA_taglio
Farmastelia,981565118,BENEX BEVIBILE 15STICK 12ML TP,1,0.33,9,0,0,1,CARRELLO
Farmastelia,981647833,VIGOR ACT 30CPR,1,0.33,5,0,1.00,0,SPINGI_vende_rete15g
Farmastelia,988024586,CICAPLAST BAUME B5+ SPF50 40ML,1,0.33,8,4,3.00,0,SPINGI_vende_rete15g
Farmastelia,981930720,ANFLAMED 30BUST,1,0.33,8,0,0,0,VALUTA_taglio
Farmastelia,981936267,LIBERVIT 30BUST,1,0.33,1,0,2.00,9,SPINGI_vende_rete15g
Farmastelia,981974355,CLEAN KILL EXTRA MICRO FAST 1L,1,0.33,6,0,1.00,11,SPINGI_vende_rete15g
Farmastelia,982003459,FERZYM 30CPS,1,0.33,6,0,2.00,0,SPINGI_vende_rete15g
Farmastelia,982011177,DARFAX PLUS 30CPR 1425MG IT,1,0.33,12,0,16.00,0,SPINGI_vende_rete15g
Farmastelia,982089346,BIOSCALIN NOVA GENINA 30CPR,1,0.33,5,0,2.00,0,SPINGI_vende_rete15g
Farmastelia,982145029,AMIOIL CEROTTI 12PZ,1,0.33,7,0,0,0,VALUTA_taglio
Farmastelia,982172619,RILASTIL ELASTICIZZANTE CR E/I,1,0.33,11,0,0,0,VALUTA_taglio
Farmastelia,982377208,LATTASI 15000 40CPR,1,0.33,5,0,0,8,CARRELLO
Farmastelia,982391258,BIOLIFE MELATONIN STRONG 50ML,1,0.33,9,0,0,0,VALUTA_taglio
Farmastelia,982407443,KLORANE SH ULTRA GENTLE AVENA,1,0.33,12,0,0,0,VALUTA_taglio
Farmastelia,982407924,RILASSANDO 30CPR MELATONINA,1,0.33,5,0,0,5,CARRELLO
Farmastelia,982444921,RETIGAN Q10 30BUST,1,0.33,7,0,7.00,0,SPINGI_vende_rete15g
Farmastelia,982451940,TAMARINDO PLUS 70CPS VEG NAT,1,0.33,8,0,7.00,17,SPINGI_vende_rete15g
Farmastelia,982461194,ESTORIAL 24CPR MASTICABILI,1,0.33,4,0,7.00,0,SPINGI_vende_rete15g
Farmastelia,982465357,NORICA PROTEZIONE COMPLETA75ML,1,0.33,11,0,0,0,VALUTA_taglio
Farmastelia,982475319,SERENITY PANTS SD SENS EX XL14,1,0.33,7,1,0,0,VALUTA_taglio
Farmastelia,982475321,SERENITY PANTS SD SENS EX M 12,1,0.33,7,0,4.00,0,SPINGI_vende_rete15g
Farmastelia,982476184,BETAINA CLORIDRATO-T PL180PAST,1,0.33,5,0,0,0,VALUTA_taglio
Farmastelia,989037876,FERRO C COMPLEX 30STICK,1,0.33,7,0,1.00,0,SPINGI_vende_rete15g
Farmastelia,982482034,ASPERSINA BAVA PURE CREMA VISO,1,0.33,10,0,0,0,VALUTA_taglio
Farmastelia,982489433,RESTAX DONNA PLUS 30CPS,1,0.33,10,0,6.00,0,SPINGI_vende_rete15g
Farmastelia,904649668,PRONTOSAN OTC DET LESIONI350ML,1,0.33,8,0,5.00,0,SPINGI_vende_rete15g
Farmastelia,904639186,CYSTOMAN 100 30CPS,1,0.33,6,0,0,0,VALUTA_taglio
Farmastelia,904689700,RIGENAMED PLUS RIGEN/RISTR15ML,1,0.33,1,0,2.00,0,SPINGI_vende_rete15g
Farmastelia,904705213,EUFORTYN 10FL 15ML,1,0.33,8,0,2.00,16,SPINGI_vende_rete15g
Farmastelia,904730773,CREMA VISO PITTA 50ML,1,0.33,2,0,0,0,VALUTA_taglio
Farmastelia,904795150,KUDZU 60CPS,1,0.33,7,0,0,8,CARRELLO
Farmastelia,904807765,ESI RETIN ACTIVE 20CPS,1,0.33,1,0,1.00,0,SPINGI_vende_rete15g
Farmastelia,904816333,VICUTIX SCAR GEL 20G,1,0.33,1,0,1.00,0,SPINGI_vende_rete15g
Farmastelia,904864042,PODIDRAL FAS LATTE 250ML,1,0.33,5,0,1.00,0,SPINGI_vende_rete15g
Farmastelia,904924394,LONGLIFE EPA DHA GOLD 60PRL,1,0.33,9,0,5.00,15,SPINGI_vende_rete15g
Farmastelia,904926779,DESMODIO LIQUIDO 200ML,1,0.33,10,0,0,21,CARRELLO
Farmastelia,904558640,VULNAMIN CREMA 50G,1,0.33,99,0,0,0,VALUTA_taglio
Farmastelia,904976899,IMMUNO ELIOS 30CPR,1,0.33,4,0,0,12,CARRELLO
Farmastelia,905006870,OPTIVE SOLUZIONE OFTALMICA10ML,1,0.33,4,0,0,0,VALUTA_taglio
Farmastelia,904456579,GEHWOL CREMA LIPIDRO 75ML,1,0.33,5,0,1.00,0,SPINGI_vende_rete15g
Farmastelia,905222093,TIOCRONAL 600HR 20CPR,1,0.33,7,0,3.00,8,SPINGI_vende_rete15g
Farmastelia,905273785,FINETOUCH PUNGIDITO,1,0.33,99,0,0,0,VALUTA_taglio
Farmastelia,905294334,ACIDO ALFA LIPOICO 60CPS,1,0.33,13,0,1.00,0,SPINGI_vende_rete15g
Farmastelia,905324834,VENOTONIC CRIOGEL GEL 125ML,1,0.33,9,0,0,0,VALUTA_taglio
Farmastelia,905374714,PHYSIOGEL AI LOZIONE CORPO LEN,1,0.33,11,0,0,0,VALUTA_taglio
Farmastelia,905430409,ALKALOXIMED 20BUST,1,0.33,6,0,0,0,VALUTA_taglio
Farmastelia,982526699,RESTAX SHAMPOO AF DONNA 200ML,1,0.33,6,0,0,0,VALUTA_taglio
Farmastelia,905603066,AMINOTROFIC 30BUSTE,1,0.33,19,0,15.00,15,SPINGI_vende_rete15g
Farmastelia,904045820,TROFOVIT 14FL 10ML,1,0.33,3,0,0,0,VALUTA_taglio
Farmastelia,905624452,RESURGEN 60PRL,1,0.33,2,0,2.00,0,SPINGI_vende_rete15g
Farmastelia,903966176,VENOXIL 30CPR,1,0.33,1,0,1.00,0,SPINGI_vende_rete15g
Farmastelia,905887131,IBP PLUS 30CPR FILMATE,1,0.33,11,0,6.00,0,SPINGI_vende_rete15g
Farmastelia,905898957,LONGLIFE PHOS SERINE 30CPS VEG,1,0.33,8,0,0,0,VALUTA_taglio
Farmastelia,905987614,FITOESTRIL 30CPR,1,0.33,13,0,0,35,CARRELLO
Farmastelia,982596847,NEVRIGAL 15CPS,1,0.33,4,0,0,16,CARRELLO
Farmastelia,906147792,FELBIX 7 GOCCE 30ML,1,0.33,99,0,0,0,VALUTA_taglio
Farmastelia,906367887,SENSIBIO FORTE CREMA 40ML,1,0.33,9,0,0,0,VALUTA_taglio
Farmastelia,906584634,MIRTILLO SUCCO 200ML,1,0.33,4,0,0,0,VALUTA_taglio
Farmastelia,982599250,LAXALOE PROTECT 60CPS VEGETALI,1,0.33,3,0,10.00,0,SPINGI_vende_rete15g
Farmastelia,906618994,KILOCAL 20CPR,1,0.33,11,0,3.00,0,SPINGI_vende_rete15g
Farmastelia,906671666,EUGEL DET VISO CORPO 200ML,1,0.33,5,0,5.00,19,SPINGI_vende_rete15g
Farmastelia,906995776,INTAKE 10FL 10ML,1,0.33,5,0,0,0,VALUTA_taglio
Farmastelia,982604391,URYVET CAT PASTA EVO 15ML,1,0.33,6,0,4.00,0,SPINGI_vende_rete15g
Farmastelia,907048173,BIOXTRA COLLUT ALC FREE 250ML,1,0.33,99,0,0,0,VALUTA_taglio
Farmastelia,907059240,RILASTIL CORPO TRAT SPEC RASSO,1,0.33,15,0,0,0,VALUTA_taglio
Farmastelia,907170409,OLIKER OLIO SHAMPOO 200ML,1,0.33,1,0,1.00,0,SPINGI_vende_rete15g
Farmastelia,907267759,CUSCINETTO DITA MART 1PA,1,0.33,5,0,0,0,VALUTA_taglio
Farmastelia,907280313,DEODORANTE 7 GIORNI CREMA 30ML,1,0.33,11,25,4.00,0,SPINGI_vende_rete15g
Farmastelia,907682595,AMLA HAIR OIL CAPELLI SCURI,1,0.33,5,0,0,0,VALUTA_taglio
Farmastelia,908019553,AFTIR GEL ANTIPARASSITARIO 40G,1,0.33,4,0,3.00,2,SPINGI_vende_rete15g
Farmastelia,908170006,CLINTIME DETERGENTE FLUIDO,1,0.33,4,0,0,0,VALUTA_taglio
Farmastelia,908195249,BIOLASTIC CREMA ELASTICIZZANTE,1,0.33,99,0,0,0,VALUTA_taglio
Farmastelia,982733661,REVEE SCAR GEL 60G,1,0.33,4,0,0,0,VALUTA_taglio
Farmastelia,908223896,LONGLIFE B COMPLEX 50 RG 60TAV,1,0.33,10,0,2.00,0,SPINGI_vende_rete15g
Farmastelia,908232630,DUODERM EX S 5MEDIC 10X10 9194,1,0.33,3,0,9.00,0,SPINGI_vende_rete15g
Farmastelia,908233176,DERMOCLIN IFESPOR 500ML,1,0.33,11,0,2.00,0,SPINGI_vende_rete15g
Farmastelia,982738142,OMNI BIOTIC FLORA PLUS+ 14BUST,1,0.33,1,0,1.00,0,SPINGI_vende_rete15g
Farmastelia,982752432,BUONA DIFESA BABY 20ML,1,0.33,12,0,0,0,VALUTA_taglio
Farmastelia,908487679,GERODERM LIQ 200ML,1,0.33,99,0,0,0,VALUTA_taglio
Farmastelia,908494457,GIBAUD CAVIGL CALZINO SOT COT3,1,0.33,6,0,0,0,VALUTA_taglio
Farmastelia,908546652,UNGHAISIL INDURENTE UNGHIE,1,0.33,99,1,0,0,VALUTA_taglio
Farmastelia,982754792,RILASTIL HYDROTENSEUR GELCREMA,1,0.33,4,0,0,0,VALUTA_taglio
Farmastelia,908646944,VITAMINDERMINA OSSIDO ZINC50ML,1,0.33,3,0,0,0,VALUTA_taglio
Farmastelia,982815906,EPITACT QUERV'ACTIV DESTRO M,1,0.33,4,0,1.00,0,SPINGI_vende_rete15g
Farmastelia,908690605,MEDIGEL 100G,1,0.33,1,0,0,0,VALUTA_taglio
Farmastelia,908726843,NEO MOM POLVERE 20G,1,0.33,16,1,0,0,VALUTA_taglio
Farmastelia,908761125,LONGLIFE C COMPLEX 1000 TR60TA,1,0.33,12,0,2.00,19,SPINGI_vende_rete15g
Farmastelia,908773435,PHYSIOGEL BASE LAVANTE 250ML,1,0.33,9,0,1.00,0,SPINGI_vende_rete15g
Farmastelia,908781216,NORMOGAM OLIO BORRAGINE 25ML,1,0.33,1,0,0,0,VALUTA_taglio
Farmastelia,908919222,LONGLIFE INOSITOL 100CPR,1,0.33,99,0,0,0,VALUTA_taglio
Farmastelia,908925249,STAMPELLA SOTTOASCELLARI 1PAIO,1,0.33,5,0,0,0,VALUTA_taglio
Farmastelia,909065664,M-AID ROLLFLEX CEROTTO 10X15,1,0.33,5,0,0,11,CARRELLO
Farmastelia,903964575,ELASTOVEN 30CPR,1,0.33,13,1,3.00,0,SPINGI_vende_rete15g
Farmastelia,982815918,EPITACT QUERV'ACTIV DESTRO S,1,0.33,7,0,1.00,0,SPINGI_vende_rete15g
Farmastelia,909253534,GUANTO TONIF STR SISAL,1,0.33,5,0,0,3,CARRELLO
Farmastelia,909390104,SEBAMED DET LIQ 1000ML,1,0.33,8,0,1.00,0,SPINGI_vende_rete15g
Farmastelia,909412227,RILASTIL INTEN CR GG 50ML,1,0.33,9,0,0,0,VALUTA_taglio
Farmastelia,909755112,DUODERM IDROGEL C/APPL 10PZ,1,0.33,4,0,1.00,0,SPINGI_vende_rete15g
Farmastelia,909769972,LACTO 5 20CPS,1,0.33,6,0,0,0,VALUTA_taglio
Farmastelia,909814194,INTIMO VEGETALE 250ML,1,0.33,5,0,8.00,4,SPINGI_vende_rete15g
Farmastelia,903704221,FARMACTIVE ALGINATO 10X10CM 10,1,0.33,6,0,0,0,VALUTA_taglio
Farmastelia,909917472,OLIODERBE ALOE 200ML,1,0.33,8,0,0,0,VALUTA_taglio
Farmastelia,910510787,"COLIBEN 50CPS 25,5G",1,0.33,1,0,0,0,VALUTA_taglio
Farmastelia,910633623,KERIUM SH ANTIFORF CAP GRASS,1,0.33,6,8,0,0,VALUTA_taglio
Farmastelia,910878293,ALOEPLUS PASTA ORALE CLASS GAT,1,0.33,5,0,0,4,CARRELLO
Farmastelia,911187918,RIBES NIGRUM 100ML MG,1,0.33,5,0,0,2,CARRELLO
Farmastelia,911958369,MONODERMA C10 GEL 30VEGICAPS,1,0.33,10,0,4.00,14,SPINGI_vende_rete15g
Farmastelia,982821530,CURASEPT GEL PAROD ADS DNA PRO,1,0.33,6,0,0,11,CARRELLO
Farmastelia,912051657,RAPUNZEL BRODO VEG POLV 500G,1,0.33,99,0,0,0,VALUTA_taglio
Farmastelia,912111111,PHYSIOMANNA LAXDEPUR MANNITE,1,0.33,9,0,9.00,19,SPINGI_vende_rete15g
Farmastelia,912255748,OTODINE DET LIQ 50ML,1,0.33,8,0,0,0,VALUTA_taglio
Farmastelia,912280447,GREEN MAGMA POLVERE 150G,1,0.33,2,0,1.00,8,SPINGI_vende_rete15g
Farmastelia,912284445,GHIACCIO PIC ICE SPRAY 150ML,1,0.33,4,12,1.00,0,SPINGI_vende_rete15g
Farmastelia,903627228,GIBAUD ORTHO TUTORE SPALLA,1,0.33,7,0,0,0,VALUTA_taglio
Farmastelia,912619487,PROTOCOL 10G 30FL 25ML,1,0.33,13,0,25.00,0,SPINGI_vende_rete15g
Farmastelia,912650393,PROXERA LIPOGEL RILIP P SECCHE,1,0.33,4,0,0,0,VALUTA_taglio
Farmastelia,912664354,"ACTISORB SILV 220 10,5X10,5 3P",1,0.33,7,0,13.00,0,SPINGI_vende_rete15g
Farmastelia,912823150,RESOURCE THICKENUP NEUTRO 227G,1,0.33,10,0,0,16,CARRELLO
Farmastelia,912827108,DR RUSS BITE ANTIRUSSAMENTO 1P,1,0.33,99,0,0,0,VALUTA_taglio
Farmastelia,912939129,CREMA THUJA E HAMAMELIS 75ML,1,0.33,99,0,0,0,VALUTA_taglio
Farmastelia,982909689,SEDIVITAX ADVANCED 30CPS,1,0.33,11,0,0,0,VALUTA_taglio
Farmastelia,982919957,AMUCHINA GEL X-GERM 600ML IT,1,0.33,3,0,13.00,0,SPINGI_vende_rete15g
Farmastelia,912946326,CALMAREM FORTE 20CPR,1,0.33,1,0,0,0,VALUTA_taglio
Farmastelia,913108546,EPAVIN 50ML,1,0.33,4,0,6.00,9,SPINGI_vende_rete15g
Farmastelia,913108623,SERENVIN 50ML,1,0.33,3,0,0,0,VALUTA_taglio
Farmastelia,913152397,IALUMAR SOLUZIONE ISOTON SPRAY,1,0.33,7,0,0,12,CARRELLO
Farmastelia,982931370,ESI DONNA LIFE CICLO MESTRUALE,1,0.33,6,0,0,0,VALUTA_taglio
Farmastelia,913228072,CLEARBLUE RILEVAZIONE RAPIDA1P,1,0.33,11,0,0,0,VALUTA_taglio
Farmastelia,913516314,SNELSI' 250ML,1,0.33,8,0,1.00,19,SPINGI_vende_rete15g
Farmastelia,913516757,META MU 40CPS,1,0.33,8,0,0,0,VALUTA_taglio
Farmastelia,913818973,BERRIER ADULTI 5+5FL 2ML CLASS,1,0.33,5,0,0,0,VALUTA_taglio
Farmastelia,913838874,ANSIOTEN GOCCE 30ML,1,0.33,6,0,1.00,9,SPINGI_vende_rete15g
Farmastelia,982941686,ESENTA FILM PROT SALV 30PZ,1,0.33,5,0,0,0,VALUTA_taglio
Farmastelia,920344569,NASIR LAV NASALE FISIOL 10+1,1,0.33,11,0,0,0,VALUTA_taglio
Farmastelia,920372911,"TRIDERM DOCCIASCH PH3,5 400ML",1,0.33,2,0,4.00,0,SPINGI_vende_rete15g
Farmastelia,920411826,CLOREXYDERM OTO LIQ 50ML,1,0.33,6,0,0,0,VALUTA_taglio
Farmastelia,920965807,MAGCITRA MAGNESIO CITRATO60CPR,1,0.33,9,0,1.00,0,SPINGI_vende_rete15g
Farmastelia,982945622,OPTIVE SOLUZIONE OFTALMICA10ML,1,0.33,3,0,2.00,0,SPINGI_vende_rete15g
Farmastelia,903600486,SERENITY CLASS RETT S/BARR30PZ,1,0.33,4,0,0,0,VALUTA_taglio
Farmastelia,921222612,REV IDRAX BOTU' 50ML,1,0.33,8,0,1.00,0,SPINGI_vende_rete15g
Farmastelia,903596765,RIBES PET RECOVERY 60PRL,1,0.33,10,0,0,0,VALUTA_taglio
Farmastelia,921391948,DAMIANA & MUIRA PUAMA 100PAST,1,0.33,99,0,0,0,VALUTA_taglio
Farmastelia,921530263,SPRAY REMOVER S/ALCOOL 50ML,1,0.33,9,0,3.00,0,SPINGI_vende_rete15g
Farmastelia,982947994,ERUPLAST+ NEL 19CM CH12 60PZ,1,0.33,99,0,0,0,VALUTA_taglio
Farmastelia,922017811,CONDRONIL COMPLEX 30BUST,1,0.33,7,0,18.00,17,SPINGI_vende_rete15g
Farmastelia,922318338,FORTIMEL POWDER NEUTRO 335G,1,0.33,99,0,0,0,VALUTA_taglio
Farmastelia,903570481,SERENITY PANN SD MAXI L 15PZ,1,0.33,13,0,0,0,VALUTA_taglio
Farmastelia,922330840,CERAMOL CREMABASE 400ML 311,1,0.33,9,0,13.00,29,SPINGI_vende_rete15g
Farmastelia,922374335,FORTE 24CPS,1,0.33,8,0,0,0,VALUTA_taglio
Farmastelia,922472143,DEPURATIVO FEGATO POTENZIATO,1,0.33,1,0,0,13,CARRELLO
Farmastelia,922473665,EU STRESS 75CPS,1,0.33,8,0,1.00,0,SPINGI_vende_rete15g
Farmastelia,922540455,SEBIUM GEL MOUSSANT 500ML,1,0.33,7,0,3.00,0,SPINGI_vende_rete15g
Farmastelia,922546888,FLEE SPRAY DOMESTICO ANTIPULCI,1,0.33,5,0,0,0,VALUTA_taglio
Farmastelia,922764269,RETOPIX FLUIDO 10 FIALE DA 2ML,1,0.33,5,0,0,0,VALUTA_taglio
Farmastelia,922764283,RETOPIX SPRAY CANE/GATTO 100ML,1,0.33,99,0,0,0,VALUTA_taglio
Farmastelia,922765829,DEFLANIL PLUS 30CPR,1,0.33,6,0,0,0,VALUTA_taglio
Farmastelia,903468940,SEBIUM GEL MOUSSANT 200ML,1,0.33,11,1,0,0,VALUTA_taglio
Farmastelia,903449142,TEA TREE OIL 10ML,1,0.33,6,0,1.00,0,SPINGI_vende_rete15g
Farmastelia,922992526,CONCEIVE PLUS LUBR VAG 8X4G,1,0.33,3,0,0,0,VALUTA_taglio
Farmastelia,923135343,REDONYL ULTRA 50MG CA/GA 60CPS,1,0.33,12,0,0,0,VALUTA_taglio
Farmastelia,923302374,GEHWOL MED CREMA ANTI CALLOSIT,1,0.33,4,0,1.00,0,SPINGI_vende_rete15g
Farmastelia,923395014,VISAVEN 24CPR,1,0.33,5,0,0,0,VALUTA_taglio
Farmastelia,923425565,NUTRIVA LIPO 600 30CPR,1,0.33,12,0,0,12,CARRELLO
Farmastelia,923449007,EMOFORM AFTASPRAY 15ML,1,0.33,6,0,0,0,VALUTA_taglio
Farmastelia,982951384,RODIOLA 60CPS,1,0.33,99,0,0,0,VALUTA_taglio
Farmastelia,923509614,CARIEX SPRAY DENTALE 50ML,1,0.33,1,0,0,1,CARRELLO
Farmastelia,923514549,VULVOVAGI SPRAY 20ML,1,0.33,99,0,8.00,0,SPINGI_vende_rete15g
Farmastelia,923589612,ACQUA VIRGINIANA LOZ MULTIATT,1,0.33,12,0,1.00,0,SPINGI_vende_rete15g
Farmastelia,923744953,ESI DIURERBE FORTE LIM24POCKET,1,0.33,9,0,0,0,VALUTA_taglio
Farmastelia,982951446,SINOGEL SIR 3ML AGO G21,1,0.33,11,0,1.00,0,SPINGI_vende_rete15g
Farmastelia,923811741,ESI NORMOLIP 5 30CPS,1,0.33,8,0,2.00,0,SPINGI_vende_rete15g
Farmastelia,924038058,PHYSIOMANCE MITOCHONDRIE 30CPS,1,0.33,4,0,0,2,CARRELLO
Farmastelia,982951473,TOCASLIM VANIGLIA 20BUST,1,0.33,99,0,0,0,VALUTA_taglio
Farmastelia,924273598,BETULLA B LINFA AN GEMM10+ 100,1,0.33,2,0,1.00,0,SPINGI_vende_rete15g
Farmastelia,924273636,RIBES NE ANALCO GEMMO10+ 200ML,1,0.33,99,0,0,0,VALUTA_taglio
Farmastelia,982952246,CENTELLA 60CPS,1,0.33,3,0,1.00,0,SPINGI_vende_rete15g
Farmastelia,982952259,MELILOTO 60CPS,1,0.33,99,0,0,0,VALUTA_taglio
Farmastelia,903364584,VEA BUCATO SAP NAT 500G,1,0.33,5,0,0,0,VALUTA_taglio
Farmastelia,924601646,DERMOXEN DET INTIMO DIABETICI,1,0.33,12,0,0,0,VALUTA_taglio
Farmastelia,924757711,AIDERM SEBO 30CPR,1,0.33,1,0,0,0,VALUTA_taglio
Farmastelia,924824244,DUOMEGA CANI GRANDI 30CPS,1,0.33,12,0,0,46,CARRELLO
Farmastelia,924833700,ZARED 2 40BUST STICK PACK,1,0.33,9,0,1.00,10,SPINGI_vende_rete15g
Farmastelia,924874579,ACTINICA LOTION 80ML,1,0.33,99,0,0,0,VALUTA_taglio
Farmastelia,924880432,DRENAMIX GD+ESTR INTEGR S/ALCO,1,0.33,8,0,1.00,0,SPINGI_vende_rete15g
Farmastelia,924922178,CERAMOL BETA CREMA PALPEBRALE,1,0.33,11,0,2.00,0,SPINGI_vende_rete15g
Farmastelia,924928310,OLINORM CREMA INTIMA 50ML,1,0.33,2,0,1.00,0,SPINGI_vende_rete15g
Farmastelia,924931951,SENSURA MIO430 CLK AP MX TR 50,1,0.33,4,0,1.00,0,SPINGI_vende_rete15g
Farmastelia,924961360,FREESTYLE OPTIUM TEST STR 25PZ,1,0.33,6,0,21.00,0,SPINGI_vende_rete15g
Farmastelia,924978683,MIGRENI' 30CPR,1,0.33,3,0,3.00,0,SPINGI_vende_rete15g
Farmastelia,924995071,VIGORPET GATTI PASTA 50G,1,0.33,8,0,0,0,VALUTA_taglio
Farmastelia,982953642,ZYMEREX GASTRO ACTIV 3 AZIONI,1,0.33,10,0,0,0,VALUTA_taglio
Farmastelia,925042044,FMC EPATO GOCCE ORALI 50ML,1,0.33,3,0,2.00,0,SPINGI_vende_rete15g
Farmastelia,925500959,DIVERCOL 14BUST,1,0.33,9,0,1.00,0,SPINGI_vende_rete15g
Farmastelia,925632731,AUSILIUM BAU 100G,1,0.33,3,0,1.00,0,SPINGI_vende_rete15g
MPF,972532232,CERAMOL FLUIDO BETA COMPLEX,78,25.69,1,9,1.00,20,SPINGI_vende_rete15g
MPF,946449954,NATURAL VITA D3 100PRL,27,8.89,1,3,0,26,CARRELLO
MPF,977368253,DERMOVITAMINA FILM SPR 30ML,26,8.56,2,3,1.00,8,SPINGI_vende_rete15g
MPF,982946687,CERAMOL SPOT BLOCK 20ML,23,7.58,1,4,0,12,CARRELLO
MPF,984599769,ALTRAPELLE MEDICAL MICOSI PIED,21,6.92,1,5,0,34,CARRELLO
MPF,989046646,EUCERIN EAA HF SIERO EPIGENET,20,6.59,2,6,0,48,CARRELLO
MPF,987401243,DT OIL CONTROL SHAMPOO 200ML,19,6.26,3,77,1.00,39,SPINGI_vende_rete15g
MPF,950938959,LFP DAILYP AMINO ESS 18BUST,19,6.26,3,23,0,125,CARRELLO
MPF,989409115,"ISOMAR OCCHI RO AI 0,20% 10ML",16,5.27,1,176,20.00,66,SPINGI_vende_rete15g
MPF,989408467,CERAMOL LOTION DS 50ML,16,5.27,1,5,0,50,CARRELLO
MPF,935810960,VAGISIL INTIMA GEL IDRAT MONOD,16,5.27,2,4,3.00,0,SPINGI_vende_rete15g
MPF,979016348,BIFIBIOMA 30CPS,16,5.27,1,15,0,269,CARRELLO
MPF,982946699,CERAMOL SUN FACE CREAM SPF50+,15,4.94,1,12,0,197,CARRELLO
MPF,935590974,POLIDENT LUNGA TENUTA 70G,15,4.94,3,133,8.00,32,SPINGI_vende_rete15g
MPF,976293783,DERMOVITAMINA MICO TRATTA/COL,15,4.94,4,17,0,5,CARRELLO
MPF,903627228,GIBAUD ORTHO TUTORE SPALLA,14,4.61,1,14,0,12,CARRELLO
MPF,943295067,MASSIGEN PAPPA REALE 10FL 25ML,13,4.28,2,8,4.00,19,SPINGI_vende_rete15g
MPF,944775170,PROMENSIL MENOPAUSA FORTE30CPR,13,4.28,13,0,0,10,CARRELLO
MPF,975862905,MAGNESIO POTASSIO ACT PLUS 14B,12,3.95,1,60,2.00,30,SPINGI_vende_rete15g
MPF,931152742,OMEGA3 VITI TRIPLA AZIONE60PRL,12,3.95,3,41,3.00,2,SPINGI_vende_rete15g
MPF,930530682,DERMAFRESH ODOR CONTROL CREMA,11,3.62,1,3,4.00,3,SPINGI_vende_rete15g
MPF,026725034,REGAINE*SOLUZ 60ML 5%,11,3.62,10,0,4.00,0,SPINGI_vende_rete15g
MPF,984866309,EMOFORM GLIC PRO COLLUTORIO,11,3.62,2,23,1.00,75,SPINGI_vende_rete15g
MPF,025519048,"MAG 2*OS GRAT 20BUST 2,25G",11,3.62,8,13,0,21,CARRELLO
MPF,978269532,LAEVOLAC STICK 10BUST,11,3.62,2,12,4.00,78,SPINGI_vende_rete15g
MPF,976206262,CERAMOL MB 30 50ML,11,3.62,1,4,0,23,CARRELLO
MPF,949645396,DR VITI DRENANTE ANANAS 500ML,10,3.29,2,6,0,45,CARRELLO
MPF,029851084,"MOVICOL*CIOCCOL BB 20BUST 6,9G",10,3.29,1,0,5.00,0,SPINGI_vende_rete15g
MPF,047883032,DICLOFENAC TEVA*GEL 60G 10MG/G,10,3.29,1,13,0,-6,VALUTA_taglio
MPF,982476285,LACDIGEST LACTOFREE 30CPR,10,3.29,6,4,23.00,69,SPINGI_vende_rete15g
MPF,931925109,ELMEX SENSITIVE PROF 75ML,10,3.29,2,17,11.00,35,SPINGI_vende_rete15g
MPF,935740946,MELLIS CAP SH RID LEN 200ML,10,3.29,4,3,4.00,33,SPINGI_vende_rete15g
MPF,947224984,ARNICA VITI 90% 100ML,9,2.96,5,12,0,0,VALUTA_taglio
MPF,921773836,SOFARGEN SPRAY MEDIC POLV125ML,9,2.96,3,61,3.00,28,SPINGI_vende_rete15g
MPF,989665373,PREBIOBARRIER 30CPR RIVESTITE,9,2.96,2,7,0,20,CARRELLO
MPF,980784134,VAGISIL DEODORANTE INT SPRAY,8,2.64,2,12,0,0,VALUTA_taglio
MPF,905683443,SUPRAVIT CREATINA GRAN 20BUST,8,2.64,4,0,0,0,VALUTA_taglio
MPF,972765921,EUCERIN HYAL FILL EL NTT 50ML,8,2.64,5,4,0,13,CARRELLO
MPF,984642569,UNIPRIL COLESTEROLO 30CPS GAST,8,2.64,1,30,0,21,CARRELLO
MPF,973652908,CEREBRAIN 12FL 15ML,8,2.64,3,6,5.00,0,SPINGI_vende_rete15g
MPF,984819894,NEURODOL ACIDO LIPOICO 30CPR,8,2.64,12,0,1.00,0,SPINGI_vende_rete15g
MPF,923022735,CERAMOL BETA PASTA ALL'ACQUA,8,2.64,2,10,0,0,VALUTA_taglio
MPF,909084550,VAGISIL POLVERE PROTECT PLUS,7,2.31,3,11,7.00,41,SPINGI_vende_rete15g
MPF,984866677,EUCERIN SUN FACE HYDRO PROT50+,7,2.31,2,6,0,0,VALUTA_taglio
MPF,982946713,CERAMOL SUN PROT CREAM SPF50+,7,2.31,1,13,0,147,CARRELLO
MPF,949975977,SAUGELLA ATTIVA VAGINOSI GEL,7,2.31,1,5,0,4,CARRELLO
MPF,947182832,OLIGO MSM PLUS 60TAV,7,2.31,1,5,1.00,16,SPINGI_vende_rete15g
MPF,980512774,CERAMOL KELORED 30ML,7,2.31,1,10,0,14,CARRELLO
MPF,049770062,ARTEMIS*120CPR RIV 500MG,7,2.31,1,20,0,245,CARRELLO
MPF,976772208,MERIDOL DENTIFRICIO BITUBO75ML,7,2.31,2,12,20.00,25,SPINGI_vende_rete15g
MPF,926561489,IALUSET SILVER SPRAY 125ML,6,1.98,3,14,73.00,0,SPINGI_vende_rete15g
MPF,973472943,MICROLIFE AFIB ADVANCED EASY,6,1.98,10,6,1.00,0,SPINGI_vende_rete15g
MPF,906039348,SERENITY MUTANDINA RETE XL 3P,6,1.98,2,0,0,0,VALUTA_taglio
MPF,949437471,DR VITI CREMA COLLAGENE ANTIR,6,1.98,3,5,1.00,19,SPINGI_vende_rete15g
MPF,923485003,ARION EASY-SLIDE INFILACALZE L,6,1.98,3,0,2.00,0,SPINGI_vende_rete15g
MPF,983665441,EUCERIN ANTI-PIGMENT GG LIGHT,6,1.98,2,6,0,0,VALUTA_taglio
MPF,985821115,BIOSCALIN TRICOAGE FIALE,6,1.98,4,0,3.00,0,SPINGI_vende_rete15g
MPF,985820861,EUCERIN P/SENS OLIO DOCCIA 400,6,1.98,2,30,2.00,55,SPINGI_vende_rete15g
MPF,989332782,AVENE SOL SPR SPF 50 200ML,6,1.98,4,16,10.00,140,SPINGI_vende_rete15g
MPF,982539280,LFP SAZIOPEP 500 30CPR,6,1.98,1,10,0,88,CARRELLO
MPF,979016363,LACTOBIOMA 30CPS,6,1.98,1,5,0,90,CARRELLO
MPF,975761356,POLIDENT AZIONE TOTALE 66CPR,6,1.98,1,19,0,34,CARRELLO
MPF,984881401,AVENE RISTRUTTURANTE DOPO200ML,6,1.98,8,11,4.00,23,SPINGI_vende_rete15g
MPF,906269535,MEDI 9007 INFILA CALZE,6,1.98,99,0,0,0,VALUTA_taglio
MPF,982934010,FITOSTIMOLINE SEPTAGEL GEL VAG,5,1.65,2,7,3.00,0,SPINGI_vende_rete15g
MPF,035760089,NEOBORO GOLADO*SPRAY LIM&MIELE,5,1.65,1,36,1.00,60,SPINGI_vende_rete15g
MPF,900589286,OTOVENT 5PALLONCINI+1CANNULA,5,1.65,7,0,1.00,0,SPINGI_vende_rete15g
MPF,902182005,ASTENIX 12BUST,5,1.65,1,3,1.00,47,SPINGI_vende_rete15g
MPF,943372843,PRINCIPIUM B12 1000 60CPR SUBL,5,1.65,7,0,4.00,0,SPINGI_vende_rete15g
MPF,947473880,RESVERATROX 60CPS,5,1.65,1,7,0,21,CARRELLO
MPF,950276725,GIBAUD ORTHO CORS LOMB ACT V 3,5,1.65,6,3,0,15,CARRELLO
MPF,975454986,CONNETTIVINASILVER PLUS SPRAY,5,1.65,3,20,4.00,42,SPINGI_vende_rete15g
MPF,975922295,PERDITA DI PESO 60CPS,5,1.65,10,0,3.00,0,SPINGI_vende_rete15g
MPF,980143236,MICROLIFE MISUR PRESS B3 AFIB,5,1.65,4,8,0,16,CARRELLO
MPF,980431151,DICLOREUM EMATOSOLL GEL 50ML,5,1.65,5,38,1.00,0,SPINGI_vende_rete15g
MPF,980532446,DEFENCE MY AGE GOLD CR RIC50ML,5,1.65,22,0,9.00,0,SPINGI_vende_rete15g
MPF,981067287,EUCERIN SUN ACTINIC CONTROL100,5,1.65,1,16,0,0,VALUTA_taglio
MPF,982539328,LFP DERMOCREMA PANTENOLO 100ML,5,1.65,3,22,0,23,CARRELLO
MPF,986395933,CERAMOL PSOR CREMA 200ML,5,1.65,2,5,3.00,61,SPINGI_vende_rete15g
MPF,987757667,LIPEDESIN 30BUST,5,1.65,6,0,33.00,0,SPINGI_vende_rete15g
MPF,989417074,IRILENS GOCCE OCULARI 10FL,5,1.65,3,25,1.00,9,SPINGI_vende_rete15g
MPF,986106425,BAKEL COL-TECH CASE&REFILL30ML,4,1.32,1,1,0,114,CARRELLO
MPF,970515831,LFP ENZITASI 30COMPRESSE,4,1.32,1,3,0,91,CARRELLO
MPF,943322685,CONNECTASYL 60CPR,4,1.32,5,0,20.00,0,SPINGI_vende_rete15g
MPF,950063661,ANTIOSSIDANTE SUPREMO 60PAST,4,1.32,2,0,0,0,VALUTA_taglio
MPF,976769618,RINO SHOWER PIC DOCCIA NASALE,4,1.32,1,11,0,4,CARRELLO
MPF,935293872,PSORAXIL ORO 30CPR,4,1.32,5,0,2.00,0,SPINGI_vende_rete15g
MPF,900466703,DERCOS SHAMPOO ENERG 200ML,4,1.32,7,36,0,42,CARRELLO
MPF,920892217,LFP SOLECAP 30CPS,4,1.32,2,56,0,424,CARRELLO
MPF,984867236,CARNIDYN BOOST 10FL,4,1.32,9,5,2.00,0,SPINGI_vende_rete15g
MPF,980774677,COLPHARMA EASY 2 KIT COMPL AER,4,1.32,3,13,0,4,CARRELLO
MPF,029851173,MOVICOL*SENZA AROMA BB 20BUST,4,1.32,4,0,0,0,VALUTA_taglio
MPF,977610587,TONICO ENERGIZZANTE ACT 12FL,4,1.32,1,21,0,0,VALUTA_taglio
MPF,980136523,TENA SILHOUETTE NOIR L V/A 8PZ,4,1.32,1,4,0,4,CARRELLO
MPF,985581622,LFP PRO ENERSAL 12BUST,4,1.32,3,29,0,0,VALUTA_taglio
MPF,042028011,OKITASK*OS GRAT 10BUST 40MG,4,1.32,9,73,6.00,0,SPINGI_vende_rete15g
MPF,903958852,BETOTAL 20CPR RIVESTITE,4,1.32,2,21,0,0,VALUTA_taglio
MPF,987649744,NUTRIVA NEUROLEV COMPLEX30BUST,4,1.32,1,0,0,0,VALUTA_taglio
MPF,981385026,VITIS ORTHODONTIC COLLUT 500ML,4,1.32,2,3,1.00,0,SPINGI_vende_rete15g
MPF,950838223,SUPRADYN EXPERT MAGNESIO 60CPS,4,1.32,3,26,6.00,2,SPINGI_vende_rete15g
MPF,950928717,HERPES OIL OLIO SANT'ANTONIO,4,1.32,3,0,0,0,VALUTA_taglio
MPF,048922013,ZEFLAVON*30CPR RIV 500MG,4,1.32,6,12,0,59,CARRELLO
MPF,027910013,FEXALLEGRA NASALE*SPRAY FL10ML,4,1.32,8,20,0,34,CARRELLO
MPF,988339178,NANCARE KIDS IMMUNITY 60GUMM,4,1.32,1,4,0,28,CARRELLO
MPF,935592927,MIOVEN GEL 100ML,4,1.32,2,10,3.00,38,SPINGI_vende_rete15g
MPF,980430540,CERULISINA FAST ADULTI BAMBINI,4,1.32,14,0,1.00,0,SPINGI_vende_rete15g
MPF,047665068,VOLTADVANCEGO*20CPS MOLLI 25MG,4,1.32,6,22,0,12,CARRELLO
MPF,982823748,LFP GINSENG ELEUTEROC10FL 10ML,4,1.32,4,5,0,16,CARRELLO
MPF,984462503,PREP CREMA TALLONI 75ML,4,1.32,14,0,0,0,VALUTA_taglio
MPF,035500091,VOLTADVANCE*30CPR RIV 25MG,4,1.32,3,36,12.00,73,SPINGI_vende_rete15g
MPF,935631630,MELLIS MED SHAMPOO 125ML,4,1.32,5,5,6.00,6,SPINGI_vende_rete15g
MPF,941963528,BETOTAL ADVANCE B12 15FL,4,1.32,8,39,3.00,13,SPINGI_vende_rete15g
MPF,989816412,VESVEIN GAMBE SOLLIEVO 30CPR,4,1.32,9,11,6.00,0,SPINGI_vende_rete15g
MPF,975984535,CONDRONIL FORTE 20BUST,4,1.32,12,0,7.00,11,SPINGI_vende_rete15g
MPF,940000399,DEFLUX 20STICK MONODOSE 10ML,4,1.32,7,0,1.00,14,SPINGI_vende_rete15g
MPF,990312961,MULTICENTRUM U50+ 30CPR PROM26,4,1.32,1,4,0,0,VALUTA_taglio
MPF,984702201,BAKEL JALU-3D PATCHES 40PZ,3,0.99,1,2,0,126,CARRELLO
MPF,971621964,CONNETTIVINABIO CREMA 25G,3,0.99,7,14,5.00,22,SPINGI_vende_rete15g
MPF,984876641,DOLOMIA MU LIP 32 PHYTOCARE,3,0.99,3,4,0,11,CARRELLO
MPF,924531116,DEODORANTE BELLEZZA ROLL-ON,3,0.99,2,14,1.00,0,SPINGI_vende_rete15g
MPF,943008577,"SUPARTZ SIR INTRA-ART 2,5ML 3P",3,0.99,7,2,0,127,CARRELLO
MPF,972256642,CALCIOK2 30STICK PACK,3,0.99,11,0,8.00,0,SPINGI_vende_rete15g
MPF,985771777,LACTOFLORENE PANCIA PIAT20BUST,3,0.99,5,8,8.00,105,SPINGI_vende_rete15g
MPF,023589031,STREPTOSIL NEOMICINA*POLV 10G,3,0.99,99,2,2.00,10,SPINGI_vende_rete15g
MPF,985778556,CERAMOL IAGE CONC POWER SERUM,3,0.99,2,4,0,200,CARRELLO
MPF,985778568,CERAMOL IAGE EYE CREAM 15ML,3,0.99,1,3,0,98,CARRELLO
MPF,976203950,FRUTTA & FIBRE CLASSICO 30CPR,3,0.99,9,0,2.00,0,SPINGI_vende_rete15g
MPF,985824085,EUCERIN HYAL FILL BOOSTER NTT,3,0.99,5,3,0,0,VALUTA_taglio
MPF,947423707,LONGLIFE BERBERIN+ 60TAV RIVES,3,0.99,7,0,2.00,0,SPINGI_vende_rete15g
MPF,973590019,CERAMOL BETA CREMA INTIMA 50ML,3,0.99,1,12,5.00,71,SPINGI_vende_rete15g
MPF,973603006,TIGERPET SPRAY 300ML,3,0.99,7,0,0,0,VALUTA_taglio
MPF,023603184,PEVARYL*SOL CUT GINEC 60ML 1%,3,0.99,1,8,1.00,53,SPINGI_vende_rete15g
MPF,986395958,CERAMOL PSOR LOZIONE 50ML,3,0.99,3,6,0,48,CARRELLO
MPF,986699573,MULTICENTRUM NEO MAMMA DHA,3,0.99,5,7,1.00,22,SPINGI_vende_rete15g
MPF,986783025,"ACUVIS GOCCE OCULARI 10FL 0,5M",3,0.99,1,11,1.00,4,SPINGI_vende_rete15g
MPF,008997064,DULCOLAX*40CPR RIV 5MG,3,0.99,10,100,14.00,32,SPINGI_vende_rete15g
MPF,974368159,ESI MULTICOMPLEX VIT C 90CPR,3,0.99,9,3,3.00,30,SPINGI_vende_rete15g
MPF,922334925,NEOVAXITIOL 12FL,3,0.99,1,98,0,64,CARRELLO
MPF,974772319,ADOLFAST 20CPR MASTIC BLISTER,3,0.99,14,0,2.00,0,SPINGI_vende_rete15g
MPF,987296845,ANAPHASE CADUTA ASSOTT SH400ML,3,0.99,1,11,0,35,CARRELLO
MPF,930057005,GIBAUD ORTHO CAVIGL AIRFORM,3,0.99,1,1,0,0,VALUTA_taglio
MPF,987336450,GIBAUD GINOCCH COT SOT BEI 2,3,0.99,5,0,1.00,0,SPINGI_vende_rete15g
MPF,975020583,AVENE DERMABSOLU CONT OCCHI,3,0.99,4,0,2.00,21,SPINGI_vende_rete15g
MPF,987403805,PARANIX SHAMPOO TRATT TP 200ML,3,0.99,12,0,3.00,0,SPINGI_vende_rete15g
MPF,987881669,CERAMOL SPOT BLOCK XL 50ML,3,0.99,2,5,0,52,CARRELLO
MPF,988032708,TOLERIANE KERIUM DS CONC 40ML,3,0.99,6,17,0,11,CARRELLO
MPF,975054735,EUCERIN AQUAPHOR TRATT RIPA,3,0.99,5,3,0,0,VALUTA_taglio
MPF,975082847,GIBAUD SPORT CAVIGLIERA 3,3,0.99,3,1,0,0,VALUTA_taglio
MPF,988922807,EMOFORM DENT CREMA ADES 45G TP,3,0.99,8,0,1.00,19,SPINGI_vende_rete15g
MPF,989332857,AVENE SOL SPRAY SPF 30 200ML,3,0.99,7,9,3.00,72,SPINGI_vende_rete15g
MPF,900531118,MUTANDA ERNIA C/CUSC 5,3,0.99,8,0,0,0,VALUTA_taglio
MPF,926417472,CLIADENT COLLUTORIO DENTI SENS,3,0.99,1,5,1.00,13,SPINGI_vende_rete15g
MPF,990001861,ZZZQUIL SONNO+ ANTISTRESS28CPS,3,0.99,9,23,2.00,0,SPINGI_vende_rete15g
MPF,985778618,CERAMOL IAGE NIGHT TREATMENT,3,0.99,1,6,0,202,CARRELLO
MPF,977366208,BIOREPAIR PERIBIOMA DENTIF75ML,3,0.99,6,23,5.00,31,SPINGI_vende_rete15g
MPF,023834144,"FLUIFORT*SCIR 12BUST 2,7G/10ML",3,0.99,12,11,0,0,VALUTA_taglio
MPF,025647114,TROSYD*SOLUZ UNGUEALE 12ML 28%,3,0.99,12,22,4.00,12,SPINGI_vende_rete15g
MPF,925599971,"MERIDOL CLOREX0,2% COLLUT300ML",3,0.99,1,11,1.00,4,SPINGI_vende_rete15g
MPF,978267831,MATT PHARMA D-MANNOSIO 12BUST,3,0.99,13,0,3.00,11,SPINGI_vende_rete15g
MPF,978473167,LFP OMEGA3 90CPS,3,0.99,1,30,0,227,CARRELLO
MPF,979097538,HYALO GYN GEL 10APPL MONODOSE,3,0.99,7,8,11.00,42,SPINGI_vende_rete15g
MPF,907152882,VASODREN 30CPR FILMATE,3,0.99,8,0,8.00,31,SPINGI_vende_rete15g
MPF,038354027,FLECTOR UNIDIE*8CER MED 14MG,3,0.99,7,9,0,35,CARRELLO
MPF,980247504,TISANOREICA BEVANDA CAPPUCCINO 4 B,3,0.99,1,3,0,9,CARRELLO
MPF,941867222,ARMORES NATURA VIT C NAT 60CPR,3,0.99,10,0,6.00,28,SPINGI_vende_rete15g
MPF,980512750,CERAMOL LIPOCREMA 311 50ML,3,0.99,9,7,0,0,VALUTA_taglio
MPF,980644254,MARKEUTICALS FOCAL A/DHT 45CPR,3,0.99,7,0,5.00,0,SPINGI_vende_rete15g
MPF,926461839,MTS10 GANODERMA GTT 20ML,3,0.99,6,0,0,0,VALUTA_taglio
MPF,936018237,ENTEROGERMINA GONFIORE 20BUST,3,0.99,5,6,9.00,30,SPINGI_vende_rete15g
MPF,981079864,BIOARGININA C ORALE 20FL,3,0.99,4,25,6.00,42,SPINGI_vende_rete15g
MPF,934408663,BIOTHYMUS AC ACT D SH VOL200ML,3,0.99,3,4,1.00,0,SPINGI_vende_rete15g
MPF,950939076,LFP AGE F SKIN COLLAGENE 20F,3,0.99,3,17,0,86,CARRELLO
MPF,951043494,HYALU B5 CREMA RICARICA 50ML,3,0.99,10,3,0,0,VALUTA_taglio
MPF,921232450,PESCURA FLAT ORIG BYCAST SAB43,3,0.99,10,0,1.00,0,SPINGI_vende_rete15g
MPF,982893238,EXTRA GENTLE DERMOPROT SH200ML,3,0.99,12,0,0,0,VALUTA_taglio
MPF,900191469,VITREOXIGEN 20CPR,3,0.99,6,7,4.00,0,SPINGI_vende_rete15g
MPF,950130688,DERCOS SHAMPOO ANTIFORFORA SEC,3,0.99,1,13,0,35,CARRELLO
MPF,951332422,EUGLYCEM 30CPR,3,0.99,12,0,48.00,6,SPINGI_vende_rete15g
MPF,983665466,EUCERIN ANTI-PIGMENT GG MEDIUM,3,0.99,1,12,0,0,VALUTA_taglio
MPF,944742004,MULTIVITAMIX VITAMINA D2000 UI,3,0.99,2,7,3.00,0,SPINGI_vende_rete15g
MPF,938457823,BD MICROFINE AGO PENTA G32 4MM,3,0.99,7,0,0,0,VALUTA_taglio
MPF,905954350,GIBAUD ORTHO BRACC ELBOWGIB 2,3,0.99,1,2,0,6,CARRELLO
MPF,927234498,ATOGYN DISP IGIEN VAG 125ML2PZ,3,0.99,6,0,7.00,0,SPINGI_vende_rete15g
MPF,913156675,BIAFIN EMULSIONE CUTANEA 100ML,3,0.99,10,0,3.00,20,SPINGI_vende_rete15g
MPF,970357036,AZULENE GTT OCULARI 10ML,3,0.99,11,0,0,27,CARRELLO
MPF,023227061,"EMORRIL*CREMA 40G 1%+1,5%",3,0.99,6,21,2.00,11,SPINGI_vende_rete15g
MPF,901156758,ALKAGIN POLVERE INTIMA 100G,3,0.99,8,0,2.00,0,SPINGI_vende_rete15g
MPF,948006541,SIBEN FLU 14BUST,3,0.99,1,8,0,0,VALUTA_taglio
MPF,974885307,ANNURMETS HDL+ 30CPR,2,0.66,99,0,0,0,VALUTA_taglio
MPF,975189301,FLAVIS BREAD MIX 500G,2,0.66,14,5,0,0,VALUTA_taglio
MPF,975399003,LFP SOL LATTE CORPO 50+ 100ML,2,0.66,2,6,0,0,VALUTA_taglio
MPF,975427345,GIBAUD CLASSIC CINT POSTOP LE4,2,0.66,1,7,0,7,CARRELLO
MPF,975427358,GIBAUD CLASSIC CINT POSTOP LE5,2,0.66,2,3,0,0,VALUTA_taglio
MPF,975816164,SAUBER ANTITRASP 72ORE CREMA,2,0.66,1,7,0,0,VALUTA_taglio
MPF,975816315,COLPHARMA MAGNETO CARE HOME,2,0.66,10,0,0,0,VALUTA_taglio
MPF,975896440,GIBAUD ORTHO DORSOLOMBOGIB 4,2,0.66,12,0,1.00,0,SPINGI_vende_rete15g
MPF,976770077,ZEROALL GOCCE 30ML,2,0.66,4,0,0,0,VALUTA_taglio
MPF,977406457,LFP ATTIVO VITAMINA C 20% 20ML,2,0.66,2,5,0,70,CARRELLO
MPF,977657939,LFP CREMA RID RINNOV TRIC 50ML,2,0.66,6,5,0,24,CARRELLO
MPF,977662030,AVENE CICALFATE+CR RISTRUT40ML,2,0.66,18,0,0,0,VALUTA_taglio
MPF,977671243,DERMOVITAMINA VERRUCHE 2ML,2,0.66,7,10,1.00,16,SPINGI_vende_rete15g
MPF,978269153,DERCOS KERASOL SHAMPOO 250ML,2,0.66,2,24,0,0,VALUTA_taglio
MPF,978436739,GICAR CREMA 50ML,2,0.66,7,0,0,0,VALUTA_taglio
MPF,979393321,LFP OLIOSHAMPOO DERMOAFF 200ML,2,0.66,3,4,0,41,CARRELLO
MPF,979418821,BILIARIS LIQUIDO ANALC 200ML,2,0.66,6,0,0,0,VALUTA_taglio
MPF,980299491,SIG SET DOFF N'DONNER,2,0.66,1,0,0,0,VALUTA_taglio
MPF,980436416,AMELAN CREMA 30ML,2,0.66,16,0,0,0,VALUTA_taglio
MPF,980911770,NERADIN 28CPS,2,0.66,7,0,2.00,0,SPINGI_vende_rete15g
MPF,980917165,KEYLIFE DETOX UOMO,2,0.66,1,6,0,28,CARRELLO
MPF,981273776,CLIADENT IDROPULSORE,2,0.66,3,1,0,0,VALUTA_taglio
MPF,981389341,DERMON DETERGENTE INTIMO 500ML,2,0.66,3,15,7.00,26,SPINGI_vende_rete15g
MPF,982145029,AMIOIL CEROTTI 12PZ,2,0.66,5,0,0,0,VALUTA_taglio
MPF,982475333,SERENITY PANTS SD SENS EX L 12,2,0.66,8,0,37.00,0,SPINGI_vende_rete15g
MPF,982514364,BIOREM GOCCE 30ML,2,0.66,5,0,0,0,VALUTA_taglio
MPF,982823763,LFP RICARICA PLUS 20BUST,2,0.66,6,4,0,21,CARRELLO
MPF,983374063,PHOTODERM CREME CLAIRE SPF50+,2,0.66,4,0,0,0,VALUTA_taglio
MPF,983466362,DONNA PIU' 60CPS,2,0.66,7,0,0,0,VALUTA_taglio
MPF,983513716,KUKIDENT PLUS BARRI A/CI FR40G,2,0.66,4,3,18.00,0,SPINGI_vende_rete15g
MPF,983697741,VICHY HOMME DEO CC 96H ROLL 50,2,0.66,2,3,1.00,27,SPINGI_vende_rete15g
MPF,983746999,APROPOS TUSS SCIR ADULTI 150ML,2,0.66,1,12,0,18,CARRELLO
MPF,983832825,COXALT 20CPR,2,0.66,3,0,2.00,0,SPINGI_vende_rete15g
MPF,984098689,REV DEOMED PLUS CREMA 80ML,2,0.66,3,0,0,22,CARRELLO
MPF,984177713,ACUTIL ADULTI 55+ 24CPR,2,0.66,3,10,0,66,CARRELLO
MPF,984361319,PPM COLLAGEN+ 30BUST,2,0.66,7,0,10.00,0,SPINGI_vende_rete15g
MPF,984411847,LFP OLIO CORPO 5 OLI 100ML,2,0.66,4,13,0,6,CARRELLO
MPF,984412229,DOLOMIA MU MAT OCCHI 58 CARBO,2,0.66,3,3,0,20,CARRELLO
MPF,984599744,ALTRAPELLE MEDICAL ONICO SOLUZ,2,0.66,1,3,1.00,15,SPINGI_vende_rete15g
MPF,984621298,SWISSE MULTIVITAMINICO D 30CPR,2,0.66,2,4,0,0,VALUTA_taglio
MPF,984622694,LFP CREMA PIEDI 75ML,2,0.66,5,10,0,12,CARRELLO
MPF,984702187,LFP TERMOCREMA ARNICA 50ML,2,0.66,1,18,0,18,CARRELLO
MPF,984703773,COLLAFORCE SUPER 10000 450G,2,0.66,7,0,4.00,0,SPINGI_vende_rete15g
MPF,984876730,LFP SIERO LIFTING COLLAG 50ML,2,0.66,6,6,0,52,CARRELLO
MPF,984950485,CERAMOL GLOBAL DEF 30CPR,2,0.66,2,22,1.00,149,SPINGI_vende_rete15g
MPF,985581127,LFP PEAWELL TASK 12STICK,2,0.66,3,28,0,55,CARRELLO
MPF,985723675,PEDIAVIT GOCCE 15ML,2,0.66,4,0,3.00,0,SPINGI_vende_rete15g
MPF,985778467,LFP LATTE RISC VISO OCCHI400ML,2,0.66,4,6,0,22,CARRELLO
MPF,985917943,POLIDENT POWER MAX SUPER 40G,2,0.66,7,4,0,3,CARRELLO
MPF,985995543,INSULIPID 60CPR,2,0.66,9,0,2.00,0,SPINGI_vende_rete15g
MPF,986013201,GIBAUD ORTHO LOMBOGIB TECH 3,2,0.66,7,4,0,58,CARRELLO
MPF,986395945,CERAMOL PSOR SHAMPOO ATT 200ML,2,0.66,8,3,0,59,CARRELLO
MPF,986913756,SEBIUM HYDRA CLEANSER 200ML,2,0.66,12,0,1.00,0,SPINGI_vende_rete15g
MPF,986921740,FLAVIS DELIZIA ALLE ERBE 130G,2,0.66,5,0,0,0,VALUTA_taglio
MPF,986956629,PHYTO COL BARRIERA 20CPR,2,0.66,3,0,0,0,VALUTA_taglio
MPF,987025766,PIC SOFT WASH SCHIZZETTO 490ML,2,0.66,9,0,0,31,CARRELLO
MPF,987221456,CUMAVIS CREMA 100ML,2,0.66,7,0,0,0,VALUTA_taglio
MPF,987269038,MERIDOL COLLUTORIO PAROD 400ML,2,0.66,4,3,6.00,25,SPINGI_vende_rete15g
MPF,987309679,PEGBIOMA 30BUST,2,0.66,5,21,1.00,0,SPINGI_vende_rete15g
MPF,987386099,ANTHELIOS LATTE UVMUNE BB250ML,2,0.66,99,17,3.00,0,SPINGI_vende_rete15g
MPF,988142927,EKEEP G3 SHORT FULL FOAM TUT,2,0.66,6,6,0,24,CARRELLO
MPF,988148146,CLAREMASE ORALE 20FL,2,0.66,3,25,4.00,117,SPINGI_vende_rete15g
MPF,988339154,NANCARE KIDS MULTIVIT 60GUMM,2,0.66,1,5,0,14,CARRELLO
MPF,988753214,PEVARYL MICOSI UNGHIA 14ML,2,0.66,5,0,0,0,VALUTA_taglio
MPF,989270602,MULTIVITAMIX B12 12FL,2,0.66,3,22,20.00,6,SPINGI_vende_rete15g
MPF,989408594,DOLOMIA SC HD BALSAMO 200ML,2,0.66,2,6,0,53,CARRELLO
MPF,989408796,LFP DOCCIASPORT POMPELMO 600ML,2,0.66,2,18,0,64,CARRELLO
MPF,989408810,LFP FISIODETERGENTE 300ML,2,0.66,5,19,1.00,0,SPINGI_vende_rete15g
MPF,989415373,SUSTENIUM PLUS 50+ 15FL,2,0.66,7,12,4.00,0,SPINGI_vende_rete15g
MPF,989976838,BAKEL NIA TECH CR NORM CASE&RE,2,0.66,1,1,0,38,CARRELLO
MPF,986013225,GIBAUD ORTHO LOMBOGIB TECH 4,2,0.66,9,3,0,13,CARRELLO
MPF,900976135,ULTRA TWO MULTIVIT 90TAV,2,0.66,99,0,0,0,VALUTA_taglio
MPF,938124373,CLEBOLIDER CREMA IDRAT 150ML,2,0.66,10,0,0,0,VALUTA_taglio
MPF,926511320,KOMBUCHA 750ML,2,0.66,2,0,15.00,0,SPINGI_vende_rete15g
MPF,949990840,BIOKAP LOZIONE ANTIFORFORA NF,2,0.66,6,0,1.00,0,SPINGI_vende_rete15g
MPF,938061177,SAMEFAST UP 20CPR,2,0.66,7,6,0,4,CARRELLO
MPF,926593601,ESI DIURERBE FORTE ANAN24POCK,2,0.66,4,12,0,14,CARRELLO
MPF,908620646,"SAUGELLA GEL INTIMO PH5,5 30ML",2,0.66,7,3,0,13,CARRELLO
MPF,901735062,CREDO TAGLIACALLI SICUREZZA,2,0.66,6,0,0,0,VALUTA_taglio
MPF,943779001,ASTAR 3D 20CPS MOLLI,2,0.66,8,0,1.00,0,SPINGI_vende_rete15g
MPF,947456479,VITA K2 50CPS VEG,2,0.66,9,0,0,13,CARRELLO
MPF,909089031,ACQUA SIRMIONE MIN NAT 6F 15ML,2,0.66,7,89,7.00,28,SPINGI_vende_rete15g
MPF,909108363,RIBES PET 30PRL,2,0.66,8,0,7.00,0,SPINGI_vende_rete15g
MPF,945098325,REUTERAL PET CANE 30CPS,2,0.66,6,0,9.00,10,SPINGI_vende_rete15g
MPF,041536020,NUROFENBABY*10SUPP 60MG,2,0.66,8,0,1.00,0,SPINGI_vende_rete15g
MPF,025561010,SOFARGEN*CREMA 30G 1%,2,0.66,9,6,0,4,CARRELLO
MPF,041736012,ITAMIFAST*10CPR RIV 25MG,2,0.66,10,0,0,11,CARRELLO
MPF,942007663,PRONTEX PHYSIO ISOTON 5ML 20F,2,0.66,9,0,0,0,VALUTA_taglio
MPF,942224445,SIDERAL ORO 14MG 20BUST,2,0.66,10,0,2.00,0,SPINGI_vende_rete15g
MPF,042922017,NEXIUM CONTROL*7CPR GASTR 20MG,2,0.66,1,33,0,0,VALUTA_taglio
MPF,930411121,"SINOVIAL 32 SIR INTRA-ART 1,6%",2,0.66,11,0,0,13,CARRELLO
MPF,938467281,BROMELINA 100CPR,2,0.66,6,0,0,0,VALUTA_taglio
MPF,945140174,EUPH COLORPRO XD 907 BIOND,2,0.66,6,4,0,0,VALUTA_taglio
MPF,911002184,SHAKTI CREMA VISO MOLYWIND,2,0.66,7,0,1.00,0,SPINGI_vende_rete15g
MPF,911958369,MONODERMA C10 GEL 30VEGICAPS,2,0.66,8,0,4.00,5,SPINGI_vende_rete15g
MPF,930700644,LONGLIFE SOD 2000 60CPR RIVES,2,0.66,9,0,0,0,VALUTA_taglio
MPF,943921597,MASSIGEN MULTIGUMMY 60CARAM,2,0.66,3,5,4.00,16,SPINGI_vende_rete15g
MPF,931052500,XVENO 30CPR,2,0.66,7,0,4.00,0,SPINGI_vende_rete15g
MPF,912468131,"NUTRITIC LABBRA 4,7ML",2,0.66,5,81,0,17,CARRELLO
MPF,012745081,TACHIPIRINA*BB OS GTT 30ML 10%,2,0.66,3,47,2.00,0,SPINGI_vende_rete15g
MPF,913228072,CLEARBLUE RILEVAZIONE RAPIDA1P,2,0.66,9,15,0,0,VALUTA_taglio
MPF,903964575,ELASTOVEN 30CPR,2,0.66,7,0,3.00,0,SPINGI_vende_rete15g
MPF,940083470,BROMELINA PLUS 500 60CPS,2,0.66,11,0,2.00,0,SPINGI_vende_rete15g
MPF,931580575,GSE EYE DROPS CLICK GTT 10PIP,2,0.66,8,6,0,28,CARRELLO
MPF,931601102,IALUSET PLUS GARZA 10X10 10PZ,2,0.66,6,6,5.00,0,SPINGI_vende_rete15g
MPF,046175081,MACROGOL AURO*20BUST 10G,2,0.66,2,0,25.00,0,SPINGI_vende_rete15g
MPF,931656805,TAE X ROSE CREMA 60ML,2,0.66,10,0,4.00,0,SPINGI_vende_rete15g
MPF,940431012,VITA B7 50CPS VEGETALI,2,0.66,1,0,7.00,0,SPINGI_vende_rete15g
MPF,944473774,LONGLIFE LATTOFERRINA200 30CPS,2,0.66,3,0,0,0,VALUTA_taglio
MPF,921189243,OXILIFE 30CPS,2,0.66,8,0,0,0,VALUTA_taglio
MPF,950216426,MECLON INTIMA CONTROLLO ATTIVO,2,0.66,5,13,1.00,15,SPINGI_vende_rete15g
MPF,931991309,FLEBOSTAX 30CPR,2,0.66,11,0,0,0,VALUTA_taglio
MPF,020702080,MAALOX PLUS*30CPR MAST,2,0.66,11,22,2.00,23,SPINGI_vende_rete15g
MPF,932178371,INTERPROX PLUS NANO ROSA 6PZ,2,0.66,1,4,1.00,0,SPINGI_vende_rete15g
MPF,904695234,PROPOL2 EMF SPRAY FORTE 30ML,2,0.66,7,0,0,0,VALUTA_taglio
MPF,049990017,VAGISIL ANTIMICOTICO*CR 30G 2%,2,0.66,2,17,0,9,CARRELLO
MPF,942260326,EUPHIDRA AMIDO INTIMO GEL,2,0.66,16,0,1.00,0,SPINGI_vende_rete15g
MPF,021004179,BISOLVON*SCIR FL 200ML 8MG/5ML,2,0.66,1,339,0,15,CARRELLO
MPF,932720915,ENVISUN DOPOS REPELLENTE 100ML,2,0.66,10,0,1.00,0,SPINGI_vende_rete15g
MPF,029500030,CIBALGINA DUE FAST*12CPR 200MG,2,0.66,3,0,2.00,0,SPINGI_vende_rete15g
MPF,922364068,DERCOS SHAMPO ANTIFORF SENSITI,2,0.66,5,13,1.00,4,SPINGI_vende_rete15g
MPF,943942452,TANNIDIN PLUS 30CPR MAST,2,0.66,8,0,6.00,0,SPINGI_vende_rete15g
MPF,922925918,ESI LE DIECI ERBE FLOR 60CPS,2,0.66,6,17,0,22,CARRELLO
MPF,933950255,JOY GOCCE 20ML,2,0.66,9,0,1.00,0,SPINGI_vende_rete15g
MPF,948088935,SAUGELLA POLIGYN SALV 15PZ,2,0.66,1,3,0,0,VALUTA_taglio
MPF,934028743,DERMOVITAMINA MICO PIEDE ATLET,2,0.66,4,14,1.00,0,SPINGI_vende_rete15g
MPF,021528157,"TAMARINE*MARMEL260G 80+3,9MG/G",2,0.66,9,3,3.00,19,SPINGI_vende_rete15g
MPF,022632107,NEOBOROCILLINA*20PAST S/Z,2,0.66,4,34,6.00,43,SPINGI_vende_rete15g
MPF,949973503,DIABEC 60CPS MOLLI,2,0.66,9,0,18.00,21,SPINGI_vende_rete15g
MPF,923502140,DEODORANTE STRESS RESIST ROLL,2,0.66,3,21,5.00,12,SPINGI_vende_rete15g
MPF,947065140,ARTIKRILL CRESCITA 90CPR,2,0.66,7,0,6.00,0,SPINGI_vende_rete15g
MPF,923738025,LFP PROSTACOMPLEX 30CPS,2,0.66,3,16,0,36,CARRELLO
MPF,924217856,ANELLO PLASMABILE STOMIA 2MM,2,0.66,4,0,0,0,VALUTA_taglio
MPF,924268788,ELMEX SENSITIVE PROF COLLUT,2,0.66,4,26,5.00,44,SPINGI_vende_rete15g
MPF,934857867,LACRIMALFA SOL OFTALMICA 10ML,2,0.66,5,0,0,0,VALUTA_taglio
MPF,934863960,CERAMOL BALSAMO CAPELLI 200ML,2,0.66,8,13,1.00,52,SPINGI_vende_rete15g
MPF,934869658,SELIMA 30CPR,2,0.66,5,0,2.00,0,SPINGI_vende_rete15g
MPF,900288299,"CER ROC LEUKOPOR 2,50X920CM",2,0.66,7,0,0,0,VALUTA_taglio
MPF,924587239,MAGNESIO C/VITAMINE B 30CPR,2,0.66,12,0,2.00,0,SPINGI_vende_rete15g
MPF,947073019,AVEC 30CPR MASTICABILI,2,0.66,7,0,0,28,CARRELLO
MPF,943294746,TENDISULFUR RUN 14BUST,2,0.66,10,0,0,0,VALUTA_taglio
MPF,924924830,ARIFER PLUS 30CPS,2,0.66,7,0,3.00,0,SPINGI_vende_rete15g
MPF,935572988,LICHTENA CREMA COMPL OCTA 25ML,2,0.66,11,0,3.00,0,SPINGI_vende_rete15g
MPF,950221818,KUKIDENT PLUS MORSO INSUPERAB,2,0.66,8,96,3.00,20,SPINGI_vende_rete15g
MPF,925223327,LFP REFLUXCONTROL 24CPR,2,0.66,3,24,0,79,CARRELLO
MPF,944800984,LONGLIFE QUERCETINA 200 60CPR,2,0.66,8,0,1.00,0,SPINGI_vende_rete15g
MPF,950276713,GIBAUD ORTHO CORS LOMB ACT V 2,2,0.66,3,3,0,0,VALUTA_taglio
MPF,900750136,P6 NAUSEA CONTROL BRACCIALE BB,2,0.66,6,6,0,0,VALUTA_taglio
MPF,935808927,IRIDIL SALV LAVAOCCHI 28PZ,2,0.66,2,4,0,14,CARRELLO
MPF,944292527,MAGNESIO POTASSIO S/ZUCCH60CPR,2,0.66,4,4,21.00,71,SPINGI_vende_rete15g
MPF,925942346,CLINNIX CREMA SMAGLIATURE300ML,2,0.66,8,0,0,0,VALUTA_taglio
MPF,926194465,SEMI DI LINO MACINATI 200G,2,0.66,4,0,0,0,VALUTA_taglio
MPF,908019553,AFTIR GEL ANTIPARASSITARIO 40G,2,0.66,10,0,3.00,0,SPINGI_vende_rete15g
MPF,937030892,NOVA PROST 30CPS SOFTGEL,2,0.66,10,0,1.00,13,SPINGI_vende_rete15g
MPF,951091913,EUCERIN DC SIERO TRIPLA AZ40ML,2,0.66,4,3,0,0,VALUTA_taglio
MPF,951091925,EUCERIN DC TONICO PURIF 200ML,2,0.66,2,3,0,2,CARRELLO
MPF,951318575,DOLOMIA MU MASCARA VERTI01 BLA,2,0.66,1,5,0,33,CARRELLO
MPF,951365218,LIPIKAR BAUME AP+MAX 200ML,2,0.66,5,4,0,31,CARRELLO
MPF,951507779,POLASE PLUS CARNITINA PRO24BUS,2,0.66,5,10,4.00,0,SPINGI_vende_rete15g
MPF,951870310,POLASE SPORT POWDER REG 10BUST,2,0.66,5,73,13.00,84,SPINGI_vende_rete15g
MPF,970212508,LIPIKAR GEL LAVANT 400ML,2,0.66,2,54,3.00,17,SPINGI_vende_rete15g
MPF,970304628,PANCIA PIATTA ACT 30CPS,2,0.66,5,23,0,0,VALUTA_taglio
MPF,970362404,LEGEL CREMA-GEL 150ML,2,0.66,5,0,2.00,0,SPINGI_vende_rete15g
MPF,970371403,PROCINEX 24STICK 15ML,2,0.66,5,0,6.00,0,SPINGI_vende_rete15g
MPF,970371706,PROPAUSA GEL INTIMO 30ML,2,0.66,5,0,1.00,0,SPINGI_vende_rete15g
MPF,970540896,VITA ACT MULTIVITAM 50+ 30CPR,2,0.66,2,6,11.00,21,SPINGI_vende_rete15g
MPF,971393917,B-VITAL TOTALE 30CPR RIVESTITE,2,0.66,10,0,9.00,0,SPINGI_vende_rete15g
MPF,971636535,CARBITECH 30CPR,2,0.66,11,0,2.00,0,SPINGI_vende_rete15g
MPF,971968122,VICHY HOMME DEO ANTI-MACCHIE,2,0.66,3,8,1.00,0,SPINGI_vende_rete15g
MPF,972472854,DUALCOL FERMENTI 10CPS,2,0.66,8,0,0,0,VALUTA_taglio
MPF,972790404,STOMODINE F 30ML,2,0.66,8,0,2.00,0,SPINGI_vende_rete15g
MPF,973499852,OLIO DEL RE SPRAY NASALE 30ML,2,0.66,8,0,0,0,VALUTA_taglio
MPF,973662036,CITILPEA 30BUST,2,0.66,5,3,1.00,0,SPINGI_vende_rete15g
MPF,973916909,ARNICA BIANCARDI GEL EXF 200ML,2,0.66,99,0,0,0,VALUTA_taglio
MPF,974036713,PUFATECH 100PRL,2,0.66,6,0,5.00,0,SPINGI_vende_rete15g
MPF,974367029,LIPOTECH 800 20CPR,2,0.66,12,0,3.00,0,SPINGI_vende_rete15g
MPF,974770505,FORHANS DENTIF SCUDO NAT 75ML,2,0.66,8,0,0,14,CARRELLO
MPF,935634028,LONGLIFE 5-HTP 60CPS VEG,1,0.33,9,0,1.00,0,SPINGI_vende_rete15g
MPF,935780585,CLARUBIN 20BUST,1,0.33,10,0,0,0,VALUTA_taglio
MPF,935784001,DDM FERRO 30CPR,1,0.33,8,0,0,-1,VALUTA_taglio
MPF,935798102,MOST DERMICTIOL SHAMPOO 150ML,1,0.33,9,0,0,0,VALUTA_taglio
MPF,935836825,ACNIBEN REPAIR DET 180ML 2018,1,0.33,11,0,0,0,VALUTA_taglio
MPF,935848489,BIOKAP NUTRICDEL SPRAY RIT CS,1,0.33,6,0,11.00,0,SPINGI_vende_rete15g
MPF,935877086,DANASE KAL 20CPR,1,0.33,8,0,5.00,0,SPINGI_vende_rete15g
MPF,935973521,THD CREAM EMORROIDI 30ML,1,0.33,6,0,1.00,0,SPINGI_vende_rete15g
MPF,936005519,MASSIGEN C VITI 500MG 60CPS,1,0.33,12,0,0,0,VALUTA_taglio
MPF,936008349,GELX SPRAY ORAL 100ML,1,0.33,10,0,0,0,VALUTA_taglio
MPF,937030815,ARGIVIT 14BUST,1,0.33,13,0,13.00,47,SPINGI_vende_rete15g
MPF,938597059,MIRAGYN OLIO SPRAY 100ML,1,0.33,16,0,0,0,VALUTA_taglio
MPF,938283001,MGK VIS POCKET STICK ARA 12BST,1,0.33,99,0,0,0,VALUTA_taglio
MPF,938058118,VIDERMINA GEL INT MONOD 6F 5ML,1,0.33,15,0,0,0,VALUTA_taglio
MPF,937494488,CONVEEN OPTIMA GUAINA 30MM 30P,1,0.33,10,0,13.00,0,SPINGI_vende_rete15g
MPF,937494425,CONVEEN OPTIMA GUAINA 25MM 30P,1,0.33,5,0,0,0,VALUTA_taglio
MPF,937106781,DESMODIO 15AMPOLLE,1,0.33,99,0,0,0,VALUTA_taglio
MPF,000367072,"TISANA KELEMATA*20BUST 1,3G",1,0.33,1,7,20.00,0,SPINGI_vende_rete15g
MPF,002955060,XAMAMINA MAL DI VIAG*6CPS 50MG,1,0.33,10,28,26.00,28,SPINGI_vende_rete15g
MPF,004758025,PURSENNID*40CPR RIV 12MG,1,0.33,5,68,5.00,109,SPINGI_vende_rete15g
MPF,004853026,VALERIANA DISPERT*60CPR 45MG,1,0.33,2,8,2.00,0,SPINGI_vende_rete15g
MPF,004853038,VALERIANA DISPERT*100CPR 45MG,1,0.33,2,6,7.00,0,SPINGI_vende_rete15g
MPF,005556016,ORTODERMINA*CREMA 50G 5%,1,0.33,7,0,4.00,0,SPINGI_vende_rete15g
MPF,005556028,ORTODERMINA*CREMA 10G 5%,1,0.33,5,0,0,1,CARRELLO
MPF,005781048,MAGNESIA BISURATA AROM*80CPR,1,0.33,7,15,1.00,31,SPINGI_vende_rete15g
MPF,016222073,CENTELLASE*30CPR 30MG,1,0.33,10,22,10.00,110,SPINGI_vende_rete15g
MPF,019875095,CONNETTIVINA*GEL 30G 2MG/G,1,0.33,5,0,4.00,12,SPINGI_vende_rete15g
MPF,020708069,MYLICON*BB OS GTT 30ML,1,0.33,7,18,0,0,VALUTA_taglio
MPF,021004041,BISOLVON*LINCTUS SCIR FL 250ML,1,0.33,3,18,0,13,CARRELLO
MPF,023177090,NAPROSYN*OS 30BUST 250MG,1,0.33,3,0,0,40,CARRELLO
MPF,023603196,PEVARYL*SOL CUT 30ML 1% SPRAY,1,0.33,1,6,1.00,31,SPINGI_vende_rete15g
MPF,023907140,BETADINE*10GARZE IMPREGN 10x10,1,0.33,6,11,3.00,0,SPINGI_vende_rete15g
MPF,023907177,BETADINE*SOLUZ CUT FL 50ML 10%,1,0.33,99,0,1.00,0,SPINGI_vende_rete15g
MPF,024428195,MUCOSOLVAN*20PASTL 15MG,1,0.33,3,12,1.00,0,SPINGI_vende_rete15g
MPF,024552046,ARVENUM*60CPR RIV 500MG,1,0.33,13,3,8.00,18,SPINGI_vende_rete15g
MPF,025218102,MICLAST*SOL CUT FL 30ML 10MG/G,1,0.33,7,0,0,0,VALUTA_taglio
MPF,025319043,NEOOPTALIDON*8CPR RIV,1,0.33,11,0,0,0,VALUTA_taglio
MPF,025647049,TROSYD*EMULS CUT 30G 1%,1,0.33,11,0,0,0,VALUTA_taglio
MPF,025669348,MOMENT*OS SOSP 8BUST 200MG,1,0.33,1,0,4.00,0,SPINGI_vende_rete15g
MPF,025829223,MOMENDOL*12CPS MOLLI 220MG,1,0.33,6,49,6.00,0,SPINGI_vende_rete15g
MPF,025982202,FALVIN*2CPS VAG MOLLI 1000MG,1,0.33,7,0,0,0,VALUTA_taglio
MPF,027244072,FLOMAX*OS GRAT 20BUST 350MG,1,0.33,10,85,3.00,4,SPINGI_vende_rete15g
MPF,027668019,LATTULOSIO SAND*SCIR 180ML,1,0.33,12,17,2.00,0,SPINGI_vende_rete15g
MPF,028122063,"ONILAQARE*SMALTO UNGHIE 2,5ML",1,0.33,12,0,2.00,12,SPINGI_vende_rete15g
MPF,028424012,FLEBOSTASIN R*30CPS 50MG RM,1,0.33,4,0,0,0,VALUTA_taglio
MPF,029032036,CODEX*10BUST 5MLD 250MG,1,0.33,6,8,0,0,VALUTA_taglio
MPF,029278013,"KETOFTIL*COLL FL 10ML 0,5MG/ML",1,0.33,2,4,0,35,CARRELLO
MPF,029305012,YOVIS*OS GRAT 10BUST 1G,1,0.33,99,0,0,0,VALUTA_taglio
MPF,032040014,COLLIRIO ALFA OCCHIO SEC*20FL,1,0.33,3,3,10.00,15,SPINGI_vende_rete15g
MPF,032056020,"EUCLORINA*POLV SOL 10BUST 2,5G",1,0.33,8,10,1.00,0,SPINGI_vende_rete15g
MPF,033656416,ENANTYUM*10BS SOLUZ 25MG 10ML,1,0.33,5,21,2.00,0,SPINGI_vende_rete15g
MPF,033656442,ENANTYUM*20CPR RIV 25MG,1,0.33,8,37,4.00,65,SPINGI_vende_rete15g
MPF,034220032,CRYSTACIDE*CREMA 25G 1%,1,0.33,99,0,0,0,VALUTA_taglio
MPF,034283869,NIQUITIN*7CER TRANSD 21MG/24H,1,0.33,10,0,0,0,VALUTA_taglio
MPF,035355015,TANTUM VERDE GENG E STOM*240ML,1,0.33,1,26,1.00,0,SPINGI_vende_rete15g
MPF,035598022,ECOCILLIN*6CPS VAG MOLLI,1,0.33,3,0,0,12,CARRELLO
MPF,035618077,MOMENTACT*OS SOSP 8BUST 400MG,1,0.33,4,3,5.00,13,SPINGI_vende_rete15g
MPF,035953025,"LAXIPEG*OS POLV 20BUST 9,7G",1,0.33,10,11,2.00,0,SPINGI_vende_rete15g
MPF,036397014,REPARIL*GEL 40G 1%+5%,1,0.33,7,20,0,0,VALUTA_taglio
MPF,037028026,EDEVEN CM*GEL TUBO 40G 2%+5%,1,0.33,3,0,0,0,VALUTA_taglio
MPF,037291097,CAREXIDIL*3FL SOLUZ CUT 60ML2%,1,0.33,12,0,0,0,VALUTA_taglio
MPF,037466024,KETONOVA*SHAMPOO 120ML 20MG/G,1,0.33,6,0,3.00,0,SPINGI_vende_rete15g
MPF,040657013,FASTUM ANTIDOLORIFICO*1% 50G,1,0.33,1,13,1.00,0,SPINGI_vende_rete15g
MPF,041734017,VEGETALLUMINA ANTID*GEL 50G10%,1,0.33,10,0,0,11,CARRELLO
MPF,042045017,MIOTENS CONTRATTURE E DOL*SCH,1,0.33,4,41,2.00,52,SPINGI_vende_rete15g
MPF,042311011,MINOXIDIL BIORGA*SOL CUT60ML5%,1,0.33,11,0,1.00,0,SPINGI_vende_rete15g
MPF,042858011,BETADINE*SOLUZ CUT 125ML 10%,1,0.33,1,6,0,0,VALUTA_taglio
MPF,044140010,BETADINE*SOLUZ CUT 125ML 10%,1,0.33,99,0,2.00,0,SPINGI_vende_rete15g
MPF,044356020,BRUFEN DOLORE*OS 24BUST 40MG,1,0.33,4,10,4.00,20,SPINGI_vende_rete15g
MPF,044608065,FLECTORGO*20CPS MOLLI 25MG,1,0.33,1,16,1.00,0,SPINGI_vende_rete15g
MPF,045952013,FASTUFLEX*5CER MEDIC 180MG,1,0.33,13,0,0,14,CARRELLO
MPF,046080026,ENTEROGERMINA*OS 10FL 2MLD/5ML,1,0.33,4,29,2.00,39,SPINGI_vende_rete15g
MPF,046545012,VICKS FLU GIORNO NOTTE*12+4CPR,1,0.33,11,0,0,0,VALUTA_taglio
MPF,047812045,DAFLON*30CPR RIV 500MG,1,0.33,3,18,5.00,53,SPINGI_vende_rete15g
MPF,049985017,CANDAZOL*CREMA VAG 30G 2%,1,0.33,3,0,0,0,VALUTA_taglio
MPF,051378014,MUSCORIL DOLORE*GEL 60G 20MG/G,1,0.33,99,0,0,0,VALUTA_taglio
MPF,800112361,CRATAEGUS OXYA 60ML TM,1,0.33,99,0,0,0,VALUTA_taglio
MPF,800112411,RIBES NIGRUM 60ML TM,1,0.33,99,0,0,0,VALUTA_taglio
MPF,800162582,LYMDIARAL 20ML GTT PASCOE,1,0.33,99,0,0,0,VALUTA_taglio
MPF,900095528,BENEX POMATA 100ML,1,0.33,8,0,4.00,0,SPINGI_vende_rete15g
MPF,900095631,BALSAMO TAILANDESE 50ML,1,0.33,99,0,0,0,VALUTA_taglio
MPF,900125269,SANTES OVULI VAGINALI 14PZ,1,0.33,16,0,4.00,9,SPINGI_vende_rete15g
MPF,900179540,MEHAREES CREMA CORPO 300ML,1,0.33,99,0,1.00,0,SPINGI_vende_rete15g
MPF,900215536,SOURCE OF LIFE 90TAV,1,0.33,3,0,0,0,VALUTA_taglio
MPF,900240235,MELANIDIN PLUS EUPIGMENT 50ML,1,0.33,10,0,5.00,0,SPINGI_vende_rete15g
MPF,900351255,STRESS STOP GTT 30ML,1,0.33,6,3,1.00,9,SPINGI_vende_rete15g
MPF,900411188,MOST CREMA LENITIVA 50ML,1,0.33,99,0,3.00,0,SPINGI_vende_rete15g
MPF,900498460,CHITOSOL LATTE SOL SPF50 125ML,1,0.33,6,0,3.00,21,SPINGI_vende_rete15g
MPF,900538822,BARDANA 50ML TM,1,0.33,99,0,0,0,VALUTA_taglio
MPF,900748462,GEHWOL CREMA FUSSKREM 75ML,1,0.33,99,0,0,0,VALUTA_taglio
MPF,900759705,TRICONICON PHARCOS 30CPR,1,0.33,10,0,4.00,0,SPINGI_vende_rete15g
MPF,900761711,REV KERATIN SHAMPOO 250ML,1,0.33,3,0,0,0,VALUTA_taglio
MPF,900764325,GEHWOL PEDILUVIO POLVERE 400G,1,0.33,7,0,0,0,VALUTA_taglio
MPF,900959317,PLAKKONTROL 15 SECONDI 250ML,1,0.33,5,0,1.00,-201,SPINGI_vende_rete15g
MPF,901430672,MAN SUPPORT 15COT GAMB 15 NE 5,1,0.33,13,0,3.00,0,SPINGI_vende_rete15g
MPF,901539294,DEODORANTE AQUASALVIA 100ML,1,0.33,4,0,0,0,VALUTA_taglio
MPF,901558876,ARGILTUBO 250ML,1,0.33,9,0,2.00,0,SPINGI_vende_rete15g
MPF,901773580,STOMODINE GEL GENG CANI 30ML,1,0.33,8,0,0,0,VALUTA_taglio
MPF,902068701,EUBOS CREMA NORMALIZZANTE 50ML,1,0.33,11,0,4.00,0,SPINGI_vende_rete15g
MPF,902299940,VARIEZE 60CPR,1,0.33,99,0,0,0,VALUTA_taglio
MPF,902445651,HOLLI ADATTATORE SAC URO 10PZ,1,0.33,7,0,0,0,VALUTA_taglio
MPF,902465893,PROTEFIX CUSCINETTO INFER 30PZ,1,0.33,5,0,0,0,VALUTA_taglio
MPF,902652763,TRIOCARBONE PLUS 40CPR,1,0.33,14,0,0,0,VALUTA_taglio
MPF,902965591,SAUGELLA LAVANDA VAG 140ML 4FL,1,0.33,99,0,0,0,VALUTA_taglio
MPF,903069514,LONGLIFE KELP ALGA BRUNA180CPR,1,0.33,6,0,0,0,VALUTA_taglio
MPF,903152229,SANAGOL TUSSIS ARANCIA 24CAR,1,0.33,10,0,0,0,VALUTA_taglio
MPF,903289041,EPISTAS UNGUENTO NASALE 30G,1,0.33,1,4,0,0,VALUTA_taglio
MPF,903570517,SERENITY PANN SD SUPER L 30PZ,1,0.33,8,0,1.00,0,SPINGI_vende_rete15g
MPF,903693253,SOS PELLE L'OFFICINALE 25ML,1,0.33,8,0,0,0,VALUTA_taglio
MPF,903704221,FARMACTIVE ALGINATO 10X10CM 10,1,0.33,9,0,0,0,VALUTA_taglio
MPF,903963635,CROMOVIT CREMA PHARCOS 40ML,1,0.33,5,0,0,0,VALUTA_taglio
MPF,903966113,CHERAMED EMOL UN/PIEDE 15ML,1,0.33,10,0,0,21,CARRELLO
MPF,903980530,AVENE ACQUA TERMALE SPR 150ML,1,0.33,15,0,0,17,CARRELLO
MPF,903987459,VEA DETERGENTE PROT/LENIT 250M,1,0.33,99,0,2.00,0,SPINGI_vende_rete15g
MPF,903997524,NIKE RCK ASCORB K+RIB 100BUST,1,0.33,99,0,8.00,0,SPINGI_vende_rete15g
MPF,904008137,GAMMA CALENDULA CREMA 75ML,1,0.33,8,0,0,0,VALUTA_taglio
MPF,904317916,VISERGON 16BUST,1,0.33,8,0,1.00,0,SPINGI_vende_rete15g
MPF,904365830,GIOIL SHAMPOO 200ML,1,0.33,8,0,0,0,VALUTA_taglio
MPF,904643158,"IDRO YAL 0,2% SOL OFT 15ML",1,0.33,8,0,1.00,0,SPINGI_vende_rete15g
MPF,904689700,RIGENAMED PLUS RIGEN/RISTR15ML,1,0.33,99,0,2.00,0,SPINGI_vende_rete15g
MPF,904816333,VICUTIX SCAR GEL 20G,1,0.33,13,0,1.00,0,SPINGI_vende_rete15g
MPF,905123042,BIOGREEN OTO SPRAY SOL OTO13ML,1,0.33,8,0,1.00,0,SPINGI_vende_rete15g
MPF,905127864,VITGASE DETERGENTE 200ML,1,0.33,11,0,3.00,0,SPINGI_vende_rete15g
MPF,905163679,OZIDERM POLVERE 75G,1,0.33,11,0,9.00,0,SPINGI_vende_rete15g
MPF,905345334,DIFESAN 7CPR VAGINALI,1,0.33,9,0,0,0,VALUTA_taglio
MPF,905365894,LFP ENERSAL 20BUST,1,0.33,2,15,0,57,CARRELLO
MPF,905516720,AVEC EMULSIONE FLUIDA LEN200ML,1,0.33,11,0,1.00,0,SPINGI_vende_rete15g
MPF,905562411,SKINSAN LAVANDA VAG 4FL 140ML,1,0.33,99,0,0,0,VALUTA_taglio
MPF,905598429,ESI NO DOL 5 CEROTTI,1,0.33,12,0,0,0,VALUTA_taglio
MPF,905683330,SUPRAVIT OVER 50 60CPR,1,0.33,5,0,0,0,VALUTA_taglio
MPF,905943508,BIOCLYM UNO 30CPS 550MG,1,0.33,6,0,0,0,VALUTA_taglio
MPF,905954982,RESTIVOIL SEBO NORM 250ML,1,0.33,15,0,1.00,15,SPINGI_vende_rete15g
MPF,905987614,FITOESTRIL 30CPR,1,0.33,9,0,0,0,VALUTA_taglio
MPF,906154810,EUPHIDRA AMIDO HOFMANN 300G,1,0.33,9,4,1.00,17,SPINGI_vende_rete15g
MPF,906595715,TAHIN SUNITA 340G BIO,1,0.33,8,0,0,0,VALUTA_taglio
MPF,906618994,KILOCAL 20CPR,1,0.33,13,0,3.00,18,SPINGI_vende_rete15g
MPF,906791660,SERANS DISTENSIVO 20CPR,1,0.33,99,0,0,0,VALUTA_taglio
MPF,906810775,RUSCH 850414/1 RACC 2LT STER1P,1,0.33,9,0,5.00,0,SPINGI_vende_rete15g
MPF,906995776,INTAKE 10FL 10ML,1,0.33,99,0,0,0,VALUTA_taglio
MPF,907106241,GLORIAM GAMB 142AD COT BEI SC,1,0.33,5,0,0,0,VALUTA_taglio
MPF,907123350,SANODET DETERGENTE DERMAT,1,0.33,11,0,0,0,VALUTA_taglio
MPF,907139935,SOWASH IDROGETTO IGIENE ORALE,1,0.33,6,0,0,0,VALUTA_taglio
MPF,907152779,GLOBALFE 30CPS MOLLI,1,0.33,7,0,1.00,0,SPINGI_vende_rete15g
MPF,907156246,CLINNER INTEGRATORE 50CPS,1,0.33,4,0,0,11,CARRELLO
MPF,907280352,ALLEVYN NON ADHESIVE 10X10CM 3,1,0.33,6,0,0,0,VALUTA_taglio
MPF,908174117,CALMOR TAPPO ANTIS 20PZ 22043,1,0.33,4,20,2.00,16,SPINGI_vende_rete15g
MPF,908188978,GIBAUD CAVIGL CALZINO CAMEL 3,1,0.33,1,1,0,0,VALUTA_taglio
MPF,908223997,LONGLIFE C 500 TR 60TAV RIVEST,1,0.33,99,0,0,0,VALUTA_taglio
MPF,908224266,LONGLIFE LIPOTROPIC 60TAV RIV,1,0.33,5,0,0,0,VALUTA_taglio
MPF,908371267,SPACCAPIETRA 160CPR,1,0.33,99,0,0,0,VALUTA_taglio
MPF,908390812,ARGILLA VE SUPERVENTILATA 500G,1,0.33,99,0,0,0,VALUTA_taglio
MPF,908689540,M-AID ROLLFLEX CER 5X5,1,0.33,99,0,0,0,VALUTA_taglio
MPF,909029023,REBIOGER DETERGENTE 150ML,1,0.33,8,0,2.00,0,SPINGI_vende_rete15g
MPF,909040053,OLIO VASELINA FU 1000ML,1,0.33,5,0,0,23,CARRELLO
MPF,909113122,M-AID ROLLFLEX CER 2X10 1PZ,1,0.33,12,0,0,0,VALUTA_taglio
MPF,909210167,CATETERE ESTERNO 25MM 30PZ,1,0.33,99,0,0,0,VALUTA_taglio
MPF,909317479,APTODIN PLUS RETARD 30CPR,1,0.33,7,0,9.00,0,SPINGI_vende_rete15g
MPF,909347054,REMOVER PASTA 50G,1,0.33,10,0,1.00,29,SPINGI_vende_rete15g
MPF,909468112,AESCULUS COMP 30ML GTT HEEL,1,0.33,7,0,0,0,VALUTA_taglio
MPF,909469138,"ENGYSTOL N 10Fl.1,1ml",1,0.33,10,0,2.00,0,SPINGI_vende_rete15g
MPF,909475321,CIDERMA UNGUENTO 30G,1,0.33,15,0,1.00,26,SPINGI_vende_rete15g
MPF,909790281,NORMALINE 60CPR,1,0.33,5,0,0,0,VALUTA_taglio
MPF,909838548,SKEMA SOLE EMULSIONE DOPO150ML,1,0.33,3,0,0,0,VALUTA_taglio
MPF,910633623,KERIUM SH ANTIFORF CAP GRASS,1,0.33,99,0,0,0,VALUTA_taglio
MPF,910852692,CLINNIX AKNE CREMA SEBOREG,1,0.33,99,0,1.00,0,SPINGI_vende_rete15g
MPF,911007514,VETRAP FASCIA ELASTICA BL 10CM,1,0.33,99,0,0,0,VALUTA_taglio
MPF,912051657,RAPUNZEL BRODO VEG POLV 500G,1,0.33,99,0,0,0,VALUTA_taglio
MPF,912650227,TRIDERM SAPONE MARS LIQ 500ML,1,0.33,1,0,0,54,CARRELLO
MPF,913108609,RHALAX GRANI 25G,1,0.33,99,0,0,0,VALUTA_taglio
MPF,913903555,SEBIUM PORE REFINER 30ML,1,0.33,4,0,5.00,0,SPINGI_vende_rete15g
MPF,920000864,ROGENOL DAILY SHAMPOO 200ML,1,0.33,6,0,2.00,0,SPINGI_vende_rete15g
MPF,920045085,MOONCUP COPP MESTR A GR +30ANN,1,0.33,99,0,0,0,VALUTA_taglio
MPF,920368723,ONETOUCH VERIO GLICEMIA 25STR,1,0.33,8,0,7.00,0,SPINGI_vende_rete15g
MPF,920801255,ALIANT MICO SPRAY 80ML,1,0.33,6,0,0,0,VALUTA_taglio
MPF,921030742,AMINOGLUTAM 30BUST,1,0.33,10,0,11.00,0,SPINGI_vende_rete15g
MPF,921034498,ALPECIN ENERGIZER TON DOPOSH,1,0.33,99,0,0,0,VALUTA_taglio
MPF,921177642,ERMIDRA' SHAMPOO 250ML,1,0.33,12,0,2.00,0,SPINGI_vende_rete15g
MPF,921394235,NATURAFLORA PLUS 60CPS VEG,1,0.33,8,0,4.00,0,SPINGI_vende_rete15g
MPF,921508432,LFP FIALE RINFORZANTI CAP 10F,1,0.33,4,5,0,23,CARRELLO
MPF,921671412,AUDISPRAY ADULT IGIENE SPR50ML,1,0.33,4,5,2.00,30,SPINGI_vende_rete15g
MPF,921723843,ALTOP 20CPR,1,0.33,10,0,4.00,0,SPINGI_vende_rete15g
MPF,921811903,ENNE 3 PLUS 20CPS SOFTGEL,1,0.33,8,0,3.00,0,SPINGI_vende_rete15g
MPF,922316740,TEGADERM ROLL CM10X2M 1PZ,1,0.33,7,0,0,0,VALUTA_taglio
MPF,922327109,VASOX CREMA 200ML,1,0.33,6,0,1.00,0,SPINGI_vende_rete15g
MPF,922354143,AMICO SOLUZIONE UNGUEALE 10ML,1,0.33,10,0,0,0,VALUTA_taglio
MPF,922546888,FLEE SPRAY DOMESTICO ANTIPULCI,1,0.33,99,0,0,0,VALUTA_taglio
MPF,923302487,OTOACT 100ML,1,0.33,9,0,0,11,CARRELLO
MPF,923376343,YOGURT LINEA FERMENTI 4BUST,1,0.33,7,0,7.00,0,SPINGI_vende_rete15g
MPF,923399291,REV US30 GEL 100ML,1,0.33,3,0,1.00,0,SPINGI_vende_rete15g
MPF,923502177,DEODORANTE ANTI TRACCE ROLL-ON,1,0.33,7,12,1.00,0,SPINGI_vende_rete15g
MPF,923587428,LOXICOR 30CPR,1,0.33,9,0,0,0,VALUTA_taglio
MPF,923757278,KEPRAXIN TIAB POLV SPRAY 125ML,1,0.33,4,0,4.00,0,SPINGI_vende_rete15g
MPF,924167354,VENAMIR CREMA 100ML,1,0.33,4,0,1.00,0,SPINGI_vende_rete15g
MPF,924297930,IPPOCASTANO LIQ ANAL GEMMO 10+,1,0.33,6,0,0,0,VALUTA_taglio
MPF,924305129,MAC10 60CPS,1,0.33,5,0,2.00,0,SPINGI_vende_rete15g
MPF,924587266,PSYLLIUM FIBRA GEL 20BUST,1,0.33,99,0,0,0,VALUTA_taglio
MPF,924760984,SAGINIL OVULI VAGINALI 10PZ,1,0.33,5,0,0,0,VALUTA_taglio
MPF,924765314,VERRUPOR BRUCIAPORRI 12ML NF,1,0.33,3,0,0,0,VALUTA_taglio
MPF,924847231,AMINOGAM SPRAY 15ML,1,0.33,5,0,1.00,0,SPINGI_vende_rete15g
MPF,924851328,GIBAUD ORTHO BLOCCA CLAVIC TU,1,0.33,8,0,1.00,0,SPINGI_vende_rete15g
MPF,924880786,ERBADONNA CICLO 24CPR,1,0.33,10,0,0,0,VALUTA_taglio
MPF,925375685,CITOVET 150ML,1,0.33,11,0,2.00,0,SPINGI_vende_rete15g
MPF,925383224,PHYSIOMANCE ALCALIANCE+ 30BUST,1,0.33,5,0,2.00,13,SPINGI_vende_rete15g
MPF,925391308,FLEBOMIX 1000MG 30CPR,1,0.33,7,0,3.00,0,SPINGI_vende_rete15g
MPF,925565816,OBEVIS 180PAST,1,0.33,4,0,1.00,0,SPINGI_vende_rete15g
MPF,925599286,LENDINOUT ACT AZIONE PREVENTIV,1,0.33,10,0,0,0,VALUTA_taglio
MPF,925606079,CURASEPT COLLUT ECOBIO 300ML,1,0.33,10,0,1.00,0,SPINGI_vende_rete15g
MPF,925606840,WELLION LUNA CHOLES STRIPS10PZ,1,0.33,11,0,3.00,0,SPINGI_vende_rete15g
MPF,925654321,VITAMINE B COMPL 60CPR COLOURS,1,0.33,15,0,0,0,VALUTA_taglio
MPF,926080298,D MANNOSIO MAXI 90CPS,1,0.33,99,0,0,0,VALUTA_taglio
MPF,926196054,ESOGEL 300ML,1,0.33,2,0,1.00,0,SPINGI_vende_rete15g
MPF,926213176,MY NAILS KERATIN REPAIR FORTE,1,0.33,8,0,1.00,0,SPINGI_vende_rete15g
MPF,926243407,FORHANS GENGIFOR 30CPR,1,0.33,7,0,4.00,0,SPINGI_vende_rete15g
MPF,926252139,MANOPOLA IMPERM NON SAP 100PZ,1,0.33,99,0,0,0,VALUTA_taglio
MPF,926259969,MEDI 18 GAMB P.AP NAT 4 2805PA,1,0.33,6,0,0,0,VALUTA_taglio
MPF,926511698,FIBROSIL 30CPR,1,0.33,7,0,2.00,0,SPINGI_vende_rete15g
MPF,926565021,CERAMOL GEL VISO 311 50ML,1,0.33,1,6,0,73,CARRELLO
MPF,926647241,BOROX 50ML,1,0.33,8,0,1.00,0,SPINGI_vende_rete15g
MPF,926826266,"FORHANS CLEXIDIN 0,20 S/ALCOOL",1,0.33,11,0,0,0,VALUTA_taglio
MPF,926830074,DOMINA OVULI VAGINALI 30OV,1,0.33,7,0,0,0,VALUTA_taglio
MPF,926876766,FLEBOMIX CREMA GEL 100ML,1,0.33,10,0,1.00,0,SPINGI_vende_rete15g
MPF,926978204,BRAUN HYGIENE CAPS THERMOSCAN,1,0.33,9,0,0,0,VALUTA_taglio
MPF,927042426,PURES SPRAY PURIFICANTE 75ML,1,0.33,9,0,0,0,VALUTA_taglio
MPF,927098830,NEUTROGENA N/F INT REP BODY LO,1,0.33,6,12,0,16,CARRELLO
MPF,927123481,AMINOGAM COLLUTORIO 200ML,1,0.33,7,0,0,0,VALUTA_taglio
MPF,927222315,ALO YAL SOLUZIONE OFTALMICA8ML,1,0.33,99,0,0,0,VALUTA_taglio
MPF,927493395,VITABEN D3 15ML,1,0.33,9,0,9.00,0,SPINGI_vende_rete15g
MPF,927585733,CLORETRIX DET INTIMO 500ML,1,0.33,5,0,1.00,0,SPINGI_vende_rete15g
MPF,927591192,ELMEX FILO INTERDENTALE CERATO,1,0.33,99,0,0,0,VALUTA_taglio
MPF,930184650,RIBES NERO CONCEN TOTALE 50OPR,1,0.33,10,0,0,0,VALUTA_taglio
MPF,930244797,PESSARIO LATEX FREE DIAM 75MM,1,0.33,8,0,0,0,VALUTA_taglio
MPF,930259724,BGSTAR STRISCE REATTIVE 25PZ,1,0.33,9,30,11.00,0,SPINGI_vende_rete15g
MPF,930276769,"YABRO 10F 3ML AC IALUR 0,3%",1,0.33,7,0,1.00,0,SPINGI_vende_rete15g
MPF,930502000,CONTRATTURE GEL MINERALE 150G,1,0.33,7,0,5.00,0,SPINGI_vende_rete15g
MPF,930517875,MULTIVITAMIX CRONO 30CPR,1,0.33,3,24,0,0,VALUTA_taglio
MPF,930605581,LONGLIFE MAGNESIUM K 60CPS,1,0.33,99,0,1.00,0,SPINGI_vende_rete15g
MPF,930617535,MEN RASAYANA 60CPR,1,0.33,6,0,0,0,VALUTA_taglio
MPF,930617600,RELAXMAP 60CPR,1,0.33,8,0,9.00,0,SPINGI_vende_rete15g
MPF,931015046,BOLO VIA 20BOCCONCINI,1,0.33,11,0,1.00,0,SPINGI_vende_rete15g
MPF,931092340,LENITUX 100ML,1,0.33,4,0,0,0,VALUTA_taglio
MPF,931114298,VEA MINILIPOGEL IDR PROT 10ML,1,0.33,6,0,1.00,0,SPINGI_vende_rete15g
MPF,931156018,KUTECUR SPRAY 125ML,1,0.33,4,0,0,0,VALUTA_taglio
MPF,931171007,EIE BIANCOSPINO 60ML GTT,1,0.33,5,0,3.00,0,SPINGI_vende_rete15g
MPF,931171060,EIE MELISSA 60ML GTT,1,0.33,99,0,0,0,VALUTA_taglio
MPF,931370567,PROPOSTA MONO 30CPS,1,0.33,12,0,1.00,0,SPINGI_vende_rete15g
MPF,931543639,LEGART MAXI 60CPR,1,0.33,99,0,2.00,0,SPINGI_vende_rete15g
MPF,931645485,VERSIACTIVE SPRAY100ML BRADERM,1,0.33,9,0,3.00,0,SPINGI_vende_rete15g
MPF,931645636,HELIOCARE ULTRA-D 30CPS,1,0.33,11,0,0,0,VALUTA_taglio
MPF,931646350,STONUR 20BUST,1,0.33,99,0,0,0,VALUTA_taglio
MPF,931669523,BUONA ENERGIA ORO 10FL 10ML,1,0.33,11,0,1.00,0,SPINGI_vende_rete15g
MPF,931770693,VISCRIN PLUS SH ANTIFORFORA,1,0.33,7,0,0,0,VALUTA_taglio
MPF,931774119,CLIN 4000 30BUST,1,0.33,99,0,3.00,0,SPINGI_vende_rete15g
MPF,931855757,CREMA BARRIERA STOMIA 60G,1,0.33,5,0,0,0,VALUTA_taglio
MPF,931855819,REMOVER STOMIA SALVIETTE 30PZ,1,0.33,7,0,7.00,0,SPINGI_vende_rete15g
MPF,931961484,ANAURETTE SPRAY 30ML,1,0.33,99,0,0,0,VALUTA_taglio
MPF,932160498,EIE ROSMARINO 30ML GTT,1,0.33,7,0,0,0,VALUTA_taglio
MPF,932165588,ARTAVIS 20BUST 8G,1,0.33,14,0,2.00,0,SPINGI_vende_rete15g
MPF,932178395,INTERPROX PLUS SUPERMICRO 6PZ,1,0.33,1,6,0,0,VALUTA_taglio
MPF,932252632,BUONAVIT D3F 12ML,1,0.33,9,0,0,0,VALUTA_taglio
MPF,932707565,ACCU-CHEK AVIVA 25STR,1,0.33,11,0,0,0,VALUTA_taglio
MPF,932711740,GUNAMINOFORMULA 50CPR,1,0.33,13,0,0,0,VALUTA_taglio
MPF,932713605,ACIDO IALURONICO CONT OCCHI,1,0.33,8,0,0,0,VALUTA_taglio
MPF,932719267,OMEPURE 1000 TG 90PRL,1,0.33,5,0,2.00,0,SPINGI_vende_rete15g
MPF,933060790,VITIS ORTHO DENTIFRICIO 100ML,1,0.33,2,6,3.00,0,SPINGI_vende_rete15g
MPF,933080196,RESVIS FLUID XR BIOFUTURA 12BU,1,0.33,6,10,1.00,34,SPINGI_vende_rete15g
MPF,933328243,BIOKAP B SH NUTRIENTE RIPA,1,0.33,99,0,0,0,VALUTA_taglio
MPF,933541916,MELASIN FORTE 1MG 30CPR,1,0.33,10,0,0,0,VALUTA_taglio
MPF,933644066,DEONAT FRESH STICK UOMO 100G,1,0.33,6,0,1.00,0,SPINGI_vende_rete15g
MPF,933953578,CORTIPET 50ML,1,0.33,5,0,1.00,0,SPINGI_vende_rete15g
MPF,934018298,KILOCAL BRUCIA GRASSI 15CPR,1,0.33,10,0,0,0,VALUTA_taglio
MPF,934196078,LENDERM FORTE CREMA 100ML,1,0.33,6,0,0,13,CARRELLO
MPF,934408624,BIOMINERAL ONE LACTO PLUS30CPR,1,0.33,9,16,3.00,0,SPINGI_vende_rete15g
MPF,934408648,BIOTHYMUS AC ACT D SH RISTRUTT,1,0.33,5,7,3.00,9,SPINGI_vende_rete15g
MPF,934446271,RITMONUTRA 30CPS SOFTGEL,1,0.33,8,0,0,61,CARRELLO
MPF,934488329,DHALUX 350 30CPS MOLLI,1,0.33,7,0,2.00,0,SPINGI_vende_rete15g
MPF,934509795,MATT PHARMA SENNA ATTIVA 40CPR,1,0.33,7,0,3.00,0,SPINGI_vende_rete15g
MPF,934512625,GLUCOJECT AGO PENNA 6MM G31,1,0.33,6,0,0,0,VALUTA_taglio
MPF,934637935,RILASTIL LIPOFUSION FLUID250ML,1,0.33,99,0,1.00,0,SPINGI_vende_rete15g
MPF,934638139,ALKAGIN DET INT LEN ALC 400ML,1,0.33,7,0,3.00,0,SPINGI_vende_rete15g
MPF,934638228,RILASTIL ELASTIC OLIO 130ML,1,0.33,99,0,2.00,0,SPINGI_vende_rete15g
MPF,934784493,NUTRATOPIC PRO-AMP CREMA CORPO,1,0.33,11,0,0,0,VALUTA_taglio
MPF,934847183,GINETROX CREMA VAGINALE 30ML,1,0.33,8,0,1.00,0,SPINGI_vende_rete15g
MPF,935190393,ENTEROGERMINA GONFIORE 10BUST,1,0.33,7,11,2.00,0,SPINGI_vende_rete15g
MPF,935197715,NAUSIL FORTE 30ML,1,0.33,1,7,0,0,VALUTA_taglio
MPF,935204255,DERMOVITAMINA PROCTOC CREMA,1,0.33,14,0,2.00,0,SPINGI_vende_rete15g
MPF,935228902,XERIAL 30 CREMA PIEDI 50ML,1,0.33,12,0,2.00,0,SPINGI_vende_rete15g
MPF,935229082,TIMODORE CREMA DEO 48H 50ML,1,0.33,14,0,0,5,CARRELLO
MPF,935236760,LONGLIFE CORDYCEPS BIO 60CPS,1,0.33,5,0,0,0,VALUTA_taglio
MPF,935258537,LARIMUCIL TOSSE ADULTI SCIR,1,0.33,10,0,0,0,VALUTA_taglio
MPF,935543001,ROUGJ INTEGR SOLARE 30CPS,1,0.33,19,0,2.00,-71,SPINGI_vende_rete15g
MPF,935544522,DERMOVITAMINA RAGADI GELONI CR,1,0.33,18,0,2.00,4,SPINGI_vende_rete15g
MPF,935566707,REFALGIN GEL ORALE 14BUST,1,0.33,10,0,5.00,18,SPINGI_vende_rete15g
MPF,935600647,CISTIGELAR AKTIV 2 14BUST,1,0.33,4,0,0,14,CARRELLO
MPF,935605459,VADO LAX PLUS 100CPR,1,0.33,4,15,0,0,VALUTA_taglio
MPF,935611119,ENSURE ADVANCE VANIGLIA 400G,1,0.33,99,0,0,0,VALUTA_taglio
MPF,990860266,NORMAST MPS MICROGRANULI30BUST,1,0.33,7,0,4.00,0,SPINGI_vende_rete15g
MPF,989983325,REVIANAL EMULGEL 50ML,1,0.33,4,0,0,0,VALUTA_taglio
MPF,989893019,REDIPET 30CPR,1,0.33,5,0,1.00,2,SPINGI_vende_rete15g
MPF,989815752,ESI MULTICOMPLEX VIT OFF24BUST,1,0.33,4,17,0,14,CARRELLO
MPF,989691124,SENSODYNE EP DOPPIA AZ DENTIF,1,0.33,5,6,0,22,CARRELLO
MPF,989668874,PAPILOCARE IMMUNOCAPS 30CPS,1,0.33,8,0,1.00,0,SPINGI_vende_rete15g
MPF,989634516,L'ANGELICA TISANA DRENA 20FILT,1,0.33,8,0,0,0,VALUTA_taglio
MPF,989634124,BBMILK DG LIQUIDO 500ML,1,0.33,6,0,0,0,VALUTA_taglio
MPF,989606886,ANGSTROM LATTE SOL LE SPF15,1,0.33,6,9,0,-2,VALUTA_taglio
MPF,989408632,DOLOMIA SC HD SHAMPOO RI 200ML,1,0.33,2,3,0,66,CARRELLO
MPF,989405244,ESI FERMENTAL GONFIORE 10STICK,1,0.33,9,13,0,0,VALUTA_taglio
MPF,989362633,CONDROSTRESS MOBILITY 90CHEWS,1,0.33,7,0,10.00,0,SPINGI_vende_rete15g
MPF,989355868,ESOXX DEFENCE 20CPR MASTIC,1,0.33,6,37,1.00,65,SPINGI_vende_rete15g
MPF,989355856,GENANTE 90CPR,1,0.33,6,0,4.00,46,SPINGI_vende_rete15g
MPF,989319746,RESPECTA 10CPS,1,0.33,10,0,9.00,0,SPINGI_vende_rete15g
MPF,989252325,CERAVE DETERGENTE IMPERF 473ML,1,0.33,7,5,1.00,0,SPINGI_vende_rete15g
MPF,989234378,VITIS GENGIVE SANE DENTIF100ML,1,0.33,2,6,2.00,0,SPINGI_vende_rete15g
MPF,989047687,KIJIMEA FLORACARE 28CPS,1,0.33,14,0,0,0,VALUTA_taglio
MPF,988939397,VOIS PLUS 14STICK OROSOLUBILI,1,0.33,7,0,0,0,VALUTA_taglio
MPF,988771440,NARHINEL SOL FISIOL 60FL 5ML,1,0.33,5,31,14.00,48,SPINGI_vende_rete15g
MPF,988342147,KUKIDENT ULTIMATE NEUTRO 57G,1,0.33,8,2,1.00,15,SPINGI_vende_rete15g
MPF,988248441,PAPILOCARE GEL VAGINALE 7X5ML,1,0.33,8,0,0,6,CARRELLO
MPF,988195689,EOS BIOVERDE INTIMO C 300ML,1,0.33,9,0,2.00,17,SPINGI_vende_rete15g
MPF,988153161,AQUAVIS AKTOREPAIR GEL 75ML,1,0.33,8,0,2.00,11,SPINGI_vende_rete15g
MPF,988066890,IDRASTIN CREMA MULTIATTIVA75ML,1,0.33,10,0,1.00,0,SPINGI_vende_rete15g
MPF,988031148,ENTEROLACTIS DUO POLV 20BUST,1,0.33,3,4,2.00,0,SPINGI_vende_rete15g
MPF,988027037,PAPIL DERMA CREMA 20ML,1,0.33,3,0,0,5,CARRELLO
MPF,987904707,KALOIDON GEL CICATRICI 75ML,1,0.33,9,0,4.00,0,SPINGI_vende_rete15g
MPF,987900002,"KEEN WHISP W-CAYEN/BRICK 8,5W",1,0.33,5,0,1.00,0,SPINGI_vende_rete15g
MPF,987881657,"LFP ATTIVO RETINOLO 0,3% 20ML",1,0.33,3,8,0,56,CARRELLO
MPF,987801990,GASTROTAXIL 50ML,1,0.33,7,0,2.00,0,SPINGI_vende_rete15g
MPF,987669773,GIBAUD ORTHO WALKER TUT TIBIA2,1,0.33,11,2,0,0,VALUTA_taglio
MPF,987669722,GIBAUD ORTHO WALKER BASSO TIB2,1,0.33,3,3,0,15,CARRELLO
MPF,987654718,CH ASSORBENTI POSTPARTO COT10P,1,0.33,5,0,0,0,VALUTA_taglio
MPF,987646991,NOTROBEN 500 20STICK PACK OROS,1,0.33,5,0,2.00,0,SPINGI_vende_rete15g
MPF,987449802,RIPAGEL VET GOCCE OCULARI 10ML,1,0.33,3,0,42.00,0,SPINGI_vende_rete15g
MPF,987437225,POLASE LIMONE 24BUST PROMO,1,0.33,14,22,5.00,0,SPINGI_vende_rete15g
MPF,987418225,AQUAVIS SHAMPOO ANTICAD 150ML,1,0.33,99,0,0,0,VALUTA_taglio
MPF,987414758,BRUX CLEAN 56CPR EFFERVESCENTI,1,0.33,1,11,0,0,VALUTA_taglio
MPF,987411903,VIDERMINA 3-12 DET INT 250ML,1,0.33,7,4,0,0,VALUTA_taglio
MPF,987405139,REUFLOR ELLE 15STICK,1,0.33,14,0,1.00,0,SPINGI_vende_rete15g
MPF,987400886,ANTHELIOS POST UV EXPOSUR400ML,1,0.33,4,9,2.00,6,SPINGI_vende_rete15g
MPF,987386101,ANTHELIOS SPRAY UVMUNE BB 50+,1,0.33,6,15,0,57,CARRELLO
MPF,987383421,PELLISART 30CPR,1,0.33,6,0,0,0,VALUTA_taglio
MPF,987377090,VIDROSOL 1000 30CPR,1,0.33,8,0,6.00,0,SPINGI_vende_rete15g
MPF,987362377,LAUTOSELLE 30STICK PACK,1,0.33,10,0,0,29,CARRELLO
MPF,987361944,LFP SCRUB ENZIMATICO 75ML,1,0.33,3,15,0,3,CARRELLO
MPF,987358759,KIJIMEA REGULARIS 500G,1,0.33,2,0,3.00,0,SPINGI_vende_rete15g
MPF,987331764,ESI SAPONE MARSIGLIA ORIG500ML,1,0.33,10,0,1.00,0,SPINGI_vende_rete15g
MPF,987317955,APROPOS MAGNESIO/POTASSIO S/ZU,1,0.33,14,0,0,0,VALUTA_taglio
MPF,987317031,OCULVET GOCCE 10ML,1,0.33,9,0,0,0,VALUTA_taglio
MPF,987315811,SCREEN TEST CANDIDA SELFTEST1P,1,0.33,4,0,0,0,VALUTA_taglio
MPF,987259660,PROBIOTICO ACT GONFIORE 10BUST,1,0.33,7,10,1.00,0,SPINGI_vende_rete15g
MPF,987067042,SANAVITA MACROCOL PLUS 20BUST,1,0.33,9,0,10.00,0,SPINGI_vende_rete15g
MPF,987055860,COLLIRIO ALFA IDRATANTE 10F,1,0.33,7,30,9.00,44,SPINGI_vende_rete15g
MPF,987033204,CREMA GIORNO RASS MELOGR/MACA,1,0.33,9,0,0,0,VALUTA_taglio
MPF,986967533,XAMAMINA REFLUSSO 0-12 200ML,1,0.33,8,0,3.00,0,SPINGI_vende_rete15g
MPF,986887471,SELFTEST HIV 1/2 SOFARMAPIU',1,0.33,9,0,0,0,VALUTA_taglio
MPF,986861870,DTOPIC CREMA LIPOFILA 30ML,1,0.33,7,0,0,0,VALUTA_taglio
MPF,986824973,ACETILCISTEINA ACT PLUS NAC600,1,0.33,5,59,5.00,17,SPINGI_vende_rete15g
MPF,986709107,NATUR-OX 30CPR GASTRORESISTENT,1,0.33,13,0,4.00,0,SPINGI_vende_rete15g
MPF,986708194,TRICOMNIA OLIO RISTRUTTURANTE,1,0.33,5,0,0,0,VALUTA_taglio
MPF,986629297,CURAPROX PULISCI LINGUA CTC203,1,0.33,7,0,0,0,VALUTA_taglio
MPF,986626024,HYDRALEN SIERO 30ML,1,0.33,10,0,0,0,VALUTA_taglio
MPF,986626012,LESSPAIN SPRAY 30ML,1,0.33,9,0,0,0,VALUTA_taglio
MPF,986624981,SWISSE FERRO 40GOMMOSE,1,0.33,9,0,0,0,VALUTA_taglio
MPF,986582221,CUMAVIS 30STICK PACK,1,0.33,10,0,0,0,VALUTA_taglio
MPF,986486088,UROIAL PLUS 14BUST,1,0.33,15,0,8.00,0,SPINGI_vende_rete15g
MPF,986464826,BIOKILL PIRETRO NATURALE 1L,1,0.33,99,0,0,0,VALUTA_taglio
MPF,986179517,DAONIX 60CPS,1,0.33,6,0,1.00,0,SPINGI_vende_rete15g
MPF,986173250,SENSODYNE SENS&GUM ACT/PROT,1,0.33,6,0,0,20,CARRELLO
MPF,986152217,ALOEMINERAL VISO 150ML,1,0.33,10,0,0,37,CARRELLO
MPF,986117190,TRIVIS AGA DONNA LOZIONE 100ML,1,0.33,99,0,1.00,0,SPINGI_vende_rete15g
MPF,986075226,SILDI' SOFT GEL 30SOFT GELS,1,0.33,10,0,1.00,14,SPINGI_vende_rete15g
MPF,985999578,EUMILL ALLERGY GTT OCUL 10FL,1,0.33,6,8,2.00,29,SPINGI_vende_rete15g
MPF,985976226,SAUBER DRENANTE ANTICELL 500ML,1,0.33,1,24,0,18,CARRELLO
MPF,985972013,MICROVENIL FORTE 20BUST,1,0.33,9,0,2.00,21,SPINGI_vende_rete15g
MPF,985917956,POLIDENT POWER MAX SUPER 70G,1,0.33,1,10,0,0,VALUTA_taglio
MPF,985820808,BIOREPAIR TRATTAMENTO INTENS,1,0.33,11,0,6.00,0,SPINGI_vende_rete15g
MPF,985778253,CITICOLINA PURA 125PAST,1,0.33,5,0,0,0,VALUTA_taglio
MPF,985722483,KIJIMEA K53 ADVANCE 56CPS,1,0.33,6,0,12.00,18,SPINGI_vende_rete15g
MPF,985713787,PURONERV DOL 60CPS,1,0.33,8,0,0,0,VALUTA_taglio
MPF,985668060,ONTHERAPY DEODORANTE VAPO NO G,1,0.33,6,0,1.00,0,SPINGI_vende_rete15g
MPF,985551706,BAKEL LACTI TECH SIERO CONC,1,0.33,1,1,0,76,CARRELLO
MPF,985485984,ZEAFORCE 30CPS,1,0.33,4,0,5.00,11,SPINGI_vende_rete15g
MPF,985323029,PLUSGAR 30CPR,1,0.33,10,0,0,0,VALUTA_taglio
MPF,985288430,LIPOSKIN BIOMA PHARCOS SPUMA,1,0.33,7,0,2.00,0,SPINGI_vende_rete15g
MPF,985005281,DOLADOL PLUS CREMA REALE 1870,1,0.33,6,0,2.00,0,SPINGI_vende_rete15g
MPF,984966022,NOVA ENTERO 2 MILIARDI 10FL,1,0.33,2,16,0,0,VALUTA_taglio
MPF,984952679,VITINIX VENE 30CPR,1,0.33,8,0,0,0,VALUTA_taglio
MPF,984876666,DOLOMIA MU LIP 34 PHYTOCARE,1,0.33,2,3,0,5,CARRELLO
MPF,984826545,KEYLIFE KCONCHIGLIONI 50G,1,0.33,2,2,0,24,CARRELLO
MPF,984812382,ALENIL Q 30CPR,1,0.33,9,0,0,44,CARRELLO
MPF,984796197,ORALB VITALITY ADULT SPAZZ ELE,1,0.33,11,0,0,0,VALUTA_taglio
MPF,984789166,PHYTOCYANE FIALE D CAD TEMPOR,1,0.33,3,0,0,0,VALUTA_taglio
MPF,984785156,NEO PECIA FT 60CPR DIETALINEA,1,0.33,9,0,0,0,VALUTA_taglio
MPF,984767448,DEPILZERO CREMA GAMBE/BRACCIA,1,0.33,11,0,0,0,VALUTA_taglio
MPF,984746103,COGNIZANT 10FL 10ML,1,0.33,9,0,34.00,0,SPINGI_vende_rete15g
MPF,984733562,MONURELLE PLUS AF 15CPS,1,0.33,7,16,2.00,0,SPINGI_vende_rete15g
MPF,984651380,ARNICA GEL 98% 300ML,1,0.33,13,0,0,0,VALUTA_taglio
MPF,984651253,TRASPIREX PELLI DELICATE 20ML,1,0.33,1,14,0,34,CARRELLO
MPF,984635387,PLAQTIV+ ORAL CARE ADDITIVO,1,0.33,7,0,4.00,0,SPINGI_vende_rete15g
MPF,984633519,DEAVOCADO CONCEIVE 30BUST NF,1,0.33,10,0,1.00,0,SPINGI_vende_rete15g
MPF,984622656,LFP CREMAGEL ALOE VERA 100ML,1,0.33,3,22,0,14,CARRELLO
MPF,984575769,OMEGA NOBILE 60SOFTGEL,1,0.33,10,0,4.00,0,SPINGI_vende_rete15g
MPF,984561605,LYCIA VAPO BEAUTY CARE 75ML,1,0.33,99,0,0,0,VALUTA_taglio
MPF,984557557,ESI GO UP GINSENG 10FL,1,0.33,11,0,2.00,0,SPINGI_vende_rete15g
MPF,984502993,VENADREM 30CPR,1,0.33,99,0,0,0,VALUTA_taglio
MPF,984499994,STEROL STOP ADVANCE 30CPR,1,0.33,9,0,1.00,0,SPINGI_vende_rete15g
MPF,984414502,XAZEPIN ORO FAST RELEASE20BUST,1,0.33,12,0,0,0,VALUTA_taglio
MPF,984360343,CLOREXYDERM SOL 200ML,1,0.33,11,0,2.00,0,SPINGI_vende_rete15g
MPF,984330365,DAO PLUS 50CPS INTOLERAN,1,0.33,99,0,0,0,VALUTA_taglio
MPF,984322293,RESTOMYL DENTIFRICIO 50ML,1,0.33,9,0,3.00,0,SPINGI_vende_rete15g
MPF,984177927,ISOMAR FLACONCINI DECONG20X5ML,1,0.33,4,5,1.00,0,SPINGI_vende_rete15g
MPF,984112591,CLOREXYDERM SOL 4% 200ML,1,0.33,10,0,1.00,0,SPINGI_vende_rete15g
MPF,984098691,REV EFFACE JOUR PLUS 30ML,1,0.33,99,0,0,0,VALUTA_taglio
MPF,983834615,BIOREPAIR PLUS GEL INTENSIVE,1,0.33,7,0,0,17,CARRELLO
MPF,983696079,MAGSOL 5 EXTRA 60CPR,1,0.33,10,0,0,0,VALUTA_taglio
MPF,983681584,AKUEL NATURAL+ EXTRALUBR 8PZ,1,0.33,7,0,0,0,VALUTA_taglio
MPF,983672472,LFP SCIROPPO PROPOLI/DROS150ML,1,0.33,3,7,0,18,CARRELLO
MPF,983660933,SERENAMENTE 30CPS,1,0.33,8,0,0,0,VALUTA_taglio
MPF,983531221,PURES SPRAY ACARICID PMC 150ML,1,0.33,9,0,0,0,VALUTA_taglio
MPF,983510191,HERICIUM 180PAST,1,0.33,9,0,0,0,VALUTA_taglio
MPF,983441849,AVENE HOMME GEL BARBA 150ML,1,0.33,14,0,0,0,VALUTA_taglio
MPF,983374000,PHOTODERM M SPF50+ DORE' 40ML,1,0.33,11,0,1.00,0,SPINGI_vende_rete15g
MPF,983364415,MAGNESIO E POTASSIO POLV 360G,1,0.33,99,0,0,0,VALUTA_taglio
MPF,983361700,GIBAUD ORTHO MANUGIB QUER DX 2,1,0.33,10,3,0,15,CARRELLO
MPF,983332976,PRODEFEN D PLUS 10BUST,1,0.33,7,0,5.00,0,SPINGI_vende_rete15g
MPF,983191432,AUTAN DEFENSE LONG PROT 100ML,1,0.33,15,0,3.00,0,SPINGI_vende_rete15g
MPF,983040508,LUPPOLO 60CPS,1,0.33,7,0,2.00,15,SPINGI_vende_rete15g
MPF,983034315,REFLUZERO 20CPR,1,0.33,9,0,3.00,0,SPINGI_vende_rete15g
MPF,982999260,DEFENCE SUN B&K LATTE SPR 50+,1,0.33,1,0,2.00,0,SPINGI_vende_rete15g
MPF,982948693,BONEFORT 120CPS,1,0.33,5,0,7.00,0,SPINGI_vende_rete15g
MPF,982946725,CERAMOL SUN PROT CREAM SPF30,1,0.33,1,4,0,51,CARRELLO
MPF,982945622,OPTIVE SOLUZIONE OFTALMICA10ML,1,0.33,2,0,2.00,0,SPINGI_vende_rete15g
MPF,982931370,ESI DONNA LIFE CICLO MESTRUALE,1,0.33,7,0,0,0,VALUTA_taglio
MPF,982893240,EXTRA GENTLE DERMOPROT SH400ML,1,0.33,10,25,0,119,CARRELLO
MPF,982815918,EPITACT QUERV'ACTIV DESTRO S,1,0.33,11,0,1.00,0,SPINGI_vende_rete15g
MPF,982754297,COLESTEROL ACT PLUS FORTE60CPR,1,0.33,1,43,16.00,0,SPINGI_vende_rete15g
MPF,982716805,PASSIFLORA 60CPS,1,0.33,10,0,0,0,VALUTA_taglio
MPF,982683334,RIGENERA CREMA RISTRUTT 50ML,1,0.33,8,0,0,0,VALUTA_taglio
MPF,982596328,ZYMEREX GONFIORE PLUS 20CPR,1,0.33,14,0,11.00,0,SPINGI_vende_rete15g
MPF,982543985,GUM TRAV-LER SCOVOLINI 10PZ,1,0.33,99,0,1.00,0,SPINGI_vende_rete15g
MPF,982541450,RILASTIL ELASTICIZZANTE 10F,1,0.33,12,0,0,17,CARRELLO
MPF,982539266,LFP LINEATAB 30CPR,1,0.33,5,12,0,83,CARRELLO
MPF,982532855,TOLERIANE DERMALLERGO FLUI40ML,1,0.33,7,3,1.00,0,SPINGI_vende_rete15g
MPF,982501468,ARTISALUS ACT FORTE PLUS 60CPS,1,0.33,10,0,4.00,0,SPINGI_vende_rete15g
MPF,982485435,SERENOTTE GOCCE 20ML,1,0.33,99,0,0,0,VALUTA_taglio
MPF,982476261,VITAMINA B12 ATTIVATA LIQ100ML,1,0.33,4,0,1.00,0,SPINGI_vende_rete15g
MPF,982471409,URIXANA PRO 30BUST,1,0.33,9,0,4.00,-5,SPINGI_vende_rete15g
MPF,982463655,AGEX FLUID PHARCOS 15F 25ML,1,0.33,99,0,5.00,0,SPINGI_vende_rete15g
MPF,982454795,JUST FOR MEN CONTROL GX SH COL,1,0.33,10,0,3.00,0,SPINGI_vende_rete15g
MPF,982407645,DIVILAB OLIO DET SCHIUMOGENO,1,0.33,9,0,2.00,0,SPINGI_vende_rete15g
MPF,982407025,LFP FOLICO 60CPS,1,0.33,2,8,0,7,CARRELLO
MPF,982406934,PUROFLOG SOLUZIONE OFT 20FL,1,0.33,10,0,9.00,0,SPINGI_vende_rete15g
MPF,982391652,EKEEP H1 HALLUX VALGUS DIURNO2,1,0.33,11,3,0,1,CARRELLO
MPF,982185074,LFP CREMA IDRAT FT TRIC 50ML,1,0.33,4,3,0,32,CARRELLO
MPF,982178093,ESI SERENESI GOCCE 50ML,1,0.33,99,17,0,0,VALUTA_taglio
MPF,982178028,ESI SERENESI 60NATURCAPS,1,0.33,4,0,0,15,CARRELLO
MPF,982172619,RILASTIL ELASTICIZZANTE CR E/I,1,0.33,13,0,0,11,CARRELLO
MPF,982003459,FERZYM 30CPS,1,0.33,8,0,2.00,0,SPINGI_vende_rete15g
MPF,981937360,KERACNYL GEL DETERGENTE 400ML,1,0.33,4,28,5.00,17,SPINGI_vende_rete15g
MPF,981920919,SOLLIEVO FISIOLAX 27CPR,1,0.33,13,0,1.00,10,SPINGI_vende_rete15g
MPF,981516661,VAGISIL GEL INTIMO IDRAT CALOR,1,0.33,99,0,0,0,VALUTA_taglio
MPF,981516331,VAGISIL GEL LUBRIFICANTE 30G,1,0.33,99,2,1.00,26,SPINGI_vende_rete15g
MPF,981495652,EOS D3 K2 ADVANCE 60CPR MASTIC,1,0.33,8,0,0,0,VALUTA_taglio
MPF,981475647,CERAVE OLIO DET IDRAT SCH236ML,1,0.33,4,11,0,0,VALUTA_taglio
MPF,981470127,AMICOBOR SOL ALCOLICA 100ML,1,0.33,7,0,0,0,VALUTA_taglio
MPF,981467956,EUCERIN ATOPIC CREMA MANI 75ML,1,0.33,4,4,0,0,VALUTA_taglio
MPF,981466485,CEROTTO ANTIMICOSI UREA 24PZ,1,0.33,6,0,0,0,VALUTA_taglio
MPF,981448590,TRIDERM DS TRATTAMENTO NORMAL,1,0.33,9,0,0,0,VALUTA_taglio
MPF,981448386,FOR FARMA GEL IDRATANTE INTIMO,1,0.33,11,0,1.00,0,SPINGI_vende_rete15g
MPF,981446558,BAKEL OXY-REGEN CHARM SIZE CR,1,0.33,1,2,0,35,CARRELLO
MPF,981389339,DERMON DETERGENTE DOCCIA EXTRA,1,0.33,13,6,1.00,0,SPINGI_vende_rete15g
MPF,981273257,BUTYROSE FAST 10STICK,1,0.33,5,0,0,0,VALUTA_taglio
MPF,981114097,BIOSCALIN NUTRICOL PL 7 BIONDO,1,0.33,9,4,1.00,0,SPINGI_vende_rete15g
MPF,981114085,"BIOSCALIN NUTRICOL PL 6,43 BIO",1,0.33,6,11,0,0,VALUTA_taglio
MPF,981114073,BIOSCALIN NUTRICOL PL 6 BIO SC,1,0.33,7,7,0,0,VALUTA_taglio
MPF,981113309,ZYMECOL 30CPR GASTRORESISTENTI,1,0.33,99,0,0,0,VALUTA_taglio
MPF,981112461,EPILOBIO ESTRATTO INTEGR SECCO,1,0.33,8,0,0,0,VALUTA_taglio
MPF,981080979,Q10 ACTIVE 100 30CPS,1,0.33,8,0,0,39,CARRELLO
MPF,981080690,ACUTIL FOSFORO ADVANCE 12STICK,1,0.33,1,14,2.00,0,SPINGI_vende_rete15g
MPF,981047196,ISIDE HPV 14OV,1,0.33,7,0,0,0,VALUTA_taglio
MPF,981047107,ZYMEREX IBS COLON IRRIT 14BUST,1,0.33,9,0,1.00,0,SPINGI_vende_rete15g
MPF,981045507,ISTANGIAL DREN 30CPR FILMATE,1,0.33,11,0,5.00,0,SPINGI_vende_rete15g
MPF,981043351,ENERVIT C2 1 ISOCARB 650G,1,0.33,6,0,1.00,0,SPINGI_vende_rete15g
MPF,980917227,KEYLIFE KFUSILLI 50G,1,0.33,2,18,0,13,CARRELLO
MPF,980917177,KEYLIFE DETOX DONNA,1,0.33,1,3,0,117,CARRELLO
MPF,980913216,CERAVE CREMA MANI RIPARAT100ML,1,0.33,3,9,0,10,CARRELLO
MPF,980860290,DROPSEPT SOLUZIONE OFTALMICA,1,0.33,8,0,2.00,0,SPINGI_vende_rete15g
MPF,980860187,ENTOGOL 20BUST,1,0.33,9,0,1.00,0,SPINGI_vende_rete15g
MPF,980860148,LINEAGIN GEL 6APPLX5ML,1,0.33,14,0,5.00,0,SPINGI_vende_rete15g
MPF,980814154,KEYMINERAL 12BUST,1,0.33,2,1,0,12,CARRELLO
MPF,980784387,GENEDOL 30CPR,1,0.33,99,0,6.00,0,SPINGI_vende_rete15g
MPF,980783245,NEO PINSELINA DOL 20ML,1,0.33,8,0,0,0,VALUTA_taglio
MPF,980770325,GIBAUD ORTHO LOMBOGIB LADY21 4,1,0.33,8,5,0,11,CARRELLO
MPF,980770299,GIBAUD ORTHO LOMBOGIB LADY21 1,1,0.33,8,7,2.00,12,SPINGI_vende_rete15g
MPF,980628200,BUONA DIFESA FLACONCINI14X10ML,1,0.33,99,0,0,0,VALUTA_taglio
MPF,980523726,LACTOVIS PREBIOTICO PROB 100G,1,0.33,5,0,1.00,0,SPINGI_vende_rete15g
MPF,980514956,ALSIROYAL VITAMINA D3+K2 30CPR,1,0.33,7,0,2.00,13,SPINGI_vende_rete15g
MPF,980512735,CERAMOL CREMA 311 75ML,1,0.33,5,4,0,37,CARRELLO
MPF,980505933,NADIAX 3 CREMA NANOEMULS 150ML,1,0.33,9,0,1.00,0,SPINGI_vende_rete15g
MPF,980504308,STERILVIT POLIVIT GOCCE 5ML,1,0.33,99,0,0,0,VALUTA_taglio
MPF,980501579,QUEVIR 30CPR,1,0.33,7,0,3.00,0,SPINGI_vende_rete15g
MPF,980499077,BIOREPAIR PLUS COLLUT PROT GEN,1,0.33,10,0,0,0,VALUTA_taglio
MPF,980459729,EUCLORINA AFTE COLLUT 120ML,1,0.33,99,35,0,0,VALUTA_taglio
MPF,980458451,OROZYME CANINE STR ENZ MASTI S,1,0.33,6,0,4.00,0,SPINGI_vende_rete15g
MPF,980437115,CONCEIVE PLUS SUP FERT F 60CPS,1,0.33,3,0,0,0,VALUTA_taglio
MPF,980370326,DERMOVITAMINA CICATRICI GEL,1,0.33,99,0,0,0,VALUTA_taglio
MPF,980296279,CANDIDAS T 180PAST,1,0.33,6,0,0,0,VALUTA_taglio
MPF,980295442,CALENDULA EXTRACT PLUS 100ML,1,0.33,9,0,0,0,VALUTA_taglio
MPF,980287041,DEFENCE HAIR SHAMPOO NUTR200ML,1,0.33,99,0,0,0,VALUTA_taglio
MPF,980285795,CLEARBLUE RILEVAZIONE PREC DIG,1,0.33,8,13,4.00,0,SPINGI_vende_rete15g
MPF,980252872,CENTROVISION COMFORT 84BUST,1,0.33,8,0,3.00,0,SPINGI_vende_rete15g
MPF,980248987,COLASIL 30CPS,1,0.33,12,0,4.00,0,SPINGI_vende_rete15g
MPF,980135139,N5 DG POLVERE 400G,1,0.33,99,0,0,0,VALUTA_taglio
MPF,980029122,CONNETTIVINAVISO CREMA 50ML,1,0.33,6,6,1.00,12,SPINGI_vende_rete15g
MPF,979944333,REGULOSIO FIBRE 20BUST,1,0.33,4,0,0,0,VALUTA_taglio
MPF,979843632,CANDIDAX MED 30CPR,1,0.33,10,0,1.00,0,SPINGI_vende_rete15g
MPF,979810102,REV IDRAX BOTU' MEDICAL 30BUST,1,0.33,7,0,1.00,0,SPINGI_vende_rete15g
MPF,979806611,ASSENZIO ESTRATTO INTEGR 200ML,1,0.33,8,0,1.00,0,SPINGI_vende_rete15g
MPF,979796719,CARDIO FLUID 180PAST,1,0.33,10,0,0,0,VALUTA_taglio
MPF,979418389,AVEENO SPRAY DOPO DOCCIA PROMO,1,0.33,6,8,0,28,CARRELLO
MPF,979418340,VENOFLEB EMO 20CPR,1,0.33,4,0,0,5,CARRELLO
MPF,979406802,DENTIFRICIO RATANIA 75ML,1,0.33,9,0,0,12,CARRELLO
MPF,979399870,LFP MUCOFLU SPRAY 30ML,1,0.33,5,11,6.00,0,SPINGI_vende_rete15g
MPF,979383748,SODIO CLORURO 300CPS 500MG,1,0.33,11,0,3.00,0,SPINGI_vende_rete15g
MPF,979375704,FORMULA VENUM 60CPR,1,0.33,6,0,0,0,VALUTA_taglio
MPF,979362807,OMEGAL DHA 40CPS MOLLI,1,0.33,9,0,3.00,0,SPINGI_vende_rete15g
MPF,979332879,FARMAPROST 30CPR,1,0.33,99,0,2.00,0,SPINGI_vende_rete15g
MPF,979321318,DERMOVITAMINA MICO SMALTO NUDE,1,0.33,2,3,1.00,0,SPINGI_vende_rete15g
MPF,979095609,RIPOSI' GEL GENGIVALE 20ML,1,0.33,6,0,0,0,VALUTA_taglio
MPF,979049804,LACTOSOLUTION 15000 30CPR,1,0.33,9,0,2.00,0,SPINGI_vende_rete15g
MPF,979021639,CUTALGAN A-DERMA SPRAY 100ML,1,0.33,9,0,0,13,CARRELLO
MPF,979021375,PEDIAFER SOLUZIONE ORALE 30ML,1,0.33,99,0,0,0,VALUTA_taglio
MPF,979016312,LFP URODEFENCE 14BUST,1,0.33,6,6,0,17,CARRELLO
MPF,978919532,RESTOMYL SUPPLEMENTO CANE 60G,1,0.33,13,0,1.00,0,SPINGI_vende_rete15g
MPF,978867974,BABY CREMA PROTETTIVA CAL 75ML,1,0.33,99,0,5.00,0,SPINGI_vende_rete15g
MPF,978598821,FOOTCARE CORR VALGO NTT2PZ D10,1,0.33,7,0,0,0,VALUTA_taglio
MPF,978594582,TRIDERM BABY SHAMPOO ULTRADEL,1,0.33,17,0,0,0,VALUTA_taglio
MPF,978588919,EXTRACT NERVUM 50ML,1,0.33,6,0,2.00,0,SPINGI_vende_rete15g
MPF,978575621,OMEGOR KIDS 140ML,1,0.33,5,0,0,0,VALUTA_taglio
MPF,978573879,METADIGEST LACTO 15CPS,1,0.33,13,0,1.00,0,SPINGI_vende_rete15g
MPF,978494906,DERMOVITAMINA PROCTOC FAST,1,0.33,99,0,0,0,VALUTA_taglio
MPF,978476099,KIJIMEA COLON IRRITAB PRO14CPS,1,0.33,11,0,1.00,0,SPINGI_vende_rete15g
MPF,978473674,ANNURKOLEST 60CPS,1,0.33,10,0,0,0,VALUTA_taglio
MPF,978305555,OVERLUZ 60PRL,1,0.33,2,0,4.00,0,SPINGI_vende_rete15g
MPF,978305516,VITIS JUNIOR GEL 75ML INTL,1,0.33,4,7,0,0,VALUTA_taglio
MPF,978253464,EPATO24 60CPR,1,0.33,7,0,0,0,VALUTA_taglio
MPF,977825241,EKEEP H2 HALLUX VALGUS NOTT 1M,1,0.33,2,4,0,9,CARRELLO
MPF,977803992,UTIFREE 30CPR+30STICK,1,0.33,7,0,0,0,VALUTA_taglio
MPF,977802976,REDUCE-CPP 30CPR,1,0.33,9,0,10.00,0,SPINGI_vende_rete15g
MPF,977790702,APROTEN PANE BIANCO FETTE 2PZ,1,0.33,12,0,5.00,0,SPINGI_vende_rete15g
MPF,977733221,ESI NO DOL GLUCOSAMINA PURA90O,1,0.33,9,6,0,0,VALUTA_taglio
MPF,977705906,TILIA TOMENTOSA BOIRON MG 60ML,1,0.33,9,0,0,0,VALUTA_taglio
MPF,977695170,GLORIA162EVO AD BE MC,1,0.33,10,0,1.00,0,SPINGI_vende_rete15g
MPF,977632025,FICUS CARICA BOIRON MG 60ML,1,0.33,17,0,1.00,0,SPINGI_vende_rete15g
MPF,977466642,BERGAMON ALFA COSMETIC 500ML,1,0.33,99,4,0,0,VALUTA_taglio
MPF,977449026,COLLUTO3 COLLUTORIO OZONO250ML,1,0.33,7,0,1.00,0,SPINGI_vende_rete15g
MPF,977406469,LFP ATTIVO VITAMINA E 75% 20ML,1,0.33,3,3,0,61,CARRELLO
MPF,977021260,AMUCHINA 10% SPRAY CUTE 200ML,1,0.33,99,0,0,0,VALUTA_taglio
MPF,977021258,AMUCHINA GEL X-GERM 250ML,1,0.33,99,0,0,0,VALUTA_taglio
MPF,976864443,OMNI BIOTIC 10 AAD 30BUST,1,0.33,8,0,0,0,VALUTA_taglio
MPF,976828311,HALIBORANGE VIT D3 20000 UI8ML,1,0.33,10,0,1.00,0,SPINGI_vende_rete15g
MPF,976784203,KETO DIET SLIM 60CPS,1,0.33,4,0,2.00,0,SPINGI_vende_rete15g
MPF,976731152,PELVILEN DUAL ACT 20CPR,1,0.33,12,0,2.00,0,SPINGI_vende_rete15g
MPF,976396150,SWISSE UOMO 65+ MULTIVIT 30CPR,1,0.33,8,0,2.00,26,SPINGI_vende_rete15g
MPF,976390524,MINERAL 89 SIERO 75ML,1,0.33,8,6,1.00,12,SPINGI_vende_rete15g
MPF,976337927,ALGONERV CREMA 75ML,1,0.33,4,0,1.00,14,SPINGI_vende_rete15g
MPF,976336952,OMEGOR VITALITY 1000 90CPS,1,0.33,10,0,18.00,39,SPINGI_vende_rete15g
MPF,976329387,EMOFORM DENT FORTE CREMA ADES,1,0.33,4,10,2.00,0,SPINGI_vende_rete15g
MPF,976209813,CURAPROX CS 3960 SUP SOFT 1UN,1,0.33,12,0,0,0,VALUTA_taglio
MPF,976207973,OROBEN COLLUTORIO 150ML,1,0.33,14,0,1.00,17,SPINGI_vende_rete15g
MPF,976203238,NERVATIL 60CPR,1,0.33,7,0,1.00,0,SPINGI_vende_rete15g
MPF,976014668,SYNOQUIN EFA M BREED 30CPR,1,0.33,8,0,0,0,VALUTA_taglio
MPF,975991175,GELDIS 100ML,1,0.33,7,0,9.00,10,SPINGI_vende_rete15g
MPF,975979358,HYPEROIL TUBO GEL 30ML PROCTO,1,0.33,10,0,1.00,3,SPINGI_vende_rete15g
MPF,975972985,GIBAUD ORTHO ACT H35 CORS LS 2,1,0.33,1,3,0,22,CARRELLO
MPF,975965676,RETIBEN 20STICK 10ML,1,0.33,5,0,8.00,0,SPINGI_vende_rete15g
MPF,975941737,FERTISTILL 20BUST,1,0.33,7,0,3.00,0,SPINGI_vende_rete15g
MPF,975896263,LFP FERMENTI ULTRA 25MLD 10BUS,1,0.33,2,7,0,36,CARRELLO
MPF,975524240,XIOGLICAN GEL 50G,1,0.33,7,3,0,0,VALUTA_taglio
MPF,975454430,RASPA PLATINUM,1,0.33,99,0,2.00,0,SPINGI_vende_rete15g
MPF,975453869,BIOREPAIR COLLUTORIO PROT GENG,1,0.33,11,0,3.00,13,SPINGI_vende_rete15g
MPF,975398975,LFP SIERO VISO DOPOSOLE 50ML,1,0.33,3,8,0,40,CARRELLO
MPF,975186560,VITA D GOCCE 50ML,1,0.33,10,0,2.00,0,SPINGI_vende_rete15g
MPF,975084740,PIC INSUPEN ADV AGO G32X4MM,1,0.33,9,0,0,0,VALUTA_taglio
MPF,975054723,EUCERIN UREAREP CR MANI5% 75ML,1,0.33,4,34,1.00,42,SPINGI_vende_rete15g
MPF,975003714,EUCERIN PH5 DET FLUIDO 400ML,1,0.33,5,3,2.00,0,SPINGI_vende_rete15g
MPF,974890372,COMPENSA Q DIET POLVERE 250G,1,0.33,10,0,0,10,CARRELLO
MPF,974887743,NUTRIVA VEGAN B12 60CPR 1000MC,1,0.33,99,0,0,0,VALUTA_taglio
MPF,974652772,ETILE CLORURO SPRAY 175ML,1,0.33,9,0,1.00,0,SPINGI_vende_rete15g
MPF,974425516,CANDIDOPHILUS 30CPS,1,0.33,9,0,0,0,VALUTA_taglio
MPF,974109314,CERAVE CREMA IDRATANTE 177ML,1,0.33,6,6,2.00,26,SPINGI_vende_rete15g
MPF,974088852,EKEEP K1 POSTURE KEEPER D BI 4,1,0.33,6,4,0,15,CARRELLO
MPF,974058341,SENSIQUELL CR DET CANOVA 400ML,1,0.33,5,0,0,0,VALUTA_taglio
MPF,974058339,SENSIQUELL CR DET CANOVA 250ML,1,0.33,7,0,0,0,VALUTA_taglio
MPF,974058051,ECLADERM CREMA CANOVA 50ML,1,0.33,3,0,0,0,VALUTA_taglio
MPF,974024958,SUBRANS 20CPR,1,0.33,9,0,0,0,VALUTA_taglio
MPF,974012674,NEOBIANACID 14CPR MASTICABILI,1,0.33,14,0,1.00,0,SPINGI_vende_rete15g
MPF,973989890,ONICOPOD TR GOCCE 15ML,1,0.33,9,0,1.00,0,SPINGI_vende_rete15g
MPF,973923081,PULSOXIMETRO DA DITO OXY-2,1,0.33,10,0,1.00,0,SPINGI_vende_rete15g
MPF,973915818,CICAPLAST GEL B5 40ML,1,0.33,9,9,0,0,VALUTA_taglio
MPF,973865696,FLEX UC II 30CPS 500MG,1,0.33,6,0,0,0,VALUTA_taglio
MPF,973662137,FERRO OLIMENTOVIS 200ML,1,0.33,7,0,0,0,VALUTA_taglio
MPF,973500301,PURES SPRAY TONICO CIRC 100ML,1,0.33,6,0,1.00,0,SPINGI_vende_rete15g
MPF,973378159,M-AID RESOLVE CICATR CER 25X4,1,0.33,7,0,1.00,0,SPINGI_vende_rete15g
MPF,973351947,ZINCOSEB SPRAY 200ML,1,0.33,6,0,0,0,VALUTA_taglio
MPF,973204593,FERROLIP 20BUST OROSOLUBILI,1,0.33,99,0,0,0,VALUTA_taglio
MPF,973204290,ERBEROS 30CPR,1,0.33,6,0,0,0,VALUTA_taglio
MPF,973203603,EMOFORT 550 30CPS,1,0.33,5,0,1.00,0,SPINGI_vende_rete15g
MPF,973179120,BOLO VIA PASTA GATTI 50G,1,0.33,99,0,2.00,0,SPINGI_vende_rete15g
MPF,973178813,ERA MGK D3 20BUST,1,0.33,5,0,1.00,0,SPINGI_vende_rete15g
MPF,972681821,CARTIJOINT D 1000 20BUST 5G,1,0.33,7,4,1.00,11,SPINGI_vende_rete15g
MPF,972594182,PIC MISUR PRES MOBILERAPID,1,0.33,99,0,0,0,VALUTA_taglio
MPF,972533549,REDOX S 30CPS,1,0.33,7,0,1.00,0,SPINGI_vende_rete15g
MPF,972468197,TOTAL NEEM PROTECTION SPRAY MU,1,0.33,10,0,0,0,VALUTA_taglio
MPF,972353965,ALGIOMEGA 3 120PRL,1,0.33,2,3,0,21,CARRELLO
MPF,972353193,STRIAVEN CREMA GEL 100G,1,0.33,99,0,0,0,VALUTA_taglio
MPF,972288171,VITASTICK PASTA 15G,1,0.33,5,0,0,0,VALUTA_taglio
MPF,972260614,RIGEAVIT 30CPR,1,0.33,4,0,1.00,0,SPINGI_vende_rete15g
MPF,972260590,EMORSAN RAG 2 TUBI 30+30ML,1,0.33,8,0,2.00,0,SPINGI_vende_rete15g
MPF,971981105,BIO STRATH ELIXIR 500ML,1,0.33,5,0,2.00,0,SPINGI_vende_rete15g
MPF,971980697,MEDIPRESTERIL MED POSTOP 10X30,1,0.33,12,0,0,0,VALUTA_taglio
MPF,971953029,NUTRIFREE FETTE BISC 225G,1,0.33,8,0,0,0,VALUTA_taglio
MPF,971952609,GLOBINAX 30CPS,1,0.33,9,0,0,0,VALUTA_taglio
MPF,971752112,VITA ACT CALCIO+VIT D 60CPR,1,0.33,12,0,1.00,0,SPINGI_vende_rete15g
MPF,971715976,NORAD 30CPR 900MG,1,0.33,6,0,6.00,0,SPINGI_vende_rete15g
MPF,971528219,IRIDIUM A FREE 10ML,1,0.33,7,0,4.00,0,SPINGI_vende_rete15g
MPF,971484340,LACTOFER FERMENTI 12BUST,1,0.33,8,0,0,0,VALUTA_taglio
MPF,971377559,BASE LAVANTE 273 300ML,1,0.33,5,0,0,0,VALUTA_taglio
MPF,971376532,STEFORT SOL ORALE 10FL 10ML,1,0.33,4,0,6.00,0,SPINGI_vende_rete15g
MPF,971357013,OTTOCID PLUS 300ML,1,0.33,6,3,0,15,CARRELLO
MPF,971347620,BIOREPAIR PLUS DENTI SENSIBILI,1,0.33,6,10,9.00,29,SPINGI_vende_rete15g
MPF,971325271,PEDIAKD PLUS 5ML,1,0.33,6,0,0,0,VALUTA_taglio
MPF,971309935,INTRAFLOOR 30CPS,1,0.33,99,0,0,0,VALUTA_taglio
MPF,971299932,PERIO AID ACTIVE CONTROL 500ML,1,0.33,1,6,0,0,VALUTA_taglio
MPF,971260308,CLEARBLUE RILEVAZIONE PRECOCE,1,0.33,12,22,2.00,0,SPINGI_vende_rete15g
MPF,971216700,NATUR-GYM 60CPS VEGETALI,1,0.33,8,0,1.00,0,SPINGI_vende_rete15g
MPF,971215037,HIPP BIO OMOG PERA WILL 6X80G,1,0.33,12,0,1.00,0,SPINGI_vende_rete15g
MPF,971169836,CONNETTIVINABIO PLUS GARZA10PZ,1,0.33,4,27,2.00,30,SPINGI_vende_rete15g
MPF,971123841,OLEOLITO DI IPERICO 100ML,1,0.33,6,0,1.00,0,SPINGI_vende_rete15g
MPF,971120302,GENZIANA ESTRATTO INTEGR 200ML,1,0.33,99,0,0,0,VALUTA_taglio
MPF,971092236,LIVE VITAMINS 30CPS,1,0.33,99,0,0,0,VALUTA_taglio
MPF,971057094,KALEVIS-K 20BUST,1,0.33,8,0,0,0,VALUTA_taglio
MPF,971047826,HAIRGEN SPRAY ANTICADUTA 125ML,1,0.33,5,0,0,0,VALUTA_taglio
MPF,970970947,BARIESUN BALS DOPOSOLE 500ML,1,0.33,5,0,0,0,VALUTA_taglio
MPF,970929675,MIGLIOCRES SHAMPOO RIEQ BIPACK,1,0.33,7,11,1.00,0,SPINGI_vende_rete15g
MPF,970712939,OSTEO GHEOS FUNZIONALE 180CPR,1,0.33,9,0,1.00,0,SPINGI_vende_rete15g
MPF,970701381,BRAVA SALVIETTE DET 15PZ,1,0.33,7,0,11.00,0,SPINGI_vende_rete15g
MPF,970540365,BIONIKE SHINE ON SHAMPOO RISTR,1,0.33,5,0,2.00,0,SPINGI_vende_rete15g
MPF,970516706,DETOX BIO INTENSIVO 3PZ 20ML,1,0.33,14,0,1.00,0,SPINGI_vende_rete15g
MPF,970503114,TIAGIN FAST 10CPS VAGINALI SOF,1,0.33,6,0,1.00,6,SPINGI_vende_rete15g
MPF,970445185,SAUBER ANTITRASP 72ORE ROLL-ON,1,0.33,4,6,0,0,VALUTA_taglio
MPF,970419646,SALVIA ESTRATTO INTEGRALE200ML,1,0.33,9,0,1.00,0,SPINGI_vende_rete15g
MPF,970375945,EPATOSTAR FORTE 20CPR RIVEST,1,0.33,7,0,0,0,VALUTA_taglio
MPF,970336400,SUNNERSKIN 40ML,1,0.33,8,0,0,0,VALUTA_taglio
MPF,970336398,PEPTIVET OTO GEL 25ML,1,0.33,9,0,0,0,VALUTA_taglio
MPF,970283964,PROVISION PIERPAOLI 60CPR,1,0.33,9,0,0,12,CARRELLO
MPF,970257388,DERMABLEND 3D 25 30ML,1,0.33,99,0,0,0,VALUTA_taglio
MPF,970257376,DERMABLEND 3D 15 30ML,1,0.33,2,7,0,0,VALUTA_taglio
MPF,970176513,BIATAIN SIL LITE ADES 5X5CM,1,0.33,99,0,0,0,VALUTA_taglio
MPF,952099164,VITICIST URTO 10BUST+INT OMAGG,1,0.33,1,8,0,3,CARRELLO
MPF,951889930,APTODIN ESO 30STICKPACK,1,0.33,8,0,26.00,11,SPINGI_vende_rete15g
MPF,951381476,CERAVE PROTEZIONE SOL50+ 177ML,1,0.33,7,107,1.00,0,SPINGI_vende_rete15g
MPF,951340557,FISSAN LA PASTA A/PROT 150G NF,1,0.33,9,0,7.00,0,SPINGI_vende_rete15g
MPF,951318979,LFP SOL STICK INVIS 50+ 10ML,1,0.33,1,19,0,6,CARRELLO
MPF,951318726,LFP GEL DET PURIF BIOMA 200ML,1,0.33,5,16,0,21,CARRELLO
MPF,951306240,PSIPROTO FERT 30BUST,1,0.33,5,0,1.00,0,SPINGI_vende_rete15g
MPF,951268768,QUIXX DELICATE SOL IRRIG NAS,1,0.33,4,3,6.00,0,SPINGI_vende_rete15g
MPF,951064563,CERAVE PATCHES CONTROLLO IMPER,1,0.33,10,6,1.00,0,SPINGI_vende_rete15g
MPF,951064524,CERAVE SKIN RENEWING SIERO VIT,1,0.33,5,4,1.00,0,SPINGI_vende_rete15g
MPF,951028707,CRIPTOGEL GEL UNGUEALE 10ML,1,0.33,6,0,0,12,CARRELLO
MPF,950978864,REUFLOR JUNIOR 10FL,1,0.33,6,26,2.00,6,SPINGI_vende_rete15g
MPF,950966198,URGO UNGHIE FRAGILI 2ML,1,0.33,9,0,0,0,VALUTA_taglio
MPF,950915280,DOLOMIA SC LX MASC BOOSTER DIS,1,0.33,1,27,0,5,CARRELLO
MPF,950612693,ESENTA DIAMONDS BUSTINE 100PZ,1,0.33,3,0,1.00,0,SPINGI_vende_rete15g
MPF,950276737,GIBAUD ORTHO CORS LOMB ACT V 4,1,0.33,6,3,1.00,0,SPINGI_vende_rete15g
MPF,950267207,ESI DEPURERBE FORTE 60CPR,1,0.33,12,6,1.00,0,SPINGI_vende_rete15g
MPF,950265292,VITALMIX PRONTA ENERGIA 20BUST,1,0.33,11,0,4.00,0,SPINGI_vende_rete15g
MPF,950247991,SINERCI VITAMINA C SINER 2VASI,1,0.33,5,6,2.00,0,SPINGI_vende_rete15g
MPF,950216414,MECLON INTIMA QUOTIDIANO DET,1,0.33,3,13,0,0,VALUTA_taglio
MPF,950125777,EDEMASE 20CPR,1,0.33,9,0,55.00,0,SPINGI_vende_rete15g
MPF,950086076,EUCERIN SUN ACTINIC CONTROL NF,1,0.33,12,0,3.00,0,SPINGI_vende_rete15g
MPF,950060689,ADIPOL 30BUST,1,0.33,5,0,0,0,VALUTA_taglio
MPF,950059788,TIAL D DETERGENTE 250ML,1,0.33,4,0,0,0,VALUTA_taglio
MPF,950041741,RINOFLUX WASH SIRINGHE LAV NAS,1,0.33,99,0,0,0,VALUTA_taglio
MPF,950038481,DERMOVITAMINA ONICOMICOS PATCH,1,0.33,3,10,0,11,CARRELLO
MPF,950026308,KLORANE CHININA SH400ML+100ML,1,0.33,1,12,0,9,CARRELLO
MPF,949970723,MASSIGEN PRONTA ENERG12BUS+TEL,1,0.33,4,8,1.00,0,SPINGI_vende_rete15g
MPF,949970697,DR VITI COLLAGENE CR CRP 200ML,1,0.33,99,0,0,0,VALUTA_taglio
MPF,949645360,DR VITI DRENANTE ANANAS28STICK,1,0.33,6,0,2.00,10,SPINGI_vende_rete15g
MPF,949645358,VITI INTIMO LENITIVO CALENDULA,1,0.33,99,16,0,2,CARRELLO
MPF,947477422,MYCLI SOFT PEEL 50ML,1,0.33,3,3,0,28,CARRELLO
MPF,947384816,ZELUX MAMMA PLUS 30CPR+30CPS,1,0.33,7,0,2.00,0,SPINGI_vende_rete15g
MPF,947271134,SIBEN SPRAY NASALE 30ML,1,0.33,12,4,0,16,CARRELLO
MPF,947260535,VITFORMULA ACEROLA 30STICK,1,0.33,14,0,0,0,VALUTA_taglio
MPF,947256804,FUSION WATER COLOR LIGHT 50ML,1,0.33,6,0,0,12,CARRELLO
MPF,947251738,ENERPLUS RICARICA 15BUST,1,0.33,11,0,5.00,0,SPINGI_vende_rete15g
MPF,947226611,VALERIANA 100CPS VEGETALI,1,0.33,99,0,0,0,VALUTA_taglio
MPF,947147827,FOTOULTRA100 SPOT PREVENT COL,1,0.33,99,0,2.00,0,SPINGI_vende_rete15g
MPF,947138107,MONOI TIKI FONDOTINTA COMPATTO,1,0.33,99,0,0,0,VALUTA_taglio
MPF,946503341,MYCLI C RECHARGE CONT OCCHI,1,0.33,1,3,0,25,CARRELLO
MPF,945251573,PRINCIPIUM TENSIOLEN 30CPR,1,0.33,10,0,2.00,11,SPINGI_vende_rete15g
MPF,945205298,NEVRALIP 600 RETARD 30CPR,1,0.33,8,0,0,0,VALUTA_taglio
MPF,945138941,FLORYAN 10CPS,1,0.33,3,11,0,55,CARRELLO
MPF,945030803,MAGNESIO POTASSIO 24BUST,1,0.33,10,0,0,15,CARRELLO
MPF,945030714,VITICIST MIRTILLO 20CPR RIV,1,0.33,6,0,1.00,0,SPINGI_vende_rete15g
MPF,945030171,JOHYA OS 15FL,1,0.33,11,0,14.00,0,SPINGI_vende_rete15g
MPF,945015143,CALEMA NIGHT 30CPS MOLLI,1,0.33,4,0,0,0,VALUTA_taglio
MPF,945008252,MAYASPRINT 10FL,1,0.33,5,0,2.00,0,SPINGI_vende_rete15g
MPF,944959218,MULTI 45 100CPR,1,0.33,8,0,11.00,0,SPINGI_vende_rete15g
MPF,944912512,CURAFLUX RAPID SOSP 30BUST,1,0.33,13,12,5.00,6,SPINGI_vende_rete15g
MPF,944889068,PROGENY PET 60BUST,1,0.33,6,0,0,0,VALUTA_taglio
MPF,944779343,PROMENSIL MENOPAUSA 90CPR,1,0.33,3,0,3.00,0,SPINGI_vende_rete15g
MPF,944778101,ROUGJ SOLARE SPF15 100ML,1,0.33,1,5,1.00,0,SPINGI_vende_rete15g
MPF,944775713,LONGLIFE ACEROLA C100 FRUT BOS,1,0.33,6,0,0,0,VALUTA_taglio
MPF,944633611,LONGLIFE OLIO ORIGANO BIO60PRL,1,0.33,5,0,0,0,VALUTA_taglio
MPF,944629841,DIMA COMPLEX 60CPR,1,0.33,3,0,1.00,0,SPINGI_vende_rete15g
MPF,944547924,PRINCIPIUM CALCIO K D VEG60CPR,1,0.33,8,0,3.00,0,SPINGI_vende_rete15g
MPF,944443555,CLOSEBAX SD SHAMPOO 250ML,1,0.33,8,0,3.00,0,SPINGI_vende_rete15g
MPF,944181989,VITACALM PROPOSITIV 30CPR,1,0.33,4,0,0,0,VALUTA_taglio
MPF,944166103,NANCARE FLORA EQUILIBRIUM 20BS,1,0.33,3,0,2.00,0,SPINGI_vende_rete15g
MPF,944160682,CHIROFERT ORO 30STICK PACK ORO,1,0.33,8,0,7.00,4,SPINGI_vende_rete15g
MPF,944137518,GERMISDIN IGIENE CORPO ORIG 1L,1,0.33,7,0,0,43,CARRELLO
MPF,943921914,VOGLIA SOLE CREMA SOL SPF50+,1,0.33,99,0,0,0,VALUTA_taglio
MPF,943912891,JALOREST 30CPR,1,0.33,12,0,4.00,0,SPINGI_vende_rete15g
MPF,943796110,LUXFLUIRES SPRAY NASALE 20ML,1,0.33,99,0,0,0,VALUTA_taglio
MPF,943795726,MECLON IDRA EMULGEL 7MONOD 5ML,1,0.33,5,11,0,0,VALUTA_taglio
MPF,943507614,MYCLI HA PLAST PLURIATT 3 CR,1,0.33,6,15,0,35,CARRELLO
MPF,943469938,VEA DEO-LIPOGEL DEODORANTE30ML,1,0.33,11,0,8.00,0,SPINGI_vende_rete15g
MPF,943257713,NOVA ENERGY+ 24BUST,1,0.33,11,0,0,0,VALUTA_taglio
MPF,943256659,TIOCRONAL REDOX 20CPR,1,0.33,10,0,8.00,0,SPINGI_vende_rete15g
MPF,943112639,SIMBIDOL 20BUST,1,0.33,8,0,1.00,0,SPINGI_vende_rete15g
MPF,943060703,MGK VIS RIC PLUS 14+14BUST,1,0.33,6,0,0,5,CARRELLO
MPF,942895020,LONGLIFE E SELENIUM 45TAV,1,0.33,5,0,0,0,VALUTA_taglio
MPF,942845607,LIVEDREN CREMA 200ML,1,0.33,2,0,8.00,0,SPINGI_vende_rete15g
MPF,942578461,MICOSTOP EMULSIONE 125ML,1,0.33,5,0,1.00,0,SPINGI_vende_rete15g
MPF,942263599,CRACKDOL OIL MASSAGE 200ML,1,0.33,5,0,0,0,VALUTA_taglio
MPF,942138886,DICODRAL LIQUIDO 4X200ML,1,0.33,99,0,0,0,VALUTA_taglio
MPF,941972236,INOFOLIC HP 20BUST,1,0.33,12,0,8.00,0,SPINGI_vende_rete15g
MPF,941790584,CALCIO+MAGNESIO B6+VITD3 60CPS,1,0.33,9,0,1.00,0,SPINGI_vende_rete15g
MPF,941693691,VITACALM TUTTA NOTTE F/R 30CPR,1,0.33,7,0,0,0,VALUTA_taglio
MPF,941577912,ENOXOFTAL SOLUZIONE OFTALMICA,1,0.33,5,0,1.00,0,SPINGI_vende_rete15g
MPF,941435962,SEPARATORE DOPPIO ANELLO 3/4/5,1,0.33,6,0,0,0,VALUTA_taglio
MPF,941113300,VENAPLUS 30CPR,1,0.33,9,0,0,0,VALUTA_taglio
MPF,941079042,ARTIKRILL DOL CANE 60PRL,1,0.33,8,0,15.00,0,SPINGI_vende_rete15g
MPF,940884671,BIOLIFTAN EYE CONTOUR CR 15ML,1,0.33,7,0,3.00,0,SPINGI_vende_rete15g
MPF,940883352,BIOLIFTAN GEL MASK 50ML,1,0.33,7,0,2.00,0,SPINGI_vende_rete15g
MPF,940742911,DERMOVITAMINA RAGADI NA/LA VAS,1,0.33,14,0,0,0,VALUTA_taglio
MPF,940481866,PUNTUALE 6MICROCLISMI 10G,1,0.33,99,0,0,0,VALUTA_taglio
MPF,940225004,MONODERMA ET10 XL LIPOGEL30ML,1,0.33,8,0,3.00,0,SPINGI_vende_rete15g
MPF,940086337,TANTUM VERDE SOS AFTE SPR 20ML,1,0.33,15,0,3.00,27,SPINGI_vende_rete15g
MPF,939886216,HELAN FIOR DI TALCO ACQ IDRAT,1,0.33,6,0,0,0,VALUTA_taglio
MPF,939674863,BIOLACTINE TRAVEL FORTE 24CPS,1,0.33,6,0,6.00,0,SPINGI_vende_rete15g
MPF,939587376,PLURIGIN OVULI VAGINALI 10PZ,1,0.33,8,0,0,0,VALUTA_taglio
MPF,939573972,OMEGALIP -R 30CPR RIVESTITE,1,0.33,6,0,0,0,VALUTA_taglio
MPF,939393171,PODIDRAL FAS CR RAGADI PIED100,1,0.33,8,0,1.00,0,SPINGI_vende_rete15g
MPF,939065583,FLORIGEN DETERGENTE INTIMO,1,0.33,8,0,1.00,0,SPINGI_vende_rete15g
MPF,939062725,TAE X INVERSE VITILIGO SUNCARE,1,0.33,99,0,0,0,VALUTA_taglio
MPF,939029981,NAVIBLEF INTENSIVE CARE 50ML,1,0.33,8,0,0,0,VALUTA_taglio
MPF,938911308,FLORABALANCE ACTIVE 30CPS,1,0.33,9,0,0,0,VALUTA_taglio
MPF,938699182,OTOBOR SPR AURIC 50ML,1,0.33,15,0,2.00,0,SPINGI_vende_rete15g
MPF,938602570,AGEDIN SIERO IDROTENSORE 30ML,1,0.33,7,0,0,0,VALUTA_taglio
Papa,976293783,Dermovitamina Mico Tratta/col,44,14.49,2,7,0,65,CARRELLO
Papa,982715967,TECNIWORK Protettore Doppio Anello,38,12.52,1,0,0,0,VALUTA_taglio
Papa,942260326,EUPHIDRA AMIDO INTIMO GEL,26,8.56,1,5,1.00,0,SPINGI_vende_rete15g
Papa,935223863,PANARTEN COMPLEX 30CPR,19,6.26,1,1,0,29,CARRELLO
Papa,987253402,MUSCOLARVIS Polv.500g,19,6.26,1,0,0,7,CARRELLO
Papa,951097272,ALOPECY 100ML NF,19,6.26,8,0,0,0,VALUTA_taglio
Papa,943081075,LIPOMAG 30CPS,18,5.93,7,0,0,0,VALUTA_taglio
Papa,934028743,DERMOVITAMINA MICO PIEDE ATLET,16,5.27,2,2,1.00,0,SPINGI_vende_rete15g
Papa,950301390,CLOGIN REPAIR OVULI VAG 10OV,15,4.94,9,0,1.00,0,SPINGI_vende_rete15g
Papa,930669799,DERMOVITAMINA MICO ONICOMICOSI,15,4.94,3,1,2.00,17,SPINGI_vende_rete15g
Papa,984819894,NEURODOL ACIDO LIPOICO 30CPR,15,4.94,22,0,1.00,0,SPINGI_vende_rete15g
Papa,943303545,LONGLIFE MAGNESIUM 375 POWDER,13,4.28,10,0,4.00,0,SPINGI_vende_rete15g
Papa,983466362,DONNA PIU' 60CPS,12,3.95,5,0,0,0,VALUTA_taglio
Papa,912467281,AUDISPRAY JUNIOR IGIENE SPR,12,3.95,1,1,1.00,0,SPINGI_vende_rete15g
Papa,971116951,SYNAPSINE 10FL 10ML,11,3.62,15,0,20.00,70,SPINGI_vende_rete15g
Papa,947089165,PROLIFE 10 FORTE 7FL,11,3.62,3,42,6.00,6,SPINGI_vende_rete15g
Papa,986882090,DERMATINA D CREMA 30ML,10,3.29,6,0,0,0,VALUTA_taglio
Papa,951380967,LINES SPEC PANTS EX UNI L 7PZ,10,3.29,5,0,0,0,VALUTA_taglio
Papa,906269535,MEDI 9007 INFILA CALZE,9,2.96,99,0,0,0,VALUTA_taglio
Papa,950497952,TRICOVEL MIRNA EXOSOMES GEL4TU,9,2.96,5,0,30.00,27,SPINGI_vende_rete15g
Papa,912111111,PHYSIOMANNA LAXDEPUR MANNITE,9,2.96,10,0,9.00,0,SPINGI_vende_rete15g
Papa,949897882,PRONTEX BRACCIALE COMFORT,8,2.64,9,0,2.00,2,SPINGI_vende_rete15g
Papa,980430540,Cerulisina Fast Adulti Bambini,8,2.64,3,16,1.00,0,SPINGI_vende_rete15g
Papa,989678863,SIBOSOLV 60CPS ACIDORESIST,8,2.64,9,0,18.00,21,SPINGI_vende_rete15g
Papa,927259996,NEUROCORTEX 30CPR,8,2.64,6,0,0,0,VALUTA_taglio
Papa,979356019,REPIGMA CREAM 100ML,8,2.64,9,0,0,0,VALUTA_taglio
Papa,971621964,CONNETTIVINABIO CREMA 25G,8,2.64,4,9,5.00,8,SPINGI_vende_rete15g
Papa,980299806,"Curasept Coll0,20 200mlads+dna",7,2.31,6,7,6.00,56,SPINGI_vende_rete15g
Papa,987437237,Polase Limone 12bust Promo,7,2.31,8,9,2.00,0,SPINGI_vende_rete15g
Papa,951340557,FISSAN LA PASTA A/PROT 150G NF,7,2.31,21,0,7.00,0,SPINGI_vende_rete15g
Papa,983701071,PEDIAVIT MINERAL GOCCE 15ML,7,2.31,14,0,9.00,0,SPINGI_vende_rete15g
Papa,050993029,DICOFLORELLE GINEC*6CPS VAG MO,7,2.31,1,0,0,9,CARRELLO
Papa,951033036,TIROSINA PLUS 100PAST,7,2.31,7,0,3.00,22,SPINGI_vende_rete15g
Papa,951123607,OLIO RICINO PURO 200ML,7,2.31,8,0,6.00,0,SPINGI_vende_rete15g
Papa,970419646,SALVIA ESTRATTO INTEGRALE200ML,7,2.31,6,0,1.00,0,SPINGI_vende_rete15g
Papa,990648255,TREHAPAN GOCCE OCULARI 10ML,6,1.98,11,0,0,2,CARRELLO
Papa,930376379,POLASE ARANCIA 24BUST,6,1.98,2,10,1.00,0,SPINGI_vende_rete15g
Papa,952050678,GASTROVOM 30STICK PACK,6,1.98,4,0,2.00,0,SPINGI_vende_rete15g
Papa,934509795,MATT PHARMA SENNA ATTIVA 40CPR,6,1.98,6,0,3.00,0,SPINGI_vende_rete15g
Papa,975083953,FIOR DI BISCOTTI RISO 250G,6,1.98,6,0,0,0,VALUTA_taglio
Papa,025349109,TRAVOGEN*CREMA DERM 20G 1%,6,1.98,1,0,4.00,0,SPINGI_vende_rete15g
Papa,941963528,BETOTAL ADVANCE B12 15FL,6,1.98,3,1,3.00,28,SPINGI_vende_rete15g
Papa,950837195,KIJIMEA K53 ADVANCE 10CPS,6,1.98,9,0,1.00,2,SPINGI_vende_rete15g
Papa,988143487,Herpesun Lip Stick Labbra 5ml,6,1.98,5,12,1.00,0,SPINGI_vende_rete15g
Papa,903035160,RESURGEN 100ML,5,1.65,9,0,1.00,0,SPINGI_vende_rete15g
Papa,990086213,LONGLIFE MAGNESIUM BISGL 90TAV,5,1.65,99,0,2.00,2,SPINGI_vende_rete15g
Papa,974044099,BROMELINA Q MONDO NATURA 30CPR,5,1.65,2,0,10.00,5,SPINGI_vende_rete15g
Papa,902020116,SACCA UR LETTO 2L 90CM 30PZ,5,1.65,5,0,1.00,0,SPINGI_vende_rete15g
Papa,906039348,SERENITY MUTANDINA RETE XL 3P,5,1.65,2,0,0,8,CARRELLO
Papa,925005757,OVAVIS 100PAST,5,1.65,1,0,2.00,0,SPINGI_vende_rete15g
Papa,981045507,Istangial Dren 30cpr Filmate,5,1.65,7,0,5.00,7,SPINGI_vende_rete15g
Papa,985769696,VITGASE Crema 100ml,5,1.65,4,0,0,38,CARRELLO
Papa,980770299,GIBAUD ORTHO LOMBOGIB LADY21 1,5,1.65,6,0,2.00,6,SPINGI_vende_rete15g
Papa,980770630,PEANORM 30CPS,4,1.32,4,0,0,0,VALUTA_taglio
Papa,908030505,ALCOOL ETILICO Puro 96% 100ml Alco,4,1.32,99,0,0,0,VALUTA_taglio
Papa,975984535,Condronil Forte 20bust,4,1.32,4,0,7.00,52,SPINGI_vende_rete15g
Papa,975346697,NONAUSEA 14BUST STICKPACK,4,1.32,12,0,3.00,0,SPINGI_vende_rete15g
Papa,973914738,ZENZERO ESTRATTO INTEGR 200ML,4,1.32,7,0,0,0,VALUTA_taglio
Papa,971120264,ALTEA ESTRATTO INTEGRALE 200ML,4,1.32,13,0,0,19,CARRELLO
Papa,949892261,OMOMIND 20CPR,4,1.32,2,0,5.00,9,SPINGI_vende_rete15g
Papa,904378597,SAPIGEN K SAPONE LIQ INT 250ML,4,1.32,5,0,11.00,0,SPINGI_vende_rete15g
Papa,988998338,GABA Puro Liquido Analc.200ml,4,1.32,7,0,0,50,CARRELLO
Papa,981152756,TADIOR 20CPS,4,1.32,10,0,4.00,0,SPINGI_vende_rete15g
Papa,934975133,FILME NASALE OLIO 20ML,4,1.32,8,0,1.00,0,SPINGI_vende_rete15g
Papa,951125160,KALOIDON TIO2 CR CICATRICI 50+,4,1.32,2,0,0,3,CARRELLO
Papa,950305692,TRIPTOFANO PLUS 80PAST,4,1.32,5,0,2.00,14,SPINGI_vende_rete15g
Papa,939989087,"CATIONORM GOCCE 0,4ML 30F MONO",4,1.32,8,0,1.00,87,SPINGI_vende_rete15g
Papa,023358068,GEFFER*OS GRAT EFF 24BUST 5G,4,1.32,9,1,17.00,234,SPINGI_vende_rete15g
Papa,983364959,DINAMINA FLACONE 60G BUONAPET,4,1.32,4,0,9.00,0,SPINGI_vende_rete15g
Papa,926115041,NUTRIDRINK VANIGLIA 4X200ML,4,1.32,9,0,17.00,0,SPINGI_vende_rete15g
Papa,023603018,PEVARYL*CREMA 30G 1%,4,1.32,17,3,0,18,CARRELLO
Papa,951160415,EAA XMAS PACK HYFI GG NTT 2025,3,0.99,1,1,0,24,CARRELLO
Papa,947236877,MACROGOL 4000 20BUST,3,0.99,9,1,11.00,0,SPINGI_vende_rete15g
Papa,951150022,DIKIROGEN ZERO 30CPR,3,0.99,10,0,14.00,0,SPINGI_vende_rete15g
Papa,972256642,CALCIOK2 30STICK PACK,3,0.99,13,0,8.00,5,SPINGI_vende_rete15g
Papa,970451124,OCTILIA LACRIMA 10ML,3,0.99,3,1,0,0,VALUTA_taglio
Papa,012745067,TACHIPIRINA*AD 10SUPP 1000MG,3,0.99,13,1,14.00,11,SPINGI_vende_rete15g
Papa,977219462,RESTAX DONNA 30CPS,3,0.99,13,0,19.00,14,SPINGI_vende_rete15g
Papa,905030591,OCTILIA NATURAL GTT 10FL MONOD,3,0.99,8,2,3.00,0,SPINGI_vende_rete15g
Papa,987866504,"PRESTERIL Rocchetto Skin 1,25x3m",3,0.99,4,0,0,0,VALUTA_taglio
Papa,990019010,VISIOPAN 20BUST,3,0.99,6,0,3.00,0,SPINGI_vende_rete15g
Papa,979806611,ASSENZIO ESTRATTO INTEGR 200ML,3,0.99,11,0,1.00,0,SPINGI_vende_rete15g
Papa,920590736,TIOMOUSSE SCHIUMA 75ML,3,0.99,3,0,2.00,4,SPINGI_vende_rete15g
Papa,986700932,ECOTHERM Termometro CLinico Vetro,3,0.99,4,0,0,0,VALUTA_taglio
Papa,944628825,PELVIXAN 30CPR RIVESTITE,3,0.99,6,0,2.00,0,SPINGI_vende_rete15g
Papa,985832714,ERBALAX FORTE TISANA BIO 40G,3,0.99,4,0,0,0,VALUTA_taglio
Papa,932720954,RINOWAY SALI ISOTONICI 15BUST,3,0.99,99,0,0,0,VALUTA_taglio
Papa,930270259,SEDANAM GOCCE 50ML,3,0.99,3,1,0,0,VALUTA_taglio
Papa,989234354,VITIS GENGIVE SANE COLLUT500ML,3,0.99,6,0,3.00,0,SPINGI_vende_rete15g
Papa,026630020,"IRIDINA DUE*COLL 10ML 0,5MG/ML",3,0.99,10,18,47.00,10,SPINGI_vende_rete15g
Papa,971325220,PEDIATRE GOCCE 7ML,3,0.99,7,0,3.00,0,SPINGI_vende_rete15g
Papa,903454243,BRIOVITASE SOSTEGNO 14BUST MON,3,0.99,1,20,3.00,0,SPINGI_vende_rete15g
Papa,924870544,"TRANSPORE CER 2,5X500CM DISP",3,0.99,5,0,0,5,CARRELLO
Papa,979947850,INGLESE CANESTRELLI 300G,3,0.99,3,0,3.00,0,SPINGI_vende_rete15g
Papa,982465357,NORICA PROTEZIONE COMPLETA75ML,3,0.99,7,0,0,4,CARRELLO
Papa,935973521,THD CREAM EMORROIDI 30ML,3,0.99,8,0,1.00,0,SPINGI_vende_rete15g
Papa,979418821,BILIARIS LIQUIDO ANALC 200ML,3,0.99,99,0,0,0,VALUTA_taglio
Papa,988027037,PAPIL DERMA CREMA 20ML,3,0.99,6,0,0,11,CARRELLO
Papa,935506651,VAGISIL INTIMO GEL C PROHYDR,3,0.99,9,0,3.00,0,SPINGI_vende_rete15g
Papa,927304550,HELIOCARE 360 MINERAL SPF50,3,0.99,3,8,1.00,49,SPINGI_vende_rete15g
Papa,037291010,CAREXIDIL*SOLUZ CUT 60ML 5%,3,0.99,11,0,0,13,CARRELLO
Papa,932465368,MEDS ENTEROCLISMA PIEGHEVOLE,3,0.99,99,0,0,0,VALUTA_taglio
Papa,907152882,VASODREN 30CPR FILMATE,3,0.99,6,0,8.00,29,SPINGI_vende_rete15g
Papa,980770313,GIBAUD ORTHO LOMBOGIB LADY21 3,3,0.99,9,0,0,0,VALUTA_taglio
Papa,903024990,APPETIT 10F 10ML,3,0.99,7,0,11.00,0,SPINGI_vende_rete15g
Papa,982998092,MORFOLIC 30CPR,3,0.99,7,0,23.00,11,SPINGI_vende_rete15g
Papa,984949673,KEFIR LINEA 4BUST,3,0.99,99,0,0,0,VALUTA_taglio
Papa,922017811,CONDRONIL COMPLEX 30BUST,3,0.99,11,0,18.00,35,SPINGI_vende_rete15g
Papa,947251738,ENERPLUS RICARICA 15BUST,3,0.99,9,0,5.00,0,SPINGI_vende_rete15g
Papa,923485003,ARION EASY-SLIDE INFILACALZE L,3,0.99,7,0,2.00,0,SPINGI_vende_rete15g
Papa,951315249,DIOSMECTALGO LIMONE MENT12BUST,3,0.99,1,4,0,0,VALUTA_taglio
Papa,977633926,NUCLEODOL 30CPS,3,0.99,10,0,1.00,29,SPINGI_vende_rete15g
Papa,984597841,REDULEN GLICEMIA 60CPR,3,0.99,7,0,4.00,3,SPINGI_vende_rete15g
Papa,951200866,PEAFORT 30STICK,3,0.99,5,0,5.00,0,SPINGI_vende_rete15g
Papa,951164209,MAGNESIO BISGLICINATO 60PAST,3,0.99,5,0,1.00,55,SPINGI_vende_rete15g
Papa,941113300,VENAPLUS 30CPR,2,0.66,2,0,0,0,VALUTA_taglio
Papa,980426023,VENACOR FORTE 30CPR,2,0.66,10,0,4.00,14,SPINGI_vende_rete15g
Papa,935702466,SAME PLAST CEROTTO 7X20CM,2,0.66,22,0,3.00,0,SPINGI_vende_rete15g
Papa,986065872,HYLOVISION SINE 20FL,2,0.66,7,0,1.00,0,SPINGI_vende_rete15g
Papa,927046553,ELMEX PROTEZIONE CARIE COLL400,2,0.66,1,27,1.00,5,SPINGI_vende_rete15g
Papa,908575855,KETOSTIX CHETONURIA 50STR,2,0.66,3,0,0,10,CARRELLO
Papa,986905343,Dermovitamina Prurito Cr 150ml,2,0.66,10,0,2.00,0,SPINGI_vende_rete15g
Papa,989041443,PROMET 12 30CPR,2,0.66,11,0,0,0,VALUTA_taglio
Papa,984886958,Zzzquil Sonno Mango&ban 60past,2,0.66,4,6,6.00,6,SPINGI_vende_rete15g
Papa,926834084,MIPROVEN CREMA 100ML,2,0.66,8,0,6.00,0,SPINGI_vende_rete15g
Papa,942543772,TUNICAID 60CPR,2,0.66,5,0,2.00,16,SPINGI_vende_rete15g
Papa,980292662,Dermovitamina Prurito Int Elle,2,0.66,9,1,0,0,VALUTA_taglio
Papa,926652330,FERTOP 30CPR,2,0.66,5,0,6.00,16,SPINGI_vende_rete15g
Papa,926573561,COASTEN 12FLACONI MONOD 10ML,2,0.66,6,0,2.00,0,SPINGI_vende_rete15g
Papa,980078810,NEO EMOFORM WHIT DENTIF 100ML,2,0.66,4,0,0,0,VALUTA_taglio
Papa,988027266,Parodontax Bipack Class 2x75ml,2,0.66,7,6,7.00,40,SPINGI_vende_rete15g
Papa,926548278,LIPOTECH 400 30CPR,2,0.66,99,0,0,0,VALUTA_taglio
Papa,987369143,SENSURA MIO Sacca Scar.Ad.30pz,2,0.66,8,0,0,0,VALUTA_taglio
Papa,926511320,KOMBUCHA 750ML,2,0.66,4,0,15.00,2,SPINGI_vende_rete15g
Papa,942819412,FERTASK 20STICK PACK,2,0.66,13,0,3.00,0,SPINGI_vende_rete15g
Papa,943245302,EUPH FILLER CR LIFTING,2,0.66,1,4,0,-4,VALUTA_taglio
Papa,984703773,COLLAFORCE SUPER 10000 450G,2,0.66,11,0,4.00,12,SPINGI_vende_rete15g
Papa,025647013,TROSYD*CREMA DERM 30G 1%,2,0.66,3,11,5.00,26,SPINGI_vende_rete15g
Papa,926503970,ALOE-SY 1000ML,2,0.66,5,0,0,0,VALUTA_taglio
Papa,983265796,ALOEPLUS OTORI  125ML,2,0.66,1,0,0,13,CARRELLO
Papa,926247370,GLORIAM GENT199 GAMB NE SL,2,0.66,5,0,0,0,VALUTA_taglio
Papa,990551069,UNA10 MEDIMAXI 10Cpr DRN,2,0.66,6,0,8.00,0,SPINGI_vende_rete15g
Papa,934191800,FIBERPASTA DIET FUSILLI 500G,2,0.66,2,0,0,15,CARRELLO
Papa,979947847,INGLESE CRUMIRI 300G,2,0.66,4,0,0,0,VALUTA_taglio
Papa,943328575,HONOS OTO 20ML,2,0.66,11,0,1.00,0,SPINGI_vende_rete15g
Papa,021852013,COCARNITIN B12*OS 10FL 10ML,2,0.66,15,2,14.00,0,SPINGI_vende_rete15g
Papa,985990225,CONDROSPIR 14BUST,2,0.66,9,0,0,0,VALUTA_taglio
Papa,020689016,VAGILEN*10 OVULI VAG 500MG,2,0.66,99,0,0,0,VALUTA_taglio
Papa,906590322,TE KUKICHA 25FILT BIO,2,0.66,10,0,0,0,VALUTA_taglio
Papa,904987106,CIELLEA PET RECOVERY 60PRL,2,0.66,6,0,0,10,CARRELLO
Papa,984560134,FARMEX Premium Air Pannoloni Ex L ,2,0.66,3,0,0,0,VALUTA_taglio
Papa,939903656,ORSOVIT CARAMELLE GOMM 90PZ,2,0.66,4,6,0,16,CARRELLO
Papa,933870014,MELURESIO 14BUST,2,0.66,5,0,3.00,0,SPINGI_vende_rete15g
Papa,984781272,OTOSCUDO Pellicola Auricolare 14pz,2,0.66,9,0,1.00,0,SPINGI_vende_rete15g
Papa,943992786,"BIOKAP NUTRIC DEL RAP 5,34 CAS",2,0.66,6,0,9.00,0,SPINGI_vende_rete15g
Papa,923744609,SAUBER GAMB OPTOE 140 MIC NEU3,2,0.66,5,0,0,0,VALUTA_taglio
Papa,930870276,CATIONORM MULTI GOCCE 10ML,2,0.66,5,0,7.00,62,SPINGI_vende_rete15g
Papa,990542971,COLESTEROLO BYE BYE-T 180PAST,2,0.66,7,0,0,0,VALUTA_taglio
Papa,982821441,Curasept Collut Ads Dna Ast+om,2,0.66,6,11,0,0,VALUTA_taglio
Papa,950024808,FLOMEL 250 60CPR,2,0.66,7,0,7.00,20,SPINGI_vende_rete15g
Papa,937415762,BAGNODOCCIA DOPOSOLE PROL ABBR,2,0.66,7,0,3.00,0,SPINGI_vende_rete15g
Papa,938814872,BRIOVITASE ORANGE 14BUST,2,0.66,1,2,0,0,VALUTA_taglio
Papa,979101870,SARCHIO Muesli Energy 250g,2,0.66,99,0,0,0,VALUTA_taglio
Papa,978843910,REMESCAR CORR RUGHE ISTANT,2,0.66,9,0,4.00,12,SPINGI_vende_rete15g
Papa,933486019,SERENOIL HT 30CPS SOFTGEL,2,0.66,6,0,5.00,7,SPINGI_vende_rete15g
Papa,944102122,RIBES PET ULTRA PASTA 30G,2,0.66,4,0,2.00,34,SPINGI_vende_rete15g
Papa,978267831,MATT PHARMA D-Mannosio 12Bust.,2,0.66,10,0,3.00,0,SPINGI_vende_rete15g
Papa,977791793,GR FARMA GOCCE OCUL IDRAT 10ML,2,0.66,14,0,1.00,20,SPINGI_vende_rete15g
Papa,927249817,QUINOIL DOCCIA BIATTIVO 500ML,2,0.66,10,0,0,0,VALUTA_taglio
Papa,924978695,NUTROS 20CPR,2,0.66,5,0,11.00,0,SPINGI_vende_rete15g
Papa,924546068,SKATTO Q10 GOCCE 60ML,2,0.66,13,0,0,9,CARRELLO
Papa,977547138,UROVEX 20BUST,2,0.66,8,0,3.00,0,SPINGI_vende_rete15g
Papa,104920020,AMFLEE COMBO*3PIP 2-10KG CANI,2,0.66,2,0,0,0,VALUTA_taglio
Papa,924880418,DONNAMIX LIQUIDO ANALC 200ML,2,0.66,4,0,0,0,VALUTA_taglio
Papa,988057473,Macula 360 40cpr,2,0.66,6,1,18.00,39,SPINGI_vende_rete15g
Papa,935054914,MERIDOL COLLUTORIO 400ML,2,0.66,6,25,23.00,14,SPINGI_vende_rete15g
Papa,976796591,SOMAPROST PLUS 20STICK,2,0.66,3,0,12.00,18,SPINGI_vende_rete15g
Papa,947022238,SAMEVID INT 20CPR,2,0.66,7,0,2.00,0,SPINGI_vende_rete15g
Papa,944742004,MULTIVITAMIX VITAMINA D2000 UI,2,0.66,1,10,3.00,0,SPINGI_vende_rete15g
Papa,944800984,LONGLIFE QUERCETINA 200 60CPR,2,0.66,5,0,1.00,0,SPINGI_vende_rete15g
Papa,924599234,PAMAL 30CPR,2,0.66,9,0,2.00,0,SPINGI_vende_rete15g
Papa,034447045,"CELLUVISC*COLL 30F 0,4ML5MG/ML",2,0.66,11,0,12.00,159,SPINGI_vende_rete15g
Papa,988807261,REUMATONIL COMPLEX CR GEL ARN,2,0.66,4,0,0,27,CARRELLO
Papa,933462184,VIRIPROST 30PRL,2,0.66,11,0,5.00,0,SPINGI_vende_rete15g
Papa,988037533,SALI DI EPSOM 90CPR,2,0.66,9,0,8.00,0,SPINGI_vende_rete15g
Papa,974899419,LINES SP DERM SAG MAXI 30PZ,2,0.66,3,0,4.00,0,SPINGI_vende_rete15g
Papa,974388682,IODASE CELL FIT OLIO SEC CELLU,2,0.66,8,0,0,0,VALUTA_taglio
Papa,045625047,VOLTAREN EMULGEL*GEL 100G 2%,2,0.66,6,0,3.00,24,SPINGI_vende_rete15g
Papa,974368488,DERMOXEN BACTOR 7OV VAGINALI,2,0.66,1,0,0,0,VALUTA_taglio
Papa,972451684,LISITOL 48CPR,2,0.66,7,0,0,0,VALUTA_taglio
Papa,950019277,COLINOX GOCCE 20ML,2,0.66,6,0,3.00,0,SPINGI_vende_rete15g
Papa,982667661,DIOSMIR 1000 30BUST,2,0.66,7,0,1.00,0,SPINGI_vende_rete15g
Papa,971744887,ATHENAVIS ONE SIR INTRA-ART4ML,2,0.66,9,0,2.00,33,SPINGI_vende_rete15g
Papa,920323502,MEPIFORM CICATRICI 4X30 5PZ,2,0.66,5,0,2.00,0,SPINGI_vende_rete15g
Papa,971272556,BARIEDERM CICA-LEVRES 15ML,2,0.66,7,0,4.00,0,SPINGI_vende_rete15g
Papa,981937360,Keracnyl Gel Detergente 400ml,2,0.66,3,2,5.00,0,SPINGI_vende_rete15g
Papa,988897676,Kukident Bipacco Barr A/cibo,2,0.66,3,7,0,13,CARRELLO
Papa,981399532,MELATONINA ZN-S PIERPAOLI30CPR,2,0.66,5,0,4.00,0,SPINGI_vende_rete15g
Papa,983513728,Kukident Plus Doppia Azione40g,2,0.66,8,146,0,51,CARRELLO
Papa,970991168,BARDANA ESTRATTO INTEGR 200ML,2,0.66,5,0,0,0,VALUTA_taglio
Papa,901852677,MICRONORM SCRUB 5 PEELING 75ML,2,0.66,8,0,0,0,VALUTA_taglio
Papa,988998213,COLISTAX DIGEST 30 Cpr,2,0.66,2,0,2.00,0,SPINGI_vende_rete15g
Papa,970337453,REV RESOLVE CAPSULE,2,0.66,2,0,3.00,0,SPINGI_vende_rete15g
Papa,970225850,PEDIAMAG 10BUST,2,0.66,4,0,3.00,0,SPINGI_vende_rete15g
Papa,952121073,CICLYDAN 30CPR,2,0.66,16,0,2.00,0,SPINGI_vende_rete15g
Papa,981389378,Dermon Idratante Corpo 250ml,2,0.66,2,2,1.00,143,SPINGI_vende_rete15g
Papa,952098756,EUCERIN ANTI-PIGMENT CREMA CRP,2,0.66,10,0,0,3,CARRELLO
Papa,950082370,CLINNIX AKNE DETERGENTE 250ML,2,0.66,7,0,0,16,CARRELLO
Papa,949879290,PROFLUID PET SCIROPPO 85ML,2,0.66,12,0,0,2,CARRELLO
Papa,951380373,AFLOXAPROST 15STICK PACK,2,0.66,6,0,0,0,VALUTA_taglio
Papa,951358340,DORSOLOMBOTECH CORSETTO TG 3,2,0.66,6,0,1.00,21,SPINGI_vende_rete15g
Papa,951210703,SAUBER DEOCARE CREMA 35ML,2,0.66,1,0,1.00,0,SPINGI_vende_rete15g
Papa,951121843,MICALMO 12FL 10ML,2,0.66,4,0,8.00,0,SPINGI_vende_rete15g
Papa,901132682,TIAL SKIN LOZ VISO 50ML,2,0.66,5,0,1.00,0,SPINGI_vende_rete15g
Papa,980818823,LINES SPEC LADY EXTRA 8PZ,2,0.66,3,0,0,39,CARRELLO
Papa,921391948,DAMIANA & MUIRA PUAMA 100PAST,2,0.66,6,0,0,0,VALUTA_taglio
Papa,950065957,MITOCOLIN 30CPR DIVISIBILI,2,0.66,3,0,0,0,VALUTA_taglio
Papa,951032667,CONTRACTA DOL CEROTTO 5PZ,2,0.66,2,0,0,0,VALUTA_taglio
Papa,950305209,CARDIOSMILE FITOSTEROLI 30BUST,2,0.66,7,0,5.00,0,SPINGI_vende_rete15g
Papa,921394235,NATURAFLORA PLUS 60CPS VEG,2,0.66,10,0,4.00,0,SPINGI_vende_rete15g
Papa,950566505,EURECIT 20STICK PACK OROSOLUB,2,0.66,8,0,4.00,0,SPINGI_vende_rete15g
Papa,909210128,SAFETY Allume di Rocca 120g,2,0.66,3,0,3.00,0,SPINGI_vende_rete15g
Papa,987254822,EBERFLOR 15CPR,2,0.66,99,0,0,0,VALUTA_taglio
Papa,028523013,METRONIDAZOLO SAME*GEL 30G 1%,2,0.66,11,0,2.00,0,SPINGI_vende_rete15g
Papa,934509694,MATT BEN VIGORE 20CPR EFFERV,2,0.66,5,0,0,0,VALUTA_taglio
Papa,950302327,ORALMEDIC TRATTAMENTO AFTE,2,0.66,9,0,0,0,VALUTA_taglio
Papa,900106776,GARZA BACTIGRAS 10X10CM 10PZ,2,0.66,2,0,10.00,0,SPINGI_vende_rete15g
Papa,983274186,LINES SPECIALIST Derm Sagomato Sup,2,0.66,6,0,18.00,0,SPINGI_vende_rete15g
Papa,986705489,ELIFRI 30CPS,2,0.66,3,0,0,0,VALUTA_taglio
Papa,986967533,XAMAMINA REFLUSSO 0-12 200ML,2,0.66,11,0,3.00,0,SPINGI_vende_rete15g
Papa,988195689,EOS BIOVERDE INTIMO C 300ML,1,0.33,7,0,2.00,0,SPINGI_vende_rete15g
Papa,940051814,LENILID SALVIETTE PERIOC 20PZ,1,0.33,8,0,0,36,CARRELLO
Papa,908447358,GIBAUD ORTHO ORTESI RIZOARTRO1,1,0.33,5,0,0,0,VALUTA_taglio
Papa,950405439,URIPYR 30BUST,1,0.33,8,1,1.00,16,SPINGI_vende_rete15g
Papa,940000399,DEFLUX 20STICK MONODOSE 10ML,1,0.33,12,0,1.00,0,SPINGI_vende_rete15g
Papa,931644417,HYDRATEE CR GG RIGEN FOTOP30ML,1,0.33,8,0,1.00,1,SPINGI_vende_rete15g
Papa,984829729,Tau Marin Dentif Menta Del75ml,1,0.33,5,11,0,0,VALUTA_taglio
Papa,004853014,VALERIANA DISPERT*30CPR 45MG,1,0.33,10,1,0,0,VALUTA_taglio
Papa,984829731,Tau Marin Dentif Menta 75ml,1,0.33,3,12,0,0,VALUTA_taglio
Papa,950240388,ZUCCARIN ZUCCHERO&COLEST 60CPR,1,0.33,99,0,0,0,VALUTA_taglio
Papa,908478047,GIBAUD POLS RIGH BEI 6CM 0,1,0.33,1,1,0,0,VALUTA_taglio
Papa,908560269,GARZA JELONET 10X10CM 10BUST,1,0.33,99,0,0,0,VALUTA_taglio
Papa,908579004,KLOMA STIM LOZIONE 100ML,1,0.33,8,0,5.00,0,SPINGI_vende_rete15g
Papa,908583394,KODERM CREMA BARRIERA 75ML,1,0.33,8,0,0,0,VALUTA_taglio
Papa,988141343,DERMOVITAMINA CALM CR RICCA,1,0.33,17,0,0,17,CARRELLO
Papa,908726843,NEO MOM POLVERE 20G,1,0.33,2,3,0,0,VALUTA_taglio
Papa,908755073,AMUCHINA 100% 250ML,1,0.33,99,0,0,0,VALUTA_taglio
Papa,950222556,VITREONORM TASK 20STICK,1,0.33,6,0,8.00,15,SPINGI_vende_rete15g
Papa,984901203,PROBIOS FIOCCHI AVENA INTEGR,1,0.33,99,0,0,0,VALUTA_taglio
Papa,950211678,PROSVIS 400PAST,1,0.33,7,0,3.00,0,SPINGI_vende_rete15g
Papa,931656781,TAE X ACNIS CREMA 60ML,1,0.33,3,0,0,0,VALUTA_taglio
Papa,984903322,MITERA 30CPR+30CPS,1,0.33,8,0,5.00,15,SPINGI_vende_rete15g
Papa,908890484,M-AID OPTOMED GARZA 10PZ,1,0.33,5,5,5.00,0,SPINGI_vende_rete15g
Papa,927178703,EUMETAB 30CPS,1,0.33,3,0,0,21,CARRELLO
Papa,950081772,EPAVIS T 80PAST,1,0.33,6,0,0,3,CARRELLO
Papa,900411101,MOST GEL ASTRINGENTE 50ML,1,0.33,5,0,2.00,12,SPINGI_vende_rete15g
Papa,909125724,VMP PASTA GATTI 50G,1,0.33,7,0,0,0,VALUTA_taglio
Papa,932220205,RIBES PET ULTRA SHAMPOO/BALS,1,0.33,11,0,7.00,50,SPINGI_vende_rete15g
Papa,987258908,NUTRIFREE SUPER CRUNCH MUE NOC,1,0.33,99,0,0,0,VALUTA_taglio
Papa,950056844,BUTIRBIOMA RM ORO 20STICK,1,0.33,8,0,11.00,0,SPINGI_vende_rete15g
Papa,900360254,IDRASTIN CREMA RIGENERANTE50ML,1,0.33,3,0,3.00,0,SPINGI_vende_rete15g
Papa,909376624,UNDECIN A DETERGENTE 200ML,1,0.33,11,0,3.00,0,SPINGI_vende_rete15g
Papa,950054522,PERVENE PLUS 30CPR,1,0.33,8,0,4.00,0,SPINGI_vende_rete15g
Papa,989691112,Betotal Energy Boom 20stick,1,0.33,9,3,4.00,8,SPINGI_vende_rete15g
Papa,935610358,VENESAN 30CPR,1,0.33,4,0,1.00,0,SPINGI_vende_rete15g
Papa,911974881,REV ACNOSAL SPRAY 125ML,1,0.33,11,0,0,0,VALUTA_taglio
Papa,950032565,GLIFOSAFE 14BUST,1,0.33,8,0,4.00,0,SPINGI_vende_rete15g
Papa,989850514,KIJIMEA COMPLETE 111CPS,1,0.33,7,0,4.00,0,SPINGI_vende_rete15g
Papa,005638022,LUAN*GEL 100G 1% CHIRURGICO,1,0.33,10,1,2.00,0,SPINGI_vende_rete15g
Papa,912051657,RAPUNZEL BRODO VEG POLV 500G,1,0.33,99,0,0,0,VALUTA_taglio
Papa,986719476,KURAC MOUSSE DETERGENTE 100ML,1,0.33,8,0,0,0,VALUTA_taglio
Papa,939029967,NAVIBLEF DAILY CARE 50ML,1,0.33,25,0,4.00,17,SPINGI_vende_rete15g
Papa,989397599,INTOLERAN Duo Gut Support 60 Cps,1,0.33,3,0,0,0,VALUTA_taglio
Papa,984904882,EON-DK2 GOCCE 30ML,1,0.33,4,0,2.00,16,SPINGI_vende_rete15g
Papa,989980937,METAFOLIC+ 30CPS,1,0.33,13,0,0,0,VALUTA_taglio
Papa,927592764,"OPTIVE FUSION UD 30FLAC 0,4ML",1,0.33,14,0,0,13,CARRELLO
Papa,986737930,CUTISEB SHAMPOO 200ML,1,0.33,6,0,0,0,VALUTA_taglio
Papa,912344734,MENOCOMPLEX 60CPS,1,0.33,2,0,3.00,0,SPINGI_vende_rete15g
Papa,913453054,GENACOL ORIGINAL 90CPS,1,0.33,5,0,0,0,VALUTA_taglio
Papa,949993455,HDLGELAR FREE 45CPS,1,0.33,12,0,4.00,4,SPINGI_vende_rete15g
Papa,949898035,BROVAS 1000 30CPR,1,0.33,9,0,2.00,24,SPINGI_vende_rete15g
Papa,025561073,SOFARGEN*CREMA 120G 1%,1,0.33,9,1,15.00,12,SPINGI_vende_rete15g
Papa,989243530,IAP FLEURS D'AGRUMES VERV 150,1,0.33,3,0,0,0,VALUTA_taglio
Papa,920325154,CRE CREMA MANDORLE BIANCA 200G,1,0.33,13,0,1.00,0,SPINGI_vende_rete15g
Papa,949897870,PRONTEX XGO MISUR PRESS POLSO,1,0.33,8,0,0,0,VALUTA_taglio
Papa,921232450,PESCURA FLAT ORIG BYCAST SAB43,1,0.33,9,0,1.00,0,SPINGI_vende_rete15g
Papa,934545423,PRINCIPIUM EPA-3 FISH 90CPS,1,0.33,9,0,18.00,0,SPINGI_vende_rete15g
Papa,939018230,AGIN DETERGENTE 1000ML,1,0.33,13,0,0,0,VALUTA_taglio
Papa,921383307,PANE CARASAU 250G,1,0.33,4,0,0,0,VALUTA_taglio
Papa,986738793,Oralb Pw Refill Crossact Bk5pz,1,0.33,4,1,1.00,0,SPINGI_vende_rete15g
Papa,949842544,GYNO-CANESCYSTIL CISTIPRO14BUS,1,0.33,5,3,0,39,CARRELLO
Papa,930164708,CHERADERM 10 CREMA CORPO 450ML,1,0.33,3,0,1.00,0,SPINGI_vende_rete15g
Papa,930197619,NEW VAPINAL INALATORE TERMALE,1,0.33,2,24,0,0,VALUTA_taglio
Papa,921384436,CONTROKAL 60CPR,1,0.33,18,0,0,0,VALUTA_taglio
Papa,949697318,BUONERBE FORTE 90CPR,1,0.33,9,0,15.00,15,SPINGI_vende_rete15g
Papa,900354376,FLEBORAL 300 5CPS,1,0.33,5,1,1.00,0,SPINGI_vende_rete15g
Papa,935008932,UNIFERRO FORTE 30CPS,1,0.33,8,0,0,0,VALUTA_taglio
Papa,949502811,CALMACID 40TAV MASTICABILI,1,0.33,7,0,0,28,CARRELLO
Papa,921890366,ARNICA GEL 90% 100ML,1,0.33,10,0,1.00,0,SPINGI_vende_rete15g
Papa,932428422,RECONNETTIVAL C RETARD 60CPR,1,0.33,99,0,0,0,VALUTA_taglio
Papa,930214541,"EMOFORM PLAKOUT ACT0,20% COLLU",1,0.33,8,0,9.00,0,SPINGI_vende_rete15g
Papa,948186770,PRINCIPIUM REFLUMAX ACI24STICK,1,0.33,9,0,7.00,0,SPINGI_vende_rete15g
Papa,989983438,PSIPROTO ELISIR 30CPS GASTRORE,1,0.33,11,0,4.00,12,SPINGI_vende_rete15g
Papa,984904995,PHYSIOGEL SOLLIEVO CALM CR VIS,1,0.33,10,0,2.00,0,SPINGI_vende_rete15g
Papa,984907737,RISO ROSSO E COENZIMA Q10 30G,1,0.33,9,0,1.00,0,SPINGI_vende_rete15g
Papa,922321486,ELASTICUS 180PAST,1,0.33,8,0,2.00,0,SPINGI_vende_rete15g
Papa,948162918,MEDILEN POLVERE 100G,1,0.33,7,0,1.00,0,SPINGI_vende_rete15g
Papa,990001861,Zzzquil Sonno+ Antistress28cps,1,0.33,10,21,2.00,0,SPINGI_vende_rete15g
Papa,948014600,TIGER PLUS 20CPR,1,0.33,8,0,0,11,CARRELLO
Papa,947261994,SKINPROJECT RADIANCE CR VISO,1,0.33,5,0,2.00,0,SPINGI_vende_rete15g
Papa,947256828,FUSION WATER COLOR BRONZE 50ML,1,0.33,6,0,1.00,0,SPINGI_vende_rete15g
Papa,922472143,DEPURATIVO FEGATO POTENZIATO,1,0.33,14,0,0,0,VALUTA_taglio
Papa,922764283,RETOPIX SPRAY CANE/GATTO 100ML,1,0.33,7,0,0,0,VALUTA_taglio
Papa,990001998,MULTILADY 60CPS VEGET NF,1,0.33,99,0,0,0,VALUTA_taglio
Papa,930274319,FOOTCARE SPR VERRUCHE 50ML E1,1,0.33,3,6,0,0,VALUTA_taglio
Papa,922925767,OTOSAN GOCCE AURIC BIO 10ML,1,0.33,18,0,0,0,VALUTA_taglio
Papa,947247021,CREMA CORPO NUTRIENTE 250ML,1,0.33,1,5,0,0,VALUTA_taglio
Papa,044958015,FMS CROTALUS COMPLEX*30ML GTT,1,0.33,1,0,0,9,CARRELLO
Papa,923005920,NEUROXAL 30CPR RETARD,1,0.33,7,0,0,0,VALUTA_taglio
Papa,923451987,OLIO DI COCCO 200G,1,0.33,5,0,0,26,CARRELLO
Papa,938993223,URGOCLEAN AG/SILVER 6X6CM 5PZ,1,0.33,6,0,4.00,0,SPINGI_vende_rete15g
Papa,947244618,CAROBIN PET FORTE 30CPR,1,0.33,19,0,4.00,41,SPINGI_vende_rete15g
Papa,947236865,ARTIGLIO DEL DIAVOLO CREMA,1,0.33,99,2,0,0,VALUTA_taglio
Papa,984999007,VERAVIS T SUPREMO GRANI CO 1KG,1,0.33,6,0,0,87,CARRELLO
Papa,923555116,REMOVER SPRAY ADESIVI MEDICALI,1,0.33,3,0,0,3,CARRELLO
Papa,923743292,TONAC PLUS 20BUST,1,0.33,99,0,0,0,VALUTA_taglio
Papa,985000645,ANTHELIOS FLU OIL UV MUNE 50+A<,1,0.33,14,0,0,0,VALUTA_taglio
Papa,985520814,CAPINERV DOL CEROTTI 5PZ,1,0.33,5,0,0,0,VALUTA_taglio
Papa,987279751,Pancia Piatta Dren500ml Frutti,1,0.33,1,8,0,0,VALUTA_taglio
Papa,900095528,BENEX POMATA 100ML,1,0.33,11,0,4.00,0,SPINGI_vende_rete15g
Papa,989638818,SINOVIAL HL 90 SIR INTRA-ART,1,0.33,6,0,0,68,CARRELLO
Papa,800220701,HOMEOS 17 GOCCE 50ML,1,0.33,3,0,1.00,0,SPINGI_vende_rete15g
Papa,947226938,FLOGONOX 10CPR,1,0.33,18,0,0,0,VALUTA_taglio
Papa,930276769,"YABRO 10F 3ML AC IALUR 0,3%",1,0.33,20,0,1.00,15,SPINGI_vende_rete15g
Papa,985574591,SENSITIV EVO SPRAY 200ML,1,0.33,8,0,0,1,CARRELLO
Papa,947130098,IPNOREM GOCCE 30ML,1,0.33,14,0,4.00,0,SPINGI_vende_rete15g
Papa,924055635,NUTRIFREE PANGRATTATO 500G,1,0.33,5,0,0,0,VALUTA_taglio
Papa,924178914,COMPLETA CANI 50CPR,1,0.33,7,0,3.00,0,SPINGI_vende_rete15g
Papa,924217286,RESCUE REMEDY 50ML,1,0.33,6,0,0,0,VALUTA_taglio
Papa,990019287,CAPELLO SANO A/AGE 120Past.SVS,1,0.33,99,0,0,0,VALUTA_taglio
Papa,924526217,SCIROPPO PERE MICHEL 200ML,1,0.33,8,0,0,0,VALUTA_taglio
Papa,924546221,CARPINO BI 500ML ANALCO GEM10+,1,0.33,14,0,1.00,0,SPINGI_vende_rete15g
Papa,985580885,BIOMAGERD 20STICKPACK,1,0.33,6,0,11.00,15,SPINGI_vende_rete15g
Papa,947089140,PROLIFE LACTOBACILLI 7FL,1,0.33,9,0,2.00,22,SPINGI_vende_rete15g
Papa,938805633,DERMOVITAMINA CALM SENSIC500ML,1,0.33,1,16,0,167,CARRELLO
Papa,945136467,PEROGNIDOL FORTE 15ML,1,0.33,6,0,22.00,52,SPINGI_vende_rete15g
Papa,945025625,OXIMIX VITA B METIL 60CPS,1,0.33,4,0,0,0,VALUTA_taglio
Papa,930381494,NEPETASATIVA MACERATO CAIRA,1,0.33,6,0,0,0,VALUTA_taglio
Papa,924729371,CH SPAZZOLA E PETTINE ROSA,1,0.33,99,6,0,0,VALUTA_taglio
Papa,930530720,DERMAFRESH IPERSUDOR PIEDI 100,1,0.33,3,7,1.00,0,SPINGI_vende_rete15g
Papa,944725694,DERMOLIVO OVULI VAGINALI 10PZ,1,0.33,5,0,4.00,0,SPINGI_vende_rete15g
Papa,924847231,AMINOGAM SPRAY 15ML,1,0.33,7,0,1.00,0,SPINGI_vende_rete15g
Papa,944631706,G OUD BURRO PROFUMATO CRP200ML,1,0.33,7,0,0,0,VALUTA_taglio
Papa,985600129,VEBIX PHYTAMIN PA Repair Viso,1,0.33,7,0,1.00,0,SPINGI_vende_rete15g
Papa,944324223,TOPIKA PASTA ALL'ACQUA 250ML,1,0.33,5,0,1.00,0,SPINGI_vende_rete15g
Papa,934625056,MELAXINA T GOCCE 30ML,1,0.33,21,0,0,0,VALUTA_taglio
Papa,030353015,MISTICK ANTISTAMINICO MV*2% CR,1,0.33,5,1,1.00,0,SPINGI_vende_rete15g
Papa,930533308,SENSOVIT 30CPR,1,0.33,99,0,0,0,VALUTA_taglio
Papa,026045029,CANESTEN UNIDIE*CREMA 30G 1%,1,0.33,9,1,4.00,15,SPINGI_vende_rete15g
Papa,990064848,DIMAFLOREN 10FL 10ML,1,0.33,13,0,6.00,0,SPINGI_vende_rete15g
Papa,924924588,MAGNESIO E POTASSIO CREAT 14BU,1,0.33,7,0,3.00,0,SPINGI_vende_rete15g
Papa,985661507,MAGNESIONORM 14BUST,1,0.33,5,0,0,58,CARRELLO
Papa,924924830,ARIFER PLUS 30CPS,1,0.33,5,0,3.00,0,SPINGI_vende_rete15g
Papa,985661519,FERRONORM 30CPS,1,0.33,5,0,0,0,VALUTA_taglio
Papa,985823071,REVISION 30CPS,1,0.33,4,0,0,0,VALUTA_taglio
Papa,104687227,VECTRA 3D*3PIP >40KG ROSSO,1,0.33,9,0,3.00,0,SPINGI_vende_rete15g
Papa,944166103,NANCARE FLORA EQUILIBRIUM 20BS,1,0.33,6,0,2.00,0,SPINGI_vende_rete15g
Papa,102240025,LEN*20CPR 160MG CANI-GATTI,1,0.33,99,0,0,2,CARRELLO
Papa,935057428,"BIOKAP NUTRIC 8,0 BIO CHIARO",1,0.33,99,0,0,0,VALUTA_taglio
Papa,930650320,DOA ATTIVA SOLUZIONE DET 200ML,1,0.33,3,1,2.00,0,SPINGI_vende_rete15g
Papa,990460545,GASTRIK PET SOSPENSIONE 60 ML,1,0.33,7,0,0,0,VALUTA_taglio
Papa,934638127,ALKAGIN DET INT LEN ALC 250ML,1,0.33,5,0,1.00,0,SPINGI_vende_rete15g
Papa,925234647,VALVOLA CATET DREN UR SACCA,1,0.33,6,0,0,0,VALUTA_taglio
Papa,018610067,CARNITENE*10CPR MAST 1G,1,0.33,8,0,1.00,25,SPINGI_vende_rete15g
Papa,925391308,FLEBOMIX 1000MG 30CPR,1,0.33,19,0,3.00,8,SPINGI_vende_rete15g
Papa,985830518,SOFFISOF C PANN RET C/BAR 30PZ,1,0.33,6,0,10.00,0,SPINGI_vende_rete15g
Papa,944162256,RIPRISTIN OTO GEL 20ML,1,0.33,2,0,0,0,VALUTA_taglio
Papa,930869060,FERFOLIN C 30CPS,1,0.33,12,0,3.00,0,SPINGI_vende_rete15g
Papa,990542680,GRANIBUONI Freselle Grano Saraceno,1,0.33,1,0,0,0,VALUTA_taglio
Papa,988066890,IDRASTIN CREMA MULTIATTIVA75ML,1,0.33,8,0,1.00,21,SPINGI_vende_rete15g
Papa,925826036,THERAMICOTIC SHAMPOO 200ML,1,0.33,15,0,0,0,VALUTA_taglio
Papa,938795921,GLUCOLAB AC GLICEMIA 25STR,1,0.33,9,0,0,0,VALUTA_taglio
Papa,925831962,"VISIODORON MALVA 20MONODX0,4ML",1,0.33,9,0,2.00,0,SPINGI_vende_rete15g
Papa,989370539,TRIDERM AD CREMA DET 490ML,1,0.33,7,0,0,0,VALUTA_taglio
Papa,938656891,MULTICENTRUM ADULTI 30CPR,1,0.33,5,7,1.00,0,SPINGI_vende_rete15g
Papa,925832343,N5 AR ALIM DIET LATTANTI 400G,1,0.33,4,0,0,38,CARRELLO
Papa,988107482,CH GIOCO UNICORNO GONFIABILE,1,0.33,6,0,0,0,VALUTA_taglio
Papa,938132192,GASTROTUSS ANTIREFLUSSO 30CPR,1,0.33,8,0,3.00,0,SPINGI_vende_rete15g
Papa,925833105,LAUFWUNDER CR PELLI SCREP 75ML,1,0.33,13,0,1.00,0,SPINGI_vende_rete15g
Papa,926054127,MERIDOL WHITENING DENTIF 75ML,1,0.33,5,4,0,0,VALUTA_taglio
Papa,936048180,EUPH COLORPRO XD900 BI CHS,1,0.33,3,8,0,0,VALUTA_taglio
Papa,936048178,EUPH COLORPRO XD830 BIO DO,1,0.33,2,8,0,0,VALUTA_taglio
Papa,936005382,BALAMAL GEL SAPONE INTIMO250ML,1,0.33,99,0,0,0,VALUTA_taglio
Papa,934759539,PSYLLOGEL MEGAFERMENTI 24 ACE,1,0.33,6,5,1.00,13,SPINGI_vende_rete15g
Papa,989039742,DECUVIA Pasta 250ml,1,0.33,6,0,0,14,CARRELLO
Papa,926058658,KRIOIL 30CPS,1,0.33,6,0,0,0,VALUTA_taglio
Papa,930890850,SOLIVEN CREMA BIOSLINE 100ML,1,0.33,11,0,2.00,0,SPINGI_vende_rete15g
Papa,988124172,REPY GEL 30ML NF,1,0.33,9,0,0,0,VALUTA_taglio
Papa,933632186,SEMI DI CHIA BIO 400G,1,0.33,4,0,1.00,0,SPINGI_vende_rete15g
Papa,943372843,PRINCIPIUM B12 1000 60CPR SUBL,1,0.33,9,0,4.00,36,SPINGI_vende_rete15g
Papa,989414659,MASUROTA JUNIOR 14BUST,1,0.33,6,0,0,0,VALUTA_taglio
Papa,930960113,BETOTAL BODY PLUS 20BUST,1,0.33,7,11,10.00,30,SPINGI_vende_rete15g
Papa,935937110,LONGLIFE INULINA POWDER 240G,1,0.33,99,0,0,0,VALUTA_taglio
Papa,989367204,VITAMINDERMINA*Pol v.Mentolo,1,0.33,6,0,1.00,0,SPINGI_vende_rete15g
Papa,042360040,PARACETAMOLO SAND*20CPR 500MG,1,0.33,4,0,4.00,6,SPINGI_vende_rete15g
Papa,943368148,NEVRALCAR DUO 60CPR DEGLUT,1,0.33,9,0,3.00,0,SPINGI_vende_rete15g
Papa,038396040,IMODIUM*8CPS 2MG,1,0.33,2,0,1.00,18,SPINGI_vende_rete15g
Papa,034522019,"DUOFILM*COLLODIO 15ML16,7%+15%",1,0.33,20,0,0,0,VALUTA_taglio
Papa,926194465,SEMI DI LINO MACINATI 200G,1,0.33,99,0,0,0,VALUTA_taglio
Papa,935813764,ITRANOX GTT OTOLOGICHE 10ML,1,0.33,20,0,1.00,0,SPINGI_vende_rete15g
Papa,990548606,URGOTUL 15X20CM 3PZ,1,0.33,12,0,0,0,VALUTA_taglio
Papa,985992383,DERMACOTONE SPUGNA MARINA,1,0.33,5,0,0,9,CARRELLO
Papa,935790701,M-AID ROLLFLEX A-STOP M10X10CM,1,0.33,8,0,0,0,VALUTA_taglio
Papa,931001465,ZER% GLUTINE PENNE RISO BIO,1,0.33,4,0,5.00,0,SPINGI_vende_rete15g
Papa,935789735,XNERV 24CPR,1,0.33,6,0,27.00,17,SPINGI_vende_rete15g
Papa,931025605,PUMILENE GOLA MIELE/LIM 24PAST,1,0.33,5,0,0,0,VALUTA_taglio
Papa,926239447,OVERVIST 30CPS,1,0.33,7,0,0,0,VALUTA_taglio
Papa,931032484,GINEDIE CAPSULE VAGINALI 8PZ,1,0.33,7,0,1.00,0,SPINGI_vende_rete15g
Papa,049385026,"ROZEX*CREMA DERM 50G 0,75%",1,0.33,1,0,7.00,0,SPINGI_vende_rete15g
Papa,926461841,MTS11 HERICIUM GOCCE 20ML,1,0.33,7,0,0,0,VALUTA_taglio
Papa,943294746,TENDISULFUR RUN 14BUST,1,0.33,8,0,0,24,CARRELLO
Papa,987294764,MICRONIL DOL 30CPR,1,0.33,7,0,3.00,0,SPINGI_vende_rete15g
Papa,931052500,XVENO 30CPR,1,0.33,15,0,4.00,0,SPINGI_vende_rete15g
Papa,943251761,AFOMILL ANTIARROSSAMENTO SC10M,1,0.33,2,18,0,0,VALUTA_taglio
Papa,023399013,GINETANTUM*10BUST VAG 500MG,1,0.33,11,1,0,16,CARRELLO
Papa,935753400,TAUMAG FORTE 50G,1,0.33,99,0,0,0,VALUTA_taglio
Papa,931070421,PROVASEN 20CPR,1,0.33,5,0,0,0,VALUTA_taglio
Papa,935768693,NUTRIREGULAR NAUXEN 20CPR,1,0.33,9,0,0,0,VALUTA_taglio
Papa,989409154,ISOMAR SPRAY NO GAS BABY 30ML,1,0.33,10,0,0,0,VALUTA_taglio
Papa,986895466,EKEEP H3 Malleokeep Cavigl.St.2,1,0.33,7,0,0,0,VALUTA_taglio
Papa,934317443,CALMADOL CUSCINETTO CALDO-FRED,1,0.33,4,4,1.00,30,SPINGI_vende_rete15g
Papa,987331105,APROTEN Pasta Linguine Promo 500g,1,0.33,99,0,0,0,VALUTA_taglio
Papa,023703010,MECLON*10 OVULI VAG 100+500MG,1,0.33,7,1,6.00,14,SPINGI_vende_rete15g
Papa,987336450,GIBAUD GINOCCH COT SOT BEI 2,1,0.33,13,0,1.00,0,SPINGI_vende_rete15g
Papa,935293872,PSORAXIL ORO 30CPR,1,0.33,8,0,2.00,0,SPINGI_vende_rete15g
Papa,031103017,ZOLFO E POTASSIO CARBONATO*UNG,1,0.33,2,0,0,0,VALUTA_taglio
Papa,942813825,HYLO DUAL 10ML,1,0.33,27,0,3.00,16,SPINGI_vende_rete15g
Papa,935520039,LIGADOL EVO 20BUST,1,0.33,16,0,1.00,0,SPINGI_vende_rete15g
Papa,986000406,ALLTEST Test Streptococco 20pz,1,0.33,4,0,0,18,CARRELLO
Papa,986005460,ELIVID 60CPR,1,0.33,3,0,0,88,CARRELLO
Papa,987388461,BORAL Ace Spray Auric.100ml,1,0.33,5,0,1.00,0,SPINGI_vende_rete15g
Papa,931079065,BETOTAL MIND PLUS 20BUST,1,0.33,7,6,6.00,27,SPINGI_vende_rete15g
Papa,987390059,NEFRORENAL 100ml,1,0.33,6,0,0,0,VALUTA_taglio
Papa,926558685,COPRISONDA PIC VAG-RET 144PZ,1,0.33,5,0,0,0,VALUTA_taglio
Papa,931091540,MIGRASOLL 30BUST,1,0.33,6,0,8.00,0,SPINGI_vende_rete15g
Papa,987409000,ECHIPREVENT 20STICK PACK,1,0.33,3,0,0,0,VALUTA_taglio
Papa,989315080,Tonokoll 30f,1,0.33,2,0,5.00,0,SPINGI_vende_rete15g
Papa,942732583,VITIALGIN 1030MG 60PRL,1,0.33,9,0,0,11,CARRELLO
Papa,986012134,TUAMEMOR 15FL 10ML,1,0.33,12,0,0,0,VALUTA_taglio
Papa,935479244,COLEPAN FAST 20CPR,1,0.33,6,0,0,0,VALUTA_taglio
Papa,926739160,LIPOCOL PLUS 30CPR,1,0.33,12,0,9.00,0,SPINGI_vende_rete15g
Papa,934825249,MULTICENTRUM MAMMA 30CPR,1,0.33,15,1,3.00,11,SPINGI_vende_rete15g
Papa,987417060,CREATINE 300G,1,0.33,9,0,0,0,VALUTA_taglio
Papa,926819133,OLIPROST 30PRL,1,0.33,6,0,0,0,VALUTA_taglio
Papa,046444016,ASPIGOLADOLACT*SPRAY 15ML,1,0.33,10,8,2.00,0,SPINGI_vende_rete15g
Papa,989399100,NEOVIGOR 15BUST,1,0.33,3,0,0,0,VALUTA_taglio
Papa,990643696,DERMACOTONE Ades.Citron.48pz,1,0.33,6,0,0,0,VALUTA_taglio
Papa,926988080,CER PIC CLASSIC STR 10X8CM 10P,1,0.33,5,8,0,0,VALUTA_taglio
Papa,934869658,SELIMA 30CPR,1,0.33,9,0,2.00,0,SPINGI_vende_rete15g
Papa,941811046,VENOPLUS UNILEN 30CPR,1,0.33,5,0,0,0,VALUTA_taglio
Papa,941693691,VITACALM TUTTA NOTTE F/R 30CPR,1,0.33,99,0,0,0,VALUTA_taglio
Papa,032036028,"BROXODIN*COLLUT 250ML 0,2%",1,0.33,9,0,2.00,0,SPINGI_vende_rete15g
Papa,986956629,PHYTO COL BARRIERA 20CPR,1,0.33,10,0,0,0,VALUTA_taglio
Papa,927046565,ELMEX SENSITIVE COLLUT 400ML,1,0.33,9,19,16.00,0,SPINGI_vende_rete15g
Papa,986079578,PANTASLIM COLLANT TRATT KIT 4P,1,0.33,10,0,2.00,0,SPINGI_vende_rete15g
Papa,940830247,AFOMILL SOLLIEVO OCCHI GTT10ML,1,0.33,3,16,0,12,CARRELLO
Papa,032182077,"SODIO CLORURO EUROS*0,9%1000ML",1,0.33,99,0,0,0,VALUTA_taglio
Papa,987673617,VALERIANA PASSIFLORA BIANC GTT,1,0.33,9,0,1.00,0,SPINGI_vende_rete15g
Papa,931092151,NOVOX GEL SIRINGA 5ML,1,0.33,4,0,0,12,CARRELLO
Papa,987747995,FORTIFLORA CANE PLUS 30BUST,1,0.33,7,0,4.00,0,SPINGI_vende_rete15g
Papa,927143382,ALTRICEREALI BISC AVENA INTEGR,1,0.33,5,0,5.00,0,SPINGI_vende_rete15g
Papa,028039028,NORUXOL*UNG 30G,1,0.33,11,0,4.00,135,SPINGI_vende_rete15g
Papa,934488329,DHALUX 350 30CPS MOLLI,1,0.33,9,0,2.00,0,SPINGI_vende_rete15g
Papa,986582221,CUMAVIS 30STICK PACK,1,0.33,9,0,0,17,CARRELLO
Papa,931596492,UROPED 10BUST,1,0.33,10,0,2.00,0,SPINGI_vende_rete15g
Papa,023907177,BETADINE*SOLUZ CUT FL 50ML 10%,1,0.33,2,1,1.00,0,SPINGI_vende_rete15g
Papa,987834506,OTINOVA SPRAY AURICOLARE 15ML,1,0.33,5,0,1.00,0,SPINGI_vende_rete15g
Papa,927143913,RELAXINA PANIC 50CPS,1,0.33,99,0,0,0,VALUTA_taglio
Papa,987849193,OMOFOLIK 400 30CPR,1,0.33,12,0,7.00,82,SPINGI_vende_rete15g
Papa,033913017,DOLAUT*GEL SPRAY FL 25G 40MG/G,1,0.33,6,0,4.00,266,SPINGI_vende_rete15g
Papa,935701375,KOLINAT LNP 30CPS,1,0.33,7,0,0,0,VALUTA_taglio
Papa,023491133,MICOTEF*GEL OS 40G 2%,1,0.33,8,0,3.00,21,SPINGI_vende_rete15g
Papa,940762406,FLOSER 10BUSTE,1,0.33,12,0,3.00,0,SPINGI_vende_rete15g
Papa,034942019,"ZIDOVAL*VAG GEL40G 7,5MG/G+5AP",1,0.33,11,0,0,5,CARRELLO
Papa,940562527,EUPHIDRA AMIDO DET N/SAP 400ML,1,0.33,99,4,0,0,VALUTA_taglio
Papa,986708648,CHILLY NO RINSE FRESCO 100ML,1,0.33,5,0,1.00,0,SPINGI_vende_rete15g
Papa,940539188,FERTILEN PRO 30CPS,1,0.33,4,0,2.00,11,SPINGI_vende_rete15g
Papa,940274741,LACTIPLUS DLR 30CPS VEGETALI,1,0.33,5,0,4.00,0,SPINGI_vende_rete15g
Papa,940226323,SUPRADYN DIFESE 15CPR EFFERV,1,0.33,1,1,0,0,VALUTA_taglio
Papa,940206699,MAYADOL 30STICK PACKS OROSOL,1,0.33,4,0,0,0,VALUTA_taglio
Papa,927152658,PALOMA 200ML,1,0.33,5,0,5.00,8,SPINGI_vende_rete15g
Papa,940089802,PRODIV 20BUST,1,0.33,16,0,0,15,CARRELLO
Papa,940085970,LONGLIFE L-GLYCINE500MG 100CPS,1,0.33,9,0,1.00,0,SPINGI_vende_rete15g
Papa,989332390,Dermovitamina Calm Sensio400ml,1,0.33,1,2,0,0,VALUTA_taglio
Papa,927178095,DERMON INTIMO ATTIVO 250ML,1,0.33,2,11,0,0,VALUTA_taglio
Papa,035450016,DICLOREUM ACTIGEL*GEL 50G 1%,1,0.33,4,0,1.00,0,SPINGI_vende_rete15g
Papa,950830366,AJSIA LINEAR GUANTO NITR M100P,1,0.33,3,0,0,0,VALUTA_taglio
Papa,950836181,LIOFERRINA 30ML,1,0.33,12,0,1.00,0,SPINGI_vende_rete15g
Papa,950837219,KIJIMEA FLORACARE 10CPS,1,0.33,10,0,1.00,0,SPINGI_vende_rete15g
Papa,900542756,REBIOGER Q10 60CPR,1,0.33,12,0,4.00,0,SPINGI_vende_rete15g
Papa,950839415,VULNAMIN 6 CREMA 50G,1,0.33,7,0,0,0,VALUTA_taglio
Papa,950912865,EPICUROS 20CPR,1,0.33,99,0,0,0,VALUTA_taglio
Papa,950952768,PUROFLOG SOLUZIONE OFT 10ML,1,0.33,8,0,4.00,7,SPINGI_vende_rete15g
Papa,950977165,DORMO BENE 80PAST,1,0.33,5,0,0,0,VALUTA_taglio
Papa,900794165,PRUREX EMULSIONE 75ML,1,0.33,8,0,0,19,CARRELLO
Papa,951036161,ESIFAL PLUS 20STICK 15ML,1,0.33,4,0,6.00,11,SPINGI_vende_rete15g
Papa,951091711,BIOMAVET CANE 1500MG 12CPR,1,0.33,7,0,5.00,0,SPINGI_vende_rete15g
Papa,951091723,BIOMAVET CANE 750MG 12CPR,1,0.33,9,0,3.00,0,SPINGI_vende_rete15g
Papa,951099124,DERMOXEN PELVIPLUS 30BUST,1,0.33,6,0,0,0,VALUTA_taglio
Papa,951106018,HEMOPRAN ENDORETTALI 7SUPPOSTE,1,0.33,10,0,0,0,VALUTA_taglio
Papa,900866551,EUPH SKIN CR ANTIR 40ML,1,0.33,1,6,0,0,VALUTA_taglio
Papa,901178879,CALLIFUGO CICCARELLI +PENNELLO,1,0.33,8,0,0,0,VALUTA_taglio
Papa,951123633,CALCIO PURO POLVERE SOL 150G,1,0.33,7,0,0,0,VALUTA_taglio
Papa,951144385,RINOSTIL FORTE SPR NAS 150ML,1,0.33,8,0,0,0,VALUTA_taglio
Papa,951149968,AXIGAB 90CPR,1,0.33,11,0,8.00,0,SPINGI_vende_rete15g
Papa,951171343,LONGLIFE ASHWAGANDHA BIO 5%,1,0.33,99,0,0,0,VALUTA_taglio
Papa,951210665,SAUBER DEOACTIVE ROLL ON 70ML,1,0.33,6,0,3.00,0,SPINGI_vende_rete15g
Papa,901179022,TIMODORE POLVERE 250ML,1,0.33,10,1,3.00,0,SPINGI_vende_rete15g
Papa,989021934,APROME' PENNE 500G,1,0.33,2,0,0,0,VALUTA_taglio
Papa,951269531,URELAX FLOGO 60CPR,1,0.33,8,0,1.00,0,SPINGI_vende_rete15g
Papa,951330493,BROMELINA OTI COMPLEX 180CPS,1,0.33,15,0,1.00,43,SPINGI_vende_rete15g
Papa,951330758,CYSTOPHAN 30CPS,1,0.33,99,0,0,0,VALUTA_taglio
Papa,951336977,PYROGASTR 20STICK GEL,1,0.33,8,0,0,0,VALUTA_taglio
Papa,951365307,BAULI FREE PANE CASERECCIO220G,1,0.33,8,0,0,2,CARRELLO
Papa,951365600,APAXIL SUDOR CONTROL MANI/PIED,1,0.33,8,0,1.00,4,SPINGI_vende_rete15g
Papa,951372717,MICROLIFE BRACC RIGIDO 4G M/L,1,0.33,5,0,0,6,CARRELLO
Papa,951377858,VISCOGEN PLUS 30BUST,1,0.33,9,0,0,0,VALUTA_taglio
Papa,989007695,PIOLIT 30BUST,1,0.33,99,0,0,0,VALUTA_taglio
Papa,901181040,BIOFORTE PLUS 10FLX10ML,1,0.33,2,0,4.00,0,SPINGI_vende_rete15g
Papa,951506043,STOMEK SOSPENSIONE 30STICK,1,0.33,9,0,0,0,VALUTA_taglio
Papa,951507449,AQUAVIS DS SHAMPOO 200ML,1,0.33,8,0,1.00,0,SPINGI_vende_rete15g
Papa,951507779,POLASE PLUS CARNITINA PRO24BUS,1,0.33,2,9,4.00,0,SPINGI_vende_rete15g
Papa,951553623,CERVICALE SANA 180PAST,1,0.33,99,0,0,0,VALUTA_taglio
Papa,951621919,LENIVAGIX OVULI VAGINALI 12PZ,1,0.33,10,0,1.00,0,SPINGI_vende_rete15g
Papa,951869243,LOMBOGIB WORK H26 TG04,1,0.33,73,0,0,0,VALUTA_taglio
Papa,951869698,LACTORELAX TABS CHEW 18CPR APP,1,0.33,1,0,0,0,VALUTA_taglio
Papa,952048991,STOMADOL DIGESTIONE 30CPR MAST,1,0.33,2,12,1.00,0,SPINGI_vende_rete15g
Papa,952088058,PHYSIOMANCE HEPATOBOOST G500ML,1,0.33,6,0,2.00,0,SPINGI_vende_rete15g
Papa,901347613,MYCOGEL GEL DETERGENTE 150ML,1,0.33,99,0,0,0,VALUTA_taglio
Papa,989007657,VENOSTIL 30CPR,1,0.33,5,0,2.00,0,SPINGI_vende_rete15g
Papa,901466262,TURNOVER CREMA DERMATOLOGICA,1,0.33,8,0,0,0,VALUTA_taglio
Papa,952110029,TIOBEC LAC 30CPR,1,0.33,8,0,69.00,0,SPINGI_vende_rete15g
Papa,952125920,GLIALIA 700MG+70MG 30BUST,1,0.33,14,0,31.00,43,SPINGI_vende_rete15g
Papa,970336398,PEPTIVET OTO GEL 25ML,1,0.33,6,0,0,0,VALUTA_taglio
Papa,970370413,HYPERMIX SPRAY 30ML,1,0.33,4,0,0,4,CARRELLO
Papa,901554547,RUSCH GOLD P AD 2V TIE CH18 1P,1,0.33,3,0,0,9,CARRELLO
Papa,970447850,ECOSDOL 30CPR,1,0.33,5,0,0,0,VALUTA_taglio
Papa,970487308,ACTIFLOG 20CPR,1,0.33,7,0,2.00,0,SPINGI_vende_rete15g
Papa,970520906,BUTIRCOL 20CPS,1,0.33,8,0,0,0,VALUTA_taglio
Papa,970929624,SALI DI ISCHIA BODYQUE MEDIT S,1,0.33,99,0,0,0,VALUTA_taglio
Papa,970930501,PANNOLONE MUT FIT B ULT+AL 30P,1,0.33,7,0,0,0,VALUTA_taglio
Papa,971047814,HAIRGEN SHAMPOO 200ML,1,0.33,11,0,0,0,VALUTA_taglio
Papa,971060898,TENA MEN LEVEL 2 10PZ,1,0.33,7,0,0,7,CARRELLO
Papa,971062652,FLORACID OROSOLUBILE 10STICK,1,0.33,7,0,0,0,VALUTA_taglio
Papa,971064783,TRIAMAG B6 36CPR,1,0.33,8,0,2.00,0,SPINGI_vende_rete15g
Papa,902012196,STAMPELLA LEGA LEG 1PZ,1,0.33,6,0,0,0,VALUTA_taglio
Papa,971114576,ASTRAGALO ESTRATTO INTEGR200ML,1,0.33,4,0,0,15,CARRELLO
Papa,971120326,ROSMARINO ESTRATTO INTEGR200ML,1,0.33,6,0,0,0,VALUTA_taglio
Papa,988991271,FLOXEA 10OV VAGINALI,1,0.33,5,0,0,4,CARRELLO
Papa,902070628,VITEX AC 20CPS,1,0.33,11,0,0,17,CARRELLO
Papa,971242298,IRON FOLIC 30CPS,1,0.33,7,0,4.00,0,SPINGI_vende_rete15g
Papa,971305192,SODIO BICARBONATO 500MG 100CPR,1,0.33,12,0,2.00,0,SPINGI_vende_rete15g
Papa,971399290,INULINA IN POLVERE BIO 100G,1,0.33,4,0,0,2,CARRELLO
Papa,971534096,ESSENTIA 2TUBI 220GR,1,0.33,6,0,0,0,VALUTA_taglio
Papa,971608157,SCHAR MAXI SORRISI BISC CR CAC,1,0.33,8,0,0,38,CARRELLO
Papa,971620796,BLEFACTIVE LIPOGEL OFTALMICO,1,0.33,99,1,0,0,VALUTA_taglio
Papa,971735168,DIVIKEN SPRAY ORALE 21ML,1,0.33,4,0,1.00,0,SPINGI_vende_rete15g
Papa,971754142,MISCELA 3 OLII LASS 1L MD,1,0.33,9,0,5.00,0,SPINGI_vende_rete15g
Papa,971953029,NUTRIFREE FETTE BISC 225G,1,0.33,7,0,0,0,VALUTA_taglio
Papa,971991878,JALUSHAVE 100ML,1,0.33,1,0,0,0,VALUTA_taglio
Papa,902202148,XEROTIN 100ML,1,0.33,99,0,0,0,VALUTA_taglio
Papa,902305438,PIC SPORT TAPPO AURIC SIL 6PZ,1,0.33,6,0,0,0,VALUTA_taglio
Papa,972049769,DECAPAN 20 UNGUENTO 30ML,1,0.33,8,0,1.00,0,SPINGI_vende_rete15g
Papa,972061612,FORSKOLIN FORTE 60CPS,1,0.33,99,0,0,0,VALUTA_taglio
Papa,972064632,ANSIRID 60CPS,1,0.33,5,0,0,0,VALUTA_taglio
Papa,972137588,GOLD COLLAGEN ACTIVE 10FL,1,0.33,3,2,0,16,CARRELLO
Papa,902552431,CAREVIT DOG MANGIME 100CPR,1,0.33,8,0,10.00,0,SPINGI_vende_rete15g
Papa,972256832,BESAL PLUS 20BUST,1,0.33,99,0,0,0,VALUTA_taglio
Papa,903026793,GUM POSTOPERATION SPAZZ U MORB,1,0.33,5,0,0,0,VALUTA_taglio
Papa,972264636,BLEFASTOP GARZA COT PIE RX 28P,1,0.33,8,0,0,0,VALUTA_taglio
Papa,972725117,VITREOLISINA FORTE 30CPR,1,0.33,8,0,2.00,17,SPINGI_vende_rete15g
Papa,972730612,BOSKIN CREMA 500ML,1,0.33,4,0,6.00,0,SPINGI_vende_rete15g
Papa,972760110,REVEE SCAR GEL 20G,1,0.33,8,0,2.00,0,SPINGI_vende_rete15g
Papa,972775353,OLIPROX POLVERE LIQ 75ML CE,1,0.33,3,0,1.00,0,SPINGI_vende_rete15g
Papa,972787826,APAXIL SUDOR CONT ASC NTT 25ML,1,0.33,6,0,2.00,19,SPINGI_vende_rete15g
Papa,973351947,ZINCOSEB SPRAY 200ML,1,0.33,10,0,0,0,VALUTA_taglio
Papa,973592429,MACVISION 30CPR,1,0.33,19,0,1.00,0,SPINGI_vende_rete15g
Papa,973622703,VIDLIFE 30CPR,1,0.33,3,0,2.00,0,SPINGI_vende_rete15g
Papa,973662036,CITILPEA 30BUST,1,0.33,6,1,1.00,13,SPINGI_vende_rete15g
Papa,973730029,EUCERIN SUN PHOTOAGING SPF30,1,0.33,2,3,0,0,VALUTA_taglio
Papa,973877830,MIPROREX 5 30CPR,1,0.33,4,0,0,0,VALUTA_taglio
Papa,974021418,PROSTYM 30CPS,1,0.33,2,0,11.00,46,SPINGI_vende_rete15g
Papa,974036713,PUFATECH 100PRL,1,0.33,13,0,5.00,0,SPINGI_vende_rete15g
Papa,903570099,SERENITY PANN SAG CLAS SU 30PZ,1,0.33,5,0,0,0,VALUTA_taglio
Papa,903664732,SILAC P A PAS 100ML,1,0.33,99,0,0,0,VALUTA_taglio
Papa,974058176,RIVESCAL SHAMPOO DEL CANOVA,1,0.33,11,0,0,0,VALUTA_taglio
Papa,903938710,ILADERM CREMA VISO VITAMINA C,1,0.33,1,0,1.00,0,SPINGI_vende_rete15g
Papa,903958852,BETOTAL 20CPR RIVESTITE,1,0.33,7,2,0,27,CARRELLO
Papa,974058253,RIVESCAL DS MOUSSE CANOVA100ML,1,0.33,5,0,1.00,0,SPINGI_vende_rete15g
Papa,903963635,CROMOVIT CREMA PHARCOS 40ML,1,0.33,7,0,0,0,VALUTA_taglio
Papa,974116535,MELA ANNURCA HAIR 30CPS,1,0.33,8,0,0,0,VALUTA_taglio
Papa,974425439,KELP 300TAV,1,0.33,99,0,0,0,VALUTA_taglio
Papa,974477503,TRICORED PLUS 30CPS,1,0.33,5,0,0,0,VALUTA_taglio
Papa,974513703,FIBRINOSIL 20CPR,1,0.33,6,0,0,0,VALUTA_taglio
Papa,974851293,EMUNDA SCRUB&MASCHERA 125ML,1,0.33,3,0,1.00,0,SPINGI_vende_rete15g
Papa,974879823,ULIVIS ESTRATTO FOGLIE ULIVO1L,1,0.33,9,0,2.00,26,SPINGI_vende_rete15g
Papa,974988329,DOAFER 30CPS,1,0.33,6,0,0,0,VALUTA_taglio
Papa,975197726,GULLON Sharkies 250g,1,0.33,4,0,0,0,VALUTA_taglio
Papa,975500897,OMIX 400 30CPR RIVESTITE,1,0.33,8,0,12.00,0,SPINGI_vende_rete15g
Papa,975516081,KORFIT 30 Cpr,1,0.33,6,0,0,0,VALUTA_taglio
Papa,975535384,Q DIET PSYLLIUM PET POLVERE90G,1,0.33,7,0,1.00,0,SPINGI_vende_rete15g
Papa,903964575,ELASTOVEN 30CPR,1,0.33,13,0,3.00,21,SPINGI_vende_rete15g
Papa,975593068,COLES BEN 60CPR,1,0.33,8,0,0,0,VALUTA_taglio
Papa,903966113,CHERAMED EMOL UN/PIEDE 15ML,1,0.33,99,0,0,0,VALUTA_taglio
Papa,904303738,MAGIC PEELING GOLD GUANTO,1,0.33,9,0,4.00,0,SPINGI_vende_rete15g
Papa,976015192,XERATOP OLIO DETERGENTE 500ML,1,0.33,6,0,1.00,0,SPINGI_vende_rete15g
Papa,976100988,NEOSAME 20CPR,1,0.33,11,0,0,0,VALUTA_taglio
Papa,976310870,FLONAT FAST 20CPR,1,0.33,3,0,0,23,CARRELLO
Papa,976311340,Neurassial Dol 20cpr Deglut,1,0.33,10,0,17.00,15,SPINGI_vende_rete15g
Papa,976322608,VITIS MEDIUM ACCESS+GINGIVAL,1,0.33,6,0,0,0,VALUTA_taglio
Papa,976404778,TIAN ZHI CEROTTO 4PZ,1,0.33,5,0,0,0,VALUTA_taglio
Papa,976520647,VISAVEN FORTE 16BUST SOLUBILI,1,0.33,7,0,12.00,0,SPINGI_vende_rete15g
Papa,976595090,FIBRONOTTE 60CPR,1,0.33,8,0,0,0,VALUTA_taglio
Papa,976770077,ZEROALL GOCCE 30ML,1,0.33,2,0,0,0,VALUTA_taglio
Papa,976906988,COLON REGULAR LIQ ANALCO 200ML,1,0.33,1,0,0,0,VALUTA_taglio
Papa,977254200,COENZIMA Q10 FORTE 60CPS,1,0.33,11,0,0,0,VALUTA_taglio
Papa,977446335,MELATOSIN 2MG 150CPR,1,0.33,11,0,1.00,0,SPINGI_vende_rete15g
Papa,977625894,PROFAR BRACCIALE SFIGMO,1,0.33,9,0,1.00,0,SPINGI_vende_rete15g
Papa,904343439,MONOI BURRO SUPERABBRONZANTE,1,0.33,6,0,0,0,VALUTA_taglio
Papa,977695271,GLORIA162EVO AD BE ML,1,0.33,7,0,0,31,CARRELLO
Papa,978115778,Laevolac Equiflora 20cpr,1,0.33,8,6,4.00,0,SPINGI_vende_rete15g
Papa,978115804,Laevolac Fibre 100cpr,1,0.33,7,6,0,101,CARRELLO
Papa,978401596,YAMAMOTO R ENZYMASIC 30CPS,1,0.33,3,0,1.00,0,SPINGI_vende_rete15g
Papa,904733870,ACUFEN 15CPR,1,0.33,13,0,0,0,VALUTA_taglio
Papa,978433858,IPROST 320 Esa 30 Perle,1,0.33,11,0,0,0,VALUTA_taglio
Papa,978448506,Connettivinasticksun Spf30 3g,1,0.33,3,11,1.00,24,SPINGI_vende_rete15g
Papa,978500825,ASTAZIN 10 30CPR,1,0.33,10,0,4.00,0,SPINGI_vende_rete15g
Papa,904737588,VSL3 10BUST,1,0.33,17,0,3.00,67,SPINGI_vende_rete15g
Papa,978920306,INGLESE BISCOTTI SARACENI AVEN,1,0.33,4,0,0,23,CARRELLO
Papa,978981963,BASTONCINO PULIZ CAVO OR 20PZ,1,0.33,99,0,0,0,VALUTA_taglio
Papa,979095484,NUXE HUILE PRODIGIEUSE FLO50ML,1,0.33,7,0,0,0,VALUTA_taglio
Papa,979196173,ISOLA BIO BEVANDA AVENA INTEGR,1,0.33,99,0,0,0,VALUTA_taglio
Papa,979204144,PROXALIPID 30 Cps,1,0.33,2,0,0,8,CARRELLO
Papa,979239480,RAGAMED PLUS 75ML,1,0.33,6,0,0,0,VALUTA_taglio
Papa,904792999,B&G 60CPS,1,0.33,7,0,0,0,VALUTA_taglio
Papa,904793078,GENZIANA/MELISSA 60CPS,1,0.33,9,0,0,0,VALUTA_taglio
Papa,979258098,GHC MEDICAL SHAMPOO MICELLARE,1,0.33,9,0,2.00,10,SPINGI_vende_rete15g
Papa,904956543,PENTAKER 30CPR,1,0.33,13,0,1.00,12,SPINGI_vende_rete15g
Papa,979278140,MIOXIN 4G 30BUSTE,1,0.33,10,0,3.00,31,SPINGI_vende_rete15g
Papa,979367265,VASOPURE CREMA 200ML,1,0.33,99,0,0,0,VALUTA_taglio
Papa,979796719,CARDIO FLUID 180PAST,1,0.33,3,0,0,24,CARRELLO
Papa,979797038,SINCOLIN 20CPS,1,0.33,7,0,0,0,VALUTA_taglio
Papa,979821877,IKEN UP PLUS CANI/GATTI 40CPR,1,0.33,8,0,2.00,0,SPINGI_vende_rete15g
Papa,988804389,INTRAVIT FORTE 30CPR,1,0.33,8,0,35.00,0,SPINGI_vende_rete15g
Papa,980078760,NEO EMOFORM PROT TOTALE 100ML,1,0.33,6,0,2.00,0,SPINGI_vende_rete15g
Papa,980126623,HYDROXIRAM 30BUST,1,0.33,11,0,7.00,0,SPINGI_vende_rete15g
Papa,980182897,VENOLEX 30CPR,1,0.33,8,0,16.00,0,SPINGI_vende_rete15g
Papa,980296279,CANDIDAS T 180PAST,1,0.33,4,0,0,0,VALUTA_taglio
Papa,980380493,CREMA SPALMABILE CAC/NOC S/ZUC,1,0.33,6,0,0,0,VALUTA_taglio
Papa,980484861,PULSOSSIMETRO 1PZ PROFESSIONAL,1,0.33,15,0,1.00,18,SPINGI_vende_rete15g
Papa,980486498,3M MICROPORE SURG TT M5X25MM D,1,0.33,8,0,0,0,VALUTA_taglio
Papa,980512735,CERAMOL CREMA 311 75ML,1,0.33,12,0,0,0,VALUTA_taglio
Papa,905025882,GHEE BIO BURRO CHIARIFICAT480G,1,0.33,11,0,3.00,2,SPINGI_vende_rete15g
Papa,905026427,"TSP 0,2% SOL OFTALMICA 10ML",1,0.33,11,0,0,0,VALUTA_taglio
Papa,980512786,CERAMOL CREMA BETACOMPLEX 50ML,1,0.33,13,0,20.00,0,SPINGI_vende_rete15g
Papa,980644254,MARKEUTICALS FOCAL A/DHT 45CPR,1,0.33,10,0,5.00,20,SPINGI_vende_rete15g
Papa,980770325,GIBAUD ORTHO LOMBOGIB LADY21 4,1,0.33,4,0,0,0,VALUTA_taglio
Papa,980787129,NOVAMAG 20 Bust.,1,0.33,7,0,1.00,0,SPINGI_vende_rete15g
Papa,980916074,LATTOSTIL GOCCE 16ML,1,0.33,99,0,0,0,VALUTA_taglio
Papa,981044151,NORSAN OMEGA 3 KIDS CARAMELLIN,1,0.33,6,0,4.00,0,SPINGI_vende_rete15g
Papa,981067287,Eucerin Sun Actinic Control100,1,0.33,2,1,0,21,CARRELLO
Papa,981413418,REGLANDIN Extra-Gtt 100ml,1,0.33,4,0,2.00,0,SPINGI_vende_rete15g
Papa,905066825,MYDET DOCCIASCHIUMA 200ML,1,0.33,3,0,2.00,0,SPINGI_vende_rete15g
Papa,981441090,LISOZIMA PLUS SPRAY 30ML,1,0.33,13,0,3.00,0,SPINGI_vende_rete15g
Papa,981536865,VULNAMIN PWD 2STICK PACK,1,0.33,9,0,0,0,VALUTA_taglio
Papa,981645207,ASABIONIC GEL ANTI ACNE VISO,1,0.33,11,0,0,0,VALUTA_taglio
Papa,981963301,BUTTERFLAU INTIMA 50ML,1,0.33,12,0,2.00,0,SPINGI_vende_rete15g
Papa,981974367,BIOKILL PIRETRO NATURALE 375ML,1,0.33,99,0,1.00,0,SPINGI_vende_rete15g
Papa,982143366,DOAGYN OVULI VAGINALI 10PZ,1,0.33,6,0,1.00,0,SPINGI_vende_rete15g
Papa,982411009,NUTRIREGULAR BARRIERA 20BUST,1,0.33,5,0,1.00,0,SPINGI_vende_rete15g
Papa,905169722,ULTRA TAN 30CPS,1,0.33,7,0,2.00,6,SPINGI_vende_rete15g
Papa,982461182,ESTORIAL 20STICK 15ML,1,0.33,9,0,8.00,13,SPINGI_vende_rete15g
Papa,905365944,ACTIV SKIN C EMULS IAMELL,1,0.33,8,0,0,0,VALUTA_taglio
Papa,905529929,GLORIAFIX AD GAMBALETTO 1PZ,1,0.33,7,0,4.00,0,SPINGI_vende_rete15g
Papa,982471942,BUTTERFLY PEA TE' DI FIORI 50G,1,0.33,4,0,4.00,0,SPINGI_vende_rete15g
Papa,982476261,VITAMINA B12 ATTIVATA LIQ100ML,1,0.33,10,0,1.00,0,SPINGI_vende_rete15g
Papa,982602753,ENERGISTAR NOFATIK 14STICKPACK,1,0.33,15,0,0,0,VALUTA_taglio
Papa,982760365,GYNO SOFT 20CPS VAG,1,0.33,6,0,1.00,8,SPINGI_vende_rete15g
Papa,982893240,Extra Gentle Dermoprot Sh400ml,1,0.33,7,10,0,92,CARRELLO
Papa,982951473,TOCASLIM VANIGLIA 20BUST,1,0.33,6,0,0,6,CARRELLO
Papa,988670079,FLAVIS TAGLIATELLE 200G,1,0.33,7,0,1.00,0,SPINGI_vende_rete15g
Papa,982952259,MELILOTO 60CPS,1,0.33,7,0,0,0,VALUTA_taglio
Papa,983173345,SERENITY PANN MUT SD EX S 30PZ,1,0.33,9,0,0,9,CARRELLO
Papa,906649936,DIURECOR FORTE 30CPR,1,0.33,4,0,0,0,VALUTA_taglio
Papa,983278197,RINOMAST SPRAY NASALE 30ML,1,0.33,2,0,0,0,VALUTA_taglio
Papa,983278209,METILBEN 30CPR,1,0.33,5,0,0,0,VALUTA_taglio
Papa,983283603,SOLVEDOL 20CPR,1,0.33,10,0,1.00,18,SPINGI_vende_rete15g
Papa,906791633,ELASTOVEN CREMA ELASTIC CAPILL,1,0.33,7,0,1.00,0,SPINGI_vende_rete15g
Papa,983356460,TRICOLOR CLASSIC 7 BIONDO,1,0.33,7,0,0,0,VALUTA_taglio
Papa,983360619,OMNI BIOTIC STRESS REPAIR 14BU,1,0.33,7,0,0,0,VALUTA_taglio
Papa,983364403,MAGNESIO Potassio Polv.180g SVS,1,0.33,7,0,3.00,0,SPINGI_vende_rete15g
Papa,983364415,MAGNESIO E POTASSIO POLV 360GR,1,0.33,13,0,0,25,CARRELLO
Papa,983364961,TUSSINA FLACONE 100G BUONAPET,1,0.33,99,0,0,0,VALUTA_taglio
Papa,983520887,DEPROX HP 15CPS,1,0.33,14,0,10.00,12,SPINGI_vende_rete15g
Papa,983521131,BEURER 50STR GL48/GL49,1,0.33,8,0,0,0,VALUTA_taglio
Papa,983542010,BIOTINA Analc.200ml,1,0.33,6,0,0,13,CARRELLO
Papa,907315749,CLINNIX INTIMO DET GINECOL,1,0.33,11,0,7.00,13,SPINGI_vende_rete15g
Papa,988342147,Kukident Ultimate Neutro 57g,1,0.33,6,27,1.00,0,SPINGI_vende_rete15g
Papa,989707777,COLON Regular T Grani 80g,1,0.33,99,0,0,0,VALUTA_taglio
Papa,983718685,ACTASTIL IDROGEL OFTALMICO 5ML,1,0.33,4,0,2.00,33,SPINGI_vende_rete15g
Papa,983747003,Apropos Tuss Scir Bambini150ml,1,0.33,4,2,0,0,VALUTA_taglio
Papa,984178590,STAMINFLUX FAST 20CPR,1,0.33,7,0,0,0,VALUTA_taglio
Papa,908043209,AMUCHINA 100% 1000ML,1,0.33,5,0,2.00,0,SPINGI_vende_rete15g
Papa,984462503,PREP CREMA TALLONI 75ML,1,0.33,8,0,0,0,VALUTA_taglio
Papa,984502993,VENADREM 30CPR,1,0.33,99,0,0,0,VALUTA_taglio
Papa,908186378,CARMOL GTT 80ML,1,0.33,6,0,1.00,0,SPINGI_vende_rete15g
Papa,984505661,CURALIFE Grani Lunga Vita 35g,1,0.33,9,0,0,0,VALUTA_taglio
Papa,984557583,ESI LE DIECI ERBE MICROCLISMI,1,0.33,6,0,0,0,VALUTA_taglio
Papa,984619041,CENTROVISION 4 PLUS 30TAV,1,0.33,9,0,0,13,CARRELLO
Papa,984635387,PLAQTIV+ ORAL CARE ADDITIVO,1,0.33,8,0,4.00,7,SPINGI_vende_rete15g
Papa,984649475,THEALOZ DUO SOLUZIONE OCUL10ML,1,0.33,4,0,1.00,0,SPINGI_vende_rete15g
Papa,984706491,BI C LULIT FIALE 20X10ML,1,0.33,8,0,0,0,VALUTA_taglio
Papa,984767499,IALOZON COLLUTORIO SUPER MELA,1,0.33,5,0,0,0,VALUTA_taglio
Papa,984789166,PHYTOCYANE FIALE D CAD TEMPOR,1,0.33,7,0,0,0,VALUTA_taglio
Papa,984790321,KANADOL PASTA 30G,1,0.33,14,0,4.00,17,SPINGI_vende_rete15g
Papa,984812469,INOMEL 20 Bust.,1,0.33,9,0,7.00,20,SPINGI_vende_rete15g
Papa,984813838,CURASEPT DAYCARE DENTIF FRUIT,1,0.33,13,0,1.00,0,SPINGI_vende_rete15g
Papa,984814448,CARDIOSI  PLUS NEW 20CPR,1,0.33,5,0,3.00,6,SPINGI_vende_rete15g
Papa,984819045,Sinex Natura 20ml,1,0.33,3,20,1.00,0,SPINGI_vende_rete15g
SubitoFarma,941166757,VENAFLUX VITI 30CPR,108,35.58,1,0,9.00,11,SPINGI_vende_rete15g
SubitoFarma,903987459,VEA DETERGENTE PROT/LENIT 250M,86,28.33,2,0,2.00,22,SPINGI_vende_rete15g
SubitoFarma,947105969,LONGLIFE LIPO ACTIVATOR P60TAV,72,23.72,1,0,0,7,CARRELLO
SubitoFarma,980911770,NERADIN 28CPS,58,19.11,1,0,2.00,20,SPINGI_vende_rete15g
SubitoFarma,029851173,MOVICOL*SENZA AROMA BB 20BUST,31,10.21,1,0,0,14,CARRELLO
SubitoFarma,913156675,BIAFIN EMULSIONE CUTANEA 100ML,29,9.55,4,20,3.00,-34,SPINGI_vende_rete15g
SubitoFarma,983533771,TOPIALYSE CREME 400ML,27,8.89,11,0,2.00,13,SPINGI_vende_rete15g
SubitoFarma,977219462,RESTAX DONNA 30CPS,26,8.56,2,12,19.00,151,SPINGI_vende_rete15g
SubitoFarma,935266229,LONGLIFE ASHWAGANDHA 60CPS,26,8.56,3,0,0,-48,VALUTA_taglio
SubitoFarma,901851030,VEA SPRAY 50 ECOL 50ML,26,8.56,3,0,1.00,0,SPINGI_vende_rete15g
SubitoFarma,931114298,VEA MINILIPOGEL IDR PROT 10ML,26,8.56,2,0,1.00,36,SPINGI_vende_rete15g
SubitoFarma,987315811,SCREEN TEST CANDIDA SELFTEST1P,24,7.91,99,0,0,0,VALUTA_taglio
SubitoFarma,979333921,DISBIO M 30CPR,24,7.91,11,0,3.00,23,SPINGI_vende_rete15g
SubitoFarma,981966310,PROCINETIX 30CPR,23,7.58,1,0,0,5,CARRELLO
SubitoFarma,981391410,AURIDROL GOCCE OTOLOGICHE 15ML,22,7.25,2,0,0,37,CARRELLO
SubitoFarma,947256828,FUSION WATER COLOR BRONZE 50ML,21,6.92,8,0,1.00,15,SPINGI_vende_rete15g
SubitoFarma,944023151,FOTOPROTECTOR TRASP WET SPF30,21,6.92,1,0,0,9,CARRELLO
SubitoFarma,931504462,DEPI 50+ CANOVA CREMA 50ML,19,6.26,5,0,5.00,30,SPINGI_vende_rete15g
SubitoFarma,904934559,VEA PF C MAGRA E-POLIF BOMB 50,19,6.26,2,0,0,9,CARRELLO
SubitoFarma,934888684,PRINCIPIUM Q10 MAX 60CPS,17,5.60,1,0,0,78,CARRELLO
SubitoFarma,941836773,UROGERMIN PROSTATA 15SOFTGEL,17,5.60,3,7,0,4,CARRELLO
SubitoFarma,908318189,DILATAN DILAT CRIOTERM 3PZ,17,5.60,2,0,0,53,CARRELLO
SubitoFarma,984360343,CLOREXYDERM SOL 200ML,16,5.27,5,0,2.00,12,SPINGI_vende_rete15g
SubitoFarma,987378193,GLUCOMEN AREO GK SET SCMNO VRA,16,5.27,2,7,5.00,66,SPINGI_vende_rete15g
SubitoFarma,972537118,ALKEVEN MOUSSE 150ML,16,5.27,2,0,0,11,CARRELLO
SubitoFarma,976260149,UROCALC 30STICK PACK,15,4.94,4,0,2.00,4,SPINGI_vende_rete15g
SubitoFarma,927458226,ESTROGREEN 30CPS,15,4.94,1,0,0,12,CARRELLO
SubitoFarma,986830812,THIRODIUM 100MCG 30CPS MOLLI,15,4.94,3,24,0,24,CARRELLO
SubitoFarma,926537933,FORTINI POLVERE NEUTRO 400G,14,4.61,3,0,0,2,CARRELLO
SubitoFarma,974762801,DARFAX 20CPR DIV,14,4.61,1,0,0,149,CARRELLO
SubitoFarma,970225850,PEDIAMAG 10BUST,12,3.95,2,0,3.00,26,SPINGI_vende_rete15g
SubitoFarma,982489433,RESTAX DONNA PLUS 30CPS,12,3.95,6,0,6.00,312,SPINGI_vende_rete15g
SubitoFarma,941576617,XINEPA EASY 30STICK OROSOL 75G,12,3.95,5,0,2.00,-6,SPINGI_vende_rete15g
SubitoFarma,913205314,ELICRYSO OLIO DET INTIMO 100ML,12,3.95,1,1,0,28,CARRELLO
SubitoFarma,973188372,MARVIS WHITENING MINT 85ML,12,3.95,4,0,73.00,0,SPINGI_vende_rete15g
SubitoFarma,988148134,MENCALIM HP 30CPS,12,3.95,5,0,2.00,33,SPINGI_vende_rete15g
SubitoFarma,908663901,SAME LOZIONE CAP URTO 12F 8ML,12,3.95,2,1,1.00,20,SPINGI_vende_rete15g
SubitoFarma,033913017,DOLAUT*GEL SPRAY FL 25G 40MG/G,12,3.95,1,0,4.00,73,SPINGI_vende_rete15g
SubitoFarma,938975808,RISCHIARIL 14BUST,12,3.95,6,0,0,23,CARRELLO
SubitoFarma,984906002,DIVERTIX 30CPR,12,3.95,6,0,7.00,20,SPINGI_vende_rete15g
SubitoFarma,937494488,CONVEEN OPTIMA GUAINA 30MM 30P,11,3.62,2,0,13.00,98,SPINGI_vende_rete15g
SubitoFarma,981475369,NEURONAM 30CPR,11,3.62,2,0,0,35,CARRELLO
SubitoFarma,945035285,REFALT 600 20STICK PACK,11,3.62,3,0,18.00,0,SPINGI_vende_rete15g
SubitoFarma,974058176,RIVESCAL SHAMPOO DEL CANOVA,11,3.62,4,0,0,9,CARRELLO
SubitoFarma,943372843,PRINCIPIUM B12 1000 60CPR SUBL,10,3.29,3,0,4.00,122,SPINGI_vende_rete15g
SubitoFarma,986485910,STIPSIGOL PLUS 20BUST,10,3.29,3,0,5.00,31,SPINGI_vende_rete15g
SubitoFarma,984402077,FLOSTADOL 12SUPP,10,3.29,1,0,0,3,CARRELLO
SubitoFarma,985520838,VITGASE FORTE 18BUST,10,3.29,12,0,24.00,11,SPINGI_vende_rete15g
SubitoFarma,952094478,DAFNEFLOR 30CPS ACIDORESIST,10,3.29,2,2,3.00,12,SPINGI_vende_rete15g
SubitoFarma,944725694,DERMOLIVO OVULI VAGINALI 10PZ,10,3.29,2,0,4.00,16,SPINGI_vende_rete15g
SubitoFarma,900924275,PERISTEEN ANALPLUG 13/45MM 10P,10,3.29,1,0,0,8,CARRELLO
SubitoFarma,037291073,CAREXIDIL*4FL SOLUZ CUT 60ML5%,10,3.29,1,0,2.00,38,SPINGI_vende_rete15g
SubitoFarma,927185482,ZYLKENE CANI/GATTI 20CPS 75MG,10,3.29,7,0,1.00,23,SPINGI_vende_rete15g
SubitoFarma,979276565,TRIDERM AD CREMA SOL SPF50+,10,3.29,6,0,1.00,20,SPINGI_vende_rete15g
SubitoFarma,971057094,KALEVIS-K 20BUST,10,3.29,1,0,0,9,CARRELLO
SubitoFarma,977021789,KLORANE SPRAY SOL SUBL SPF50,9,2.96,1,0,0,28,CARRELLO
SubitoFarma,975824145,NEOCARVI 36CPS,9,2.96,2,0,1.00,58,SPINGI_vende_rete15g
SubitoFarma,973653278,HELIOCARE 360 100+ GELCREAM,9,2.96,1,0,1.00,41,SPINGI_vende_rete15g
SubitoFarma,975874025,MONELLO RISO BEVANDA VEG 1L,9,2.96,1,0,0,17,CARRELLO
SubitoFarma,950086227,NERADIN FORTE 30CPS,9,2.96,4,0,2.00,0,SPINGI_vende_rete15g
SubitoFarma,984867907,ONETOUCH SELECT PLUS FLEX KIT,9,2.96,1,5,0,17,CARRELLO
SubitoFarma,983282409,SPASMINA IBS DM 60CPR RIVEST,9,2.96,5,0,3.00,0,SPINGI_vende_rete15g
SubitoFarma,983793023,ADENOPROST 30CPS SOFT GEL,9,2.96,8,0,7.00,8,SPINGI_vende_rete15g
SubitoFarma,931771289,TIOBEC 800 20CPR FAST-SLOW,9,2.96,2,0,4.00,191,SPINGI_vende_rete15g
SubitoFarma,984846651,PROSTACARE PLUS 30SOFTGEL,9,2.96,3,0,0,10,CARRELLO
SubitoFarma,988099634,MYCOLLAGENLAB COLLAGEN 14FL,9,2.96,2,1,0,84,CARRELLO
SubitoFarma,939467128,GASTROTUSS BABY SCIROPPO 200ML,9,2.96,6,0,0,36,CARRELLO
SubitoFarma,925646794,PELVILEN DUAL ACT 20BUST,9,2.96,3,0,1.00,0,SPINGI_vende_rete15g
SubitoFarma,010386098,HIRUDOID 40000UI*CREMA 100G,9,2.96,1,73,9.00,88,SPINGI_vende_rete15g
SubitoFarma,931855783,REMOVER STOMIA SPRAY 50ML,9,2.96,5,0,16.00,32,SPINGI_vende_rete15g
SubitoFarma,938793256,VULNAMIN GEL 50G,8,2.64,5,0,0,-125,VALUTA_taglio
SubitoFarma,971089204,GYNOCANESTEST TAMPONE VAGINALE,8,2.64,3,0,3.00,0,SPINGI_vende_rete15g
SubitoFarma,926231919,ANTHELIOS LAT BB 50+(W),8,2.64,2,0,0,32,CARRELLO
SubitoFarma,983193778,MICROLIFE MISURATORE B1 CLASS,8,2.64,1,6,0,12,CARRELLO
SubitoFarma,987964766,ALGOTEND 14BUST,8,2.64,5,0,14.00,61,SPINGI_vende_rete15g
SubitoFarma,935634030,LONGLIFE OPC COMPLEX 60CPS VEG,8,2.64,99,0,2.00,0,SPINGI_vende_rete15g
SubitoFarma,974658445,EPITACT ORT POLLICE RIG DX S,8,2.64,9,0,0,7,CARRELLO
SubitoFarma,913838874,ANSIOTEN GOCCE 30ML,8,2.64,2,0,1.00,35,SPINGI_vende_rete15g
SubitoFarma,908174105,CALMOR TAPPO ANTIS 12PZ 22038,8,2.64,2,2,0,1,CARRELLO
SubitoFarma,930503343,FISIOTON 20FL 15ML,8,2.64,2,40,0,278,CARRELLO
SubitoFarma,986885818,SELFTEST GLUTINE SOFARMAPIU',8,2.64,1,0,0,2,CARRELLO
SubitoFarma,042475020,SEDIPANTO*14CPR GASTR 20MG,8,2.64,4,0,16.00,26,SPINGI_vende_rete15g
SubitoFarma,982952261,LENIVA BIOSECUR GARZE OFT 20PZ,8,2.64,5,0,10.00,32,SPINGI_vende_rete15g
SubitoFarma,976730996,STIPSIGOL 30BUST,8,2.64,4,0,0,26,CARRELLO
SubitoFarma,951121843,MICALMO 12FL 10ML,8,2.64,6,0,8.00,9,SPINGI_vende_rete15g
SubitoFarma,949375188,TROPHYGEL GHIMAS GEL VAG 9APPL,8,2.64,4,0,13.00,0,SPINGI_vende_rete15g
SubitoFarma,934975133,FILME NASALE OLIO 20ML,7,2.31,2,0,1.00,18,SPINGI_vende_rete15g
SubitoFarma,931855720,CEROTTO ELASTICO MEZZALUNA STO,7,2.31,2,0,0,0,VALUTA_taglio
SubitoFarma,935008932,UNIFERRO FORTE 30CPS,7,2.31,3,0,0,39,CARRELLO
SubitoFarma,987358746,KIJIMEA REGULARIS 250G,7,2.31,2,0,1.00,0,SPINGI_vende_rete15g
SubitoFarma,930184650,RIBES NERO CONCEN TOTALE 50OPR,7,2.31,6,0,0,0,VALUTA_taglio
SubitoFarma,909760504,SAME PLAST GEL 30G,7,2.31,6,0,1.00,28,SPINGI_vende_rete15g
SubitoFarma,924994179,CYSTIPHANE 120CPR,7,2.31,6,1,5.00,-8,SPINGI_vende_rete15g
SubitoFarma,926671785,PENTAVEN FAST 500 20CPR,7,2.31,2,0,1.00,57,SPINGI_vende_rete15g
SubitoFarma,930276769,"YABRO 10F 3ML AC IALUR 0,3%",7,2.31,3,0,1.00,0,SPINGI_vende_rete15g
SubitoFarma,982709192,VITIWIKEN CREMA 50ML,7,2.31,1,0,0,-9,VALUTA_taglio
SubitoFarma,947333353,LONGLIFE PROSTA-10 30PRL,7,2.31,2,0,1.00,19,SPINGI_vende_rete15g
SubitoFarma,931037749,PIGMADIN 60CPR,7,2.31,3,0,4.00,37,SPINGI_vende_rete15g
SubitoFarma,950279125,OZORAL GEL ORALE OZONO 15ML,7,2.31,4,0,1.00,0,SPINGI_vende_rete15g
SubitoFarma,947429243,OSTEOSULFUR 30BUST,7,2.31,1,0,3.00,78,SPINGI_vende_rete15g
SubitoFarma,974003749,CONDRONIL IALDUE*SIR 40MG/2M @,7,2.31,2,0,2.00,17,SPINGI_vende_rete15g
SubitoFarma,979820863,TRIOFER FORTE 30CPR,7,2.31,2,0,2.00,-12,SPINGI_vende_rete15g
SubitoFarma,942895020,LONGLIFE E SELENIUM 45TAV,7,2.31,1,0,0,12,CARRELLO
SubitoFarma,982045698,BUONA CIRCADIEM 5 TRIPTO 30ML,7,2.31,1,0,0,28,CARRELLO
SubitoFarma,900095769,MELIVEN PLUS 20SOFTGEL,6,1.98,11,0,23.00,-57,SPINGI_vende_rete15g
SubitoFarma,951873227,BEPANTHENOL COLLIRIO 10ML,6,1.98,6,20,4.00,14,SPINGI_vende_rete15g
SubitoFarma,926876766,FLEBOMIX CREMA GEL 100ML,6,1.98,2,0,1.00,116,SPINGI_vende_rete15g
SubitoFarma,924217856,ANELLO PLASMABILE STOMIA 2MM,6,1.98,2,0,0,16,CARRELLO
SubitoFarma,982941989,BARIESUN SPF50+ FLUIDE A/TACHE,6,1.98,1,0,0,11,CARRELLO
SubitoFarma,935700219,TIOBEC DOL 20CPR,6,1.98,7,0,3.00,68,SPINGI_vende_rete15g
SubitoFarma,990004071,PROINTEX 14BUST,6,1.98,2,0,10.00,59,SPINGI_vende_rete15g
SubitoFarma,975448743,HELIOCARE 360 PED TRANSP SPRAY,6,1.98,3,0,0,28,CARRELLO
SubitoFarma,907152779,GLOBALFE 30CPS MOLLI,6,1.98,4,0,1.00,0,SPINGI_vende_rete15g
SubitoFarma,938971761,TEGADERM FILM TRASP10X12CM 5PZ,6,1.98,1,0,0,0,VALUTA_taglio
SubitoFarma,975867767,PAUSANORM FORTE SALUGEA 60CPS,6,1.98,7,0,0,24,CARRELLO
SubitoFarma,970418861,ARTEMISIA ESTRATTO INTEGR200ML,6,1.98,1,0,0,6,CARRELLO
SubitoFarma,932524251,AVENE SOL SPRAY SPF30 200ML,6,1.98,4,0,8.00,8,SPINGI_vende_rete15g
SubitoFarma,944633611,LONGLIFE OLIO ORIGANO BIO60PRL,6,1.98,2,0,0,3,CARRELLO
SubitoFarma,985722495,KIJIMEA K53 ADVANCE 84CPS,6,1.98,6,1,5.00,296,SPINGI_vende_rete15g
SubitoFarma,949659282,VISUCONDRIO 30CPR,6,1.98,4,0,9.00,78,SPINGI_vende_rete15g
SubitoFarma,945298735,ASSONAL 30CPR,6,1.98,5,0,1.00,0,SPINGI_vende_rete15g
SubitoFarma,943327395,VITA METAFOLIC 50TAV,6,1.98,6,0,3.00,17,SPINGI_vende_rete15g
SubitoFarma,982454807,JUST FOR MEN CONTROL GX SH2IN1,6,1.98,7,0,0,1,CARRELLO
SubitoFarma,981405347,SNS2 60CPS,6,1.98,7,0,6.00,57,SPINGI_vende_rete15g
SubitoFarma,927304473,PROCTEN CREMA 40ML,6,1.98,4,0,1.00,0,SPINGI_vende_rete15g
SubitoFarma,943315325,ASSONAL PEA 30CPR,6,1.98,4,0,5.00,8,SPINGI_vende_rete15g
SubitoFarma,948002100,OCEANIC SILICIO 50CPS VEG,6,1.98,2,0,0,21,CARRELLO
SubitoFarma,986987840,NOVAMIR 20BUST,6,1.98,1,0,0,0,VALUTA_taglio
SubitoFarma,947473930,RETIFORT 60CPS,6,1.98,2,0,1.00,25,SPINGI_vende_rete15g
SubitoFarma,900404916,LAVONASE 5SAC 500+5DIS IRR NAS,6,1.98,3,0,0,41,CARRELLO
SubitoFarma,934388632,IVUXUR 14BUST,6,1.98,4,0,9.00,0,SPINGI_vende_rete15g
SubitoFarma,905516720,AVEC EMULSIONE FLUIDA LEN200ML,6,1.98,2,0,1.00,12,SPINGI_vende_rete15g
SubitoFarma,983372970,ESI LE DIECI ERBE GEL PSIL20BU,6,1.98,1,0,8.00,0,SPINGI_vende_rete15g
SubitoFarma,989015185,KALANIT 3 60CPR S/ZUCCHERI,6,1.98,4,0,16.00,85,SPINGI_vende_rete15g
SubitoFarma,902235340,STERIMAR IGIENE/BENESSERE NAS,6,1.98,8,0,0,12,CARRELLO
SubitoFarma,972049821,DECAPAN 30 UNGUENTO 30ML,6,1.98,7,0,1.00,33,SPINGI_vende_rete15g
SubitoFarma,940037637,TRANSPARENT SPRAY WET PEDIAT50,6,1.98,3,0,3.00,0,SPINGI_vende_rete15g
SubitoFarma,935258525,PRINCIPIUM BROMELINA 30CPS,6,1.98,8,0,1.00,57,SPINGI_vende_rete15g
SubitoFarma,945047761,ESTRONORM PRO 30CPR,6,1.98,5,0,0,0,VALUTA_taglio
SubitoFarma,926643026,OLIO DI ROSA MOSQUETA 50ML,6,1.98,2,0,0,0,VALUTA_taglio
SubitoFarma,974058048,SENSIVEN P22 CREMA CANOVA 50ML,6,1.98,2,0,3.00,18,SPINGI_vende_rete15g
SubitoFarma,984515217,DONAVIT SUPRA 90CPS,6,1.98,3,0,0,29,CARRELLO
SubitoFarma,926739160,LIPOCOL PLUS 30CPR,6,1.98,3,0,9.00,15,SPINGI_vende_rete15g
SubitoFarma,989362633,CONDROSTRESS MOBILITY 90CHEWS,6,1.98,5,0,10.00,24,SPINGI_vende_rete15g
SubitoFarma,938800327,IMMUNO SKIN PLUS 20CPR,5,1.65,4,0,3.00,0,SPINGI_vende_rete15g
SubitoFarma,935601753,LONGLIFE ANGELICA CINESE 60CPS,5,1.65,1,0,0,10,CARRELLO
SubitoFarma,933953578,CORTIPET 50ML,5,1.65,3,0,1.00,0,SPINGI_vende_rete15g
SubitoFarma,989811411,AKKERMANSIA ESSENZIALE 30CPS,5,1.65,2,0,1.00,55,SPINGI_vende_rete15g
SubitoFarma,974967681,ACIRONIC FORTE 20CPR FAST-SLOW,5,1.65,4,0,0,10,CARRELLO
SubitoFarma,971390226,HEPILOR LIQUIDO 20BUST MONOD,5,1.65,7,1,69.00,63,SPINGI_vende_rete15g
SubitoFarma,907079091,TURNOVER INTIMO 30ML,5,1.65,5,0,0,12,CARRELLO
SubitoFarma,987388461,BORAL ACE SPRAY AURIC 100ML,5,1.65,2,0,1.00,13,SPINGI_vende_rete15g
SubitoFarma,949897615,ERYFOTONA NIGHT 50ML,5,1.65,2,0,1.00,0,SPINGI_vende_rete15g
SubitoFarma,980255780,PROVIL 14STICK,5,1.65,1,0,0,6,CARRELLO
SubitoFarma,903939433,LITHOS 100CPR,5,1.65,1,0,0,8,CARRELLO
SubitoFarma,984899625,HELIOCARE 360 AR EMULSION 50+,5,1.65,5,0,0,1,CARRELLO
SubitoFarma,930856620,VALERIANA SYSTEM FORTE 20CPR,5,1.65,6,0,1.00,0,SPINGI_vende_rete15g
SubitoFarma,942941271,TROFINIX 20CPR,5,1.65,2,0,3.00,0,SPINGI_vende_rete15g
SubitoFarma,950030751,B-VITAL NEURO 60CPR RIVESTITE,5,1.65,5,1,0,44,CARRELLO
SubitoFarma,976920633,TIROIDEL 30CPR,5,1.65,5,0,6.00,11,SPINGI_vende_rete15g
SubitoFarma,931432506,FLOGANDET CREMA DETERGENTE,5,1.65,2,0,0,0,VALUTA_taglio
SubitoFarma,944897255,LONGLIFE NUTRIMMUNE 60TAV,5,1.65,2,0,1.00,0,SPINGI_vende_rete15g
SubitoFarma,947322044,INOSIT U10 400ML,5,1.65,2,0,2.00,56,SPINGI_vende_rete15g
SubitoFarma,980029298,PELVILEN 90CPR,5,1.65,3,0,1.00,0,SPINGI_vende_rete15g
SubitoFarma,931656805,TAE X ROSE CREMA 60ML,5,1.65,6,0,4.00,42,SPINGI_vende_rete15g
SubitoFarma,987867140,ZREEN COLLAGENE POLVERE,5,1.65,4,0,3.00,0,SPINGI_vende_rete15g
SubitoFarma,951361120,FLAVIAM CREMA SCHIARENTE 40ML,5,1.65,8,0,4.00,12,SPINGI_vende_rete15g
SubitoFarma,981047107,ZYMEREX IBS COLON IRRIT 14BUST,5,1.65,5,0,1.00,2,SPINGI_vende_rete15g
SubitoFarma,903069514,LONGLIFE KELP ALGA BRUNA180CPR,5,1.65,3,0,0,125,CARRELLO
SubitoFarma,900059977,RIDUCAL GRASSI 30CPR,5,1.65,8,0,3.00,-54,SPINGI_vende_rete15g
SubitoFarma,944943113,BIOGENA DERMO SOLIDO 140ML,5,1.65,2,0,2.00,11,SPINGI_vende_rete15g
SubitoFarma,943294746,TENDISULFUR RUN 14BUST,5,1.65,2,0,0,0,VALUTA_taglio
SubitoFarma,902217963,TELEANGYL VISO PHARCOS CR 30ML,5,1.65,3,0,0,11,CARRELLO
SubitoFarma,922903265,"CLIADENT COLLUT 0,05% 200ML",5,1.65,4,0,6.00,9,SPINGI_vende_rete15g
SubitoFarma,985671128,RECUPERA COMPLES B RETARD30CPR,5,1.65,3,0,2.00,70,SPINGI_vende_rete15g
SubitoFarma,987419052,PURO GOCCE OCULARI 10ML,5,1.65,4,0,2.00,0,SPINGI_vende_rete15g
SubitoFarma,905603092,AMINOGAM GEL 15ML,5,1.65,5,0,2.00,30,SPINGI_vende_rete15g
SubitoFarma,982945634,RECUGEL GEL OCULARE 10G,5,1.65,4,0,6.00,18,SPINGI_vende_rete15g
SubitoFarma,935800209,"BLUYAL A MONODOSE 15FL 0,35ML",5,1.65,10,0,0,41,CARRELLO
SubitoFarma,942968583,LONGLIFE BROCCOLI MAX 60CPS,5,1.65,2,0,1.00,-100,SPINGI_vende_rete15g
SubitoFarma,931596492,UROPED 10BUST,5,1.65,4,0,2.00,4,SPINGI_vende_rete15g
SubitoFarma,951343831,MAVOSTEN 120CPR,5,1.65,2,0,0,19,CARRELLO
SubitoFarma,951035753,MAVOSTEN MAGNESIO 120CPS,5,1.65,1,0,0,21,CARRELLO
SubitoFarma,974402695,ADIPOLIFT 500ML,5,1.65,5,28,0,112,CARRELLO
SubitoFarma,941576605,ALMETAX EASY 30STICK OROSOL,5,1.65,4,0,5.00,16,SPINGI_vende_rete15g
SubitoFarma,989050416,CONDRONIL IALQUATT*AC IAL2%4,5,1.65,2,0,0,16,CARRELLO
SubitoFarma,973042106,HYALU B5 SIERO 30ML,5,1.65,6,0,0,32,CARRELLO
SubitoFarma,909861775,OMEGA PET 60PRL,5,1.65,1,0,1.00,4,SPINGI_vende_rete15g
SubitoFarma,987669773,GIBAUD ORTHO WALKER TUT TIBIA2,5,1.65,1,0,0,10,CARRELLO
SubitoFarma,934625322,ONLIFE 30CPR,5,1.65,2,0,2.00,0,SPINGI_vende_rete15g
SubitoFarma,984826798,CALCONOX ARANCIA 30BUST,5,1.65,3,0,9.00,22,SPINGI_vende_rete15g
SubitoFarma,979021351,DICALCIO PLUS 150ML,5,1.65,99,0,0,0,VALUTA_taglio
SubitoFarma,926226871,IDROZOIL DETERGENTE RISCIACQUO,5,1.65,4,0,1.00,0,SPINGI_vende_rete15g
SubitoFarma,931498760,NEVRALCAR 1000 30BUST,4,1.32,3,0,0,0,VALUTA_taglio
SubitoFarma,922394705,KELAIRON CREMA 50ML,4,1.32,5,0,1.00,39,SPINGI_vende_rete15g
SubitoFarma,980682266,VITAMINA D 4000UI 84CPR,4,1.32,4,0,1.00,84,SPINGI_vende_rete15g
SubitoFarma,983529850,SEDATOL NOTTE NF 30CPS,4,1.32,2,24,0,16,CARRELLO
SubitoFarma,987869880,UBIGEL DONNA 50ML,4,1.32,4,0,1.00,16,SPINGI_vende_rete15g
SubitoFarma,905899151,ACCU-CHEK SAFE T-PRO PLUS 200,4,1.32,2,0,2.00,0,SPINGI_vende_rete15g
SubitoFarma,982951079,FPR CREMA FORTE IDRATANTE450ML,4,1.32,99,2,0,56,CARRELLO
SubitoFarma,930259736,BGSTAR STRISCE REATTIVE 50PZ,4,1.32,8,0,0,11,CARRELLO
SubitoFarma,912242094,"SIR PIC INS 1 30X12,7 30PZ",4,1.32,1,0,0,16,CARRELLO
SubitoFarma,934512563,GLUCOJECT AGO PENNA 4MM G32,4,1.32,2,0,2.00,0,SPINGI_vende_rete15g
SubitoFarma,945085429,VITA METAB12 30CPR OROSOLUBILI,4,1.32,5,0,0,36,CARRELLO
SubitoFarma,987417084,CURCUMIDOL FAST 15CPS,4,1.32,3,1,0,17,CARRELLO
SubitoFarma,947070975,LONGLIFE COLLAGEN 5000 POWDER,4,1.32,3,0,0,43,CARRELLO
SubitoFarma,986904656,COLESTEROL ACT 70+ 30CPR,4,1.32,4,0,6.00,10,SPINGI_vende_rete15g
SubitoFarma,980804456,POL CALM FLUIDO EMOL 200ML,4,1.32,4,0,2.00,10,SPINGI_vende_rete15g
SubitoFarma,941090161,LONGLIFE GTF CHROMIUM 100CPR,4,1.32,2,0,1.00,10,SPINGI_vende_rete15g
SubitoFarma,980427963,AXOGYN OVULI VAGINALI 10PZ,4,1.32,5,0,5.00,0,SPINGI_vende_rete15g
SubitoFarma,973291925,OSTEORAL 30CPS MOLLI,4,1.32,5,0,1.00,73,SPINGI_vende_rete15g
SubitoFarma,986967533,XAMAMINA REFLUSSO 0-12 200ML,4,1.32,7,0,3.00,0,SPINGI_vende_rete15g
SubitoFarma,982473694,SEDIVITAX SCIROPPO 220G,4,1.32,8,0,0,0,VALUTA_taglio
SubitoFarma,981498330,EUCERIN ANTI-PIGMENT DUAL SER,4,1.32,8,0,1.00,0,SPINGI_vende_rete15g
SubitoFarma,950260416,RENECLIN 20BUST,4,1.32,5,0,21.00,8,SPINGI_vende_rete15g
SubitoFarma,941632123,CICAVIT+ DM CICATRICES 15ML,4,1.32,3,0,0,0,VALUTA_taglio
SubitoFarma,930651930,SPASMICOL GOCCE 50ML,4,1.32,2,23,0,16,CARRELLO
SubitoFarma,989407958,HELIOCARE 360 SENSATION 50ML,4,1.32,3,0,0,18,CARRELLO
SubitoFarma,930669890,LONGLIFE L-CARNITINE 60CPS,4,1.32,3,0,0,2,CARRELLO
SubitoFarma,028039028,NORUXOL*UNG 30G,4,1.32,3,1,4.00,10,SPINGI_vende_rete15g
SubitoFarma,988754848,DISBIOFERM 30CPS,4,1.32,6,0,18.00,67,SPINGI_vende_rete15g
SubitoFarma,903969259,MIRAMAG-K 20BUST,4,1.32,2,0,1.00,0,SPINGI_vende_rete15g
SubitoFarma,950075782,FEMAL INCOCONTROL 30CPS,4,1.32,2,0,1.00,30,SPINGI_vende_rete15g
SubitoFarma,975183789,SNS1 30BUST,4,1.32,5,0,0,114,CARRELLO
SubitoFarma,930870276,CATIONORM MULTI GOCCE 10ML,4,1.32,8,0,7.00,17,SPINGI_vende_rete15g
SubitoFarma,975099173,TOTABI EVO 32CPR,4,1.32,6,0,5.00,14,SPINGI_vende_rete15g
SubitoFarma,937494502,CONVEEN OPTIMA GUAINA 35MM 30P,4,1.32,1,0,4.00,14,SPINGI_vende_rete15g
SubitoFarma,038195044,VOLTAREN EMULGEL*GEL 100G 1%,4,1.32,1,0,8.00,0,SPINGI_vende_rete15g
SubitoFarma,938398563,MICONAL UNGHIE SOL BARRI FUNGH,4,1.32,1,0,0,13,CARRELLO
SubitoFarma,982460519,NUTRICOL 120CPS VEGETALI,4,1.32,3,0,9.00,39,SPINGI_vende_rete15g
SubitoFarma,934865421,CERAMOL OLIO DETERGENTE 400ML,4,1.32,7,0,34.00,38,SPINGI_vende_rete15g
SubitoFarma,985766361,CISTIFLOREN 1000 14STICK PACK,4,1.32,2,0,17.00,62,SPINGI_vende_rete15g
SubitoFarma,983191370,DELTACRIN PRP PHARCOS 6X15ML,4,1.32,7,0,3.00,-136,SPINGI_vende_rete15g
SubitoFarma,927296855,ANAXFASE 30CPR FILMATE,4,1.32,1,0,1.00,6,SPINGI_vende_rete15g
SubitoFarma,947218727,OLIGO SEL PLUS 100TAV,4,1.32,4,0,4.00,20,SPINGI_vende_rete15g
SubitoFarma,913516314,SNELSI' 250ML,4,1.32,6,0,1.00,39,SPINGI_vende_rete15g
SubitoFarma,943319273,PRINCIPIUM COLLAGENE MAR20BUST,4,1.32,4,0,1.00,37,SPINGI_vende_rete15g
SubitoFarma,970711521,DESTROMANN 14BUST,4,1.32,12,0,0,0,VALUTA_taglio
SubitoFarma,987904947,BALANIL GEL 40ML,4,1.32,7,2,4.00,28,SPINGI_vende_rete15g
SubitoFarma,935896807,ANATROFINE SHAMPOO 200ML,4,1.32,99,0,0,0,VALUTA_taglio
SubitoFarma,925597167,GLICO MU 50CPS,4,1.32,29,0,2.00,22,SPINGI_vende_rete15g
SubitoFarma,978868091,CONNETTIVINASTICK LABBRA 3G,4,1.32,2,125,7.00,43,SPINGI_vende_rete15g
SubitoFarma,933328243,BIOKAP B SH NUTRIENTE RIPA,4,1.32,5,0,0,0,VALUTA_taglio
SubitoFarma,943941652,PROBIOKOS 20CPS,4,1.32,4,0,3.00,87,SPINGI_vende_rete15g
SubitoFarma,987388877,IRONDELTA 30CPS,4,1.32,1,1,7.00,0,SPINGI_vende_rete15g
SubitoFarma,989355856,GENANTE 90CPR,4,1.32,4,1,4.00,234,SPINGI_vende_rete15g
SubitoFarma,904020981,DELTACRIN CAPSULE PHARCOS60CPS,4,1.32,3,0,2.00,87,SPINGI_vende_rete15g
SubitoFarma,900354376,FLEBORAL 300 5CPS,4,1.32,3,0,1.00,15,SPINGI_vende_rete15g
SubitoFarma,948169774,GYNO-CANESFLORA 30CPS OS,4,1.32,5,0,0,23,CARRELLO
SubitoFarma,949875088,NUROXX PLUS 28CPR RIVESTITE,4,1.32,1,0,3.00,11,SPINGI_vende_rete15g
SubitoFarma,976769556,MELURA CIST 10BUST,4,1.32,2,0,0,16,CARRELLO
SubitoFarma,933484178,LONGLIFE D COMPLEX 1000 60CPR,4,1.32,5,0,1.00,41,SPINGI_vende_rete15g
SubitoFarma,931066132,LEGART 30CPR,4,1.32,4,0,0,19,CARRELLO
SubitoFarma,927456424,CEFALSTOP 30CPR,4,1.32,5,0,6.00,0,SPINGI_vende_rete15g
SubitoFarma,935794091,SEPTAVIS 50ML+50 GARZE TNT STE,4,1.32,5,0,0,16,CARRELLO
SubitoFarma,981974367,BIOKILL PIRETRO NATURALE 375ML,4,1.32,4,0,1.00,0,SPINGI_vende_rete15g
SubitoFarma,976332561,ESI BIOCOLLAGENIX 120CPR,4,1.32,5,0,0,0,VALUTA_taglio
SubitoFarma,931742225,ACTYNODERM CR RIPA AREE FOTOES,4,1.32,4,0,0,11,CARRELLO
SubitoFarma,943301248,IMMUNOXIDIL DONNA 60CPS,4,1.32,2,0,0,16,CARRELLO
SubitoFarma,941791927,HYLO NIGHT 5G,4,1.32,1,1,1.00,39,SPINGI_vende_rete15g
SubitoFarma,947333579,DERMOLIVO SCHIUMA DET GINECOL,4,1.32,2,0,0,0,VALUTA_taglio
SubitoFarma,938778572,TOPIALYSE BAUME LAVANTE 400ML,4,1.32,3,0,0,0,VALUTA_taglio
SubitoFarma,951091750,BIUREC 100ML,4,1.32,2,0,12.00,0,SPINGI_vende_rete15g
SubitoFarma,943081075,LIPOMAG 30CPS,4,1.32,3,0,0,19,CARRELLO
SubitoFarma,976305209,VASOSTAR FORTE 10BUST,4,1.32,2,1,0,0,VALUTA_taglio
SubitoFarma,979683808,NEVRI 1100 20BUST,4,1.32,5,0,0,36,CARRELLO
SubitoFarma,927972303,SCREEN DROGA TEST CAPELLO,4,1.32,1,0,5.00,0,SPINGI_vende_rete15g
SubitoFarma,934026838,AINARA GEL VAGINALE IDRAT 30G,4,1.32,2,0,2.00,14,SPINGI_vende_rete15g
SubitoFarma,981470127,AMICOBOR SOL ALCOLICA 100ML,4,1.32,3,0,0,0,VALUTA_taglio
SubitoFarma,931204200,IALOCLEAN 30CPR OROSOLUBILI,4,1.32,4,0,0,35,CARRELLO
SubitoFarma,947106009,LONGLIFE B6 ACTIVE 100CPR DIV,4,1.32,1,0,0,22,CARRELLO
SubitoFarma,936061908,LEVIANTIS AMARENA 16BUSTE,4,1.32,6,0,0,24,CARRELLO
SubitoFarma,970458067,VITADORON WELEDA 200PAST,4,1.32,8,0,2.00,13,SPINGI_vende_rete15g
SubitoFarma,935790701,M-AID ROLLFLEX A-STOP M10X10CM,4,1.32,1,0,0,13,CARRELLO
SubitoFarma,941662633,REGENERA LENTE TERAP SCLERALE,4,1.32,3,0,1.00,15,SPINGI_vende_rete15g
SubitoFarma,934795776,MICOSTOP DETERGENTE 250ML,4,1.32,3,0,1.00,21,SPINGI_vende_rete15g
SubitoFarma,971477169,RIFLOG CM 10SUPP 2G,4,1.32,2,0,0,69,CARRELLO
SubitoFarma,927172647,METACARTIL 20CPR 1G,4,1.32,11,6,6.00,3,SPINGI_vende_rete15g
SubitoFarma,988927721,MIOFENAC 14BUST,4,1.32,6,0,14.00,49,SPINGI_vende_rete15g
SubitoFarma,981445620,HERPASOVIR 30CPR,4,1.32,99,0,0,0,VALUTA_taglio
SubitoFarma,976192068,ALEVICA 40CPR MASTICABILI,4,1.32,5,0,8.00,1,SPINGI_vende_rete15g
SubitoFarma,925518072,KADERMIN SCX POLVERE SPR 125ML,4,1.32,1,0,0,-8,VALUTA_taglio
SubitoFarma,901925230,FISIAN DET CUTE/MUCOSE 500ML,4,1.32,5,0,4.00,-8,SPINGI_vende_rete15g
SubitoFarma,931370567,PROPOSTA MONO 30CPS,4,1.32,6,0,1.00,24,SPINGI_vende_rete15g
SubitoFarma,981964950,RILASTIL SUN PPT 50+ DORE' NF,4,1.32,3,69,1.00,12,SPINGI_vende_rete15g
SubitoFarma,944149881,LONGLIFE IRON COMPLEX 100CPR,4,1.32,2,0,0,21,CARRELLO
SubitoFarma,931433407,FLOGANKREM CR VISO TEND SEBOR,4,1.32,3,0,2.00,0,SPINGI_vende_rete15g
SubitoFarma,926820806,MAGNESIUM DONNA 45CPR,4,1.32,4,0,0,25,CARRELLO
SubitoFarma,971747187,ALLERGICUM URTO 50ML,4,1.32,1,0,0,17,CARRELLO
SubitoFarma,931445910,OSMIN TOP GEL DETERGENTE 250ML,4,1.32,3,0,0,22,CARRELLO
SubitoFarma,939484212,SILIFORT 30CPR 1G,4,1.32,9,0,7.00,33,SPINGI_vende_rete15g
SubitoFarma,984515458,HYALUBRIX SIR 30MG 2ML N/E,4,1.32,2,0,2.00,71,SPINGI_vende_rete15g
SubitoFarma,971981067,TENDIFAST 15BUST,4,1.32,8,0,0,-5,VALUTA_taglio
SubitoFarma,900542756,REBIOGER Q10 60CPR,3,0.99,2,0,4.00,30,SPINGI_vende_rete15g
SubitoFarma,934510381,FERPROST FORTE 15CPS MOLLI,3,0.99,3,0,4.00,10,SPINGI_vende_rete15g
SubitoFarma,947379727,PERVISTOP 20CPR,3,0.99,8,0,8.00,20,SPINGI_vende_rete15g
SubitoFarma,986486088,UROIAL PLUS 14BUST,3,0.99,6,0,8.00,44,SPINGI_vende_rete15g
SubitoFarma,943295079,MASSIGEN JUNIOR 10FL 25ML,3,0.99,3,0,0,0,VALUTA_taglio
SubitoFarma,940366204,CHIROLIPID 30CPR,3,0.99,3,0,0,0,VALUTA_taglio
SubitoFarma,944139740,PESOFORMA VANIGLIA SMOOTHIE,3,0.99,2,1,0,6,CARRELLO
SubitoFarma,943287425,BIOKAP B BIO SHAMPOO ULTRA DEL,3,0.99,4,0,2.00,21,SPINGI_vende_rete15g
SubitoFarma,988754709,VULNO3 SPRAY 30ML,3,0.99,2,0,0,0,VALUTA_taglio
SubitoFarma,926444807,DREN GHEOS FUNZIONALE 20BUST,3,0.99,10,0,1.00,0,SPINGI_vende_rete15g
SubitoFarma,981448590,TRIDERM DS TRATTAMENTO NORMAL,3,0.99,3,0,0,33,CARRELLO
SubitoFarma,941013916,IRIDINA HYDRA REPAIR GTT OCUL,3,0.99,14,0,20.00,0,SPINGI_vende_rete15g
SubitoFarma,902535994,ORSOVIT CARAM GOMM S/GLUT 60PZ,3,0.99,2,0,0,24,CARRELLO
SubitoFarma,938271677,UVA URSINA CONCEN TOTALE 50OPR,3,0.99,5,0,1.00,5,SPINGI_vende_rete15g
SubitoFarma,944135072,OSMIN TOPIC OLEATUM 400ML,3,0.99,4,0,2.00,0,SPINGI_vende_rete15g
SubitoFarma,934843133,LONGLIFE MICRONUTRIENTS 100TAV,3,0.99,2,0,4.00,0,SPINGI_vende_rete15g
SubitoFarma,927124103,HEPILOR COLLUTORIO 150ML,3,0.99,5,0,0,18,CARRELLO
SubitoFarma,942304041,CARECYST INTIMO DETERGENTE,3,0.99,8,0,0,13,CARRELLO
SubitoFarma,927298935,ENERGINEX 10STICK PACK 10ML,3,0.99,2,0,1.00,16,SPINGI_vende_rete15g
SubitoFarma,912650215,TRIDERM SAPONE MARS LIQ 250ML,3,0.99,99,0,0,0,VALUTA_taglio
SubitoFarma,038204020,"REGOLINT*OS POLV 20BUST 9,7G",3,0.99,2,0,21.00,10,SPINGI_vende_rete15g
SubitoFarma,938457823,BD MICROFINE AGO PENTA G32 4MM,3,0.99,1,0,0,3,CARRELLO
SubitoFarma,981964935,RILASTIL SUN PPT 50+ BEIGE NF,3,0.99,3,70,6.00,0,SPINGI_vende_rete15g
SubitoFarma,947073969,RILASTIL SUN SYS TRANSP SPF50+,3,0.99,5,58,2.00,117,SPINGI_vende_rete15g
SubitoFarma,943018871,OSMIN TOP UNGUENTO BETA 90ML,3,0.99,2,0,0,12,CARRELLO
SubitoFarma,930507367,BIRETIX GEL 50ML,3,0.99,3,0,0,0,VALUTA_taglio
SubitoFarma,042311011,MINOXIDIL BIORGA*SOL CUT60ML5%,3,0.99,5,0,1.00,9,SPINGI_vende_rete15g
SubitoFarma,980802033,BUTIRRATO PURO LIQ ANALCO500ML,3,0.99,99,0,0,0,VALUTA_taglio
SubitoFarma,930617600,RELAXMAP 60CPR,3,0.99,4,0,9.00,11,SPINGI_vende_rete15g
SubitoFarma,981558493,AKROSAN 14BUST,3,0.99,2,0,9.00,56,SPINGI_vende_rete15g
SubitoFarma,930863131,MAKESKIN CREMA 3X10ML,3,0.99,17,0,3.00,7,SPINGI_vende_rete15g
SubitoFarma,946468321,GLICOPED 30STICK,3,0.99,2,0,0,13,CARRELLO
SubitoFarma,935307114,FLUVADIN PLUS OVULI VAG 10PZ,3,0.99,5,0,0,59,CARRELLO
SubitoFarma,989635545,SCHOLL FREEZE AWAY MAX VERRUCH,3,0.99,5,0,0,0,VALUTA_taglio
SubitoFarma,930886344,ERGOFORT 12BUST STICK PACK,3,0.99,5,0,3.00,0,SPINGI_vende_rete15g
SubitoFarma,938668961,EDENOX 20CPR,3,0.99,1,0,0,40,CARRELLO
SubitoFarma,923544011,LEVIGON 20STICK,3,0.99,14,0,4.00,8,SPINGI_vende_rete15g
SubitoFarma,951862162,"MIO LAXIN 14BUST 4,5G",3,0.99,3,0,1.00,0,SPINGI_vende_rete15g
SubitoFarma,951450675,LONGLIFE ASTAXANTHIN VEGAN 8MG,3,0.99,3,0,0,40,CARRELLO
SubitoFarma,987278215,NUTRIXAM 28BUST,3,0.99,3,0,2.00,63,SPINGI_vende_rete15g
SubitoFarma,981416910,ABINCOL PLUS 14STICK OROSOL,3,0.99,2,0,0,29,CARRELLO
SubitoFarma,923500300,PERVENE 30OVAL,3,0.99,5,0,2.00,37,SPINGI_vende_rete15g
SubitoFarma,940533286,DIMA HEPA 50TAV,3,0.99,4,0,0,25,CARRELLO
SubitoFarma,952089175,ATEROSTAR COLESTEROLO 30CPR,3,0.99,2,0,20.00,0,SPINGI_vende_rete15g
SubitoFarma,952125920,GLIALIA 700MG+70MG 30BUST,3,0.99,5,0,31.00,118,SPINGI_vende_rete15g
SubitoFarma,987259658,ALGINAT ACIDITA'/REF PL28STICK,3,0.99,1,0,0,11,CARRELLO
SubitoFarma,923488819,DELTHA MANNOSIO 20BUST,3,0.99,4,0,12.00,4,SPINGI_vende_rete15g
SubitoFarma,970218095,SANISPIRA DOLCE NOTTE 10PZ M,3,0.99,6,0,1.00,0,SPINGI_vende_rete15g
SubitoFarma,982682217,SATILIA 60CPS,3,0.99,6,0,3.00,16,SPINGI_vende_rete15g
SubitoFarma,951273907,CONDROMAX FORTE 10BUST,3,0.99,3,0,13.00,57,SPINGI_vende_rete15g
SubitoFarma,970458360,"ACUVAL AUDIO 14BUST 1,8G OS",3,0.99,4,21,6.00,44,SPINGI_vende_rete15g
SubitoFarma,970488817,KIJIMEA COLON IRRITABILE 14CPS,3,0.99,3,0,2.00,4,SPINGI_vende_rete15g
SubitoFarma,982986022,BUONA CIRCADIEM PLUS 20BUST,3,0.99,4,0,3.00,30,SPINGI_vende_rete15g
SubitoFarma,970701381,BRAVA SALVIETTE DET 15PZ,3,0.99,3,0,11.00,26,SPINGI_vende_rete15g
SubitoFarma,931091540,MIGRASOLL 30BUST,3,0.99,8,0,8.00,89,SPINGI_vende_rete15g
SubitoFarma,906700923,FLORAGYN OVULI VAG 2G 6PZ,3,0.99,4,0,0,19,CARRELLO
SubitoFarma,970995421,FOTOLYSE XXL ALTA PROTEZ 200ML,3,0.99,1,1,0,1,CARRELLO
SubitoFarma,989000245,PEDIAKAPPA PLUS 150 5ML,3,0.99,3,0,0,9,CARRELLO
SubitoFarma,904001827,FISIODREN 240ML,3,0.99,9,0,1.00,17,SPINGI_vende_rete15g
SubitoFarma,912943774,OSTEOCORAL ECOSOL 60CPR,3,0.99,3,0,1.00,25,SPINGI_vende_rete15g
SubitoFarma,935532097,ROSADERM CREMA COUPEROSE 40ML,3,0.99,1,0,0,1,CARRELLO
SubitoFarma,010386074,HIRUDOID 40000UI*GEL 50G,3,0.99,1,48,0,0,VALUTA_taglio
SubitoFarma,971258001,ODM5 SOLUZIONE OFTALMICA 10ML,3,0.99,4,0,0,0,VALUTA_taglio
SubitoFarma,983310689,PEACETIL 30CPR,3,0.99,6,0,3.00,13,SPINGI_vende_rete15g
SubitoFarma,902304373,LIGASANO MEDIC PUR 15X10CM26PZ,3,0.99,99,0,0,0,VALUTA_taglio
SubitoFarma,971299918,PERIO AID INTENSIVE CARE 500ML,3,0.99,1,0,0,0,VALUTA_taglio
SubitoFarma,971325257,PEDIAKAPPA PLUS 5ML,3,0.99,3,0,0,9,CARRELLO
SubitoFarma,931153480,SANIPEG 20BUST 4G,3,0.99,2,0,1.00,3,SPINGI_vende_rete15g
SubitoFarma,983364441,MAGNESIUM COMPOSITUM POLV 100G,3,0.99,3,0,0,0,VALUTA_taglio
SubitoFarma,971382015,NEUROFISIODOL EMULGEL 100ML,3,0.99,1,0,0,9,CARRELLO
SubitoFarma,903622090,REUFLOR GOCCE 5ML,3,0.99,6,9,2.00,65,SPINGI_vende_rete15g
SubitoFarma,971534730,ENTEROFILUS FIALE 36X10ML,3,0.99,5,0,1.00,0,SPINGI_vende_rete15g
SubitoFarma,945205298,NEVRALIP 600 RETARD 30CPR,3,0.99,8,0,0,0,VALUTA_taglio
SubitoFarma,989374083,PEDIACOLIN GOCCE 15ML,3,0.99,5,0,3.00,0,SPINGI_vende_rete15g
SubitoFarma,971636535,CARBITECH 30CPR,3,0.99,4,0,2.00,0,SPINGI_vende_rete15g
SubitoFarma,982658003,CLIATAKE GEL 20ML,3,0.99,1,0,0,45,CARRELLO
SubitoFarma,983388036,HELIOCARE 360 AGE ACTIVE 50ML,3,0.99,2,0,1.00,33,SPINGI_vende_rete15g
SubitoFarma,945136467,PEROGNIDOL FORTE 15ML,3,0.99,3,0,22.00,78,SPINGI_vende_rete15g
SubitoFarma,951029317,SINCROLIPID 60CPR NF,3,0.99,3,0,0,0,VALUTA_taglio
SubitoFarma,938807664,ACCU-CHEK GUIDE 25 STRIPS RETA,3,0.99,3,0,2.00,37,SPINGI_vende_rete15g
SubitoFarma,972292799,PROTHER 5 14BUST,3,0.99,5,0,0,44,CARRELLO
SubitoFarma,983674641,EXOMEGA CONTROL CR EMOL 400ML,3,0.99,6,0,2.00,0,SPINGI_vende_rete15g
SubitoFarma,989666298,ZZZQUIL SONNO TUTTA NOTTE28CPR,3,0.99,4,60,14.00,34,SPINGI_vende_rete15g
SubitoFarma,980858385,REFLUS GEL 20STICK PACK,3,0.99,3,0,2.00,37,SPINGI_vende_rete15g
SubitoFarma,972525240,FOLAMET 30CPR 500MG,3,0.99,4,1,12.00,40,SPINGI_vende_rete15g
SubitoFarma,983744564,LEVOTENS PATCH CUTANEO 5PZ,3,0.99,2,0,2.00,0,SPINGI_vende_rete15g
SubitoFarma,925006088,ACNEFFE ECOMOUSSE 150ML,3,0.99,2,0,0,20,CARRELLO
SubitoFarma,942430570,MILEDIX 14BUST,3,0.99,4,0,1.00,81,SPINGI_vende_rete15g
SubitoFarma,904378597,SAPIGEN K SAPONE LIQ INT 250ML,3,0.99,2,0,11.00,12,SPINGI_vende_rete15g
SubitoFarma,972728000,"RENOVA LIPO AC IALUR 0,4% 10ML",3,0.99,4,0,0,100,CARRELLO
SubitoFarma,950935484,MACUFAST 30FILM ORODISPERSIBIL,3,0.99,13,0,3.00,12,SPINGI_vende_rete15g
SubitoFarma,982593170,"OCUTEARS HYDRO+ 0,4% 15X0,35ML",3,0.99,2,0,4.00,6,SPINGI_vende_rete15g
SubitoFarma,906963261,LONGLIFE LUTEIN 60PRL GELATINA,3,0.99,3,0,0,0,VALUTA_taglio
SubitoFarma,904426602,OSTEOSIL CALCIUM 60CPR,3,0.99,2,0,7.00,32,SPINGI_vende_rete15g
SubitoFarma,931636866,EVITA DONNA 20BUST,3,0.99,99,0,0,0,VALUTA_taglio
SubitoFarma,904545795,ALOE VERA SUCCO 1L,3,0.99,1,0,0,0,VALUTA_taglio
SubitoFarma,025217100,DAFNEGIN*CREMA VAG 78G 1%,3,0.99,1,0,1.00,0,SPINGI_vende_rete15g
SubitoFarma,982530596,OTI C VITAMINA C LIPOSO 30BUST,3,0.99,6,0,0,7,CARRELLO
SubitoFarma,982514364,BIOREM GOCCE 30ML,3,0.99,4,0,0,9,CARRELLO
SubitoFarma,931645485,VERSIACTIVE SPRAY100ML BRADERM,3,0.99,4,0,3.00,11,SPINGI_vende_rete15g
SubitoFarma,922850932,EFFACLAR MAT 40ML,3,0.99,5,0,4.00,0,SPINGI_vende_rete15g
SubitoFarma,938902158,XERIAL 40 UNGHIE GEL 10ML,3,0.99,12,0,2.00,0,SPINGI_vende_rete15g
SubitoFarma,950497091,ENERGEA+ NF SALUGEA 60CPS,3,0.99,2,0,0,12,CARRELLO
SubitoFarma,908353459,LONGLIFE POTASSIUM 99 100TAV,3,0.99,4,0,1.00,-6,SPINGI_vende_rete15g
SubitoFarma,938931767,MEDUSAN PHARMA CREMA LENIT50ML,3,0.99,4,15,1.00,0,SPINGI_vende_rete15g
SubitoFarma,987025665,PIC EASY WASH PERA CAN 224ML,3,0.99,5,0,0,10,CARRELLO
SubitoFarma,974035988,VITAMINA E400 BOTANICAL 60PRL,3,0.99,8,0,2.00,13,SPINGI_vende_rete15g
SubitoFarma,974037879,FORTIRAL 30BUST,3,0.99,2,0,1.00,68,SPINGI_vende_rete15g
SubitoFarma,940049974,PROCTOLYN NATURA CREMA 30ML,3,0.99,6,14,6.00,20,SPINGI_vende_rete15g
SubitoFarma,987669722,GIBAUD ORTHO WALKER BASSO TIB2,3,0.99,4,0,0,0,VALUTA_taglio
SubitoFarma,935669655,VITGASE 30CPR,3,0.99,3,0,6.00,4,SPINGI_vende_rete15g
SubitoFarma,984569893,"SHINE ON HSPLUS CASTANO SC3,00",3,0.99,1,0,0,0,VALUTA_taglio
SubitoFarma,974389280,AMADA CREMA NOTTE 50ML,3,0.99,1,0,1.00,48,SPINGI_vende_rete15g
SubitoFarma,984594972,BACTOBLIS SF 30CPR OROSOL,3,0.99,5,0,0,4,CARRELLO
SubitoFarma,950246948,DEFENCE HYDRA CR IDRAT LEG50ML,3,0.99,2,0,4.00,0,SPINGI_vende_rete15g
SubitoFarma,989047701,KIJIMEA FLORACARE 84CPS,3,0.99,6,0,0,9,CARRELLO
SubitoFarma,048131027,"ONICOTER*SMALTO MED 1FL 6,6ML",3,0.99,6,1,2.00,73,SPINGI_vende_rete15g
SubitoFarma,944959271,PRINCIPIUM AC IALUR SKIN 60CPR,3,0.99,3,0,0,0,VALUTA_taglio
SubitoFarma,982485435,SERENOTTE GOCCE 20ML,3,0.99,1,0,0,0,VALUTA_taglio
SubitoFarma,034842031,SIMECRIN*24CPR MAST 120MG,3,0.99,6,0,6.00,17,SPINGI_vende_rete15g
SubitoFarma,020582300,FLUIMUCIL*NEBUL 20F 300MG/3ML,3,0.99,3,0,3.00,0,SPINGI_vende_rete15g
SubitoFarma,903254201,"ECOCEL LACCA UNGUEALE 3,3ML",3,0.99,6,0,0,15,CARRELLO
SubitoFarma,942963846,ALFAVIR 20BUST,3,0.99,2,0,1.00,12,SPINGI_vende_rete15g
SubitoFarma,974988329,DOAFER 30CPS,3,0.99,4,0,0,15,CARRELLO
SubitoFarma,909156352,STOMAHESIVE PAS PROT 60G 7598,3,0.99,2,0,0,3,CARRELLO
SubitoFarma,931855757,CREMA BARRIERA STOMIA 60G,3,0.99,3,0,0,0,VALUTA_taglio
SubitoFarma,950075857,LAEVOLAC COLON IRRITABILE30CPR,3,0.99,10,0,3.00,0,SPINGI_vende_rete15g
SubitoFarma,975070172,ALFAGYN 20CPR,3,0.99,2,0,0,21,CARRELLO
SubitoFarma,990648255,TREHAPAN GOCCE OCULARI 10ML,3,0.99,12,0,0,12,CARRELLO
SubitoFarma,904639186,CYSTOMAN 100 30CPS,3,0.99,2,0,0,30,CARRELLO
SubitoFarma,944908868,ANURC COMPLEX 30STICK,3,0.99,2,0,0,0,VALUTA_taglio
SubitoFarma,975094285,IALOFLUSS 20STICK,3,0.99,3,0,3.00,48,SPINGI_vende_rete15g
SubitoFarma,950056844,BUTIRBIOMA RM ORO 20STICK,3,0.99,4,0,11.00,12,SPINGI_vende_rete15g
SubitoFarma,975435241,AKNET AZELIKE PLUS 30ML,3,0.99,8,1,0,-10,VALUTA_taglio
SubitoFarma,975435254,AKNET HYDRA PLUS 40ML,3,0.99,2,0,0,34,CARRELLO
SubitoFarma,935702466,SAME PLAST CEROTTO 7X20CM,3,0.99,3,0,3.00,65,SPINGI_vende_rete15g
SubitoFarma,904864042,PODIDRAL FAS LATTE 250ML,3,0.99,2,0,1.00,-2,SPINGI_vende_rete15g
SubitoFarma,900825757,LONGLIFE C COMPLEX 500 TR60TAV,3,0.99,2,0,0,0,VALUTA_taglio
SubitoFarma,987831474,FDR DERMO ZZZZ EMULS DEL REPEL,3,0.99,4,0,1.00,11,SPINGI_vende_rete15g
SubitoFarma,932237530,MEDS AMPOLLA NEOSOL,3,0.99,4,0,2.00,0,SPINGI_vende_rete15g
SubitoFarma,976016333,CURAPROX CS 5460 ULTRA SOFT3UN,3,0.99,9,0,0,0,VALUTA_taglio
SubitoFarma,976041537,CLIATAKE 30CPS,3,0.99,1,0,1.00,26,SPINGI_vende_rete15g
SubitoFarma,901773580,STOMODINE GEL GENG CANI 30ML,3,0.99,3,0,0,16,CARRELLO
SubitoFarma,986737866,CARNITEX FORTE 14BUST,3,0.99,3,0,0,47,CARRELLO
SubitoFarma,949893541,TENOSAN 30BUST,3,0.99,11,0,1.00,12,SPINGI_vende_rete15g
SubitoFarma,981355249,ESPERIDINA 80PAST,3,0.99,3,0,0,7,CARRELLO
SubitoFarma,902994817,STOPPER GRANULARE 20BUST,3,0.99,99,0,0,6,CARRELLO
SubitoFarma,908925492,GARZA PRONTEX 20X20CM 1KG,3,0.99,4,0,0,-17,VALUTA_taglio
SubitoFarma,985513100,PALPEBRAL BAUME 30ML,3,0.99,10,0,0,0,VALUTA_taglio
SubitoFarma,800124327,GLANDULA THYRE SUIS INJ 10F HE,3,0.99,2,0,3.00,0,SPINGI_vende_rete15g
SubitoFarma,989877737,VISIOCOLINA 50MG/ML SOL ORALE,3,0.99,2,0,3.00,0,SPINGI_vende_rete15g
SubitoFarma,932719089,ACQUADREN 500ML BIOSLINE,3,0.99,2,0,4.00,10,SPINGI_vende_rete15g
SubitoFarma,977547874,ENERMAG 700 18BUST,3,0.99,5,0,0,8,CARRELLO
SubitoFarma,800146122,"LYCOPODIUM COMP 10F 2,2ML HEEL",3,0.99,1,0,3.00,0,SPINGI_vende_rete15g
SubitoFarma,985661519,FERRONORM 30CPS,3,0.99,3,0,0,0,VALUTA_taglio
SubitoFarma,977662030,AVENE CICALFATE+CR RISTRUT40ML,3,0.99,11,0,0,34,CARRELLO
SubitoFarma,921200921,REV IDRAX ANALLERGIC 500ML,3,0.99,10,0,1.00,13,SPINGI_vende_rete15g
SubitoFarma,925500959,DIVERCOL 14BUST,3,0.99,5,0,1.00,56,SPINGI_vende_rete15g
SubitoFarma,902711581,DINABASE 7 ADESIVO DENTIERE,3,0.99,6,0,3.00,13,SPINGI_vende_rete15g
SubitoFarma,905898957,LONGLIFE PHOS SERINE 30CPS VEG,3,0.99,3,0,0,0,VALUTA_taglio
SubitoFarma,978396354,COLLANOL 20CPS,3,0.99,12,0,2.00,26,SPINGI_vende_rete15g
SubitoFarma,034674010,"TRANSVERSAL*20CER 3,75MG/6MM",3,0.99,1,0,0,15,CARRELLO
SubitoFarma,909470078,CARTILAGO SUIS INJ 10F HEEL,3,0.99,1,0,2.00,20,SPINGI_vende_rete15g
SubitoFarma,985821115,BIOSCALIN TRICOAGE FIALE,3,0.99,1,0,3.00,6,SPINGI_vende_rete15g
SubitoFarma,985826104,HELIOSKIN D-PLUS PHARCOS 30CPR,3,0.99,7,1,10.00,68,SPINGI_vende_rete15g
SubitoFarma,024552022,ARVENUM 500*30CPR RIV 500MG,3,0.99,1,0,0,0,VALUTA_taglio
SubitoFarma,942832484,SAVE ROSE KION 50ML,3,0.99,4,0,1.00,15,SPINGI_vende_rete15g
SubitoFarma,978919619,CHROMITRON 40CPS,3,0.99,6,0,0,-5,VALUTA_taglio
SubitoFarma,949504498,LUBRIGYN INTIMA EMULGEL CBD,3,0.99,12,0,4.00,33,SPINGI_vende_rete15g
SubitoFarma,949502811,CALMACID 40TAV MASTICABILI,3,0.99,9,0,0,31,CARRELLO
SubitoFarma,949400927,KEFIBIOS S 30G,3,0.99,3,0,0,11,CARRELLO
SubitoFarma,942813825,HYLO DUAL 10ML,3,0.99,6,0,3.00,19,SPINGI_vende_rete15g
SubitoFarma,901710083,IDROVEL 40 CREMA 40G,3,0.99,3,0,0,6,CARRELLO
SubitoFarma,037474032,CAREDIESSE*SHAMP2FL 60ML10MG/G,3,0.99,1,0,1.00,37,SPINGI_vende_rete15g
SubitoFarma,942262546,BIOKAP B SH OLIO DERMOLENITIVO,3,0.99,2,0,2.00,16,SPINGI_vende_rete15g
SubitoFarma,902041096,SIRING INS BD 1ML 29G,3,0.99,2,0,25.00,8,SPINGI_vende_rete15g
SubitoFarma,988038004,BUTIPLUS REPAIR 30CPR,3,0.99,1,0,0,16,CARRELLO
SubitoFarma,948168493,LONGLIFE L-CITRULLINE PL100CPS,3,0.99,2,0,0,12,CARRELLO
SubitoFarma,933870014,MELURESIO 14BUST,3,0.99,7,0,3.00,8,SPINGI_vende_rete15g
SubitoFarma,948014598,OZONCARE 80ML,3,0.99,4,0,0,4,CARRELLO
SubitoFarma,979418872,TRIMIX GOCCE OCULARI 15MONOD,3,0.99,2,0,3.00,-5,SPINGI_vende_rete15g
SubitoFarma,947473942,RETICOL 60CPR,3,0.99,3,0,0,20,CARRELLO
SubitoFarma,986882090,DERMATINA D CREMA 30ML,3,0.99,10,0,0,0,VALUTA_taglio
SubitoFarma,905218638,ALOPEX FORTE LOZIONE 20ML,3,0.99,3,0,0,0,VALUTA_taglio
SubitoFarma,986075226,SILDI' SOFT GEL 30SOFT GELS,3,0.99,6,0,1.00,67,SPINGI_vende_rete15g
SubitoFarma,900961956,ANGIOTON CREMA GEL 100ML,3,0.99,3,0,1.00,8,SPINGI_vende_rete15g
SubitoFarma,936024936,IODIM GOCCE OCULARI 10ML STER,3,0.99,5,0,0,0,VALUTA_taglio
SubitoFarma,934018298,KILOCAL BRUCIA GRASSI 15CPR,3,0.99,8,0,0,9,CARRELLO
SubitoFarma,934030382,RUPISOLV OX 20BUST 4G,3,0.99,3,0,0,17,CARRELLO
SubitoFarma,901115319,KOURILES EMULS FLUIDA 30ML,3,0.99,3,0,0,55,CARRELLO
SubitoFarma,920015599,KERATOSANE 30 CREME 75ML,3,0.99,99,0,0,0,VALUTA_taglio
SubitoFarma,920000926,FILLERGYN GEL VAGINALE 25G,3,0.99,4,0,5.00,10,SPINGI_vende_rete15g
SubitoFarma,908030505,ALCOOL PURO ALC 100ML,3,0.99,99,0,0,0,VALUTA_taglio
SubitoFarma,026487013,ELMEX*GEL DENTALE 25G,3,0.99,4,0,1.00,9,SPINGI_vende_rete15g
SubitoFarma,986461566,CLIA LOZIONE INSETTOREPELLENTE,3,0.99,2,0,1.00,10,SPINGI_vende_rete15g
SubitoFarma,905562361,CLINNIX LAVANDA VAG 4FL 140ML,3,0.99,6,1,0,4,CARRELLO
SubitoFarma,934488329,DHALUX 350 30CPS MOLLI,3,0.99,2,0,2.00,20,SPINGI_vende_rete15g
SubitoFarma,986864534,NUTILIS AQUA GEL MELA 4PZ,3,0.99,99,0,1.00,6,SPINGI_vende_rete15g
SubitoFarma,940332214,PEIRONIMEV 30CPR NF,2,0.66,5,0,0,12,CARRELLO
SubitoFarma,000590012,"RINAZINA*AD GTT 10ML 10MG 0,1%",2,0.66,7,0,18.00,0,SPINGI_vende_rete15g
SubitoFarma,004905131,"PLACENTEX*CREMA 25G 0,08%",2,0.66,1,1,0,11,CARRELLO
SubitoFarma,009209053,POTASSION*GRAT EFF 20BUST,2,0.66,1,0,12.00,0,SPINGI_vende_rete15g
SubitoFarma,019875044,CONNETTIVINA*CREMA 15G 2MG/G,2,0.66,7,1,3.00,0,SPINGI_vende_rete15g
SubitoFarma,022760019,CANESTEN*CREMA 30G 1%,2,0.66,12,0,5.00,71,SPINGI_vende_rete15g
SubitoFarma,023296039,NEOIODARSOLO*OS 10FL 15ML,2,0.66,1,1,0,0,VALUTA_taglio
SubitoFarma,024964037,NIZORAL*CREMA DERM 30G 2%,2,0.66,1,7,1.00,96,SPINGI_vende_rete15g
SubitoFarma,025208024,VIAMAL TRAUMA*GEL TUBO 50G,2,0.66,5,0,0,0,VALUTA_taglio
SubitoFarma,025218102,MICLAST*SOL CUT FL 30ML 10MG/G,2,0.66,3,0,0,9,CARRELLO
SubitoFarma,025915012,SKINOREN*CREMA 30G 20%,2,0.66,2,0,3.00,0,SPINGI_vende_rete15g
SubitoFarma,026371017,"ZERINODEK DECONG*SPRAY 10ML0,1",2,0.66,1,0,0,0,VALUTA_taglio
SubitoFarma,028881011,"DROPYAL*COLL 20MONODOSI 0,65ML",2,0.66,1,0,1.00,21,SPINGI_vende_rete15g
SubitoFarma,034220032,CRYSTACIDE*CREMA 25G 1%,2,0.66,1,0,0,0,VALUTA_taglio
SubitoFarma,034447045,"CELLUVISC*COLL 30F 0,4ML5MG/ML",2,0.66,1,0,12.00,0,SPINGI_vende_rete15g
SubitoFarma,034942019,"ZIDOVAL*VAG GEL40G 7,5MG/G+5AP",2,0.66,1,0,0,22,CARRELLO
SubitoFarma,042178018,ALGOPIRINA FEBBRE DOL*150ML FR,2,0.66,1,0,1.00,13,SPINGI_vende_rete15g
SubitoFarma,042311047,MINOXIDIL BIORGA*SOL CUT 3FL2%,2,0.66,2,0,2.00,22,SPINGI_vende_rete15g
SubitoFarma,042922029,NEXIUM CONTROL*14CPR GASTR20MG,2,0.66,14,0,9.00,33,SPINGI_vende_rete15g
SubitoFarma,044247120,NUROFENKID FEBBRE D*24CPS100MG,2,0.66,1,0,3.00,0,SPINGI_vende_rete15g
SubitoFarma,047258025,VOLTAREN EMULGEL*GEL 100G 2%,2,0.66,5,0,1.00,0,SPINGI_vende_rete15g
SubitoFarma,048608018,GUNA BETA ESTRADIOL*D11 30ML,2,0.66,1,0,0,0,VALUTA_taglio
SubitoFarma,050039015,"KETAZED*COLL FL 10ML 0,25MG/ML",2,0.66,1,0,1.00,0,SPINGI_vende_rete15g
SubitoFarma,900033616,COLLAGENIL CLEANSING DET RESTI,2,0.66,5,0,2.00,19,SPINGI_vende_rete15g
SubitoFarma,900398355,REGULA MISC ERBE SVIZZ 80TAV,2,0.66,5,0,6.00,0,SPINGI_vende_rete15g
SubitoFarma,900647241,BROMIPOD SPR RINF 100ML,2,0.66,99,0,0,0,VALUTA_taglio
SubitoFarma,900975121,VITAMINA A 10000 IDRO,2,0.66,99,0,0,0,VALUTA_taglio
SubitoFarma,901153635,BD MICROFINE AGO G31 5MM 100PZ,2,0.66,2,1,0,1,CARRELLO
SubitoFarma,901289280,LONGLIFE CARBO STOP 60TAV RIV,2,0.66,2,0,0,13,CARRELLO
SubitoFarma,901542237,VEA LIPOGEL IDRAT PROT 50ML,2,0.66,6,0,3.00,48,SPINGI_vende_rete15g
SubitoFarma,901730313,GEHWOL CR ANTISCREPOLATURE75ML,2,0.66,3,0,0,0,VALUTA_taglio
SubitoFarma,901735062,CREDO TAGLIACALLI SICUREZZA,2,0.66,2,0,0,0,VALUTA_taglio
SubitoFarma,901959015,KOURILES SH ANTIFORF 100ML,2,0.66,2,0,0,13,CARRELLO
SubitoFarma,902552569,IDROVEL VISO CREMA 30G,2,0.66,2,0,0,60,CARRELLO
SubitoFarma,902596954,UROCLINNIX DET UROLOGICO 500ML,2,0.66,3,0,0,10,CARRELLO
SubitoFarma,902659515,VEA CREMA PF VIT E+POLIF 50ML,2,0.66,4,0,0,9,CARRELLO
SubitoFarma,902709613,BORACID PLUS 100ML,2,0.66,1,0,0,0,VALUTA_taglio
SubitoFarma,903364584,VEA BUCATO SAP NAT 500G,2,0.66,1,0,0,0,VALUTA_taglio
SubitoFarma,903575114,TARASSACO CARCIOFO 80PRL,2,0.66,9,0,0,0,VALUTA_taglio
SubitoFarma,903678845,SKARFLEX S CREMA 30ML,2,0.66,2,0,2.00,44,SPINGI_vende_rete15g
SubitoFarma,903704221,FARMACTIVE ALGINATO 10X10CM 10,2,0.66,5,0,0,3,CARRELLO
SubitoFarma,903930156,BOSWELLIA SERRATA 60CPS 400MG,2,0.66,4,0,0,9,CARRELLO
SubitoFarma,903996496,BIOTAD 24CPS,2,0.66,7,0,0,11,CARRELLO
SubitoFarma,904045820,TROFOVIT 14FL 10ML,2,0.66,2,0,0,28,CARRELLO
SubitoFarma,904063219,KERATOSTILL GOCCE OCULARI 10ML,2,0.66,5,0,0,16,CARRELLO
SubitoFarma,904253539,ANATROFINE 30CPR RETARD,2,0.66,4,0,0,37,CARRELLO
SubitoFarma,904422146,VENATROPEN PLUS 24CPS,2,0.66,2,0,0,17,CARRELLO
SubitoFarma,904548450,MEDILEN CREMA 250ML,2,0.66,5,0,0,0,VALUTA_taglio
SubitoFarma,904556976,PROKTIS-M PLUS UNG RETT 30G+CA,2,0.66,3,0,0,7,CARRELLO
SubitoFarma,904567144,CLINNIX FOLIFERRO 30CPR,2,0.66,1,0,0,5,CARRELLO
SubitoFarma,904682592,AVEC CREMA LEN DECONGEST 50ML,2,0.66,5,0,1.00,33,SPINGI_vende_rete15g
SubitoFarma,904917731,CONDRALGIN 20BUST,2,0.66,2,0,0,19,CARRELLO
SubitoFarma,905080432,IMMUN'AGE FORTE 60BUST,2,0.66,99,0,0,0,VALUTA_taglio
SubitoFarma,905123042,BIOGREEN OTO SPRAY SOL OTO13ML,2,0.66,4,0,1.00,11,SPINGI_vende_rete15g
SubitoFarma,905171258,VITREOIAL 20BUST,2,0.66,5,0,6.00,34,SPINGI_vende_rete15g
SubitoFarma,905171500,BIOPOMATA ARTIGLIO DIAVOLO50ML,2,0.66,1,0,1.00,0,SPINGI_vende_rete15g
SubitoFarma,905428874,NOVOCOL 60CPS BLISTER,2,0.66,1,0,0,11,CARRELLO
SubitoFarma,905857456,NEOFITOROID 50OPR 500MG,2,0.66,10,0,2.00,15,SPINGI_vende_rete15g
SubitoFarma,905857532,RADICALIA 30CPR,2,0.66,2,0,2.00,68,SPINGI_vende_rete15g
SubitoFarma,905919155,KLINOIL DETERGENTE 500ML,2,0.66,5,0,1.00,13,SPINGI_vende_rete15g
SubitoFarma,906604158,LONGLIFE PAPAYA ZYME 120CPR,2,0.66,2,0,0,0,VALUTA_taglio
SubitoFarma,906953575,GEHWOL BALS PIEDI P/SEC 75ML,2,0.66,1,0,0,0,VALUTA_taglio
SubitoFarma,906995776,INTAKE 10FL 10ML,2,0.66,11,0,0,0,VALUTA_taglio
SubitoFarma,907101024,ESI NO DOL 60CPS,2,0.66,5,0,0,39,CARRELLO
SubitoFarma,907188407,LENIDERM SH CANI GATTI 250ML,2,0.66,6,0,1.00,-155,SPINGI_vende_rete15g
SubitoFarma,907240788,KERATOSE FORTE 20CPS,2,0.66,3,0,2.00,11,SPINGI_vende_rete15g
SubitoFarma,907267759,CUSCINETTO DITA MART 1PA,2,0.66,99,0,0,0,VALUTA_taglio
SubitoFarma,907340451,ARD COGITON 10FL 10ML,2,0.66,2,0,11.00,124,SPINGI_vende_rete15g
SubitoFarma,908043209,AMUCHINA 100% 1000ML,2,0.66,4,1,2.00,24,SPINGI_vende_rete15g
SubitoFarma,908297310,DEBROX GOCCE AURICOLARI 15ML,2,0.66,4,0,1.00,23,SPINGI_vende_rete15g
SubitoFarma,908569977,MOM SHAMPOO SCHIUMA 150ML,2,0.66,2,0,0,2,CARRELLO
SubitoFarma,908693880,MELLIS BIO-SHAMPOO 200ML,2,0.66,8,0,1.00,32,SPINGI_vende_rete15g
SubitoFarma,908726843,NEO MOM POLVERE 20G,2,0.66,7,1,0,5,CARRELLO
SubitoFarma,908755073,AMUCHINA 100% 250ML,2,0.66,5,2,0,11,CARRELLO
SubitoFarma,908780392,"NEOTRICODIN FRIZ 10FL 7,5ML",2,0.66,2,0,0,19,CARRELLO
SubitoFarma,908925528,GARZA PRONTEX 30X30CM 1KG,2,0.66,1,0,0,0,VALUTA_taglio
SubitoFarma,909467730,OSTEOHEEL S 50TAV HEEL,2,0.66,1,0,0,13,CARRELLO
SubitoFarma,909468694,SYZYGIUM COMP 30ML GTT HEEL,2,0.66,2,0,0,0,VALUTA_taglio
SubitoFarma,910558550,MARIATREBEN AMARO ERBE 200ML,2,0.66,2,0,0,0,VALUTA_taglio
SubitoFarma,910597501,CLOREXYDERM SH 4% 250ML,2,0.66,11,0,1.00,0,SPINGI_vende_rete15g
SubitoFarma,910856893,DIA TAB 6TAV,2,0.66,7,0,2.00,16,SPINGI_vende_rete15g
SubitoFarma,912294485,EPITACT CUSCINETTO PLANT M 1PA,2,0.66,2,0,0,17,CARRELLO
SubitoFarma,912823150,RESOURCE THICKENUP NEUTRO 227G,2,0.66,5,0,0,3,CARRELLO
SubitoFarma,913213803,PROVITA AKNE CREMA 30ML,2,0.66,2,0,0,0,VALUTA_taglio
SubitoFarma,913228072,CLEARBLUE RILEVAZIONE RAPIDA1P,2,0.66,99,0,0,0,VALUTA_taglio
SubitoFarma,920891557,PROCTOIAL GEL RETT EMOR/RAG,2,0.66,3,0,0,13,CARRELLO
SubitoFarma,920900964,HIPP BIO PAP LATTEA BISC 250G,2,0.66,5,0,0,-4,VALUTA_taglio
SubitoFarma,920974286,VOCALEN 20CPS,2,0.66,6,9,0,0,VALUTA_taglio
SubitoFarma,921895645,IDEAL SOLEIL VISO DRY TOUCH 30,2,0.66,6,0,0,18,CARRELLO
SubitoFarma,922363674,BARIESUN BRUME DOPOSOLE 150ML,2,0.66,3,1,0,0,VALUTA_taglio
SubitoFarma,922378676,DURAFIBER MEDIC 5X5CM 10PZ,2,0.66,1,0,2.00,0,SPINGI_vende_rete15g
SubitoFarma,922765829,DEFLANIL PLUS 30CPR,2,0.66,3,0,0,26,CARRELLO
SubitoFarma,922982653,RESVEGA 60CPS,2,0.66,5,0,16.00,4,SPINGI_vende_rete15g
SubitoFarma,923135343,REDONYL ULTRA 50MG CA/GA 60CPS,2,0.66,4,0,0,-4,VALUTA_taglio
SubitoFarma,923324608,DEDALOX 30CPR,2,0.66,7,0,1.00,0,SPINGI_vende_rete15g
SubitoFarma,923766481,POSITIVE 40CPS,2,0.66,7,0,0,0,VALUTA_taglio
SubitoFarma,923811741,ESI NORMOLIP 5 30CPS,2,0.66,5,0,2.00,0,SPINGI_vende_rete15g
SubitoFarma,924284932,HYPERMIX BARATTOLO 200ML,2,0.66,2,0,8.00,11,SPINGI_vende_rete15g
SubitoFarma,924415235,SUPRADYN ENERGY 70CARAM,2,0.66,12,12,2.00,106,SPINGI_vende_rete15g
SubitoFarma,924825490,PALINGEN CREMA 30G,2,0.66,11,0,6.00,0,SPINGI_vende_rete15g
SubitoFarma,924875204,SPASMINA PLUS 30OPERCOLI,2,0.66,3,0,0,5,CARRELLO
SubitoFarma,924880432,DRENAMIX GD+ESTR INTEGR S/ALCO,2,0.66,1,0,1.00,0,SPINGI_vende_rete15g
SubitoFarma,924922178,CERAMOL BETA CREMA PALPEBRALE,2,0.66,10,0,2.00,16,SPINGI_vende_rete15g
SubitoFarma,925908966,CALOS D3 30CPR,2,0.66,2,0,0,1,CARRELLO
SubitoFarma,925934275,COMPLESSO B 60CPR,2,0.66,4,0,0,0,VALUTA_taglio
SubitoFarma,926821265,DOAGYN OIL DETERGENTE 250ML,2,0.66,9,0,5.00,8,SPINGI_vende_rete15g
SubitoFarma,927123481,AMINOGAM COLLUTORIO 200ML,2,0.66,4,0,0,8,CARRELLO
SubitoFarma,927295790,DIRENE PASTA 15ML,2,0.66,6,0,14.00,26,SPINGI_vende_rete15g
SubitoFarma,927304550,HELIOCARE 360 MINERAL SPF50,2,0.66,4,0,1.00,0,SPINGI_vende_rete15g
SubitoFarma,927310553,TRIPTOMAQ 20BUST,2,0.66,3,0,2.00,0,SPINGI_vende_rete15g
SubitoFarma,930268608,CEBROLUX 800 30BUST,2,0.66,9,0,0,12,CARRELLO
SubitoFarma,930270549,PERILEI PAUSA 10 TUBETTI 5ML,2,0.66,6,0,0,-5,VALUTA_taglio
SubitoFarma,930530290,NEOVIS SPORT 30BUST,2,0.66,3,0,3.00,14,SPINGI_vende_rete15g
SubitoFarma,930881572,ADIUSTIP PLUS 200ML,2,0.66,2,0,0,39,CARRELLO
SubitoFarma,930890850,SOLIVEN CREMA BIOSLINE 100ML,2,0.66,6,0,2.00,0,SPINGI_vende_rete15g
SubitoFarma,931050722,EUCERIN AQUAPHOR 40G,2,0.66,10,0,1.00,0,SPINGI_vende_rete15g
SubitoFarma,931096681,VIVIFLUX 20CPR,2,0.66,2,0,0,38,CARRELLO
SubitoFarma,931097455,TRIPTOZIM 15CPR,2,0.66,1,2,0,0,VALUTA_taglio
SubitoFarma,931114969,ETAS CONTORNO OCCHI 15ML,2,0.66,6,0,0,8,CARRELLO
SubitoFarma,931124085,OSTEOKOS 1100MG 60CPR OVALI,2,0.66,1,0,0,0,VALUTA_taglio
SubitoFarma,931465494,SPEEDICATH COMP U NEL CH12 30P,2,0.66,5,0,0,44,CARRELLO
SubitoFarma,931503585,OTORIG GOCCE AURICOLARI 10ML,2,0.66,2,0,0,9,CARRELLO
SubitoFarma,931640270,VEA SCUDO 50+ 30ML,2,0.66,2,0,1.00,0,SPINGI_vende_rete15g
SubitoFarma,931774107,CLIN 4000 POLVERE 200G,2,0.66,7,0,0,14,CARRELLO
SubitoFarma,931812236,PROQUICK CACAO 21BUST,2,0.66,2,0,0,47,CARRELLO
SubitoFarma,931855732,POLVERE PER STOMIA 25G,2,0.66,3,0,0,4,CARRELLO
SubitoFarma,931855819,REMOVER STOMIA SALVIETTE 30PZ,2,0.66,3,0,7.00,57,SPINGI_vende_rete15g
SubitoFarma,931950529,LONGLIFE GLUCOMANNANO 100CPS,2,0.66,2,0,0,51,CARRELLO
SubitoFarma,931952701,LONGLIFE D-MANNOSE 60CPS,2,0.66,5,0,2.00,56,SPINGI_vende_rete15g
SubitoFarma,932252620,BUONAVIT D3K 12ML,2,0.66,3,0,0,28,CARRELLO
SubitoFarma,932428788,GINEDIE CREMA VAGINALE 25ML,2,0.66,8,0,0,1,CARRELLO
SubitoFarma,932700521,KISTINOX FORTE 14BUST,2,0.66,10,0,0,12,CARRELLO
SubitoFarma,932707565,ACCU-CHEK AVIVA 25STR,2,0.66,4,33,0,14,CARRELLO
SubitoFarma,932711740,GUNAMINOFORMULA 50CPR,2,0.66,5,0,0,0,VALUTA_taglio
SubitoFarma,932727023,MAGNOSOL CALCIUM EFFERV 20BUST,2,0.66,1,0,0,7,CARRELLO
SubitoFarma,932729813,PESOFORMA BARRETTE DARK 12PZ,2,0.66,2,0,0,0,VALUTA_taglio
SubitoFarma,933009413,ROSACURE GENTLE CLEANSING GEL,2,0.66,9,0,5.00,0,SPINGI_vende_rete15g
SubitoFarma,933944884,PERGILL KOMBO 40CPR,2,0.66,2,0,0,22,CARRELLO
SubitoFarma,933946574,TRICOVEL SHAMPOO PRP PLUS,2,0.66,7,0,0,25,CARRELLO
SubitoFarma,934012954,GASTROTUSS SCIROPPO 200ML,2,0.66,3,0,1.00,11,SPINGI_vende_rete15g
SubitoFarma,934203961,MERAMIRT CM 30CPR MASTIC,2,0.66,5,0,0,23,CARRELLO
SubitoFarma,934303165,FISIOREVE GOCCE 20ML,2,0.66,1,0,2.00,0,SPINGI_vende_rete15g
SubitoFarma,934388620,MILESAX 14BUST,2,0.66,13,0,7.00,101,SPINGI_vende_rete15g
SubitoFarma,934795749,NOSTIP 24CPR,2,0.66,4,0,0,21,CARRELLO
SubitoFarma,934848793,LONGLIFE OXY MAX 30TAV RIVEST,2,0.66,1,0,0,15,CARRELLO
SubitoFarma,934851421,OVARIC HP 30BUST,2,0.66,1,0,1.00,5,SPINGI_vende_rete15g
SubitoFarma,934864644,DESTIOR BRIDGE 30CPR,2,0.66,2,0,2.00,0,SPINGI_vende_rete15g
SubitoFarma,935197741,NEOCISTIN PAC A PROTECT 30CPR,2,0.66,7,0,3.00,-3,SPINGI_vende_rete15g
SubitoFarma,935345850,CLINNIX DERMOCREMA 250ML,2,0.66,7,0,0,-65,VALUTA_taglio
SubitoFarma,935504225,TRIGNO M SOL IAL 100ML,2,0.66,5,0,0,9,CARRELLO
SubitoFarma,935528000,LONGLIFE EQUISETO 60CPS,2,0.66,2,0,0,0,VALUTA_taglio
SubitoFarma,935567216,LONGLIFE AGNOCASTO 60CPS VEG,2,0.66,2,0,0,23,CARRELLO
SubitoFarma,935586331,MOLLUSKIN 10 GEL 5ML,2,0.66,99,0,0,0,VALUTA_taglio
SubitoFarma,935700334,PELVINOX 20CPR,2,0.66,4,0,3.00,0,SPINGI_vende_rete15g
SubitoFarma,935720108,NICOTINAMIDE GEL 40ML,2,0.66,4,0,0,6,CARRELLO
SubitoFarma,935740454,LONGLIFE CREATINA POWDER 150G,2,0.66,3,0,2.00,12,SPINGI_vende_rete15g
SubitoFarma,935800805,BLUGEL A MONODOSE GTT OCULARI,2,0.66,5,0,9.00,9,SPINGI_vende_rete15g
SubitoFarma,935809588,NEUPROZIN 28CPR,2,0.66,7,0,2.00,64,SPINGI_vende_rete15g
SubitoFarma,935815934,MICROBIOTAL CANE 30CPR,2,0.66,8,0,7.00,16,SPINGI_vende_rete15g
SubitoFarma,936187982,GASTROPIU' 20BUST,2,0.66,4,0,0,50,CARRELLO
SubitoFarma,937388510,MULTICARE IN COLESTEROLO 5STR,2,0.66,1,0,1.00,0,SPINGI_vende_rete15g
SubitoFarma,937480200,BROMEDA 30CPR,2,0.66,9,0,0,16,CARRELLO
SubitoFarma,937494425,CONVEEN OPTIMA GUAINA 25MM 30P,2,0.66,4,0,0,16,CARRELLO
SubitoFarma,938493552,KERA' K2 CREMA 50ML,2,0.66,10,0,1.00,39,SPINGI_vende_rete15g
SubitoFarma,938881859,HENNE COLOR CAP CASTANO 100G,2,0.66,99,0,0,-11,VALUTA_taglio
SubitoFarma,938957812,REUMASTAR 500 20BUST,2,0.66,4,0,3.00,25,SPINGI_vende_rete15g
SubitoFarma,938957887,VIMI UP 14BUST,2,0.66,2,0,0,8,CARRELLO
SubitoFarma,939027482,IKLEN + SIERO 30ML,2,0.66,2,0,0,17,CARRELLO
SubitoFarma,939065583,FLORIGEN DETERGENTE INTIMO,2,0.66,2,0,1.00,4,SPINGI_vende_rete15g
SubitoFarma,939067296,PUMILENE VAPO ACARICIDA 400ML,2,0.66,7,0,1.00,0,SPINGI_vende_rete15g
SubitoFarma,939149530,DRAIN DROPS 10ML,2,0.66,3,0,9.00,49,SPINGI_vende_rete15g
SubitoFarma,939294652,ADIPOXAN FORTE 30CPS MOLLI,2,0.66,9,0,0,0,VALUTA_taglio
SubitoFarma,939370755,DELTACRIN FIALE PHARCOS 10F 10,2,0.66,1,0,2.00,21,SPINGI_vende_rete15g
SubitoFarma,939527343,UREADIN ULTRA 20 100ML,2,0.66,6,0,0,-19,VALUTA_taglio
SubitoFarma,940083443,EMORTROFINE ORO 14STICK,2,0.66,4,0,4.00,0,SPINGI_vende_rete15g
SubitoFarma,940144975,OMOMETIL DIET 14BUST,2,0.66,3,0,8.00,23,SPINGI_vende_rete15g
SubitoFarma,940165905,NERVANA CREMA INTIMA 50ML,2,0.66,3,0,1.00,41,SPINGI_vende_rete15g
SubitoFarma,940226424,MICROPREM GOCCE 30ML,2,0.66,3,0,0,9,CARRELLO
SubitoFarma,940258852,PROSPIDOL 10SUPP 2G,2,0.66,2,0,0,21,CARRELLO
SubitoFarma,940259296,NUTRADEICA SHAMPOO ANTIF 200ML,2,0.66,2,0,0,8,CARRELLO
SubitoFarma,940376991,COENZIMA Q10 30CPS VEGETALI,2,0.66,7,0,5.00,23,SPINGI_vende_rete15g
SubitoFarma,940472006,"BIOKAP NUTRIC DEL RAP 4,00 CAS",2,0.66,1,0,0,15,CARRELLO
SubitoFarma,940536016,AMINOMS 30BUST,2,0.66,5,0,2.00,44,SPINGI_vende_rete15g
SubitoFarma,941500769,CHIROTIR SELENIO 30CPR,2,0.66,9,0,6.00,13,SPINGI_vende_rete15g
SubitoFarma,941795585,ACIDIF PRO 30BUST,2,0.66,5,0,0,0,VALUTA_taglio
SubitoFarma,941959936,MIODESOL 30CPR,2,0.66,1,0,0,13,CARRELLO
SubitoFarma,942066251,JALUROST ORALGEL 15STICK PACK,2,0.66,6,0,0,19,CARRELLO
SubitoFarma,942585353,VIVIFLUX FORTE 20CPR+20CPS,2,0.66,4,0,9.00,64,SPINGI_vende_rete15g
SubitoFarma,942609330,SIMOPLIR REGOLA POLVERE 14BUST,2,0.66,6,0,0,25,CARRELLO
SubitoFarma,942699606,KERATOSEPT GOCCE OCULARI 10ML,2,0.66,1,0,1.00,27,SPINGI_vende_rete15g
SubitoFarma,942732583,VITIALGIN 1030MG 60PRL,2,0.66,4,0,0,0,VALUTA_taglio
SubitoFarma,942793302,PARTENA 28BUSTINE,2,0.66,2,0,0,51,CARRELLO
SubitoFarma,942819412,FERTASK 20STICK PACK,2,0.66,6,0,3.00,32,SPINGI_vende_rete15g
SubitoFarma,942832066,STERIMAR BABY NASO CHIUSO 50ML,2,0.66,3,0,0,6,CARRELLO
SubitoFarma,942861461,DECORTIL C CR TUBO VISO 50ML,2,0.66,7,0,2.00,19,SPINGI_vende_rete15g
SubitoFarma,942982455,URACIDINA 30CPR,2,0.66,7,0,1.00,14,SPINGI_vende_rete15g
SubitoFarma,943205359,DROPYAL EVO GTT OCULARI 10ML,2,0.66,6,0,1.00,42,SPINGI_vende_rete15g
SubitoFarma,943245631,UTIMAC 60 14BUST,2,0.66,2,0,0,17,CARRELLO
SubitoFarma,943303279,GASTROVOM CANE GATTO GEL 50ML,2,0.66,20,0,18.00,29,SPINGI_vende_rete15g
SubitoFarma,943303545,LONGLIFE MAGNESIUM 375 POWDER,2,0.66,3,0,4.00,0,SPINGI_vende_rete15g
SubitoFarma,943327852,TRICOVEL DONNA 90CPR,2,0.66,5,0,3.00,24,SPINGI_vende_rete15g
SubitoFarma,943331203,FOTOULTRA REDNESS 50ML,2,0.66,1,0,0,10,CARRELLO
SubitoFarma,943370864,FLORAMADRE 14BUST,2,0.66,7,0,0,1,CARRELLO
SubitoFarma,943513679,ROSACURE INTENSIVE TEINT CLAIR,2,0.66,4,0,0,14,CARRELLO
SubitoFarma,943795726,MECLON IDRA EMULGEL 7MONOD 5ML,2,0.66,12,0,0,0,VALUTA_taglio
SubitoFarma,943880171,PRENDAK2 150CPR,2,0.66,2,0,2.00,0,SPINGI_vende_rete15g
SubitoFarma,943880474,LUCE VF 30BUST,2,0.66,9,0,0,62,CARRELLO
SubitoFarma,944133646,COQUN COMBO 60CPR,2,0.66,3,0,1.00,119,SPINGI_vende_rete15g
SubitoFarma,944440546,COLECALCIUM HUMANA 250ML,2,0.66,23,0,0,26,CARRELLO
SubitoFarma,944536275,LIPIDIC VITAWIN C-VIT C 75CPS,2,0.66,99,0,0,0,VALUTA_taglio
SubitoFarma,944573839,MICROBIOTAL PASTA 30G,2,0.66,3,0,4.00,20,SPINGI_vende_rete15g
SubitoFarma,944699053,LONGLIFE VITAMIN D2000UI 60PRL,2,0.66,3,0,1.00,0,SPINGI_vende_rete15g
SubitoFarma,944775170,PROMENSIL MENOPAUSA FORTE30CPR,2,0.66,8,0,0,13,CARRELLO
SubitoFarma,944791173,ISDINCEUTICS VITAL EYES 15ML,2,0.66,7,0,3.00,0,SPINGI_vende_rete15g
SubitoFarma,944910140,PRINCIPIUM MAGNESIO COMP 400G,2,0.66,4,0,7.00,234,SPINGI_vende_rete15g
SubitoFarma,944944747,TRICOESSE SHAMPOO 200ML,2,0.66,5,0,3.00,1,SPINGI_vende_rete15g
SubitoFarma,944953924,RINOCROSS SPRAY NASALE 20ML,2,0.66,2,0,1.00,0,SPINGI_vende_rete15g
SubitoFarma,945030171,JOHYA OS 15FL,2,0.66,5,0,14.00,44,SPINGI_vende_rete15g
SubitoFarma,945122632,PROBIOGINECK 20CPS VEG DEGLUT,2,0.66,4,1,1.00,0,SPINGI_vende_rete15g
SubitoFarma,945251573,PRINCIPIUM TENSIOLEN 30CPR,2,0.66,5,0,2.00,63,SPINGI_vende_rete15g
SubitoFarma,945297289,HYLO DUAL INTENSE COLLIRIO 2FL,2,0.66,2,0,2.00,18,SPINGI_vende_rete15g
SubitoFarma,947217410,ULTRA PEP SLIM 6 ZERO ANA20STK,2,0.66,4,0,0,0,VALUTA_taglio
SubitoFarma,947224984,ARNICA VITI 90% 100ML,2,0.66,1,0,0,30,CARRELLO
SubitoFarma,947244618,CAROBIN PET FORTE 30CPR,2,0.66,7,0,4.00,52,SPINGI_vende_rete15g
SubitoFarma,947255168,NEUROTROF 800 20BUST,2,0.66,3,0,4.00,0,SPINGI_vende_rete15g
SubitoFarma,947260651,PLENUM 30STICK PACK,2,0.66,2,0,2.00,12,SPINGI_vende_rete15g
SubitoFarma,947417073,RIDONNA RELAX 30CPR,2,0.66,4,0,5.00,16,SPINGI_vende_rete15g
SubitoFarma,947418238,MAXI COENZIMA Q10 30PRL,2,0.66,6,0,0,-1,VALUTA_taglio
SubitoFarma,947430423,COLPLATIR 500 30CPR,2,0.66,2,0,5.00,0,SPINGI_vende_rete15g
SubitoFarma,947434852,EDEFLOS TOY 20CPR,2,0.66,2,0,0,0,VALUTA_taglio
SubitoFarma,948014600,TIGER PLUS 20CPR,2,0.66,10,0,0,42,CARRELLO
SubitoFarma,949627576,VITA EMME COMPLEX 30CPR,2,0.66,9,0,0,0,VALUTA_taglio
SubitoFarma,949627741,VITA K PLUS PLUS 150 GOCCE 6ML,2,0.66,7,0,0,16,CARRELLO
SubitoFarma,949725713,NICOTINAMIDE AKNX SPF50+ 200ML,2,0.66,4,0,0,-3,VALUTA_taglio
SubitoFarma,949793374,PROSTADEP PLUS 60SOFTGEL,2,0.66,4,0,8.00,35,SPINGI_vende_rete15g
SubitoFarma,949875076,UTIMAC FAST 14BUST,2,0.66,2,0,0,23,CARRELLO
SubitoFarma,949892261,OMOMIND 20CPR,2,0.66,7,0,5.00,10,SPINGI_vende_rete15g
SubitoFarma,949973301,COLLAGENDEP SHAPE RESET 30BUST,2,0.66,1,0,5.00,0,SPINGI_vende_rete15g
SubitoFarma,949988327,PROBREVE PRL2012 15ML,2,0.66,2,0,0,0,VALUTA_taglio
SubitoFarma,950017400,AUTAN DEFENSE BIMBO 100ML,2,0.66,10,0,3.00,0,SPINGI_vende_rete15g
SubitoFarma,950222556,VITREONORM TASK 20STICK,2,0.66,3,0,8.00,26,SPINGI_vende_rete15g
SubitoFarma,950276725,GIBAUD ORTHO CORS LOMB ACT V 3,2,0.66,1,0,0,0,VALUTA_taglio
SubitoFarma,950304143,OSMIN TOP GEL DETERGENTE 400ML,2,0.66,2,0,0,0,VALUTA_taglio
SubitoFarma,950309310,IALOZON BLU DENTIFRICIO 100ML,2,0.66,4,0,8.00,0,SPINGI_vende_rete15g
SubitoFarma,950309334,IALOZON ROSA DENTIFRICIO 100ML,2,0.66,4,0,0,12,CARRELLO
SubitoFarma,950499537,DTOPIC SOLARE BAMBINI 100ML,2,0.66,18,1,5.00,0,SPINGI_vende_rete15g
SubitoFarma,950837447,TEN 10 20BUST,2,0.66,4,0,5.00,11,SPINGI_vende_rete15g
SubitoFarma,951048267,REUTERIN D3 DIFESA GOCCE C/DHA,2,0.66,4,0,0,0,VALUTA_taglio
SubitoFarma,951091711,BIOMAVET CANE 1500MG 12CPR,2,0.66,3,0,5.00,12,SPINGI_vende_rete15g
SubitoFarma,951100787,MESALANTIS 30CPS,2,0.66,20,0,22.00,22,SPINGI_vende_rete15g
SubitoFarma,951106018,HEMOPRAN ENDORETTALI 7SUPPOSTE,2,0.66,1,0,0,23,CARRELLO
SubitoFarma,951122276,"PEROVIAL 0,8% 16MG 2ML AGO G27",2,0.66,1,0,0,214,CARRELLO
SubitoFarma,951123607,OLIO RICINO PURO 200ML,2,0.66,3,0,6.00,0,SPINGI_vende_rete15g
SubitoFarma,951136795,LENIREF 30CPR MASTICABILI,2,0.66,5,0,0,9,CARRELLO
SubitoFarma,951149968,AXIGAB 90CPR,2,0.66,4,0,8.00,30,SPINGI_vende_rete15g
SubitoFarma,951150022,DIKIROGEN ZERO 30CPR,2,0.66,7,0,14.00,0,SPINGI_vende_rete15g
SubitoFarma,951459799,ISTAMINSOL 30CPS,2,0.66,7,0,1.00,37,SPINGI_vende_rete15g
SubitoFarma,951507452,AQUAVIS DS CREMA 75ML,2,0.66,13,0,0,0,VALUTA_taglio
SubitoFarma,951862972,URYVET EVO 1500 32CPR,2,0.66,4,0,1.00,-8,SPINGI_vende_rete15g
SubitoFarma,951890159,SERENA HA+ 30CPS,2,0.66,4,0,7.00,0,SPINGI_vende_rete15g
SubitoFarma,952058360,VEA OS GEL OLEOSO CAVO ORALE,2,0.66,2,0,1.00,0,SPINGI_vende_rete15g
SubitoFarma,970149340,MICRO D PLUS 15ML,2,0.66,2,0,1.00,0,SPINGI_vende_rete15g
SubitoFarma,970255511,HELIOCARE 360 30CPS,2,0.66,6,0,1.00,-3,SPINGI_vende_rete15g
SubitoFarma,970451934,VISUXL SOLUZIONE OFTALMICA10ML,2,0.66,5,0,2.00,8,SPINGI_vende_rete15g
SubitoFarma,970973525,DERMAFFINE 20 100ML,2,0.66,5,0,2.00,16,SPINGI_vende_rete15g
SubitoFarma,971050240,HEMOPRAN CREMA ENDORETTALE35ML,2,0.66,2,0,1.00,28,SPINGI_vende_rete15g
SubitoFarma,971070673,DERCOS AMINEXIL FIALE 21 DONNA,2,0.66,9,0,0,0,VALUTA_taglio
SubitoFarma,971084456,HYBRID 30CPR,2,0.66,3,0,0,0,VALUTA_taglio
SubitoFarma,971101720,MAGSOL 5 PLUS 60CPR,2,0.66,4,0,0,0,VALUTA_taglio
SubitoFarma,971170927,PROPOLGEMMA SPRAY FORTE 30ML,2,0.66,10,0,6.00,10,SPINGI_vende_rete15g
SubitoFarma,971231651,PLAK GEL ACTIVE 30ML,2,0.66,5,0,1.00,15,SPINGI_vende_rete15g
SubitoFarma,971325244,PEDIATRE FLUOR 7ML,2,0.66,2,0,0,0,VALUTA_taglio
SubitoFarma,971484252,OMEGOR KRILL 60CPS MOLLI,2,0.66,5,0,2.00,28,SPINGI_vende_rete15g
SubitoFarma,971551991,EPACOL 1000 48PRL,2,0.66,2,0,0,0,VALUTA_taglio
SubitoFarma,971635053,MAGNESIO CLORURO POLVERE 200G,2,0.66,5,0,0,1,CARRELLO
SubitoFarma,971636547,CORTIX 30CPR MASTIC,2,0.66,6,0,1.00,0,SPINGI_vende_rete15g
SubitoFarma,971796899,VERTISTOP D 20CPR,2,0.66,4,0,0,10,CARRELLO
SubitoFarma,971967854,LITOPSOR 20ML,2,0.66,6,0,0,0,VALUTA_taglio
SubitoFarma,972064214,DRENADOL PLUS 20CPR,2,0.66,3,0,5.00,21,SPINGI_vende_rete15g
SubitoFarma,972522674,ELASTOVEN 20BUST,2,0.66,99,0,0,0,VALUTA_taglio
SubitoFarma,972725117,VITREOLISINA FORTE 30CPR,2,0.66,2,0,2.00,-5,SPINGI_vende_rete15g
SubitoFarma,972725648,MOLICARE SKIN SCHIUMA DET,2,0.66,2,0,3.00,0,SPINGI_vende_rete15g
SubitoFarma,972778169,KRIN UP MELANINE 60CPS,2,0.66,3,0,2.00,17,SPINGI_vende_rete15g
SubitoFarma,972787826,APAXIL SUDOR CONT ASC NTT 25ML,2,0.66,4,0,2.00,21,SPINGI_vende_rete15g
SubitoFarma,973325412,ZIMAQ10 20CPR,2,0.66,3,0,1.00,0,SPINGI_vende_rete15g
SubitoFarma,973327644,POTASSIO OLIMENTOVIS 200ML,2,0.66,2,0,0,0,VALUTA_taglio
SubitoFarma,973662036,CITILPEA 30BUST,2,0.66,4,0,1.00,26,SPINGI_vende_rete15g
SubitoFarma,973726490,CRUSCASOHN 20BUST,2,0.66,2,0,0,34,CARRELLO
SubitoFarma,974058315,RIVESCAL TRICO CAPS 30CPR NEW,2,0.66,2,0,1.00,5,SPINGI_vende_rete15g
SubitoFarma,974890939,DIKIROGEN ZERO 30BUST,2,0.66,2,0,0,-32,VALUTA_taglio
SubitoFarma,974967212,PIC STRISCE GLUCO MONITOR 25PZ,2,0.66,13,0,0,15,CARRELLO
SubitoFarma,974994168,IALEN OLIO DETERGENTE 500ML,2,0.66,4,0,0,10,CARRELLO
SubitoFarma,975083039,GIBAUD SPORT BRACCIALE 2,2,0.66,3,0,1.00,0,SPINGI_vende_rete15g
SubitoFarma,975093117,GENANTE 30CPR,2,0.66,12,0,4.00,37,SPINGI_vende_rete15g
SubitoFarma,975346697,NONAUSEA 14BUST STICKPACK,2,0.66,9,0,3.00,0,SPINGI_vende_rete15g
SubitoFarma,975350986,RESOURCE INSTANT PROTEIN 400G,2,0.66,2,0,1.00,0,SPINGI_vende_rete15g
SubitoFarma,975449012,HELIOCARE 360 INVIS SPR SPF30,2,0.66,10,0,1.00,1,SPINGI_vende_rete15g
SubitoFarma,975452487,ALOVEX FERITE CREMA IDROF 30ML,2,0.66,8,0,4.00,0,SPINGI_vende_rete15g
SubitoFarma,975518578,ISONEBIAL FLACONCINI 20X5ML,2,0.66,2,0,0,10,CARRELLO
SubitoFarma,975979117,ZERO MACCHIE CREMA MANI SPF30,2,0.66,99,2,1.00,0,SPINGI_vende_rete15g
SubitoFarma,976391159,SENSIVEN 50+ 50ML,2,0.66,6,0,5.00,0,SPINGI_vende_rete15g
SubitoFarma,976776827,DENSIDIANE CREMA RIDENSIF125ML,2,0.66,99,0,0,0,VALUTA_taglio
SubitoFarma,977254200,COENZIMA Q10 FORTE 60CPS,2,0.66,3,0,0,54,CARRELLO
SubitoFarma,977446335,MELATOSIN 2MG 150CPR,2,0.66,3,0,1.00,0,SPINGI_vende_rete15g
SubitoFarma,977807736,RESURFACE X3 DEPISERUM 30ML,2,0.66,3,0,1.00,13,SPINGI_vende_rete15g
SubitoFarma,978307320,JUFLUS 30CPS MOLLI,2,0.66,6,0,3.00,33,SPINGI_vende_rete15g
SubitoFarma,978595712,VMAG 300G,2,0.66,4,0,0,7,CARRELLO
SubitoFarma,978852147,BLEPHADEMODEX GARZE STER 30PZ,2,0.66,4,0,0,0,VALUTA_taglio
SubitoFarma,978861577,U-LIFE 10 CREMA 400ML,2,0.66,8,0,1.00,25,SPINGI_vende_rete15g
SubitoFarma,978866097,ESI BIOCOLLAGENIX 60OVAL,2,0.66,6,0,0,0,VALUTA_taglio
SubitoFarma,978869030,RENOVA TRE COLLIRIO 10ML,2,0.66,11,0,1.00,58,SPINGI_vende_rete15g
SubitoFarma,979082625,TRICOVEL PRP PLUS CELSI 30ML,2,0.66,4,0,2.00,16,SPINGI_vende_rete15g
SubitoFarma,979262767,EUBARRIERA 20BUST,2,0.66,2,0,4.00,11,SPINGI_vende_rete15g
SubitoFarma,979399894,PROTEIN & VIT FRUTTI BOSCO320G,2,0.66,1,0,0,1,CARRELLO
SubitoFarma,979605007,U-CARE MICOTHERAPY 70CPS,2,0.66,3,0,1.00,0,SPINGI_vende_rete15g
SubitoFarma,979653300,HELIOCARE 360 WATER GEL SPF50+,2,0.66,5,0,0,10,CARRELLO
SubitoFarma,979683620,EBERFLOR 12FL 10ML,2,0.66,8,0,0,0,VALUTA_taglio
SubitoFarma,979683911,SKILLEG 620 30CPR,2,0.66,3,0,3.00,0,SPINGI_vende_rete15g
SubitoFarma,979683935,SKINDOL CREMA 200ML,2,0.66,5,0,0,10,CARRELLO
SubitoFarma,979841929,BROMELEX 30CPR,2,0.66,4,0,9.00,108,SPINGI_vende_rete15g
SubitoFarma,980121545,U-LIFE 30 ECOFOAM 50ML,2,0.66,6,0,0,27,CARRELLO
SubitoFarma,980143008,MASUROTA 50MLD 20CPS,2,0.66,7,0,4.00,86,SPINGI_vende_rete15g
SubitoFarma,980458451,OROZYME CANINE STR ENZ MASTI S,2,0.66,7,0,4.00,0,SPINGI_vende_rete15g
SubitoFarma,980504082,NEXCARE COLDHOT CUSC TERMOT,2,0.66,1,0,0,0,VALUTA_taglio
SubitoFarma,980770313,GIBAUD ORTHO LOMBOGIB LADY21 3,2,0.66,2,0,0,7,CARRELLO
SubitoFarma,980810206,OMEGOR VEG 60CPS,2,0.66,4,0,8.00,7,SPINGI_vende_rete15g
SubitoFarma,980860187,ENTOGOL 20BUST,2,0.66,5,0,1.00,30,SPINGI_vende_rete15g
SubitoFarma,981047196,ISIDE HPV 14OV,2,0.66,3,0,0,30,CARRELLO
SubitoFarma,981273244,BUTYROSE FAST 20STICK,2,0.66,4,0,2.00,48,SPINGI_vende_rete15g
SubitoFarma,981375342,OPTIFIBRE CONSTIPATION 125G,2,0.66,24,0,1.00,26,SPINGI_vende_rete15g
SubitoFarma,981401019,LIPIKAR BAUME AP+M 200ML PAPER,2,0.66,4,0,0,0,VALUTA_taglio
SubitoFarma,981409117,RETINPIL CREMA GEL 50ML,2,0.66,6,0,2.00,41,SPINGI_vende_rete15g
SubitoFarma,981444476,AVENE TOLERANCE CONTROL CR LEN,2,0.66,6,0,2.00,10,SPINGI_vende_rete15g
SubitoFarma,981467816,VERUM FORTELAX 80CPR,2,0.66,99,0,0,3,CARRELLO
SubitoFarma,981467956,EUCERIN ATOPIC CREMA MANI 75ML,2,0.66,99,0,0,0,VALUTA_taglio
SubitoFarma,981979014,DIMAGRA MCT OIL 100% 30STICK,2,0.66,5,0,0,0,VALUTA_taglio
SubitoFarma,981986300,HERPASOGEL ATTIVO LENIT PROT,2,0.66,4,0,1.00,43,SPINGI_vende_rete15g
SubitoFarma,982406934,PUROFLOG SOLUZIONE OFT 20FL,2,0.66,9,0,9.00,22,SPINGI_vende_rete15g
SubitoFarma,982461129,SEBIACLEAR ACTIVE GEL 40ML VF,2,0.66,10,0,1.00,4,SPINGI_vende_rete15g
SubitoFarma,982461143,DENSITIUM ROSE ECLAT RENO 50ML,2,0.66,10,0,0,0,VALUTA_taglio
SubitoFarma,982614543,SAFORELLE DETERGENTE DEL 250ML,2,0.66,11,0,0,0,VALUTA_taglio
SubitoFarma,982667661,DIOSMIR 1000 30BUST,2,0.66,2,0,1.00,5,SPINGI_vende_rete15g
SubitoFarma,982760377,GYNO PLUS 10CPS VAG,2,0.66,4,0,2.00,0,SPINGI_vende_rete15g
SubitoFarma,982821492,CURASEPT GEL PAROD ADS DNA RIG,2,0.66,7,0,2.00,0,SPINGI_vende_rete15g
SubitoFarma,982999070,DEFENCE SUN CREMA MAT 50+ P/MA,2,0.66,2,0,1.00,8,SPINGI_vende_rete15g
SubitoFarma,982999284,DEFENCE SUN B&K LATTE DOPOSOLE,2,0.66,1,0,0,0,VALUTA_taglio
SubitoFarma,983193867,GLUTATIONE PURO 100G,2,0.66,3,0,1.00,0,SPINGI_vende_rete15g
SubitoFarma,983369024,IALORAL FORTE 10CPR,2,0.66,4,0,3.00,16,SPINGI_vende_rete15g
SubitoFarma,983381474,RIVESCAL DELICATO XL SH 500ML,2,0.66,15,0,0,0,VALUTA_taglio
SubitoFarma,983441306,EOLO 20STICK,2,0.66,13,0,4.00,18,SPINGI_vende_rete15g
SubitoFarma,983660933,SERENAMENTE 30CPS,2,0.66,3,0,0,0,VALUTA_taglio
SubitoFarma,983833005,PAIDINIL HD 300ML,2,0.66,6,0,7.00,13,SPINGI_vende_rete15g
SubitoFarma,984026575,CARBONE VEGETALE 90CPR,2,0.66,12,0,0,0,VALUTA_taglio
SubitoFarma,984146237,VITADHA BRAIN 30MORBIDINE,2,0.66,2,0,1.00,9,SPINGI_vende_rete15g
SubitoFarma,984321998,PRONTOGRAL500 30CPS,2,0.66,3,0,2.00,0,SPINGI_vende_rete15g
SubitoFarma,984414502,XAZEPIN ORO FAST RELEASE20BUST,2,0.66,6,0,0,44,CARRELLO
SubitoFarma,984447336,DERMOSILE LOZIONE FORTE 100ML,2,0.66,4,0,1.00,0,SPINGI_vende_rete15g
SubitoFarma,984519544,GONALIA 30CPR,2,0.66,7,0,2.00,41,SPINGI_vende_rete15g
SubitoFarma,984784987,FERTYLORF 20BUST,2,0.66,2,0,0,0,VALUTA_taglio
SubitoFarma,984797365,STRUVIPET PLUS 60CPR,2,0.66,4,0,1.00,0,SPINGI_vende_rete15g
SubitoFarma,984805996,GLUCOCARD S TEST STRIPS 25STR,2,0.66,1,18,0,21,CARRELLO
SubitoFarma,984815314,FORTEMANNOSIO 14BUST,2,0.66,1,0,0,0,VALUTA_taglio
SubitoFarma,984852956,COLENORM PLUS COLESTEROLO30CPR,2,0.66,3,0,0,0,VALUTA_taglio
SubitoFarma,984868947,TRIDERM IMMU GEL 30ML,2,0.66,4,0,0,60,CARRELLO
SubitoFarma,985288430,LIPOSKIN BIOMA PHARCOS SPUMA,2,0.66,5,0,2.00,19,SPINGI_vende_rete15g
SubitoFarma,985575430,INAD 30CPR,2,0.66,6,0,1.00,98,SPINGI_vende_rete15g
SubitoFarma,985597350,EPICOLIN 30CPS,2,0.66,3,0,0,8,CARRELLO
SubitoFarma,986000356,IDRASTIN GOCCE SIERO ANTIMACCH,2,0.66,2,0,0,0,VALUTA_taglio
SubitoFarma,986013225,GIBAUD ORTHO LOMBOGIB TECH 4,2,0.66,6,0,0,0,VALUTA_taglio
SubitoFarma,986079895,ANNURKAP PLUS 90CPS,2,0.66,4,0,0,35,CARRELLO
SubitoFarma,986112934,KIJIMEA REGULARIS PLUS 225G,2,0.66,11,0,1.00,0,SPINGI_vende_rete15g
SubitoFarma,986129284,HIPP TRIPTO 30ML,2,0.66,11,1,0,0,VALUTA_taglio
SubitoFarma,986329389,ENTEROLACTIS BABY 0-4 GOCCE8ML,2,0.66,12,0,0,0,VALUTA_taglio
SubitoFarma,986688772,ALKEVEN COMPRESSE 30CPR,2,0.66,3,0,1.00,3,SPINGI_vende_rete15g
SubitoFarma,986699585,MULTICENTRUM MAMMA DHA 30+30,2,0.66,8,0,6.00,18,SPINGI_vende_rete15g
SubitoFarma,986705489,ELIFRI 30CPS,2,0.66,5,0,0,8,CARRELLO
SubitoFarma,986818779,COLLUTORIO CLOR 020 SOFARMAPIU,2,0.66,14,0,1.00,6,SPINGI_vende_rete15g
SubitoFarma,986819213,ENERZONA OMEGA 3RX 180CPS,2,0.66,6,0,0,10,CARRELLO
SubitoFarma,986987764,FLOGIMIX PLUS 20CPR,2,0.66,7,0,2.00,12,SPINGI_vende_rete15g
SubitoFarma,986991711,EUCERIN OLIO DOCCIA PH5 1L,2,0.66,6,0,4.00,0,SPINGI_vende_rete15g
SubitoFarma,987166081,TRICOVEL ZINALUD DONNA 6F,2,0.66,4,0,4.00,12,SPINGI_vende_rete15g
SubitoFarma,987288382,OTTOLIP 30CPR GASTRORESISTENTI,2,0.66,1,0,0,0,VALUTA_taglio
SubitoFarma,987296567,SEMINA FOR HER 20BUST,2,0.66,9,0,0,41,CARRELLO
SubitoFarma,987371008,KIPFER 30CPS,2,0.66,99,0,0,0,VALUTA_taglio
SubitoFarma,987411788,RILASTIL ULTRA 100 PROT 50ML,2,0.66,4,40,4.00,19,SPINGI_vende_rete15g
SubitoFarma,987598950,GLUTAMAX ADVANCED SIR DOSA30ML,2,0.66,2,0,0,6,CARRELLO
SubitoFarma,987656776,PIC AGO IPODERMICO G25 5/8,2,0.66,1,0,0,0,VALUTA_taglio
SubitoFarma,987669532,VERTILEV 20CPS,2,0.66,6,0,1.00,9,SPINGI_vende_rete15g
SubitoFarma,987763051,TENA PANTS EXTRA PLUS M 10PZ,2,0.66,9,0,8.00,0,SPINGI_vende_rete15g
SubitoFarma,987770435,XAILIN NIGHT UNGUENTO LUBR OFT,2,0.66,1,0,0,21,CARRELLO
SubitoFarma,987777226,PODOPED SPRAY 20ML,2,0.66,99,0,0,0,VALUTA_taglio
SubitoFarma,987844331,ONIKRIN 90CPR,2,0.66,3,0,1.00,-4,SPINGI_vende_rete15g
SubitoFarma,987851413,EXOMEGA CONTROL OLIO LAV 200ML,2,0.66,4,0,0,0,VALUTA_taglio
SubitoFarma,987922756,POL CALM DETERGENTE 400ML,2,0.66,10,0,1.00,0,SPINGI_vende_rete15g
SubitoFarma,988039778,LACTOFLORENE REPAIR IBS 30CPS,2,0.66,12,0,15.00,29,SPINGI_vende_rete15g
SubitoFarma,988053738,GASTROERRE 24STICK,2,0.66,2,0,1.00,0,SPINGI_vende_rete15g
SubitoFarma,988053878,TRIDERM DETERGENTE ATT 400ML,2,0.66,1,0,0,0,VALUTA_taglio
SubitoFarma,988106670,EMORSAN FLEB 28STICK 15ML,2,0.66,6,0,0,16,CARRELLO
SubitoFarma,988148146,CLAREMASE ORALE 20FL,2,0.66,8,0,4.00,31,SPINGI_vende_rete15g
SubitoFarma,988277354,XERONORM PRX PHARCOS 250ML,2,0.66,3,0,0,25,CARRELLO
SubitoFarma,988342097,AFLOCIST 20BUST,2,0.66,7,0,2.00,-4,SPINGI_vende_rete15g
SubitoFarma,988754786,SCHOLL TALLONIERA GEL STANDARD,2,0.66,8,0,0,0,VALUTA_taglio
SubitoFarma,988768192,SENSIDONNA GEL INTIMO 75ML,2,0.66,1,0,0,0,VALUTA_taglio
SubitoFarma,988999280,MUSCOLL 30BUST,2,0.66,10,0,6.00,0,SPINGI_vende_rete15g
SubitoFarma,989013608,TIONEURAL DOL 30CPR,2,0.66,2,0,4.00,12,SPINGI_vende_rete15g
SubitoFarma,989041443,PROMET 12 30CPR,2,0.66,6,0,0,3,CARRELLO
SubitoFarma,989270602,MULTIVITAMIX B12 12FL,2,0.66,14,0,20.00,0,SPINGI_vende_rete15g
SubitoFarma,989317286,ALGOPAN 30CPR,2,0.66,1,0,1.00,80,SPINGI_vende_rete15g
SubitoFarma,989405307,VISCAPLUS NAILS 15ML,2,0.66,1,0,0,0,VALUTA_taglio
SubitoFarma,989406816,IMMUNOPED BABY GOCCE 15ML,2,0.66,1,0,0,0,VALUTA_taglio
SubitoFarma,989409115,"ISOMAR OCCHI RO AI 0,20% 10ML",2,0.66,10,0,20.00,-69,SPINGI_vende_rete15g
SubitoFarma,989409139,"ISOMAR OCCHI SEC AI 0,25% 10ML",2,0.66,8,0,6.00,0,SPINGI_vende_rete15g
SubitoFarma,989417973,HERBATINT 5N CASTANO CHI 170ML,2,0.66,4,0,0,0,VALUTA_taglio
SubitoFarma,989669433,LENET OX 125ML,2,0.66,2,0,0,0,VALUTA_taglio
SubitoFarma,989677481,EVEXIA FAST 50CPR,2,0.66,8,0,1.00,40,SPINGI_vende_rete15g
SubitoFarma,989678863,SIBOSOLV 60CPS ACIDORESIST,2,0.66,8,2,18.00,91,SPINGI_vende_rete15g
SubitoFarma,989825548,GLYDET VISO DETERGENTE 200ML,2,0.66,1,0,0,12,CARRELLO
SubitoFarma,989885850,SOLLIEVO VEN GEL 100ML,2,0.66,5,0,0,12,CARRELLO
SubitoFarma,989889769,LIBICARE ONE 30CPR,2,0.66,5,0,3.00,24,SPINGI_vende_rete15g
SubitoFarma,989893437,BENIAZ ROS 30ML,2,0.66,2,0,0,14,CARRELLO
SubitoFarma,989977006,INOFERT PHD 20CPR,2,0.66,1,0,0,44,CARRELLO
SubitoFarma,990011203,PERVENE MED POLVERE SPRAY125ML,2,0.66,2,0,0,31,CARRELLO
SubitoFarma,990551069,UNA10 MEDIMAXI 10CPR DRN,2,0.66,4,0,8.00,1,SPINGI_vende_rete15g
SubitoFarma,990553380,EUREKOL VITREO 30CPS,2,0.66,7,0,0,7,CARRELLO
SubitoFarma,990603250,VASOSTAR GAMBE 30CPR,2,0.66,5,0,8.00,0,SPINGI_vende_rete15g
SubitoFarma,990569105,ANSIPLUS GOCCE 50ML,1,0.33,1,19,0,0,VALUTA_taglio
SubitoFarma,990540890,BBCOLIC GOCCE 30ML,1,0.33,1,0,0,16,CARRELLO
SubitoFarma,990149647,TIOBEC 40CPR NF,1,0.33,99,0,0,6,CARRELLO
SubitoFarma,990064952,RAME ORO ARGENTO OLIMENT 200ML,1,0.33,2,0,0,0,VALUTA_taglio
SubitoFarma,989979745,FLOGOCARE 30CPR,1,0.33,2,0,0,4,CARRELLO
SubitoFarma,989897347,PUELLAE 30CPS MOLLI,1,0.33,99,0,0,0,VALUTA_taglio
SubitoFarma,989894516,PREMIER CRU CREMA RIC 50ML,1,0.33,4,0,0,4,CARRELLO
SubitoFarma,989892878,CH OCCHIALE 24M+ VERDE,1,0.33,2,0,0,0,VALUTA_taglio
SubitoFarma,989885809,SOLLIEVO VEN 14BUST,1,0.33,99,0,0,0,VALUTA_taglio
SubitoFarma,989851492,XAZEPIN 75 ORO FAST REL 20BUST,1,0.33,2,0,0,8,CARRELLO
SubitoFarma,989850514,KIJIMEA COMPLETE 111CPS,1,0.33,8,0,4.00,0,SPINGI_vende_rete15g
SubitoFarma,989638818,SINOVIAL HL-90*SIR 2ML       @,1,0.33,11,0,0,1,CARRELLO
SubitoFarma,989634744,NORMOCIS MAMMA 30SOFT GEL,1,0.33,2,0,2.00,2,SPINGI_vende_rete15g
SubitoFarma,989634124,BBMILK DG LIQUIDO 500ML,1,0.33,7,0,0,0,VALUTA_taglio
SubitoFarma,989602406,METAMET 60CPR,1,0.33,2,0,3.00,21,SPINGI_vende_rete15g
SubitoFarma,989414572,SUSTENIUM PLUS ARANCIA 20BUST,1,0.33,14,0,21.00,-8,SPINGI_vende_rete15g
SubitoFarma,989412729,SPIRULINA MARCUS 540CPR,1,0.33,4,0,0,0,VALUTA_taglio
SubitoFarma,989408467,CERAMOL LOTION DS 50ML,1,0.33,5,0,0,12,CARRELLO
SubitoFarma,989399795,CURASEPT DRYMOUTH DENTIF 75ML,1,0.33,3,0,0,0,VALUTA_taglio
SubitoFarma,989330345,CYSTIPHANE TRIPACK 2+1,1,0.33,5,0,2.00,34,SPINGI_vende_rete15g
SubitoFarma,989267657,PLAS BROMELINA 20STICK PACK,1,0.33,4,0,3.00,18,SPINGI_vende_rete15g
SubitoFarma,989264080,RIGENUR 14BUST,1,0.33,4,0,1.00,0,SPINGI_vende_rete15g
SubitoFarma,989260892,KELUAL SQUANORM LOZIONE 200ML,1,0.33,8,0,0,0,VALUTA_taglio
SubitoFarma,989052028,WOUND SKIN HYGIENE SOL SALINA,1,0.33,1,29,0,15,CARRELLO
SubitoFarma,989048424,VULVOVAGI CREMA,1,0.33,99,0,0,5,CARRELLO
SubitoFarma,989026152,VITAMINA C 1000 60CPR,1,0.33,3,0,0,8,CARRELLO
SubitoFarma,989022963,BIOCLIN PRO SHAMPOO FORF SECCA,1,0.33,3,8,0,0,VALUTA_taglio
SubitoFarma,989021668,AURIA GOCCE AURICOLARI 10ML,1,0.33,3,0,0,0,VALUTA_taglio
SubitoFarma,989005335,CONDROTIDE MOVEO 20CPR DIV,1,0.33,3,0,15.00,38,SPINGI_vende_rete15g
SubitoFarma,988948497,GABADIN 30CPR,1,0.33,6,0,2.00,31,SPINGI_vende_rete15g
SubitoFarma,988882282,IALURESP OTO 100ML,1,0.33,3,0,0,3,CARRELLO
SubitoFarma,988829305,COLLAGE SKIN 30STICK,1,0.33,3,0,10.00,0,SPINGI_vende_rete15g
SubitoFarma,988754558,FASTO3 CEROTTI A/DOLORIFICI12P,1,0.33,7,0,0,0,VALUTA_taglio
SubitoFarma,988665701,FDR INTIMO ATTIVO KALIB PH3.5,1,0.33,2,3,0,0,VALUTA_taglio
SubitoFarma,988665600,DEFASIL 30STICK,1,0.33,12,0,5.00,11,SPINGI_vende_rete15g
SubitoFarma,988657134,KYMAX 15BUST,1,0.33,4,0,3.00,18,SPINGI_vende_rete15g
SubitoFarma,988288953,VITRA FORTE GOCCE 30ML,1,0.33,4,0,0,17,CARRELLO
SubitoFarma,988288623,PROZINC SIR INS VETE 1ML 120PZ,1,0.33,3,0,0,0,VALUTA_taglio
SubitoFarma,988248439,PAPILOCARE GEL VAGINALE 21X5ML,1,0.33,4,0,1.00,14,SPINGI_vende_rete15g
SubitoFarma,988153235,AQUAVIS PSOREASY AUTOGEL 75ML,1,0.33,13,0,0,0,VALUTA_taglio
SubitoFarma,988148730,RECO' 4 14BUST,1,0.33,1,0,2.00,0,SPINGI_vende_rete15g
SubitoFarma,988053726,GASTROERRE 210ML,1,0.33,99,0,0,0,VALUTA_taglio
SubitoFarma,988038992,PESO STOP DRENA 20STICK,1,0.33,9,0,0,0,VALUTA_taglio
SubitoFarma,988032761,DERMATINA D FLUIDA 100ML,1,0.33,4,0,0,0,VALUTA_taglio
SubitoFarma,988027850,PSORIASIS XERIAL DM 200ML,1,0.33,6,0,1.00,0,SPINGI_vende_rete15g
SubitoFarma,988026884,TRIDERM AD OLIO DETERGENTE,1,0.33,6,0,0,0,VALUTA_taglio
SubitoFarma,988024586,CICAPLAST BAUME B5+ SPF50 40ML,1,0.33,21,1,3.00,9,SPINGI_vende_rete15g
SubitoFarma,988011920,PYODERM SHAMPOO 250ML,1,0.33,5,0,0,0,VALUTA_taglio
SubitoFarma,987870363,HELIOCARE 360 OILFREE COMP BEI,1,0.33,5,0,0,0,VALUTA_taglio
SubitoFarma,987866187,ESOXX ONE 20BUST STICK 10ML,1,0.33,1,1,0,-12,VALUTA_taglio
SubitoFarma,987860069,ASTENOMIRT GOCCE OCULARI 10ML,1,0.33,3,0,0,4,CARRELLO
SubitoFarma,987859511,CICABIO CREME+ SPF50 40ML,1,0.33,15,0,0,0,VALUTA_taglio
SubitoFarma,987844204,BIOTRANSIT 30STICK 15ML,1,0.33,6,0,3.00,38,SPINGI_vende_rete15g
SubitoFarma,987790870,PLAS POSTBIOTICO 20STICK PACK,1,0.33,4,0,0,0,VALUTA_taglio
SubitoFarma,987790298,MACRUTIN 20CPR,1,0.33,3,0,0,19,CARRELLO
SubitoFarma,987790021,ARORED LOZIONE 100ML,1,0.33,2,0,1.00,11,SPINGI_vende_rete15g
SubitoFarma,987775487,TENDOACTIVE PLUS 20STICKS,1,0.33,9,0,0,0,VALUTA_taglio
SubitoFarma,987715291,ARTENNUA 90CPS,1,0.33,3,0,2.00,2,SPINGI_vende_rete15g
SubitoFarma,987652955,OROBACT 30CPR OROSOLUBILI,1,0.33,2,0,0,-35,VALUTA_taglio
SubitoFarma,987540299,XYLIMELTS 40PAST NEUTRO,1,0.33,9,0,2.00,0,SPINGI_vende_rete15g
SubitoFarma,987540287,XYLIMELTS 40PAST MENTA DEL,1,0.33,14,0,3.00,0,SPINGI_vende_rete15g
SubitoFarma,987498728,NORMOCIS CARDIO 28BUST OROSOL,1,0.33,3,0,0,9,CARRELLO
SubitoFarma,987449802,RIPAGEL VET GOCCE OCULARI 10ML,1,0.33,5,0,42.00,39,SPINGI_vende_rete15g
SubitoFarma,987417728,XNASO 30BUST+EROGATORE,1,0.33,3,0,0,22,CARRELLO
SubitoFarma,987388535,PHOTODERM SPRAY 30+ 300ML,1,0.33,3,0,0,-9,VALUTA_taglio
SubitoFarma,987388511,LIPIKAR UREA 10% 400ML,1,0.33,5,0,0,15,CARRELLO
SubitoFarma,987388509,LIPIKAR UREA 10% 200ML,1,0.33,15,0,0,15,CARRELLO
SubitoFarma,987377090,VIDROSOL 1000 30CPR,1,0.33,12,0,6.00,25,SPINGI_vende_rete15g
SubitoFarma,987358660,NEURONYX 30CPR,1,0.33,1,0,0,0,VALUTA_taglio
SubitoFarma,987333818,OPTIVE FUSION 10ML,1,0.33,99,0,0,4,CARRELLO
SubitoFarma,987327145,KURAFER FOLIC 30CPS,1,0.33,3,0,0,-192,VALUTA_taglio
SubitoFarma,987315823,SCREEN TEST CELIACHIA SELFTEST,1,0.33,99,0,0,0,VALUTA_taglio
SubitoFarma,987313412,ZYMEREX REGOLA-IBS 24CPR,1,0.33,99,0,0,0,VALUTA_taglio
SubitoFarma,987309679,PEGBIOMA 30BUST,1,0.33,6,0,1.00,21,SPINGI_vende_rete15g
SubitoFarma,987297241,SINCRO Q10 30CPS,1,0.33,2,0,16.00,25,SPINGI_vende_rete15g
SubitoFarma,987296896,ERGYPHILUS PLUS DEFENS 60CPS,1,0.33,3,0,0,0,VALUTA_taglio
SubitoFarma,987166079,PRIMAK DIAKON AID 50ML,1,0.33,4,0,0,10,CARRELLO
SubitoFarma,987057775,OTOACT PLUS 100ML,1,0.33,3,0,0,0,VALUTA_taglio
SubitoFarma,987026224,TOLERIANE ROSALIAC AR SPF30,1,0.33,10,0,1.00,0,SPINGI_vende_rete15g
SubitoFarma,987023595,SAMBUCOL IMMUNOFORTE 30CPS,1,0.33,10,0,0,8,CARRELLO
SubitoFarma,986991723,LESSPAIN 30BUST OROSOLUBILI,1,0.33,2,0,0,20,CARRELLO
SubitoFarma,986987865,NOVERAL 30CPS 580MG,1,0.33,1,0,1.00,0,SPINGI_vende_rete15g
SubitoFarma,986971974,"OCUTEARS ALO+UD 0,4% 15X0,35ML",1,0.33,3,0,0,3,CARRELLO
SubitoFarma,986971543,PROBIOPROST 30CPS,1,0.33,3,0,2.00,15,SPINGI_vende_rete15g
SubitoFarma,986965554,MULTIMAGNESIO 60CPS,1,0.33,4,0,2.00,29,SPINGI_vende_rete15g
SubitoFarma,986958320,RVLIFT LIFT CR CASHMERE,1,0.33,6,0,0,6,CARRELLO
SubitoFarma,986958193,VET AQUADENT FR3SH 500ML,1,0.33,4,0,1.00,0,SPINGI_vende_rete15g
SubitoFarma,986913756,SEBIUM HYDRA CLEANSER 200ML,1,0.33,21,0,1.00,0,SPINGI_vende_rete15g
SubitoFarma,986905331,DERMOVITAMINA PRURITO CR 30ML,1,0.33,5,0,1.00,0,SPINGI_vende_rete15g
SubitoFarma,986895795,KELUAL DS CREMA 40ML 23,1,0.33,11,0,1.00,14,SPINGI_vende_rete15g
SubitoFarma,986864510,NUTILIS AQUA GEL ARA 4PZ,1,0.33,99,0,1.00,0,SPINGI_vende_rete15g
SubitoFarma,986857340,CERAVE BALSAMO RIPA AVANZ 50ML,1,0.33,99,0,0,0,VALUTA_taglio
SubitoFarma,986830824,THIRODIUM 225MCG 30CPS MOLLI,1,0.33,2,0,2.00,0,SPINGI_vende_rete15g
SubitoFarma,986824973,ACETILCISTEINA ACT PLUS NAC600,1,0.33,14,0,5.00,14,SPINGI_vende_rete15g
SubitoFarma,986821991,SFIGMO DIGIT BRACC SOFARMAPIU',1,0.33,12,0,1.00,0,SPINGI_vende_rete15g
SubitoFarma,986738856,ORALB PW REFILL PREC CLEAN 3PZ,1,0.33,3,0,0,9,CARRELLO
SubitoFarma,986738817,ORALB PW REFILL SENSITIVE 3PZ,1,0.33,6,0,0,9,CARRELLO
SubitoFarma,986736369,HIPP AC 30ML,1,0.33,10,0,0,10,CARRELLO
SubitoFarma,986708093,NOCIST INTIMATE DAILY DET INT,1,0.33,8,0,0,14,CARRELLO
SubitoFarma,986699573,MULTICENTRUM NEO MAMMA DHA,1,0.33,12,0,1.00,18,SPINGI_vende_rete15g
SubitoFarma,986626036,ACNEFFE BODY SPRAY 120ML,1,0.33,2,0,1.00,11,SPINGI_vende_rete15g
SubitoFarma,986625818,OILFREE ATTIVO 300ML,1,0.33,8,0,4.00,9,SPINGI_vende_rete15g
SubitoFarma,986625580,DANAMAP 30CPS RO,1,0.33,4,0,0,96,CARRELLO
SubitoFarma,986497220,RILASTIL SMAGLIATURE 10FX5ML,1,0.33,3,0,1.00,3,SPINGI_vende_rete15g
SubitoFarma,986497218,RILASTIL AQUA LATTE CORPO NF,1,0.33,6,0,0,0,VALUTA_taglio
SubitoFarma,986470666,FORMALIFE PLUS FERM LATT 30CPR,1,0.33,6,0,1.00,0,SPINGI_vende_rete15g
SubitoFarma,986461541,CLIA CREMA SOLARE 50+ 200ML,1,0.33,2,0,0,14,CARRELLO
SubitoFarma,986286957,INSU LEAN 40CPS GASTRORESIST,1,0.33,7,0,10.00,41,SPINGI_vende_rete15g
SubitoFarma,986129031,ENAVIT SUDAMIN 10+10BUST,1,0.33,3,0,0,0,VALUTA_taglio
SubitoFarma,986122188,ARTELAC ULTRA 4S 10ML,1,0.33,4,0,9.00,79,SPINGI_vende_rete15g
SubitoFarma,986117339,EPATORIL PRO 20CPS,1,0.33,3,0,0,0,VALUTA_taglio
SubitoFarma,986112845,ASTENOMIRT CVS 20CPR,1,0.33,3,0,0,34,CARRELLO
SubitoFarma,986080099,EUCERIN SUN SPRAY TOCCO SECC30,1,0.33,4,0,7.00,0,SPINGI_vende_rete15g
SubitoFarma,986075582,RILASTIL AQUA INTENSE 72H NF,1,0.33,10,0,0,0,VALUTA_taglio
SubitoFarma,986012134,TUAMEMOR 15FL 10ML,1,0.33,4,0,0,0,VALUTA_taglio
SubitoFarma,986011740,NEURANIA 30CPR,1,0.33,11,1,7.00,0,SPINGI_vende_rete15g
SubitoFarma,986008757,INTIMOIL TT 150ML,1,0.33,7,0,4.00,18,SPINGI_vende_rete15g
SubitoFarma,986008439,ARNICA GEL 98% 100ML,1,0.33,10,0,0,0,VALUTA_taglio
SubitoFarma,985999453,PROBIOTICO ACT 15CPS VEGETALI,1,0.33,13,0,4.00,32,SPINGI_vende_rete15g
SubitoFarma,985990225,CONDROSPIR 14BUST,1,0.33,2,0,0,67,CARRELLO
SubitoFarma,985979184,ANSIVOR 30CPR FAST,1,0.33,3,0,5.00,0,SPINGI_vende_rete15g
SubitoFarma,985972013,MICROVENIL FORTE 20BUST,1,0.33,5,0,2.00,14,SPINGI_vende_rete15g
SubitoFarma,985827373,IDRAXIL SPRAY OFTALMICO 10ML,1,0.33,2,0,0,32,CARRELLO
SubitoFarma,985826243,VITAMINA D3 IBSA 2000UI 30FILM,1,0.33,9,99,11.00,107,SPINGI_vende_rete15g
SubitoFarma,985822547,ALTIAL COMPLETE 4STRIP 5FL,1,0.33,2,0,2.00,52,SPINGI_vende_rete15g
SubitoFarma,985772728,PEDIAKID APPETITO/TONO SCIR,1,0.33,2,0,1.00,0,SPINGI_vende_rete15g
SubitoFarma,985723117,RILASTIL DIFESA CREMA VISO DET,1,0.33,12,0,0,0,VALUTA_taglio
SubitoFarma,985668540,PSYLLOGEL FAST F 10STICK,1,0.33,14,0,1.00,4,SPINGI_vende_rete15g
SubitoFarma,985661356,TAMACID PRO 20STICK PACK 15G,1,0.33,8,1,20.00,10,SPINGI_vende_rete15g
SubitoFarma,985593781,RENAL COMBI POLVERE 70G,1,0.33,99,0,1.00,0,SPINGI_vende_rete15g
SubitoFarma,985593779,RENAL COMBI PASTA 30ML,1,0.33,5,0,1.00,0,SPINGI_vende_rete15g
SubitoFarma,985592726,AKKERMANSIA GLICEMIA 30CPR,1,0.33,5,0,2.00,9,SPINGI_vende_rete15g
SubitoFarma,985581887,LACRISUN TONIC 5% 10ML,1,0.33,4,0,0,8,CARRELLO
SubitoFarma,985574971,STOMEK 16CPR,1,0.33,3,0,0,0,VALUTA_taglio
SubitoFarma,985505155,DIGESTYL LACT 30CPS,1,0.33,2,0,0,13,CARRELLO
SubitoFarma,985499995,REDISOLV 14BUST,1,0.33,5,0,3.00,104,SPINGI_vende_rete15g
SubitoFarma,985483167,GFM ORAL IRALTONE 30CPR,1,0.33,7,0,0,0,VALUTA_taglio
SubitoFarma,985047758,SENSIQUELL PALPEBRALE 15ML,1,0.33,14,0,0,0,VALUTA_taglio
SubitoFarma,985000809,ANTHELIOS GEL P BAGN BB 50+,1,0.33,9,0,0,21,CARRELLO
SubitoFarma,984985857,SOMAT SKIN EX ACTIVE OLIO POST,1,0.33,99,0,0,5,CARRELLO
SubitoFarma,984984308,MASSIGEN VITAMINA B12 14FL,1,0.33,9,0,0,7,CARRELLO
SubitoFarma,984966630,FERTYLOR PLUS 20BUST,1,0.33,2,0,0,0,VALUTA_taglio
SubitoFarma,984926749,AGEX SERUM SPOT PHARCOS 30ML,1,0.33,7,0,1.00,13,SPINGI_vende_rete15g
SubitoFarma,984910190,FOILLE INSETTI REPELLENTE ACT,1,0.33,5,0,0,52,CARRELLO
SubitoFarma,984903346,IACODERM COMPLEX 30CPR,1,0.33,4,0,6.00,0,SPINGI_vende_rete15g
SubitoFarma,984886958,ZZZQUIL SONNO MANGO&BAN 60PAST,1,0.33,6,12,6.00,20,SPINGI_vende_rete15g
SubitoFarma,984871259,PROREUTER PLUS 30CPS,1,0.33,3,0,0,71,CARRELLO
SubitoFarma,984866309,EMOFORM GLIC PRO COLLUTORIO,1,0.33,5,0,1.00,0,SPINGI_vende_rete15g
SubitoFarma,984865410,VERAVIS-T SUPREMO GRANI LU 90G,1,0.33,4,0,1.00,0,SPINGI_vende_rete15g
SubitoFarma,984852830,RILASTIL PROGRES CREMA ANTIR,1,0.33,12,0,0,19,CARRELLO
SubitoFarma,984834251,MONACOL Q10 40CPR,1,0.33,4,0,0,0,VALUTA_taglio
SubitoFarma,984794406,THEISS ARNICA&ARTIGLIO CR 50ML,1,0.33,3,0,0,0,VALUTA_taglio
SubitoFarma,984789899,EUPHRALIA ALLERGY GTT OCUL10ML,1,0.33,6,0,0,-3,VALUTA_taglio
SubitoFarma,984787541,FLOGO FLEB 30CPR,1,0.33,7,0,0,19,CARRELLO
SubitoFarma,984781272,OTOSCUDO PELLICOLA AURICOLARE,1,0.33,3,0,1.00,0,SPINGI_vende_rete15g
SubitoFarma,984744882,MECOLIN 1200 14BUST,1,0.33,6,0,0,48,CARRELLO
SubitoFarma,984703381,OLEEA CAPS 60CPS,1,0.33,4,0,0,0,VALUTA_taglio
SubitoFarma,984654424,DEXERYL OLIO LAVANTE 500ML,1,0.33,12,0,1.00,1,SPINGI_vende_rete15g
SubitoFarma,984654285,FERROSTICK 30STICK,1,0.33,3,0,0,12,CARRELLO
SubitoFarma,984642569,UNIPRIL COLESTEROLO 30CPS GAST,1,0.33,10,0,0,0,VALUTA_taglio
SubitoFarma,984638306,CLIAUP 14BUST,1,0.33,8,0,1.00,0,SPINGI_vende_rete15g
SubitoFarma,984620892,EOS LIPOKOLIN 90CPR,1,0.33,4,0,0,0,VALUTA_taglio
SubitoFarma,984577041,SEBIUM KERATO+ 30ML,1,0.33,7,0,0,13,CARRELLO
SubitoFarma,984573838,GLUTATIONE FORTE SALUGEA 60CPS,1,0.33,9,0,0,31,CARRELLO
SubitoFarma,984557583,ESI LE DIECI ERBE MICROCLISMI,1,0.33,22,0,0,7,CARRELLO
SubitoFarma,984515205,DONAVIT SUPRA 30CPS,1,0.33,4,0,0,6,CARRELLO
SubitoFarma,984513895,TROSPATA 500 20BUST,1,0.33,3,0,0,0,VALUTA_taglio
SubitoFarma,984359012,FISIOCREM CANNABIS CREMA 60ML,1,0.33,99,0,0,0,VALUTA_taglio
SubitoFarma,984357006,CETAPHIL CREMA IDRATANTE 450G,1,0.33,13,0,3.00,60,SPINGI_vende_rete15g
SubitoFarma,984356966,CETAPHIL EMULSIONE DET 250ML,1,0.33,9,0,0,0,VALUTA_taglio
SubitoFarma,984330340,COZIDASE 60CPS INTOLERAN,1,0.33,2,0,0,0,VALUTA_taglio
SubitoFarma,984328652,AVENE CICALFATE+ GEL DET 200ML,1,0.33,99,0,0,0,VALUTA_taglio
SubitoFarma,984207340,SCHAR TRAMEZZINO 200G,1,0.33,7,0,0,0,VALUTA_taglio
SubitoFarma,984177636,SERCOMPLEX 20BUST,1,0.33,5,0,0,0,VALUTA_taglio
SubitoFarma,984098689,REV DEOMED PLUS CREMA 80ML,1,0.33,4,0,0,0,VALUTA_taglio
SubitoFarma,984098665,REV OILSOFT PSOA 500ML,1,0.33,4,0,1.00,21,SPINGI_vende_rete15g
SubitoFarma,983841519,AGE LIFT CONTORNO OCCHI MULTI,1,0.33,6,0,0,4,CARRELLO
SubitoFarma,983794138,SPASMOXIDE60 60CPR,1,0.33,4,0,2.00,10,SPINGI_vende_rete15g
SubitoFarma,983791221,DELTACRIN WNT SPR PHARCOS125ML,1,0.33,2,0,0,15,CARRELLO
SubitoFarma,983785092,RIVESCAL PSO SHAMPOO 200ML CAN,1,0.33,2,0,6.00,0,SPINGI_vende_rete15g
SubitoFarma,983777513,ESI BIOCOLLAGENIX CR A/ETA' PL,1,0.33,99,0,0,0,VALUTA_taglio
SubitoFarma,983760683,DP VITREO 30BUST,1,0.33,7,0,7.00,27,SPINGI_vende_rete15g
SubitoFarma,983696079,MAGSOL 5 EXTRA 60CPR,1,0.33,5,0,0,56,CARRELLO
SubitoFarma,983684123,OMOCISTEINA STOP MTHFR ANALC,1,0.33,3,0,0,17,CARRELLO
SubitoFarma,983679566,CERAVE SA DETERGENTE LEV 473ML,1,0.33,6,0,4.00,0,SPINGI_vende_rete15g
SubitoFarma,983665441,EUCERIN ANTI-PIGMENT GG LIGHT,1,0.33,13,0,0,0,VALUTA_taglio
SubitoFarma,983531599,DERMORELIZEMA ULTRA IDRATANTE,1,0.33,99,0,0,0,VALUTA_taglio
SubitoFarma,983513779,KUKIDENT ULTIMATE FRESCO 40G,1,0.33,11,3,0,10,CARRELLO
SubitoFarma,983513716,KUKIDENT PLUS BARRI A/CI FR40G,1,0.33,2,7,18.00,-7,SPINGI_vende_rete15g
SubitoFarma,983450192,PAIDINIL 30CPR,1,0.33,3,0,0,15,CARRELLO
SubitoFarma,983381346,EUCERIN UREAREP 5% IDRAT 400ML,1,0.33,6,0,2.00,0,SPINGI_vende_rete15g
SubitoFarma,983361763,GIBAUD ORTHO RHIZACTIVE ORTES1,1,0.33,4,0,0,12,CARRELLO
SubitoFarma,983361647,GIBAUD ORTHO RHIZOGIB ORT SX 3,1,0.33,99,0,0,0,VALUTA_taglio
SubitoFarma,983332976,PRODEFEN D PLUS 10BUST,1,0.33,6,0,5.00,0,SPINGI_vende_rete15g
SubitoFarma,983302872,NAC 75PAST,1,0.33,2,0,0,9,CARRELLO
SubitoFarma,983280342,CORTI DOL 20CPS,1,0.33,5,0,0,0,VALUTA_taglio
SubitoFarma,983198793,EUCERIN SUN PIGMENT TINTED 50+,1,0.33,12,0,0,0,VALUTA_taglio
SubitoFarma,983039292,XLS MEDICAL PRO 7 180CPS,1,0.33,9,0,0,-9,VALUTA_taglio
SubitoFarma,982953705,ESI ALOE VERA GEL PURO 200ML,1,0.33,10,0,2.00,0,SPINGI_vende_rete15g
SubitoFarma,982945608,OPTIVE FUSION 10ML,1,0.33,6,1,2.00,66,SPINGI_vende_rete15g
SubitoFarma,982945572,CATIONORM MULTI GOCCE 10ML,1,0.33,5,0,0,0,VALUTA_taglio
SubitoFarma,982941674,ESENTA RIMUOVI ADES SALV 30PZ,1,0.33,3,0,0,20,CARRELLO
SubitoFarma,982941662,ESENTA RIMUOVI ADES SPRAY 50ML,1,0.33,5,0,13.00,33,SPINGI_vende_rete15g
SubitoFarma,982895296,IMOPRO 3 MAGNESIA 90CPR,1,0.33,7,0,0,10,CARRELLO
SubitoFarma,982816771,RIGENOMA CREMA BARRIERA 100ML,1,0.33,2,0,0,3,CARRELLO
SubitoFarma,982772954,TRICOREAL PLUS 30CPS,1,0.33,99,0,0,0,VALUTA_taglio
SubitoFarma,982760365,GYNO SOFT 20CPS VAG,1,0.33,3,0,1.00,25,SPINGI_vende_rete15g
SubitoFarma,982754804,RILASTIL HYDROTENSEUR CR ANTIR,1,0.33,10,0,0,17,CARRELLO
SubitoFarma,982753600,ZENTIVA ZEFLAVON DRENA 30CPR,1,0.33,10,0,2.00,39,SPINGI_vende_rete15g
SubitoFarma,982751303,TRISAME 20CPR,1,0.33,4,0,0,36,CARRELLO
SubitoFarma,982750061,BETAFOLIC AGE 30CPR,1,0.33,8,0,7.00,19,SPINGI_vende_rete15g
SubitoFarma,982614671,DEFENCE MY AGE GOLD CREMA INT,1,0.33,11,0,1.00,17,SPINGI_vende_rete15g
SubitoFarma,982612234,ESI ALOE VERA GEL VIT/TEA200ML,1,0.33,9,0,0,0,VALUTA_taglio
SubitoFarma,982541512,GALATTO D 2000 90CPR,1,0.33,99,0,0,0,VALUTA_taglio
SubitoFarma,982526701,RESTAX SHAMPOO AF UOMO 200ML,1,0.33,99,0,0,0,VALUTA_taglio
SubitoFarma,982491058,NUTRAMIGEN 3 LGG POLVERE 400G,1,0.33,3,0,0,40,CARRELLO
SubitoFarma,982489231,ARTONORM 15STICKPACK,1,0.33,9,0,0,54,CARRELLO
SubitoFarma,982479356,ENDOCARE RADIANCE C FERUL 30ML,1,0.33,1,0,0,25,CARRELLO
SubitoFarma,982476121,ACIDO FOLICO PURO ANALC 30ML,1,0.33,2,0,0,0,VALUTA_taglio
SubitoFarma,982471385,URIXANA 21BUST,1,0.33,2,0,2.00,43,SPINGI_vende_rete15g
SubitoFarma,982468009,CURAPROX CPS 08 PRIME STA PINK,1,0.33,5,0,3.00,0,SPINGI_vende_rete15g
SubitoFarma,982466094,HP3 30CPS,1,0.33,11,0,0,0,VALUTA_taglio
SubitoFarma,982463655,AGEX FLUID PHARCOS 15F 25ML,1,0.33,7,0,5.00,35,SPINGI_vende_rete15g
SubitoFarma,982407924,RILASSANDO 30CPR MELATONINA,1,0.33,3,0,0,10,CARRELLO
SubitoFarma,982178093,ESI SERENESI GOCCE 50ML,1,0.33,6,0,0,25,CARRELLO
SubitoFarma,982145688,CORNEIAL MED 10ML,1,0.33,7,0,0,5,CARRELLO
SubitoFarma,982145132,ENTEROFLEGIN 30CPR,1,0.33,4,0,3.00,72,SPINGI_vende_rete15g
SubitoFarma,981977539,THERAIDRA MICROBIOMA SPR 200ML,1,0.33,4,0,0,0,VALUTA_taglio
SubitoFarma,981920919,SOLLIEVO FISIOLAX 27CPR,1,0.33,32,0,1.00,3,SPINGI_vende_rete15g
SubitoFarma,981559040,EVIVA DROPS 10ML,1,0.33,9,0,0,4,CARRELLO
SubitoFarma,981542261,ATOP CREMA PALPEBRALE PHARCOS,1,0.33,4,0,1.00,3,SPINGI_vende_rete15g
SubitoFarma,981536891,AMINO THER PRO 30BUST,1,0.33,14,0,1.00,9,SPINGI_vende_rete15g
SubitoFarma,981517598,VAGISIL FLUIDO IDRAT INTIMO,1,0.33,7,0,0,0,VALUTA_taglio
SubitoFarma,981516331,VAGISIL GEL LUBRIFICANTE 30G,1,0.33,12,1,1.00,0,SPINGI_vende_rete15g
SubitoFarma,981498987,ROC SOLARE CORPO 30 IDRATANTE,1,0.33,13,0,1.00,6,SPINGI_vende_rete15g
SubitoFarma,981498963,ROC SOLARE CORPO 50+ ELEV TOLL,1,0.33,2,0,0,0,VALUTA_taglio
SubitoFarma,981498898,ROC KEOPS DEOD ROLL-ON 48H,1,0.33,11,0,1.00,8,SPINGI_vende_rete15g
SubitoFarma,981492010,SKIN FOOD BURRO CORPO 150ML,1,0.33,6,0,0,9,CARRELLO
SubitoFarma,981491501,AXOGYN OLIO DETERGENTE INTIMO,1,0.33,8,0,1.00,0,SPINGI_vende_rete15g
SubitoFarma,981475647,CERAVE OLIO DET IDRAT SCH236ML,1,0.33,12,0,0,0,VALUTA_taglio
SubitoFarma,981471853,DIFLASELIN 20CPR GASTROPROTETT,1,0.33,6,0,2.00,0,SPINGI_vende_rete15g
SubitoFarma,981470115,AMICOBOR SOL ACQUOSA 100ML,1,0.33,3,0,1.00,3,SPINGI_vende_rete15g
SubitoFarma,981464720,LATTASI 30CPR,1,0.33,10,0,0,26,CARRELLO
SubitoFarma,981451848,VIVILASE 30CPR,1,0.33,12,0,0,27,CARRELLO
SubitoFarma,981410208,PREBIOLIANS IMMUNOACT 10F 25ML,1,0.33,1,0,0,10,CARRELLO
SubitoFarma,981369438,ISIDE 4R PLUS 14CPS,1,0.33,4,0,0,14,CARRELLO
SubitoFarma,981365416,ENTERELLE PLUS 24BUST STICK,1,0.33,8,0,4.00,0,SPINGI_vende_rete15g
SubitoFarma,981359540,CIANOFOLIN FERRO 30CPS ACIDORE,1,0.33,4,0,11.00,19,SPINGI_vende_rete15g
SubitoFarma,981248317,TOPIALYSE BAUME PROTECT 400ML,1,0.33,7,0,2.00,0,SPINGI_vende_rete15g
SubitoFarma,981248305,TOPIALYSE BAUME PROTECT 200ML,1,0.33,10,0,0,0,VALUTA_taglio
SubitoFarma,981248255,TOPIALYSE GEL LAVANT 400ML NF,1,0.33,4,0,0,56,CARRELLO
SubitoFarma,981152616,DISTROFYD 15ML BRADERM,1,0.33,15,0,0,4,CARRELLO
SubitoFarma,981123831,RESTAX LOZIONE DONNA 100ML,1,0.33,7,0,3.00,28,SPINGI_vende_rete15g
SubitoFarma,981113069,SCUDO LATTOFERRINA+QUERCE30CPR,1,0.33,4,0,0,0,VALUTA_taglio
SubitoFarma,981112776,NOLESTEROL ALTILIX 40CPS,1,0.33,5,0,5.00,0,SPINGI_vende_rete15g
SubitoFarma,981111925,MUSTELA DETERGENTE DEL 500ML,1,0.33,10,0,1.00,0,SPINGI_vende_rete15g
SubitoFarma,981110366,CURASEPT WHITENING DENTIF 75ML,1,0.33,14,0,0,0,VALUTA_taglio
SubitoFarma,981044124,NORSAN OMEGA 3 KIDS 150ML,1,0.33,2,0,0,0,VALUTA_taglio
SubitoFarma,981043351,ENERVIT C2 1 ISOCARB 650G,1,0.33,5,0,1.00,0,SPINGI_vende_rete15g
SubitoFarma,981042904,RILASTIL SUN PPT 50+ CR VEL,1,0.33,4,30,2.00,38,SPINGI_vende_rete15g
SubitoFarma,981003573,FENIZON EMULGEL 100ML,1,0.33,3,0,5.00,0,SPINGI_vende_rete15g
SubitoFarma,980925008,FERRAMINA FORTE 30CPS,1,0.33,2,0,1.00,20,SPINGI_vende_rete15g
SubitoFarma,980924284,AVENE SOL INTENSE PROT SPF50+,1,0.33,3,0,0,57,CARRELLO
SubitoFarma,980914257,MEDIREFLUX 20STICK DM,1,0.33,16,0,1.00,12,SPINGI_vende_rete15g
SubitoFarma,980810485,KINEDIN 14BUST,1,0.33,5,0,0,12,CARRELLO
SubitoFarma,980804850,MAGNESIO SUPREMO REG INTES150G,1,0.33,10,0,4.00,20,SPINGI_vende_rete15g
SubitoFarma,980787194,GLICINA PURA POLVERE SOLUB250G,1,0.33,3,0,6.00,3,SPINGI_vende_rete15g
SubitoFarma,980783625,MUSTELA HYDRA BB CORPO 300ML,1,0.33,5,0,0,0,VALUTA_taglio
SubitoFarma,980777039,EMULCEA 20 CREMA 200ML,1,0.33,10,0,1.00,0,SPINGI_vende_rete15g
SubitoFarma,980774564,COLPHARMA AIR 100 FAMILY AEROS,1,0.33,1,15,0,29,CARRELLO
SubitoFarma,980774412,UNICO OLIO SECCO SPRAY 100ML,1,0.33,1,0,0,0,VALUTA_taglio
SubitoFarma,980681365,SNS START 8CPS,1,0.33,5,0,0,15,CARRELLO
SubitoFarma,980632931,BIOST 20BUST,1,0.33,8,0,0,15,CARRELLO
SubitoFarma,980547451,ISYPAN STITICHEZZA 20BUST,1,0.33,10,0,5.00,0,SPINGI_vende_rete15g
SubitoFarma,980527269,ESI ARNICA FORTE GEL,1,0.33,6,0,1.00,0,SPINGI_vende_rete15g
SubitoFarma,980512786,CERAMOL CREMA BETACOMPLEX 50ML,1,0.33,9,0,20.00,36,SPINGI_vende_rete15g
SubitoFarma,980504308,STERILVIT POLIVIT GOCCE 5ML,1,0.33,6,0,0,0,VALUTA_taglio
SubitoFarma,980501579,QUEVIR 30CPR,1,0.33,4,0,3.00,12,SPINGI_vende_rete15g
SubitoFarma,980499077,BIOREPAIR PLUS COLLUT PROT GEN,1,0.33,7,0,0,14,CARRELLO
SubitoFarma,980495547,IACODERM SHAMPOO DS 250ML,1,0.33,8,0,0,5,CARRELLO
SubitoFarma,980446049,GASTERMAX 20ML,1,0.33,7,0,0,3,CARRELLO
SubitoFarma,980445860,URICEMIC CONTROL PLUS 80PAST,1,0.33,3,0,2.00,0,SPINGI_vende_rete15g
SubitoFarma,980436416,AMELAN CREMA 30ML,1,0.33,99,0,0,0,VALUTA_taglio
SubitoFarma,980406678,VIT D3/VIT K2 1000 UI 90CPS,1,0.33,6,0,1.00,0,SPINGI_vende_rete15g
SubitoFarma,980400826,NIDROX ONE 50ML,1,0.33,3,0,0,9,CARRELLO
SubitoFarma,980398236,CV MAG PLUS 20BUST,1,0.33,2,0,0,14,CARRELLO
SubitoFarma,980295354,ENDOCARE TENSAGE NUTRITIVA50ML,1,0.33,6,0,0,0,VALUTA_taglio
SubitoFarma,980294526,RESOURCE AQUA+PEACH 4X125G,1,0.33,7,0,0,22,CARRELLO
SubitoFarma,980292662,DERMOVITAMINA PRURITO INT ELLE,1,0.33,13,0,0,-1,VALUTA_taglio
SubitoFarma,980258925,COLIN A 600 30F 10ML,1,0.33,3,1,5.00,92,SPINGI_vende_rete15g
SubitoFarma,980258913,SYSACOL 20F 25ML,1,0.33,4,1,13.00,42,SPINGI_vende_rete15g
SubitoFarma,980253088,GYNEXELLE HYALO-DUO GEL 50ML,1,0.33,6,0,0,0,VALUTA_taglio
SubitoFarma,980252872,CENTROVISION COMFORT 84BUST,1,0.33,4,0,3.00,0,SPINGI_vende_rete15g
SubitoFarma,980247112,LECIVIS 100G 80SOFTGEL,1,0.33,2,0,0,0,VALUTA_taglio
SubitoFarma,980140519,NEOCOLINA OFTA 20BUST,1,0.33,2,0,0,0,VALUTA_taglio
SubitoFarma,980137158,GAVIREPAIR 20BUST 10 ML,1,0.33,12,0,0,0,VALUTA_taglio
SubitoFarma,980135139,N5 DG POLVERE 400G,1,0.33,99,0,0,0,VALUTA_taglio
SubitoFarma,980125785,NOSICKVIR 150ML,1,0.33,4,0,0,0,VALUTA_taglio
SubitoFarma,980124388,IMUNFER 30CPR,1,0.33,7,0,3.00,0,SPINGI_vende_rete15g
SubitoFarma,980115380,MYRIALEN GEL OCULARE 10G,1,0.33,5,0,3.00,76,SPINGI_vende_rete15g
SubitoFarma,979944333,REGULOSIO FIBRE 20BUST,1,0.33,3,0,0,0,VALUTA_taglio
SubitoFarma,979813666,AVEENO PN CREMA IDRAT CRP300ML,1,0.33,8,0,0,0,VALUTA_taglio
SubitoFarma,979811217,CATIDRAL PLUS 30BUST,1,0.33,3,0,3.00,0,SPINGI_vende_rete15g
SubitoFarma,979810102,REV IDRAX BOTU' MEDICAL 30BUST,1,0.33,8,0,1.00,0,SPINGI_vende_rete15g
SubitoFarma,979802764,RICOCELL 40CPR,1,0.33,4,0,0,0,VALUTA_taglio
SubitoFarma,979794070,MULTICENTRUM ADULTI 30CPR,1,0.33,5,0,0,15,CARRELLO
SubitoFarma,979788268,ZAVOMEL GOCCE 25ML,1,0.33,2,0,0,10,CARRELLO
SubitoFarma,979683962,UROFRESH DONNA 500ML,1,0.33,3,0,2.00,0,SPINGI_vende_rete15g
SubitoFarma,979683909,SKILLEG 1000 20BUST,1,0.33,7,0,6.00,90,SPINGI_vende_rete15g
SubitoFarma,979683784,MIXMAG 30BUST,1,0.33,3,0,0,12,CARRELLO
SubitoFarma,979683760,IPERLEON 12FL 10ML,1,0.33,8,0,1.00,0,SPINGI_vende_rete15g
SubitoFarma,979683695,EBERLIFE IMMUNO 16BUST,1,0.33,8,0,0,7,CARRELLO
SubitoFarma,979683442,EUTROSIS AR CREMA 30G,1,0.33,6,0,0,0,VALUTA_taglio
SubitoFarma,979413832,ATODERM INTENSIVE BAUME 500ML,1,0.33,10,0,2.00,0,SPINGI_vende_rete15g
SubitoFarma,979406814,DENTIFRICIO SALINO 75ML,1,0.33,16,0,1.00,12,SPINGI_vende_rete15g
SubitoFarma,979406802,DENTIFRICIO RATANIA 75ML,1,0.33,13,0,0,0,VALUTA_taglio
SubitoFarma,979400850,FLOGOSPIR FORTE EMULGEL 100ML,1,0.33,13,0,1.00,18,SPINGI_vende_rete15g
SubitoFarma,979357528,HYDRA INTENSIF MASQUE B3 12ML,1,0.33,10,0,0,0,VALUTA_taglio
SubitoFarma,979357480,SENSIFINE BAUME DEMAQ 100ML,1,0.33,7,0,0,0,VALUTA_taglio
SubitoFarma,979321395,DERMOVITAMINA CALM PSO/CARE TQ,1,0.33,11,0,0,25,CARRELLO
SubitoFarma,979278140,MIOXIN 4G 30BUSTE,1,0.33,7,0,3.00,32,SPINGI_vende_rete15g
SubitoFarma,979277997,BLISTEX IDRATANTE LABBRA SPF30,1,0.33,1,16,0,14,CARRELLO
SubitoFarma,979276553,AKNET SUN PMA SPF50+ 50ML,1,0.33,11,0,0,12,CARRELLO
SubitoFarma,979204536,BUONAVIT D3 FORTE 12ML,1,0.33,99,0,0,0,VALUTA_taglio
SubitoFarma,979175546,SERENIL BUONUMORE 100CPS,1,0.33,11,0,0,4,CARRELLO
SubitoFarma,979175534,SERENIL CALMANSIA 50CPS,1,0.33,10,0,2.00,23,SPINGI_vende_rete15g
SubitoFarma,979049828,FLOGASE DOA 20CPR,1,0.33,7,0,1.00,0,SPINGI_vende_rete15g
SubitoFarma,979023443,DOAFOLIC 30CPR,1,0.33,10,0,0,0,VALUTA_taglio
SubitoFarma,978981569,"CATIONORM PRO 30F 0,4ML",1,0.33,2,0,3.00,35,SPINGI_vende_rete15g
SubitoFarma,978939938,LAVONASE SIR 20ML IRRIG NASALE,1,0.33,9,0,0,0,VALUTA_taglio
SubitoFarma,978861615,U-LIFE 30 CREMA 50ML,1,0.33,99,0,0,0,VALUTA_taglio
SubitoFarma,978861591,U-LIFE 20 CREMA 100ML,1,0.33,99,0,0,0,VALUTA_taglio
SubitoFarma,978847236,EPAKUR ADVANCED 50CPS,1,0.33,5,0,1.00,10,SPINGI_vende_rete15g
SubitoFarma,978845838,SERENOA 60CPR TERRANATA,1,0.33,1,0,0,1,CARRELLO
SubitoFarma,978595650,"EMODIL 1000 30CPR 1,6G",1,0.33,4,0,0,4,CARRELLO
SubitoFarma,978575393,RUBAXX CANNABIS 10ML,1,0.33,5,1,0,50,CARRELLO
SubitoFarma,978573842,VITAMINA D LIQUIDO 30ML,1,0.33,99,0,0,0,VALUTA_taglio
SubitoFarma,978507224,ECOTONIC 1000 14STICK PACK,1,0.33,2,0,0,4,CARRELLO
SubitoFarma,978476669,VITREOMAX 20BUST,1,0.33,11,0,13.00,0,SPINGI_vende_rete15g
SubitoFarma,978470704,GOOVI MOUSSE DETERGENTE 100ML,1,0.33,3,0,1.00,12,SPINGI_vende_rete15g
SubitoFarma,978470666,GOOVI CREMA VISO P MATURE 50ML,1,0.33,2,0,0,27,CARRELLO
SubitoFarma,978436083,JALURONIUS CREAM 50ML,1,0.33,9,0,1.00,0,SPINGI_vende_rete15g
SubitoFarma,978279976,ORALB ESSENTIALFLOSS FILO CE2P,1,0.33,2,0,0,21,CARRELLO
SubitoFarma,978269153,DERCOS KERASOL SHAMPOO 250ML,1,0.33,10,0,0,0,VALUTA_taglio
SubitoFarma,977705918,UVA URSINA BOIRON EI 60ML,1,0.33,4,0,0,0,VALUTA_taglio
SubitoFarma,977703457,FLORMIDABIL DAILY 10BUST C/STE,1,0.33,9,0,0,18,CARRELLO
SubitoFarma,977702327,ENDOFIT COLON SENS 30CPR GASTR,1,0.33,4,0,0,30,CARRELLO
SubitoFarma,977662042,AVENE CICALFATE+CR RISTRU100ML,1,0.33,13,0,2.00,0,SPINGI_vende_rete15g
SubitoFarma,977658032,"CERAMOL CERAMOL AG  13,1 ML",1,0.33,2,0,0,0,VALUTA_taglio
SubitoFarma,977632001,AVENA SATIVA BOIRON EI 60ML,1,0.33,1,0,0,0,VALUTA_taglio
SubitoFarma,977631389,TOLLAT 30CPS,1,0.33,2,0,0,0,VALUTA_taglio
SubitoFarma,977546249,SCHAR CRACKERS 10X35G,1,0.33,15,0,0,0,VALUTA_taglio
SubitoFarma,977258894,MANGANESE COBALT OLIMENT 200ML,1,0.33,99,0,0,0,VALUTA_taglio
SubitoFarma,977075148,FLAVIS FETTE BISCOTTATE 300G,1,0.33,2,0,0,10,CARRELLO
SubitoFarma,977021260,AMUCHINA 10% SPRAY CUTE 200ML,1,0.33,16,0,0,-15,VALUTA_taglio
SubitoFarma,976997799,NEURAXBIOTIC SPECTRUM 30STICKP,1,0.33,7,0,2.00,20,SPINGI_vende_rete15g
SubitoFarma,976907004,ZENTIVA PROBIOTICO 6MLD 24CPS,1,0.33,6,0,1.00,0,SPINGI_vende_rete15g
SubitoFarma,976835330,NOVABEC 20BUST,1,0.33,1,0,0,67,CARRELLO
SubitoFarma,976828133,SERIPNOL CRONO 28STICK POLVERE,1,0.33,4,0,0,0,VALUTA_taglio
SubitoFarma,976797340,KLAMEXTRA 30BUST,1,0.33,6,0,0,0,VALUTA_taglio
SubitoFarma,976769606,VEMAG SPRAY 30ML,1,0.33,10,0,0,25,CARRELLO
SubitoFarma,976768275,MEPILEX BORDER FLEX 10X10 5PZ,1,0.33,1,1,0,0,VALUTA_taglio
SubitoFarma,976767881,SWISSE SALUTE OSSEA 60CPR,1,0.33,12,0,3.00,0,SPINGI_vende_rete15g
SubitoFarma,976399865,HEDRIN SHAMPOO ANTIPEDICULOSI,1,0.33,3,3,0,0,VALUTA_taglio
SubitoFarma,976338006,TIABLO GARZA OFTAL MON 14PZ,1,0.33,3,0,4.00,31,SPINGI_vende_rete15g
SubitoFarma,976293783,DERMOVITAMINA MICO TRATTA/COL,1,0.33,12,0,0,0,VALUTA_taglio
SubitoFarma,976282006,LIPOSKIN PRO PHARCOS 15F REWCA,1,0.33,2,0,1.00,6,SPINGI_vende_rete15g
SubitoFarma,976278325,FDE GEL PURO ALOE VERA 150ML,1,0.33,5,0,2.00,0,SPINGI_vende_rete15g
SubitoFarma,976209876,CURAPROX CS 5460 ORTHO 1UN,1,0.33,14,0,0,0,VALUTA_taglio
SubitoFarma,976207985,OROBEN GEL ORALE 15ML,1,0.33,99,0,0,0,VALUTA_taglio
SubitoFarma,976206262,CERAMOL MB 30 50ML,1,0.33,6,0,0,0,VALUTA_taglio
SubitoFarma,976204851,SWISSE VITAMINA D 100CPS,1,0.33,11,0,1.00,16,SPINGI_vende_rete15g
SubitoFarma,976203238,NERVATIL 60CPR,1,0.33,3,0,1.00,10,SPINGI_vende_rete15g
SubitoFarma,976041665,OMEGOR VITALITY 500 60CPS,1,0.33,4,0,0,-7,VALUTA_taglio
SubitoFarma,976013449,ZEROGRANO BISCOTTO PANNA/CIOC,1,0.33,3,1,0,14,CARRELLO
SubitoFarma,975995743,AUDISPRAY ULTRA SPRAY 20ML,1,0.33,11,0,3.00,0,SPINGI_vende_rete15g
SubitoFarma,975994942,GINESTILL OVULI 10PZ,1,0.33,2,0,0,13,CARRELLO
SubitoFarma,975986151,TRAMEXAL 30ML BRADERM,1,0.33,4,0,0,0,VALUTA_taglio
SubitoFarma,975984598,VERTIWIN 30CPR,1,0.33,9,0,0,0,VALUTA_taglio
SubitoFarma,975961739,NATURA MIX ADVANCED ENERG 20BU,1,0.33,11,0,1.00,58,SPINGI_vende_rete15g
SubitoFarma,975937715,VEMAG GASTRO 20STICK,1,0.33,3,0,0,0,VALUTA_taglio
SubitoFarma,975908462,SPIRIAL SPRAY REFORMULATION,1,0.33,5,0,0,0,VALUTA_taglio
SubitoFarma,975896426,GIBAUD ORTHO DORSOLOMBOGIB 2,1,0.33,2,0,0,0,VALUTA_taglio
SubitoFarma,975818358,DKE+MAGNESIO SALUGEA 60CPS,1,0.33,7,0,1.00,22,SPINGI_vende_rete15g
SubitoFarma,975699442,PROSTAFLOR 30CPS,1,0.33,6,0,2.00,0,SPINGI_vende_rete15g
SubitoFarma,975585480,GLIALIA SOSPENSIONE ORALE200ML,1,0.33,4,0,0,4,CARRELLO
SubitoFarma,975582038,FDR AMIDO DI RISO 100G,1,0.33,15,0,1.00,0,SPINGI_vende_rete15g
SubitoFarma,975576341,LABELLO SUN PROTECT SPF30,1,0.33,6,1,0,12,CARRELLO
SubitoFarma,975525787,SWISSE DETOX FUNZIONE EPATICA,1,0.33,9,0,0,0,VALUTA_taglio
SubitoFarma,975524238,XIOGLICAN CREMA 50G,1,0.33,4,0,2.00,49,SPINGI_vende_rete15g
SubitoFarma,975514050,BAGNO DI HOFFMANN 300ML,1,0.33,3,0,3.00,0,SPINGI_vende_rete15g
SubitoFarma,975459532,PEGINPOL 20BUST,1,0.33,3,0,0,0,VALUTA_taglio
SubitoFarma,975454430,RASPA PLATINUM,1,0.33,6,0,2.00,0,SPINGI_vende_rete15g
SubitoFarma,975450800,MAYDAY 24BUST 10ML,1,0.33,8,0,2.00,0,SPINGI_vende_rete15g
SubitoFarma,975447475,TOLERIANE SENSITIVE FLUIDO VIS,1,0.33,9,0,1.00,0,SPINGI_vende_rete15g
SubitoFarma,975437625,OMEGOR VITALITY 1000 60CPS MOL,1,0.33,4,0,1.00,7,SPINGI_vende_rete15g
SubitoFarma,975296043,FEMORAL 30SOFTGELS,1,0.33,5,0,7.00,10,SPINGI_vende_rete15g
SubitoFarma,975189198,FLAVIS FRUIT BAR 5X25G,1,0.33,16,0,0,0,VALUTA_taglio
SubitoFarma,975083433,ACTIVE MEMORY SOLETTA BAMBOO38,1,0.33,5,0,0,0,VALUTA_taglio
SubitoFarma,975082482,MAXIMO 30CPR,1,0.33,6,0,0,6,CARRELLO
SubitoFarma,975067657,SEBIACLEAR SERUM 30ML,1,0.33,11,0,1.00,0,SPINGI_vende_rete15g
SubitoFarma,975063381,FLEVADREN 30CPR,1,0.33,1,0,0,19,CARRELLO
SubitoFarma,975054798,RUMMO PENNE RIG N66 CECI/RISO,1,0.33,6,0,0,0,VALUTA_taglio
SubitoFarma,975054608,EUCERIN ANTI-PIGMENT GG SPF30,1,0.33,8,0,4.00,0,SPINGI_vende_rete15g
SubitoFarma,975039266,MACROVYT VITAMINA C 1000 30CPR,1,0.33,2,0,0,0,VALUTA_taglio
SubitoFarma,975027905,MEMORY ACT 50CPR,1,0.33,11,0,0,16,CARRELLO
SubitoFarma,975010253,MELACOL 60CPS,1,0.33,4,0,0,0,VALUTA_taglio
SubitoFarma,974991580,VIAFLOG 200ML,1,0.33,3,0,0,0,VALUTA_taglio
SubitoFarma,974989271,SMART D3 MATRIX GOCCE 15ML,1,0.33,3,1,0,0,VALUTA_taglio
SubitoFarma,974948438,REGACTIVE ESSENTIAL ME 3 30CPS,1,0.33,6,0,0,0,VALUTA_taglio
SubitoFarma,974895702,ERAFER+++ 30BUST,1,0.33,3,0,0,0,VALUTA_taglio
SubitoFarma,974877654,EXCILOR FORTE MICOSI UNGHIA,1,0.33,10,0,3.00,0,SPINGI_vende_rete15g
SubitoFarma,974877300,CRONICIS 30CPR,1,0.33,2,0,0,0,VALUTA_taglio
SubitoFarma,974772980,RECUPERA ENERGY 20BUST,1,0.33,3,0,1.00,0,SPINGI_vende_rete15g
SubitoFarma,974696231,DEFENCE MASK INSTANT HYDRA75ML,1,0.33,3,0,0,0,VALUTA_taglio
SubitoFarma,974657381,BRONCALT RW STRIP 15STRIP 5ML,1,0.33,3,0,2.00,59,SPINGI_vende_rete15g
SubitoFarma,974641944,VITAMINA B12 1000MCG 40CPR,1,0.33,2,0,0,16,CARRELLO
SubitoFarma,974389316,AMADA CONTORNO OCCHI 15ML,1,0.33,2,0,0,12,CARRELLO
SubitoFarma,974382754,DUPROVIT 30CPR,1,0.33,3,0,3.00,0,SPINGI_vende_rete15g
SubitoFarma,974381257,REV IDRAX CONTOUR 15ML,1,0.33,3,0,0,0,VALUTA_taglio
SubitoFarma,974377931,FOLIPED GOCCE 5ML,1,0.33,3,0,0,13,CARRELLO
SubitoFarma,974376131,METEOGAS POLVERE 20STICK ORO,1,0.33,7,0,0,0,VALUTA_taglio
SubitoFarma,974373488,PRUMERIS CREMA IDRAT EMOL400ML,1,0.33,4,0,2.00,0,SPINGI_vende_rete15g
SubitoFarma,974373476,ASABIONIC DET DEPURATIVO 125ML,1,0.33,3,0,0,0,VALUTA_taglio
SubitoFarma,974369542,MICOTIROSOLO 30CPR,1,0.33,1,0,1.00,30,SPINGI_vende_rete15g
SubitoFarma,974109225,CERAVE DETERGENTE IDRAT 88ML,1,0.33,7,0,1.00,0,SPINGI_vende_rete15g
SubitoFarma,974108108,LIPOSURIL GOCCE 50ML,1,0.33,6,0,0,64,CARRELLO
SubitoFarma,974107777,GLUCOSAMINA COMPOSTA VEG 90CPR,1,0.33,4,0,0,0,VALUTA_taglio
SubitoFarma,974097572,RESTIVOIL RINFORZANTE 250ML,1,0.33,99,0,0,0,VALUTA_taglio
SubitoFarma,974059343,PODOVAL UR50 LEVIGANTE 50ML,1,0.33,2,0,0,4,CARRELLO
SubitoFarma,974059329,UMBREX 50 CREMA 50ML,1,0.33,4,0,0,10,CARRELLO
SubitoFarma,974059317,UMBREX 30 CREMA 50ML,1,0.33,6,0,0,28,CARRELLO
SubitoFarma,974058214,SALIPIL SPRAY CANOVA 100ML,1,0.33,5,0,1.00,0,SPINGI_vende_rete15g
SubitoFarma,974058099,REOXALL 100S CREMA CANOVA 50ML,1,0.33,99,0,0,0,VALUTA_taglio
SubitoFarma,974012674,NEOBIANACID 14CPR MASTICABILI,1,0.33,12,0,1.00,0,SPINGI_vende_rete15g
SubitoFarma,973915818,CICAPLAST GEL B5 40ML,1,0.33,15,0,0,0,VALUTA_taglio
SubitoFarma,973908686,PEDIAFORT 1000 8FL 10ML,1,0.33,7,0,10.00,15,SPINGI_vende_rete15g
SubitoFarma,973904271,COLIFAGINA D 12BUST 15ML,1,0.33,7,0,2.00,0,SPINGI_vende_rete15g
SubitoFarma,973732504,ULTRADEX COLLUTORIO ALITO SANO,1,0.33,3,0,0,14,CARRELLO
SubitoFarma,973726538,LIEVITOSOHN ADVANCED 30BUST,1,0.33,12,0,5.00,31,SPINGI_vende_rete15g
SubitoFarma,973662137,FERRO OLIMENTOVIS 200ML,1,0.33,1,0,0,0,VALUTA_taglio
SubitoFarma,973656059,VENOLEN IDROGEL 100ML,1,0.33,11,0,0,23,CARRELLO
SubitoFarma,973652908,CEREBRAIN 12FL 15ML,1,0.33,8,0,5.00,0,SPINGI_vende_rete15g
SubitoFarma,973652199,NEFROPIU' 30CPR,1,0.33,4,0,0,21,CARRELLO
SubitoFarma,973652151,CISTOPIU' 30CPR,1,0.33,6,0,4.00,0,SPINGI_vende_rete15g
SubitoFarma,973623832,NEUROMET 60CPR,1,0.33,6,0,1.00,0,SPINGI_vende_rete15g
SubitoFarma,973603006,TIGERPET SPRAY 300ML,1,0.33,5,0,0,8,CARRELLO
SubitoFarma,973472590,CERAMOL DETERGENTE INTIMO250ML,1,0.33,4,0,1.00,2,SPINGI_vende_rete15g
SubitoFarma,973353016,CLINNIX COLESTEROLO 60CPS,1,0.33,1,0,0,0,VALUTA_taglio
SubitoFarma,973328242,BIOTRANSIT 15STICK 15ML,1,0.33,7,1,5.00,0,SPINGI_vende_rete15g
SubitoFarma,973325780,REPRINAUS 30ML,1,0.33,99,0,0,0,VALUTA_taglio
SubitoFarma,973321906,METACLEAR 30CPR,1,0.33,7,0,0,0,VALUTA_taglio
SubitoFarma,973292954,ACNAID CE SAPONE LIQUIDO 300ML,1,0.33,99,0,0,0,VALUTA_taglio
SubitoFarma,973076223,FANPROST TEVA 30CPS SOFTGEL,1,0.33,10,0,3.00,12,SPINGI_vende_rete15g
SubitoFarma,972767368,FLORENTERO ACT 15ML,1,0.33,5,0,2.00,0,SPINGI_vende_rete15g
SubitoFarma,972596605,SCREEN HIV AUTOTEST INSTI,1,0.33,6,0,1.00,2,SPINGI_vende_rete15g
SubitoFarma,972554000,LENET IDRA CREMA IDRAT 400ML,1,0.33,4,0,4.00,0,SPINGI_vende_rete15g
SubitoFarma,972553996,LENET OIL DETERGENTE 400ML,1,0.33,6,0,4.00,0,SPINGI_vende_rete15g
SubitoFarma,972539872,FLOGOX 30CPS,1,0.33,1,0,0,0,VALUTA_taglio
SubitoFarma,972532651,PEPTIVIS LIMONE 20BUST,1,0.33,9,0,0,0,VALUTA_taglio
SubitoFarma,972515326,PROBIOTIC P-450 24STICK MONOD,1,0.33,2,0,0,21,CARRELLO
SubitoFarma,972495550,PRIOVIT 12 FORTE 36CARAM,1,0.33,6,0,3.00,8,SPINGI_vende_rete15g
SubitoFarma,972471902,BOWELL 14STICK OROSOLUBILI,1,0.33,6,0,0,36,CARRELLO
SubitoFarma,972455036,MACA NERA POLVERE BIO 200G,1,0.33,6,0,0,0,VALUTA_taglio
SubitoFarma,972293169,LEVASTEN 10FL 10ML,1,0.33,2,0,0,17,CARRELLO
SubitoFarma,972269599,ONYCOPHASE K SOLUZ UNGHIE 15ML,1,0.33,6,0,0,0,VALUTA_taglio
SubitoFarma,972260614,RIGEAVIT 30CPR,1,0.33,2,0,1.00,0,SPINGI_vende_rete15g
SubitoFarma,972143147,URINET 30CPR FILMATE,1,0.33,5,0,2.00,33,SPINGI_vende_rete15g
SubitoFarma,972133262,LACRIVET GTT OCUL STRIP 10FL,1,0.33,6,0,1.00,11,SPINGI_vende_rete15g
SubitoFarma,971998416,LINEAGIN MOUSSE 150ML,1,0.33,4,0,0,2,CARRELLO
SubitoFarma,971811308,PRIMO CONFORTO 20ML,1,0.33,1,0,1.00,0,SPINGI_vende_rete15g
SubitoFarma,971804568,PROTOCOL BONE 30BUST,1,0.33,5,0,4.00,9,SPINGI_vende_rete15g
SubitoFarma,971752112,VITA ACT CALCIO+VIT D 60CPR,1,0.33,16,0,1.00,39,SPINGI_vende_rete15g
SubitoFarma,971737566,AXIMAGNESIO 100CPR,1,0.33,18,0,2.00,23,SPINGI_vende_rete15g
SubitoFarma,971735408,NALKEVIT D GOCCE 9ML,1,0.33,4,0,3.00,0,SPINGI_vende_rete15g
SubitoFarma,971695515,EUCERIN UREAREP 10% CREMA PIED,1,0.33,12,0,4.00,28,SPINGI_vende_rete15g
SubitoFarma,971684129,LACRISEK PLUS SPRAY S/CONSERV,1,0.33,5,0,1.00,29,SPINGI_vende_rete15g
SubitoFarma,971655067,BARIEDERM UNGUENTO 40G,1,0.33,7,0,0,0,VALUTA_taglio
SubitoFarma,971650801,VIAFLOG 1000MG 30CPR,1,0.33,2,0,0,8,CARRELLO
SubitoFarma,971635089,OLIO DI COCCO BIO 500ML,1,0.33,4,0,0,0,VALUTA_taglio
SubitoFarma,971621937,ACQUA ALLE ROSE TONICO CL300ML,1,0.33,9,0,2.00,12,SPINGI_vende_rete15g
SubitoFarma,971485901,ANGSTROM PROT CREMA SOL SPF15,1,0.33,4,0,0,0,VALUTA_taglio
SubitoFarma,971377559,BASE LAVANTE 273 300ML,1,0.33,4,0,0,0,VALUTA_taglio
SubitoFarma,971373941,ICROSS GEL 8ML,1,0.33,6,0,0,27,CARRELLO
SubitoFarma,971373182,ANSIOTEN OROSOLUBILE 30CPR,1,0.33,4,0,3.00,10,SPINGI_vende_rete15g
SubitoFarma,971337403,DOLAREN EMULGEL 200ML,1,0.33,99,0,0,0,VALUTA_taglio
SubitoFarma,971333620,ERITROSE CREMA 50ML,1,0.33,3,0,0,0,VALUTA_taglio
SubitoFarma,971302005,FLOXEA GEL VAGINALE 6 APPLIC,1,0.33,2,0,0,0,VALUTA_taglio
SubitoFarma,971299944,PERIO AID INTENSIVE CARE GEL,1,0.33,2,0,0,0,VALUTA_taglio
SubitoFarma,971272531,BARIEDERM CREMA MANI 50ML,1,0.33,10,0,0,16,CARRELLO
SubitoFarma,971262860,TIONEURAL RETARD 30CPR,1,0.33,5,0,3.00,42,SPINGI_vende_rete15g
SubitoFarma,971197532,ENTONORM SOLUZIONE ORALE 200ML,1,0.33,3,0,2.00,0,SPINGI_vende_rete15g
SubitoFarma,971188065,DERMAFFINE PSO CREMA 450ML,1,0.33,4,0,2.00,88,SPINGI_vende_rete15g
SubitoFarma,971127319,VASOSTAR DRENA 300ML,1,0.33,3,0,0,14,CARRELLO
SubitoFarma,971115439,METASTUDENT 60CPR,1,0.33,8,0,0,13,CARRELLO
SubitoFarma,971114590,PILOSELLA ESTRATTO INTEGR200ML,1,0.33,99,0,0,0,VALUTA_taglio
SubitoFarma,971093671,FLAVIA 30CPS MOLLI,1,0.33,3,0,0,32,CARRELLO
SubitoFarma,971052042,SANISPIRA ALLERGIA NAS L 10PZ,1,0.33,7,0,0,0,VALUTA_taglio
SubitoFarma,971010653,BIO ESSENZE ALLUME POTASSIO SP,1,0.33,3,0,0,0,VALUTA_taglio
SubitoFarma,970982892,MELISSA ESTRATTO INTEGR 200ML,1,0.33,9,0,1.00,0,SPINGI_vende_rete15g
SubitoFarma,970936403,REPLANA ANTIAGE 50ML,1,0.33,2,0,0,0,VALUTA_taglio
SubitoFarma,970795175,RENAL N 70G,1,0.33,5,0,0,0,VALUTA_taglio
SubitoFarma,970726574,MIRRA ESTRATTO INTEGRALE 200ML,1,0.33,4,0,0,20,CARRELLO
SubitoFarma,970712939,OSTEO GHEOS FUNZIONALE 180CPR,1,0.33,2,0,1.00,35,SPINGI_vende_rete15g
SubitoFarma,970525705,SANISPIRA ALLERGIA NAS S 10PZ,1,0.33,2,0,0,0,VALUTA_taglio
SubitoFarma,970503114,TIAGIN FAST 10CPS VAGINALI SOF,1,0.33,5,0,1.00,9,SPINGI_vende_rete15g
SubitoFarma,970487219,LEUKOPLAST ELASTIC 1MX6CM,1,0.33,1,0,0,16,CARRELLO
SubitoFarma,970452049,VITAMINA D 2000 UI 168CPR MAST,1,0.33,13,0,3.00,61,SPINGI_vende_rete15g
SubitoFarma,970444877,VELVET SOFT RICAR ROLL EX ESFO,1,0.33,99,0,0,0,VALUTA_taglio
SubitoFarma,970432795,RUMMO LINGUINE N13 RISO I/MAIS,1,0.33,7,0,8.00,0,SPINGI_vende_rete15g
SubitoFarma,970375945,EPATOSTAR FORTE 20CPR RIVEST,1,0.33,6,0,0,24,CARRELLO
SubitoFarma,970336400,SUNNERSKIN 40ML,1,0.33,9,0,0,0,VALUTA_taglio
SubitoFarma,970326841,CISTAVIT 30CPS,1,0.33,4,0,3.00,0,SPINGI_vende_rete15g
SubitoFarma,970304628,PANCIA PIATTA ACT 30CPS,1,0.33,13,0,0,17,CARRELLO
SubitoFarma,970287924,GLUCOMANNANO COMP 180PAST,1,0.33,5,0,0,73,CARRELLO
SubitoFarma,970283964,PROVISION PIERPAOLI 60CPR,1,0.33,99,0,0,0,VALUTA_taglio
SubitoFarma,970283952,MELATONINA ZN-S PIERPAOLI60CPR,1,0.33,6,0,8.00,0,SPINGI_vende_rete15g
SubitoFarma,970224313,AUXILIE IMMUPLUS J SOLU30STICK,1,0.33,4,0,0,0,VALUTA_taglio
SubitoFarma,970176513,BIATAIN SIL LITE ADES 5X5CM,1,0.33,99,0,0,0,VALUTA_taglio
SubitoFarma,970175598,SERBLEND 60CPR,1,0.33,12,0,0,10,CARRELLO
SubitoFarma,952055186,PROVITREO 30BUST,1,0.33,6,0,1.00,0,SPINGI_vende_rete15g
SubitoFarma,952050932,UTIPROF FORTE 14BUST,1,0.33,1,1,0,0,VALUTA_taglio
SubitoFarma,951998968,DICOELLE REPAIR 10OV,1,0.33,19,0,6.00,33,SPINGI_vende_rete15g
SubitoFarma,951992433,ARKOSLIM EXPERT 270G,1,0.33,7,0,0,28,CARRELLO
SubitoFarma,951868470,VILLISED 30CPS,1,0.33,4,0,4.00,24,SPINGI_vende_rete15g
SubitoFarma,951864774,MIOCARE 20BUST,1,0.33,3,0,0,0,VALUTA_taglio
SubitoFarma,951692654,BUTIDEP CAPSULE,1,0.33,3,0,3.00,0,SPINGI_vende_rete15g
SubitoFarma,951507425,ESENTA STOMAHESIVE PASTA 60G,1,0.33,99,0,0,0,VALUTA_taglio
SubitoFarma,951506043,STOMEK SOSPENSIONE 30STICK,1,0.33,7,0,0,0,VALUTA_taglio
SubitoFarma,951501408,ADCMYFOLIC 30CPR,1,0.33,8,0,4.00,44,SPINGI_vende_rete15g
SubitoFarma,951484625,NEUROTRIX ALA 14BUST,1,0.33,1,0,0,13,CARRELLO
SubitoFarma,951468711,PELVIXAN 12SUPP,1,0.33,1,0,0,15,CARRELLO
SubitoFarma,951459243,COLOBUTIR 30CPS GASTRORESISTEN,1,0.33,2,0,0,27,CARRELLO
SubitoFarma,951457629,ERITRIL PRO 20CPS,1,0.33,7,0,0,0,VALUTA_taglio
SubitoFarma,951378506,VITA C MASTICABILE 90CPR MAST,1,0.33,13,0,0,7,CARRELLO
SubitoFarma,951375601,LINFOBACTER 30CPR,1,0.33,99,0,0,0,VALUTA_taglio
SubitoFarma,951367174,COBAFOL+ 30CPR,1,0.33,1,0,0,68,CARRELLO
SubitoFarma,951366778,DICOFLOR GOCCE 6ML,1,0.33,12,0,2.00,56,SPINGI_vende_rete15g
SubitoFarma,951340557,FISSAN LA PASTA A/PROT 150G NF,1,0.33,10,2,7.00,4,SPINGI_vende_rete15g
SubitoFarma,951337866,MIOAPP 20BUST,1,0.33,7,0,0,0,VALUTA_taglio
SubitoFarma,951316746,REFLUXSAN STICK 20BUST MONOD,1,0.33,99,0,0,4,CARRELLO
SubitoFarma,951268768,QUIXX DELICATE SOL IRRIG NAS,1,0.33,2,0,6.00,0,SPINGI_vende_rete15g
SubitoFarma,951241900,GLICEM STOP COMPLETE 60CPS,1,0.33,12,0,2.00,0,SPINGI_vende_rete15g
SubitoFarma,951209978,ECUNERV PEA 30CPR,1,0.33,2,0,4.00,4,SPINGI_vende_rete15g
SubitoFarma,951176243,PLAS SONNO 20STICK PACK,1,0.33,99,0,0,0,VALUTA_taglio
SubitoFarma,951038746,KROMIA FB LIPOSOMIALE 15ML,1,0.33,2,0,5.00,0,SPINGI_vende_rete15g
SubitoFarma,951036161,ESIFAL PLUS 20STICK 15ML,1,0.33,3,0,6.00,5,SPINGI_vende_rete15g
SubitoFarma,950990150,REGOLART 30CPR,1,0.33,7,0,2.00,0,SPINGI_vende_rete15g
SubitoFarma,950980856,ESI ARTIGLIO DIAVOLO GEL 100ML,1,0.33,7,0,0,0,VALUTA_taglio
SubitoFarma,950945461,DEFENCE ANAGENIX K INT AL60CPS,1,0.33,3,0,0,0,VALUTA_taglio
SubitoFarma,950944773,TENDINART TRIACT 20BUST,1,0.33,2,0,4.00,14,SPINGI_vende_rete15g
SubitoFarma,950909871,CROTAMITON PLUS 10% + 5% LOZ,1,0.33,10,0,2.00,0,SPINGI_vende_rete15g
SubitoFarma,950849885,TIOBEC 40CPR,1,0.33,2,0,0,0,VALUTA_taglio
SubitoFarma,950837195,KIJIMEA K53 ADVANCE 10CPS,1,0.33,13,0,1.00,0,SPINGI_vende_rete15g
SubitoFarma,950836205,MAVOSTEN MAGNESIO 60CPS,1,0.33,5,2,0,5,CARRELLO
SubitoFarma,950836181,LIOFERRINA 30ML,1,0.33,4,0,1.00,0,SPINGI_vende_rete15g
SubitoFarma,950835518,SARGENOR 20F 5ML NF,1,0.33,1,28,0,25,CARRELLO
SubitoFarma,950612349,FAVE DI FUCA CLASSICO 90CPR,1,0.33,11,0,5.00,0,SPINGI_vende_rete15g
SubitoFarma,950612034,DEFLUX FAST 30CPR MASTIC,1,0.33,5,0,0,27,CARRELLO
SubitoFarma,950497368,IALARTI 20CPS,1,0.33,2,0,0,0,VALUTA_taglio
SubitoFarma,950454393,NEUDIFENEX 20BUST,1,0.33,4,0,16.00,28,SPINGI_vende_rete15g
SubitoFarma,950454381,NACARNEX 20BUST,1,0.33,2,0,5.00,25,SPINGI_vende_rete15g
SubitoFarma,950406898,DR FILLERMAST SPRAY 50+ 100ML,1,0.33,3,0,0,0,VALUTA_taglio
SubitoFarma,950406607,GUARIGOL BACT SPRAY 20ML,1,0.33,99,0,0,0,VALUTA_taglio
SubitoFarma,950305591,MAVOSTEN GEL 120ML,1,0.33,2,0,0,31,CARRELLO
SubitoFarma,950304117,PODOKER 40 GEL 40ML,1,0.33,7,2,4.00,0,SPINGI_vende_rete15g
SubitoFarma,950276737,GIBAUD ORTHO CORS LOMB ACT V 4,1,0.33,5,0,1.00,0,SPINGI_vende_rete15g
SubitoFarma,950231504,ISIDE FEMME 7OVULI VAGINALI,1,0.33,2,0,0,25,CARRELLO
SubitoFarma,950221818,KUKIDENT PLUS MORSO INSUPERAB,1,0.33,7,74,3.00,8,SPINGI_vende_rete15g
SubitoFarma,950125839,SUPERALA CARNITINE FORTE14BUST,1,0.33,3,0,2.00,20,SPINGI_vende_rete15g
SubitoFarma,950125791,MEGAN 1000 60SOFTGEL,1,0.33,2,0,0,35,CARRELLO
SubitoFarma,950063279,OTOCIT 30STICKPACK,1,0.33,4,1,3.00,0,SPINGI_vende_rete15g
SubitoFarma,950028593,STITICOL 20BUST 20ML,1,0.33,6,0,1.00,0,SPINGI_vende_rete15g
SubitoFarma,950007296,ENDOCOL 30CPR,1,0.33,1,0,0,9,CARRELLO
SubitoFarma,949993479,RALAVIS 30CPR,1,0.33,3,0,1.00,0,SPINGI_vende_rete15g
SubitoFarma,949973503,DIABEC 60CPS MOLLI,1,0.33,6,0,18.00,72,SPINGI_vende_rete15g
SubitoFarma,949918217,REBIOGER GEL VAGINALE 6APPL,1,0.33,4,0,5.00,10,SPINGI_vende_rete15g
SubitoFarma,949887032,UTILEN 14BUST,1,0.33,3,0,8.00,18,SPINGI_vende_rete15g
SubitoFarma,949879062,KARDINAL PEA 14BUST,1,0.33,3,0,2.00,1,SPINGI_vende_rete15g
SubitoFarma,949869349,MACULVIST 20CPR RIVESTITE,1,0.33,2,0,5.00,36,SPINGI_vende_rete15g
SubitoFarma,949865859,EUTROPHIC 20STICK OROSOLUBILI,1,0.33,1,0,0,50,CARRELLO
SubitoFarma,949862407,NEDEMAX 60CPR,1,0.33,4,0,1.00,15,SPINGI_vende_rete15g
SubitoFarma,949535900,PROLIFE 10 FORTE 20CPS,1,0.33,13,0,4.00,76,SPINGI_vende_rete15g
SubitoFarma,949514867,LEVUDIN DETERGENTE INTIMO150ML,1,0.33,2,0,0,14,CARRELLO
SubitoFarma,949506873,DIXY HAIR 30CPS,1,0.33,3,0,0,0,VALUTA_taglio
SubitoFarma,949505073,LARIMUCIL FLUIDIFIC 600 10BUST,1,0.33,99,0,0,0,VALUTA_taglio
SubitoFarma,949426504,ASTENALT 30F 25ML,1,0.33,7,0,8.00,33,SPINGI_vende_rete15g
SubitoFarma,948242247,PROBINUL 5 OROSOLUBILE 12STICK,1,0.33,4,0,2.00,0,SPINGI_vende_rete15g
SubitoFarma,948133638,SYNOSTEA 20STICK PACK,1,0.33,5,0,24.00,15,SPINGI_vende_rete15g
SubitoFarma,947485746,CARDIOLIPID 10 PLUS 30CPR,1,0.33,6,0,11.00,80,SPINGI_vende_rete15g
SubitoFarma,947480719,SYALOX 150 30CPS,1,0.33,2,0,0,0,VALUTA_taglio
SubitoFarma,947432389,ZETA COLEST 30CPS,1,0.33,13,1,7.00,17,SPINGI_vende_rete15g
SubitoFarma,947418846,AMINO TAURINA 500 50CPS VEG,1,0.33,2,0,3.00,18,SPINGI_vende_rete15g
SubitoFarma,947389779,EVOTEARS OMEGA COLLIRIO OFT,1,0.33,7,0,2.00,26,SPINGI_vende_rete15g
SubitoFarma,947387229,AUDIFRIX GOCCE AURICOLARI100ML,1,0.33,2,0,0,0,VALUTA_taglio
SubitoFarma,947383752,FLUGENIL LACT ORAL 15CPS,1,0.33,10,0,0,0,VALUTA_taglio
SubitoFarma,947323832,FLEBOMIX MICROCIRCOLO 30CPR,1,0.33,5,0,0,0,VALUTA_taglio
SubitoFarma,947281085,MULTIQUIET BALANCE 240ML,1,0.33,5,0,2.00,39,SPINGI_vende_rete15g
SubitoFarma,947256804,FUSION WATER COLOR LIGHT 50ML,1,0.33,5,1,0,6,CARRELLO
SubitoFarma,947241016,DER-MYC ROSA DETERGENTE INTIMO,1,0.33,2,0,0,24,CARRELLO
SubitoFarma,947240976,DER-MYC DETERGENTE 400ML,1,0.33,8,0,4.00,-2,SPINGI_vende_rete15g
SubitoFarma,947237653,DERMOLIVO GEL VAGINALE 5FX3ML,1,0.33,3,0,0,0,VALUTA_taglio
SubitoFarma,947228173,MIRLIFLOG 20CPR NF,1,0.33,3,0,3.00,0,SPINGI_vende_rete15g
SubitoFarma,947225393,LONGLIFE KLAMATH BIO 60CPS VEG,1,0.33,2,0,0,0,VALUTA_taglio
SubitoFarma,947213157,ST23 SERUM 18ML,1,0.33,3,1,0,12,CARRELLO
SubitoFarma,947194585,BROMEX HD 20CPR,1,0.33,3,0,0,12,CARRELLO
SubitoFarma,947159481,SODIO BICARBONATO ALIM 30CPR,1,0.33,7,0,0,0,VALUTA_taglio
SubitoFarma,947125124,GINKGO BILOBA 60 60VEGICPS,1,0.33,3,0,0,0,VALUTA_taglio
SubitoFarma,947116644,MELLIS BIO SHAMPOO 400ML,1,0.33,7,0,2.00,46,SPINGI_vende_rete15g
SubitoFarma,947116529,MISTICK CEROTTI CITRONELLA30PZ,1,0.33,99,0,0,0,VALUTA_taglio
SubitoFarma,947101061,AGPEG ESSE 400G,1,0.33,5,0,5.00,0,SPINGI_vende_rete15g
SubitoFarma,947091245,DEFLUX BIMBO 150ML,1,0.33,3,0,0,-21,VALUTA_taglio
SubitoFarma,947090698,BUONERBE LIBERA POLVERE 100G,1,0.33,9,0,0,0,VALUTA_taglio
SubitoFarma,947090674,ANDROPANT PLUS 30CPR,1,0.33,99,0,0,0,VALUTA_taglio
SubitoFarma,947074023,RILASTIL SUN SYS BB SPR SPF50+,1,0.33,6,17,3.00,8,SPINGI_vende_rete15g
SubitoFarma,947050858,FLAVONIL 600 30CPR,1,0.33,4,0,4.00,22,SPINGI_vende_rete15g
SubitoFarma,947022238,SAMEVID INT 20CPR,1,0.33,5,0,2.00,4,SPINGI_vende_rete15g
SubitoFarma,947022051,OSTEO SUPPLEMENT 120TAV,1,0.33,5,0,0,47,CARRELLO
SubitoFarma,946449954,NATURAL VITA D3 100PRL,1,0.33,7,0,0,24,CARRELLO
SubitoFarma,946433075,RETIZIN ANGIO 28CPR GASTRORES,1,0.33,6,0,3.00,-1,SPINGI_vende_rete15g
SubitoFarma,945356499,VITADEP OSTEO 30STICK,1,0.33,1,0,0,0,VALUTA_taglio
SubitoFarma,945293443,GENIROSE PLUS 60TAV,1,0.33,5,0,1.00,0,SPINGI_vende_rete15g
SubitoFarma,945238448,MIDACOLINA 30BUST,1,0.33,1,0,0,34,CARRELLO
SubitoFarma,945140147,EUPH COLORPRO XD 507 CAST,1,0.33,9,0,0,0,VALUTA_taglio
SubitoFarma,945098325,REUTERAL PET CANE 30CPS,1,0.33,12,0,9.00,102,SPINGI_vende_rete15g
SubitoFarma,945085177,PRIMULA 30PRL SOFTGEL,1,0.33,2,0,2.00,0,SPINGI_vende_rete15g
SubitoFarma,945030652,EMOGLOFER 30CPS,1,0.33,2,0,1.00,0,SPINGI_vende_rete15g
SubitoFarma,945026615,PROMENSIL ADVANCE 30CPR,1,0.33,2,0,0,0,VALUTA_taglio
SubitoFarma,944905278,VITACALM BUON RELAX GOCCE 50ML,1,0.33,4,0,6.00,0,SPINGI_vende_rete15g
SubitoFarma,944905153,UMORPLUS 20CPR,1,0.33,6,0,22.00,29,SPINGI_vende_rete15g
SubitoFarma,944881580,SPIRULINA 80CPS VEG,1,0.33,99,0,0,0,VALUTA_taglio
SubitoFarma,944876693,POLIVIT IMMUNO MATRIX 10FL,1,0.33,99,0,0,0,VALUTA_taglio
SubitoFarma,944873759,EMORTROFINE H GEL PROCTOLOGICO,1,0.33,6,0,2.00,0,SPINGI_vende_rete15g
SubitoFarma,944839998,MICOSTOP 30CPR,1,0.33,3,0,0,7,CARRELLO
SubitoFarma,944786983,PSYLLOGEL GONFIORE PESCA10BUST,1,0.33,14,0,1.00,31,SPINGI_vende_rete15g
SubitoFarma,944779091,EUPH SMALTO SEMI+TL F SP02,1,0.33,5,0,0,0,VALUTA_taglio
SubitoFarma,944654639,AGPEG OS MACROGOL 3350 480ML,1,0.33,5,0,2.00,10,SPINGI_vende_rete15g
SubitoFarma,944596600,SAVEL HYDRA BIOS 60ML,1,0.33,5,0,0,31,CARRELLO
SubitoFarma,944441258,PEGASO STOP 60CPS,1,0.33,5,0,0,30,CARRELLO
SubitoFarma,944424288,OXIMIX D3K2 60CPS,1,0.33,4,0,0,0,VALUTA_taglio
SubitoFarma,944324209,PREFOLIC MAMMA 30CPR,1,0.33,10,0,4.00,14,SPINGI_vende_rete15g
SubitoFarma,944290473,LONGLIFE GINKGO FORTE 60TAV,1,0.33,4,0,2.00,7,SPINGI_vende_rete15g
SubitoFarma,944282324,SAUGELLA INTIMO&CORPO 500ML,1,0.33,13,0,5.00,6,SPINGI_vende_rete15g
SubitoFarma,944260544,BIODELTA ENERGIA 20BUST,1,0.33,2,0,0,0,VALUTA_taglio
SubitoFarma,944252004,INOSAVANCE 30BUST,1,0.33,1,0,0,0,VALUTA_taglio
SubitoFarma,944249059,OCUDOX SOL PERIOCULARE 60ML,1,0.33,99,0,0,0,VALUTA_taglio
SubitoFarma,944183209,CONAN CREMA PROCTOLOGICA 30G,1,0.33,4,0,2.00,24,SPINGI_vende_rete15g
SubitoFarma,944136302,PROTECTIN 30CPR 850MG,1,0.33,3,0,1.00,28,SPINGI_vende_rete15g
SubitoFarma,944118710,MD-TISSUE 5FL INIETTABILI 2ML,1,0.33,2,0,1.00,11,SPINGI_vende_rete15g
SubitoFarma,944087232,LOGUSGYN OVULI VAGINALI 10PZ,1,0.33,2,0,1.00,9,SPINGI_vende_rete15g
SubitoFarma,944028859,SONNORIL SPRAY ORALE 15ML,1,0.33,3,0,1.00,0,SPINGI_vende_rete15g
SubitoFarma,944023100,FOTOPROTECTOR PED TRASP SPRAY,1,0.33,1,0,0,35,CARRELLO
SubitoFarma,944007879,DISMICHEL CREMA 50ML,1,0.33,2,0,0,0,VALUTA_taglio
SubitoFarma,943942452,TANNIDIN PLUS 30CPR MAST,1,0.33,4,0,6.00,93,SPINGI_vende_rete15g
SubitoFarma,943941613,PROBIOBASE 20CPS,1,0.33,7,0,0,28,CARRELLO
SubitoFarma,943911949,BLEFOX 50ML,1,0.33,5,0,0,12,CARRELLO
SubitoFarma,943908929,OZOGIN HYDRA OVULI VAG 8PZ,1,0.33,7,0,4.00,0,SPINGI_vende_rete15g
SubitoFarma,943891592,BUONERBE FORTE SCIR 180ML,1,0.33,9,0,6.00,19,SPINGI_vende_rete15g
SubitoFarma,943818435,TROFO 5 POLVERE PROMO 50G,1,0.33,1,0,0,27,CARRELLO
SubitoFarma,943809653,CASPONGIL 30CPR DIVISIBILI,1,0.33,5,0,1.00,2,SPINGI_vende_rete15g
SubitoFarma,943773236,BROMESAN MONO 10BUST,1,0.33,3,0,3.00,26,SPINGI_vende_rete15g
SubitoFarma,943731366,UTICOMBO GEL 50ML,1,0.33,3,0,0,0,VALUTA_taglio
SubitoFarma,943513681,ROSACURE INTENSIVE TEINT DORE',1,0.33,3,0,2.00,0,SPINGI_vende_rete15g
SubitoFarma,943513642,ROSACURE CLEANSING MILK 200ML,1,0.33,1,0,0,0,VALUTA_taglio
SubitoFarma,943384887,MULTINUTRIENT 30TAV,1,0.33,10,0,0,-8,VALUTA_taglio
SubitoFarma,943376549,PINEAL TENS FORTE 14BUST NF,1,0.33,1,0,0,112,CARRELLO
SubitoFarma,943360166,NEOXENE AB 300 LAVANDA VAG 5FL,1,0.33,99,0,0,0,VALUTA_taglio
SubitoFarma,943353971,MESAFAG 30CPR,1,0.33,4,0,2.00,0,SPINGI_vende_rete15g
SubitoFarma,943330353,MASSIGEN VITAMINA D 2000 UI,1,0.33,13,0,5.00,85,SPINGI_vende_rete15g
SubitoFarma,943320287,DONNA 45 BORO CAL MAG 100TAV,1,0.33,4,0,2.00,13,SPINGI_vende_rete15g
SubitoFarma,943317572,ENERPLUS REINTEGRA 20BUST,1,0.33,7,0,3.00,9,SPINGI_vende_rete15g
SubitoFarma,943313611,EUDIAMET 40:1 30BUST,1,0.33,7,0,2.00,36,SPINGI_vende_rete15g
SubitoFarma,943303949,DIVERTIKUR DOLORE 30CPR,1,0.33,5,0,0,0,VALUTA_taglio
SubitoFarma,943302772,MACUPREV 20BUST,1,0.33,2,0,0,0,VALUTA_taglio
SubitoFarma,943287452,BIOKAP B BIO SHAMPOO DOCCIA,1,0.33,99,0,0,0,VALUTA_taglio
SubitoFarma,943285205,GLUTIOX 30CPR GASTRORESISTENTI,1,0.33,6,0,0,7,CARRELLO
SubitoFarma,943257713,NOVA ENERGY+ 24BUST,1,0.33,7,1,0,24,CARRELLO
SubitoFarma,943249209,ANEVRIL RETARD 30CPR,1,0.33,4,0,0,0,VALUTA_taglio
SubitoFarma,943227381,OZODROP IVT LIPOZONEYE SOL15PZ,1,0.33,99,0,0,3,CARRELLO
SubitoFarma,943129458,VISUEVO SOLUZIONE OFT 10ML,1,0.33,4,0,4.00,23,SPINGI_vende_rete15g
SubitoFarma,943101067,LARIMUCIL TOSSE GOLA 12BUST,1,0.33,99,0,0,0,VALUTA_taglio
SubitoFarma,943083218,YPSODOL 30CPR RIVESTITE,1,0.33,4,0,3.00,0,SPINGI_vende_rete15g
SubitoFarma,943082154,FITORODIOLA 60CPS,1,0.33,9,0,0,22,CARRELLO
SubitoFarma,943072583,GLICOLIP 120CPR,1,0.33,7,0,0,0,VALUTA_taglio
SubitoFarma,943066151,CISTIX BIOTIC 7BUST,1,0.33,2,0,7.00,53,SPINGI_vende_rete15g
SubitoFarma,943008577,"SUPARTZ SIR INTRA-ART 2,5ML 3P",1,0.33,12,0,0,0,VALUTA_taglio
SubitoFarma,942981299,NEVRIDOL 300 30CPR,1,0.33,4,0,0,11,CARRELLO
SubitoFarma,942978053,RECURYC POLV 14BUST,1,0.33,3,0,0,0,VALUTA_taglio
SubitoFarma,942968088,DOLPEASIN 600 20CPR RIVESTITE,1,0.33,4,0,2.00,0,SPINGI_vende_rete15g
SubitoFarma,942943109,ARTROGEN ADVANCE 20BUST 10G,1,0.33,8,0,3.00,24,SPINGI_vende_rete15g
SubitoFarma,942943073,MASSIGEN DOCCIASH ANTIFUNGINO,1,0.33,99,0,0,0,VALUTA_taglio
SubitoFarma,942937956,EUPH SH CAPELLI SOTT 250ML,1,0.33,7,0,0,0,VALUTA_taglio
SubitoFarma,942891615,REGENERA LENTE TERAP CORNEALE,1,0.33,2,0,1.00,0,SPINGI_vende_rete15g
SubitoFarma,942873504,NEVRIDOL 800 20CPR,1,0.33,99,0,0,0,VALUTA_taglio
SubitoFarma,942845607,LIVEDREN CREMA 200ML,1,0.33,12,0,8.00,14,SPINGI_vende_rete15g
SubitoFarma,942845557,DIOSMIR 500 30CPR,1,0.33,2,0,4.00,0,SPINGI_vende_rete15g
SubitoFarma,942804295,IMMUNODROP SAKEI SOLUZIONE OFT,1,0.33,2,0,0,0,VALUTA_taglio
SubitoFarma,942802378,PRICARNIL 60CPS,1,0.33,2,1,1.00,0,SPINGI_vende_rete15g
SubitoFarma,942732557,VITI GEL ARNICA COMPOSTA 100ML,1,0.33,4,0,2.00,52,SPINGI_vende_rete15g
SubitoFarma,942639042,NEVRIDOL 600 30CPR,1,0.33,99,0,0,6,CARRELLO
SubitoFarma,942602956,UREADIN LOTION 10 400ML,1,0.33,4,0,3.00,0,SPINGI_vende_rete15g
SubitoFarma,942602665,MGK VIS ORANGE 30BUST,1,0.33,8,0,9.00,51,SPINGI_vende_rete15g
SubitoFarma,942584929,ARNICA POMATA BIO 50ML,1,0.33,2,0,0,1,CARRELLO
SubitoFarma,942584032,KERA' K1 CREMA TRATTAMENTO50ML,1,0.33,6,0,0,7,CARRELLO
SubitoFarma,942578461,MICOSTOP EMULSIONE 125ML,1,0.33,2,0,1.00,0,SPINGI_vende_rete15g
SubitoFarma,942483239,MELATONINA SUPERIOR 30CPR,1,0.33,2,0,1.00,9,SPINGI_vende_rete15g
SubitoFarma,942459811,EVOTEARS COLLIRIO 3ML,1,0.33,8,0,0,42,CARRELLO
SubitoFarma,942411265,EUSERPINA SMAGLIATURE 250ML,1,0.33,4,0,1.00,0,SPINGI_vende_rete15g
SubitoFarma,942304371,PERIDO NATURAL GOCCE 30ML NF,1,0.33,2,0,5.00,13,SPINGI_vende_rete15g
SubitoFarma,942297159,CITIZIN 20BUST DA 15ML,1,0.33,7,0,0,0,VALUTA_taglio
SubitoFarma,942282359,SIDERAL GOCCE FORTE 30ML,1,0.33,7,0,2.00,11,SPINGI_vende_rete15g
SubitoFarma,942263613,FASTCAP SHAMPOO CAP GRAS/FORF,1,0.33,3,0,0,3,CARRELLO
SubitoFarma,942258854,CLEAN KILL EXTRA MICRO FAST,1,0.33,3,0,0,2,CARRELLO
SubitoFarma,942211057,GAIAVIT 20BUST,1,0.33,99,0,0,0,VALUTA_taglio
SubitoFarma,942166366,MAYAFER 30 COMPLEX 30CPS,1,0.33,4,0,3.00,0,SPINGI_vende_rete15g
SubitoFarma,942138886,DICODRAL LIQUIDO 4X200ML,1,0.33,8,0,0,0,VALUTA_taglio
SubitoFarma,942130105,SCABIACID COSMETIC DETERGENTE,1,0.33,3,0,1.00,0,SPINGI_vende_rete15g
SubitoFarma,942056452,SINCROREM PLUS GOCCE 15ML,1,0.33,12,0,0,7,CARRELLO
SubitoFarma,942003207,FERCFOL NEW GOCCE 20ML,1,0.33,2,0,3.00,0,SPINGI_vende_rete15g
SubitoFarma,941871651,BLEFARETTE SENSITIVE SALV 20PZ,1,0.33,4,0,1.00,9,SPINGI_vende_rete15g
SubitoFarma,941840011,FUNGICIDA PET SCHIUMA 150ML,1,0.33,2,0,0,0,VALUTA_taglio
SubitoFarma,941800524,VITACALM MELATONINA 120CPR,1,0.33,4,0,0,5,CARRELLO
SubitoFarma,941771141,MICRONORM SCRUB VISO-CORPO,1,0.33,4,0,0,0,VALUTA_taglio
SubitoFarma,941695456,PEAPROSTIL 600 16STICK PACK OR,1,0.33,5,0,2.00,66,SPINGI_vende_rete15g
SubitoFarma,941617449,QUADRIFOL 30CPR OROSOLUBILI,1,0.33,7,0,0,0,VALUTA_taglio
SubitoFarma,941516647,AMBLICOL 15FL 10ML,1,0.33,1,0,2.00,9,SPINGI_vende_rete15g
SubitoFarma,941318558,YALOCELL 40CPS,1,0.33,5,0,0,11,CARRELLO
SubitoFarma,941181911,UV OFTAL SOL OFT LUB FOTOP10ML,1,0.33,6,0,3.00,0,SPINGI_vende_rete15g
SubitoFarma,941166769,VENAFLUX VITI CREMA GEL 150ML,1,0.33,99,0,0,0,VALUTA_taglio
SubitoFarma,941166365,NOVA MGKB 30BUST,1,0.33,6,0,0,12,CARRELLO
SubitoFarma,941113300,VENAPLUS 30CPR,1,0.33,6,0,0,0,VALUTA_taglio
SubitoFarma,941066286,CISTEXX SHEDIR 14BUST,1,0.33,5,0,2.00,0,SPINGI_vende_rete15g
SubitoFarma,940989433,LONGLIFE GLUCOSAMINE S 100CPS,1,0.33,99,0,0,0,VALUTA_taglio
SubitoFarma,940941937,FPR CREMA RICOMP A/AGE 50ML,1,0.33,1,3,0,13,CARRELLO
SubitoFarma,940742911,DERMOVITAMINA RAGADI NA/LA VAS,1,0.33,12,0,0,0,VALUTA_taglio
SubitoFarma,940558289,PELVIPEA 40CPS,1,0.33,7,0,6.00,3,SPINGI_vende_rete15g
SubitoFarma,940557958,GOLDEN GABA 50CPS VEG,1,0.33,3,0,2.00,29,SPINGI_vende_rete15g
SubitoFarma,940539188,FERTILEN PRO 30CPS,1,0.33,9,0,2.00,7,SPINGI_vende_rete15g
SubitoFarma,940524186,POLIDAL 75 20CPR,1,0.33,8,0,2.00,4,SPINGI_vende_rete15g
SubitoFarma,940472071,"BIOKAP NUTRIC DEL RAP 7,0 BIO",1,0.33,1,0,0,0,VALUTA_taglio
SubitoFarma,940471980,"BIOKAP NUTRIC DEL RAP 2,9 CAST",1,0.33,3,0,3.00,0,SPINGI_vende_rete15g
SubitoFarma,940372675,SIDEREMIL VITA ORO 30BUST,1,0.33,2,0,8.00,-372,SPINGI_vende_rete15g
SubitoFarma,940372170,REUMADEP GEL ARTRITE E DOLORE,1,0.33,3,0,0,43,CARRELLO
SubitoFarma,940225004,MONODERMA ET10 XL LIPOGEL30ML,1,0.33,5,0,3.00,0,SPINGI_vende_rete15g
SubitoFarma,940090424,DITREVIT FORTE K HUMANA 15ML,1,0.33,3,0,0,0,VALUTA_taglio
SubitoFarma,940086337,TANTUM VERDE SOS AFTE SPR 20ML,1,0.33,7,74,3.00,-1,SPINGI_vende_rete15g
SubitoFarma,940085145,FOTOULTRA SPOT PREVENT SPF50+,1,0.33,4,0,4.00,0,SPINGI_vende_rete15g
SubitoFarma,940037548,FUSION WATER MAGIC SPF50 50ML,1,0.33,10,0,8.00,29,SPINGI_vende_rete15g
SubitoFarma,939985471,FLORETRIX 50MLD 10BUST,1,0.33,5,0,0,17,CARRELLO
SubitoFarma,939942393,INOSIFAST 4 21BUST,1,0.33,4,0,0,10,CARRELLO
SubitoFarma,939941858,CISTIN 14BUST,1,0.33,6,0,0,30,CARRELLO
SubitoFarma,939857633,CARDO MARIANO CONC TOT 50OPR,1,0.33,6,0,0,58,CARRELLO
SubitoFarma,939757896,ZETA ARTRO CUR FLEX 20STICK,1,0.33,4,0,0,31,CARRELLO
SubitoFarma,939673796,BERBERINA ESTRATTO SECCO 60CPR,1,0.33,6,0,2.00,61,SPINGI_vende_rete15g
SubitoFarma,939635292,"MACULIFE 20CPS 24,28G",1,0.33,2,0,1.00,0,SPINGI_vende_rete15g
SubitoFarma,939471544,BIOXTRA LIQUID SPRAY 50ML,1,0.33,14,0,0,0,VALUTA_taglio
SubitoFarma,939464424,CLIAXIN SPRAY S/GAS 100ML,1,0.33,5,1,0,0,VALUTA_taglio
SubitoFarma,939457952,"OPTIVE UD 30FL MONODOSE 0,4ML",1,0.33,3,0,1.00,0,SPINGI_vende_rete15g
SubitoFarma,939392522,RILASTIL LIPOFUSION NTT CR 200,1,0.33,13,0,0,0,VALUTA_taglio
SubitoFarma,939330561,ANSIOVIT GOCCE 50ML,1,0.33,4,10,0,0,VALUTA_taglio
SubitoFarma,939324594,BUONERBE FORTE 60CPR BIOSLINE,1,0.33,6,0,6.00,52,SPINGI_vende_rete15g
SubitoFarma,939314985,COLERIL PLUS 30CPR,1,0.33,4,0,2.00,0,SPINGI_vende_rete15g
SubitoFarma,939312878,OMNISKIN 500 OLIO 500ML,1,0.33,6,0,0,0,VALUTA_taglio
SubitoFarma,939293674,NEUROBRAINSHEDIR 10FL 10ML,1,0.33,2,0,0,-16,VALUTA_taglio
SubitoFarma,939058311,ANSIOREM 20CPR,1,0.33,4,0,0,-54,VALUTA_taglio
SubitoFarma,939037103,ACNIBEN BODY SPRAY ANTIACNE,1,0.33,10,0,0,23,CARRELLO
SubitoFarma,939034637,MICOFF GOCCE OTOLOGICHE 10ML,1,0.33,5,0,0,0,VALUTA_taglio
SubitoFarma,939007187,SMART D3 GOCCE 15ML BANANA,1,0.33,1,0,0,-112,VALUTA_taglio
SubitoFarma,939000422,AGPEG PLUS ESSE 4BUST,1,0.33,6,0,0,11,CARRELLO
SubitoFarma,938971443,INOFOLIC PLUS 20BUST,1,0.33,2,0,0,12,CARRELLO
SubitoFarma,938957925,FASTCAP SHAMPOO 200ML,1,0.33,13,0,1.00,0,SPINGI_vende_rete15g
SubitoFarma,938957901,VIMI UP 30CPR,1,0.33,2,0,1.00,0,SPINGI_vende_rete15g
SubitoFarma,938952847,PHYTODEPURA FORTE 500ML,1,0.33,4,0,8.00,0,SPINGI_vende_rete15g
SubitoFarma,938936818,LONGLIFE MILK DIGEST 60CPR,1,0.33,2,0,0,7,CARRELLO
SubitoFarma,938858735,LIPOSKIN DS PHARCOS 40ML,1,0.33,3,0,0,9,CARRELLO
SubitoFarma,938833744,OZOLID GARZA LIPOZONEYE 20PZ,1,0.33,5,0,1.00,-5,SPINGI_vende_rete15g
SubitoFarma,938766793,GLUCOFIX TECH SENSOR 25STR,1,0.33,11,0,1.00,0,SPINGI_vende_rete15g
SubitoFarma,938766538,GLUCOMEN AREO SENSOR STR 25PZ,1,0.33,99,2,0,0,VALUTA_taglio
SubitoFarma,938751649,PSORISDIN SHAMPOO,1,0.33,10,0,1.00,16,SPINGI_vende_rete15g
SubitoFarma,938747971,ANGIOKRYM LIPOGEL 100ML,1,0.33,4,0,0,0,VALUTA_taglio
SubitoFarma,938685272,COGNIVEL 40SOFTGEL,1,0.33,4,0,0,0,VALUTA_taglio
SubitoFarma,938586563,LIQUIPEF 60CPR,1,0.33,7,0,6.00,36,SPINGI_vende_rete15g
SubitoFarma,938490455,VITIPROST 30SOFT GEL,1,0.33,7,0,1.00,10,SPINGI_vende_rete15g
SubitoFarma,938467545,MAGNESIO CLORURO POLV 500G,1,0.33,2,0,0,12,CARRELLO
SubitoFarma,938467281,BROMELINA 100CPR,1,0.33,3,0,0,0,VALUTA_taglio
SubitoFarma,938466947,KUZIK 30CPS,1,0.33,2,0,1.00,25,SPINGI_vende_rete15g
SubitoFarma,938458623,SILIGLUT 20CPS,1,0.33,1,1,0,0,VALUTA_taglio
SubitoFarma,938428240,EVITA GINECOLOGICO UNG VAG 30G,1,0.33,4,0,1.00,6,SPINGI_vende_rete15g
SubitoFarma,938398450,CYSTOCURE FORTE 30CPR,1,0.33,8,0,1.00,17,SPINGI_vende_rete15g
SubitoFarma,938315203,RUSCOVEN PLUS CONC FLUIDO 200G,1,0.33,23,0,0,0,VALUTA_taglio
SubitoFarma,938222104,ALA600 SOD 20CPR,1,0.33,11,0,0,34,CARRELLO
SubitoFarma,938192263,RECOPROX 30CPS MOLLI,1,0.33,5,0,1.00,32,SPINGI_vende_rete15g
SubitoFarma,938146901,VITAMINA D3 5000 UI 60CPS,1,0.33,6,0,8.00,22,SPINGI_vende_rete15g
SubitoFarma,938141191,UTICRAN MONO MAXI 60CPR,1,0.33,4,0,3.00,15,SPINGI_vende_rete15g
SubitoFarma,938132800,WASOTONAL CREMA 200ML,1,0.33,5,0,2.00,59,SPINGI_vende_rete15g
SubitoFarma,938062650,LEUCODIF 14CPS SPREMIBILI,1,0.33,4,0,1.00,18,SPINGI_vende_rete15g
SubitoFarma,938023138,ENDOFIT GAS CONTROL 30CPR,1,0.33,5,0,0,35,CARRELLO
SubitoFarma,937494526,CONVEEN OPTIMA GUAINA 40MM 30P,1,0.33,2,0,1.00,0,SPINGI_vende_rete15g
SubitoFarma,937210591,MAIKOL 30CPR,1,0.33,2,0,3.00,0,SPINGI_vende_rete15g
SubitoFarma,936048139,EUPH COLORPRO XD700 BIONDO,1,0.33,9,0,5.00,0,SPINGI_vende_rete15g
SubitoFarma,935973521,THD CREAM EMORROIDI 30ML,1,0.33,2,0,1.00,0,SPINGI_vende_rete15g
SubitoFarma,935969143,QUIETO CANE 30CPR NUTRIGEN,1,0.33,4,0,3.00,-1,SPINGI_vende_rete15g
SubitoFarma,935958607,ESTROAGE LOW 30CPR,1,0.33,2,0,0,0,VALUTA_taglio
SubitoFarma,935957706,DHEAGE 30CPR,1,0.33,3,0,4.00,46,SPINGI_vende_rete15g
SubitoFarma,935955601,CORTIAGE HIGH 30CPR,1,0.33,2,0,2.00,10,SPINGI_vende_rete15g
SubitoFarma,935948075,AQUILEA SONNO 30CPR,1,0.33,6,0,0,0,VALUTA_taglio
SubitoFarma,935901292,PRIACOL 30CPS,1,0.33,2,0,0,8,CARRELLO
SubitoFarma,935901241,PRIUSFER 60CPS,1,0.33,2,0,0,19,CARRELLO
SubitoFarma,935873796,PROSTANOX 30CPR,1,0.33,6,0,0,10,CARRELLO
SubitoFarma,935860914,FERACHEL FORTE 24CPS,1,0.33,2,0,1.00,0,SPINGI_vende_rete15g
SubitoFarma,935858340,EUFILLER GOLD SKIN REPAIR 50ML,1,0.33,6,0,0,0,VALUTA_taglio
SubitoFarma,935855306,SOLVHOREN 30BUST,1,0.33,12,0,13.00,0,SPINGI_vende_rete15g
SubitoFarma,935846093,MASSIGEN MAGNESIO B6 60CPS,1,0.33,4,0,4.00,51,SPINGI_vende_rete15g
SubitoFarma,935808927,IRIDIL SALV LAVAOCCHI 28PZ,1,0.33,4,0,0,21,CARRELLO
SubitoFarma,935793075,LONGLIFE MACA 60CPS VEGETALI,1,0.33,3,0,0,22,CARRELLO
SubitoFarma,935792960,LONGLIFE CARDO MARIANO 60CPS,1,0.33,2,0,1.00,33,SPINGI_vende_rete15g
SubitoFarma,935780585,CLARUBIN 20BUST,1,0.33,18,0,0,4,CARRELLO
SubitoFarma,935771016,LONGLIFE AGLIO NERO 60CPS VEG,1,0.33,99,0,0,0,VALUTA_taglio
SubitoFarma,935750859,LONGLIFE MIRTILLO NERO 60CPS,1,0.33,2,0,0,16,CARRELLO
SubitoFarma,935750760,LONGLIFE MILK FREE ACIDOPHILUS,1,0.33,2,0,0,0,VALUTA_taglio
SubitoFarma,935749034,VEGETALLUMINA EMATOGEL 100ML,1,0.33,6,0,0,0,VALUTA_taglio
SubitoFarma,935736025,CESTELLO PORTA-FLEBO,1,0.33,99,0,0,0,VALUTA_taglio
SubitoFarma,935696916,AROE' 20STICK PACK MONOD,1,0.33,3,0,0,15,CARRELLO
SubitoFarma,935682385,"BIOKAP NUTRICOLOR DEL 5,0 CAST",1,0.33,8,0,0,8,CARRELLO
SubitoFarma,935682361,"BIOKAP NUTRICOLOR DEL 4,05 CAS",1,0.33,3,0,6.00,0,SPINGI_vende_rete15g
SubitoFarma,935680948,ACCU-CHEK FASTCLIX KIT,1,0.33,4,0,0,0,VALUTA_taglio
SubitoFarma,935669489,VIDERMINA PREBIOTIC OVULI 10PZ,1,0.33,7,0,1.00,13,SPINGI_vende_rete15g
SubitoFarma,935621781,5D SLEEVERATO ANANAS 500ML,1,0.33,99,0,0,0,VALUTA_taglio
SubitoFarma,935612782,SENSIFINE DERMO NETTOYANT400ML,1,0.33,12,0,0,0,VALUTA_taglio
SubitoFarma,935602247,DELTACRIN WNT SHAMPOO PHARCOS,1,0.33,11,0,3.00,2,SPINGI_vende_rete15g
SubitoFarma,935585618,OSSIDREN 30CPR,1,0.33,5,0,1.00,16,SPINGI_vende_rete15g
SubitoFarma,935583880,POLIVEN PLUS 30CPR,1,0.33,6,0,0,20,CARRELLO
SubitoFarma,935580124,TIMEDOL 20CPR RIVESTITE,1,0.33,7,0,3.00,-12,SPINGI_vende_rete15g
SubitoFarma,935567040,MACA PLUS FORTE 50CPR,1,0.33,4,0,0,0,VALUTA_taglio
SubitoFarma,935544522,DERMOVITAMINA RAGADI GELONI CR,1,0.33,13,0,2.00,13,SPINGI_vende_rete15g
SubitoFarma,935541906,SAMETRIX 30CPS,1,0.33,5,0,0,27,CARRELLO
SubitoFarma,935538583,TRIKO FORTE SHAMPOO BRADERM,1,0.33,7,0,0,0,VALUTA_taglio
SubitoFarma,935529798,CORTIPET MAXI PERLE 60PRL,1,0.33,1,0,0,9,CARRELLO
SubitoFarma,935513390,VIVIFAST 20CPR,1,0.33,3,0,11.00,-62,SPINGI_vende_rete15g
SubitoFarma,935506651,VAGISIL INTIMO GEL C PROHYDR,1,0.33,5,0,3.00,0,SPINGI_vende_rete15g
SubitoFarma,935501395,FILME OLIO IDRATANTE PROT CUTE,1,0.33,7,0,0,34,CARRELLO
SubitoFarma,935501371,VEA INTIMO TT CR IGIENE INTIMA,1,0.33,4,0,3.00,58,SPINGI_vende_rete15g
SubitoFarma,935407433,"SINOVIAL 16 SIR INTRA-ART 0,8%",1,0.33,3,0,0,0,VALUTA_taglio
SubitoFarma,935329223,ESPERSOL SPRAY NASALE 100ML,1,0.33,2,0,1.00,8,SPINGI_vende_rete15g
SubitoFarma,935323408,LINFOFLU MULTIPACK 6X15FL,1,0.33,99,0,0,0,VALUTA_taglio
SubitoFarma,935301958,VASODREN G 40CPR,1,0.33,2,0,0,0,VALUTA_taglio
SubitoFarma,935277640,SEBODIANE DS MICRO SIERO 8ML,1,0.33,99,0,0,0,VALUTA_taglio
SubitoFarma,935251811,TOPIALYSE CREMA BARRIERA 50ML,1,0.33,6,0,0,0,VALUTA_taglio
SubitoFarma,935205536,DENTOSAN COLLUT TRATT QUO200ML,1,0.33,7,0,8.00,0,SPINGI_vende_rete15g
SubitoFarma,935201741,EPATOSAN FORTE FLUID 10FL,1,0.33,4,0,1.00,0,SPINGI_vende_rete15g
SubitoFarma,935185381,EUBOS SENSITIVE CREMA MANI50ML,1,0.33,4,0,0,0,VALUTA_taglio
SubitoFarma,935057479,"BIOKAP NUTRICDEL 5,05 CST NOCC",1,0.33,5,0,2.00,10,SPINGI_vende_rete15g
SubitoFarma,935057277,"BIOKAP NUTRIC 5,0 CST CHIARO",1,0.33,5,0,0,0,VALUTA_taglio
SubitoFarma,935054041,LONGLIFE L-GLUTATHIONE 50MG90C,1,0.33,3,0,0,0,VALUTA_taglio
SubitoFarma,935017285,UROCS 60CPR,1,0.33,4,0,3.00,10,SPINGI_vende_rete15g
SubitoFarma,934981782,AVENE HOMME BALSAMO DOPOBARBA,1,0.33,7,0,1.00,15,SPINGI_vende_rete15g
SubitoFarma,934905148,CERAMOL IPERDEODORANTE 75ML,1,0.33,6,0,3.00,46,SPINGI_vende_rete15g
SubitoFarma,934842992,LENIPER 20CPS MOLLI,1,0.33,2,0,0,7,CARRELLO
SubitoFarma,934825249,MULTICENTRUM MAMMA 30CPR,1,0.33,11,0,3.00,102,SPINGI_vende_rete15g
SubitoFarma,934794773,CARDIOMEGA SHEDIR 30CPS MOLLI,1,0.33,2,0,0,9,CARRELLO
SubitoFarma,934786447,SIRINGA INS VET 40UI/ML 30PZ,1,0.33,5,0,0,1,CARRELLO
SubitoFarma,934784113,EUDIGEST TISANA 20BST BIOSLINE,1,0.33,2,0,2.00,0,SPINGI_vende_rete15g
SubitoFarma,934759539,PSYLLOGEL MEGAFERMENTI 24 ACE,1,0.33,10,0,1.00,12,SPINGI_vende_rete15g
SubitoFarma,934747332,LONGLIFE CO EN Q10 200MG 20PRL,1,0.33,99,0,0,0,VALUTA_taglio
SubitoFarma,934739525,PEDIAPEG 30BUST,1,0.33,99,0,0,0,VALUTA_taglio
SubitoFarma,934734334,LIPOACID COMBI 60CPR,1,0.33,99,0,0,0,VALUTA_taglio
SubitoFarma,934726276,ARD COGITON LONG TIME 20CPS,1,0.33,5,0,1.00,0,SPINGI_vende_rete15g
SubitoFarma,934638139,ALKAGIN DET INT LEN ALC 400ML,1,0.33,5,0,3.00,17,SPINGI_vende_rete15g
SubitoFarma,934638077,ALKAGIN DET INTIMO ATT 250ML,1,0.33,3,0,0,0,VALUTA_taglio
SubitoFarma,934552922,ASTENOR 15CPR,1,0.33,4,0,0,9,CARRELLO
SubitoFarma,934552783,DIMAGRA XALIFOM BUSTINE 20BUST,1,0.33,6,0,0,0,VALUTA_taglio
SubitoFarma,934512664,GLUCOJECT AGO PENNA 5MM G31,1,0.33,2,0,1.00,0,SPINGI_vende_rete15g
SubitoFarma,934503374,OXAFORT 18BUST,1,0.33,7,0,6.00,0,SPINGI_vende_rete15g
SubitoFarma,934431913,TENDHYAL 30CPR,1,0.33,1,0,0,14,CARRELLO
SubitoFarma,934425784,DANASE 20CPR,1,0.33,6,1,1.00,0,SPINGI_vende_rete15g
SubitoFarma,934317316,NERVAX 20BUSTINE,1,0.33,5,0,4.00,0,SPINGI_vende_rete15g
SubitoFarma,934179692,DERMANA SHAMPOO PIESSE DELIC,1,0.33,2,0,0,0,VALUTA_taglio
SubitoFarma,934027044,KURAC 30ML BRADERM,1,0.33,4,0,0,9,CARRELLO
SubitoFarma,933933362,UNGHIASIL SOS MICOSI 5ML,1,0.33,5,0,1.00,32,SPINGI_vende_rete15g
SubitoFarma,933904664,CANDINET ACT 2% 150ML,1,0.33,9,0,0,40,CARRELLO
SubitoFarma,933767891,TECNIWORK KIT ANTICALLOSITA',1,0.33,3,0,0,0,VALUTA_taglio
SubitoFarma,933441343,MELIVEN CREMA PLUS 100ML,1,0.33,7,0,0,8,CARRELLO
SubitoFarma,933436040,SIMETICARBON 40CPR,1,0.33,7,0,1.00,0,SPINGI_vende_rete15g
SubitoFarma,933422976,ZYXELLE 30CPR,1,0.33,4,0,0,-24,VALUTA_taglio
SubitoFarma,933402808,OMOMETIL 30CPS,1,0.33,10,1,0,-12,VALUTA_taglio
SubitoFarma,933320640,MELLIS BETA SHAMPOO 200ML,1,0.33,13,0,14.00,48,SPINGI_vende_rete15g
SubitoFarma,933259879,ESI PROPOLAID ESTRATTO PURO,1,0.33,5,16,0,21,CARRELLO
SubitoFarma,933212298,ENDOKIROGEN 30BUST,1,0.33,2,0,0,52,CARRELLO
SubitoFarma,933061970,MESOXAN 30CPR,1,0.33,2,0,4.00,0,SPINGI_vende_rete15g
SubitoFarma,933060790,VITIS ORTHO DENTIFRICIO 100ML,1,0.33,9,0,3.00,0,SPINGI_vende_rete15g
SubitoFarma,933009401,ROSACURE FAST CREMA 30ML,1,0.33,4,0,0,25,CARRELLO
SubitoFarma,932821883,TANTUM ROSA LENITIVA CREMA30ML,1,0.33,7,0,0,0,VALUTA_taglio
SubitoFarma,932776418,CORACTIV 50PRL,1,0.33,4,0,4.00,59,SPINGI_vende_rete15g
SubitoFarma,932770100,PREMAVIT MATERNO 30CPR,1,0.33,2,0,0,0,VALUTA_taglio
SubitoFarma,932717655,"NANOPASS AGO G32,5 4MM 100PZ",1,0.33,1,0,2.00,0,SPINGI_vende_rete15g
SubitoFarma,932711777,AMINOTROFIC NE 30BUST,1,0.33,9,0,4.00,0,SPINGI_vende_rete15g
SubitoFarma,932654585,DIGERFAST POLVERE 24BUST 2G,1,0.33,5,0,3.00,25,SPINGI_vende_rete15g
SubitoFarma,932646716,LONGLIFE CO EN Q10 100MG 30PRL,1,0.33,6,0,1.00,16,SPINGI_vende_rete15g
SubitoFarma,932521228,RESCUE ORIG NIGHT S/ALCOL 10ML,1,0.33,16,0,0,0,VALUTA_taglio
SubitoFarma,932518665,LENIL PRIMO SOCCORSO POLVERE,1,0.33,9,0,0,-23,VALUTA_taglio
SubitoFarma,932246883,ANDROSITOL PLUS 14BUST,1,0.33,3,0,2.00,9,SPINGI_vende_rete15g
SubitoFarma,932246857,TRIADE 800MG 30CPR EFFERV,1,0.33,6,0,3.00,19,SPINGI_vende_rete15g
SubitoFarma,932246465,BIATAIN ALGINATE 10X10CM 10PZ,1,0.33,1,1,0,11,CARRELLO
SubitoFarma,932246426,BIATAIN ALGINATE AG 10X10 10PZ,1,0.33,8,0,0,0,VALUTA_taglio
SubitoFarma,932178371,INTERPROX PLUS NANO ROSA 6PZ,1,0.33,8,0,1.00,0,SPINGI_vende_rete15g
SubitoFarma,932165588,ARTAVIS 20BUST 8G,1,0.33,9,0,2.00,0,SPINGI_vende_rete15g
SubitoFarma,932161348,LIPALT 30CPR,1,0.33,2,0,4.00,5,SPINGI_vende_rete15g
SubitoFarma,932087671,MIGRASOLL JUNIOR 30 BUSTE,1,0.33,2,0,0,19,CARRELLO
SubitoFarma,932085665,TRATTAMENTO VERRUCHE 75ML,1,0.33,3,0,0,0,VALUTA_taglio
SubitoFarma,932084890,NORMOIMMUNO 30CPS,1,0.33,3,0,0,29,CARRELLO
SubitoFarma,932000591,EXTRAFINE SANITY CONI AURIC 2P,1,0.33,3,0,0,6,CARRELLO
SubitoFarma,931993063,DERMANA AC DETERGENTE 100ML,1,0.33,9,0,0,6,CARRELLO
SubitoFarma,931984381,COLESOLV GLAUBER 30CPR,1,0.33,1,0,11.00,0,SPINGI_vende_rete15g
SubitoFarma,931982906,M-AID HERPES PATCH 15PZ,1,0.33,7,0,2.00,0,SPINGI_vende_rete15g
SubitoFarma,931847432,VOIS 20CPR,1,0.33,99,0,0,0,VALUTA_taglio
SubitoFarma,931846101,ENZYFORMULA 20CPR DEGLUTIBILI,1,0.33,7,0,1.00,39,SPINGI_vende_rete15g
SubitoFarma,931844652,DISBIOCOL 30CPR,1,0.33,3,0,2.00,53,SPINGI_vende_rete15g
SubitoFarma,931808149,UROLIN SOLUZIONE 150ML,1,0.33,14,0,0,0,VALUTA_taglio
SubitoFarma,931770729,VISCRIN SHAMPOO 200ML,1,0.33,5,0,1.00,6,SPINGI_vende_rete15g
SubitoFarma,931770693,VISCRIN PLUS SH ANTIFORFORA,1,0.33,5,0,0,11,CARRELLO
SubitoFarma,931742023,MTHFR-P 30CPR,1,0.33,2,0,3.00,30,SPINGI_vende_rete15g
SubitoFarma,931656781,TAE X ACNIS CREMA 60ML,1,0.33,5,0,0,21,CARRELLO
SubitoFarma,931647628,XINOVIT D3 GOCCE 12ML,1,0.33,6,1,3.00,0,SPINGI_vende_rete15g
SubitoFarma,931645636,HELIOCARE ULTRA-D 30CPS,1,0.33,4,0,0,66,CARRELLO
SubitoFarma,931607434,FINDERM FORTE BETA 10CPS MOLLI,1,0.33,6,0,0,10,CARRELLO
SubitoFarma,931601049,ARTROGEN CREMA 100ML,1,0.33,5,0,0,0,VALUTA_taglio
SubitoFarma,931586212,GLOBIN PLUS 24CPS,1,0.33,99,0,0,-129,VALUTA_taglio
SubitoFarma,931580575,GSE EYE DROPS CLICK GTT 10PIP,1,0.33,14,0,0,0,VALUTA_taglio
SubitoFarma,931577288,AVENE SOL LATTE SCHER SPF50+,1,0.33,5,0,0,0,VALUTA_taglio
SubitoFarma,931543639,LEGART MAXI 60CPR,1,0.33,4,0,2.00,90,SPINGI_vende_rete15g
SubitoFarma,931445922,OSMIN TOP UNGUENTO N/UNTUOSO,1,0.33,3,0,0,9,CARRELLO
SubitoFarma,931437925,EUBOS SHAMPOO 150ML,1,0.33,4,0,2.00,0,SPINGI_vende_rete15g
SubitoFarma,931358802,ARL 20BUST,1,0.33,2,0,1.00,0,SPINGI_vende_rete15g
SubitoFarma,931344067,SYSTANE GEL DROPS 10ML,1,0.33,6,0,7.00,5,SPINGI_vende_rete15g
SubitoFarma,931340778,PHYSIOMER CSR SPRAY NAS GET FT,1,0.33,4,0,0,80,CARRELLO
SubitoFarma,931288272,EUMIR PLUS 30CPR,1,0.33,7,0,2.00,19,SPINGI_vende_rete15g
SubitoFarma,931152742,OMEGA3 VITI TRIPLA AZIONE60PRL,1,0.33,13,0,3.00,162,SPINGI_vende_rete15g
SubitoFarma,931106850,SUPERALA 800 20CPR,1,0.33,8,1,3.00,75,SPINGI_vende_rete15g
SubitoFarma,931096236,FARMACTIVE SILVER SPR ARGENTO,1,0.33,2,0,7.00,-131,SPINGI_vende_rete15g
SubitoFarma,931095309,EPAEPA 42CPR,1,0.33,5,0,0,0,VALUTA_taglio
SubitoFarma,931080699,PENTA U10 CREMA 250ML,1,0.33,4,0,0,0,VALUTA_taglio
SubitoFarma,931070421,PROVASEN 20CPR,1,0.33,2,0,0,0,VALUTA_taglio
SubitoFarma,931025605,PUMILENE GOLA MIELE/LIM 24PAST,1,0.33,9,0,0,34,CARRELLO
SubitoFarma,930993276,ANONET LIQUIDO FOAMER 150ML,1,0.33,7,0,4.00,33,SPINGI_vende_rete15g
SubitoFarma,930960113,BETOTAL BODY PLUS 20BUST,1,0.33,14,0,10.00,19,SPINGI_vende_rete15g
SubitoFarma,930956836,EUTROSIS 641 TUBO 400ML,1,0.33,3,0,0,27,CARRELLO
SubitoFarma,930924915,MIRTY 180 20BUST,1,0.33,4,0,1.00,0,SPINGI_vende_rete15g
SubitoFarma,930891977,KUPEROS CREMA 50ML,1,0.33,9,0,0,0,VALUTA_taglio
SubitoFarma,930884919,ALL B 30CPS,1,0.33,5,0,0,15,CARRELLO
SubitoFarma,930880101,SPERMACT 45CPR,1,0.33,2,0,0,0,VALUTA_taglio
SubitoFarma,930862317,INOFOLIC NRT 30BUST,1,0.33,4,0,0,11,CARRELLO
SubitoFarma,930861087,ARTAVIS 30CPR,1,0.33,6,2,4.00,3,SPINGI_vende_rete15g
SubitoFarma,930650320,DOA ATTIVA SOLUZIONE DET 200ML,1,0.33,1,0,2.00,0,SPINGI_vende_rete15g
SubitoFarma,930629454,MULTIFOLICO DHA 30CPS+30CPR,1,0.33,7,0,0,0,VALUTA_taglio
SubitoFarma,930624301,ALOVEX PROTEZ ATTIVA COLL120ML,1,0.33,6,21,6.00,53,SPINGI_vende_rete15g
SubitoFarma,930605136,GLAUCOL 30BUST,1,0.33,3,0,0,39,CARRELLO
SubitoFarma,930577402,ACTENACOL GOCCE 12ML,1,0.33,9,0,0,0,VALUTA_taglio
SubitoFarma,930541077,SELENIO VITAMINA C 100ML,1,0.33,6,0,0,0,VALUTA_taglio
SubitoFarma,930517901,MULTIVITAMIX S/ZUCCH 30CPR EFF,1,0.33,6,0,10.00,0,SPINGI_vende_rete15g
SubitoFarma,930478856,CLINNIX IMMUNOPLUS 30CPS,1,0.33,1,0,0,0,VALUTA_taglio
SubitoFarma,930373321,ALLGASAN MOBIL CREMA 50ML,1,0.33,7,0,0,0,VALUTA_taglio
SubitoFarma,930250170,SANA VOCE SPRAY GOLA 30ML,1,0.33,6,0,0,0,VALUTA_taglio
SubitoFarma,930242274,NARIVENT SPR NAS ANTIEDEMIGENO,1,0.33,4,0,1.00,9,SPINGI_vende_rete15g
SubitoFarma,930216724,SKAB PLUS EMULSIONE 150ML,1,0.33,16,0,0,0,VALUTA_taglio
SubitoFarma,930212131,PENTA U10 CREMA 1000ML,1,0.33,2,0,1.00,12,SPINGI_vende_rete15g
SubitoFarma,930199260,GIBAUD ORTHO MANUGIB TUT DX 2,1,0.33,4,0,1.00,4,SPINGI_vende_rete15g
SubitoFarma,930186465,PRONTEX PULSE O2 MINISATURIMET,1,0.33,5,0,0,0,VALUTA_taglio
SubitoFarma,930125190,HIMUNOSTAR FORTE 20CPR,1,0.33,5,0,0,6,CARRELLO
SubitoFarma,930010739,MD-NECK ITALIA 10F INIETT 2ML,1,0.33,2,0,0,0,VALUTA_taglio
SubitoFarma,930010653,MD-LUMBAR ITALIA 10FL INIET2ML,1,0.33,3,0,0,8,CARRELLO
SubitoFarma,927972327,SCREEN DROGA TEST URINA 10DROG,1,0.33,3,0,4.00,2,SPINGI_vende_rete15g
SubitoFarma,927592764,"OPTIVE FUSION UD 30FLAC 0,4ML",1,0.33,5,0,0,35,CARRELLO
SubitoFarma,927505305,FULLFER 20CPR,1,0.33,2,0,0,6,CARRELLO
SubitoFarma,927497180,IDROLITO DI ARTEMISIA ANNUA,1,0.33,3,2,0,12,CARRELLO
SubitoFarma,927292110,CLEARBLUE ADV MONIT FERTIL STI,1,0.33,11,0,2.00,13,SPINGI_vende_rete15g
SubitoFarma,927290991,SYSTANE IDRATAZIONE UD COLL,1,0.33,5,1,0,13,CARRELLO
SubitoFarma,927288860,SIMBIOSISTEM GOCCE 10ML,1,0.33,3,0,0,13,CARRELLO
SubitoFarma,927288050,SENSINOL LAT CRP 200ML DUCRAY,1,0.33,3,0,0,0,VALUTA_taglio
SubitoFarma,927287452,DRENA LEVEL 1 GTT 50ML,1,0.33,4,0,0,0,VALUTA_taglio
SubitoFarma,927284265,BLUVENE HD 14BUST,1,0.33,3,0,11.00,0,SPINGI_vende_rete15g
SubitoFarma,927234498,ATOGYN DISP IGIEN VAG 125ML2PZ,1,0.33,3,0,7.00,0,SPINGI_vende_rete15g
SubitoFarma,927103693,REV ANALLERGIC 500ML,1,0.33,14,0,0,7,CARRELLO
SubitoFarma,927042717,REFEEL 30CPR,1,0.33,9,0,1.00,28,SPINGI_vende_rete15g
SubitoFarma,926978204,BRAUN HYGIENE CAPS THERMOSCAN,1,0.33,7,0,0,35,CARRELLO
SubitoFarma,926876867,CICABEN 50G,1,0.33,3,0,1.00,0,SPINGI_vende_rete15g
SubitoFarma,926848538,IALASE CREMA 50ML,1,0.33,4,0,0,8,CARRELLO
SubitoFarma,926816380,SEBAK LIQUIDO DETERGENTE 150ML,1,0.33,5,0,1.00,0,SPINGI_vende_rete15g
SubitoFarma,926585023,ANTODUR 30CPR,1,0.33,2,0,3.00,0,SPINGI_vende_rete15g
SubitoFarma,926562861,ONETOUCH SELECTPLUS 25STR,1,0.33,3,0,1.00,10,SPINGI_vende_rete15g
SubitoFarma,926562719,PROSTAMOL 30CPS MOLLI,1,0.33,11,0,0,16,CARRELLO
SubitoFarma,926512031,PROREM 30CPR,1,0.33,3,0,0,0,VALUTA_taglio
SubitoFarma,926425935,PERTRIFOL SHAMPOO ANTICAD 200,1,0.33,99,0,0,0,VALUTA_taglio
SubitoFarma,926404462,GIBAUD ORTHO JUNIOR STABIG CAV,1,0.33,1,0,0,0,VALUTA_taglio
SubitoFarma,926258827,MEDI 14 COLLANT NAT 3 7005,1,0.33,1,0,0,1,CARRELLO
SubitoFarma,926243407,FORHANS GENGIFOR 30CPR,1,0.33,3,0,4.00,0,SPINGI_vende_rete15g
SubitoFarma,926239195,RESTOMYL DENTALCROC 150G,1,0.33,8,0,0,-24,VALUTA_taglio
SubitoFarma,926236427,ENZITIME 24CPR MASTICABILI,1,0.33,3,0,0,16,CARRELLO
SubitoFarma,926235603,BIO OIL OLIO DERMAT 200ML,1,0.33,6,0,1.00,35,SPINGI_vende_rete15g
SubitoFarma,926201284,CAPIOST 20CPR GASTROPROTETTE,1,0.33,2,0,3.00,22,SPINGI_vende_rete15g
SubitoFarma,926194263,ROSELIANE CR ANTIARROSS 40ML,1,0.33,10,0,1.00,16,SPINGI_vende_rete15g
SubitoFarma,926080161,PROVASEN FORTE 18BUST,1,0.33,12,0,4.00,43,SPINGI_vende_rete15g
SubitoFarma,926048378,PEPTAMEN VANIGLIA 4X200ML,1,0.33,2,0,0,0,VALUTA_taglio
SubitoFarma,926036500,VITAFLOREX 10CPS,1,0.33,2,0,5.00,0,SPINGI_vende_rete15g
SubitoFarma,925928804,IMMUNOSELF 40CPR,1,0.33,14,0,0,2,CARRELLO
SubitoFarma,925875712,ESI LE DIECI ERBE+FORTE100OVAL,1,0.33,6,1,2.00,96,SPINGI_vende_rete15g
SubitoFarma,925830097,GASTROMAAL + 20TAV,1,0.33,6,0,0,13,CARRELLO
SubitoFarma,925826024,THERAXIDIN SHAMPOO 200ML,1,0.33,4,0,0,0,VALUTA_taglio
SubitoFarma,925497998,EPITACT ORTESI MANO FLEX SX S,1,0.33,8,0,0,-1,VALUTA_taglio
SubitoFarma,925383248,PHYSIOMANCE MINCIBOOST 500ML,1,0.33,1,0,0,14,CARRELLO
SubitoFarma,925329474,ALOEVERA2 GEL INTIMO ULTRADEL,1,0.33,11,0,1.00,19,SPINGI_vende_rete15g
SubitoFarma,925018436,VITAMINA D 1000 UI 84CPR,1,0.33,5,0,1.00,10,SPINGI_vende_rete15g
SubitoFarma,925018424,VITAMINA D 400 UI 168CPR MAST,1,0.33,19,0,0,11,CARRELLO
SubitoFarma,925008637,"VITADHA 30FIALE MONODOSEX6,5ML",1,0.33,10,0,0,0,VALUTA_taglio
SubitoFarma,924979406,GUAM CREMA CORPO ANTIETA'200ML,1,0.33,99,0,0,0,VALUTA_taglio
SubitoFarma,924932179,SENSURA MIO BELT STANDARD 1PZ,1,0.33,1,0,0,1,CARRELLO
SubitoFarma,924910058,LACTEASE 4500 FCC MENTA 30CPR,1,0.33,5,0,0,0,VALUTA_taglio
SubitoFarma,924847229,RADIODERM SPRAY 30ML,1,0.33,5,0,0,0,VALUTA_taglio
SubitoFarma,924833700,ZARED 2 40BUST STICK PACK,1,0.33,3,0,1.00,0,SPINGI_vende_rete15g
SubitoFarma,924600745,NUTRIBOUND GATTO 3X150ML,1,0.33,7,0,0,0,VALUTA_taglio
SubitoFarma,924526104,LENIVA GARZE OFTALMICHE 20PZ,1,0.33,6,0,0,0,VALUTA_taglio
SubitoFarma,924287081,PROTOCOL PLUS 21FL 25ML,1,0.33,9,0,18.00,20,SPINGI_vende_rete15g
SubitoFarma,924285719,DRENVIN 250ML,1,0.33,5,0,2.00,83,SPINGI_vende_rete15g
SubitoFarma,924275023,EPATO 1500 PLUS CANE 16CPR,1,0.33,5,0,0,0,VALUTA_taglio
SubitoFarma,924253141,TROSYD DETERGENTE 150ML,1,0.33,7,0,10.00,6,SPINGI_vende_rete15g
SubitoFarma,924221548,MIGLIOCRES 60+60CPS PROMO,1,0.33,7,0,6.00,17,SPINGI_vende_rete15g
SubitoFarma,924120710,APAXIL SALVIETTE ANTITRA10BUST,1,0.33,4,0,0,0,VALUTA_taglio
SubitoFarma,923815649,LICOSER PLUS 30CPR,1,0.33,4,0,1.00,10,SPINGI_vende_rete15g
SubitoFarma,923757722,CREMA RASSODANTE FLORE' 200ML,1,0.33,2,0,0,24,CARRELLO
SubitoFarma,923590158,AQUACEL FOAM ADH 8X8CM 10PZ,1,0.33,2,0,0,0,VALUTA_taglio
SubitoFarma,923588483,ALLEVYN ADHESIVE 10CMX10CM 10P,1,0.33,1,0,0,0,VALUTA_taglio
SubitoFarma,923587428,LOXICOR 30CPR,1,0.33,99,0,0,0,VALUTA_taglio
SubitoFarma,923564886,REISHI ESTRATTO SECCO 60CPS,1,0.33,3,0,0,6,CARRELLO
SubitoFarma,923564684,PRONTOSAN WOUND GEL X 50G,1,0.33,6,1,0,0,VALUTA_taglio
SubitoFarma,923540076,ANATROFINE 200 30CPR 800MG,1,0.33,5,0,0,30,CARRELLO
SubitoFarma,923509246,ENDOCARE TENSAGE AMPOLLE 10FX2,1,0.33,8,0,1.00,0,SPINGI_vende_rete15g
SubitoFarma,923507141,XERATOP LIPOCREMA 50ML,1,0.33,99,0,0,0,VALUTA_taglio
SubitoFarma,923502140,DEODORANTE STRESS RESIST ROLL,1,0.33,14,0,5.00,10,SPINGI_vende_rete15g
SubitoFarma,923488225,LINFADREN CREMA 100ML,1,0.33,2,0,5.00,77,SPINGI_vende_rete15g
SubitoFarma,923376343,YOGURT LINEA FERMENTI 4BUST,1,0.33,8,0,7.00,0,SPINGI_vende_rete15g
SubitoFarma,923363788,POLAR FROST GEL 150ML,1,0.33,13,0,0,0,VALUTA_taglio
SubitoFarma,923003697,URIAGE DS HAIR LOZIONE SPRAY,1,0.33,10,0,0,0,VALUTA_taglio
SubitoFarma,922925894,ESI ALOE FRESH COLLUTORIO500ML,1,0.33,5,0,0,0,VALUTA_taglio
SubitoFarma,922903277,"CLIADENT COLLUT 0,10% 200ML",1,0.33,6,0,5.00,0,SPINGI_vende_rete15g
SubitoFarma,922852494,OLIO DI IPERICO 100ML,1,0.33,99,0,0,0,VALUTA_taglio
SubitoFarma,922764283,RETOPIX SPRAY CANE/GATTO 100ML,1,0.33,99,0,0,0,VALUTA_taglio
SubitoFarma,922378385,NOXER EMULSIONE CORPO 300ML,1,0.33,4,0,0,27,CARRELLO
SubitoFarma,922321486,ELASTICUS 180PAST,1,0.33,7,0,2.00,0,SPINGI_vende_rete15g
SubitoFarma,922279904,LEPTIN KOS 60CPR,1,0.33,3,0,1.00,0,SPINGI_vende_rete15g
SubitoFarma,921813919,MEDI 18 COLLANT NAT 3 1405,1,0.33,99,0,0,3,CARRELLO
SubitoFarma,921788422,NUTRIVA GLICEVAL 30CPR,1,0.33,7,0,0,0,VALUTA_taglio
SubitoFarma,921581916,STRESVIS 80PAST,1,0.33,1,0,1.00,0,SPINGI_vende_rete15g
SubitoFarma,921471708,TRIDERM INTIMATE DET LENITIVO,1,0.33,9,0,0,6,CARRELLO
SubitoFarma,921319582,SYSTANE BALANCE GOCCE OCUL10ML,1,0.33,8,0,0,0,VALUTA_taglio
SubitoFarma,921307258,BLUSPRAY 200ML,1,0.33,4,0,0,1,CARRELLO
SubitoFarma,921131898,SENSIBIO H2O SOL MICELL 500ML,1,0.33,7,0,9.00,34,SPINGI_vende_rete15g
SubitoFarma,920966241,NUTILIS POWDER ADDENSANTE 300G,1,0.33,99,0,15.00,-26,SPINGI_vende_rete15g
SubitoFarma,920965807,MAGCITRA MAGNESIO CITRATO60CPR,1,0.33,3,0,1.00,0,SPINGI_vende_rete15g
SubitoFarma,920890908,MACROCEA SCIROPPO 300ML,1,0.33,99,0,0,0,VALUTA_taglio
SubitoFarma,920601352,APAXIL ANTITRA ASCELLE GIORNO,1,0.33,13,0,5.00,12,SPINGI_vende_rete15g
SubitoFarma,920376581,SYSTANE ULTRA UD GTT OCUL 30FL,1,0.33,10,0,5.00,4,SPINGI_vende_rete15g
SubitoFarma,920187655,PHYSIO DEO ROLL-ON 50ML,1,0.33,12,0,0,18,CARRELLO
SubitoFarma,920045085,MOONCUP COPP MESTR A GR +30ANN,1,0.33,8,1,0,0,VALUTA_taglio
SubitoFarma,915812248,EPITACT ORTESI CORR AL VALGO M,1,0.33,3,0,0,0,VALUTA_taglio
SubitoFarma,913934030,PABAVIT CM CR ANTIVITILIGINE,1,0.33,4,0,0,0,VALUTA_taglio
SubitoFarma,913838862,CARDIOQTEN 20CPR,1,0.33,2,0,2.00,6,SPINGI_vende_rete15g
SubitoFarma,913746638,SERENOA REPENS 45VEGICPS,1,0.33,11,0,1.00,0,SPINGI_vende_rete15g
SubitoFarma,913744660,PROXERA STICK RIPARATOR LABBRA,1,0.33,3,0,0,14,CARRELLO
SubitoFarma,913662692,PRONTOSAN GEL 30ML,1,0.33,6,0,0,7,CARRELLO
SubitoFarma,913500563,DUREX CILIEGIA GEL LUBRIFICANT,1,0.33,11,0,1.00,0,SPINGI_vende_rete15g
SubitoFarma,913373940,REVAMIL BALM 15G,1,0.33,1,0,0,0,VALUTA_taglio
SubitoFarma,913230355,NEUROFORTE 30CPR,1,0.33,3,0,0,0,VALUTA_taglio
SubitoFarma,913228096,CLEARBLUE INDICATORE SETT 1PZ,1,0.33,4,20,0,0,VALUTA_taglio
SubitoFarma,913108623,SERENVIN 50ML,1,0.33,99,0,0,0,VALUTA_taglio
SubitoFarma,913108609,RHALAX GRANI 25G,1,0.33,99,0,0,0,VALUTA_taglio
SubitoFarma,913020412,APROTEN FETTE TOSTATE MONOPORZ,1,0.33,8,0,0,0,VALUTA_taglio
SubitoFarma,912799741,EPATO PASTA PLUS MANG COMP30ML,1,0.33,6,0,2.00,7,SPINGI_vende_rete15g
SubitoFarma,912275880,"TG1 OCCHI 10MONODOSE 0,5ML",1,0.33,99,0,0,0,VALUTA_taglio
SubitoFarma,912251143,VETRAMIL UNGUENTO 30G,1,0.33,4,0,0,0,VALUTA_taglio
SubitoFarma,912039676,LUMAGE SPRAY EMULSIONE FLUIDA,1,0.33,4,0,2.00,2,SPINGI_vende_rete15g
SubitoFarma,912032137,APROTEN MERENDA ALB S/ZUCC180G,1,0.33,5,0,0,0,VALUTA_taglio
SubitoFarma,911974830,REV IMMUVIT 20BUST,1,0.33,5,0,0,27,CARRELLO
SubitoFarma,911974448,CITOGENEX 30CPS,1,0.33,12,0,1.00,57,SPINGI_vende_rete15g
SubitoFarma,911958369,MONODERMA C10 GEL 30VEGICAPS,1,0.33,4,0,4.00,0,SPINGI_vende_rete15g
SubitoFarma,911151633,SCREEN DROGA TEST URINA 5DROGH,1,0.33,3,0,0,2,CARRELLO
SubitoFarma,911040071,ARKOMAG MAGNESIO24 GG&NTT60CPS,1,0.33,6,0,0,0,VALUTA_taglio
SubitoFarma,911033280,MEPILEX LITE MEDIC 10X10CM 5PZ,1,0.33,8,0,5.00,0,SPINGI_vende_rete15g
SubitoFarma,911002766,ZIMAK 14BUST ARANCIO,1,0.33,2,0,0,-2,VALUTA_taglio
SubitoFarma,911002184,SHAKTI CREMA VISO MOLYWIND,1,0.33,5,0,1.00,42,SPINGI_vende_rete15g
SubitoFarma,909917775,AG LATTE DET DEL RISCIAC 150ML,1,0.33,4,0,2.00,0,SPINGI_vende_rete15g
SubitoFarma,909897542,BENDA PIC SELFFIX CM10X20M F,1,0.33,9,0,0,0,VALUTA_taglio
SubitoFarma,909890713,VEBII*OL VASELINA 1000ML     @,1,0.33,2,0,20.00,0,SPINGI_vende_rete15g
SubitoFarma,909813204,DENTIFRICIO OMEOBITAL 75ML,1,0.33,14,0,0,4,CARRELLO
SubitoFarma,909483327,8+2 CANOVA CREMA DEPIGMENTANTE,1,0.33,11,0,0,9,CARRELLO
SubitoFarma,909469468,LYMPHOMYOSOT 10FL  HEEL,1,0.33,2,0,0,11,CARRELLO
SubitoFarma,909469328,"CUPRUM 10F 1,1ML HEEL",1,0.33,3,0,0,12,CARRELLO
SubitoFarma,909468732,VALERIANA 30ML GTT HEEL,1,0.33,4,0,0,47,CARRELLO
SubitoFarma,909271025,VITAMINICO LIQUIDO 20ML,1,0.33,11,0,1.00,0,SPINGI_vende_rete15g
SubitoFarma,909214177,TRICODIN SH CATRAME 125ML,1,0.33,4,0,0,25,CARRELLO
SubitoFarma,909210128,ALLUME DI ROCCA CUB SAFETY 08300,1,0.33,5,0,3.00,0,SPINGI_vende_rete15g
SubitoFarma,909191785,TRICODIN BALS 100ML,1,0.33,3,0,3.00,0,SPINGI_vende_rete15g
SubitoFarma,909164461,SCHOLL CER CALLIF CALLI DU 8PZ,1,0.33,99,1,0,0,VALUTA_taglio
SubitoFarma,909129684,PROPSO IMPACCO CAPELLI 150ML,1,0.33,3,0,1.00,19,SPINGI_vende_rete15g
SubitoFarma,909126791,VMP CANI 50CPR,1,0.33,13,0,0,0,VALUTA_taglio
SubitoFarma,909113122,M-AID ROLLFLEX CER 2X10 1PZ,1,0.33,5,0,0,0,VALUTA_taglio
SubitoFarma,909050116,CREOLINA 1L,1,0.33,99,0,0,0,VALUTA_taglio
SubitoFarma,909029011,REBIOGER CREMA 50ML,1,0.33,3,0,0,10,CARRELLO
SubitoFarma,909005100,ESI OLIO MANDORLE DOLCI 100ML,1,0.33,6,0,0,14,CARRELLO
SubitoFarma,908961422,SAUGELLA ATTIVA 250ML,1,0.33,13,0,3.00,8,SPINGI_vende_rete15g
SubitoFarma,908941242,SAME SHAMPOO PROTEICO 125ML,1,0.33,4,0,1.00,12,SPINGI_vende_rete15g
SubitoFarma,908929084,P6 NAUSEA CONTROL BRACCIALE AD,1,0.33,9,0,0,0,VALUTA_taglio
SubitoFarma,908925478,GARZA PRONTEX 10X10CM 1KG,1,0.33,6,0,1.00,0,SPINGI_vende_rete15g
SubitoFarma,908919246,LONGLIFE NIACIN 100MG 100CPR,1,0.33,99,0,0,0,VALUTA_taglio
SubitoFarma,908773435,PHYSIOGEL BASE LAVANTE 250ML,1,0.33,5,0,1.00,24,SPINGI_vende_rete15g
SubitoFarma,908697624,FILODERM POLVERE 75G,1,0.33,9,0,3.00,0,SPINGI_vende_rete15g
SubitoFarma,908650308,LIPOMAN CREMA MANI 40ML,1,0.33,8,0,0,25,CARRELLO
SubitoFarma,908575855,KETOSTIX CHETONURIA 50STR,1,0.33,10,0,0,20,CARRELLO
SubitoFarma,908486158,GL1 M&D SALBE CREMA 500ML,1,0.33,4,0,0,2,CARRELLO
SubitoFarma,908486006,GL1 M&D SALBE CREMA 250ML,1,0.33,14,0,0,0,VALUTA_taglio
SubitoFarma,908480852,GIBAUD GINOCCH TUBOL 3,1,0.33,4,0,0,0,VALUTA_taglio
SubitoFarma,908340680,PREAFTIR OLIO SHAMPOO 150ML,1,0.33,2,2,0,-10,VALUTA_taglio
SubitoFarma,908306323,DILATAN CREMA VEGETALE 50ML,1,0.33,5,0,0,67,CARRELLO
SubitoFarma,908233176,DERMOCLIN IFESPOR 500ML,1,0.33,5,0,2.00,0,SPINGI_vende_rete15g
SubitoFarma,908233152,DERMOCLIN FISIOLOGICA 500ML,1,0.33,3,0,2.00,0,SPINGI_vende_rete15g
SubitoFarma,908232628,"DUODERM EX S 5MEDIC 7,5X7,5",1,0.33,3,0,0,15,CARRELLO
SubitoFarma,908232539,DUODERM CGF 15X15 5PZ 9186,1,0.33,12,0,0,0,VALUTA_taglio
SubitoFarma,908223896,LONGLIFE B COMPLEX 50 RG 60TAV,1,0.33,2,0,2.00,11,SPINGI_vende_rete15g
SubitoFarma,908174117,CALMOR TAPPO ANTIS 20PZ 22043,1,0.33,5,0,2.00,1,SPINGI_vende_rete15g
SubitoFarma,907320232,SINEVERM 50ML SOL IAL,1,0.33,99,0,0,0,VALUTA_taglio
SubitoFarma,907297497,MAN SUPPORT 15 GAMB 15 BLU 3,1,0.33,2,0,0,0,VALUTA_taglio
SubitoFarma,907234811,BIODREN S 50ML SOL IAL,1,0.33,99,0,0,0,VALUTA_taglio
SubitoFarma,907196392,PAPPA REALE FRESCA 30G,1,0.33,3,0,0,8,CARRELLO
SubitoFarma,907181820,LAXODEP 150ML,1,0.33,4,0,2.00,0,SPINGI_vende_rete15g
SubitoFarma,907152882,VASODREN 30CPR FILMATE,1,0.33,15,0,8.00,20,SPINGI_vende_rete15g
SubitoFarma,907136737,RIBES PET PASTA 30G,1,0.33,4,0,4.00,16,SPINGI_vende_rete15g
SubitoFarma,907116659,KPHOS 30BUST,1,0.33,4,0,0,0,VALUTA_taglio
SubitoFarma,907116154,CICATRIDINA 10SUPP,1,0.33,6,0,1.00,39,SPINGI_vende_rete15g
SubitoFarma,907082806,NIVEA VISAGE CLEARUP STR ZONAT,1,0.33,99,0,0,0,VALUTA_taglio
SubitoFarma,907058477,BASENPULVER POLV 100G PASCOE,1,0.33,6,0,0,12,CARRELLO
SubitoFarma,907001642,BIOKCIT FORTE 30BUST,1,0.33,2,0,0,4,CARRELLO
SubitoFarma,906935162,MALVA TISANA 20BUST,1,0.33,2,0,0,35,CARRELLO
SubitoFarma,906839079,ONICO FIX ATTIVAT/RINFORZANTE,1,0.33,4,0,0,0,VALUTA_taglio
SubitoFarma,906799794,CELLFOOD GOCCE 30ML,1,0.33,11,0,1.00,-14,SPINGI_vende_rete15g
SubitoFarma,906629821,RAPHANUS DELTA SOL IAL 50ML,1,0.33,4,0,0,0,VALUTA_taglio
SubitoFarma,906565496,ASHVAMAP 60CPR,1,0.33,2,0,2.00,14,SPINGI_vende_rete15g
SubitoFarma,906555418,RANJAMAP 60CPR,1,0.33,6,0,0,0,VALUTA_taglio
SubitoFarma,906555230,DRAINOMAP 60CPR,1,0.33,6,0,3.00,0,SPINGI_vende_rete15g
SubitoFarma,906482753,GYNECOLASE DET INT 500ML,1,0.33,6,0,3.00,1,SPINGI_vende_rete15g
SubitoFarma,906171741,DEPUR H 60CPS,1,0.33,99,0,0,0,VALUTA_taglio
SubitoFarma,906170131,DRIASLIM 1000ML,1,0.33,8,0,0,5,CARRELLO
SubitoFarma,906154810,EUPHIDRA AMIDO HOFMANN 300G,1,0.33,13,0,1.00,-108,SPINGI_vende_rete15g
SubitoFarma,906141825,VISULID CR PALPEBRALE 15ML,1,0.33,2,0,0,0,VALUTA_taglio
SubitoFarma,906059427,ISOMAR SPRAY IGIENE QUOTIDIANA,1,0.33,6,0,3.00,34,SPINGI_vende_rete15g
SubitoFarma,906008875,BIOTHYMUS DS DERMATITE SEB SH,1,0.33,9,0,1.00,0,SPINGI_vende_rete15g
SubitoFarma,906007695,SAUGELLA IDROCREMA PH NEU 30ML,1,0.33,10,0,7.00,19,SPINGI_vende_rete15g
SubitoFarma,905989327,TINNIT 30CPS,1,0.33,6,0,2.00,28,SPINGI_vende_rete15g
SubitoFarma,905965024,DERMOLUX CR CICATRIZZANTE 30ML,1,0.33,3,0,2.00,16,SPINGI_vende_rete15g
SubitoFarma,905890380,DIMALOSIO COMPLEX 20BUST,1,0.33,5,0,0,25,CARRELLO
SubitoFarma,905734923,CUTAMIR CREMA PROT P SENSIBILI,1,0.33,2,0,0,3,CARRELLO
SubitoFarma,905642183,ALPECIN FT TON INTEN 200ML,1,0.33,2,0,0,0,VALUTA_taglio
SubitoFarma,905435273,DECORTIL C CR VASETTO 250ML,1,0.33,5,0,9.00,54,SPINGI_vende_rete15g
SubitoFarma,905294334,ACIDO ALFA LIPOICO 60CPS,1,0.33,6,0,1.00,9,SPINGI_vende_rete15g
SubitoFarma,905171233,TAURETINA 30CPS,1,0.33,8,0,21.00,-3,SPINGI_vende_rete15g
SubitoFarma,905163679,OZIDERM POLVERE 75G,1,0.33,6,0,9.00,0,SPINGI_vende_rete15g
SubitoFarma,905128310,CLINNIX VITA 45CPS,1,0.33,5,0,2.00,0,SPINGI_vende_rete15g
SubitoFarma,905035453,RHAGADIL SPRAY RAGADI 9ML,1,0.33,3,0,0,0,VALUTA_taglio
SubitoFarma,905028597,PITIREN DET CUTE/CAP 150ML,1,0.33,4,0,0,0,VALUTA_taglio
SubitoFarma,904994631,NEUROTONOS 2000 5FL 10ML,1,0.33,6,0,9.00,35,SPINGI_vende_rete15g
SubitoFarma,904985886,PROLIFE ENZIMI 30CPS,1,0.33,10,0,2.00,2,SPINGI_vende_rete15g
SubitoFarma,904976141,BIODERM PASTA BARRIERA ZN500ML,1,0.33,2,0,1.00,12,SPINGI_vende_rete15g
SubitoFarma,904934801,IDRASTIN INTIMO 500ML,1,0.33,1,0,1.00,0,SPINGI_vende_rete15g
SubitoFarma,904926058,M-AID DROP MED 15X17 3P,1,0.33,3,0,0,0,VALUTA_taglio
SubitoFarma,904917756,SEREVIT 20BUST,1,0.33,6,0,0,7,CARRELLO
SubitoFarma,904794690,DESMODIO 60CPS,1,0.33,3,0,0,0,VALUTA_taglio
SubitoFarma,904769332,IDRASTIN GOMMAGE 200ML,1,0.33,2,0,0,0,VALUTA_taglio
SubitoFarma,904705213,EUFORTYN 10FL 15ML,1,0.33,7,3,2.00,119,SPINGI_vende_rete15g
SubitoFarma,904665534,DER-MYC MOUSSE IDR CUTE MUCOSE,1,0.33,99,0,0,0,VALUTA_taglio
SubitoFarma,904560442,MEDILEN CREMA 500ML,1,0.33,6,0,0,9,CARRELLO
SubitoFarma,904546544,VEA ORIS SPR 20ML,1,0.33,7,0,3.00,26,SPINGI_vende_rete15g
SubitoFarma,904546037,"ECOCEL PLUS 3,3ML",1,0.33,30,0,0,60,CARRELLO
SubitoFarma,904420270,CALMI' GOCCE 30ML,1,0.33,6,0,0,0,VALUTA_taglio
SubitoFarma,904417793,GOLAFTIN SPRAY 15ML,1,0.33,9,0,0,0,VALUTA_taglio
SubitoFarma,904359989,DILATAN PLUS DIL ANAL 30 1PZ,1,0.33,3,0,0,13,CARRELLO
SubitoFarma,904336450,DUALSAN MONOCOL KKL1 TERAP DX2,1,0.33,6,0,1.00,0,SPINGI_vende_rete15g
SubitoFarma,904336447,DUALSAN MONOCOL KKL1 TERAP DX1,1,0.33,99,0,0,0,VALUTA_taglio
SubitoFarma,904186436,CENTELLA COMPLEX FT 20CPR,1,0.33,3,0,3.00,0,SPINGI_vende_rete15g
SubitoFarma,904108370,VERSIACTIVE DET CORPO BRADERM,1,0.33,5,0,1.00,22,SPINGI_vende_rete15g
SubitoFarma,904057243,DENTALMAX GEL STOMATOLOGICO 50,1,0.33,5,0,0,45,CARRELLO
SubitoFarma,904035944,OTODOG 125ML,1,0.33,8,0,0,3,CARRELLO
SubitoFarma,904004999,EUTROSIS 500 CREMA 500ML,1,0.33,13,0,0,18,CARRELLO
SubitoFarma,904004936,ZACOL NMX 30CPR,1,0.33,10,0,3.00,0,SPINGI_vende_rete15g
SubitoFarma,903986279,ORTOPAD SIMPATY CER M 50PZ,1,0.33,2,0,0,0,VALUTA_taglio
SubitoFarma,903968105,NUTRAMIGEN 2 LGG POLVERE 400G,1,0.33,2,0,0,0,VALUTA_taglio
SubitoFarma,903963635,CROMOVIT CREMA PHARCOS 40ML,1,0.33,10,0,0,0,VALUTA_taglio
SubitoFarma,903933149,CLINNIX UOMO VIT E 50CPS,1,0.33,99,0,0,0,VALUTA_taglio
SubitoFarma,903923769,CER FIXOMULL TRANSPARENT10X200,1,0.33,10,0,1.00,0,SPINGI_vende_rete15g
SubitoFarma,903885616,OZONIA 10 CREMA OZONO 35ML,1,0.33,2,0,0,24,CARRELLO
SubitoFarma,903779318,ECHIGIN LAVANDA VAG 5FL MONOD,1,0.33,2,0,0,0,VALUTA_taglio
SubitoFarma,903774444,IDRASTIN GEMME 28PERLE MONOD,1,0.33,2,0,1.00,7,SPINGI_vende_rete15g
SubitoFarma,903646394,MACROCEA 20BUSTINE,1,0.33,7,0,0,12,CARRELLO
SubitoFarma,903634044,STANFLEX PLUS 30CPR,1,0.33,3,0,6.00,0,SPINGI_vende_rete15g
SubitoFarma,903627228,GIBAUD ORTHO TUTORE SPALLA,1,0.33,5,0,0,3,CARRELLO
SubitoFarma,903485769,PROB IMMUNAL 20BUST,1,0.33,3,0,0,0,VALUTA_taglio
SubitoFarma,903477572,PITIREN LOZIONE 50ML,1,0.33,4,0,0,-3,VALUTA_taglio
SubitoFarma,903459016,FISIODERM DETERGENTE INTIMO,1,0.33,2,0,4.00,5,SPINGI_vende_rete15g
SubitoFarma,903455588,BIOSSIGEN 20BUST 3G,1,0.33,3,0,0,19,CARRELLO
SubitoFarma,903204941,RELAXCOL 36CPS,1,0.33,6,0,3.00,161,SPINGI_vende_rete15g
SubitoFarma,903144715,SCHOLL GELACTIV SEP/DITA ALLUC,1,0.33,99,0,0,0,VALUTA_taglio
SubitoFarma,902820327,RINOPANTEINA GOCCE NASALI 30ML,1,0.33,7,2,1.00,0,SPINGI_vende_rete15g
SubitoFarma,902689456,NOSTIP SOLUZIONE 200ML,1,0.33,5,0,1.00,24,SPINGI_vende_rete15g
SubitoFarma,902680812,BIODREN M-P 50ML SOL IAL,1,0.33,2,0,0,0,VALUTA_taglio
SubitoFarma,902649298,EMATONIL PLUS EMULS GEL 50ML,1,0.33,8,165,16.00,17,SPINGI_vende_rete15g
SubitoFarma,902632417,CERUMINA SILICON 6PZ,1,0.33,11,0,0,0,VALUTA_taglio
SubitoFarma,902550476,PENTA U30 EMULSIONE 100ML,1,0.33,3,0,0,28,CARRELLO
SubitoFarma,902508682,SERENIMAP 60CPR 500MG,1,0.33,3,0,1.00,11,SPINGI_vende_rete15g
SubitoFarma,902442262,INTIMOIL OLIO DET IG INT 200ML,1,0.33,4,0,23.00,203,SPINGI_vende_rete15g
SubitoFarma,902340140,DICODRAL FORTE 12BUST,1,0.33,7,0,0,9,CARRELLO
SubitoFarma,902332333,EPITALOE GTT OCULARI 10ML,1,0.33,2,0,0,0,VALUTA_taglio
SubitoFarma,902232824,OLEOSKIN MANI PHARCOS DET150ML,1,0.33,2,0,0,34,CARRELLO
SubitoFarma,902199227,GUAM FANGHI D'ALGA FREDDO 1KG,1,0.33,8,0,0,46,CARRELLO
SubitoFarma,902183072,VEA MARSIGLIA SAP NAT 100G,1,0.33,2,0,0,0,VALUTA_taglio
SubitoFarma,902181977,ISOCELL FORTE 40CPR,1,0.33,3,0,0,5,CARRELLO
SubitoFarma,902133026,REMEDIUM 02 REDORM 100ML,1,0.33,5,0,0,8,CARRELLO
SubitoFarma,902081165,MILCO BEVANDA APROT 500ML,1,0.33,12,0,0,0,VALUTA_taglio
SubitoFarma,902050653,PEDIARGIN 10FL 10ML,1,0.33,3,0,0,0,VALUTA_taglio
SubitoFarma,902041159,"SIRIN INS BD 0,5ML 30G",1,0.33,9,0,10.00,14,SPINGI_vende_rete15g
SubitoFarma,901741241,MIGLIOCRES 60CPS,1,0.33,7,0,0,22,CARRELLO
SubitoFarma,901730325,GEHWOL BALS GAMBE 125ML,1,0.33,6,0,0,0,VALUTA_taglio
SubitoFarma,901713990,PASTA EUROSPITAL PROT 100ML,1,0.33,7,65,0,7,CARRELLO
SubitoFarma,901674200,VISU Q10 20CPS,1,0.33,2,0,0,8,CARRELLO
SubitoFarma,901603821,"ALLEVYN ADHESIVE 7,5X7,5CM 3ME",1,0.33,9,0,0,-4,VALUTA_taglio
SubitoFarma,901559649,ARGILLA POLV 1KG,1,0.33,7,0,0,0,VALUTA_taglio
SubitoFarma,901558609,QUOTIDIANA ANTIODORANTE 75ML,1,0.33,4,0,2.00,20,SPINGI_vende_rete15g
SubitoFarma,901558320,BRUNEX CREMA 30ML,1,0.33,3,0,0,0,VALUTA_taglio
SubitoFarma,901359644,GEHWOL MED CREMA DEODORANTE PI,1,0.33,4,0,0,3,CARRELLO
SubitoFarma,901312456,GIBAUD POLS RIGH BEI 8CM 3,1,0.33,7,0,0,0,VALUTA_taglio
SubitoFarma,901310971,DRENASE 60CPR,1,0.33,7,0,1.00,0,SPINGI_vende_rete15g
SubitoFarma,901298341,KERAMINE H A/CAD 12F 6ML,1,0.33,3,0,1.00,0,SPINGI_vende_rete15g
SubitoFarma,901292223,PSYLLIO 60CPS,1,0.33,6,0,0,14,CARRELLO
SubitoFarma,901239552,DENTOSAN COLLUT TRATT INT200ML,1,0.33,6,0,1.00,0,SPINGI_vende_rete15g
SubitoFarma,901098905,EULUX GOCCE OCULARI CAMOM 10ML,1,0.33,4,0,1.00,0,SPINGI_vende_rete15g
SubitoFarma,901078485,FLEBORAL 100 15CPS,1,0.33,4,0,1.00,31,SPINGI_vende_rete15g
SubitoFarma,900975222,VITAMINA B2 RIBOFLAVINA 100,1,0.33,9,0,1.00,0,SPINGI_vende_rete15g
SubitoFarma,900958695,BENUSCLER CR 100ML,1,0.33,9,0,1.00,12,SPINGI_vende_rete15g
SubitoFarma,900761711,REV KERATIN SHAMPOO 250ML,1,0.33,4,0,0,0,VALUTA_taglio
SubitoFarma,900748462,GEHWOL CREMA FUSSKREM 75ML,1,0.33,99,0,0,0,VALUTA_taglio
SubitoFarma,900702782,BETULDEP 20F 10ML,1,0.33,6,0,3.00,0,SPINGI_vende_rete15g
SubitoFarma,900582495,"BD MICRO INS DEMI0,3ML30G8M",1,0.33,12,0,0,4,CARRELLO
SubitoFarma,900533757,CLOREXYDERM SHAMPOO 250ML,1,0.33,11,0,1.00,-1,SPINGI_vende_rete15g
SubitoFarma,900532159,CUSCINO ANTIDEC CARROZZINA,1,0.33,99,0,0,0,VALUTA_taglio
SubitoFarma,900506787,B-VITAL TOTALE ARA 20CPR EFFER,1,0.33,6,0,3.00,0,SPINGI_vende_rete15g
SubitoFarma,900498813,CLOREXYDERM SOL 4% SCHIUMA,1,0.33,8,0,0,-4,VALUTA_taglio
SubitoFarma,900498460,CHITOSOL LATTE SOL SPF50 125ML,1,0.33,2,0,3.00,3,SPINGI_vende_rete15g
SubitoFarma,900489360,GASTROTUSS SCIROPPO 500ML,1,0.33,7,4,1.00,49,SPINGI_vende_rete15g
SubitoFarma,900466703,DERCOS SHAMPOO ENERG 200ML,1,0.33,14,0,0,52,CARRELLO
SubitoFarma,900435518,NICOMPLEX 36CPS,1,0.33,2,0,3.00,15,SPINGI_vende_rete15g
SubitoFarma,900411188,MOST CREMA LENITIVA 50ML,1,0.33,4,0,3.00,0,SPINGI_vende_rete15g
SubitoFarma,900360254,IDRASTIN CREMA RIGENERANTE50ML,1,0.33,5,0,3.00,0,SPINGI_vende_rete15g
SubitoFarma,900329119,DERMAMID OIL OLIO BAGNO 250ML,1,0.33,4,0,0,0,VALUTA_taglio
SubitoFarma,900319070,CROMOVIT PHARCOS 60CPS,1,0.33,9,0,0,28,CARRELLO
SubitoFarma,900314992,PSICOPHYT UNO SOL IAL 50ML,1,0.33,4,0,3.00,7,SPINGI_vende_rete15g
SubitoFarma,900294455,INVIEW 97229 STAND AUTOADES 29,1,0.33,99,0,0,0,VALUTA_taglio
SubitoFarma,900247709,NONAK MOUSSE DETERGENTE 100ML,1,0.33,2,0,0,13,CARRELLO
SubitoFarma,900212919,ARTDINAMIC 20BUST,1,0.33,2,0,0,21,CARRELLO
SubitoFarma,900125269,SANTES OVULI VAGINALI 14PZ,1,0.33,9,0,4.00,51,SPINGI_vende_rete15g
SubitoFarma,881508016,ARNICA MONTANA HOMEOPHARM UNG,1,0.33,99,0,0,0,VALUTA_taglio
SubitoFarma,881092098,PAPIVA 30CPS IMMUNOVANDA,1,0.33,2,0,0,0,VALUTA_taglio
SubitoFarma,808848170,TRAUMEEL S CREMA 50G,1,0.33,5,0,1.00,35,SPINGI_vende_rete15g
SubitoFarma,801462755,BFX CR 2 30CPS 500MG,1,0.33,5,0,1.00,0,SPINGI_vende_rete15g
SubitoFarma,801211309,RIGE 1 GOCCE 50ML,1,0.33,1,0,0,0,VALUTA_taglio
SubitoFarma,801210307,SIN 2 50ML GTT,1,0.33,1,0,0,0,VALUTA_taglio
SubitoFarma,801106168,SANUKEHL COLI D6 GTT 10ML,1,0.33,1,0,0,15,CARRELLO
SubitoFarma,800601041,2LEBV 30CPS,1,0.33,8,0,6.00,17,SPINGI_vende_rete15g
SubitoFarma,800490157,LYMDIARAL 50ML GTT PASCOE,1,0.33,10,0,3.00,-12,SPINGI_vende_rete15g
SubitoFarma,800220701,HOMEOS 17 GOCCE 50ML,1,0.33,4,0,1.00,0,SPINGI_vende_rete15g
SubitoFarma,800144178,BIOCYCLIC PLUS 4G GR,1,0.33,1,0,0,0,VALUTA_taglio
SubitoFarma,800106369,NOTAKEHL D5 20CPR SANUM,1,0.33,1,0,0,9,CARRELLO
SubitoFarma,104687076,VECTRA 3D*3PIP 4-10KG VERDE,1,0.33,1,0,0,25,CARRELLO
SubitoFarma,103249037,NEOFORACTIL SPRAY*300ML,1,0.33,1,0,5.00,0,SPINGI_vende_rete15g
SubitoFarma,050993029,DICOFLORELLE GINEC*6CPS VAG MO,1,0.33,2,0,0,0,VALUTA_taglio
SubitoFarma,048922013,ZEFLAVON*30CPR RIV 500MG,1,0.33,10,0,0,15,CARRELLO
SubitoFarma,048887018,GUNA INTERFERON GAMMA*C4 30ML,1,0.33,1,0,1.00,15,SPINGI_vende_rete15g
SubitoFarma,047735016,GUNABIOS*OS GTT 30ML,1,0.33,1,0,3.00,0,SPINGI_vende_rete15g
SubitoFarma,047578012,GUNA T3*D11 OS GTT 30ML,1,0.33,1,0,0,0,VALUTA_taglio
SubitoFarma,047446012,"GUTTALAX*OS GTT 15ML 7,5MG/ML",1,0.33,5,2,8.00,15,SPINGI_vende_rete15g
SubitoFarma,044958015,FMS CROTALUS COMPLEX*30ML GTT,1,0.33,2,0,0,12,CARRELLO
SubitoFarma,042922017,NEXIUM CONTROL*7CPR GASTR 20MG,1,0.33,14,0,0,0,VALUTA_taglio
SubitoFarma,042386058,BRUFEN ANALGESICO*12CPR 200MG,1,0.33,14,0,5.00,31,SPINGI_vende_rete15g
SubitoFarma,042028035,OKITASK*10CPR RIV 40MG,1,0.33,13,0,5.00,12,SPINGI_vende_rete15g
SubitoFarma,041536020,NUROFENBABY*10SUPP 60MG,1,0.33,4,0,1.00,0,SPINGI_vende_rete15g
SubitoFarma,040932079,SOLMUCOL MUCOLITICO*30CPR600MG,1,0.33,7,0,0,0,VALUTA_taglio
SubitoFarma,039390012,"NIOGERMOX*SMALTO UNGHIE 3,3ML",1,0.33,3,0,0,0,VALUTA_taglio
SubitoFarma,039067018,VITANGO*30CPR RIV 200MG,1,0.33,14,0,0,-1,VALUTA_taglio
SubitoFarma,038864068,BUSCOPAN*30CPR RIV 10MG,1,0.33,2,0,4.00,0,SPINGI_vende_rete15g
SubitoFarma,038663011,IBUPROFENE PEN*12BUST 400MG,1,0.33,9,0,0,0,VALUTA_taglio
SubitoFarma,038353025,DOLAUT MONO*8CER MED 14MG,1,0.33,1,0,2.00,12,SPINGI_vende_rete15g
SubitoFarma,037899010,"FROBEN RAFFREDDORE*15ML 0,05%",1,0.33,5,2,2.00,0,SPINGI_vende_rete15g
SubitoFarma,037629019,CETIRIZINA SAND*7CPR RIV 10MG,1,0.33,8,0,2.00,-97,SPINGI_vende_rete15g
SubitoFarma,037291061,CAREXIDIL*3FL SOLUZ CUT 60ML5%,1,0.33,5,0,7.00,30,SPINGI_vende_rete15g
SubitoFarma,037291046,CAREXIDIL*SOLUZ CUT 60ML 2%,1,0.33,4,0,2.00,0,SPINGI_vende_rete15g
SubitoFarma,037291010,CAREXIDIL*SOLUZ CUT 60ML 5%,1,0.33,2,0,0,0,VALUTA_taglio
SubitoFarma,036720023,"ROSICED*CREMA 30G 0,75%",1,0.33,4,0,0,9,CARRELLO
SubitoFarma,035799028,RINOCLENIL*SPRAY 200ER 100MCG,1,0.33,6,0,6.00,0,SPINGI_vende_rete15g
SubitoFarma,034893014,STIXENIL*20CPR RIV 5MG,1,0.33,1,1,0,205,CARRELLO
SubitoFarma,034842029,SIMECRIN*30CPR MAST 80MG,1,0.33,2,0,0,0,VALUTA_taglio
SubitoFarma,034512020,LOPERAMIDE DOC*15CPR 2MG,1,0.33,2,0,1.00,22,SPINGI_vende_rete15g
SubitoFarma,033420050,TRAULEN*GEL 4% FL 25G C/EROG,1,0.33,5,0,12.00,20,SPINGI_vende_rete15g
SubitoFarma,032182077,"SODIO CLORURO EUROS*0,9%1000ML",1,0.33,2,0,0,17,CARRELLO
SubitoFarma,031103017,ZOLFO E POTASSIO CARBONATO*UNG,1,0.33,4,0,0,0,VALUTA_taglio
SubitoFarma,029565013,"LAEVOLAC*SCIR 180ML 66,7%",1,0.33,12,1,7.00,62,SPINGI_vende_rete15g
SubitoFarma,028523013,METRONIDAZOLO SAME*GEL 30G 1%,1,0.33,1,0,2.00,0,SPINGI_vende_rete15g
SubitoFarma,027757032,FLECTOR*5CER MEDIC 180MG,1,0.33,7,3,0,0,VALUTA_taglio
SubitoFarma,026725034,REGAINE*SOLUZ 60ML 5%,1,0.33,5,0,4.00,36,SPINGI_vende_rete15g
SubitoFarma,026045029,CANESTEN UNIDIE*CREMA 30G 1%,1,0.33,16,1,4.00,0,SPINGI_vende_rete15g
SubitoFarma,026043063,LOMEXIN*SPRAY CUT 30ML 20MG/G,1,0.33,1,0,0,5,CARRELLO
SubitoFarma,025910047,SURSUM*30CPS MOLLI 400UI,1,0.33,2,0,2.00,58,SPINGI_vende_rete15g
SubitoFarma,025833029,GYNOCANESTEN*12CPR VAG 100MG,1,0.33,3,0,0,0,VALUTA_taglio
SubitoFarma,025519075,"MAG 2*OS GRAT 40BUST 2,25G",1,0.33,12,0,6.00,32,SPINGI_vende_rete15g
SubitoFarma,025358058,ABIMONO*1 OV VAG 600MG,1,0.33,2,0,4.00,0,SPINGI_vende_rete15g
SubitoFarma,025009085,MUCICLAR*OS GRAT 30BUST 30MG,1,0.33,2,0,0,12,CARRELLO
SubitoFarma,024625042,MICONAL*POLV DERM 20G 2%,1,0.33,1,0,1.00,5,SPINGI_vende_rete15g
SubitoFarma,023603196,PEVARYL*SOL CUT 30ML 1% SPRAY,1,0.33,7,0,1.00,0,SPINGI_vende_rete15g
SubitoFarma,023603069,PEVARYL*EMULS CUT 30ML 1%,1,0.33,2,0,0,0,VALUTA_taglio
SubitoFarma,023603018,PEVARYL*CREMA 30G 1%,1,0.33,4,0,0,13,CARRELLO
SubitoFarma,023589031,STREPTOSIL NEOMICINA*POLV 10G,1,0.33,4,1,2.00,11,SPINGI_vende_rete15g
SubitoFarma,022512014,"DUPHALAC*SCIR 200ML66,7G/100ML",1,0.33,12,0,0,0,VALUTA_taglio
SubitoFarma,020942025,"TROFODERMIN*CR DERM30G 0,5+0,5",1,0.33,6,16,1.00,41,SPINGI_vende_rete15g
SubitoFarma,018610067,CARNITENE*10CPR MAST 1G,1,0.33,6,0,1.00,0,SPINGI_vende_rete15g
SubitoFarma,017863034,"TETRAMIL*10FL MONOD 0,5ML",1,0.33,1,0,4.00,22,SPINGI_vende_rete15g
SubitoFarma,017863010,"TETRAMIL*COLL FL10ML 0,3+0,05%",1,0.33,1,0,3.00,28,SPINGI_vende_rete15g
SubitoFarma,013868043,PROCTOSEDYL*6SUPPOSTE,1,0.33,10,0,0,-20,VALUTA_taglio
SubitoFarma,012745055,TACHIPIRINA*BB 10SUPP 500MG,1,0.33,1,42,1.00,14,SPINGI_vende_rete15g
SubitoFarma,010130021,BIODERMATIN*30CPR 5MG,1,0.33,2,0,0,0,VALUTA_taglio
SubitoFarma,005638010,"LUAN*GEL 15G 2,5%+APPLICATORE",1,0.33,15,1,0,13,CARRELLO
SubitoFarma,005556028,ORTODERMINA*CREMA 10G 5%,1,0.33,2,0,0,15,CARRELLO
SubitoFarma,004905143,"PLACENTEX*SOL CUT 10F 0,75MG",1,0.33,4,0,2.00,36,SPINGI_vende_rete15g
SubitoFarma,004853053,VALERIANA DISPERT*20CPR 125MG,1,0.33,9,0,8.00,0,SPINGI_vende_rete15g
SubitoFarma,003803107,GLICEROVALEROVIT*50CPR RIV,1,0.33,3,0,0,0,VALUTA_taglio
SubitoFarma,003410026,"IMIDAZYL*COLL FL 10ML 0,1%",1,0.33,1,37,4.00,0,SPINGI_vende_rete15g
