tenant,minsan,prodotto,n_click,costo_click,erp_stock,supplier_stock,pos
Farmacia Mandanici,000367072,"TISANA KELEMATA*20BUST 1,3G",1,0.33,1,175,8
Farmacia Mandanici,004336107,SARIDON*20CPR,1,0.33,1,5000,6
Farmacia Mandanici,004558185,NEONISIDINA*12CPR,1,0.33,35,559,7
Farmacia Mandanici,005408024,"BRUNIZINA*GTT NAS 10ML 0,2%",1,0.33,0,214,1
Farmacia Mandanici,010386074,HIRUDOID 40000UI*GEL 50G,1,0.33,14,111,12
Farmacia Mandanici,013046077,ENTEROGERMINA*OS 10FL 4MLD 5ML,1,0.33,386,489,12
Farmacia Mandanici,013046089,ENTEROGERMINA*OS 20FL 4MLD 5ML,1,0.33,130,1133,11
Farmacia Mandanici,013046115,ENTEROGERMINA*OS 9BS 6MLD/2G,1,0.33,16,141,12
Farmacia Mandanici,020949020,"GUTTALAX*OS GTT 15ML 7,5MG/ML",1,0.33,0,229,2
Farmacia Mandanici,021115023,CTARD*60CPS 500MG RP FL,1,0.33,10,1622,5
Farmacia Mandanici,021528157,"TAMARINE*MARMEL260G 80+3,9MG/G",1,0.33,26,924,12
Farmacia Mandanici,023185059,LISOMUCIL TOSSE MUC*AD SCIR 5%,1,0.33,1,118,9
Farmacia Mandanici,023603018,PEVARYL*CREMA 30G 1%,1,0.33,1,1842,15
Farmacia Mandanici,024851026,VISUGLICAN*COLL 25D 40+2MG/ML,1,0.33,0,254,1
Farmacia Mandanici,025647037,TROSYD*POLV CUT 30G 1%,1,0.33,3,523,12
Farmacia Mandanici,025774011,"DERMOCORTAL*CREMA 20G 0,5%",1,0.33,5,100,6
Farmacia Mandanici,026725034,REGAINE*SOLUZ 60ML 5%,1,0.33,0,110,5
Farmacia Mandanici,026752079,LEVOTUSS*SCIR 10BUST 60MG/10ML,1,0.33,0,292,3
Farmacia Mandanici,026814158,"PORTOLAC*SCIR FL 200ML 66,67G",1,0.33,4,217,1
Farmacia Mandanici,027077027,NTR*SPRAY NASALE 15ML,1,0.33,0,120,2
Farmacia Mandanici,027456033,CLAREMA*CREMA 30G 1%,1,0.33,4,486,1
Farmacia Mandanici,028057014,"SOLUMAG*OS 20FL 1,5G 10ML",1,0.33,0,100,1
Farmacia Mandanici,028122063,"ONILAQARE*SMALTO UNGHIE 2,5ML",1,0.33,0,252,5
Farmacia Mandanici,029824291,ACQUA PI GS*5F 5ML,1,0.33,0,34,1
Farmacia Mandanici,029851173,MOVICOL*SENZA AROMA BB 20BUST,1,0.33,8,222,10
Farmacia Mandanici,030775023,"SODIO CLORURO FKI*0,9% 100ML",1,0.33,0,937,1
Farmacia Mandanici,031041015,ACIDO BORICO NEW F*3% FL 500ML,1,0.33,0,233,1
Farmacia Mandanici,031310016,ACIDO BORICO ALM*3% 500ML,1,0.33,0,51,1
Farmacia Mandanici,032154015,VECTAVIR LABIALE*CREMA 2G 1%,1,0.33,7,0,1
Farmacia Mandanici,032182077,"SODIO CLORURO EUROS*0,9%1000ML",1,0.33,0,36,1
Farmacia Mandanici,032773057,"AIRTAL*CREMA 50G 1,5G/100G",1,0.33,0,22,3
Farmacia Mandanici,033428020,LEVIOGEL*GEL 100G 1%,1,0.33,66,812,2
Farmacia Mandanici,034447045,"CELLUVISC*COLL 30F 0,4ML5MG/ML",1,0.33,0,155,1
Farmacia Mandanici,034842031,SIMECRIN*24CPR MAST 120MG,1,0.33,7,723,8
Farmacia Mandanici,034936157,FLUIMUCIL MUCOL*SCIR600MG/15ML,1,0.33,28,549,8
Farmacia Mandanici,035450016,DICLOREUM ACTIGEL*GEL 50G 1%,1,0.33,0,366,4
Farmacia Mandanici,035469028,"IMIDAZYL ANTIST*COLL 10FL0,5ML",1,0.33,31,593,5
Farmacia Mandanici,035760089,NEOBORO GOLADO*SPRAY LIM&MIELE,1,0.33,20,237,1
Farmacia Mandanici,035953025,"LAXIPEG*OS POLV 20BUST 9,7G",1,0.33,0,190,4
Farmacia Mandanici,036028013,"RELESTAT*COLL FL 5ML 0,5MG/ML",1,0.33,0,29,2
Farmacia Mandanici,037291097,CAREXIDIL*3FL SOLUZ CUT 60ML2%,1,0.33,0,52,1
Farmacia Mandanici,037291109,CAREXIDIL*4FL SOLUZ CUT 60ML2%,1,0.33,0,36,1
Farmacia Mandanici,037474032,CAREDIESSE*SHAMP2FL 60ML10MG/G,1,0.33,1,217,11
Farmacia Mandanici,038370019,BREXIDOL UNIDIE*4CER MED 14MG,1,0.33,12,192,6
Farmacia Mandanici,038629059,IRIREOS ANT*OS GTT 10FL10MG1ML,1,0.33,19,92,1
Farmacia Mandanici,041218025,ZERINOACTIV*20CPR 200MG+30MG,1,0.33,1,54,7
Farmacia Mandanici,042311023,MINOXIDIL BIORGA*SOL CUT 3FL5%,1,0.33,1,254,6
Farmacia Mandanici,042979029,SALONPAS FLESSIBILE*5CER7x10CM,1,0.33,0,813,6
Farmacia Mandanici,043109040,IBUPROFENE DOC*12CPR RIV 400MG,1,0.33,40,3717,1
Farmacia Mandanici,043510027,FLURBIPROFENE PE*OS SPRAY 15ML,1,0.33,0,1110,3
Farmacia Mandanici,043850015,GYNOCANESTEN MONO*1CPSVAG500MG,1,0.33,1,117,12
Farmacia Mandanici,044038053,MAALOX*40CPR MAST 400MG+400MG,1,0.33,0,1129,1
Farmacia Mandanici,045625011,VOLTAREN EMULGEL*GEL 100G 1%,1,0.33,0,355,1
Farmacia Mandanici,046318022,SALE DR SCHUSSLER N.7 MAPH*200,1,0.33,0,39,8
Farmacia Mandanici,047512013,"AMOROLFINA SAN*SMALTO 2,5ML",1,0.33,3,163,3
Farmacia Mandanici,047584913,STAPHYSAGRIA DYN*200K GL,1,0.33,0,10,1
Farmacia Mandanici,047736018,ONOPRIM*OS GTT 1FL 50ML,1,0.33,0,61,2
Farmacia Mandanici,048131027,"ONICOTER*SMALTO MED 1FL 6,6ML",1,0.33,0,340,2
Farmacia Mandanici,048922013,ZEFLAVON*30CPR RIV 500MG,1,0.33,0,100,8
Farmacia Mandanici,049232010,BENERVA*20CPR 300MG,1,0.33,0,274,3
Farmacia Mandanici,049714013,IBUPROFENE PENSA*12CPR 400MG,1,0.33,0,203,2
Farmacia Mandanici,049822012,OLONET*COLLIRIO 1FL 5ML 1MG/ML,1,0.33,0,63,1
Farmacia Mandanici,050039015,"KETAZED*COLL FL 10ML 0,25MG/ML",1,0.33,0,155,1
Farmacia Mandanici,050210018,DELTARINDEK DEC*SPRAY NAS 10ML,1,0.33,0,1395,5
Farmacia Mandanici,050655048,SCEVADIL*SOL CUT3FL60ML50MG/ML,1,0.33,0,0,
Farmacia Mandanici,051032011,REXORUBIA*OS GRAT 350G,1,0.33,0,36,4
Farmacia Mandanici,051342020,DICLOREUMACT*GEL 100G 20MG/G,1,0.33,24,42,1
Farmacia Mandanici,101750014,METABOLASE Iniett.500ml,1,0.33,0,15,1
Farmacia Mandanici,101759013,OTOPET Flac.130g Gtt.,1,0.33,0,52,1
Farmacia Mandanici,102330014,PRALEN*12CPR MAST FL,1,0.33,0,10,1
Farmacia Mandanici,102796012,PANACUR*10CPR 250MG,1,0.33,0,68,2
Farmacia Mandanici,104373030,"ADVANTAGE*4PIP 0,8ML SPOTON",1,0.33,0,137,8
Farmacia Mandanici,104687025,"VECTRA 3D*3PIP 1,5-4KG GIALLO",1,0.33,0,196,4
Farmacia Mandanici,104918026,AMFLEE COMBO*3PIP GATTI/FURETT,1,0.33,0,140,3
Farmacia Mandanici,105392068,DELTATIC*2COLLARI CANI 5-25KG,1,0.33,0,4,1
Farmacia Mandanici,105682052,"FRONTPRO*3CPR 4-10KG 28,3MG",1,0.33,3,80,11
Farmacia Mandanici,800106205,MUCOKEHL D5 20CPR SANUM,1,0.33,0,30,2
Farmacia Mandanici,800106597,SANKOMBI D5 10ML GTT SANUM,1,0.33,0,149,1
Farmacia Mandanici,800130116,WELEDA Agaricus Phosph.Comp.8F,1,0.33,0,6,3
Farmacia Mandanici,800146235,"UBICHINON COMP.10F. 2,2ml",1,0.33,0,42,2
Farmacia Mandanici,800170514,"ZEEL T 10 F.2,2ml",1,0.33,0,44,1
Farmacia Mandanici,800239485,SILICEA 5CH GR,1,0.33,0,3,1
Farmacia Mandanici,800243560,ALUMINA 30CH GR,1,0.33,0,5,5
Farmacia Mandanici,800342077,MATENVIS 12F 2ML VIS,1,0.33,0,8,1
Farmacia Mandanici,800589956,MOMORDICA OTI COMPOSTO GOCCE,1,0.33,0,3,9
Farmacia Mandanici,800594184,GAMMA BIO H COMPLEX 20F FIS,1,0.33,0,3,1
Farmacia Mandanici,800601229,2LXFS 30CPS,1,0.33,0,11,5
Farmacia Mandanici,800891499,ARNICA 200CH 10ML GTT,1,0.33,0,11,2
Farmacia Mandanici,800928463,RENINUM 5CH GR,1,0.33,0,4,2
Farmacia Mandanici,801210853,SIN 56 50ML GTT,1,0.33,0,25,2
Farmacia Mandanici,801210954,DRE 5 50ML GTT,1,0.33,0,29,2
Farmacia Mandanici,881073961,FEE TONIC 15ML,1,0.33,0,9,8
Farmacia Mandanici,881111064,OVARINUM SP 20F FISX2ML,1,0.33,0,1,4
Farmacia Mandanici,900051638,CLINNER INTIMO DETERGENTE500ML,1,0.33,0,34,5
Farmacia Mandanici,900095769,MELIVEN PLUS 20SOFTGEL,1,0.33,0,353,6
Farmacia Mandanici,900176227,LONGLIFE AMINO COMPLEX 60TAV,1,0.33,0,66,3
Farmacia Mandanici,900190758,DEPURATIVO Antartico 500ml,1,0.33,0,150,5
Farmacia Mandanici,900199934,FIDREN OLIO 100ML,1,0.33,0,71,3
Farmacia Mandanici,900215423,SCUDOTEX GAMB VIAGGIO PC NE 4,1,0.33,0,3,2
Farmacia Mandanici,900278882,PREREID BUSTINE HUMANA 20PZ,1,0.33,1,59,13
Farmacia Mandanici,900294152,VISUTON OPC 30CPR,1,0.33,0,126,2
Farmacia Mandanici,900394432,"CER LEUKOPLAST MUTUA 5X1,25CM",1,0.33,0,100,5
Farmacia Mandanici,900411188,MOST CREMA LENITIVA 50ML,1,0.33,0,18,9
Farmacia Mandanici,900427636,KIRON ARGEA ARGILLA 250ML,1,0.33,0,46,5
Farmacia Mandanici,900533757,CLOREXYDERM SHAMPOO 250ML,1,0.33,1,637,15
Farmacia Mandanici,900583485,GINEXID SCHIUMA DET 150ML,1,0.33,4,5100,15
Farmacia Mandanici,900586165,SAUGELLA POLIGYN 50+ 250ML,1,0.33,1,321,7
Farmacia Mandanici,900651807,STETOFONENDOSCOPIO PROFESSIONA,1,0.33,0,1,1
Farmacia Mandanici,900676988,GLORIAM GAMB 242AD MX BE LL 1P,1,0.33,0,2,2
Farmacia Mandanici,900697970,GARZA 12/8 IDROF 10X10CM 1KG,1,0.33,0,111,2
Farmacia Mandanici,900750136,P6 NAUSEA CONTROL BRACCIALE BB,1,0.33,4,654,1
Farmacia Mandanici,900762079,REV DERMOSCHIUMA 125ML,1,0.33,2,115,8
Farmacia Mandanici,900780471,VEA OLIO IDRAT PROT P SEC 20ML,1,0.33,2,1389,14
Farmacia Mandanici,900851294,DITRAPSOR SHAMPOO 100ML,1,0.33,0,77,3
Farmacia Mandanici,900866551,EUPH SKIN CR ANTIR 40ML,1,0.33,7,47,1
Farmacia Mandanici,900925595,BRAVA CINTURA PLACCA CONV 1PZ,1,0.33,0,7,3
Farmacia Mandanici,900958695,BENUSCLER CR 100ML,1,0.33,0,403,1
Farmacia Mandanici,900961210,OLIO 31 FORMULA ORIG USO ESTER,1,0.33,0,62,7
Farmacia Mandanici,901068724,BAVAGLIA AD MONOUSO 100PZ,1,0.33,0,31,2
Farmacia Mandanici,901071391,ACQUASTOP SACCH AVANBRACC,1,0.33,0,27,4
Farmacia Mandanici,901074385,BD MICROFINE AGO G31 8MM 100PZ,1,0.33,0,30,10
Farmacia Mandanici,901133607,REDODERM SHAMPOO CANE/GAT250ML,1,0.33,1,93,10
Farmacia Mandanici,901178968,PARAC CICCARELLI CALLI DURI 9P,1,0.33,0,332,3
Farmacia Mandanici,901289367,LONGLIFE MAGNESIUM 188 100CPR,1,0.33,0,61,3
Farmacia Mandanici,901292223,PSYLLIO 60CPS,1,0.33,0,96,5
Farmacia Mandanici,901298341,KERAMINE H A/CAD 12F 6ML,1,0.33,0,86,6
Farmacia Mandanici,901306441,GENITAL CREMA 30ML,1,0.33,0,55,2
Farmacia Mandanici,901366409,ANTIAGE C CREMA ANTIRUGHE 30ML,1,0.33,0,1,10
Farmacia Mandanici,901424200,SALUFRANGOL 250ML,1,0.33,0,359,10
Farmacia Mandanici,901430672,MAN SUPPORT 15COT GAMB 15 NE 5,1,0.33,0,17,1
Farmacia Mandanici,901466262,TURNOVER CREMA DERMATOLOGICA,1,0.33,0,100,3
Farmacia Mandanici,901482366,PERILUX CREMA PERIOCULARE 15ML,1,0.33,0,317,4
Farmacia Mandanici,901538393,GEL FISSANTE MIGLIO/SOJA 150ML,1,0.33,0,56,5
Farmacia Mandanici,901539294,DEODORANTE AQUASALVIA 100ML,1,0.33,0,3,4
Farmacia Mandanici,901542249,VEA SHAMPOO ANTIFORFORA 125ML,1,0.33,1,176,7
Farmacia Mandanici,901558876,ARGILTUBO 250ML,1,0.33,0,106,7
Farmacia Mandanici,901772739,VITREOSAN ARA VIT C 40CPR EFF,1,0.33,0,533,5
Farmacia Mandanici,901853123,SIG 702 AT + MS PC CRIS,1,0.33,0,1,1
Farmacia Mandanici,901878948,ZANNI GEL ANEL DITA M,1,0.33,0,1,2
Farmacia Mandanici,901944443,ELASTIC CREMA BARBA 150ML,1,0.33,0,100,2
Farmacia Mandanici,902041096,"BD-SIR INS 1M 29G 12,7MM 30P<",1,0.33,0,120,1
Farmacia Mandanici,902092156,SECURDRAIN VIA SACCA UR750 T35,1,0.33,0,1,1
Farmacia Mandanici,902170149,SCHAR MIX B PREP PANE 1KG+20G,1,0.33,0,170,2
Farmacia Mandanici,902170164,SCHAR MIX C FARINA TORTE/BISC,1,0.33,0,100,3
Farmacia Mandanici,902183072,VEA MARSIGLIA SAP NAT 100G,1,0.33,1,190,1
Farmacia Mandanici,902202148,XEROTIN 100ML,1,0.33,0,111,4
Farmacia Mandanici,902209535,EPTIL SPRAY 50ML,1,0.33,0,16,1
Farmacia Mandanici,902229576,MERISTEMO 20 100ML,1,0.33,0,2,5
Farmacia Mandanici,902235353,STERIMAR NASO SENSIBILE SPRAY,1,0.33,0,361,3
Farmacia Mandanici,902305438,PIC SPORT TAPPO AURIC SIL 6PZ,1,0.33,0,342,6
Farmacia Mandanici,902305440,TRANQUIL TAPPI AURICOLARI 4PZ,1,0.33,0,142,6
Farmacia Mandanici,902339480,BIOGEL INFRADITO PIC 2PZ,1,0.33,0,1,2
Farmacia Mandanici,902340177,DICODRAL 60 12BUST,1,0.33,0,125,4
Farmacia Mandanici,902351372,VEGAL GAMB BEI M 1PZ,1,0.33,0,0,
Farmacia Mandanici,902407461,"RUSCH 121415 KIT TRACHEOFIX8,5",1,0.33,0,7,2
Farmacia Mandanici,902408588,BIODERM DERMOLIQUIDO 1000ML,1,0.33,0,124,1
Farmacia Mandanici,902490440,GUAM FANGHI D'ALGA CR GEL FRED,1,0.33,0,37,
Farmacia Mandanici,902505027,SANOTINT TINTURA CAPELLI 28,1,0.33,0,0,
Farmacia Mandanici,902506551,PECTIFLOR 20CPR EFFERVESCENTI,1,0.33,0,18,4
Farmacia Mandanici,902553635,DELIFAB ANGIOCREAM 50ML,1,0.33,0,16,3
Farmacia Mandanici,902574197,IRIS CREMA CORPO 300ML,1,0.33,0,53,6
Farmacia Mandanici,902632417,CERUMINA SILICON 6PZ,1,0.33,4,203,3
Farmacia Mandanici,902632443,M-AID OPTOMED GARZA 5PZ,1,0.33,22,100,1
Farmacia Mandanici,902659933,VEA LIPSTICK LIPOGEL LABB 10ML,1,0.33,1,125,10
Farmacia Mandanici,902684315,PERSPIREX FOOT LOT ANTITR PIED,1,0.33,3,433,9
Farmacia Mandanici,902697679,EMOFIX UNGUENTO BARRI EMOST30G,1,0.33,1,102,5
Farmacia Mandanici,902711581,DINABASE 7 ADESIVO DENTIERE,1,0.33,1,347,2
Farmacia Mandanici,902732054,BENPED ALLUCE VALGO 1PZ,1,0.33,0,4,6
Farmacia Mandanici,902777818,SOWASH IDROPULSORE RIC 2PZ,1,0.33,0,1,4
Farmacia Mandanici,902813031,CLINNER DELICATO SH LAV FREQ,1,0.33,0,0,
Farmacia Mandanici,902813070,SANODET DEL SH LAV FREQ 500ML,1,0.33,0,2,3
Farmacia Mandanici,902975477,VASODREN CREMA GAMBE 75ML,1,0.33,1,149,1
Farmacia Mandanici,902988928,SARODERM PLUS 30CPS,1,0.33,0,113,2
Farmacia Mandanici,903009621,BENDA COMPRILAN 6X500CM,1,0.33,0,7,4
Farmacia Mandanici,903069514,LONGLIFE KELP ALGA BRUNA180CPR,1,0.33,0,46,2
Farmacia Mandanici,903144766,SCHOLL GELACTIV CUSC CALLI 2PZ,1,0.33,1,182,6
Farmacia Mandanici,903339897,M-AID GHIACCIO SPRAY 200ML,1,0.33,1,0,1
Farmacia Mandanici,903457137,GLORIAMED BRACC 101C/PALM CO M,1,0.33,0,2,1
Farmacia Mandanici,903528735,VARISAN LUILEI COT1015 ADGR4,1,0.33,0,0,
Farmacia Mandanici,903528774,VARISAN LUILEI COT1015 ADNE3,1,0.33,0,2,2
Farmacia Mandanici,903528887,VARISAN LUILEI COT1520 ADBL4,1,0.33,0,2,1
Farmacia Mandanici,903541237,PROTHER 30BUST 10G,1,0.33,0,109,8
Farmacia Mandanici,903585370,CICLOSOHN 30CPR,1,0.33,0,11,3
Farmacia Mandanici,903594620,BIOSKIN INFRADITO S 1PZ,1,0.33,0,2,3
Farmacia Mandanici,903596765,RIBES PET RECOVERY 60PRL,1,0.33,0,589,6
Farmacia Mandanici,903608166,TOXIRID SG GRAN 150G,1,0.33,0,22,4
Farmacia Mandanici,903628257,GIBAUD ORTHO CAVIGL STABIGIB,1,0.33,0,69,3
Farmacia Mandanici,903701720,DERMABLEND FLUIDO 15 30ML,1,0.33,0,88,11
Farmacia Mandanici,903701769,DERMABLEND FLUIDO 45 30ML,1,0.33,0,124,9
Farmacia Mandanici,903716443,EPACLIN 24CPS,1,0.33,1,148,1
Farmacia Mandanici,903761296,AFLOXIDERM LOZIONE 100ML,1,0.33,0,110,1
Farmacia Mandanici,903769127,TRICORES F SHAMPOO 200ML,1,0.33,0,7,3
Farmacia Mandanici,903786061,BRUNEX URTO CREMA 30ML,1,0.33,0,254,7
Farmacia Mandanici,903921258,RUSCOVEN PLUS 50CPS,1,0.33,1,223,7
Farmacia Mandanici,903936969,SILVERCEL MEDIC STER 5X5CM 10P,1,0.33,0,4,1
Farmacia Mandanici,904001144,"TUBO AEROSOL 1,5M F/F+2ADAT",1,0.33,11,176,1
Farmacia Mandanici,904072093,COLLARE GOMMAPIUMA 8CM M,1,0.33,0,2,1
Farmacia Mandanici,904077385,RINOREX SPRAY NASALE 50ML,1,0.33,4,645,6
Farmacia Mandanici,904094315,SAT LOMBOS U BUST ORTO SEM XL,1,0.33,0,1,1
Farmacia Mandanici,904266210,PROFLUSS 15CPS,1,0.33,2,2376,5
Farmacia Mandanici,904336548,DUALSAN MONOCOL KKL2 TERAP DX3,1,0.33,0,5,1
Farmacia Mandanici,904378597,SAPIGEN K SAPONE LIQ INT 250ML,1,0.33,0,284,4
Farmacia Mandanici,904436146,CONFORM2 PLACCA 70MM R13-57 5P,1,0.33,0,28,1
Farmacia Mandanici,904556976,PROKTIS-M PLUS UNG RETT 30G+CA,1,0.33,1,883,9
Farmacia Mandanici,904577487,BRIO BAST PIEG AL ANOD NE77/87,1,0.33,0,5,1
Farmacia Mandanici,904592173,CICAGEL 15ML,1,0.33,1,472,5
Farmacia Mandanici,904733413,AFTAMED SPRAY 20ML,1,0.33,5,1563,9
Farmacia Mandanici,904976141,BIODERM PASTA BARRIERA ZN500ML,1,0.33,0,118,5
Farmacia Mandanici,905066825,MYDET DOCCIASCHIUMA 200ML,1,0.33,0,51,4
Farmacia Mandanici,905134969,CLARASTILL GOCCE OCULARI 5ML,1,0.33,2,1526,1
Farmacia Mandanici,905596185,GASDEP 45CPS,1,0.33,0,1742,3
Farmacia Mandanici,905603066,AMINOTROFIC 30BUSTE,1,0.33,0,2098,12
Farmacia Mandanici,905682961,MUCOSYTE FLUID SOL CONC 180ML,1,0.33,0,132,5
Farmacia Mandanici,905897652,MEDILEN IPER CREMA 50ML,1,0.33,0,79,3
Farmacia Mandanici,905914634,RICOLA TISANA DISTENSIVE RELAX,1,0.33,0,100,1
Farmacia Mandanici,905954362,GIBAUD ORTHO BRACC ELBOWGIB 3,1,0.33,0,6,3
Farmacia Mandanici,905954982,RESTIVOIL SEBO NORM 250ML,1,0.33,7,418,2
Farmacia Mandanici,905972081,MAGNESIO SUPREMO 300G,1,0.33,2,4850,
Farmacia Mandanici,906016050,LADYGLORIA 24 AREG 240 NE 3,1,0.33,0,3,1
Farmacia Mandanici,906038930,SANOTINT LIGHT BIONDISS DOR 87,1,0.33,0,3,3
Farmacia Mandanici,906048576,TAMPAX COMPAK SUPER 16PZ,1,0.33,0,354,2
Farmacia Mandanici,906154810,EUPHIDRA AMIDO HOFMANN 300G,1,0.33,13,412,5
Farmacia Mandanici,906272885,STRUVA 35 AG BIANCO3 1PZ H932,1,0.33,0,1,1
Farmacia Mandanici,906281086,SIG 702 AD + SL PA CRIS,1,0.33,0,1,1
Farmacia Mandanici,906555204,AMRITA 5 60CPR,1,0.33,0,49,1
Farmacia Mandanici,906555507,VATAMAP 60CPR,1,0.33,0,52,3
Farmacia Mandanici,906561636,OLIO MANDORLE DOLCI 100ML,1,0.33,0,78,6
Farmacia Mandanici,906565181,STENOMAP PASTA 600G,1,0.33,0,105,3
Farmacia Mandanici,906583861,PANTATOX 30CPR,1,0.33,0,1,2
Farmacia Mandanici,906595400,COCCO GRATTUGG BIO SEMPL&BIO,1,0.33,0,1,1
Farmacia Mandanici,906700923,FLORAGYN OVULI VAG 2G 6PZ,1,0.33,0,156,5
Farmacia Mandanici,906757240,PROCTOPURE DETERGENTE LIQUIDO,1,0.33,0,6,1
Farmacia Mandanici,906808732,DERMOFEED SHAMPOO 200ML,1,0.33,0,6,1
Farmacia Mandanici,906833862,RIDUCAL AMIDI & ZUCCHERI 30CPR,1,0.33,24,0,1
Farmacia Mandanici,906989874,GLORIAM GAMB 191 CO NE M 1PA,1,0.33,0,1,1
Farmacia Mandanici,906990039,GLORIAM GAMB 191 LU NE S 1PA,1,0.33,0,1,1
Farmacia Mandanici,907017471,SAUBER COL PREM 140 MICR NE 5,1,0.33,0,7,9
Farmacia Mandanici,907106342,GLORIAM GAMB 142AD COT BE LL,1,0.33,0,3,1
Farmacia Mandanici,907106379,GLORIAM GAMB 142AD MX COT MLU,1,0.33,0,4,1
Farmacia Mandanici,907123537,CLINNIX DETERGENTE DERMAT,1,0.33,1,0,3
Farmacia Mandanici,907144467,SIRINGA STERILE 50ML CONO CATE,1,0.33,0,198,5
Farmacia Mandanici,907152882,VASODREN 30CPR FILMATE,1,0.33,0,804,3
Farmacia Mandanici,907280352,ALLEVYN NON ADHESIVE 10X10CM 3,1,0.33,0,41,4
Farmacia Mandanici,907286936,MERIDOL SPAZZOLINO SET MORB,1,0.33,30,565,1
Farmacia Mandanici,907296848,LADYGLORIA 18 GAMB 140 DAI 2,1,0.33,0,8,5
Farmacia Mandanici,908188966,GIBAUD CAVIGL CALZINO CAMEL 2,1,0.33,0,131,7
Farmacia Mandanici,908215864,CONVEEN LACCI VELCRO 2PZ 5050,1,0.33,0,32,3
Farmacia Mandanici,908220585,GIBAUD CINT ULTRACONTENIT A/5,1,0.33,0,2,3
Farmacia Mandanici,908353459,LONGLIFE POTASSIUM 99 100TAV,1,0.33,0,170,5
Farmacia Mandanici,908460900,FRILIVER 20BUST,1,0.33,1,69,1
Farmacia Mandanici,908485701,GL1 M&D SALBE CREMA 50ML,1,0.33,1,383,4
Farmacia Mandanici,908556564,MEDINORM TAPPO CATET STER,1,0.33,0,100,6
Farmacia Mandanici,908579004,KLOMA STIM LOZIONE 100ML,1,0.33,1,100,1
Farmacia Mandanici,908621194,GEHWOL BALS RINFRESCANTE 75ML,1,0.33,0,91,5
Farmacia Mandanici,908698715,"M-AID ROLLPORE CER 5X2,50CM",1,0.33,2,92,
Farmacia Mandanici,908758030,MAVALA INDURENTE UNGHIE 5ML,1,0.33,0,0,
Farmacia Mandanici,908787880,DIERRE OLIO IDRATANTE VERDE,1,0.33,0,47,1
Farmacia Mandanici,908868641,PRONTEX OCULAR CPR OCULARI10PZ,1,0.33,26,100,1
Farmacia Mandanici,908869694,BENDA PIC AURIC DRESSF CM2X5M,1,0.33,0,265,9
Farmacia Mandanici,908869769,GARZA PIC 10X10CM 25PZ FUSTELL,1,0.33,1,0,1
Farmacia Mandanici,908873882,EAR PLUGS TAPPI AURIC SIL 2PZ,1,0.33,0,145,3
Farmacia Mandanici,908919222,LONGLIFE INOSITOL 100CPR,1,0.33,0,158,10
Farmacia Mandanici,908924626,KLISTER ENTEROCLISMA VIAGGIO,1,0.33,1,132,8
Farmacia Mandanici,909036699,NOCAVITY KIT OTTURAZIONI,1,0.33,9,280,4
Farmacia Mandanici,909068405,GOMITIERA TALLONIERA 2PZ,1,0.33,0,16,3
Farmacia Mandanici,909390104,SEBAMED DET LIQ 1000ML,1,0.33,0,334,5
Farmacia Mandanici,909470078,CARTILAGO SUIS INJ 10F HEEL,1,0.33,0,0,
Farmacia Mandanici,909470837,"Histamin Inj 10f 1,1ml Heel",1,0.33,0,6,3
Farmacia Mandanici,909475358,HOMEOPLASMINE POM 40G,1,0.33,0,130,5
Farmacia Mandanici,909478808,RECKEWEG VC15 SCIR 250ML,1,0.33,0,69,7
Farmacia Mandanici,909723862,GLORIAM GAMB SOFT241 K2 LL,1,0.33,0,2,1
Farmacia Mandanici,909769895,LONGLIFE C 2000 TR 30TAV,1,0.33,0,41,3
Farmacia Mandanici,909890713,OLIO VASELINA 1000ML VEBI,1,0.33,0,468,1
Farmacia Mandanici,909902049,E13 LAVANDA 10ML,1,0.33,0,0,
Farmacia Mandanici,909938122,ESI MULTICOMPLEX POT MG 90OVAL,1,0.33,0,58,10
Farmacia Mandanici,909963682,SANOTINT TINTURA CAPELLI 22,1,0.33,0,17,5
Farmacia Mandanici,910071479,TOP PROSTATA 40CPS,1,0.33,0,93,10
Farmacia Mandanici,910555592,APAXIL CREMA OPACIZZANTE VISO,1,0.33,0,373,3
Farmacia Mandanici,910630476,SECURIL BIO 30CPS,1,0.33,0,12,6
Farmacia Mandanici,910773821,DUOMED GAMB 533 K1 PA S,1,0.33,0,1,1
Farmacia Mandanici,910838251,NUTRIFREE FARINA GRANO SAR500G,1,0.33,0,60,1
Farmacia Mandanici,911023190,SIG 701 AG-BAP LS PA CRIS,1,0.33,0,1,1
Farmacia Mandanici,911147561,PIC GARZA STERICOMPR 36X40 12P,1,0.33,58,427,6
Farmacia Mandanici,911463723,PESSARIO SILICONE 85MM,1,0.33,0,0,
Farmacia Mandanici,911988549,AVEENO TERAP CREAM 100ML,1,0.33,0,67,9
Farmacia Mandanici,912101969,ISOLA BIO DRINK SOIA NATURAL1L,1,0.33,0,7,2
Farmacia Mandanici,912140670,SIG 701 AG-BAP SS PC CRIS,1,0.33,0,1,1
Farmacia Mandanici,912280447,GREEN MAGMA POLVERE 150G,1,0.33,0,3,8
Farmacia Mandanici,912294422,EPITACT PROT ALLUCE VAL GEL S,1,0.33,1,254,4
Farmacia Mandanici,912323627,REVAMIL GEL 18G,1,0.33,0,42,2
Farmacia Mandanici,912463837,CH VASINO PAPEROT CON CONT,1,0.33,0,2,1
Farmacia Mandanici,912513571,LOPROFIN LOOPS CEREALI 375G,1,0.33,0,0,
Farmacia Mandanici,912619487,PROTOCOL 10G 30FL 25ML,1,0.33,0,840,2
Farmacia Mandanici,912805239,LAMINAFIX CREMA INDURENTE UN,1,0.33,0,133,3
Farmacia Mandanici,912831094,RELAX UNI CCL1 AP NAT M,1,0.33,0,7,5
Farmacia Mandanici,912984174,BLANX MED DENTI BIANCHI 100ML,1,0.33,4,0,1
Farmacia Mandanici,913177224,AIR BAG BACK STRAP NUB CUO 37,1,0.33,0,1,3
Farmacia Mandanici,913177275,AIR BAG BACK STRAP NUB CUO 42,1,0.33,0,1,1
Farmacia Mandanici,913226015,SCHOLL CR TAL ACTIVE REPAIR K+,1,0.33,1,257,4
Farmacia Mandanici,913231611,PHLORETIN CF SERUM 30ML,1,0.33,0,27,11
Farmacia Mandanici,913498349,R&R RISO DELIZIA MIR/GR S6X33G,1,0.33,0,0,
Farmacia Mandanici,913538714,SIG THR AD SS PA WHIT,1,0.33,0,3,1
Farmacia Mandanici,913664544,NERVIS 80PAST,1,0.33,0,9,3
Farmacia Mandanici,913838862,CARDIOQTEN 20CPR,1,0.33,0,75,3
Farmacia Mandanici,913861706,LIFTACTIV FLEXITEINT 45 30ML,1,0.33,0,61,9
Farmacia Mandanici,913933851,MONTEFIORE BISCOTTO 800G,1,0.33,84,0,1
Farmacia Mandanici,920015599,KERATOSANE 30 CREME 75ML,1,0.33,0,34,9
Farmacia Mandanici,920304678,DETPLUS SOLUZIONE DETERGENT250,1,0.33,1,209,4
Farmacia Mandanici,920368723,ONETOUCH VERIO GLICEMIA 25STR,1,0.33,2,1730,3
Farmacia Mandanici,920368747,ONETOUCH VERIO CONTROL SOL 2PZ,1,0.33,0,8,1
Farmacia Mandanici,920373735,NUTRIFREE MIX PANE 1000G,1,0.33,0,100,5
Farmacia Mandanici,920586803,RESOURCE HP/HC VANIGLIA4X200ML,1,0.33,0,37,9
Farmacia Mandanici,920590736,TIOMOUSSE SCHIUMA 75ML,1,0.33,1,254,3
Farmacia Mandanici,920884931,POLSIERA SEMPLICE POLFIT 21 L,1,0.33,0,0,
Farmacia Mandanici,920966241,NUTILIS POWDER ADDENSANTE 300G,1,0.33,1,1689,6
Farmacia Mandanici,921189243,OXILIFE 30CPS,1,0.33,0,21,2
Farmacia Mandanici,921189344,HOLLI SACCA L RUB A/REF130CM30,1,0.33,0,14,1
Farmacia Mandanici,921200919,REV EFFACE KIT 30ML+5FL,1,0.33,0,22,3
Farmacia Mandanici,921232447,PESCURA FLAT ORIG BYCAST SAB42,1,0.33,0,100,1
Farmacia Mandanici,921232450,PESCURA FLAT ORIG BYCAST SAB43,1,0.33,0,61,1
Farmacia Mandanici,921232649,PESCURA HEEL ORIG BYCAST SAB37,1,0.33,0,32,2
Farmacia Mandanici,921232688,PESCURA HEEL ORIG BYCAST SAB41,1,0.33,0,4,1
Farmacia Mandanici,921383295,TIODET-ZNP DETERGENTE 200ML,1,0.33,0,626,2
Farmacia Mandanici,921391948,DAMIANA & MUIRA PUAMA 100PAST,1,0.33,0,36,1
Farmacia Mandanici,921534184,LYSI OMEGA 3 FORTE 60CPS,1,0.33,0,83,1
Farmacia Mandanici,921668455,CISTYSOL COMPLEX 15+15BUST,1,0.33,1,123,10
Farmacia Mandanici,921739722,SHEER&S GAMB 2805SF NATURAL 1,1,0.33,0,1,3
Farmacia Mandanici,921814683,OTOPROF SOL AURICOLARE 100ML,1,0.33,0,30,4
Farmacia Mandanici,921830511,OMEGA 3-6 32CPS,1,0.33,1,116,10
Farmacia Mandanici,921897118,TISANA LAXATTIVA 30G,1,0.33,0,48,4
Farmacia Mandanici,922017811,CONDRONIL COMPLEX 30BUST,1,0.33,1,147,9
Farmacia Mandanici,922017874,CONFORM2 SACCA L&R MAXI OP 55M,1,0.33,0,4,1
Farmacia Mandanici,922121393,"MEDIPRESTERIL MED POSTOP 7,5X5",1,0.33,0,66,7
Farmacia Mandanici,922317716,EUROSORB MEDIC ALGIN 5X5CM 10P,1,0.33,0,18,1
Farmacia Mandanici,922365907,RITMOLAX TISANA BIO 20BUST,1,0.33,0,72,7
Farmacia Mandanici,922373840,GINSENG 50CPS VEG,1,0.33,0,0,
Farmacia Mandanici,922378183,CRIOVEN GEL 120ML,1,0.33,0,138,5
Farmacia Mandanici,922381417,SIG CO2 AD SN PA NATU,1,0.33,0,1,2
Farmacia Mandanici,922382775,SIG CO2 AT + SN PA NATU,1,0.33,0,1,1
Farmacia Mandanici,922387271,SIG CO1 AD + SN PA NATU,1,0.33,0,2,1
Farmacia Mandanici,922399821,CH GIOCO AQUARIUM SPINNER,1,0.33,0,0,
Farmacia Mandanici,922472651,TAPPI AURICOLARI 3M EAR A/RUMO,1,0.33,0,100,1
Farmacia Mandanici,922473665,EU STRESS 75CPS,1,0.33,0,31,7
Farmacia Mandanici,922859943,"AQUACEL FOAM ADH 12,5X12,5 10P",1,0.33,0,16,10
Farmacia Mandanici,922879010,NUTRIMAX 150CPS,1,0.33,0,26,1
Farmacia Mandanici,922982653,RESVEGA 60CPS,1,0.33,0,228,6
Farmacia Mandanici,923007330,MEDI KL2 ELEG/AUT BEI CO 2 290,1,0.33,0,2,1
Farmacia Mandanici,923130278,PH-SANO 360G POLVERE,1,0.33,0,5,1
Farmacia Mandanici,923210482,ACNEFFE 30CPR,1,0.33,0,225,9
Farmacia Mandanici,923211674,B-APPORT PLUS FLUIDO 200ML,1,0.33,0,22,7
Farmacia Mandanici,923396459,NUTRITIC VASO 50ML,1,0.33,0,194,9
Farmacia Mandanici,923399721,MODASANA 70 AT PLAYA 3,1,0.33,0,2,1
Farmacia Mandanici,923400182,MODASANA 70 AGH NERO 3,1,0.33,0,2,1
Farmacia Mandanici,923400283,MODASANA 70 AGH PLAYA 3,1,0.33,0,5,1
Farmacia Mandanici,923401499,MODASANA 14 COT AD ANT S,1,0.33,0,1,2
Farmacia Mandanici,923589004,REISHI MICOTHERAPY 90CPS,1,0.33,0,80,6
Farmacia Mandanici,923765325,ENERVIT SPORT DRINK ARA 500ML,1,0.33,0,29,5
Farmacia Mandanici,923789770,TS9 INCENSO 20ML,1,0.33,0,1,1
Farmacia Mandanici,924217286,RESCUE REMEDY 50ML,1,0.33,0,98,1
Farmacia Mandanici,924274083,REDERMIC RETINOL OCCHI 15ML,1,0.33,0,183,8
Farmacia Mandanici,924286103,PROTEIN UP BARATTOLO 400G,1,0.33,0,12,1
Farmacia Mandanici,924524150,BISCOTTI AVENA CANN BIO SWEET,1,0.33,0,8,1
Farmacia Mandanici,924546221,CARPINO BI 500ML ANALCO GEM10+,1,0.33,0,12,1
Farmacia Mandanici,924687609,SYNGUT 30BUST,1,0.33,0,5,1
Farmacia Mandanici,924721917,AQUACEL AG FOAM ADES 8X8 10PZ,1,0.33,0,20,1
Farmacia Mandanici,924741162,CH TETT STEPUP NEW 4M+ REG,1,0.33,0,2,8
Farmacia Mandanici,924751858,STELLINE FARRO BABY FOOD BIO,1,0.33,7,6,1
Farmacia Mandanici,924824244,DUOMEGA CANI GRANDI 30CPS,1,0.33,0,573,8
Farmacia Mandanici,924876838,NUXE SUN OLIO SOL VI/CRP SPF10,1,0.33,0,0,
Farmacia Mandanici,924881954,TORNA IN FORMA KALORY STOP,1,0.33,0,13,2
Farmacia Mandanici,924916442,"EMOFORM PLAKOUT ACT0,12% DENTI",1,0.33,1,146,4
Farmacia Mandanici,924924830,ARIFER PLUS 30CPS,1,0.33,0,28,5
Farmacia Mandanici,924931660,SENSURA MIO CL S1 MX15-45 30,1,0.33,0,1,1
Farmacia Mandanici,924961372,FREESTYLE OPTIUM TEST STRIPS50,1,0.33,0,120,3
Farmacia Mandanici,924994294,ECOPHANE SHAMPOO DELICATO500ML,1,0.33,0,34,4
Farmacia Mandanici,925012736,STERILCOL GTT OS SOSP GASTR20M,1,0.33,4,234,3
Farmacia Mandanici,925336416,AQUACEL AG+ EXTRA 5X5CM 10PZ,1,0.33,0,438,5
Farmacia Mandanici,925336428,AQUACEL AG+ EXTRA 10X10CM 10P,1,0.33,0,360,6
Farmacia Mandanici,925368805,REHA 24 AREG MAX M LUNGO,1,0.33,0,2,1
Farmacia Mandanici,925369136,THROMBOSIS 18 ISP GAMB XXLC,1,0.33,0,6,1
Farmacia Mandanici,925383224,PHYSIOMANCE ALCALIANCE+ 30BUST,1,0.33,0,113,3
Farmacia Mandanici,925391308,FLEBOMIX 1000MG 30CPR,1,0.33,0,149,4
Farmacia Mandanici,925492264,RAIHUENFERMENTI 20F MONODOSE,1,0.33,0,4,6
Farmacia Mandanici,925500959,DIVERCOL 14BUST,1,0.33,1,829,9
Farmacia Mandanici,925504767,MELATONINA COMPLEX 1MG 90CPR,1,0.33,0,1085,5
Farmacia Mandanici,925533150,KELLAN CREMA IPOMELANOSI 50ML,1,0.33,0,48,3
Farmacia Mandanici,925607184,FLOGOSPIR 20CPR,1,0.33,0,514,3
Farmacia Mandanici,925700890,HYPERMIX CREMA/GEL 30ML,1,0.33,0,204,4
Farmacia Mandanici,925702906,PURES MISCELA SONNI 30ML,1,0.33,0,1,7
Farmacia Mandanici,925757698,ESI RIGENFORTE 30NATURCAPS RET,1,0.33,0,158,2
Farmacia Mandanici,925774554,GALLETTE BIO DI MAIS 120G,1,0.33,0,100,5
Farmacia Mandanici,925856623,PINZETTA PELI SOTTOCUTANEI,1,0.33,0,0,
Farmacia Mandanici,925870180,TENA LADY SUPER 15PZ,1,0.33,3,100,9
Farmacia Mandanici,925875712,ESI LE DIECI ERBE+FORTE100OVAL,1,0.33,1,100,11
Farmacia Mandanici,925931002,MEDI KL1 PLUS/GAMBAL CO 2 102,1,0.33,0,4,3
Farmacia Mandanici,925932550,MEDI KL2 PLUS/AUTOREG LU 5 200,1,0.33,0,2,1
Farmacia Mandanici,925943565,VIRAFER NEO 200ML,1,0.33,0,21,1
Farmacia Mandanici,926058658,KRIOIL 30CPS,1,0.33,0,47,1
Farmacia Mandanici,926080348,"CLOREXISAN 0,2% 150ML",1,0.33,0,32,6
Farmacia Mandanici,926084880,MICOCORD 70CPS,1,0.33,0,34,1
Farmacia Mandanici,926196066,ESOGEL 20BUST,1,0.33,1,133,10
Farmacia Mandanici,926231743,BIOKERATIN ACH8 ELIXIR SERUM P,1,0.33,0,14,7
Farmacia Mandanici,926236744,ECUVIX 10FL 10ML,1,0.33,0,256,2
Farmacia Mandanici,926239195,RESTOMYL DENTALCROC 150G,1,0.33,0,61,4
Farmacia Mandanici,926252139,MANOPOLA IMPERM NON SAP 100PZ,1,0.33,0,4,4
Farmacia Mandanici,926255023,BB NAIL BASE PER UNGHIE 10ML,1,0.33,0,1,2
Farmacia Mandanici,926260845,MEDI 18 COLL-GES NER 5 3050P,1,0.33,0,3,3
Farmacia Mandanici,926404106,GIBAUD JUNIOR TUTORE SPALLA 1,1,0.33,0,7,2
Farmacia Mandanici,926420973,POLICALM CREMA 150ML CE,1,0.33,1,120,10
Farmacia Mandanici,926460763,ELLEN 30CPR,1,0.33,0,100,3
Farmacia Mandanici,926461839,MTS10 GANODERMA GTT 20ML,1,0.33,0,61,3
Farmacia Mandanici,926491251,EUTYLIA MAMMA 30CPS MOLLI,1,0.33,3,248,2
Farmacia Mandanici,926498849,UROGYN 25CPR,1,0.33,0,136,4
Farmacia Mandanici,926522689,CER PIC AQUABLOC 10X6 5PZ,1,0.33,6,262,1
Farmacia Mandanici,926562719,PROSTAMOL 30CPS MOLLI,1,0.33,8,3312,4
Farmacia Mandanici,926563420,NAMAS LOZIONE TRICOLOGICA 60ML,1,0.33,1,343,7
Farmacia Mandanici,926564865,DR BRUX BITE NOTTE SUP TRASP,1,0.33,2,158,
Farmacia Mandanici,926571997,TENA SLIP SUPER PANN S 30PZ,1,0.33,0,61,2
Farmacia Mandanici,926636527,CRIOVEN 500 16BUST,1,0.33,0,198,8
Farmacia Mandanici,926671785,PENTAVEN FAST 500 20CPR,1,0.33,0,100,5
Farmacia Mandanici,926737697,CEBION EFF VIT C ARANCIA 10CPR,1,0.33,73,100,9
Farmacia Mandanici,926744107,ALOE-SY GUSTO FRUTTA 1000ML,1,0.33,0,143,3
Farmacia Mandanici,926831153,HELIONORM ORAL 30CPR,1,0.33,0,370,8
Farmacia Mandanici,926876766,FLEBOMIX CREMA GEL 100ML,1,0.33,0,27,5
Farmacia Mandanici,926957275,ESI MELATONIN PURA RET90TAV OF,1,0.33,4,0,2
Farmacia Mandanici,927053886,CONFORM2 SACCA URO V2 TR 55MM,1,0.33,0,1,1
Farmacia Mandanici,927118087,NEUROKEN 36CPS,1,0.33,0,117,7
Farmacia Mandanici,927123885,TEPE EASYPICK M/L BLU 36PZ,1,0.33,0,51,2
Farmacia Mandanici,927173373,GLUTEN FREE GRANORO FUSILLI,1,0.33,0,46,5
Farmacia Mandanici,927174755,BERINOS 30BUST 10ML,1,0.33,0,61,3
Farmacia Mandanici,927179539,CATRINE LETTIERA PERLE PRELIEV,1,0.33,0,13,5
Farmacia Mandanici,927185506,ZYLKENE CANI 10-30KG 20CPS,1,0.33,0,134,6
Farmacia Mandanici,927287452,DRENA LEVEL 1 GTT 50ML,1,0.33,0,104,6
Farmacia Mandanici,927288086,SENSINOL OLIO DET 400ML DUCRAY,1,0.33,0,145,
Farmacia Mandanici,927288151,CATALITIC CU-AU-AG 20AMP,1,0.33,0,168,6
Farmacia Mandanici,927592764,"OPTIVE FUSION UD 30FLAC 0,4ML",1,0.33,0,131,9
Farmacia Mandanici,927604518,FIOREGLUT FARINA DOLC+PANE+PIZ,1,0.33,0,294,3
Farmacia Mandanici,927972303,SCREEN DROGA TEST CAPELLO,1,0.33,0,39,7
Farmacia Mandanici,930010804,MD-SHOULDER ITALIA 10FL INI2ML,1,0.33,0,13,3
Farmacia Mandanici,930048107,STERI-STRIP CER 3X75MM 10PZ,1,0.33,3,507,2
Farmacia Mandanici,930062245,PROJOINT COMPLEX 60TAV,1,0.33,0,260,5
Farmacia Mandanici,930196934,CANNULA RETTALE NEONATI SIL4MM,1,0.33,0,126,2
Farmacia Mandanici,930244734,PESSARIO LATEX FREE DIAM 60MM,1,0.33,0,71,8
Farmacia Mandanici,930260500,IRIDIUM A MONODOSE 15FL,1,0.33,0,318,5
Farmacia Mandanici,930375035,FUTURO COMFORT SUP GINOCCHIO M,1,0.33,0,4,3
Farmacia Mandanici,930411145,SINOVIAL 32 SIR INTRA-ART 3PZ,1,0.33,0,385,6
Farmacia Mandanici,930478856,CLINNIX IMMUNOPLUS 30CPS,1,0.33,1,0,3
Farmacia Mandanici,930494099,LACTOFLORENE PLUS 12FL,1,0.33,58,757,6
Farmacia Mandanici,930501135,VITACALM IPERICO 30CPR,1,0.33,0,124,1
Farmacia Mandanici,930525771,CARNIDYN PLUS 20BUST,1,0.33,47,1127,9
Farmacia Mandanici,930529375,NEUKRON OFTA MESE 30FL 10ML,1,0.33,0,289,11
Farmacia Mandanici,930530605,DERMAFRESH P NORM CLASS DEOD,1,0.33,0,93,
Farmacia Mandanici,930547359,LACTIBIANE TOLERANCE 30CPS,1,0.33,0,440,5
Farmacia Mandanici,930625203,ALOVEX PROTEZ ATTIVA GEL 8ML,1,0.33,30,109,8
Farmacia Mandanici,930650320,DOA ATTIVA SOLUZIONE DET 200ML,1,0.33,1,279,7
Farmacia Mandanici,930661602,NEOGELA POLVERE 400G,1,0.33,0,196,6
Farmacia Mandanici,930856632,ZAFFERIL 24CPS,1,0.33,0,165,7
Farmacia Mandanici,930864689,LONGLIFE MEMORY PLUS 30CPS,1,0.33,0,96,2
Farmacia Mandanici,930872395,CUPRESSOLIO CAIRA 100ML,1,0.33,0,0,
Farmacia Mandanici,930957067,OMK1 SOLUZIONE OFT STER 10ML,1,0.33,0,956,1
Farmacia Mandanici,930969807,RESOLUTIVO REGIUM 1000ML,1,0.33,0,191,4
Farmacia Mandanici,931011288,ARTIKRILL 200PRL,1,0.33,0,187,5
Farmacia Mandanici,931015046,BOLO VIA 20BOCCONCINI,1,0.33,0,830,8
Farmacia Mandanici,931042206,IDRAVITA INTEGRATORE 12BUST,1,0.33,1,47,6
Farmacia Mandanici,931095994,HYDRATEE CR BIOATTIVA CONT OCC,1,0.33,0,25,2
Farmacia Mandanici,931137273,DECONPROCT 10SUPP,1,0.33,1,201,4
Farmacia Mandanici,931139467,REUFLOR D3 GOCCE 5ML,1,0.33,2,100,
Farmacia Mandanici,931157794,BASTONE QUADRIPODE BASE STRET,1,0.33,0,0,
Farmacia Mandanici,931288272,EUMIR PLUS 30CPR,1,0.33,0,178,5
Farmacia Mandanici,931344105,GAMBALETTO COMF 152 MC,1,0.33,0,1,1
Farmacia Mandanici,931345173,MONOCOLLANT MICRO281 AGG SX MC,1,0.33,0,3,1
Farmacia Mandanici,931352241,KAMILA GAMB COTTON 18 NERO M,1,0.33,0,0,
Farmacia Mandanici,931358802,ARL 20BUST,1,0.33,0,32,5
Farmacia Mandanici,931370872,TRICOVEL DONNA 30CPR,1,0.33,0,83,2
Farmacia Mandanici,931437899,FUTURO CAVIGLIERA ELASTICA L,1,0.33,0,10,5
Farmacia Mandanici,931469910,ALZACUSCINO,1,0.33,0,2,1
Farmacia Mandanici,931487274,NORMAC+ PLUS 30CPR FILMATE,1,0.33,0,70,5
Farmacia Mandanici,931524615,PIROFER FORTE 30CPR,1,0.33,2,328,4
Farmacia Mandanici,931565687,D-MANNORO 30BUST,1,0.33,0,138,6
Farmacia Mandanici,931571145,LADYGLORIA 12 GAMB PU/A NER 3,1,0.33,0,1,1
Farmacia Mandanici,931581538,LADYGLORIA 18 GAMB PU/A SAH 5,1,0.33,0,3,1
Farmacia Mandanici,931644153,ESI STEVIA MIDY 100CPR,1,0.33,1,51,2
Farmacia Mandanici,931645485,VERSIACTIVE SPRAY100ML BRADERM,1,0.33,0,352,4
Farmacia Mandanici,931650636,IMMUN UP D3 100ML,1,0.33,0,191,6
Farmacia Mandanici,931809952,AMEDIAL PLUS 20BUST,1,0.33,4,3563,15
Farmacia Mandanici,931927192,RINOAIR 3% SPRAY NAS IPER 50ML,1,0.33,1,170,7
Farmacia Mandanici,931950796,HERP 50ML,1,0.33,0,165,7
Farmacia Mandanici,931952701,LONGLIFE D-MANNOSE 60CPS,1,0.33,0,319,7
Farmacia Mandanici,931988277,CER MEDS TNT FIX 1000X5CM,1,0.33,0,93,3
Farmacia Mandanici,931988354,MEDS PORE MEDIC TNT 10X100CM,1,0.33,29,20,2
Farmacia Mandanici,931988428,MEDS PORE MEDIC 10X15CM 5PZ,1,0.33,22,162,1
Farmacia Mandanici,931988467,MEDS PORE MEDIC PUR 10X6CM 5PZ,1,0.33,6,23,1
Farmacia Mandanici,932178371,INTERPROX PLUS NANO ROSA 6PZ,1,0.33,0,346,4
Farmacia Mandanici,932206156,"ALTIAL GTT OCULARI 30F 0,6ML",1,0.33,0,125,4
Farmacia Mandanici,932211992,RELUS CREMA 50ML,1,0.33,0,14,1
Farmacia Mandanici,932212095,OMK2 SOLUZIONE OFT STER 10ML,1,0.33,0,718,3
Farmacia Mandanici,932237530,MEDS AMPOLLA NEOSOL,1,0.33,0,19,2
Farmacia Mandanici,932252620,BUONAVIT D3K 12ML,1,0.33,0,71,4
Farmacia Mandanici,932501568,ANAGEN COMPLEX 30CPR,1,0.33,1,134,6
Farmacia Mandanici,932652365,NATURE'S SOL ACCELERATORE ABBR,1,0.33,0,55,8
Farmacia Mandanici,932704873,CORTIPET 100ML,1,0.33,1,196,5
Farmacia Mandanici,932707969,FELICIA BIO RISO INT PENNE,1,0.33,0,100,4
Farmacia Mandanici,932711346,ARGIFAST 14BUST,1,0.33,1,161,7
Farmacia Mandanici,932711740,GUNAMINOFORMULA 50CPR,1,0.33,0,64,4
Farmacia Mandanici,932711789,GUNAMINOFORMULA 24BUST,1,0.33,0,44,11
Farmacia Mandanici,932720840,ENVICER3 GRASSA FORTE 100ML,1,0.33,0,7,2
Farmacia Mandanici,932720927,AUXILIE IMMUPLUS DEGLUT 30CPR,1,0.33,0,153,3
Farmacia Mandanici,932720966,RINOWAY SALI IPERTONICI 15BUST,1,0.33,0,23,3
Farmacia Mandanici,932721032,ACARBUSTER COPRICUSCINO STAND,1,0.33,0,0,
Farmacia Mandanici,932730536,SIR 5ML G23 N14 SIST SICUR,1,0.33,0,69,1
Farmacia Mandanici,932744269,GENERV 20BUST,1,0.33,0,143,6
Farmacia Mandanici,932996996,ADENOMIX ALFA 30CPR,1,0.33,1,100,8
Farmacia Mandanici,933009401,ROSACURE FAST CREMA 30ML,1,0.33,0,581,5
Farmacia Mandanici,933009413,ROSACURE GENTLE CLEANSING GEL,1,0.33,0,111,1
Farmacia Mandanici,933402808,OMOMETIL 30CPS,1,0.33,0,819,4
Farmacia Mandanici,933451320,REPARANCE CREMA IDRAT CUTE SEC,1,0.33,0,14,8
Farmacia Mandanici,933462184,VIRIPROST 30PRL,1,0.33,0,49,1
Farmacia Mandanici,933484178,LONGLIFE D COMPLEX 1000 60CPR,1,0.33,0,234,5
Farmacia Mandanici,933533958,RILASTIL CAMOUFL FOND FL H C50,1,0.33,0,13,
Farmacia Mandanici,933694073,MEDIKLOR DETERGENTE 300ML,1,0.33,0,64,1
Farmacia Mandanici,933755833,SET RIMOZIONE PUNTI SUTURA,1,0.33,0,41,8
Farmacia Mandanici,933780532,ACIAMIN BLISTER 60CPR,1,0.33,0,6,5
Farmacia Mandanici,933783944,COLIPEX CR 30X2ML,1,0.33,0,162,1
Farmacia Mandanici,933886362,NAUSIL PLUS 30CPR,1,0.33,2,193,8
Farmacia Mandanici,933914956,BIOKER 12 CREMA 200ML,1,0.33,0,15,5
Farmacia Mandanici,933930455,BIMBI BAGNO TOTALE 500ML,1,0.33,0,39,5
Farmacia Mandanici,933946574,TRICOVEL SHAMPOO PRP PLUS,1,0.33,7,66,4
Farmacia Mandanici,934012954,GASTROTUSS SCIROPPO 200ML,1,0.33,1,201,7
Farmacia Mandanici,934028743,DERMOVITAMINA MICO PIEDE ATLET,1,0.33,0,84,6
Farmacia Mandanici,934028756,DERMOVITAMINA MICO DOCCIA200ML,1,0.33,1,168,2
Farmacia Mandanici,934196876,LONGLIFE MULTIMINERALS 60TAV,1,0.33,0,150,4
Farmacia Mandanici,934296625,DR HAUSCHKA LATTE DETERG 145ML,1,0.33,0,6,4
Farmacia Mandanici,934322280,MELIVEN 3 30CPR,1,0.33,0,381,9
Farmacia Mandanici,934408624,BIOMINERAL ONE LACTO PLUS30CPR,1,0.33,0,205,
Farmacia Mandanici,934417445,LIPOLIPASE CREMAGEL 150ML,1,0.33,0,132,6
Farmacia Mandanici,934431913,TENDHYAL 30CPR,1,0.33,0,49,2
Farmacia Mandanici,934434236,NEUROSON FAST SPRAY 30ML,1,0.33,1,80,4
Farmacia Mandanici,934460864,LEGALON E 30CPR RIVESTITE,1,0.33,1,393,13
Farmacia Mandanici,934509795,MATT PHARMA SENNA ATTIVA 40CPR,1,0.33,0,370,1
Farmacia Mandanici,934533922,HUBNER ORIGIN SILIC PLUS 500ML,1,0.33,0,22,
Farmacia Mandanici,934545688,PROPALEX SPRAY ORALE 20ML,1,0.33,1,0,1
Farmacia Mandanici,934553672,MEDS MEDIC ADES ST 15X15CM 5PZ,1,0.33,0,89,5
Farmacia Mandanici,934643154,KERATO VITA UNGUENTO OFTALMICO,1,0.33,2,272,1
Farmacia Mandanici,934718432,MIPROVEN 20BUST,1,0.33,0,36,1
Farmacia Mandanici,934718774,LONGLIFE L-GLUTATHIONE250MG30C,1,0.33,0,134,7
Farmacia Mandanici,934726100,NUTRIREGULAR 3 14BUST,1,0.33,0,1,5
Farmacia Mandanici,934730856,LINEA 3 CR-GEL ARGILLA BIANCA,1,0.33,0,1,4
Farmacia Mandanici,934737394,CICATRIDINA POMATA 60G,1,0.33,2,2119,10
Farmacia Mandanici,934737483,NOVA1947 MICROCLISMI AD 6PZ,1,0.33,0,118,6
Farmacia Mandanici,934747332,LONGLIFE CO EN Q10 200MG 20PRL,1,0.33,0,228,10
Farmacia Mandanici,934759539,PSYLLOGEL MEGAFERMENTI 24 ACE,1,0.33,27,581,5
Farmacia Mandanici,934836002,GH PROTEIN PLUS NEU/VAN 20BUST,1,0.33,0,2,2
Farmacia Mandanici,934859570,RESCUE ORIG CREAM 30ML,1,0.33,0,30,7
Farmacia Mandanici,934862525,ACCU-CHEK MOBILE 50TEST MIC2,1,0.33,0,242,5
Farmacia Mandanici,935008932,UNIFERRO FORTE 30CPS,1,0.33,1,542,6
Farmacia Mandanici,935016598,SPACCAPIETRA 50CPS,1,0.33,0,21,5
Farmacia Mandanici,935034355,EUMILL GOCCE OCULARI RINFR10ML,1,0.33,22,413,8
Farmacia Mandanici,935034405,EMACRIT 30CPS,1,0.33,1,781,6
Farmacia Mandanici,935054991,CADICIOC SNACK LATTE 1BARR,1,0.33,0,6,4
Farmacia Mandanici,935129837,CARDIOSIDERAL 20CPS,1,0.33,2,278,8
Farmacia Mandanici,935131235,PSYLLOGEL FIBRA POMP RA 20BUST,1,0.33,4,391,1
Farmacia Mandanici,935163295,VISOMAT ECO PLUS MISUR PRESS,1,0.33,0,10,1
Farmacia Mandanici,935190393,ENTEROGERMINA GONFIORE 10BUST,1,0.33,9,183,6
Farmacia Mandanici,935203745,LENIVAGIX CREMA VAGINALE 20ML,1,0.33,0,103,5
Farmacia Mandanici,935236303,"GUM TRAV-LER 1,6 SCOVOLINO PRO",1,0.33,0,123,9
Farmacia Mandanici,935236796,LONGLIFE HERICIUM BIO 60CPS,1,0.33,0,59,7
Farmacia Mandanici,935266472,MAGNESIO B6+GRIFFONIA+RO 60CPS,1,0.33,0,365,4
Farmacia Mandanici,935293872,PSORAXIL ORO 30CPR,1,0.33,0,44,2
Farmacia Mandanici,935329223,ESPERSOL SPRAY NASALE 100ML,1,0.33,3,1969,8
Farmacia Mandanici,935376160,SENSODYNE SPAZZOLINO GENTLE,1,0.33,8,429,1
Farmacia Mandanici,935410201,TEPE SPAZZ SPECIAL CARE ROSSO,1,0.33,0,12,3
Farmacia Mandanici,935541906,SAMETRIX 30CPS,1,0.33,1,425,4
Farmacia Mandanici,935543470,PEDIAPAX POLVERE 400G,1,0.33,2,243,4
Farmacia Mandanici,935566594,COUPEROSE CREMA GIORNO BASE,1,0.33,0,3,4
Farmacia Mandanici,935566707,REFALGIN GEL ORALE 14BUST,1,0.33,2,1465,8
Farmacia Mandanici,935576025,EUSELIDIUM 30CPR,1,0.33,0,91,10
Farmacia Mandanici,935594616,ARTELAC REACTIVE MONODOSE 20PZ,1,0.33,1,575,7
Farmacia Mandanici,935602247,DELTACRIN WNT SHAMPOO PHARCOS,1,0.33,0,124,2
Farmacia Mandanici,935609723,ENSURE PLUS FRAGOLA 4X200ML,1,0.33,0,100,9
Farmacia Mandanici,935619371,HAIMAFERR 30CPS,1,0.33,0,233,3
Farmacia Mandanici,935619395,FORTIMUNAL 15CPS,1,0.33,0,212,8
Farmacia Mandanici,935626438,TECNOFER PLUS 20CPS,1,0.33,1,579,8
Farmacia Mandanici,935632101,PERSPIREX STRONG ANTITR ROLL O,1,0.33,2,302,10
Farmacia Mandanici,935660845,VAPE RICARICA PIASTR 30PZ,1,0.33,0,100,2
Farmacia Mandanici,935688945,ARMOLIPID PLUS 60CPR,1,0.33,19,2011,
Farmacia Mandanici,935740454,LONGLIFE CREATINA POWDER 150G,1,0.33,0,193,5
Farmacia Mandanici,935749034,VEGETALLUMINA EMATOGEL 100ML,1,0.33,1,145,
Farmacia Mandanici,935794091,SEPTAVIS 50ML+50 GARZE TNT STE,1,0.33,2,194,2
Farmacia Mandanici,935810960,VAGISIL INTIMA GEL IDRAT MONOD,1,0.33,0,134,6
Farmacia Mandanici,935815934,MICROBIOTAL CANE 30CPR,1,0.33,0,303,4
Farmacia Mandanici,936008349,GELX SPRAY ORAL 100ML,1,0.33,0,11,2
Farmacia Mandanici,936024924,JALUROST 20CPR,1,0.33,0,165,5
Farmacia Mandanici,936048065,EUPH COLORPRO XD435 CAST F,1,0.33,0,162,9
Farmacia Mandanici,937139881,OTOSAN GOLA GEL FORTE 14STICK,1,0.33,0,5,3
Farmacia Mandanici,938060187,NIGHT&DAY COMF SOLETTA 1PAIO,1,0.33,0,5,1
Farmacia Mandanici,938126366,NORMON SHAMPOO RIEQUIL ANTIFOR,1,0.33,0,15,6
Farmacia Mandanici,938501715,PATCHOULY PROFUMO 50ML,1,0.33,0,15,7
Farmacia Mandanici,938656891,MULTICENTRUM ADULTI 30CPR,1,0.33,13,363,2
Farmacia Mandanici,938751649,PSORISDIN SHAMPOO,1,0.33,0,106,12
Farmacia Mandanici,938753516,MULTICENTRUM UOMO 30CPR,1,0.33,1,445,
Farmacia Mandanici,938796733,MACULAR B FORTE 20CPR,1,0.33,1,772,12
Farmacia Mandanici,938819113,"TIROXIL 4,0 30CPR",1,0.33,2,2612,7
Farmacia Mandanici,938852516,SCUDO AQUA SPORT ADULTI L 1PA,1,0.33,2,760,10
Farmacia Mandanici,938865110,DERMOVITAMINA IRR CUTANEE 30ML,1,0.33,0,126,5
Farmacia Mandanici,938872292,DIUREVASE 60CPR 750MG,1,0.33,0,166,9
Farmacia Mandanici,938881531,RILASTIL HYDRAFUSION GEL CR400,1,0.33,0,101,6
Farmacia Mandanici,938895707,POLV DORIENTE 100G,1,0.33,0,24,1
Farmacia Mandanici,938906777,EPILOBIO PARVIFLORUM 100G,1,0.33,0,2,5
Farmacia Mandanici,938958788,GELARLADY INTEGRATORE 45CPS,1,0.33,0,40,3
Farmacia Mandanici,938962091,MERIDOL PERIO SPAZZOLINO 1PZ,1,0.33,12,207,1
Farmacia Mandanici,938973118,SENSODYNE REPAIR&PROTECT,1,0.33,1,148,
Farmacia Mandanici,938982244,MEDIDOS 4U PORTAP SETTIM MINI,1,0.33,0,60,1
Farmacia Mandanici,939146128,AQUILEA MUCUS 15CPR EFFERV 90G,1,0.33,1,90,1
Farmacia Mandanici,939146650,TRIADE H 20BUST,1,0.33,1,3259,7
Farmacia Mandanici,939153639,IUXTA FLEX GEL 125ML,1,0.33,1,100,4
Farmacia Mandanici,939182109,NUTRIBEN CEREALI S/GLUT 300G,1,0.33,0,7,4
Farmacia Mandanici,939356578,TRISAL C 20BUST,1,0.33,0,33,3
Farmacia Mandanici,939362568,ACUFEN PLUS 30CPR,1,0.33,1,577,14
Farmacia Mandanici,939385821,CLARUBIN GTT OCULARI 20F MONOD,1,0.33,0,220,4
Farmacia Mandanici,939462368,LIBERO SWIMPANTS PANN BB S 6PZ,1,0.33,11,0,2
Farmacia Mandanici,939632408,AMBRALIQUIDA BAGNOGEL MICROSFE,1,0.33,0,0,
Farmacia Mandanici,939757896,ZETA ARTRO CUR FLEX 20STICK,1,0.33,0,275,7
Farmacia Mandanici,939929838,POTASSIO 60CPS,1,0.33,0,36,2
Farmacia Mandanici,939969073,CONDROTIDE SIR INTRA-ART  2ML,1,0.33,0,81,4
Farmacia Mandanici,939969743,KHU WARMERS RICARICA 6PZ,1,0.33,0,19,3
Farmacia Mandanici,940005224,PROSTADEP FLOGO 20SOFTGEL,1,0.33,0,500,5
Farmacia Mandanici,940009044,CANDINET GYNO-BALANCE 7TUB 5ML,1,0.33,2,257,1
Farmacia Mandanici,940013271,PER TE IMMUNO 20BUST,1,0.33,0,100,5
Farmacia Mandanici,940037548,FUSION WATER MAGIC SPF50 50ML,1,0.33,0,2341,
Farmacia Mandanici,940065814,ZETAF GEL GAMBE LEGGERE 150ML,1,0.33,0,0,
Farmacia Mandanici,940085970,LONGLIFE L-GLYCINE500MG 100CPS,1,0.33,0,100,3
Farmacia Mandanici,940089802,PRODIV 20BUST,1,0.33,1,146,12
Farmacia Mandanici,940090451,PRINCIPIUM SPIRULINA PURA150CP,1,0.33,0,91,6
Farmacia Mandanici,940094129,BIOKAP SHAMPOO RINFOR ANTICAD,1,0.33,0,338,4
Farmacia Mandanici,940273725,REXOFLUS 20STICK,1,0.33,0,100,5
Farmacia Mandanici,940431012,VITA B7 50CPS VEGETALI,1,0.33,0,135,5
Farmacia Mandanici,940558289,PELVIPEA 40CPS,1,0.33,0,47,8
Farmacia Mandanici,940562907,DERMAFRESH 24H P/NORM ROLL50ML,1,0.33,4,67,1
Farmacia Mandanici,940989433,LONGLIFE GLUCOSAMINE S 100CPS,1,0.33,0,113,1
Farmacia Mandanici,941013916,IRIDINA HYDRA REPAIR GTT OCUL,1,0.33,28,200,5
Farmacia Mandanici,941079055,ARTIKRILL DOL CANE 200PRL,1,0.33,0,220,1
Farmacia Mandanici,941435962,SEPARATORE DOPPIO ANELLO 3/4/5,1,0.33,0,0,
Farmacia Mandanici,941495323,EUPHIDRA KA LATTE SOLARE 50+,1,0.33,0,0,
Farmacia Mandanici,941495412,EUPHIDRA KA SPRAY INVIS BB 30,1,0.33,2,0,5
Farmacia Mandanici,941516433,DICOFLOR IBDIMMUNO 30CPS,1,0.33,0,57,9
Farmacia Mandanici,941636627,SENSIFINE AR CR RICHE 40ML,1,0.33,0,58,12
Farmacia Mandanici,941662633,REGENERA LENTE TERAP SCLERALE,1,0.33,0,83,2
Farmacia Mandanici,941693691,VITACALM TUTTA NOTTE F/R 30CPR,1,0.33,0,115,5
Farmacia Mandanici,941809966,UREADIN PODOS DB 100ML,1,0.33,1,119,13
Farmacia Mandanici,941869834,NOVA CALCIO CARBONATO1G 100CPS,1,0.33,0,45,7
Farmacia Mandanici,942039494,BACOPA BIO 15AMPOLLE 15ML,1,0.33,0,12,7
Farmacia Mandanici,942278781,TECNOFER EFFERVESCENTE 21BUST,1,0.33,0,78,5
Farmacia Mandanici,942282359,SIDERAL GOCCE FORTE 30ML,1,0.33,1,158,6
Farmacia Mandanici,942283336,BAMAK PLUS 18BUST,1,0.33,0,144,2
Farmacia Mandanici,942304041,CARECYST INTIMO DETERGENTE,1,0.33,0,91,1
Farmacia Mandanici,942312998,DECAND 20CPS GASTRORESISTENTI,1,0.33,0,31,1
Farmacia Mandanici,942543950,BIANCO D'AMBRA EDP 50ML,1,0.33,0,39,6
Farmacia Mandanici,942605066,IDROFLOG SOLUZIONE OFT 15FL,1,0.33,1,829,7
Farmacia Mandanici,942607565,IPROST 320 30CPS MOLLI,1,0.33,0,104,6
Farmacia Mandanici,942620131,RESCUE ORIG REMEDY GOCCE 10ML,1,0.33,0,171,10
Farmacia Mandanici,942692423,DUOLIVER PLUS 24CPR,1,0.33,0,589,8
Farmacia Mandanici,942788100,VARISAN ETHERE1520 ADPC PO4N,1,0.33,0,1,2
Farmacia Mandanici,942875927,BOSWELLIA CURCUMA ZENZERO60CPS,1,0.33,0,27,5
Farmacia Mandanici,942891615,REGENERA LENTE TERAP CORNEALE,1,0.33,0,94,1
Farmacia Mandanici,942934009,VEGELIN MIRAFERRUM 60CARAM,1,0.33,0,31,3
Farmacia Mandanici,943008437,EUTRIS PLUS 30CPR,1,0.33,0,367,5
Farmacia Mandanici,943018832,MAXTROFIC START 14BUST,1,0.33,0,6,4
Farmacia Mandanici,943040485,PORUS ONE 30BUST,1,0.33,0,304,6
Farmacia Mandanici,943061299,ATTIVA-BRONZ +40% GAMBE PLUS,1,0.33,0,0,
Farmacia Mandanici,943222190,LILITH OVULI VAGINALI 6PZ,1,0.33,1,547,2
Farmacia Mandanici,943251494,BIOLIFTAN GOLD CREAM 50ML,1,0.33,0,100,1
Farmacia Mandanici,943285635,RIBES PET SOLLIEVO 60PRL,1,0.33,0,537,10
Farmacia Mandanici,943294102,DUENZIMA 20CPS,1,0.33,0,173,3
Farmacia Mandanici,943295410,HELAN KAFFA EAU DE PARFUM 50ML,1,0.33,0,2,5
Farmacia Mandanici,943303279,GASTROVOM CANE GATTO GEL 50ML,1,0.33,0,1219,1
Farmacia Mandanici,943314928,BIOCORTENA FLUIDO P SENS 400ML,1,0.33,0,120,2
Farmacia Mandanici,943320299,GLUTATIONE 250 30CPS VEG,1,0.33,0,199,8
Farmacia Mandanici,943322661,SYNDREMA 60CPR,1,0.33,0,50,4
Farmacia Mandanici,943350963,MAYA D 60CPR MASTICABILI,1,0.33,0,250,4
Farmacia Mandanici,943372843,PRINCIPIUM B12 1000 60CPR SUBL,1,0.33,0,745,5
Farmacia Mandanici,943375535,HUMANA DG PLUS EXPERT 700G MP,1,0.33,14,85,2
Farmacia Mandanici,943513628,AKNICARE GENTLE CLEANSING GEL,1,0.33,0,0,
Farmacia Mandanici,943513984,INITIV CEROTTO DOLORE SCHIENA,1,0.33,7,88,2
Farmacia Mandanici,943773236,BROMESAN MONO 10BUST,1,0.33,1,216,5
Farmacia Mandanici,943808307,CISTISET FORTE 8STICK 10ML,1,0.33,12,2885,8
Farmacia Mandanici,943865535,Humana 1 470ml Bott,1,0.33,2,0,1
Farmacia Mandanici,943954723,CONTOUR NEXT GLUCOMETRO,1,0.33,0,0,
Farmacia Mandanici,944009760,ESTER C PLUS 500 50CPS VEG,1,0.33,0,72,9
Farmacia Mandanici,944064462,I SORBETTI COCOMINT EDT 30ML,1,0.33,0,3,4
Farmacia Mandanici,944064486,I SORBETTI LEMONFIZZ EDT 30ML,1,0.33,0,6,4
Farmacia Mandanici,944111222,MIRAFERRUM 20BUST,1,0.33,0,130,2
Farmacia Mandanici,944118710,MD-TISSUE 5FL INIETTABILI 2ML,1,0.33,0,15,1
Farmacia Mandanici,944142342,SUAVINEX SET MANICURE GIRL,1,0.33,1,0,1
Farmacia Mandanici,944290093,LONGLIFE L-LYSINE 500MG 60TAV,1,0.33,0,142,4
Farmacia Mandanici,944435104,MITOFAST 30STICK OROSOLUBILI,1,0.33,0,66,1
Farmacia Mandanici,944443555,CLOSEBAX SD SHAMPOO 250ML,1,0.33,0,778,4
Farmacia Mandanici,944596598,SAVEL LATTE BIOS 200ML,1,0.33,0,158,4
Farmacia Mandanici,944619497,ROUGJ SOLARE SPF30 INTENS200ML,1,0.33,4,7,4
Farmacia Mandanici,944670823,ANONET LIQUIDO 200ML,1,0.33,7,511,3
Farmacia Mandanici,944725694,DERMOLIVO OVULI VAGINALI 10PZ,1,0.33,0,174,5
Farmacia Mandanici,944763212,TALCO MENTOLATO ZETA 100G,1,0.33,18,0,1
Farmacia Mandanici,944768466,MINERALDEP 20BUST,1,0.33,0,44,2
Farmacia Mandanici,944778289,PROMENSIL MENOPAUSA 30CPR,1,0.33,0,199,2
Farmacia Mandanici,944786983,PSYLLOGEL GONFIORE PESCA10BUST,1,0.33,5,404,5
Farmacia Mandanici,944885767,DIXYPRO HP CIOCCOLATO 20BUST,1,0.33,0,49,6
Farmacia Mandanici,944889068,PROGENY PET 60BUST,1,0.33,0,148,1
Farmacia Mandanici,944897255,LONGLIFE NUTRIMMUNE 60TAV,1,0.33,0,39,4
Farmacia Mandanici,944905153,UMORPLUS 20CPR,1,0.33,0,544,8
Farmacia Mandanici,944910153,PRINCIPIUM MAGNESIO COMP 90CPR,1,0.33,0,1398,3
Farmacia Mandanici,944910177,PRINCIPIUM MAGNESIO COMP32BUST,1,0.33,0,206,5
Farmacia Mandanici,944941917,MULTIQUIET RELAX 24BUST,1,0.33,0,81,5
Farmacia Mandanici,944957289,Nan Ha 1 800g,1,0.33,3,0,1
Farmacia Mandanici,944959283,PRINCIPIUM AC IALUR JOINT 60CP,1,0.33,0,96,1
Farmacia Mandanici,945030171,JOHYA OS 15FL,1,0.33,8,238,1
Farmacia Mandanici,945046290,FRASSILAX 12BUST,1,0.33,0,47,4
Farmacia Mandanici,945046579,PICOCROMO SUPERCONCENTR 90CPS,1,0.33,0,135,8
Farmacia Mandanici,945087726,ETEREAL PROFUMO BUCATO VA200ML,1,0.33,3,0,1
Farmacia Mandanici,945088969,MICTACIS 30CPR,1,0.33,0,117,6
Farmacia Mandanici,945093286,IDROFLOG SOLUZIONE OFT 10ML,1,0.33,0,100,1
Farmacia Mandanici,945101881,ACQUA PROFUMATA PETALI ROSA,1,0.33,2,0,1
Farmacia Mandanici,945102008,SCRUB CORPO TIARE' 200ML,1,0.33,1,0,1
Farmacia Mandanici,945104255,PROLIFE LATTASI 30CPR MASTIC,1,0.33,14,92,4
Farmacia Mandanici,945122721,PETRASE DREN 30BUST,1,0.33,0,200,10
Farmacia Mandanici,945123091,EUGYN GEL VAGINALE 8X6ML,1,0.33,0,129,1
Farmacia Mandanici,945136467,PEROGNIDOL FORTE 15ML,1,0.33,0,914,7
Farmacia Mandanici,945150377,ESTETIC FORMULA 60TAV,1,0.33,0,564,10
Farmacia Mandanici,945200956,PRONTEX HYDROCOMFORT HERPES12P,1,0.33,14,43,1
Farmacia Mandanici,945212759,FORALLE TARALLINI OLIO EVO100G,1,0.33,0,36,4
Farmacia Mandanici,945298014,DICLOREUM ICE SCH FRIZZANTE,1,0.33,21,286,8
Farmacia Mandanici,945298711,ASSONAL 60CPR,1,0.33,0,183,9
Farmacia Mandanici,947050997,XINPROX 30CPR,1,0.33,0,159,8
Farmacia Mandanici,947062992,PANTAVIS 600 LIPOICO 30CPR,1,0.33,0,125,3
Farmacia Mandanici,947070975,LONGLIFE COLLAGEN 5000 POWDER,1,0.33,0,181,4
Farmacia Mandanici,947071015,LONGLIFE SKIN FACTORS 60TAV,1,0.33,0,17,4
Farmacia Mandanici,947073793,TONIMER DRY MOUTH GEL 50ML,1,0.33,2,0,1
Farmacia Mandanici,947073983,RILASTIL SUN SYS SPF30 200ML,1,0.33,0,130,
Farmacia Mandanici,947097301,EUPH COFANETTO BERGAM&PATCH2PZ,1,0.33,4,0,1
Farmacia Mandanici,947101073,AGPEG ESSE 15BUST 10G,1,0.33,2,865,7
Farmacia Mandanici,947105413,ZERVIRALI CREMA 5G,1,0.33,0,16,2
Farmacia Mandanici,947127650,NEFROKRILL GATTO 30PRL,1,0.33,0,149,1
Farmacia Mandanici,947127662,NEFROKRILL CANE 60PRL,1,0.33,0,119,7
Farmacia Mandanici,947136178,EUMILL NASO BIPACK ISO+IPER,1,0.33,24,0,1
Farmacia Mandanici,947213322,MEVAL 100 30CPR,1,0.33,0,5,1
Farmacia Mandanici,947217473,VITACALM ANSISTOP SPR ACT 20ML,1,0.33,0,145,5
Farmacia Mandanici,947225583,EUPHIDRA CREMA RID CALDO 100ML,1,0.33,3,0,2
Farmacia Mandanici,947229959,NEUPATIR 30CPR,1,0.33,0,306,7
Farmacia Mandanici,947237653,DERMOLIVO GEL VAGINALE 5FX3ML,1,0.33,0,65,4
Farmacia Mandanici,947243198,ROUGJ SOLARE ATTIVABRONZ 100ML,1,0.33,3,17,13
Farmacia Mandanici,947254862,AMODIVYR DEFENCE CREMA 5G,1,0.33,0,18,2
Farmacia Mandanici,947256400,DIMA MAGNUM MAG PLUS 100TAV,1,0.33,0,14,
Farmacia Mandanici,947260651,PLENUM 30STICK PACK,1,0.33,0,147,4
Farmacia Mandanici,947343822,LIPOIC CANNELLA 60TAV,1,0.33,0,13,1
Farmacia Mandanici,947376733,AQUILEA TOSSE FORTE SCIR 150ML,1,0.33,8,0,1
Farmacia Mandanici,947380655,LENIL NATURA SPRAY PROTETTIVO,1,0.33,0,0,
Farmacia Mandanici,947383319,DAOBI 1 30CPR GASTRORESISTENTI,1,0.33,0,186,2
Farmacia Mandanici,947383752,FLUGENIL LACT ORAL 15CPS,1,0.33,0,100,7
Farmacia Mandanici,947388599,BACTOCARE DETERGENTE IGIEN,1,0.33,0,71,2
Farmacia Mandanici,947432389,ZETA COLEST 30CPS,1,0.33,0,894,7
Farmacia Mandanici,947454296,DEFLUX FORTE 20STICK MONODOSE,1,0.33,1,366,9
Farmacia Mandanici,947482788,ETEREAL SPRAY TESS AMB FIORI A,1,0.33,4,0,1
Farmacia Mandanici,948009333,CARDIOSINCOL 10 FORTE 30CPR,1,0.33,0,131,5
Farmacia Mandanici,948014600,TIGER PLUS 20CPR,1,0.33,0,12,1
Farmacia Mandanici,948087945,EUPHIDRA LOZIONE DS 100ML,1,0.33,0,9,6
Farmacia Mandanici,949477451,ARMOLIPID DONNA 50+ 30CPS,1,0.33,3,315,9
Farmacia Mandanici,949500882,LONGLIFE MIRTILLO RO COMP60CPS,1,0.33,0,100,4
Farmacia Mandanici,949502797,APIX SEDIGOLA ACTIV MENT20PAST,1,0.33,0,26,5
Farmacia Mandanici,949627297,MGK VIS WATER UP 10STICK,1,0.33,7,36,2
Farmacia Mandanici,949646451,RINOVIOLA LAVAGGI NASALI 500ML,1,0.33,0,9,3
Farmacia Mandanici,949659282,VISUCONDRIO 30CPR,1,0.33,0,136,5
Farmacia Mandanici,949697318,BUONERBE FORTE 90CPR,1,0.33,0,379,3
Farmacia Mandanici,949704961,PRONTEX EASY BREATH CER BALS,1,0.33,8,13,1
Farmacia Mandanici,949713301,PENTA C2 CREMA 50ML,1,0.33,0,79,5
Farmacia Mandanici,949725713,NICOTINAMIDE AKNX SPF50+ 200ML,1,0.33,0,39,7
Farmacia Mandanici,949830222,MYCLI CROMACLAR CREMA 50ML,1,0.33,0,2,4
Farmacia Mandanici,949865859,EUTROPHIC 20STICK OROSOLUBILI,1,0.33,0,144,6
Farmacia Mandanici,949869349,MACULVIST 20CPR RIVESTITE,1,0.33,0,147,3
Farmacia Mandanici,949878324,CER'8 BRACCIALETTO DIFFUSORE,1,0.33,8,12,3
Farmacia Mandanici,949879290,PROFLUID PET SCIROPPO 85ML,1,0.33,0,151,1
Farmacia Mandanici,949887032,UTILEN 14BUST,1,0.33,2,178,5
Farmacia Mandanici,949892261,OMOMIND 20CPR,1,0.33,0,108,5
Farmacia Mandanici,949893541,TENOSAN 30BUST,1,0.33,0,161,4
Farmacia Mandanici,949976245,SAUGELLA MEDIT DERMOLIQ+POCH,1,0.33,10,114,5
Farmacia Mandanici,949979013,REFLUBASE 20BUST,1,0.33,0,35,4
Farmacia Mandanici,949992034,OLMO BALSAMO DOPOBARBA ANALCO,1,0.33,0,5,3
Farmacia Mandanici,949993479,RALAVIS 30CPR,1,0.33,0,100,6
Farmacia Mandanici,950000000,FITOSTEROLI PLUS 180PAST,1,0.33,0,30,2
Farmacia Mandanici,950011801,PROBIOGEA INTESTINO SALUGEA,1,0.33,0,29,6
Farmacia Mandanici,950013159,MEDICARE TECH MISURAT PARLANTE,1,0.33,0,7,2
Farmacia Mandanici,950017424,AUTAN DEFENSE LIQ ELETTR CA RI,1,0.33,9,5,1
Farmacia Mandanici,950021434,IALUSOL 0.3 REPAIR GOCCE OCUL,1,0.33,0,100,6
Farmacia Mandanici,950024822,FLOMEL 1000 14BUST,1,0.33,0,271,6
Farmacia Mandanici,950032565,GLIFOSAFE 14BUST,1,0.33,0,132,8
Farmacia Mandanici,950038481,DERMOVITAMINA ONICOMICOS PATCH,1,0.33,16,100,4
Farmacia Mandanici,950038505,ALLVISION 20BUST,1,0.33,0,8,2
Farmacia Mandanici,950038745,PHYTAMIN ACT CREMA UNICA 300ML,1,0.33,0,117,6
Farmacia Mandanici,950041917,EFFACLAR AZ GEL CREMA 40ML,1,0.33,2,129,14
Farmacia Mandanici,950043265,VITABELLA FIOCCHI AVENA 300G,1,0.33,0,100,1
Farmacia Mandanici,950043380,DE CECCO SPAGHETTI N12 NR 400G,1,0.33,0,0,
Farmacia Mandanici,950049116,HMB SPORT 180PAST,1,0.33,0,11,1
Farmacia Mandanici,950055121,CH TAZZA TRAINING ROSA 6M+,1,0.33,0,23,5
Farmacia Mandanici,950055184,CH TAZZA PERFECT X 360 AZZ12M+,1,0.33,0,2,6
Farmacia Mandanici,950059788,TIAL D DETERGENTE 250ML,1,0.33,0,130,1
Farmacia Mandanici,950061566,GENEVITPRO 28FL,1,0.33,0,2,5
Farmacia Mandanici,950073027,SWISSE MAGNESIO POTASSIO20BUST,1,0.33,0,404,8
Farmacia Mandanici,950075857,LAEVOLAC COLON IRRITABILE30CPR,1,0.33,47,205,10
Farmacia Mandanici,950082368,CLINNER AKNE DETERGENTE 250ML,1,0.33,0,0,
Farmacia Mandanici,950082432,SKINSAN AKNE DETERGENTE 250ML,1,0.33,0,2,4
Farmacia Mandanici,950088942,FORBICE CHIR ACUTA/SMUS 15CM,1,0.33,0,9,1
Farmacia Mandanici,950150375,VERAVIS PLUS ORIGINALE GR 30G,1,0.33,0,13,1
Farmacia Mandanici,950150526,BIOSCALIN MENOPAUSA 30CPR,1,0.33,4,62,14
Farmacia Mandanici,950150641,BIOSCALIN TOTAL CARE 90CPR,1,0.33,1,186,9
Farmacia Mandanici,950210955,DUREX NUDE SENSATION 6PZ,1,0.33,6,292,5
Farmacia Mandanici,950219562,APOVARY 20CPS,1,0.33,0,134,5
Farmacia Mandanici,950223572,DOAMAG 30CPR,1,0.33,0,247,2
Farmacia Mandanici,950231365,ROC DERM CORREXION LIP VOLUMIZ,1,0.33,0,313,12
Farmacia Mandanici,950231391,PHYSIOMANCE PANCIA PIATTA60CPS,1,0.33,0,54,9
Farmacia Mandanici,950233698,COLONLIFE 10CPR+10CPS,1,0.33,0,2655,5
Farmacia Mandanici,950246963,TRIDERM IMMU SYSTEM 30CPS,1,0.33,0,106,4
Farmacia Mandanici,950267106,SERELAXIN 30CPR,1,0.33,0,0,
Farmacia Mandanici,950267397,INGLESE PAN BRUSCHETTA 2FETTE,1,0.33,0,26,2
Farmacia Mandanici,950304838,AGLUTEN GRAN COOKIE AVENA CIOC,1,0.33,0,5,1
Farmacia Mandanici,950308585,SAME 60PAST,1,0.33,0,17,2
Farmacia Mandanici,950355279,CH HM IL MIO PRIMO PIANO ORCH,1,0.33,0,5,2
Farmacia Mandanici,950405047,VITREOLISINA PLUS 30BUST,1,0.33,0,148,6
Farmacia Mandanici,950405757,VITREOIAL GOCCE OCULARI 20MONO,1,0.33,0,142,5
Farmacia Mandanici,950405769,IBIS MU 40CPS,1,0.33,0,17,4
Farmacia Mandanici,950424008,SANI DRY PANN INCONT MUT XL 10,1,0.33,0,21,4
Farmacia Mandanici,950424426,FITOART PLUS 30BUST,1,0.33,0,57,2
Farmacia Mandanici,950425850,TENDOL C 30BUST,1,0.33,0,52,8
Farmacia Mandanici,950429670,PAMPERS PROTEZIONE PURA MID22P,1,0.33,0,45,1
Farmacia Mandanici,950577268,PRESTERIL HONEYPRO CER CICATR,1,0.33,3,43,2
Farmacia Mandanici,950612034,DEFLUX FAST 30CPR MASTIC,1,0.33,0,108,9
Farmacia Mandanici,950832624,FISSAN CREMA IDRAT NEW100ML,1,0.33,11,54,2
Farmacia Mandanici,950835468,"GELDIS Clorex.0,12% Menta",1,0.33,0,62,3
Farmacia Mandanici,950835518,SARGENOR 20F 5ML NF,1,0.33,0,477,5
Farmacia Mandanici,950837447,TEN 10 20BUST,1,0.33,0,93,5
Farmacia Mandanici,950838045,DERMAFFINE AD PRO 20CPS,1,0.33,0,31,5
Farmacia Mandanici,950838247,SUPRADYN EXPERT VIT D 30CPR,1,0.33,5,100,10
Farmacia Mandanici,950841635,FLORENTERO COMPLEX 120CPR,1,0.33,0,88,5
Farmacia Mandanici,950844249,BABA' AL RHUM 2PZ 105G,1,0.33,0,9,1
Farmacia Mandanici,950911558,ELIXIR MESTRUO 30CPR,1,0.33,0,64,2
Farmacia Mandanici,950912877,NUCLEROID CREMA 100ML,1,0.33,0,158,5
Farmacia Mandanici,950913006,PLENITY KIT,1,0.33,7,57,7
Farmacia Mandanici,950921231,MYODESONORM 30BUST,1,0.33,0,100,3
Farmacia Mandanici,950956843,PEPTIVET 4 SOL OTOLOGICA 50ML,1,0.33,0,239,4
Farmacia Mandanici,950965297,ZINCO RAME OLIMENTOVIS 200ML,1,0.33,0,19,1
Farmacia Mandanici,950965311,COLLAGENE-T 180PAST,1,0.33,0,96,4
Farmacia Mandanici,950978938,TRAMEXAL DECO' 30ML BRADERM,1,0.33,0,23,4
Farmacia Mandanici,950984740,TONIMER ASPIRATORE NASALE,1,0.33,3,7,3
Farmacia Mandanici,951026665,SEBAK MATT CREMA OPACIZZ SPF30,1,0.33,0,122,1
Farmacia Mandanici,951028620,ALEMA ENERGY 100G,1,0.33,0,214,5
Farmacia Mandanici,951029317,SINCROLIPID 60CPR NF,1,0.33,0,226,5
Farmacia Mandanici,951030345,MYOFEM 30BUST,1,0.33,0,62,2
Farmacia Mandanici,951033024,CLOROFILLVIS 200ML LIQ ANALCO,1,0.33,0,45,1
Farmacia Mandanici,951043470,HYALU B5 CREMA VASO 50ML,1,0.33,0,196,10
Farmacia Mandanici,951049966,CALAGIN GEL 30ML,1,0.33,0,91,2
Farmacia Mandanici,951050653,SAUGELLA UNDER THE SKIN BUNDLE,1,0.33,36,0,1
Farmacia Mandanici,951058573,BATTINORM 30STICK,1,0.33,0,129,8
Farmacia Mandanici,951064551,CERAVE SKIN RENEWING CONT OCCH,1,0.33,3,0,4
Farmacia Mandanici,951064563,CERAVE PATCHES CONTROLLO IMPER,1,0.33,3,290,9
Farmacia Mandanici,951088691,KARIOSYTE COLLUTORIO 180ML,1,0.33,0,100,3
Farmacia Mandanici,951097839,EUCLORINA GENGIVE GEL 30ML,1,0.33,0,271,1
Farmacia Mandanici,951097841,EUCLORINA GENGIVE AFTE COLLUT,1,0.33,14,930,1
Farmacia Mandanici,951098223,MOONCUP SOFT COPP MESTR +30A,1,0.33,0,4,2
Farmacia Mandanici,951124039,INTENSIVE HYALURONIC+ CR LISS,1,0.33,0,17,2
Farmacia Mandanici,951124066,NERVAL 24CPR,1,0.33,0,83,1
Farmacia Mandanici,951128154,ERACISTAL BIOTIC 5BUST,1,0.33,0,182,1
Farmacia Mandanici,951135627,COLINOX 40CPR MASTICABILI,1,0.33,0,0,
Farmacia Mandanici,951141528,MULTICENTRUM AGE OSSA MUSC ART,1,0.33,1,147,14
Farmacia Mandanici,951144486,NUXE MEN GEL IDR MULTI-FUNZ,1,0.33,0,10,10
Farmacia Mandanici,951161621,REFLU ACT ACID CONTROL 20STICK,1,0.33,7,7,3
Farmacia Mandanici,951170430,123 VIT 30CPS,1,0.33,0,3,1
Farmacia Mandanici,951171343,LONGLIFE ASHWAGANDHA BIO 5%,1,0.33,0,195,7
Farmacia Mandanici,951171420,DEXECLEAR AQUAFLUIDO OP SPF50+,1,0.33,0,123,1
Farmacia Mandanici,951175900,SNS1 OP 30BUST,1,0.33,0,53,1
Farmacia Mandanici,951193299,LONGLIFE NADH MAX 60CPR RIVEST,1,0.33,0,97,5
Farmacia Mandanici,951195369,HYALONE INTRA-ART 60MG 4ML 1PZ,1,0.33,0,23,12
Farmacia Mandanici,951196157,ARTICOLAZIONI SANE 180PAST,1,0.33,0,48,4
Farmacia Mandanici,951199292,NUTRIMONIUM HMO 28BUST,1,0.33,0,62,9
Farmacia Mandanici,951200664,ELYSIUM NEUROMENTIS Q10 30CPS,1,0.33,0,58,3
Farmacia Mandanici,951210689,SAUBER DEOCARE SPRAY 150ML,1,0.33,0,82,2
Farmacia Mandanici,951232406,HERICIUM GHEOS 90CPS,1,0.33,0,10,1
Farmacia Mandanici,951240199,IMBABY LECCA LECCA CAMOM 20PZ,1,0.33,0,10,1
Farmacia Mandanici,951272780,HALLUX PRO TUT ALLUCE VG DX M,1,0.33,0,3,2
Farmacia Mandanici,951272828,HALLUX PRO TUT ALLUCE VG SX M,1,0.33,0,2,1
Farmacia Mandanici,951273806,COLECRIL CALANUS ARTICO 60SOFT,1,0.33,0,149,7
Farmacia Mandanici,951273907,CONDROMAX FORTE 10BUST,1,0.33,0,73,5
Farmacia Mandanici,951300615,PHYTUM TON 30CPR,1,0.33,0,22,1
Farmacia Mandanici,951306240,PSIPROTO FERT 30BUST,1,0.33,0,150,1
Farmacia Mandanici,951309640,HUMANA BISCOTTO BABY BIO 320G,1,0.33,0,29,3
Farmacia Mandanici,951309677,LINFOCINETIC CREMA 100ML,1,0.33,0,90,6
Farmacia Mandanici,951313030,MINERALVIS 150PAST,1,0.33,0,15,1
Farmacia Mandanici,951318221,"TWINS SILVER TRIPLE RO BL+3,50",1,0.33,0,37,1
Farmacia Mandanici,951332319,ALIAMED 20BUST,1,0.33,0,267,6
Farmacia Mandanici,951332473,BETAMIX 80CPR MASTIC,1,0.33,0,173,7
Farmacia Mandanici,951337866,MIOAPP 20BUST,1,0.33,0,45,4
Farmacia Mandanici,951338452,DRENALASE PET 20 CANE 20CPR,1,0.33,0,123,2
Farmacia Mandanici,951340557,FISSAN LA PASTA A/PROT 150G NF,1,0.33,0,847,3
Farmacia Mandanici,951346675,HYSEAC 3 REGUL+ SPF50+ 50ML,1,0.33,0,36,7
Farmacia Mandanici,951358290,SALIPIL BIOME 50ML,1,0.33,0,175,4
Farmacia Mandanici,951361056,BONASE VIS 20STICK,1,0.33,0,54,5
Farmacia Mandanici,951365143,ANTHELIOS UVSPORT STICK 8G,1,0.33,5,0,15
Farmacia Mandanici,951365244,BEURER LANCETTE AGO ST G28 25P,1,0.33,0,100,4
Farmacia Mandanici,951365321,BAULI FREE PANGRANDE BIANCO,1,0.33,0,100,3
Farmacia Mandanici,951368808,OTOMER OIL SPRAY 20ML,1,0.33,4,14,2
Farmacia Mandanici,951372453,GLUTATIONE LIPOSOMIALE30CPS NF,1,0.33,0,16,6
Farmacia Mandanici,951380981,LINES SPEC PANTS EX UNI XL 7PZ,1,0.33,0,117,2
Farmacia Mandanici,951456678,KETO PROTEIN PUDDING CHOCOLATE,1,0.33,0,5,2
Farmacia Mandanici,951459472,OLIO DI RICINO 50ML SOFARMAPIU,1,0.33,0,778,2
Farmacia Mandanici,951462555,RIDERMA EXOSOMI SIERO 30ML,1,0.33,0,0,
Farmacia Mandanici,951469776,ENZYVIS 100PAST,1,0.33,0,135,3
Farmacia Mandanici,951484740,NUXE VERY ROSE STRUCC BIFASICO,1,0.33,0,12,8
Farmacia Mandanici,951500812,AVENE XERACALM AD CR LIPO200ML,1,0.33,0,129,7
Farmacia Mandanici,951500824,AVENE XERACALM AD CR LIPO400ML,1,0.33,0,777,6
Farmacia Mandanici,951507437,ESENTA STOMAHESIVE SEAL 10PZ,1,0.33,0,13,4
Farmacia Mandanici,951507449,AQUAVIS DS SHAMPOO 200ML,1,0.33,0,117,1
Farmacia Mandanici,951553623,CERVICALE SANA 180PAST,1,0.33,0,23,7
Farmacia Mandanici,951586674,SKINNOVA DETERGENTE CORPO350ML,1,0.33,0,100,2
Farmacia Mandanici,951617339,DOLOMY FIBRO 60CPS,1,0.33,0,45,1
Farmacia Mandanici,951692654,BUTIDEP CAPSULE,1,0.33,0,262,7
Farmacia Mandanici,951694052,HYALO4 CARE CREAM 100G,1,0.33,0,32,6
Farmacia Mandanici,951807849,MNEME FOCUS 20STICK,1,0.33,0,31,1
Farmacia Mandanici,951863024,HORMONIZE 60CPS,1,0.33,0,12,8
Farmacia Mandanici,951865652,ASPARTICUS POLVERE SOLUBIL360G,1,0.33,0,27,3
Farmacia Mandanici,951874460,CH GIOCO MSDD CONIGLIETTO,1,0.33,0,15,3
Farmacia Mandanici,951882202,SOFARMAPIU' BENDA RETE TORA/SP,1,0.33,0,871,1
Farmacia Mandanici,951884269,KLORANE SHAMPOO CHIN CRES200ML,1,0.33,0,27,5
Farmacia Mandanici,951885553,BWB SUPER SNOOZE SLEEP VIT MEL,1,0.33,0,39,4
Farmacia Mandanici,951990009,MANUGIB 3D TUTORE POLS DX TG02,1,0.33,0,0,
Farmacia Mandanici,951990148,MALLEOGIB 3D CAVIGL LEGAM TG04,1,0.33,0,7,3
Farmacia Mandanici,951991381,KLORANE SH SEC LINO 150ML,1,0.33,0,49,6
Farmacia Mandanici,951991607,ANANAS BROMELINA 5000 30CPR,1,0.33,0,230,6
Farmacia Mandanici,952004099,TELEANGYL PROTECT SPF50+ PHARC,1,0.33,0,141,6
Farmacia Mandanici,952039509,CER'8 LOZIONE 0+ ANTIZANZARE,1,0.33,20,29,2
Farmacia Mandanici,952039764,VITASOHN JUNIOR FRUTTINE PROMO,1,0.33,3,0,1
Farmacia Mandanici,952043851,BOROTALCO TALCO VEG 70G BUSTA,1,0.33,0,221,1
Farmacia Mandanici,952049359,ARTERION K2ME 30CPS,1,0.33,0,174,9
Farmacia Mandanici,952052746,OLAPLEX N3 PLUS COMPLETE 100ML,1,0.33,0,10,5
Farmacia Mandanici,952055489,AFOMILL ALLERGY GOCCE OCUL10ML,1,0.33,1,0,1
Farmacia Mandanici,952070720,GYNEDRAL OVULI VAGINALI 10OV,1,0.33,0,57,1
Farmacia Mandanici,952089175,ATEROSTAR COLESTEROLO 30CPR,1,0.33,0,49,8
Farmacia Mandanici,952089441,KORNEAKER UNGUENTO 5G,1,0.33,0,144,1
Farmacia Mandanici,952099253,EUPHIDRA BALSAMO LABBRA NEUTRO,1,0.33,4,0,1
Farmacia Mandanici,952099291,EUPHIDRA CIPRIA MOSAICO MAND,1,0.33,3,0,1
Farmacia Mandanici,952099721,EUPHIDRA MATITA OCCHI GRIGIO,1,0.33,4,0,1
Farmacia Mandanici,952100093,EUPHIDRA ROSSETTO LUM COUTURE,1,0.33,4,0,1
Farmacia Mandanici,952100131,EUPHIDRA ROSSETTO LUM SCARLAT,1,0.33,4,0,1
Farmacia Mandanici,952100194,EUPHIDRA SCRUB ESFOLIANTE LAB,1,0.33,4,0,1
Farmacia Mandanici,952125920,GLIALIA 700MG+70MG 30BUST,1,0.33,0,3266,6
Farmacia Mandanici,952126112,PRINCIPIUM SUN BEAUTY 60CPR,1,0.33,0,31,3
Farmacia Mandanici,952131035,FITOLAX FORTE 40CPR,1,0.33,0,14,
Farmacia Mandanici,970204196,SEBAK ORAL 30CPS,1,0.33,0,123,6
Farmacia Mandanici,970225874,PEDIAMAG 10FL,1,0.33,1,456,7
Farmacia Mandanici,970257388,DERMABLEND 3D 25 30ML,1,0.33,0,173,
Farmacia Mandanici,970287684,BARRETTE MANDORLE E GOJI 4X20G,1,0.33,0,69,2
Farmacia Mandanici,970336400,SUNNERSKIN 40ML,1,0.33,0,67,1
Farmacia Mandanici,970337453,REV RESOLVE CAPSULE,1,0.33,0,70,7
Farmacia Mandanici,970375945,EPATOSTAR FORTE 20CPR RIVEST,1,0.33,0,128,4
Farmacia Mandanici,970384943,COLONLIFE 10CPR+10CPS,1,0.33,0,39,4
Farmacia Mandanici,970445274,GLORIAM MCR181 AREG BEI SC,1,0.33,0,0,
Farmacia Mandanici,970445324,GLORIAM MCR181 AREG BEI SL,1,0.33,0,1,1
Farmacia Mandanici,970445348,GLORIAM MCR181 AREG BEI LL,1,0.33,0,3,1
Farmacia Mandanici,970447850,ECOSDOL 30CPR,1,0.33,0,11,8
Farmacia Mandanici,970488817,KIJIMEA COLON IRRITABILE 14CPS,1,0.33,1,82,8
Farmacia Mandanici,970488829,KIJIMEA COLON IRRITABILE 28CPS,1,0.33,0,61,6
Farmacia Mandanici,970495610,NUXE PROD LAIT CORPS 200ML,1,0.33,0,113,9
Farmacia Mandanici,970521252,NORMAST MPS MICROGR SUB 20BUST,1,0.33,1,0,3
Farmacia Mandanici,970540377,BIONIKE SHINE ON BALSAMO 200ML,1,0.33,0,330,2
Farmacia Mandanici,970657918,SIG 503 AG-MOSX ML PA BEIG,1,0.33,0,1,1
Farmacia Mandanici,970701381,BRAVA SALVIETTE DET 15PZ,1,0.33,0,67,3
Farmacia Mandanici,970722334,ONYCOPHASE SOL UNGUEALE15+15ML,1,0.33,0,118,9
Farmacia Mandanici,970726550,GIBAUD JUNIOR TUTORE SPALLA 2,1,0.33,0,7,2
Farmacia Mandanici,970795199,RENAL N 240G,1,0.33,0,49,4
Farmacia Mandanici,970932149,SIG HLM AD MN PC BLAC,1,0.33,0,0,
Farmacia Mandanici,970939928,DRENADROPS SOL IAL 100ML,1,0.33,0,100,3
Farmacia Mandanici,971047826,HAIRGEN SPRAY ANTICADUTA 125ML,1,0.33,0,67,3
Farmacia Mandanici,971057892,FARINA RISO IMPALPAB BIO 375G,1,0.33,0,5,3
Farmacia Mandanici,971057955,LENTICCHIE VERDI BIO 400G,1,0.33,0,21,3
Farmacia Mandanici,971064783,TRIAMAG B6 36CPR,1,0.33,0,67,5
Farmacia Mandanici,971071523,EFFACLAR DUO+ UNIFIANT MED40ML,1,0.33,1,0,2
Farmacia Mandanici,971084456,HYBRID 30CPR,1,0.33,0,29,5
Farmacia Mandanici,971085081,BISCOTTI AI CEREALI BIO,1,0.33,0,11,3
Farmacia Mandanici,971092248,PROCOMBO 10CPS,1,0.33,0,615,7
Farmacia Mandanici,971101720,MAGSOL 5 PLUS 60CPR,1,0.33,0,94,5
Farmacia Mandanici,971104827,ORG PH SNAIL OXY SHAMPOO 250ML,1,0.33,0,1,1
Farmacia Mandanici,971135405,FORTIMEL ADVANCED POWDER VAN,1,0.33,2,67,6
Farmacia Mandanici,971141193,CEBION MAST ARANCIA VIT C20CPR,1,0.33,1,115,8
Farmacia Mandanici,971180183,GARZA MEDS 12/8 F 32/40 20X40,1,0.33,0,29,2
Farmacia Mandanici,971228059,MINICLIS NATURAL MD BB 6PZ,1,0.33,0,45,6
Farmacia Mandanici,971256449,FELICIA BIO FUSILLI LENTICCHIE,1,0.33,0,36,1
Farmacia Mandanici,971325271,PEDIAKD PLUS 5ML,1,0.33,0,102,2
Farmacia Mandanici,971356478,TENA SLIP MAXI PANN M 10PZ,1,0.33,7,0,1
Farmacia Mandanici,971484252,OMEGOR KRILL 60CPS MOLLI,1,0.33,0,525,10
Farmacia Mandanici,971484290,ISOLIN VITA 30CPS,1,0.33,0,54,2
Farmacia Mandanici,971484593,DILATATORE NASALE,1,0.33,0,78,3
Farmacia Mandanici,971485356,AMARANTO SOFFIATO 100G,1,0.33,0,8,6
Farmacia Mandanici,971486713,JUNGLE FORMULA MOLTO FORTE SPR,1,0.33,20,2668,
Farmacia Mandanici,971529538,"INSTYLAN 0,16% 50ML",1,0.33,0,0,
Farmacia Mandanici,971620796,BLEFACTIVE LIPOGEL OFTALMICO,1,0.33,0,66,5
Farmacia Mandanici,971621964,CONNETTIVINABIO CREMA 25G,1,0.33,36,266,6
Farmacia Mandanici,971633045,"ANSIMAR AIR 14BUSTE 4,5G",1,0.33,1,153,1
Farmacia Mandanici,971636547,CORTIX 30CPR MASTIC,1,0.33,0,31,5
Farmacia Mandanici,971641663,ALOE BETA 30CPS ALOE ARBORESCE,1,0.33,0,20,6
Farmacia Mandanici,971646928,KERAMINE H SH A/CAD TRAV 100ML,1,0.33,0,20,2
Farmacia Mandanici,971647072,IPB-3 30CPR,1,0.33,0,100,4
Farmacia Mandanici,971659418,FARMAVIS PLUS 20BUST,1,0.33,0,12,5
Farmacia Mandanici,971695515,EUCERIN UREAREP 10% CREMA PIED,1,0.33,1,370,10
Farmacia Mandanici,971715976,NORAD 30CPR 900MG,1,0.33,0,180,1
Farmacia Mandanici,971744887,ATHENAVIS ONE SIR INTRA-ART4ML,1,0.33,0,23,11
Farmacia Mandanici,971754712,MERIDOL PARODONT EXPERT DENTIF,1,0.33,1,252,
Farmacia Mandanici,971805318,VITREO360 30BUST,1,0.33,3,281,7
Farmacia Mandanici,971931391,ROSELIANE CR RICCA 50ML,1,0.33,0,308,4
Farmacia Mandanici,971953740,TENSIVA 40BUST,1,0.33,1,113,3
Farmacia Mandanici,971966460,CLIAORTHO FASCIA POSTOP 5,1,0.33,7,0,
Farmacia Mandanici,971998416,LINEAGIN MOUSSE 150ML,1,0.33,0,138,6
Farmacia Mandanici,972035416,FLOGOSPIR ACT 10CPS,1,0.33,0,57,2
Farmacia Mandanici,972256642,CALCIOK2 30STICK PACK,1,0.33,0,62,1
Farmacia Mandanici,972260590,EMORSAN RAG 2 TUBI 30+30ML,1,0.33,0,213,7
Farmacia Mandanici,972264636,BLEFASTOP GARZA COT PIE RX 28P,1,0.33,0,1157,4
Farmacia Mandanici,972472841,DUALCOL 30CPR,1,0.33,0,68,5
Farmacia Mandanici,972472854,DUALCOL FERMENTI 10CPS,1,0.33,0,46,7
Farmacia Mandanici,972508461,MERIDOL COLLUTORIO 100ML,1,0.33,29,223,1
Farmacia Mandanici,972525149,GIBAUD ORTHO LOMBOGIB LADY26 1,1,0.33,0,13,5
Farmacia Mandanici,972554505,BRUCIA FAST DONNA 90PAST,1,0.33,0,38,3
Farmacia Mandanici,972644165,REPIG GEL 30ML,1,0.33,0,43,8
Farmacia Mandanici,972681478,OMEGOR MIND 60CPS MOLLI,1,0.33,0,50,5
Farmacia Mandanici,972730600,THYRSEL OX 30CPS,1,0.33,0,155,2
Farmacia Mandanici,972730612,BOSKIN CREMA 500ML,1,0.33,0,122,6
Farmacia Mandanici,972776746,ONICOPOD GOCCE EMOLLIENTI 15ML,1,0.33,0,395,3
Farmacia Mandanici,972787826,APAXIL SUDOR CONT ASC NTT 25ML,1,0.33,0,316,2
Farmacia Mandanici,973191582,DERMABLEND FLUIDO 30 30ML,1,0.33,0,28,7
Farmacia Mandanici,973273547,THE MATCHA 100G,1,0.33,0,29,4
Farmacia Mandanici,973293071,DEFENCE BODY REDUCELL SNE200ML,1,0.33,0,1,3
Farmacia Mandanici,973293121,LEUKOMED T PLUS MEDIC 8X10CM,1,0.33,5,100,1
Farmacia Mandanici,973338837,VITIS ORTHO CERA 010717,1,0.33,0,35,10
Farmacia Mandanici,973338914,ANAFLOS FORTE 20CPR,1,0.33,0,109,1
Farmacia Mandanici,973351947,ZINCOSEB SPRAY 200ML,1,0.33,0,125,4
Farmacia Mandanici,973472691,DEROXEN PET LINE OTO 75ML,1,0.33,0,3,3
Farmacia Mandanici,973476450,CONTROL GEL MASS MADAGASCAR,1,0.33,7,47,1
Farmacia Mandanici,973500729,SOMAT SKIN EX SNEL 7NTT G400ML,1,0.33,0,149,12
Farmacia Mandanici,973515962,BARIESUN SPF50+ SPRAY ASCIUTTO,1,0.33,0,51,3
Farmacia Mandanici,973655424,TRIBULUS ESTRATTO TIT 80PAST,1,0.33,0,7,4
Farmacia Mandanici,973846595,CANNOLINI VUOTI 80G,1,0.33,0,5,3
Farmacia Mandanici,973908597,ARNICA GEL 90% 500ML,1,0.33,0,676,8
Farmacia Mandanici,973913128,LAURELLA COTONE AS ULTR GG12PZ,1,0.33,0,100,4
Farmacia Mandanici,973923081,PULSOXIMETRO DA DITO OXY-2,1,0.33,0,2332,1
Farmacia Mandanici,974015214,AMIDO RISO BAGNO 150G,1,0.33,0,72,3
Farmacia Mandanici,974016343,METARELAX NEW 84BUST,1,0.33,0,88,9
Farmacia Mandanici,974033084,GLORIAM MCR181 AREG NE ML,1,0.33,0,0,
Farmacia Mandanici,974035824,RESURFACE MD 15 PEEL CANOVA,1,0.33,0,356,3
Farmacia Mandanici,974035952,RESURFACE C 15 SERUM CANOVA,1,0.33,0,71,3
Farmacia Mandanici,974036675,MIODOL 20CPR BLISTER 10G,1,0.33,0,55,1
Farmacia Mandanici,974058051,ECLADERM CREMA CANOVA 50ML,1,0.33,0,47,3
Farmacia Mandanici,974058152,RIVESCAL DS SHAMPOO CANOVA,1,0.33,0,1138,4
Farmacia Mandanici,974058289,SENSIVEN CAPS CANOVA 30CPS,1,0.33,0,90,6
Farmacia Mandanici,974058341,SENSIQUELL CR DET CANOVA 400ML,1,0.33,0,152,3
Farmacia Mandanici,974109213,CERAVE CREMA MANI 50ML,1,0.33,6,92,1
Farmacia Mandanici,974159446,COLILEN IBS 60OPR,1,0.33,1,575,14
Farmacia Mandanici,974362485,SCHOLL PARTY FEET GEL ACTIV US,1,0.33,0,666,6
Farmacia Mandanici,974388516,BRAVA CEROTTO IDROCOL XL 20PZ,1,0.33,0,79,2
Farmacia Mandanici,974389278,AMADA 60CPR,1,0.33,0,94,1
Farmacia Mandanici,974513703,FIBRINOSIL 20CPR,1,0.33,0,112,2
Farmacia Mandanici,974880864,SARCHIO FARINA COCCO 350G,1,0.33,0,3,3
Farmacia Mandanici,974887743,NUTRIVA VEGAN B12 60CPR 1000MC,1,0.33,0,99,8
Farmacia Mandanici,974898684,BIOSCALIN ENERGY FIALE,1,0.33,0,32,1
Farmacia Mandanici,974898696,BIOSCALIN ENERGY F DOPPIA TP,1,0.33,0,17,3
Farmacia Mandanici,974899407,LINES SP CL PANN SAG MAXI 30PZ,1,0.33,0,100,2
Farmacia Mandanici,974921241,DERMOVITAMINA FILM A/VESC 8G,1,0.33,3,0,3
Farmacia Mandanici,974967212,PIC STRISCE GLUCO MONITOR 25PZ,1,0.33,0,769,4
Farmacia Mandanici,974986705,LEVITAS CUSCINO FCS S/FOD40X40,1,0.33,0,3,2
Farmacia Mandanici,974989271,SMART D3 MATRIX GOCCE 15ML,1,0.33,2,1660,5
Farmacia Mandanici,975004641,CURASEPT SPAZZ SPEC ORTHO,1,0.33,0,43,
Farmacia Mandanici,975026194,EFFACLAR K+ 40ML,1,0.33,1,140,15
Farmacia Mandanici,975051943,METASLEEP ITA 1MG 30CPR,1,0.33,0,124,7
Farmacia Mandanici,975063239,CEROTTO SPRAY,1,0.33,0,0,
Farmacia Mandanici,975063443,IMMUNOSICK 30ML,1,0.33,0,58,7
Farmacia Mandanici,975082874,GIBAUD SPORT POLPACCERA 2,1,0.33,0,0,
Farmacia Mandanici,975084753,PIC INSUPEN ADV AGO G33X4MM,1,0.33,3,1032,2
Farmacia Mandanici,975084789,PIC INSUPEN ADV AGO G32X6MM,1,0.33,13,400,1
Farmacia Mandanici,975099173,TOTABI EVO 32CPR,1,0.33,0,335,4
Farmacia Mandanici,975359074,CRL DHA 60CPS,1,0.33,0,58,3
Farmacia Mandanici,975428234,XEMOSE C8+ BALS OLIO 500ML,1,0.33,0,241,10
Farmacia Mandanici,975435177,ORALB KIDS CARS&PRINCESS SPAZZ,1,0.33,1,0,1
Farmacia Mandanici,975513615,GELSECTAN 15CPS,1,0.33,1,0,2
Farmacia Mandanici,975526587,ORG PH ORGANICS COLOR 9/0 BION,1,0.33,0,9,1
Farmacia Mandanici,975582026,FDR CLEMULINA SENO 15ML,1,0.33,1,86,6
Farmacia Mandanici,975585593,SCHAR CLASSICO MASTRO PANE330G,1,0.33,0,100,4
Farmacia Mandanici,975609948,REONAT 30CPR,1,0.33,0,158,5
Farmacia Mandanici,975701044,ALTRIENT LIPOSOMAL VITC 30BUST,1,0.33,0,392,1
Farmacia Mandanici,975701956,CONTROL GEL LUBRIF NATURE 75ML,1,0.33,13,171,7
Farmacia Mandanici,975734132,RILASTIL XEROLACT GEL DET400ML,1,0.33,0,72,6
Farmacia Mandanici,975816315,COLPHARMA MAGNETO CARE HOME,1,0.33,0,9,8
Farmacia Mandanici,975874025,MONELLO RISO BEVANDA VEG 1L,1,0.33,7,100,2
Farmacia Mandanici,975906684,HERBATINT 3DOSI 4N 300ML,1,0.33,0,41,3
Farmacia Mandanici,975941737,FERTISTILL 20BUST,1,0.33,0,47,7
Farmacia Mandanici,975984598,VERTIWIN 30CPR,1,0.33,0,100,7
Farmacia Mandanici,975991175,GELDIS Gel 100ml Pulitore Bite,1,0.33,0,847,6
Farmacia Mandanici,975995743,AUDISPRAY ULTRA SPRAY 20ML,1,0.33,2,113,12
Farmacia Mandanici,976005292,MULTICENTRUM VITAGUMMY 30CARAM,1,0.33,9,286,3
Farmacia Mandanici,976202717,CRISPACT 30STICK OROSOLUBILI,1,0.33,1,0,12
Farmacia Mandanici,976206262,CERAMOL MB 30 50ML,1,0.33,0,25,6
Farmacia Mandanici,976260149,UROCALC 30STICK PACK,1,0.33,1,204,6
Farmacia Mandanici,976292918,LUMAGE ULTRA 40CPR,1,0.33,0,164,3
Farmacia Mandanici,976294114,COGITON MENS 14BUST,1,0.33,0,770,8
Farmacia Mandanici,976294405,NORSAN OMEGA 3 VEGANO 100ML,1,0.33,0,173,5
Farmacia Mandanici,976305298,MUFLUIL RINOLOGICO 15F 2ML,1,0.33,0,148,1
Farmacia Mandanici,976322762,FLEXADIN ADVANCED CANE 30TAV,1,0.33,0,73,3
Farmacia Mandanici,976322774,FLEXADIN ADVANCED CANE 60TAV,1,0.33,0,60,3
Farmacia Mandanici,976326138,LINES SP PANTS DISCREET M 8P,1,0.33,0,100,3
Farmacia Mandanici,976329387,EMOFORM DENT FORTE CREMA ADES,1,0.33,31,146,1
Farmacia Mandanici,976334209,MULTICENTRUM DONNA 50+ 60CPR,1,0.33,1,323,
Farmacia Mandanici,976340339,ARNICA GEL 90% 250ML,1,0.33,0,1427,3
Farmacia Mandanici,976391159,SENSIVEN 50+ 50ML,1,0.33,0,582,10
Farmacia Mandanici,976395006,N5 1 Latte Liq 0/6m 500ml,1,0.33,28,940,3
Farmacia Mandanici,976730972,TENDIJOINT FORTE 20CPR,1,0.33,1,100,
Farmacia Mandanici,976731152,PELVILEN DUAL ACT 20CPR,1,0.33,1,678,10
Farmacia Mandanici,976767881,SWISSE SALUTE OSSEA 60CPR,1,0.33,0,217,11
Farmacia Mandanici,976771523,MEAQUOR 1000 60CPS,1,0.33,0,378,6
Farmacia Mandanici,976832218,DEFENCE COVER FOND/CORR STK203,1,0.33,0,5,4
Farmacia Mandanici,976836231,POLSIERA STECCATA AMBID DL27 M,1,0.33,0,1,1
Farmacia Mandanici,977254147,EQUIMEL 40CPS,1,0.33,0,48,8
Farmacia Mandanici,977368253,DERMOVITAMINA FILM SPR 30ML,1,0.33,4,195,2
Farmacia Mandanici,977447642,"CURAPROX PERIOPLUS+ REGEN0,09%",1,0.33,0,28,9
Farmacia Mandanici,977544814,VITAMINA D 4000UI 168CPR MAST,1,0.33,0,844,9
Farmacia Mandanici,977625401,ATODERM LEVRES BAUME 15ML,1,0.33,1,11,6
Farmacia Mandanici,977631706,NUTRIFREE FETTE BISC INT 225G,1,0.33,0,100,1
Farmacia Mandanici,977633445,SILENTIUM 30CPS,1,0.33,0,108,5
Farmacia Mandanici,977662030,AVENE CICALFATE+CR RISTRUT40ML,1,0.33,1,548,
Farmacia Mandanici,977662042,AVENE CICALFATE+CR RISTRU100ML,1,0.33,0,394,
Farmacia Mandanici,977663653,THOTALE CREMA VISO BAVA LUMACA,1,0.33,0,471,4
Farmacia Mandanici,977668134,INOFERT HP 20BUST,1,0.33,1,740,9
Farmacia Mandanici,977695170,GLORIA162EVO AD BE MC,1,0.33,0,12,6
Farmacia Mandanici,977695283,GLORIA162EVO AD BE LL,1,0.33,0,4,4
Farmacia Mandanici,977696475,GLORIA162EVO MONSX BE ML,1,0.33,0,2,1
Farmacia Mandanici,977804020,RISCHIARIL GOCCE 30ML,1,0.33,0,150,6
Farmacia Mandanici,977817826,LAURELLA ASS U LUNGO ALI 12PZ,1,0.33,26,0,
Farmacia Mandanici,977817838,LAURELLA ASS U SUP NTT ALI10PZ,1,0.33,13,0,1
Farmacia Mandanici,977823196,GIOVINA 30BUST,1,0.33,0,40,2
Farmacia Mandanici,977823778,EUCERIN ATOPIC CR FASI AC100ML,1,0.33,0,147,8
Farmacia Mandanici,977824705,NUXE RDM CREME CORPS 400ML,1,0.33,0,19,7
Farmacia Mandanici,978240909,CERAVE SA CREMA LEVIGANTE177ML,1,0.33,5,87,10
Farmacia Mandanici,978242663,PUMILIO ESSENZA ANTISTRESS ANT,1,0.33,3,0,1
Farmacia Mandanici,978244679,AMANTAR 20CPR+20CPS,1,0.33,0,117,7
Farmacia Mandanici,978250227,FLAVIS FETTE TOSTATE 205G,1,0.33,0,100,2
Farmacia Mandanici,978250239,GUAM LEGGINGS ACTIVE XS/S,1,0.33,0,3,1
Farmacia Mandanici,978267843,MATT PHARMA SERENOA PROST20CPS,1,0.33,0,36,1
Farmacia Mandanici,978305682,SAGINIL IN 10 CANNULE TUBO60ML,1,0.33,0,161,4
Farmacia Mandanici,978306393,PODALUX SCARPA POSTOP II L,1,0.33,0,10,3
Farmacia Mandanici,978306429,PODALUX SCARPA POSTOP II XL,1,0.33,0,8,3
Farmacia Mandanici,978307320,JUFLUS 30CPS MOLLI,1,0.33,0,96,8
Farmacia Mandanici,978401370,YAMAMOTO R ASHWAGANDHA 30CPS,1,0.33,0,86,2
Farmacia Mandanici,978433769,LIBERO UP&GO PANN 5 10-14 20PZ,1,0.33,0,0,
Farmacia Mandanici,978448506,CONNETTIVINASTICKSUN SPF30 3G,1,0.33,5,132,3
Farmacia Mandanici,978474892,Aptamil 1 Latte 750g,1,0.33,4,117,4
Farmacia Mandanici,978476099,KIJIMEA COLON IRRITAB PRO14CPS,1,0.33,1,304,5
Farmacia Mandanici,978501359,ANNURMETS HAIR SH RIPARATORE,1,0.33,0,12,10
Farmacia Mandanici,978507224,ECOTONIC 1000 14STICK PACK,1,0.33,0,6,6
Farmacia Mandanici,978598845,FOOTCARE PROT GEL 5 DITO C15,1,0.33,0,11,7
Farmacia Mandanici,978625349,CLENNY A FAMILY PACK ACCES COM,1,0.33,0,20,3
Farmacia Mandanici,978691451,ATAFLU' 14BUST,1,0.33,0,86,1
Farmacia Mandanici,978843922,REMESCAR PROGR CORRET CONT OCC,1,0.33,0,18,5
Farmacia Mandanici,978851006,VIGORDEM 90CPS,1,0.33,0,2,1
Farmacia Mandanici,978861425,RILASTIL ACNESTIL GEL DET400ML,1,0.33,0,243,9
Farmacia Mandanici,978861490,VIDERMINA LUBRIPIU OLIOLATTE,1,0.33,22,1951,6
Farmacia Mandanici,978861781,HAPPY FEEL NOCCIOLA 30G,1,0.33,0,57,2
Farmacia Mandanici,978867909,LIMBICA 14BUST,1,0.33,0,151,2
Farmacia Mandanici,978867935,CONNETTIVINASOLE CREMA GEL30ML,1,0.33,0,232,8
Farmacia Mandanici,978868038,CONNETTIVINASOLE SPRAY 50ML,1,0.33,0,125,6
Farmacia Mandanici,978869865,CONNETTIVINA CER HITECH 10X10,1,0.33,0,73,
Farmacia Mandanici,978939938,LAVONASE SIR 20ML IRRIG NASALE,1,0.33,0,6,1
Farmacia Mandanici,979021639,CUTALGAN A-DERMA SPRAY 100ML,1,0.33,0,74,9
Farmacia Mandanici,979075847,MEDIVEN MONDI AG SIL CL2 P/A 6,1,0.33,0,1,1
Farmacia Mandanici,979082690,D MANNOSIO ULTRA 2000 10STICK,1,0.33,0,21,6
Farmacia Mandanici,979082738,CH BRACCIALE SILICONE,1,0.33,2,0,1
Farmacia Mandanici,979095484,NUXE HP FLORALE 50ML OLIO SECC,1,0.33,0,254,2
Farmacia Mandanici,979101882,CIOKO GOLOSO 200G,1,0.33,0,31,1
Farmacia Mandanici,979101894,PAFFITO 45G,1,0.33,0,51,3
Farmacia Mandanici,979101906,SFOGLIETTE LENTICCHIE 50G,1,0.33,0,11,3
Farmacia Mandanici,979103506,SENSIBIO H2O 850ML PUMP,1,0.33,2,255,5
Farmacia Mandanici,979196173,ISOLA BIO BEVANDA AVENA INTEGR,1,0.33,0,100,4
Farmacia Mandanici,979216557,FIBERPASTA TARALLI BASSO INDIC,1,0.33,0,11,3
Farmacia Mandanici,979238084,FYLLADERM FILM BARR PROT 50ML,1,0.33,0,8,2
Farmacia Mandanici,979258009,GHC MEDICAL SHAMPOO PROTEICO,1,0.33,0,182,2
Farmacia Mandanici,979276565,TRIDERM AD CREMA SOL SPF50+,1,0.33,0,207,
Farmacia Mandanici,979323096,TRIDERM INTIMATE ANTIBATT250ML,1,0.33,0,148,12
Farmacia Mandanici,979332412,MYTHOXAN 30BUST,1,0.33,0,52,4
Farmacia Mandanici,979333390,ENDOR-PACE GOCCE 50ML,1,0.33,0,153,7
Farmacia Mandanici,979375146,FORMULA CREMA DERMOPURIF 50ML,1,0.33,0,103,1
Farmacia Mandanici,979375577,FORMULA NOGAS 50CPR,1,0.33,0,1930,4
Farmacia Mandanici,979394210,GLUTINIENTE TUBETTI 400G,1,0.33,0,8,3
Farmacia Mandanici,979410976,AVEENO PS EMULAVE SHAMPOO300ML,1,0.33,0,133,7
Farmacia Mandanici,979418821,BILIARIS LIQUIDO ANALC 200ML,1,0.33,0,33,5
Farmacia Mandanici,979418860,TRIMIX GOCCE OCULARI 8ML,1,0.33,0,226,3
Farmacia Mandanici,979657374,YAMAMOTO N CREATINE PRO 150TAV,1,0.33,0,27,6
Farmacia Mandanici,979683226,PIC SOLUTION FAZZOLETTINI DISI,1,0.33,27,715,1
Farmacia Mandanici,979683455,HELIOCARE 360 PLUS 30CPS,1,0.33,0,0,
Farmacia Mandanici,979779978,CONTROL NON STOP DOTS&LINES6PZ,1,0.33,52,131,2
Farmacia Mandanici,979800012,ULTRASUSTAIN 14 PORZIONI POLV,1,0.33,0,16,5
Farmacia Mandanici,979810102,REV IDRAX BOTU' MEDICAL 30BUST,1,0.33,0,25,1
Farmacia Mandanici,979869068,BLEPHASOL DUO 100ML+100 GARZE,1,0.33,0,98,9
Farmacia Mandanici,979947607,DERMACOTONE SALV AVENA/CAL72PZ,1,0.33,0,100,2
Farmacia Mandanici,980029538,OLIO SOLARE ACCELERATORE ABBR,1,0.33,0,16,3
Farmacia Mandanici,980115380,MYRIALEN GEL OCULARE 10G,1,0.33,0,236,7
Farmacia Mandanici,980121899,COLLARE CERVICALE BIV VISTA,1,0.33,0,5,2
Farmacia Mandanici,980122206,CORSETTO SEMIR ASPEN LUMB L,1,0.33,0,1,1
Farmacia Mandanici,980132839,THOTALE LATTE MICELL 3IN1 BAVA,1,0.33,1,0,2
Farmacia Mandanici,980143008,MASUROTA 50MLD 20CPS,1,0.33,0,484,8
Farmacia Mandanici,980182897,VENOLEX 30CPR,1,0.33,0,210,3
Farmacia Mandanici,980247860,XIPAG 20CPR,1,0.33,0,367,5
Farmacia Mandanici,980258471,ROSAID CREMA 30ML CE,1,0.33,0,45,8
Farmacia Mandanici,980258937,COLIN A 1000 30FL 10ML,1,0.33,0,151,5
Farmacia Mandanici,980287092,DEFENCE HAIR SHAMPOO RIDENSIF,1,0.33,0,135,7
Farmacia Mandanici,980292078,FIBRAMUCIL POLVERE 120G,1,0.33,0,8,2
Farmacia Mandanici,980292662,DERMOVITAMINA PRURITO INT ELLE,1,0.33,0,126,7
Farmacia Mandanici,980406639,MAGNESIO SUPREMO NOTTE REL150G,1,0.33,11,831,9
Farmacia Mandanici,980445858,SENSIBIO GEL MOUSSANT 100ML,1,0.33,0,0,
Farmacia Mandanici,980454680,VIDERMINA GEL INTIMO NF 30ML,1,0.33,1,133,
Farmacia Mandanici,980475356,FAVE DI FUCA 40CPR SENNA,1,0.33,21,532,4
Farmacia Mandanici,980483679,FASTUM EMAZERO EMULS GEL 100ML,1,0.33,1,178,5
Farmacia Mandanici,980486474,MICROPORE SURG T M5X25MM DI,1,0.33,0,512,5
Farmacia Mandanici,980494280,REMESCAR EFF LIFT INST V SHAPE,1,0.33,0,47,6
Farmacia Mandanici,980500019,VITABELLA MULTIGRAIN ALTO FIBR,1,0.33,0,0,
Farmacia Mandanici,980500021,VITABELLA FIOCCHI MAIS 225G,1,0.33,0,4,2
Farmacia Mandanici,980508865,MELLIN CREMA RISO 200G,1,0.33,3,157,1
Farmacia Mandanici,980512747,CERAMOL CREMA 311 200ML,1,0.33,1,477,14
Farmacia Mandanici,980519007,MULTIVITAMINE&MINERALI 30CPR,1,0.33,0,115,7
Farmacia Mandanici,980523310,CALENDULA 100ML,1,0.33,0,20,8
Farmacia Mandanici,980529782,IPPOCASTANO EXTRACT PLUS 100ML,1,0.33,0,10,5
Farmacia Mandanici,980544302,MODERMA FLEX AP CONV SM T13-38,1,0.33,0,1,2
Farmacia Mandanici,980547451,ISYPAN STITICHEZZA 20BUST,1,0.33,1,0,4
Farmacia Mandanici,980628085,FIBROALGIL 30CPR,1,0.33,0,173,7
Farmacia Mandanici,980630976,ALAMA MASCHERA RISTRUTT CAP,1,0.33,0,58,2
Farmacia Mandanici,980631016,ALAMA NO-YELLOW SH CAP BI/GR/D,1,0.33,0,15,1
Farmacia Mandanici,980631030,ALAMA SHAMPOO IDRAT CAP SECCHI,1,0.33,0,12,6
Farmacia Mandanici,980631079,ALAMA SHAMPOO RISTRUTT CAP DAN,1,0.33,0,33,6
Farmacia Mandanici,980631257,SOS COLOR&GO MAS COL ROSSO,1,0.33,0,5,8
Farmacia Mandanici,980642692,NATTURA FIOCCHI AVENA INTE350G,1,0.33,0,100,2
Farmacia Mandanici,980644316,ALGASIV ADES PROT INF 30PZ,1,0.33,2,658,8
Farmacia Mandanici,980680920,ALANERV 20CPS SOFTGEL,1,0.33,0,37,5
Farmacia Mandanici,980770630,PEANORM 30CPS,1,0.33,0,10,6
Farmacia Mandanici,980774412,UNICO OLIO SECCO SPRAY 100ML,1,0.33,1,30,3
Farmacia Mandanici,980784387,GENEDOL 30CPR,1,0.33,0,161,2
Farmacia Mandanici,980787194,GLICINA PURA POLVERE SOLUB250G,1,0.33,0,150,2
Farmacia Mandanici,980793513,ESI IMMUNILFLOR CPS FT 30NCPS,1,0.33,5,86,3
Farmacia Mandanici,980801258,AGO CAN VENOPIC 2V PUR G20X32,1,0.33,0,67,3
Farmacia Mandanici,980802033,BUTIRRATO PURO LIQ ANALCO500ML,1,0.33,0,59,4
Farmacia Mandanici,980810206,OMEGOR VEG 60CPS,1,0.33,0,440,7
Farmacia Mandanici,980813707,ESI BIOCOLLAGENIX EYE PATCH10P,1,0.33,0,70,8
Farmacia Mandanici,980813962,HYALISTIL SYNFO SOL OFT 10ML,1,0.33,2,100,9
Farmacia Mandanici,980817201,THOTALE OLIO 31 100ML,1,0.33,2,24,1
Farmacia Mandanici,980818658,HERBOSOL FE 30CPR,1,0.33,0,64,7
Farmacia Mandanici,980860148,LINEAGIN GEL 6APPLX5ML,1,0.33,0,263,1
Farmacia Mandanici,980908103,RAMESKIN 50ML,1,0.33,0,127,5
Farmacia Mandanici,980912214,SILVANA EMOTIONAL BAGNO EFF SO,1,0.33,0,3,2
Farmacia Mandanici,980926570,BARILIFE CALCIOLIQUIDO 15STICK,1,0.33,0,135,3
Farmacia Mandanici,981043250,SCHOLL PLANTARE ARCO L 2PZ,1,0.33,2,0,1
Farmacia Mandanici,981043262,SCHOLL PLANTARE ARCO M 2PZ,1,0.33,2,0,4
Farmacia Mandanici,981047107,ZYMEREX IBS COLON IRRIT 14BUST,1,0.33,0,218,5
Farmacia Mandanici,981048073,KARITE' BURRO LABBRA NUTRIENTE,1,0.33,0,27,1
Farmacia Mandanici,981054087,DORSAK SPRAY 100ML BRADERM,1,0.33,0,166,10
Farmacia Mandanici,981064835,CUPPER ROOIBOS 40G,1,0.33,0,90,3
Farmacia Mandanici,981075664,MANGIVIS 30BUST,1,0.33,0,0,
Farmacia Mandanici,981111925,MUSTELA DETERGENTE DEL 500ML,1,0.33,1,157,
Farmacia Mandanici,981112461,EPILOBIO ESTRATTO INTEGR SECCO,1,0.33,0,35,4
Farmacia Mandanici,981112535,EQUISETO T 90G 180PAST 500MG,1,0.33,0,2,3
Farmacia Mandanici,981113943,BIOSCALIN NUTRICOL PL 1 NERO,1,0.33,11,327,3
Farmacia Mandanici,981114097,BIOSCALIN NUTRICOL PL 7 BIONDO,1,0.33,1,374,
Farmacia Mandanici,981114123,"BIOSCALIN NUTRICOL PL 4,3 CAST",1,0.33,0,175,
Farmacia Mandanici,981124302,DERMOPLASMINE MOUSSE 20G,1,0.33,0,100,6
Farmacia Mandanici,981263650,MIO FLEX SACCA COLO MX W/W70MM,1,0.33,0,4,1
Farmacia Mandanici,981274006,BRUDYPIO 30CPS,1,0.33,0,28,7
Farmacia Mandanici,981354032,TAUMARIN SPAZZ ORTOD ANTIBATT,1,0.33,2,104,
Farmacia Mandanici,981354071,TAUMARIN SPAZZ PROF27 MOR ANTI,1,0.33,25,304,7
Farmacia Mandanici,981354119,TAUMARIN SPAZZ SCAL33 M ANTIBA,1,0.33,75,788,2
Farmacia Mandanici,981355213,LATTOFERRINA 75PAST,1,0.33,0,3,1
Farmacia Mandanici,981355225,QUERCETINA 75PAST,1,0.33,0,83,5
Farmacia Mandanici,981391004,KLORANE SHAMPOO SECCO MENTA,1,0.33,0,0,
Farmacia Mandanici,981394758,CER ROC SOFFIX STRE 5X500 F,1,0.33,0,123,9
Farmacia Mandanici,981399532,MELATONINA ZN-S PIERPAOLI30CPR,1,0.33,0,126,1
Farmacia Mandanici,981405347,SNS2 60CPS,1,0.33,0,243,1
Farmacia Mandanici,981432711,SWISSE COLLAGENE DIAMOND 10FL,1,0.33,1,156,4
Farmacia Mandanici,981445861,CICAPLAST SPRAY B5 100ML,1,0.33,6,96,5
Farmacia Mandanici,981459439,NEURODINE ACT 12FL 10ML,1,0.33,0,308,6
Farmacia Mandanici,981463615,EMOFTAL 30CPR,1,0.33,0,0,
Farmacia Mandanici,981464581,LIPOSKIN PRO PHARCOS 30CPS,1,0.33,0,137,3
Farmacia Mandanici,981475647,CERAVE OLIO DET IDRAT SCH236ML,1,0.33,2,157,5
Farmacia Mandanici,981485461,PHYSIOMANCE OMEGA 3+ 30PRL,1,0.33,0,23,2
Farmacia Mandanici,981499054,NORSAN OMEGA 3 ARKTIS 120CPS,1,0.33,0,2765,5
Farmacia Mandanici,981504602,DIGETOP 14BUST,1,0.33,0,156,2
Farmacia Mandanici,981516331,VAGISIL GEL LUBRIFICANTE 30G,1,0.33,1,425,5
Farmacia Mandanici,981516863,PHYSIOMANCE ACTION DIET4 90CPR,1,0.33,0,22,1
Farmacia Mandanici,981517598,VAGISIL FLUIDO IDRAT INTIMO,1,0.33,0,147,8
Farmacia Mandanici,981536459,CH GIOCO MF 3IN1 ACTIVITY GYM,1,0.33,0,2,2
Farmacia Mandanici,981536725,ALEVICA LIQUID 100ML,1,0.33,0,197,6
Farmacia Mandanici,981536838,ANNURKAP SPRAY 50ML,1,0.33,0,13,4
Farmacia Mandanici,981558493,AKROSAN 14BUST,1,0.33,0,121,6
Farmacia Mandanici,981566627,EUCLORINA GENGIVE COLLUTORIO,1,0.33,1,0,4
Farmacia Mandanici,981644697,REUMABEST 30CPR,1,0.33,0,169,1
Farmacia Mandanici,981645207,ASABIONIC GEL ANTI ACNE VISO,1,0.33,0,151,4
Farmacia Mandanici,981647023,SNS TED 30BUST,1,0.33,0,362,6
Farmacia Mandanici,981647833,VIGOR ACT 30CPR,1,0.33,0,184,
Farmacia Mandanici,981928171,OLEA K2 GOCCE 20ML,1,0.33,0,4524,8
Farmacia Mandanici,981928866,LEGART POWER 60CPR,1,0.33,0,74,5
Farmacia Mandanici,981974239,LOVREN TERRA ABBRONZANTE NAT B,1,0.33,2,51,1
Farmacia Mandanici,981974367,BIOKILL PIRETRO NATURALE 375ML,1,0.33,0,153,5
Farmacia Mandanici,982000642,CRANBERRY BIO SUCCO SALUGEA,1,0.33,0,0,
Farmacia Mandanici,982007066,RIGENOMA DETERGENTE RISC 150ML,1,0.33,0,70,4
Farmacia Mandanici,982007243,FOOTCARE CER CALLIF LIQ12ML B4,1,0.33,0,33,10
Farmacia Mandanici,982046070,PANE SALTIMBOCCA 250G,1,0.33,0,35,1
Farmacia Mandanici,982054215,GIBAUD ORTHO TUTORE DITA 3,1,0.33,0,6,7
Farmacia Mandanici,982054482,CEREBRAIN FORTE 12FL 15ML,1,0.33,1,1033,13
Farmacia Mandanici,982129645,GLORIA152COMF AT BE SL,1,0.33,0,3,1
Farmacia Mandanici,982134138,DEFENCE GEL DET RIEQUIL 200ML,1,0.33,0,20,7
Farmacia Mandanici,982396107,LINES COTONE BIO ULTRA ALI 12P,1,0.33,0,100,4
Farmacia Mandanici,982406934,PUROFLOG SOLUZIONE OFT 20FL,1,0.33,0,2945,1
Farmacia Mandanici,982463248,TRUDI BABY C PANN BB XL15/30KG,1,0.33,17,100,1
Farmacia Mandanici,982463592,DOLTENDIX 20BUST,1,0.33,0,161,7
Farmacia Mandanici,982468441,ALPINO LIQUIDO BRUCIA PORRI VE,1,0.33,0,62,6
Farmacia Mandanici,982475257,SERENITY MUT SD SENS SUP L 15P,1,0.33,0,100,11
Farmacia Mandanici,982475321,SERENITY PANTS SD SENS EX M 12,1,0.33,11,156,1
Farmacia Mandanici,982475333,SERENITY PANTS SD SENS EX L 12,1,0.33,11,135,5
Farmacia Mandanici,982476285,LACDIGEST LACTOFREE 30CPR,1,0.33,1,4672,8
Farmacia Mandanici,982501468,ARTISALUS ACT FORTE PLUS 60CPS,1,0.33,0,86,10
Farmacia Mandanici,982540573,MOS PASTA HOFFMANN 200ML,1,0.33,0,100,2
Farmacia Mandanici,982592937,COCCO CREMA CORPO VELL 100ML,1,0.33,0,32,8
Farmacia Mandanici,982604391,URYVET CAT PASTA EVO 15ML,1,0.33,0,281,3
Farmacia Mandanici,982658003,CLIATAKE GEL 20ML,1,0.33,0,155,6
Farmacia Mandanici,982682217,SATILIA 60CPS,1,0.33,0,100,8
Farmacia Mandanici,982716870,VERALAB OLIO DENSO TRAVEL 30ML,1,0.33,1,0,1
Farmacia Mandanici,982733661,REVEE SCAR GEL 60G,1,0.33,0,54,1
Farmacia Mandanici,982738142,OMNI BIOTIC FLORA PLUS+ 14BUST,1,0.33,0,346,1
Farmacia Mandanici,982751303,TRISAME 20CPR,1,0.33,0,123,3
Farmacia Mandanici,982752457,NAUZEN STICK 20STICK,1,0.33,0,125,5
Farmacia Mandanici,982753992,STIPACON 30CPR,1,0.33,0,46,3
Farmacia Mandanici,982761165,NATURAFLORA LEI 20BUST,1,0.33,0,103,4
Farmacia Mandanici,982815312,B12 PLUS 60PAST,1,0.33,0,36,5
Farmacia Mandanici,982820793,CURASEPT COLLUT ADS DNA LENIT,1,0.33,6,534,8
Farmacia Mandanici,982821441,CURASEPT COLLUT ADS DNA AST+OM,1,0.33,9,100,8
Farmacia Mandanici,982885360,ALOE VERA GEL BIO PURO 100%,1,0.33,1,130,1
Farmacia Mandanici,982892883,DEVAMIX 20STICK,1,0.33,0,536,4
Farmacia Mandanici,982932194,SILIPLUS 30CPR,1,0.33,0,720,9
Farmacia Mandanici,982934010,FITOSTIMOLINE SEPTAGEL GEL VAG,1,0.33,7,425,2
Farmacia Mandanici,982938514,NATURA SACCA URO C/C TRASP38MM,1,0.33,0,1,3
Farmacia Mandanici,982951372,ROMIFER 30CPR MASTICABILI,1,0.33,0,139,7
Farmacia Mandanici,982953236,CARDO MARIANO TM 50ML BIO,1,0.33,0,5,4
Farmacia Mandanici,982990057,AVENE COUVRANCE CIPR MOS SOLE,1,0.33,0,124,10
Farmacia Mandanici,982999118,DEFENCE SUN SPRAY TRANSP 50+,1,0.33,0,401,3
Farmacia Mandanici,983001532,BUON ALOE VERA 95% 500ML,1,0.33,0,24,7
Farmacia Mandanici,983031966,CISTIDYN ITA 14BUST,1,0.33,0,172,8
Farmacia Mandanici,983037918,MANUMED POLSIERA ACT EMOT DX 2,1,0.33,0,4,2
Farmacia Mandanici,983170857,MASSIMO ZERO RAVIOLI RICO/SPIN,1,0.33,0,39,1
Farmacia Mandanici,983173473,SERENITY SAG SD SENS EXTRA30PZ,1,0.33,0,29,5
Farmacia Mandanici,983175377,SHOULDERCROSS ORTESI SPAL DX L,1,0.33,0,1,1
Farmacia Mandanici,983192081,LUBRIMIL 20BUST,1,0.33,0,144,3
Farmacia Mandanici,983274869,HIPP COMFORT 600G,1,0.33,6,77,1
Farmacia Mandanici,983275191,VERALAB NO DARK 15ML,1,0.33,5,0,1
Farmacia Mandanici,983278209,METILBEN 30CPR,1,0.33,0,20,1
Farmacia Mandanici,983283615,BRONCHIFLU 14BUST,1,0.33,0,273,2
Farmacia Mandanici,983302290,LATTOFERRINA 200MG 30CPS,1,0.33,0,31,10
Farmacia Mandanici,983304369,MICRONIL ACT 30BUST,1,0.33,0,10,2
Farmacia Mandanici,983307101,VITAMINA C LIPOSOM 60OPR,1,0.33,0,13,3
Farmacia Mandanici,983357789,A+CURE IGIENE INTIMA DEL20SALV,1,0.33,0,0,
Farmacia Mandanici,983364415,MAGNESIO E POTASSIO POLV 360G,1,0.33,0,101,5
Farmacia Mandanici,983367172,CEROXMED TERMOMETRO AL GALLIO,1,0.33,11,100,1
Farmacia Mandanici,983381474,RIVESCAL DELICATO XL SH 500ML,1,0.33,0,382,2
Farmacia Mandanici,983388051,HELIOCARE 360 SPORT TRANSP STK,1,0.33,0,141,
Farmacia Mandanici,983389521,DIVIAL X GOCCE OCULARI 30F,1,0.33,0,21,2
Farmacia Mandanici,983466513,LEVIDADE DAY 50ML,1,0.33,0,105,1
Farmacia Mandanici,983513755,KUKIDENT PLUS BARRI A/CIBO 40G,1,0.33,13,1168,10
Farmacia Mandanici,983520887,DEPROX HP 15CPS,1,0.33,0,189,6
Farmacia Mandanici,983521194,BIOATTIVO OMEGA 7 60CPS,1,0.33,0,104,2
Farmacia Mandanici,983533035,PELVIDOL PREGNANT 20BUST,1,0.33,3,209,2
Farmacia Mandanici,983586797,DERMAGENIA DAYLIFE CR RIGENER,1,0.33,0,5,1
Farmacia Mandanici,983668803,TANGLE T WET DETANGL CURLY LIL,1,0.33,3,0,5
Farmacia Mandanici,983674209,CH GIOCO MSDD CHAMELEON DO PL,1,0.33,0,25,2
Farmacia Mandanici,983693589,RELANSIOLAM 30CPR,1,0.33,0,125,5
Farmacia Mandanici,983697780,VERALAB OLIO DENSO 80ML,1,0.33,7,0,1
Farmacia Mandanici,983698034,XANTERDES SOLUZIONE OFT 20PZ,1,0.33,0,563,6
Farmacia Mandanici,983702313,ZALTON DOL 15CPS,1,0.33,0,103,7
Farmacia Mandanici,983741620,FARINA MAIS TOST IMPANATURA,1,0.33,0,100,2
Farmacia Mandanici,983746025,FORMULA COLLAGENE 10FL 12ML,1,0.33,0,661,1
Farmacia Mandanici,983762713,ENTEROGERMINA INTEST PIGRO 20B,1,0.33,0,123,8
Farmacia Mandanici,983777499,ESI NO DOL FORTE 60CPR,1,0.33,0,166,9
Farmacia Mandanici,983785092,RIVESCAL PSO SHAMPOO 200ML CAN,1,0.33,0,265,2
Farmacia Mandanici,983790217,ACTIV SKIN K SUN SPF50+ 30ML,1,0.33,0,25,5
Farmacia Mandanici,983842257,EQUILIBRA TRICOL 10F ANTICAD,1,0.33,0,27,10
Farmacia Mandanici,984098689,REV DEOMED PLUS CREMA 80ML,1,0.33,0,151,2
Farmacia Mandanici,984143747,DUODET PHARCOS 400ML,1,0.33,0,26,3
Farmacia Mandanici,984144333,Control Almond Hammam Massage,1,0.33,2,0,1
Farmacia Mandanici,984145084,RISO ROSSO FERMENTATO 100CPR,1,0.33,0,56,5
Farmacia Mandanici,984154361,CREMELINE 2KCAL CIOC 4X125G,1,0.33,0,71,1
Farmacia Mandanici,984155251,VISED 30CPS,1,0.33,0,0,
Farmacia Mandanici,984158360,LOVREN BB CREMA MEDIA 25ML,1,0.33,0,175,8
Farmacia Mandanici,984205880,EQUILIBRA ARGAN CONT OCCHI15ML,1,0.33,0,13,6
Farmacia Mandanici,984209623,NEO ARTICAR PLUS 30CPR,1,0.33,0,44,2
Farmacia Mandanici,984359657,BIOGEL PROTETTORE DIVAR ALLUCE,1,0.33,0,0,
Farmacia Mandanici,984360343,CLOREXYDERM SOL 200ML,1,0.33,0,129,8
Farmacia Mandanici,984370674,TENA FLEX PLUS L 30PZ,1,0.33,0,63,5
Farmacia Mandanici,984402141,KIROWIN 20STICK PACK,1,0.33,0,83,4
Farmacia Mandanici,984515217,DONAVIT SUPRA 90CPS,1,0.33,0,405,7
Farmacia Mandanici,984517577,CH STERILIZ VAPORE,1,0.33,2,24,8
Farmacia Mandanici,984560161,FARMEX PREM AIRD PANN SU M15PZ,1,0.33,0,6,1
Farmacia Mandanici,984562645,THEALOZ DUO SOLUZIONE OCUL10ML,1,0.33,0,782,4
Farmacia Mandanici,984564942,CONVEEN CRITIC BARRIER 50G,1,0.33,0,10,3
Farmacia Mandanici,984599795,BIOPUR OVULI VAGINALI 10PZ,1,0.33,0,100,2
Farmacia Mandanici,984623090,TECNIWORK MASCHERA PIEDI RIGEN,1,0.33,0,6,1
Farmacia Mandanici,984636086,RESTAX SHAMPOO SEBO CARE DONNA,1,0.33,0,40,1
Farmacia Mandanici,984649222,RETIBEN PLUS 20STICK,1,0.33,0,122,6
Farmacia Mandanici,984649475,THEALOZ DUO SOLUZIONE OCUL10ML,1,0.33,1,0,2
Farmacia Mandanici,984651240,TRASPIREX CLASSIC 20ML,1,0.33,0,102,7
Farmacia Mandanici,984717443,"MEDS MATITA 7,5G",1,0.33,0,100,10
Farmacia Mandanici,984767499,IALOZON COLLUTORIO SUPER MELA,1,0.33,0,66,1
Farmacia Mandanici,984767537,CICAPLAST BAUME B5+ 40ML,1,0.33,1,378,
Farmacia Mandanici,984767552,CICAPLAST BAUME B5+ 100ML,1,0.33,2,244,
Farmacia Mandanici,984777235,OMEGA 3 SUPREMO 120SOFTGEL,1,0.33,0,116,5
Farmacia Mandanici,984779304,CB12 TRATTAMENTO ALITOSI 500ML,1,0.33,0,97,4
Farmacia Mandanici,984789166,PHYTOCYANE FIALE D CAD TEMPOR,1,0.33,0,91,4
Farmacia Mandanici,984796197,ORALB VITALITY ADULT SPAZZ ELE,1,0.33,0,256,6
Farmacia Mandanici,984798607,FELICIA COUS COUS GRANO SARACE,1,0.33,0,16,3
Farmacia Mandanici,984814778,PIACERI MEDIT GOLOMIX BISCOTTO,1,0.33,0,41,6
Farmacia Mandanici,984815454,NUTRIZYM 60CPS,1,0.33,0,100,1
Farmacia Mandanici,984819045,SINEX NATURA 20ML,1,0.33,7,255,2
Farmacia Mandanici,984834251,MONACOL Q10 40CPR,1,0.33,0,12,2
Farmacia Mandanici,984838831,VEBIX DERMOLINE CR CORPO CALEN,1,0.33,0,42,1
Farmacia Mandanici,984852828,RILASTIL PROGRES SIERO ANTIR,1,0.33,0,116,8
Farmacia Mandanici,984865319,IUXTA CHOLE PLUS 20CPR,1,0.33,0,107,4
Farmacia Mandanici,984866309,EMOFORM GLIC PRO COLLUTORIO,1,0.33,0,216,6
Farmacia Mandanici,984868950,TRIDERM LENIL CREMA PALPEBRALE,1,0.33,0,121,3
Farmacia Mandanici,984897583,QUINTON HYPERTONIC 30F 10ML,1,0.33,0,25,6
Farmacia Mandanici,984898647,AVENT SCALDABIBERON ELETTRICO,1,0.33,0,4,3
Farmacia Mandanici,984901379,TONIMER EYES BABY SALV OFT16PZ,1,0.33,18,66,5
Farmacia Mandanici,984910366,FOTOKER POST PHARCOS 50ML,1,0.33,0,188,5
Farmacia Mandanici,984982417,GLUTALIP GEA 60OPR,1,0.33,0,25,1
Farmacia Mandanici,984984500,EUPH BOX AMIDOMIO COCCOLE NANN,1,0.33,1,0,1
Farmacia Mandanici,984984928,CH LOZIONE INSETTOREP 0M 100ML,1,0.33,0,35,
Farmacia Mandanici,985124472,ZANZATEN POSTPUNTURA 20ML,1,0.33,11,0,1
Farmacia Mandanici,985288430,LIPOSKIN BIOMA PHARCOS SPUMA,1,0.33,0,163,7
Farmacia Mandanici,985499868,GIUSTO S/G ALLEGRETTI 180G,1,0.33,0,4,2
Farmacia Mandanici,985499920,GIUSTO S/ZUCCH DENARI 120G,1,0.33,0,6,3
Farmacia Mandanici,985511928,AUSILIUM GEL 50ML,1,0.33,0,0,
Farmacia Mandanici,985515384,ENERGINA PLUS 30BUST,1,0.33,0,119,8
Farmacia Mandanici,985570845,TOLERIANE TEINT FLUIDO 11,1,0.33,0,48,
Farmacia Mandanici,985570872,TOLERIANE TEINT FLUIDO 16,1,0.33,0,40,7
Farmacia Mandanici,985571215,TOLERIANE TEINT FLUIDO 9,1,0.33,0,12,6
Farmacia Mandanici,985605207,MELASCREEN CONCENTRATO A/MACCH,1,0.33,0,10,10
Farmacia Mandanici,985625502,SENSINITRYL PRO GUANTO NITR XL,1,0.33,0,81,1
Farmacia Mandanici,985625742,LOVREN SOLAIRE CREMA SPF50+,1,0.33,2,0,1
Farmacia Mandanici,985638232,YOXA 30STICK PACK OROSOL,1,0.33,0,53,1
Farmacia Mandanici,985649173,LINES SETA ULTRA EXTRA 8PZ,1,0.33,0,100,6
Farmacia Mandanici,985657749,PADELLA AMMALATI SOFARMAPIU',1,0.33,0,759,1
Farmacia Mandanici,985774381,TRIVIS DONNA PLUS 30CPS,1,0.33,0,11,1
Farmacia Mandanici,985809324,ALBERTA FASCIA ERNIA OMBEL 120,1,0.33,0,3,2
Farmacia Mandanici,985822511,REUMAVISC 20BUST,1,0.33,0,108,5
Farmacia Mandanici,985823071,REVISION 30CPS,1,0.33,0,113,6
Farmacia Mandanici,985824592,HUGGIES UNISTAR BASE 3 4X18PZ,1,0.33,0,43,7
Farmacia Mandanici,985826243,VITAMINA D3 IBSA 2000UI 30FILM,1,0.33,11,986,
Farmacia Mandanici,985832625,NEW CAP SHAMPOO ANTICADUTA,1,0.33,0,5,6
Farmacia Mandanici,985910379,PREP CREMA DEODORANTE 35ML,1,0.33,0,564,5
Farmacia Mandanici,985978497,AKNET AZEROSE TRATT INTENS30ML,1,0.33,0,141,8
Farmacia Mandanici,985995671,PAMPERS BD DOWNCOUNT MIDI 20PZ,1,0.33,0,117,4
Farmacia Mandanici,985999578,EUMILL ALLERGY GTT OCUL 10FL,1,0.33,6,200,1
Farmacia Mandanici,985999693,THERAGYN SOLUZIONE LAVANDA 5FL,1,0.33,0,83,3
Farmacia Mandanici,986000406,ALLTEST TEST AG RAP STREPT 20P,1,0.33,0,59,1
Farmacia Mandanici,986007413,THERAGYN OVULI 10OV,1,0.33,0,34,2
Farmacia Mandanici,986013249,GIBAUD ORTHO LOMBOGIB TECH 5,1,0.33,0,3,2
Farmacia Mandanici,986034748,BIOSEMIOTIC ANEMIA 60CPR,1,0.33,0,93,3
Farmacia Mandanici,986037998,VITALTER IMMUNOPLUS 20CPR,1,0.33,0,27,2
Farmacia Mandanici,986042164,DENTINALE DOU DOU ELEFANTE,1,0.33,22,0,1
Farmacia Mandanici,986042176,DENTINALE DOU DOU IPPOPOTAMO,1,0.33,14,0,1
Farmacia Mandanici,986094732,MAGALUF SAND SY W WHITE 38,1,0.33,0,1,1
Farmacia Mandanici,986103897,SCHOLL NAUTILUS PVC U NBL 42,1,0.33,0,1,2
Farmacia Mandanici,986105777,BENDIAR MINI 10CPR,1,0.33,0,47,3
Farmacia Mandanici,986106817,ZIMER 1200 30BUST,1,0.33,0,246,4
Farmacia Mandanici,986115931,MEDI KL2 COT GAMB LU 2 Y64010,1,0.33,0,0,
Farmacia Mandanici,986122188,ARTELAC ULTRA 4S 10ML,1,0.33,0,1812,5
Farmacia Mandanici,986129031,ENAVIT SUDAMIN 10+10BUST,1,0.33,0,456,4
Farmacia Mandanici,986147142,POTASSIO&MAGNESIO RE HY12STICK,1,0.33,0,7,3
Farmacia Mandanici,986443087,SIG MG1 AG-BAPQ SL PA BLUE,1,0.33,0,1,1
Farmacia Mandanici,986461541,CLIA CREMA SOLARE 50+ 200ML,1,0.33,0,23,1
Farmacia Mandanici,986461554,CLIA CREMA CORPO BABY POST BAG,1,0.33,0,0,
Farmacia Mandanici,986464028,SCHAR MULINETTA 4PZ 60G,1,0.33,0,36,5
Farmacia Mandanici,986469726,ALFAUNO PLUS LOZIONE 100ML,1,0.33,0,46,2
Farmacia Mandanici,986469904,HYDRAGENIST IL GEL CR REIDRAT,1,0.33,0,0,
Farmacia Mandanici,986470666,FORMALIFE PLUS FERM LATT 30CPR,1,0.33,0,116,2
Farmacia Mandanici,986478713,DIGEST EV ENZYME 30CPR,1,0.33,0,34,7
Farmacia Mandanici,986485910,STIPSIGOL PLUS 20BUST,1,0.33,0,354,8
Farmacia Mandanici,986496723,CIABATTINA PANE 100G,1,0.33,0,30,3
Farmacia Mandanici,986497220,RILASTIL SMAGLIATURE 10FX5ML,1,0.33,0,219,5
Farmacia Mandanici,986624765,DERMOVITAMINA MICO SMALTO TRAS,1,0.33,0,100,3
Farmacia Mandanici,986736369,HIPP AC 30ML,1,0.33,10,237,3
Farmacia Mandanici,986741357,POLASE CLASSICO 60CPR,1,0.33,21,1236,12
Farmacia Mandanici,986744656,NEUROTRIX ALA 30BUST,1,0.33,0,120,1
Farmacia Mandanici,986791251,GYNEXELLE PRO GYN CARE 14CPR,1,0.33,0,64,3
Farmacia Mandanici,986818767,COLLUTORIO CLOR 012 SOFARMAPIU,1,0.33,0,505,2
Farmacia Mandanici,986824542,GIUSTO APROT VERMICELLI FINI,1,0.33,0,90,2
Farmacia Mandanici,986824973,ACETILCISTEINA ACT PLUS NAC600,1,0.33,0,134,10
Farmacia Mandanici,986828325,CAPINERV DOL 20CPR GASTROPROT,1,0.33,0,153,3
Farmacia Mandanici,986848834,SILENTE 20BUST,1,0.33,0,142,1
Farmacia Mandanici,986852782,ZYMEREX REGOLA MAGNESIO LAX,1,0.33,0,51,9
Farmacia Mandanici,986857340,CERAVE BALSAMO RIPA AVANZ 50ML,1,0.33,9,52,6
Farmacia Mandanici,986860423,ABIOMAXX DERMA 60STICK,1,0.33,0,2,2
Farmacia Mandanici,986872226,SELFTEST ALCOL SOFARMAPIU',1,0.33,4,226,1
Farmacia Mandanici,986885818,SELFTEST GLUTINE SOFARMAPIU',1,0.33,1,0,4
Farmacia Mandanici,986887471,SELFTEST HIV 1/2 SOFARMAPIU',1,0.33,0,98,3
Farmacia Mandanici,986897546,REUTERIN GG GOCCE 10ML,1,0.33,2,100,7
Farmacia Mandanici,986904516,GIBAUD FASCIA POSTOP CLA H30 3,1,0.33,0,12,1
Farmacia Mandanici,986905343,DERMOVITAMINA PRURITO CR 150ML,1,0.33,0,100,6
Farmacia Mandanici,986965008,CH BIB P5 300ML FAST SIL BOY,1,0.33,0,90,5
Farmacia Mandanici,986971479,GIBAUD ORTHO LIGAGIB OPE GIN5,1,0.33,0,2,1
Farmacia Mandanici,986971505,GIBAUD ORTHO GIN ZEROG 60CM 3,1,0.33,0,4,1
Farmacia Mandanici,987025766,PIC SOFT WASH SCHIZZETTO 490ML,1,0.33,0,88,7
Farmacia Mandanici,987039132,ZCARE NATURAL CEROTTI 24PZ,1,0.33,0,100,9
Farmacia Mandanici,987040894,VULKAN EBER 20BUST,1,0.33,0,141,7
Farmacia Mandanici,987166081,TRICOVEL ZINALUD DONNA 6F,1,0.33,0,15,8
Farmacia Mandanici,987167071,BETOTAL B FASE 20CPR,1,0.33,13,171,6
Farmacia Mandanici,987270838,PC 28 GEL TUBO NF 125ML,1,0.33,0,102,3
Farmacia Mandanici,987278619,CH MINI GOLF SAFARI,1,0.33,0,10,5
Farmacia Mandanici,987294143,IS MARAY PASTA DENTALE SBIANC,1,0.33,0,100,3
Farmacia Mandanici,987300338,NINFEX 20BUST,1,0.33,0,227,5
Farmacia Mandanici,987303880,BILANCIA PESAPERS SOFARMAPIU',1,0.33,1,676,3
Farmacia Mandanici,987314630,MARVIS SMOKERS WHI MINT C 25ML,1,0.33,0,83,4
Farmacia Mandanici,987315811,SCREEN TEST CANDIDA SELFTEST1P,1,0.33,0,74,3
Farmacia Mandanici,987317031,OCULVET GOCCE 10ML,1,0.33,0,148,6
Farmacia Mandanici,987320429,APROTEN PIPE 500G,1,0.33,0,45,2
Farmacia Mandanici,987330483,BIAGLUT BISCOTTINO GRANUL 340G,1,0.33,0,36,3
Farmacia Mandanici,987331028,APROTEN PIPE PROMO 500G,1,0.33,0,65,1
Farmacia Mandanici,987331093,APROTEN TAGLIATELLE PROMO 250G,1,0.33,0,100,2
Farmacia Mandanici,987358746,KIJIMEA REGULARIS 250G,1,0.33,0,67,5
Farmacia Mandanici,987369345,ANSIOTEN BIOTIC 30CPS,1,0.33,0,199,5
Farmacia Mandanici,987376845,OTI KINASE 30CPS,1,0.33,0,102,7
Farmacia Mandanici,987378597,NATALBEN PRIMA PLUS 30CPS,1,0.33,0,197,6
Farmacia Mandanici,987380173,EUMILL SALVIETTE PERIOCULARI,1,0.33,1,0,2
Farmacia Mandanici,987380185,MAGNESIO SUPREMO 20STICK,1,0.33,10,1011,12
Farmacia Mandanici,987386099,ANTHELIOS LATTE UVMUNE BB250ML,1,0.33,3,217,
Farmacia Mandanici,987388764,SCHOLL GELACTIV SCARPE ELEG L,1,0.33,4,0,3
Farmacia Mandanici,987388840,SCHOLL PROTEZIONE ALL VALGO L,1,0.33,2,0,2
Farmacia Mandanici,987388877,IRONDELTA 30CPS,1,0.33,0,100,5
Farmacia Mandanici,987390061,PHYTOLAX 100G,1,0.33,0,4,1
Farmacia Mandanici,987406271,NOVA EMOSTOP TAMPONE EMOSTATIC,1,0.33,1,0,1
Farmacia Mandanici,987406752,EIRENE 90CPR,1,0.33,0,267,5
Farmacia Mandanici,987411814,HYALU B5 SIERO BOOSTER 15ML,1,0.33,2,174,10
Farmacia Mandanici,987417728,XNASO 30BUST+EROGATORE,1,0.33,0,130,4
Farmacia Mandanici,987437011,IMPROVE VITAMINA D GOCCE 21ML,1,0.33,0,30,3
Farmacia Mandanici,987598950,GLUTAMAX ADVANCED SIR DOSA30ML,1,0.33,0,46,4
Farmacia Mandanici,987646573,ZANZATEN STRONG 100ML,1,0.33,7,100,1
Farmacia Mandanici,987651205,CEREAL FETTE CROCCANTI 3MONOP,1,0.33,0,21,2
Farmacia Mandanici,987653033,CERAVE CREAM TO FOAM CLEA473ML,1,0.33,1,0,1
Farmacia Mandanici,987666649,ENZYM ACTIVE PANCIA PIATT30CPS,1,0.33,1,35,1
Farmacia Mandanici,987671563,BIMBOTTO GOCCE 30ML,1,0.33,0,126,3
Farmacia Mandanici,987674773,RINFOLTIL HAIR LOSS D 60CPS,1,0.33,0,13,6
Farmacia Mandanici,987681475,ATICARE DERMOCOLLAR CANI,1,0.33,0,33,3
Farmacia Mandanici,987683517,HIPP COMBIOTIC 3 600G,1,0.33,8,155,8
Farmacia Mandanici,987715291,ARTENNUA 90CPS,1,0.33,0,177,1
Farmacia Mandanici,987715935,EMOFORM DENT 56CPR PULENTI,1,0.33,26,121,1
Farmacia Mandanici,987744226,AGO EASY FARFALLA G25 100PZ,1,0.33,0,26,1
Farmacia Mandanici,987744873,DUALSAN CALZA COSCIA A/T PLUS2,1,0.33,0,14,6
Farmacia Mandanici,987745217,PORRIDGE 300G,1,0.33,0,13,2
Farmacia Mandanici,987763063,TENA PANTS EXTRA PLUS L 10PZ,1,0.33,0,160,
Farmacia Mandanici,987772542,COENZIMA Q10 100PAST,1,0.33,0,119,1
Farmacia Mandanici,987778255,NEXORIL 30STICK PACK,1,0.33,0,192,6
Farmacia Mandanici,987815608,RILASTIL DAILY C OLIO LATTE,1,0.33,0,19,4
Farmacia Mandanici,987825472,PIACERI MEDIT CIOCOPUNTA 108G,1,0.33,0,31,4
Farmacia Mandanici,987834506,OTINOVA SPRAY AURICOLARE 15ML,1,0.33,0,89,1
Farmacia Mandanici,987845183,"IRILENTI LENTI DAILY -4,75",1,0.33,2,9,2
Farmacia Mandanici,987850955,VINOHYDRA CREMA IDRAT INTE50ML,1,0.33,0,0,
Farmacia Mandanici,987864156,REMARGIN COLOSTRUM CREMA 30ML,1,0.33,0,41,8
Farmacia Mandanici,987864206,DURACELL EASY TAB 10 GIALLO,1,0.33,0,127,4
Farmacia Mandanici,987865274,SENSEPLUS 500ML,1,0.33,0,6,1
Farmacia Mandanici,987870247,DOVE MEN CARE ADV INVIS DRY SP,1,0.33,0,0,
Farmacia Mandanici,987880299,SCHOLL LIMA PIEDI PELLE DURA,1,0.33,0,82,8
Farmacia Mandanici,987904695,KALOIDON GEL CICATRICI 30ML,1,0.33,0,109,3
Farmacia Mandanici,987905585,CEROTTO CALLIFUGO DURONI 4+4PZ,1,0.33,0,0,
Farmacia Mandanici,987922438,GIUSTO S/G TORTELLONI RIC/SPIN,1,0.33,0,4,4
Farmacia Mandanici,987964665,GIUSTO SOLO FRUTTA CONFETT ARA,1,0.33,0,26,2
Farmacia Mandanici,988008645,CH GIOCO MSD SET PRIMA PAPPA6+,1,0.33,0,7,5
Farmacia Mandanici,988014332,REFLUTUSS TOSSE REFLUSS15STICK,1,0.33,0,10,2
Farmacia Mandanici,988024586,CICAPLAST BAUME B5+ SPF50 40ML,1,0.33,2,298,8
Farmacia Mandanici,988027660,BIOTON MEMORIA COMPLEX 14FL,1,0.33,1,182,2
Farmacia Mandanici,988027936,PREP CREMA DERMOPROTETTIVA 75G,1,0.33,2,131,10
Farmacia Mandanici,988032924,CERAVE ACNE BIPACK ROUT A/SEGN,1,0.33,0,7,4
Farmacia Mandanici,988095826,STOMEK SOSPENSIONE 50ML,1,0.33,0,215,6
Farmacia Mandanici,988099659,MYCOLLAGENLAB HYALURONIC 30CPR,1,0.33,0,110,9
Farmacia Mandanici,988118699,REFLUX HERBA DS2 20STICK 80G,1,0.33,0,10,4
Farmacia Mandanici,988128649,FARABELLA RIGATONI PROMO 1KG,1,0.33,0,80,1
Farmacia Mandanici,988133120,PROPOLIS PASTIGLIE MANDARINO,1,0.33,0,7,6
Farmacia Mandanici,988134084,FOSFOYAL COLLIRIO,1,0.33,0,53,2
Farmacia Mandanici,988142030,RINOWAY PLUS SALI ISOTON15BUST,1,0.33,0,31,1
Farmacia Mandanici,988147815,PHYSIOMANCE TIRONAT 90CPR,1,0.33,0,65,1
Farmacia Mandanici,988151763,IDRASTIN SKIN 20CPR,1,0.33,0,69,2
Farmacia Mandanici,988160471,ZZZQUIL SONNO SPRAY 30ML,1,0.33,4,323,4
Farmacia Mandanici,988160545,ESI MULTICOMPLEX D 50+ 30CPR,1,0.33,0,2,6
Farmacia Mandanici,988227308,LINFOCINETIC PLUS 60CPR,1,0.33,0,1746,9
Farmacia Mandanici,988245407,LOPROFIN FARINA MIX 500G,1,0.33,0,193,5
Farmacia Mandanici,988277354,XERONORM PRX PHARCOS 250ML,1,0.33,0,155,6
Farmacia Mandanici,988278305,ANTOFLU 20CPS,1,0.33,0,150,6
Farmacia Mandanici,988278331,ARGININA FAST 20FL,1,0.33,8,134,1
Farmacia Mandanici,988279663,KIT POSTOP2 AG CO BEIGE M,1,0.33,0,1,1
Farmacia Mandanici,988303083,LIACRON 60CPR,1,0.33,0,57,6
Farmacia Mandanici,988342010,BOLOLEVO POCKET 12G NUTRIGEN,1,0.33,0,5,2
Farmacia Mandanici,988563591,VITABELLA CHOCO STARS 250G,1,0.33,0,11,1
Farmacia Mandanici,988654657,GOLD COLLAGEN FORTE PLUS 10FL,1,0.33,0,896,
Farmacia Mandanici,988660926,NIDINA 2 Optipro Liq.500ml,1,0.33,0,103,6
Farmacia Mandanici,988665612,SINDROCOL 30STICK PACK,1,0.33,0,182,6
Farmacia Mandanici,988665648,TENA BED PLUS WINGS TRAV80X180,1,0.33,4,100,13
Farmacia Mandanici,988669242,COLON 40CPS,1,0.33,0,119,7
Farmacia Mandanici,988671879,SCHAR FROLLINI 200G,1,0.33,0,0,
Farmacia Mandanici,988672224,STARDEA MAGNESIO BISGLICI60CPR,1,0.33,0,27,3
Farmacia Mandanici,988672287,STARDEA ZINCO BISGLICINAT60CPS,1,0.33,0,31,2
Farmacia Mandanici,988673024,MEMOFIL 30CPS,1,0.33,0,7,1
Farmacia Mandanici,988712877,DANSAC SACCA TRE URO TRAS15-55,1,0.33,0,5,2
Farmacia Mandanici,988714364,BIOVALE KRIPTON 30CPR,1,0.33,0,24,5
Farmacia Mandanici,988715797,SENSIDIANE AR+ CC CREME 40ML,1,0.33,0,38,6
Farmacia Mandanici,988756173,PHYTO SOLUTION SHAMPOO DERMOLE,1,0.33,0,22,8
Farmacia Mandanici,988768154,NATUR UNIQUE IALU GLOSS 3XL NU,1,0.33,0,0,
Farmacia Mandanici,988770273,EARBUDDY ROSSO,1,0.33,0,1,5
Farmacia Mandanici,988804389,INTRAVIT FORTE 30CPR,1,0.33,0,161,6
Farmacia Mandanici,988827010,XMAS COFFRET HYDRA 2024,1,0.33,3,0,4
Farmacia Mandanici,988837466,TOLFER DEMI 14MG 30CPS,1,0.33,0,27,3
Farmacia Mandanici,988922593,SALI DI ISCHIA CR NUTR ESTREMO,1,0.33,0,24,1
Farmacia Mandanici,988925184,VERALAB RESHAPER BODY OIL150ML,1,0.33,3,0,1
Farmacia Mandanici,988925246,GOLD COLLAGEN ANTI AGE LIP VOL,1,0.33,0,11,5
Farmacia Mandanici,988927721,MIOFENAC 14BUST,1,0.33,0,100,8
Farmacia Mandanici,988958397,GENETRIX PRO LAVANDA 3FL 100ML,1,0.33,0,75,2
Farmacia Mandanici,988991713,EMODEX 30CPR,1,0.33,0,135,4
Farmacia Mandanici,988994190,SOLOUNO DRENAGEL 125ML,1,0.33,0,28,3
Farmacia Mandanici,988998338,GABA PURO LIQUIDO ANALCO 200ML,1,0.33,0,17,3
Farmacia Mandanici,989000245,PEDIAKAPPA PLUS 150 5ML,1,0.33,1,210,6
Farmacia Mandanici,989007695,PIOLIT 30BUST,1,0.33,0,122,4
Farmacia Mandanici,989011705,PROTEIN BAR 20% BREAK&FAST 50G,1,0.33,0,100,4
Farmacia Mandanici,989021011,"JONEXA UP 2% SIR 4,4ML",1,0.33,0,83,12
Farmacia Mandanici,989021668,AURIA GOCCE AURICOLARI 10ML,1,0.33,0,0,
Farmacia Mandanici,989022999,BIOCLIN PRO CREMA BALS RINFOR,1,0.33,8,0,1
Farmacia Mandanici,989023054,ALUSEB 30CPR,1,0.33,0,6,3
Farmacia Mandanici,989042383,KELASTIC CREMA CICATRICI 30ML,1,0.33,0,19,4
Farmacia Mandanici,989044247,EPIGENIX LOZIONE TRICOL 100ML,1,0.33,0,11,1
Farmacia Mandanici,989046762,MASTOCOL 30CPR,1,0.33,0,182,3
Farmacia Mandanici,989050416,CONDRONIL IALQUATTRO SIR2% 4ML,1,0.33,0,2,1
Farmacia Mandanici,989055001,TE' VERDE PURO 120CPR,1,0.33,0,22,9
Farmacia Mandanici,989233275,MICROFLOR DONNA 30CPS,1,0.33,0,104,6
Farmacia Mandanici,989234366,HERO MIGHTY PATCH THE ORIGINAL,1,0.33,3,0,1
Farmacia Mandanici,989239316,FIBRENELLE SNACK 240G,1,0.33,0,25,1
Farmacia Mandanici,989240940,NUTRIFREE TRAMEZZINO 160G,1,0.33,0,12,1
Farmacia Mandanici,989241082,ESAPROST PLUS 30CPR,1,0.33,0,0,
Farmacia Mandanici,989242526,CLEARBLUE TEST OVUL AVANZATO20,1,0.33,2,131,6
Farmacia Mandanici,989264458,ACTIMOVE TENSOB SALVAP 7CMX20M,1,0.33,0,128,1
Farmacia Mandanici,989266135,CH GIOCO ART&CRAFT DESK,1,0.33,0,0,
Farmacia Mandanici,989306257,FILORGA TIME FILLER 5XP CR POT,1,0.33,4,239,10
Farmacia Mandanici,989315080,TONOKOLL 30F,1,0.33,0,40,5
Farmacia Mandanici,989316106,INMOOD QUIETAMENTE 40CPS,1,0.33,0,27,8
Farmacia Mandanici,989319746,RESPECTA 10CPS,1,0.33,0,163,9
Farmacia Mandanici,989345347,CLIADENT IDROPULSORE PORTATILE,1,0.33,4,20,1
Farmacia Mandanici,989348937,ENDOMETRIX 30CPS,1,0.33,0,178,4
Farmacia Mandanici,989355920,ESOXX PROTECTION 20BUST 10ML,1,0.33,1,242,8
Farmacia Mandanici,989356225,NUTRIFREE BONTA' SOFFICE CA/AR,1,0.33,0,100,1
Farmacia Mandanici,989362633,CONDROSTRESS MOBILITY 90CHEWS,1,0.33,0,424,5
Farmacia Mandanici,989367077,EPAVIS 200ML LIQUIDO ANALC,1,0.33,0,23,5
Farmacia Mandanici,989373257,LIPOSKIN IDRA UV PHARCOS 40ML,1,0.33,0,167,8
Farmacia Mandanici,989374083,PEDIACOLIN GOCCE 15ML,1,0.33,0,150,8
Farmacia Mandanici,989400888,GINGEMYR 24GUMM,1,0.33,0,67,6
Farmacia Mandanici,989409242,PSIPROTO FERT 45CPS,1,0.33,0,229,1
Farmacia Mandanici,989413695,FLAVIS RIGATONI 500G,1,0.33,0,149,5
Farmacia Mandanici,989413721,FLAVIS ANELLINI 250G,1,0.33,0,285,5
Farmacia Mandanici,989413986,PC 28 GELATINA GRANULARE 400G,1,0.33,0,2,1
Farmacia Mandanici,989414572,SUSTENIUM PLUS ARANCIA 20BUST,1,0.33,16,418,10
Farmacia Mandanici,989418140,HERBATINT 8R BIONDO CHI RAMATO,1,0.33,0,32,5
Farmacia Mandanici,989418165,HERBATINT 5C CASTANO CHI CENER,1,0.33,0,52,4
Farmacia Mandanici,989634112,ARKOCPS MIRTILLO 130CPS,1,0.33,0,12,2
Farmacia Mandanici,989639024,A+CURE NO ZZZ SPRAY REPELLENTE,1,0.33,0,100,5
Farmacia Mandanici,989656780,SWISSE CAP FT D 50+ 30CPR,1,0.33,0,923,10
Farmacia Mandanici,989657287,EUNOCTAL 28STICK PACK,1,0.33,0,103,3
Farmacia Mandanici,989663594,KIJIMEA HYPO 27CPS,1,0.33,0,6,1
Farmacia Mandanici,989665397,NAC 600MG 60CPR,1,0.33,0,6,8
Farmacia Mandanici,989672047,FORBICINA SOFARMAPIU',1,0.33,0,411,5
Farmacia Mandanici,989675828,GIUSTO S/G CHOCOPAF DARK 250G,1,0.33,0,4,1
Farmacia Mandanici,989677467,AQUAVIS GEL ANTIACNE 2FL 10ML,1,0.33,0,72,4
Farmacia Mandanici,989677505,EVEXIA FAST GOCCE 40ML,1,0.33,0,741,8
Farmacia Mandanici,989679384,BWB BORN THIS WAY YOUTH VIT,1,0.33,1,0,1
Farmacia Mandanici,989687999,FORMOLINE L112 EXTRA 64CPR,1,0.33,0,104,1
Farmacia Mandanici,989690298,APROME' BISCO VANIGLIA 120G,1,0.33,0,44,2
Farmacia Mandanici,989690413,OVERSKIN SUPRIMER 25ML,1,0.33,1,0,1
Farmacia Mandanici,989691098,POLIDENT POWER MAX SUPREME 70G,1,0.33,13,200,1
Farmacia Mandanici,989825183,DERMOVITAMINA PRURITO CR DOPO,1,0.33,0,24,5
Farmacia Mandanici,989825524,NUTRAMET FIBRA 40BUST,1,0.33,0,96,3
Farmacia Mandanici,989869122,DEO PRO TALC SPRAY 150G PROMO,1,0.33,4,0,1
Farmacia Mandanici,989878463,IODIVET SOLUZIONE OFT 10ML,1,0.33,0,100,6
Farmacia Mandanici,989887676,SOLLIDOL JOINT 20BUST,1,0.33,0,185,1
Farmacia Mandanici,989889795,MYINTIMITY SCHIUMA DET INT DEL,1,0.33,0,5,1
Farmacia Mandanici,989893375,VIVIVEN 28CPR,1,0.33,0,447,5
Farmacia Mandanici,989894872,PORRIDGE AVENA ORIGINAL 240G,1,0.33,0,11,3
Farmacia Mandanici,989928813,LE VELE 110G,1,0.33,0,18,3
Farmacia Mandanici,989977006,INOFERT PHD 20CPR,1,0.33,0,100,6
Farmacia Mandanici,989980735,PIC SOLUTION DOPOPUNTURA AMMON,1,0.33,9,13,1
Farmacia Mandanici,990004071,PROINTEX 14BUST,1,0.33,0,100,3
Farmacia Mandanici,990007155,MASTRO RACITI BASE PIZZA NAPOL,1,0.33,0,11,1
Farmacia Mandanici,990018703,BIOVALE GLP 1 PLUS 30CPS,1,0.33,0,31,7
Farmacia Mandanici,990043996,BIOFLOR 30CPS VEGETALI,1,0.33,0,396,10
Farmacia Mandanici,990064952,RAME ORO ARGENTO OLIMENT 200ML,1,0.33,0,35,2
Farmacia Mandanici,990079511,PURESGP COLLAGEN PEPTIDES 300G,1,0.33,0,45,1
Farmacia Mandanici,990079814,LUXFLUIRES SOLUZIONE ORAL150ML,1,0.33,0,93,3
Farmacia Mandanici,990087241,FARABELLA COOKIE MIRT PRO 38G,1,0.33,0,64,2
Farmacia Mandanici,990087847,"THICK-N INSTANT 1,5L",1,0.33,0,9,6
Farmacia Mandanici,990147516,GRANIBUONI BISCOTTO GRAN SARAC,1,0.33,0,32,2
Farmacia Mandanici,990149837,SPACCAPIETRA 180PAST,1,0.33,0,26,5
Farmacia Mandanici,990159446,DERMA BABY ELLY CREAM VISO-CRP,1,0.33,0,3,1
Farmacia Mandanici,990226870,BIOCLIN DEO CONTROL ROLL-ON,1,0.33,0,100,4
Farmacia Mandanici,990231779,TONIMER ISOTONIC 300 BABY SPR,1,0.33,0,361,4
Farmacia Mandanici,990313076,SOMATOLINE COMPL A/AGE 60CPR,1,0.33,0,34,1
Farmacia Mandanici,990376523,KIROOT LACTOFERRINA 60CPS,1,0.33,0,7,2
Farmacia Mandanici,990454009,TENA PROSKIN SLIP MAXI M 10PZ,1,0.33,0,100,4
Farmacia Mandanici,990454100,TENA PROSKIN SLIP SUPER M 10PZ,1,0.33,0,100,1
Farmacia Mandanici,990459481,TEOLIANCE BUTYRATE LR 60CPS,1,0.33,0,10,2
Farmacia Mandanici,990476741,ESPOIR UV 100ML,1,0.33,0,190,4
Farmacia Mandanici,990540421,ANEDOX 30CPR,1,0.33,0,184,3
Farmacia Mandanici,990545170,COLLAGENE ACIDO IALUR 240CPR,1,0.33,0,6,1
Farmacia Mandanici,990551640,PLAS LINEA 60STICK PACK,1,0.33,0,63,2
Farmacia Mandanici,990559775,VITABENIMMUNO BABY GOCCE 12ML,1,0.33,0,126,3
Farmacia Mandanici,990572669,PH FORMINIX DX3 GEL FORMICHE7G,1,0.33,0,53,2
Farmacia Mandanici,990604403,ALLTEST STREP A RAPID TEST,1,0.33,0,74,3
Farmacia Mandanici,990635551,REMECAP 30CPR RIVESTITE,1,0.33,0,71,6
Farmacia Mandanici,990647950,OMNI BIOTIC AKTIV 60G,1,0.33,0,9,3
Farmacia Mandanici,990648255,TREHAPAN GOCCE OCULARI 10ML,1,0.33,0,121,1
Farmacia Mandanici,990712236,ACTIVE UNIFY SPF50+ 50ML,1,0.33,0,100,5
Farmacia Mandanici,990713190,PEDIAPEG 20BUST,1,0.33,0,134,1
Farmacia Procaccini,008997025,DULCOLAX*AD 6SUPP 10MG,1,0.33,6,100,
Farmacia Procaccini,009115027,FITOSTIMOLINE*CREMA 32G 15%,1,0.33,24,100,
Farmacia Procaccini,009115039,FITOSTIMOLINE*10GARZE 15%,1,0.33,15,100,
Farmacia Procaccini,012745117,TACHIPIRINA*GRAT EFF20BS 500MG,1,0.33,83,100,
Farmacia Procaccini,018610042,CARNITENE*OS 10FL 1G/10ML,1,0.33,2,100,
Farmacia Procaccini,020942025,"TROFODERMIN*CR DERM30G 0,5+0,5",1,0.33,8,100,1
Farmacia Procaccini,021528157,"TAMARINE*MARMEL260G 80+3,9MG/G",1,0.33,1,100,
Farmacia Procaccini,021625064,VICKS VAPORUB*UNG INAL 50G,1,0.33,39,100,5
Farmacia Procaccini,023185059,LISOMUCIL TOSSE MUC*AD SCIR 5%,1,0.33,9,96,4
Farmacia Procaccini,023356025,DAFLON*30CPR RIV 500MG,1,0.33,73,100,
Farmacia Procaccini,023673104,IMODIUM*12CPS MOLLI 2MG,1,0.33,0,100,5
Farmacia Procaccini,023907013,BETADINE*SOLUZ VAG 125ML 10%,1,0.33,1,100,
Farmacia Procaccini,023907025,BETADINE*SOLUZ VAG 5FL+5F+5CAN,1,0.33,2,100,
Farmacia Procaccini,024352092,GAVISCON*OS 500+267MG/10ML MEN,1,0.33,0,100,3
Farmacia Procaccini,025561010,SOFARGEN*CREMA 30G 1%,1,0.33,2,100,
Farmacia Procaccini,025833068,GYNOCANESTEN*CREMA VAG 30G 2%,1,0.33,34,100,
Farmacia Procaccini,032040014,COLLIRIO ALFA OCCHIO SEC*20FL,1,0.33,2,67,
Farmacia Procaccini,033013018,MAALOX NAUSEA*20CPR EFF 5MG,1,0.33,1,100,
Farmacia Procaccini,034102261,NUROFEN FEBBRE D*BB100MG/5ML F,1,0.33,2,100,
Farmacia Procaccini,035520016,VOLTADOL*5CER MEDIC 140MG,1,0.33,12,100,2
Farmacia Procaccini,035760038,NEOBORO GOLADO*SPRAY MENTA15ML,1,0.33,8,100,
Farmacia Procaccini,036397026,REPARIL*GEL 40G 2%+5%,1,0.33,37,100,5
Farmacia Procaccini,037184049,DICLOREUM UNIDIE*8CER 136MG24H,1,0.33,3,100,
Farmacia Procaccini,037899010,"FROBEN RAFFREDDORE*15ML 0,05%",1,0.33,12,100,5
Farmacia Procaccini,040657025,FASTUM ANTIDOLORIFICO*1% 100G,1,0.33,2,100,
Farmacia Procaccini,041411012,DAKTARIN*POLV CUT 30G 20MG/G,1,0.33,39,100,
Farmacia Procaccini,041472046,FLECTORARTRO*GEL 100G 1% PRESS,1,0.33,5,100,
Farmacia Procaccini,041535016,HERPMED LABIALE*2CPR BUCC 50MG,1,0.33,5,100,
Farmacia Procaccini,041545031,GAVISCON BRUCIORE IND*24BS ME,1,0.33,49,100,
Farmacia Procaccini,041860053,NUROFENCAPS*10CPS MOLLI 400MG,1,0.33,29,100,
Farmacia Procaccini,048426023,IMODIUM DIARREA E METEOR*12CPR,1,0.33,10,100,4
Farmacia Procaccini,049822012,OLONET*COLLIRIO 1FL 5ML 1MG/ML,1,0.33,0,61,1
Farmacia Procaccini,050039015,"KETAZED*COLL FL 10ML 0,25MG/ML",1,0.33,0,100,5
Farmacia Procaccini,051342018,DICLOREUMACT*GEL 60G 20MG/G,1,0.33,10,29,1
Farmacia Procaccini,051378014,MUSCORIL DOLORE*GEL 60G 20MG/G,1,0.33,0,100,
Farmacia Procaccini,101759013,OTOPET Flac.130g Gtt.,1,0.33,0,35,2
Farmacia Procaccini,102247018,DIMETILSULFOSSIDO Gel 110gCAND,1,0.33,0,20,2
Farmacia Procaccini,102468093,DEROXEN Schiuma Spray 200ml,1,0.33,0,28,2
Farmacia Procaccini,103179026,ACA CERULEN*GTT OTO FL 25ML,1,0.33,0,100,1
Farmacia Procaccini,104058033,"EFFIPRO*FL SPRAY 500ML2,5MG/ML",1,0.33,0,21,1
Farmacia Procaccini,104069012,EFFIPRO*4PIP GATTI,1,0.33,0,100,4
Farmacia Procaccini,104687126,VECTRA 3D*3PIP 10-25KG BLU,1,0.33,0,100,1
Farmacia Procaccini,105190019,PREVENDOG*COLLARE CANI PICCOLI,1,0.33,0,9,2
Farmacia Procaccini,900146883,GUANTO NITR S/POLV DPI M,1,0.33,0,8,2
Farmacia Procaccini,900227354,SCUDOTEX COL 70 EX NAT 5,1,0.33,0,7,1
Farmacia Procaccini,900347877,STAMPELLA AVAMBRACCIO ARGEN2PZ,1,0.33,0,26,1
Farmacia Procaccini,900411101,MOST GEL ASTRINGENTE 50ML,1,0.33,0,100,
Farmacia Procaccini,900424300,ANTEVAL SERUM 30ML,1,0.33,0,13,1
Farmacia Procaccini,900427636,KIRON ARGEA ARGILLA 250ML,1,0.33,0,37,
Farmacia Procaccini,900520848,CUFFIA TERMICA CHEMIOTERAPIA,1,0.33,0,1,3
Farmacia Procaccini,900531118,MUTANDA ERNIA C/CUSC 5,1,0.33,0,2,4
Farmacia Procaccini,900532159,CUSCINO ANTIDEC CARROZZINA,1,0.33,0,21,
Farmacia Procaccini,900540129,LUPPOLO 66 50ML TM,1,0.33,0,3,3
Farmacia Procaccini,900589286,OTOVENT 5PALLONCINI+1CANNULA,1,0.33,0,100,2
Farmacia Procaccini,900697970,GARZA 12/8 IDROF 10X10CM 1KG,1,0.33,0,100,1
Farmacia Procaccini,900718608,BIOMINERAL UNGHIE 30CPS,1,0.33,4,100,
Farmacia Procaccini,900762079,REV DERMOSCHIUMA 125ML,1,0.33,0,82,2
Farmacia Procaccini,900794165,PRUREX EMULSIONE 75ML,1,0.33,0,47,1
Farmacia Procaccini,900836139,SCUDOTEX GAMB 70 EXTRA DAINO 2,1,0.33,0,5,1
Farmacia Procaccini,900919438,POCKET SFIGMO ANER S/FONE,1,0.33,0,50,3
Farmacia Procaccini,900975210,VITAMINA B1 TIAMINA 300 MG,1,0.33,0,47,1
Farmacia Procaccini,900975261,ACIDO FOLICO 90TAV,1,0.33,0,28,3
Farmacia Procaccini,900975297,NIACINAMIDE 500 MG 90TAV,1,0.33,0,100,3
Farmacia Procaccini,900975335,ACIDO PANTOTENICO 1000 MG,1,0.33,0,5,1
Farmacia Procaccini,901062846,LADYGLORIA 12 AREG 70 NE 2,1,0.33,0,5,1
Farmacia Procaccini,901100622,EPID GOCCE PROPOLI 30ML,1,0.33,0,21,
Farmacia Procaccini,901312254,LEM SFIGMO ANER,1,0.33,0,0,
Farmacia Procaccini,901321240,CLOREXYDERM OTO LIQ 150ML,1,0.33,0,51,5
Farmacia Procaccini,901374912,MALVA MUCILLAGINE 200ML,1,0.33,0,19,5
Farmacia Procaccini,901430052,HEMA PLEX FERRO ORGANICO 30TAV,1,0.33,0,13,1
Farmacia Procaccini,901466262,TURNOVER CREMA DERMATOLOGICA,1,0.33,0,100,
Farmacia Procaccini,901474890,COVERMARK LEG MAGIC 13 50ML,1,0.33,0,5,1
Farmacia Procaccini,901482392,LACTIS B-COMPLEX 8FL 10ML,1,0.33,0,56,5
Farmacia Procaccini,901538811,VANIGLIA PROFUMO 50ML,1,0.33,4,0,7
Farmacia Procaccini,901538823,VANIGLIA/ZENZERO PROFUMO 50ML,1,0.33,3,0,7
Farmacia Procaccini,901559118,LECITINA SOIA GRAN 400G 0908,1,0.33,0,22,1
Farmacia Procaccini,901634446,LADYGLORIA 24 COL 240 DAINO 2,1,0.33,0,7,2
Farmacia Procaccini,901925230,FISIAN DET CUTE/MUCOSE 500ML,1,0.33,0,100,5
Farmacia Procaccini,901993651,"INADINE MEDIC STER 9,5X9,5 10P",1,0.33,0,57,1
Farmacia Procaccini,902091899,SACCA UR LET S/SCAR 130CM 30PZ,1,0.33,0,0,
Farmacia Procaccini,902092105,SACCA UR LET 2L SCAR 130CM 30P,1,0.33,0,1,1
Farmacia Procaccini,902092143,SECURDRAIN VIA SACCA UR750 T10,1,0.33,0,4,1
Farmacia Procaccini,902172814,GLUCOSAMINA CONDROITINA,1,0.33,0,2,2
Farmacia Procaccini,902191701,PHYTOGAMBE 30CPR,1,0.33,0,17,1
Farmacia Procaccini,902224726,SPALLIERA NEOPRENE S OPPO,1,0.33,0,5,1
Farmacia Procaccini,902225527,BIOESSE PLUS 30CPS,1,0.33,0,16,1
Farmacia Procaccini,902235340,STERIMAR IGIENE/BENESSERE NAS,1,0.33,0,90,1
Farmacia Procaccini,902263223,KARENAL PET POLVERE 50G,1,0.33,0,84,
Farmacia Procaccini,902326659,SCUDOTEX AREG 140 EX NERO 5,1,0.33,0,2,2
Farmacia Procaccini,902339415,BIOGEL CUSC DITA PICC BLIST 1P,1,0.33,0,4,2
Farmacia Procaccini,902340177,DICODRAL 60 12BUST,1,0.33,0,100,
Farmacia Procaccini,902350103,"ODONTOVAX COLLUT CLOREXID0,12%",1,0.33,0,1,1
Farmacia Procaccini,902406420,BIODERM PLUS ANTIBATT 500ML,1,0.33,0,19,1
Farmacia Procaccini,902445651,HOLLI ADATTATORE SAC URO 10PZ,1,0.33,0,6,2
Farmacia Procaccini,902504998,SANOTINT TINTURA CAPELLI 26,1,0.33,0,0,
Farmacia Procaccini,902520182,GRANI DI LUNGA VITA 33G,1,0.33,0,100,1
Farmacia Procaccini,902574211,IRIS PROFUMO 50ML,1,0.33,5,0,
Farmacia Procaccini,902574235,IRIS PROFUMO 100ML,1,0.33,8,0,
Farmacia Procaccini,902575594,ORIONE OK PED 150 SCARPA B XXL,1,0.33,0,0,
Farmacia Procaccini,902659150,GEMMODERIVATO BETULLA LINFA 50,1,0.33,0,11,1
Farmacia Procaccini,902685991,TETRAFLOR 60CPR,1,0.33,0,0,
Farmacia Procaccini,902722228,EUPHIDRA SKIN REVEIL CR IDRORE,1,0.33,1,0,1
Farmacia Procaccini,903009684,BENDA COMPRILAN 12X500CM,1,0.33,0,5,5
Farmacia Procaccini,903009722,BENDA GELOCAST 1000X10CM,1,0.33,0,100,2
Farmacia Procaccini,903016083,EORED LIQUIDO DERMATOLOGICO,1,0.33,0,20,2
Farmacia Procaccini,903131997,MICRO TEC COMPLEX SHAMPOO200ML,1,0.33,0,28,1
Farmacia Procaccini,903352817,OPPO CINTI ERN DX 2149R 81/92C,1,0.33,0,4,2
Farmacia Procaccini,903437251,NUGEL IDROGEL FLUIDO 25G 2PZ,1,0.33,0,12,1
Farmacia Procaccini,903438861,SINEAMIN PIPE RIGATE 500G,1,0.33,0,48,1
Farmacia Procaccini,903440028,L'AMANDE MARS CR CRP OLIO OLIV,1,0.33,0,4,1
Farmacia Procaccini,903457051,GLORIAMED BRACC 101S/PALM LU S,1,0.33,0,3,1
Farmacia Procaccini,903457137,GLORIAMED BRACC 101C/PALM CO M,1,0.33,0,2,1
Farmacia Procaccini,903457289,GLORIAMED BRACC 101C/PALM LU M,1,0.33,0,1,1
Farmacia Procaccini,903457327,GLORIAMED BRACC 101C/PALM LU L,1,0.33,0,3,1
Farmacia Procaccini,903457366,GLORIAMED BRAC 101C/PALM LU XL,1,0.33,0,6,1
Farmacia Procaccini,903468940,SEBIUM GEL MOUSSANT 200ML,1,0.33,5,44,5
Farmacia Procaccini,903486684,EPATO 1500 PLUS 32CPR CANE,1,0.33,0,50,5
Farmacia Procaccini,903528735,VARISAN LUILEI COT1015 ADGR4,1,0.33,0,1,1
Farmacia Procaccini,903529016,VARISAN LUILEI COT1520 ADNE4,1,0.33,0,4,5
Farmacia Procaccini,903531844,SAUBER GAMB 140 MICR NE 4,1,0.33,3,19,3
Farmacia Procaccini,903568968,SERENITY PANN CLAS EX M 30PZ,1,0.33,0,100,4
Farmacia Procaccini,903569465,SERENITY PANN CLAS EX L 30PZ,1,0.33,0,100,4
Farmacia Procaccini,903570051,SERENITY PANN SD EXTRA M 30PZ,1,0.33,0,94,2
Farmacia Procaccini,903570190,SERENITY PANN CLAS SUPER L 30P,1,0.33,0,100,
Farmacia Procaccini,903594745,BIOSKIN PROT ALLUCE 1PZ,1,0.33,0,0,
Farmacia Procaccini,903596676,OMEGA PET RECOVERY 120PRL,1,0.33,0,97,3
Farmacia Procaccini,903628257,GIBAUD ORTHO CAVIGL STABIGIB,1,0.33,0,47,3
Farmacia Procaccini,903701769,DERMABLEND FLUIDO 45 30ML,1,0.33,0,100,5
Farmacia Procaccini,903705919,EUDREN CREMA 200ML,1,0.33,0,100,1
Farmacia Procaccini,903921942,AVENE STRUCC DEL OCCHI 125ML,1,0.33,5,100,
Farmacia Procaccini,903923617,VIGORPET CANI 20CPR,1,0.33,0,100,4
Farmacia Procaccini,903980011,SALTRATI ACTIDRY CREMA ANTITR,1,0.33,0,90,4
Farmacia Procaccini,903982193,CHERADERM 30 CREMA 100ML,1,0.33,0,71,4
Farmacia Procaccini,904019472,VITAMINA E 400 ORTHICA,1,0.33,0,77,1
Farmacia Procaccini,904045945,EUDREN 30CPS,1,0.33,0,100,3
Farmacia Procaccini,904073917,CERVICOL COL GOMMAP BLU 6CM L,1,0.33,0,3,1
Farmacia Procaccini,904090293,GENITAL DETERGENTE 200ML,1,0.33,0,93,3
Farmacia Procaccini,904092222,ORIONE OK PED G100 SEPAR ALL L,1,0.33,0,5,5
Farmacia Procaccini,904093945,ORIONE OK PED G202 FASCIA SX S,1,0.33,0,1,1
Farmacia Procaccini,904107366,STAMPELLA AVAMBRACCIO NE 1PAIO,1,0.33,0,19,2
Farmacia Procaccini,904180193,DAUMFIX ORTESI POLLICE DX L,1,0.33,0,4,1
Farmacia Procaccini,904246941,DMAE FACE LIFT CREMA 75ML,1,0.33,0,4,2
Farmacia Procaccini,904326562,SOMATIX 30CPS,1,0.33,0,100,1
Farmacia Procaccini,904359989,DILATAN PLUS DIL ANAL 30 1PZ,1,0.33,0,9,
Farmacia Procaccini,904421474,IPSO PLUS CREMA TUBO 250ML,1,0.33,0,15,4
Farmacia Procaccini,904425358,RAPUNZEL CREMA NOCCIOLE 250G,1,0.33,0,0,
Farmacia Procaccini,904559820,VAGINOL OVULI VAG 10OV,1,0.33,0,100,3
Farmacia Procaccini,904577323,MOPEDIA DEAMBUL PIEG REG 2RUOT,1,0.33,0,2,2
Farmacia Procaccini,904665534,DER-MYC MOUSSE IDR CUTE MUCOSE,1,0.33,0,100,1
Farmacia Procaccini,904864170,DETSKIN LATTICOPLUS 45CPS,1,0.33,0,18,1
Farmacia Procaccini,905025870,GHEE BIO BURRO CHIARIFICAT220G,1,0.33,0,59,
Farmacia Procaccini,905163679,OZIDERM POLVERE 75G,1,0.33,0,100,1
Farmacia Procaccini,905169569,FINOCARBO PLUS 50OPR 25G NF,1,0.33,0,19,
Farmacia Procaccini,905169722,ULTRA TAN 30CPS,1,0.33,0,85,1
Farmacia Procaccini,905170294,VARISAN FASHIONK1 ATPC LA2N,1,0.33,0,1,1
Farmacia Procaccini,905215341,ALLUME DI ROCCA STICK 120G,1,0.33,0,13,1
Farmacia Procaccini,905218638,ALOPEX FORTE LOZIONE 20ML,1,0.33,0,100,
Farmacia Procaccini,905332817,EUPHIDRA AMIDO SHAMPOO OLIO,1,0.33,9,11,5
Farmacia Procaccini,905604892,BILANCIA DIGIT DIET,1,0.33,0,2,1
Farmacia Procaccini,905733440,INOCOMPLEX 60CPR,1,0.33,0,44,1
Farmacia Procaccini,905897233,VITALIX PRO ACTIVE 30CPS,1,0.33,0,100,2
Farmacia Procaccini,905897652,MEDILEN IPER CREMA 50ML,1,0.33,0,30,2
Farmacia Procaccini,906038524,SANOTINT LIGHT CAST CHI 74,1,0.33,0,48,5
Farmacia Procaccini,906038789,SANOTINT LIGHT BION SCU 84,1,0.33,0,64,
Farmacia Procaccini,906038942,SANOTINT LIGHT BIONDISS INT 88,1,0.33,0,3,3
Farmacia Procaccini,906054933,ZANNI ALL-CONFORT S 1PA,1,0.33,0,2,1
Farmacia Procaccini,906068642,BURRO KARITE 100G,1,0.33,0,40,
Farmacia Procaccini,906093707,BIOGEL CAPPUCCIO GR BLIST 1PZ,1,0.33,0,1,2
Farmacia Procaccini,906128323,ZANZHELAN SPRAY 100ML,1,0.33,0,7,
Farmacia Procaccini,906260714,METALLINE MEDIC 10X12CM 10PZ,1,0.33,0,24,1
Farmacia Procaccini,906271008,THROMBEXIN MONOCOLLANT A/TRO M,1,0.33,0,1,1
Farmacia Procaccini,906272885,STRUVA 35 AG BIANCO3 1PZ H932,1,0.33,0,1,1
Farmacia Procaccini,906280514,STRUVA 23 H917 AG BIANCO 3,1,0.33,0,1,1
Farmacia Procaccini,906281086,SIG 702 AD + SL PA CRIS,1,0.33,0,1,1
Farmacia Procaccini,906355375,MELISSA ESTRATTO TITOLATO 30ML,1,0.33,0,5,3
Farmacia Procaccini,906468931,CUSCINO ANTIDEC FIBRA CAVA SIL,1,0.33,0,34,1
Farmacia Procaccini,906585346,MAGENHAUSE SOL IAL 50ML,1,0.33,0,1,1
Farmacia Procaccini,906626712,DETEROL BAGNODOCCIA BIFASICO,1,0.33,0,85,2
Farmacia Procaccini,906701180,BASOSYN PLUS 120CPR,1,0.33,0,26,1
Farmacia Procaccini,906850211,PLANSIL TALL CALZANTE S 1PA,1,0.33,0,1,1
Farmacia Procaccini,906935186,TIGLIO TISANA 20BUST,1,0.33,0,18,
Farmacia Procaccini,906953575,GEHWOL BALS PIEDI P/SEC 75ML,1,0.33,0,19,
Farmacia Procaccini,907083531,PRUGNE SECC S/NOCC BIO SEM&BIO,1,0.33,0,7,4
Farmacia Procaccini,907086829,VARISAN TOP COTK1 ADPABE 5NC,1,0.33,0,1,1
Farmacia Procaccini,907106241,GLORIAM GAMB 142AD COT BEI SC,1,0.33,0,2,1
Farmacia Procaccini,907106342,GLORIAM GAMB 142AD COT BE LL,1,0.33,0,1,1
Farmacia Procaccini,907146777,COLESTAT 30CPS,1,0.33,0,100,
Farmacia Procaccini,907152882,VASODREN 30CPR FILMATE,1,0.33,0,100,4
Farmacia Procaccini,907153199,FASCIA ELASTICA ADDOM 2060 XXL,1,0.33,0,11,1
Farmacia Procaccini,907153391,CORRETTORE SCOLIOSI 2075 S,1,0.33,0,3,1
Farmacia Procaccini,907173797,DELIFAB AI CREMA VISO 50ML,1,0.33,0,100,3
Farmacia Procaccini,907260855,SAUBER COL 140 MICR BISQUIT 4,1,0.33,1,9,2
Farmacia Procaccini,907296925,LADYGLORIA 18 GAMB 140 DAI 5,1,0.33,0,6,1
Farmacia Procaccini,907318784,TERPROLINE FACE CR 50ML,1,0.33,0,26,
Farmacia Procaccini,907322489,RELAX 70 GAMB UNI CAM 4,1,0.33,0,7,2
Farmacia Procaccini,907741870,GUANTO EL STR RO 85CM 50PZ,1,0.33,0,1,2
Farmacia Procaccini,908020340,MESOFLEX SENIOR 30TAV,1,0.33,0,24,1
Farmacia Procaccini,908044112,ANFO 3 200ML,1,0.33,0,100,2
Farmacia Procaccini,908146602,BIOLASTIC SHAMPOO SPECIALE,1,0.33,0,43,5
Farmacia Procaccini,908195249,BIOLASTIC CREMA ELASTICIZZANTE,1,0.33,0,33,2
Farmacia Procaccini,908220306,GIBAUD CINT LEG 24CM BE,1,0.33,0,5,1
Farmacia Procaccini,908243710,CONVEEN GUA STR 30MM 30PZ 5130,1,0.33,0,3,
Farmacia Procaccini,908268182,SCUDOTEX COLL 140 EX DAINO 4,1,0.33,0,2,1
Farmacia Procaccini,908363690,FILODERM FLUIDO DETERGENTE,1,0.33,0,44,1
Farmacia Procaccini,908447372,GIBAUD ORTHO ORTESI RIZOARTRO3,1,0.33,0,5,3
Farmacia Procaccini,908486158,GL1 M&D SALBE CREMA 500ML,1,0.33,0,41,1
Farmacia Procaccini,908595200,LADERM CREMA 30ML,1,0.33,0,8,
Farmacia Procaccini,908648708,DELTACRIN SHAMPOO PHARCOS 250M,1,0.33,0,100,
Farmacia Procaccini,908682293,LABCATAL NUTRITION CU/AG/AU GT,1,0.33,0,51,1
Farmacia Procaccini,908726843,NEO MOM POLVERE 20G,1,0.33,0,100,
Farmacia Procaccini,908780392,"NEOTRICODIN FRIZ 10FL 7,5ML",1,0.33,0,100,5
Farmacia Procaccini,908816248,HYDRAL DEODORANTE 100ML,1,0.33,0,34,
Farmacia Procaccini,908858234,PONTEFIX SET FISSAGGIO PONTI,1,0.33,0,100,
Farmacia Procaccini,908871433,SOFFIERA COMPLETA SFIGMO,1,0.33,0,16,2
Farmacia Procaccini,908941242,SAME SHAMPOO PROTEICO 125ML,1,0.33,0,100,4
Farmacia Procaccini,909051094,SANOTINT TINTURA CAPELLI 06,1,0.33,0,58,5
Farmacia Procaccini,909051171,SANOTINT TINTURA CAPELLI 14,1,0.33,0,27,4
Farmacia Procaccini,909231235,OZIDERM CREMA 50ML,1,0.33,0,100,4
Farmacia Procaccini,909301766,"CER PRONTEX STRETCH 500X2,5CM",1,0.33,0,10,
Farmacia Procaccini,909376624,UNDECIN A DETERGENTE 200ML,1,0.33,0,100,1
Farmacia Procaccini,909429262,SPUGNA NAT MARE 3 GRANDE,1,0.33,0,88,3
Farmacia Procaccini,909431797,SAUBER COL 140 MICR GLA' 3,1,0.33,0,2,3
Farmacia Procaccini,909468631,SABAL HOMAC 30ML GTT HEEL,1,0.33,0,10,
Farmacia Procaccini,909470078,CARTILAGO SUIS INJ 10F HEEL,1,0.33,0,0,
Farmacia Procaccini,909721298,LADYGLORIA 18 COLGEST 140 SAH4,1,0.33,0,11,1
Farmacia Procaccini,909731996,GLORIAM GAMB STRO361 MX MLU,1,0.33,0,1,1
Farmacia Procaccini,909830604,PLASMON OMOG CONIGLIO 80GX2PZ,1,0.33,0,10,2
Farmacia Procaccini,909861775,OMEGA PET 60PRL,1,0.33,0,100,
Farmacia Procaccini,909902049,E13 LAVANDA 10ML,1,0.33,0,0,
Farmacia Procaccini,909918169,SFIGMO ANER KOBOLD ERKA,1,0.33,0,15,1
Farmacia Procaccini,909966588,BIO VITAE NORM 30G ASTRUM,1,0.33,0,1,2
Farmacia Procaccini,910071479,TOP PROSTATA 40CPS,1,0.33,0,37,
Farmacia Procaccini,910273578,SIG 503 AD MS PA BEIG,1,0.33,0,2,1
Farmacia Procaccini,910387164,LEUKOTAPE BENDA N/EL 100X5CM,1,0.33,0,14,1
Farmacia Procaccini,910627393,CRE NUTS&BIO CARRUBA 400G,1,0.33,0,15,1
Farmacia Procaccini,910856715,TESMED CARICABATTERIA MAX5/830,1,0.33,0,3,1
Farmacia Procaccini,911056481,TACHI MU GOCCE 30ML,1,0.33,0,9,1
Farmacia Procaccini,911056543,COLEX MU 50CPS,1,0.33,0,16,2
Farmacia Procaccini,911151696,SCREEN DROGA TEST MARIJUANA,1,0.33,0,97,4
Farmacia Procaccini,911158083,URO GUAINA LATTICE 30MM 30PZ,1,0.33,0,6,1
Farmacia Procaccini,912255748,OTODINE DET LIQ 50ML,1,0.33,0,100,4
Farmacia Procaccini,912256082,KRIN UP SHAMPOO ANTICADUTA,1,0.33,0,100,3
Farmacia Procaccini,912258163,MEDI 18 UOMO G.COTO BLU 2 1830,1,0.33,0,0,
Farmacia Procaccini,912258427,MEDI 21 UOMO G.COTO NER 3 2150,1,0.33,0,1,1
Farmacia Procaccini,912274750,RILASTIL AQUA MASCH VISO 75ML,1,0.33,2,100,
Farmacia Procaccini,912450350,CH COPPETTE ASSORBILATTE 60PZ,1,0.33,0,100,
Farmacia Procaccini,912452758,LOPROFIN GNOCCHETTI 500G,1,0.33,0,41,
Farmacia Procaccini,912468131,"NUTRITIC LABBRA 4,7ML",1,0.33,2,35,3
Farmacia Procaccini,912626090,CLOG BACK GUARD BYCAST BI 44,1,0.33,0,1,5
Farmacia Procaccini,912650342,TRIDERM LENIL+ 50ML,1,0.33,0,100,5
Farmacia Procaccini,913108611,SEDAVIN 50ML,1,0.33,0,100,
Farmacia Procaccini,913108647,VENAVIN 50ML,1,0.33,0,100,
Farmacia Procaccini,913118485,SCHANZ COLL CERV RIGIDO XS,1,0.33,0,1,2
Farmacia Procaccini,913175598,"LEUKOTAPE K TAPING 2,5X500 BLU",1,0.33,0,100,1
Farmacia Procaccini,913177301,AIR BAG BACK STRAP NUB CUO 45,1,0.33,0,1,1
Farmacia Procaccini,913205314,ELICRYSO OLIO DET INTIMO 100ML,1,0.33,0,100,3
Farmacia Procaccini,913438305,NEW BONUS PUNCHED BYCAST BI 43,1,0.33,0,1,5
Farmacia Procaccini,913439218,NEW BONUS UNPUNCH BLUE NAVY 42,1,0.33,0,1,2
Farmacia Procaccini,913439220,NEW BONUS UNPUNCH BLUE NAVY 43,1,0.33,0,1,2
Farmacia Procaccini,913500575,Durex Intense Pure Fantasy,1,0.33,1,2,4
Farmacia Procaccini,913538714,SIG THR AD SS PA WHIT,1,0.33,0,3,1
Farmacia Procaccini,913539161,SIG THR AG-MODX TS ML PA WHIT,1,0.33,0,3,1
Farmacia Procaccini,913587972,LUMBOFIT 70 BUST ORTOXXL,1,0.33,0,2,1
Farmacia Procaccini,913588000,GINOCCHIERA ROT GENUFIT 15 M,1,0.33,0,1,2
Farmacia Procaccini,913588341,POLFIT POLSIERA SEMPL 19 SX L,1,0.33,0,4,1
Farmacia Procaccini,913597288,SHEER&S COLLANT 7008SF PLAYA 3,1,0.33,0,1,3
Farmacia Procaccini,913666119,FITOMATER SPACCAPIETRA 50ML,1,0.33,0,16,1
Farmacia Procaccini,920045109,ANUREX CRIOTERAPIA EMORROIDI,1,0.33,0,57,1
Farmacia Procaccini,920187628,EFFACLAR GEL MOUSSE 400ML,1,0.33,3,100,
Farmacia Procaccini,920590736,TIOMOUSSE SCHIUMA 75ML,1,0.33,0,100,4
Farmacia Procaccini,920597248,SERENITY LIGHT LADY SUPER 30PZ,1,0.33,0,100,4
Farmacia Procaccini,920796861,SENSIBIO DS+ GEL MOUSSANT200ML,1,0.33,0,1,
Farmacia Procaccini,920884691,LUMBOFIT 72 BUST ORTO M,1,0.33,0,2,1
Farmacia Procaccini,920884905,POLSIERA SEMPLICE POLFIT 21 M,1,0.33,0,0,
Farmacia Procaccini,920884931,POLSIERA SEMPLICE POLFIT 21 L,1,0.33,0,0,
Farmacia Procaccini,920891847,DOLODIE CREMA 75ML,1,0.33,0,82,1
Farmacia Procaccini,920904253,SCUDOTEX GAMB 140 OPEN DAINO 5,1,0.33,0,7,3
Farmacia Procaccini,920917806,O2LIFE SIERO CONT OCC A/BORSE,1,0.33,0,3,1
Farmacia Procaccini,920974502,ULTIMATE TESTO MAX 90CPS,1,0.33,0,25,5
Farmacia Procaccini,921034498,ALPECIN ENERGIZER TON DOPOSH,1,0.33,0,37,1
Farmacia Procaccini,921112823,MEDIVEN FOR MEN GAMB NORM K2 3,1,0.33,0,1,1
Farmacia Procaccini,921115820,DERCOS SH DOLCEZZA MIN 400ML,1,0.33,6,30,
Farmacia Procaccini,921116327,SCUDOTEX GAMB 70 EX NATURE 4,1,0.33,0,5,1
Farmacia Procaccini,921116339,SCUDOTEX GAMB 70 EX NATURE 5,1,0.33,0,7,1
Farmacia Procaccini,921148324,POTASSIUM COMPOSITUM 180PAST,1,0.33,0,41,
Farmacia Procaccini,921178885,MEDIVEN FOR MEN K1 GAMB CO NE2,1,0.33,0,2,3
Farmacia Procaccini,921189243,OXILIFE 30CPS,1,0.33,0,20,
Farmacia Procaccini,921311268,EUFORTYN LIOS OROSOLUB 10BUST,1,0.33,0,100,2
Farmacia Procaccini,921490645,STANDARD MUT INCONT C/BOTT BI5,1,0.33,0,1,4
Farmacia Procaccini,921492272,DRYDORM TELO SPUGNA 70X90,1,0.33,0,2,1
Farmacia Procaccini,921507430,ALBERTA FASCIA ERNIA OMBEL XL,1,0.33,0,1,1
Farmacia Procaccini,921534208,LYSI OMEGA 3 VITAM E 120CPS,1,0.33,0,36,1
Farmacia Procaccini,921557676,SCUDOTEX CINT COLOST CM24 3,1,0.33,0,4,1
Farmacia Procaccini,921577666,MACA 50CPS VEGETALI,1,0.33,0,4,1
Farmacia Procaccini,921670055,ZETAMAX PUMP SPRAY 150ML,1,0.33,0,82,5
Farmacia Procaccini,921731790,MIAMO NECK REVITALIZ CR 50ML,1,0.33,5,0,
Farmacia Procaccini,921735256,FAMILY DRUG TEST 5 URINE,1,0.33,0,100,1
Farmacia Procaccini,921895645,IDEAL SOLEIL VISO DRY TOUCH 30,1,0.33,4,5,2
Farmacia Procaccini,922187695,REGGIBRACCIO C/REG VELCRO M,1,0.33,0,2,1
Farmacia Procaccini,922187707,REGGIBRACCIO C/REG VELCRO L,1,0.33,0,1,2
Farmacia Procaccini,922250156,DMG-GOLD 50ML,1,0.33,0,44,
Farmacia Procaccini,922262567,NEURONEV COMPLEX 30CPR,1,0.33,0,100,2
Farmacia Procaccini,922287394,ESSENTIAL 6 SPOT ON CANE 20/40,1,0.33,0,34,1
Farmacia Procaccini,922319381,TALUFIT52 TALLONETTA R3,1,0.33,0,5,1
Farmacia Procaccini,922326463,SCUDOTEX CINTURA COLOST 24CM 5,1,0.33,0,5,1
Farmacia Procaccini,922326867,AKNET ACQUA DETERGENTE RIEQUIL,1,0.33,15,36,2
Farmacia Procaccini,922364068,DERCOS SHAMPO ANTIFORF SENSITI,1,0.33,13,100,
Farmacia Procaccini,922366164,V GYN LAVANDA INTERNA 6FL,1,0.33,0,100,1
Farmacia Procaccini,922374335,FORTE 24CPS,1,0.33,0,3,1
Farmacia Procaccini,922387218,SIG CO1 AD MN PA NATU,1,0.33,0,2,1
Farmacia Procaccini,922391154,CORSETTO MILLERIGHE FLEXO' XXL,1,0.33,0,1,1
Farmacia Procaccini,922399631,REV IDRAX EPI 50ML,1,0.33,0,68,3
Farmacia Procaccini,922551371,VENERE 70 OPEN TOE NE 4-L,1,0.33,0,1,1
Farmacia Procaccini,922551419,VENERE 70 OPEN TOE CAM 2-M,1,0.33,0,1,5
Farmacia Procaccini,922553072,DRENAGILL30 30CPR,1,0.33,0,100,2
Farmacia Procaccini,922554720,LYSI OMEGA3 LIQUID LIM 240ML,1,0.33,0,49,1
Farmacia Procaccini,922591274,NUTRIVA JALURONICOS 30CPR,1,0.33,0,19,
Farmacia Procaccini,922687645,FLAEM MASCHERINA AD RF7 AEROSO,1,0.33,0,16,1
Farmacia Procaccini,922852951,CALOGEN EXTRA NEUTRO 200ML,1,0.33,0,11,5
Farmacia Procaccini,922918786,AGEFLUS 30CPR,1,0.33,0,100,2
Farmacia Procaccini,922960998,BIONIKE SHINE ON CAP CAST CHI5,1,0.33,0,60,
Farmacia Procaccini,922978578,DR TAFFI FGP OLIO MAND TE,1,0.33,0,1,1
Farmacia Procaccini,922983578,URTICA GEL DOPO PUNTURA 25G,1,0.33,0,13,
Farmacia Procaccini,922983580,OLIO DI KRILL 30PRL,1,0.33,0,70,
Farmacia Procaccini,923005920,NEUROXAL 30CPR RETARD,1,0.33,0,20,1
Farmacia Procaccini,923006670,NEOCATE SPOON 400G,1,0.33,0,3,3
Farmacia Procaccini,923007330,MEDI KL2 ELEG/AUT BEI CO 2 290,1,0.33,0,2,1
Farmacia Procaccini,923010021,MEDI KL1 ELEG/GAM BEI LU 4 185,1,0.33,0,1,1
Farmacia Procaccini,923012177,MEDI KL1 ELEG/COL BEI CO 2 192,1,0.33,0,1,4
Farmacia Procaccini,923130278,PH-SANO 360G POLVERE,1,0.33,0,5,1
Farmacia Procaccini,923289324,BEURER BM40 MISURATORE PRESS,1,0.33,0,12,1
Farmacia Procaccini,923289401,BEURER 50STR GL44/GL50/GL50EVO,1,0.33,0,26,1
Farmacia Procaccini,923327908,BENDA EUROZINC 10CMX7M 1PZ,1,0.33,0,3,1
Farmacia Procaccini,923360200,HYDRALEN LATTE DETERGENTE,1,0.33,0,100,
Farmacia Procaccini,923360364,NEVERTIN 15CPS,1,0.33,0,69,1
Farmacia Procaccini,923372890,JALMA OVER DETERGENTE INTIMO,1,0.33,0,93,
Farmacia Procaccini,923376836,SOUVENAID VAN CLUSTER 4X125ML,1,0.33,0,43,2
Farmacia Procaccini,923438143,MCS 30CPS,1,0.33,0,3,1
Farmacia Procaccini,923507685,FARMACUP COPPETTA MESTR GRANDE,1,0.33,0,100,1
Farmacia Procaccini,923509614,CARIEX SPRAY DENTALE 50ML,1,0.33,0,85,
Farmacia Procaccini,923539682,DESMOVIT 60CPS,1,0.33,0,30,
Farmacia Procaccini,923670083,PYO SPOT CANE 20-40KG,1,0.33,0,32,1
Farmacia Procaccini,923744256,IMMUNOTHER 30 BUSTE,1,0.33,0,27,1
Farmacia Procaccini,923744573,SAUBER COL OPTOE 140 MICR MED4,1,0.33,0,6,1
Farmacia Procaccini,923786863,LINFOLITIC 30CPR,1,0.33,0,30,1
Farmacia Procaccini,923786887,SAUBER CALZA U70 COT BLU S/M,1,0.33,0,17,4
Farmacia Procaccini,923787004,SAUBER CALZA U140 COT NE S/M,1,0.33,3,24,1
Farmacia Procaccini,923811626,KAMILA GAMB COTTON 18 ANTR M,1,0.33,0,1,3
Farmacia Procaccini,924124391,"CICAPLAST LEVRES 7,5ML",1,0.33,0,100,
Farmacia Procaccini,924124959,CICAPLAST MAINS 50ML,1,0.33,11,100,5
Farmacia Procaccini,924164142,SIG MG2 AG-BAPQ + XSL PA CARA,1,0.33,0,2,1
Farmacia Procaccini,924274083,REDERMIC RETINOL OCCHI 15ML,1,0.33,3,31,4
Farmacia Procaccini,924284452,BIRDETOX 2SIR 15ML,1,0.33,0,35,1
Farmacia Procaccini,924286103,PROTEIN UP BARATTOLO 400G,1,0.33,0,11,1
Farmacia Procaccini,924293057,OXYLIFT GOCCE 30ML,1,0.33,0,38,1
Farmacia Procaccini,924296130,SAUBER AREG 70 MICR NBEI 4,1,0.33,2,18,1
Farmacia Procaccini,924296256,SAUBER AREG 140 MICR NBEI 4,1,0.33,1,22,1
Farmacia Procaccini,924296332,SAUBER AREG 140 MICR NE 4,1,0.33,2,13,2
Farmacia Procaccini,924298019,TIGLIO ARG LIQ ANALCO GEMMO10+,1,0.33,0,7,1
Farmacia Procaccini,924298021,MIRTILLO RO LIQ ANALCO GEMM10+,1,0.33,0,1,3
Farmacia Procaccini,924421009,MEDI 15 UOMO G.MI NER 3 1550MI,1,0.33,0,1,3
Farmacia Procaccini,924519681,IMMUNITY ASSIST TOTAL 70CPS,1,0.33,0,27,3
Farmacia Procaccini,924546221,CARPINO BI 500ML ANALCO GEM10+,1,0.33,0,11,1
Farmacia Procaccini,924570169,XIPHASE SHAMPOO 250ML,1,0.33,0,100,4
Farmacia Procaccini,924691177,ANFO SEB SHAMPOO DOCCIA DET,1,0.33,0,100,2
Farmacia Procaccini,924741818,KERIUM DOUX SHAMPOO GEL 400ML,1,0.33,5,99,5
Farmacia Procaccini,924751338,RELAXINA PLUS 50TAV,1,0.33,0,55,3
Farmacia Procaccini,924760984,SAGINIL OVULI VAGINALI 10PZ,1,0.33,0,100,3
Farmacia Procaccini,924766278,CH BARRIER FOR BED 95 CM NATUR,1,0.33,0,10,1
Farmacia Procaccini,924829169,MELATONINA CLASSIC 75PAST,1,0.33,0,22,1
Farmacia Procaccini,924847751,MOSQUETA ROSA OLIO PURO BIO,1,0.33,0,7,3
Farmacia Procaccini,924860935,MICROLIFE NO CONTACT NC150,1,0.33,0,4,1
Farmacia Procaccini,924871561,REV IDRAX SERUM 30ML,1,0.33,0,72,5
Farmacia Procaccini,924874579,ACTINICA LOTION 80ML,1,0.33,0,65,5
Farmacia Procaccini,924906567,IMMOK IMMOB GINOCCHIO CM 50 UN,1,0.33,0,4,1
Farmacia Procaccini,924906579,IMMOK IMMOB GINOCCHIO CM 60 UN,1,0.33,0,4,1
Farmacia Procaccini,924920729,CUBITAN CIOCCOLATO 4X200ML,1,0.33,0,36,1
Farmacia Procaccini,924924501,HELIXINE SNAIL CR BAVA LUMACA,1,0.33,0,3,4
Farmacia Procaccini,924928310,OLINORM CREMA INTIMA 50ML,1,0.33,0,100,5
Farmacia Procaccini,924961067,MERITENE CREMA CIOCCOLAT3X125G,1,0.33,0,24,4
Farmacia Procaccini,924994736,PULSOXIMETRO OXY-3,1,0.33,0,66,2
Farmacia Procaccini,925205256,PHYTO PHYTOPHANERE 1+1,1,0.33,0,100,
Farmacia Procaccini,925329524,ALOEVERA2 CREMA GEL D'ALOE,1,0.33,0,96,
Farmacia Procaccini,925369100,THROMBOSIS 18 ISP GAMB M CORTO,1,0.33,0,5,1
Farmacia Procaccini,925369136,THROMBOSIS 18 ISP GAMB XXLC,1,0.33,0,6,1
Farmacia Procaccini,925386423,ACIDO FOLICO 120CPR COLOURS,1,0.33,0,57,5
Farmacia Procaccini,925514729,TS50 BIANCOSPINO COMP 1 20ML,1,0.33,0,4,
Farmacia Procaccini,925596898,APROPOS FLUPROTECT EFF C 20CPR,1,0.33,9,100,2
Farmacia Procaccini,925605370,PODIFER40 PLANTARE REUMATICO37,1,0.33,0,2,1
Farmacia Procaccini,925605560,PODIFER50 PLANT AMMORT C/BAR44,1,0.33,0,1,1
Farmacia Procaccini,925605673,PODIFER60 PLANTARE AMMORT 43,1,0.33,0,1,1
Farmacia Procaccini,925705764,RINOREX AEROSOL BICARB 25F 3ML,1,0.33,0,100,
Farmacia Procaccini,925818926,CICANOVA CANOVA 50ML,1,0.33,0,34,
Farmacia Procaccini,925820793,MICRONIL DOL 30BUST,1,0.33,0,89,5
Farmacia Procaccini,925822165,DENTALPET SPRAY 50ML,1,0.33,0,24,
Farmacia Procaccini,925832610,MEDI 18 UOMO G.ME NER 1 1850CM,1,0.33,0,1,1
Farmacia Procaccini,925884912,MAQUI 60CPS,1,0.33,0,1,5
Farmacia Procaccini,925897288,"TEPE SCOVOLINO GRIGIO 1,3 6PZ",1,0.33,0,22,
Farmacia Procaccini,925901439,ALUSAC DETERGENTE 125ML,1,0.33,0,9,4
Farmacia Procaccini,925914057,DEAMBULATORE PIEG REG 2 RUO L,1,0.33,0,0,
Farmacia Procaccini,925931002,MEDI KL1 PLUS/GAMBAL CO 2 102,1,0.33,0,3,3
Farmacia Procaccini,925931646,MEDI KL2 PLUS/COLLANT LU 3 211,1,0.33,0,1,3
Farmacia Procaccini,925932168,MEDI KL2 PLUS/GAMBAL CO 7 202,1,0.33,0,1,1
Farmacia Procaccini,926024023,FERMENTA PLUS 7FL 10ML,1,0.33,0,100,2
Farmacia Procaccini,926045612,AKNET GEL DETERGENTE PURIF,1,0.33,2,100,3
Farmacia Procaccini,926075413,DEGIN DETERGENTE INTIMO 250ML,1,0.33,0,100,1
Farmacia Procaccini,926084841,MICO LEO 70CPS,1,0.33,0,43,3
Farmacia Procaccini,926084880,MICOCORD 70CPS,1,0.33,0,31,4
Farmacia Procaccini,926116815,ANTITROMBO SOLIDEA CALZA BI XL,1,0.33,0,8,3
Farmacia Procaccini,926236415,ACIDO JALURONICO 30CPS,1,0.33,0,27,
Farmacia Procaccini,926247216,GLORIAM GENT199 GAMB AN SC,1,0.33,0,3,1
Farmacia Procaccini,926247370,GLORIAM GENT199 GAMB NE SL,1,0.33,0,4,1
Farmacia Procaccini,926247774,GLORIAM GENT299 GAMB BL SC,1,0.33,0,9,1
Farmacia Procaccini,926259262,MEDI 14 GAMBALETTO NAT 2 2205,1,0.33,0,2,
Farmacia Procaccini,926259348,MEDI 18 COLL-CAL NER 5 1450CA,1,0.33,0,2,2
Farmacia Procaccini,926259894,MEDI 18 GAMB P.AP VIS 2 2806PA,1,0.33,0,2,1
Farmacia Procaccini,926316454,EUTROSIS 45 ESFOLIANTE 75ML,1,0.33,0,31,1
Farmacia Procaccini,926392756,CATALITIC K 20AMP,1,0.33,0,6,
Farmacia Procaccini,926420896,OLIPROX SHAMPOO 200ML CE,1,0.33,0,100,1
Farmacia Procaccini,926420934,OLIPROX SCHIUMA 150ML CE,1,0.33,0,66,
Farmacia Procaccini,926421684,PURES GEL FRESC CIRC 125ML,1,0.33,0,46,4
Farmacia Procaccini,926429958,MEDI ANTITROMBO H915 AGG S DX,1,0.33,0,1,4
Farmacia Procaccini,926431976,MTHFR-P PLUS 30CPR,1,0.33,0,100,5
Farmacia Procaccini,926491616,ATOP 7 SHAMPOO 200ML,1,0.33,0,11,1
Farmacia Procaccini,926517234,VIGORSKIN K1 PLUS CREMA 100ML,1,0.33,0,4,3
Farmacia Procaccini,926561489,IALUSET SILVER SPRAY 125ML,1,0.33,3,100,3
Farmacia Procaccini,926575465,POLICALM CREMA 400ML,1,0.33,0,100,2
Farmacia Procaccini,926589363,MULTICARE-IN STRUMENTO 5PZ,1,0.33,0,8,5
Farmacia Procaccini,926593245,ESI ERBAVEN RETARD 30OVAL,1,0.33,0,100,
Farmacia Procaccini,926593613,ESI DIURERBE FORTE MELOG24POCK,1,0.33,0,5,
Farmacia Procaccini,926742329,BIO ESSENZE BURRO KARITE'100ML,1,0.33,0,2,1
Farmacia Procaccini,926816380,SEBAK LIQUIDO DETERGENTE 150ML,1,0.33,0,100,4
Farmacia Procaccini,926819172,SCREEN TEST HELICOBACTER PYLOR,1,0.33,0,46,3
Farmacia Procaccini,926876766,FLEBOMIX CREMA GEL 100ML,1,0.33,0,23,
Farmacia Procaccini,926888746,FORTINI SMOOTHIE MF FRUTTI RO,1,0.33,0,45,1
Farmacia Procaccini,926888785,VERTIGOVAL 20CPR,1,0.33,0,100,
Farmacia Procaccini,926890676,REOVEN PLUS CPR,1,0.33,0,100,2
Farmacia Procaccini,926891957,RESTIVOIL LENITIVO ZERO 150ML,1,0.33,1,100,4
Farmacia Procaccini,927045854,IMMOBILIZZATORE 1 DITO DX M,1,0.33,0,2,1
Farmacia Procaccini,927116549,FORTIMEL COMPACT PRO BOSC4BOTT,1,0.33,0,93,4
Farmacia Procaccini,927143382,ALTRICEREALI BISC AVENA INTEGR,1,0.33,0,31,2
Farmacia Procaccini,927171850,FITOSTIMOLINE IDROGEL 50G,1,0.33,1,100,
Farmacia Procaccini,927172751,ENDOVIS 30ML,1,0.33,0,11,4
Farmacia Procaccini,927178095,DERMON INTIMO ATTIVO 250ML,1,0.33,0,43,4
Farmacia Procaccini,927284265,BLUVENE HD 14BUST,1,0.33,0,100,4
Farmacia Procaccini,927380358,PLAYMAKER II LUNGA STAND MD,1,0.33,0,2,1
Farmacia Procaccini,927384673,GLORIAM MCR181 AT LU MX BEI XL,1,0.33,0,1,1
Farmacia Procaccini,927385219,CONVEEN OPTIMA GUAINA 28MM 30P,1,0.33,0,9,5
Farmacia Procaccini,927456665,OSTODOL 24CPS,1,0.33,0,2,1
Farmacia Procaccini,927592764,"OPTIVE FUSION UD 30FLAC 0,4ML",1,0.33,0,57,
Farmacia Procaccini,927604518,FIOREGLUT FARINA DOLC+PANE+PIZ,1,0.33,0,100,
Farmacia Procaccini,927616033,FLOXEA LAVANDA VAGINALE 4FL,1,0.33,0,17,2
Farmacia Procaccini,930010653,MD-LUMBAR ITALIA 10FL INIET2ML,1,0.33,0,10,4
Farmacia Procaccini,930197619,NEW VAPINAL INALATORE TERMALE,1,0.33,0,4,4
Farmacia Procaccini,930199260,GIBAUD ORTHO MANUGIB TUT DX 2,1,0.33,0,2,
Farmacia Procaccini,930212131,PENTA U10 CREMA 1000ML,1,0.33,0,100,1
Farmacia Procaccini,930214527,"EMOFORM PLAKOUT ACT0,12% COLLU",1,0.33,0,100,5
Farmacia Procaccini,930244761,PESSARIO LATEX FREE DIAM 65MM,1,0.33,0,52,1
Farmacia Procaccini,930260928,SQUANORM LOZIONE 200ML DUCRAY,1,0.33,1,0,1
Farmacia Procaccini,930263797,GASTRIC AID REFLUX 14BUST,1,0.33,0,63,1
Farmacia Procaccini,930265172,SUSTENIUM PLUS INT FORM 12BUST,1,0.33,0,100,
Farmacia Procaccini,930404785,BIOPUR INTIMO DETERGENTE 250ML,1,0.33,0,100,3
Farmacia Procaccini,930501996,TRAUMI FANGO MINERALE 5BUST,1,0.33,0,2,1
Farmacia Procaccini,930547346,Q10 SELEN VIT 24CPS,1,0.33,0,5,1
Farmacia Procaccini,930768926,PEYRONEX 30CPR,1,0.33,0,51,4
Farmacia Procaccini,930861087,ARTAVIS 30CPR,1,0.33,0,75,3
Farmacia Procaccini,930877497,ARDO SET TIRALATTE SINGOLO,1,0.33,0,4,3
Farmacia Procaccini,930889439,HYIODINE AC IALURONICO IOD 50G,1,0.33,0,50,1
Farmacia Procaccini,931029110,ERGYDESMODIUM 250ML,1,0.33,0,29,2
Farmacia Procaccini,931029363,DONNADET MOUSSE DET 200ML,1,0.33,0,100,1
Farmacia Procaccini,931097416,EUPH FILLER S FL ANTIR SEC,1,0.33,4,0,
Farmacia Procaccini,931097455,TRIPTOZIM 15CPR,1,0.33,0,9,1
Farmacia Procaccini,931127955,VALDISPERT GOCCE A/STRESS 30ML,1,0.33,5,69,2
Farmacia Procaccini,931127993,VALDISPERT GOCCE SONNO RAP30ML,1,0.33,10,19,1
Farmacia Procaccini,931351593,KAMILA COMFORT 140D NERO 2,1,0.33,0,1,1
Farmacia Procaccini,931386270,MILCO CIOCK 6X200ML,1,0.33,0,75,1
Farmacia Procaccini,931450237,GIBAUD ORTHO MANUGIB 20 SX 3,1,0.33,0,3,2
Farmacia Procaccini,931464491,TUTORE BRACCIO 3087 L OPPO,1,0.33,0,44,1
Farmacia Procaccini,931509044,FERFOLC GOCCE 15ML,1,0.33,0,9,1
Farmacia Procaccini,931521569,NEVRITIN RETARD 15CPS,1,0.33,0,100,
Farmacia Procaccini,931524223,ORALIS COLLUTORIO 500ML,1,0.33,0,30,1
Farmacia Procaccini,931524615,PIROFER FORTE 30CPR,1,0.33,0,100,2
Farmacia Procaccini,931571448,LADYGLORIA 18 GAMB PU/A NER 3,1,0.33,0,7,1
Farmacia Procaccini,931571549,LADYGLORIA 18 AREG PU/A NER 3,1,0.33,0,7,1
Farmacia Procaccini,931577922,TERMODREN 300ML,1,0.33,0,100,1
Farmacia Procaccini,931581401,LADYGLORIA 18 AREG PU/A SAH 2,1,0.33,0,18,1
Farmacia Procaccini,931581488,LADYGLORIA 18 COL PU/A SAH 2,1,0.33,0,4,1
Farmacia Procaccini,931581526,LADYGLORIA 18 GAMB PU/A SAH 4,1,0.33,0,4,1
Farmacia Procaccini,931645612,ETAS REMOVE 150ML,1,0.33,0,7,1
Farmacia Procaccini,931660233,NUROLIT 30CPR,1,0.33,0,100,1
Farmacia Procaccini,931808149,UROLIN SOLUZIONE 150ML,1,0.33,0,65,1
Farmacia Procaccini,931852178,OZONIA 15 LIPOGEL OZONO 35ML,1,0.33,0,81,4
Farmacia Procaccini,931955330,LEGART UP 60CPR,1,0.33,0,39,3
Farmacia Procaccini,931972754,EUPH FILLER SUPR JALURON 4000,1,0.33,4,14,4
Farmacia Procaccini,932217072,STEVIA EDULCOR 200CPR,1,0.33,0,25,1
Farmacia Procaccini,932378779,BIATAIN SUPER ADES 10X10 10PZ,1,0.33,0,1,1
Farmacia Procaccini,932711361,SAUGELLA YOU FRESH DET INTIMO,1,0.33,1,48,
Farmacia Procaccini,932711740,GUNAMINOFORMULA 50CPR,1,0.33,0,6,
Farmacia Procaccini,932714759,FLEBEN 1000 10FL 15ML,1,0.33,0,100,
Farmacia Procaccini,932720840,ENVICER3 GRASSA FORTE 100ML,1,0.33,0,13,
Farmacia Procaccini,932720903,ENVISUN SPF50 100ML,1,0.33,0,5,1
Farmacia Procaccini,932720915,ENVISUN DOPOS REPELLENTE 100ML,1,0.33,0,47,1
Farmacia Procaccini,933002394,PLANTER'S CR RIPA 10REG 150ML,1,0.33,0,100,4
Farmacia Procaccini,933080196,RESVIS FLUID XR BIOFUTURA 12BU,1,0.33,2,100,
Farmacia Procaccini,933153696,ACQUA BORICA BAGNO OCUL STER,1,0.33,5,100,
Farmacia Procaccini,933162339,"CONTACTA DAILY LENS Y 15 -1,50",1,0.33,0,3,5
Farmacia Procaccini,933162479,"CONTACTA DAILY LENS Y 15 -5,00",1,0.33,0,4,4
Farmacia Procaccini,933462855,FLEBOGELAR 30CPR,1,0.33,0,52,5
Farmacia Procaccini,933532754,ARMONIA RILASCIO CONTROL120CPR,1,0.33,0,100,
Farmacia Procaccini,933534226,RILASTIL ELASTIC OLIO 80ML,1,0.33,0,30,2
Farmacia Procaccini,933694073,MEDIKLOR DETERGENTE 300ML,1,0.33,0,34,
Farmacia Procaccini,933784783,LONGLIFE ZINC 25MG 100CPR,1,0.33,0,100,
Farmacia Procaccini,933869974,LITOCALC 30BUST,1,0.33,0,19,1
Farmacia Procaccini,933870014,MELURESIO 14BUST,1,0.33,0,7,
Farmacia Procaccini,933930455,BIMBI BAGNO TOTALE 500ML,1,0.33,0,23,5
Farmacia Procaccini,933949430,BISENGLUT BISCOTTO GRANULARE,1,0.33,0,100,1
Farmacia Procaccini,934036791,AUSILIUM NAC 14FL 10ML,1,0.33,0,100,2
Farmacia Procaccini,934036827,LINUSAN 500G,1,0.33,0,24,3
Farmacia Procaccini,934179957,CAMPEDEX-5 15CPR OVOIDALI,1,0.33,0,84,1
Farmacia Procaccini,934321910,SUPRADYN MAGNESIO/POT 14BUST,1,0.33,0,100,
Farmacia Procaccini,934394420,KELLIVIT CREMA 75ML,1,0.33,0,95,5
Farmacia Procaccini,934416037,HALODERM CREMA SOL SPF50+ 50ML,1,0.33,0,2,2
Farmacia Procaccini,934417445,LIPOLIPASE CREMAGEL 150ML,1,0.33,0,100,
Farmacia Procaccini,934424476,DERMOVITAMINA FILM GEL 30ML,1,0.33,0,0,
Farmacia Procaccini,934425784,DANASE 20CPR,1,0.33,0,100,4
Farmacia Procaccini,934439579,INEXDERM 30CPS,1,0.33,0,22,1
Farmacia Procaccini,934488154,BIOKAP B BALSAMO NUTR DISTRIC,1,0.33,0,10,
Farmacia Procaccini,934509795,MATT PHARMA SENNA ATTIVA 40CPR,1,0.33,0,100,
Farmacia Procaccini,934759539,PSYLLOGEL MEGAFERMENTI 24 ACE,1,0.33,9,100,4
Farmacia Procaccini,934845544,EDOVIS 20BUST,1,0.33,0,57,1
Farmacia Procaccini,934857929,HYDRAL INTIMO DETERGENTE 100ML,1,0.33,0,49,4
Farmacia Procaccini,934885942,PERNALIFE DOL GEL 125ML,1,0.33,0,13,2
Farmacia Procaccini,934888684,PRINCIPIUM Q10 MAX 60CPS,1,0.33,0,100,5
Farmacia Procaccini,934975133,FILME NASALE OLIO 20ML,1,0.33,2,100,5
Farmacia Procaccini,935054914,MERIDOL COLLUTORIO 400ML,1,0.33,13,100,
Farmacia Procaccini,935057315,"BIOKAP NUTRIC 6,0 BIO TABACCO",1,0.33,0,14,
Farmacia Procaccini,935057467,"BIOKAP NUTRICDEL 4,0 CAST NAT",1,0.33,0,41,2
Farmacia Procaccini,935057505,"BIOKAP NUTRICDEL 6,06 BIO SAV",1,0.33,0,0,
Farmacia Procaccini,935251811,TOPIALYSE CREMA BARRIERA 50ML,1,0.33,4,11,4
Farmacia Procaccini,935307114,FLUVADIN PLUS OVULI VAG 10PZ,1,0.33,0,100,
Farmacia Procaccini,935329223,ESPERSOL SPRAY NASALE 100ML,1,0.33,0,100,1
Farmacia Procaccini,935381158,ALONTAN NATURAL CEROTTO A/ZANZ,1,0.33,0,100,
Farmacia Procaccini,935479244,COLEPAN FAST 20CPR,1,0.33,0,97,4
Farmacia Procaccini,935538660,BENZOPUR 4 CREMA 30ML,1,0.33,0,100,3
Farmacia Procaccini,935538963,POLIVEN CREMA GEL 150ML,1,0.33,0,21,3
Farmacia Procaccini,935569133,SOLIVEN 30CPS BIOSLINE,1,0.33,0,30,1
Farmacia Procaccini,935572154,OMEGA RX3 1200 100+20PRL OMAGG,1,0.33,0,22,2
Farmacia Procaccini,935602262,OFTALDERM SHAMPOO 50ML,1,0.33,0,38,4
Farmacia Procaccini,935632101,PERSPIREX STRONG ANTITR ROLL O,1,0.33,6,100,
Farmacia Procaccini,935633964,LONGLIFE CARCIOFO 60CPS VEG,1,0.33,0,34,
Farmacia Procaccini,935660908,VAPE RICARICA LIQUIDA 480H,1,0.33,0,100,1
Farmacia Procaccini,935662623,SUPRADYN RICARICA 50+ 30CPR,1,0.33,5,100,
Farmacia Procaccini,935671293,REPLAY POLVERE 800G,1,0.33,0,1,1
Farmacia Procaccini,935789735,XNERV 24CPR,1,0.33,0,100,4
Farmacia Procaccini,935790701,M-AID ROLLFLEX A-STOP M10X10CM,1,0.33,0,7,2
Farmacia Procaccini,935855306,SOLVHOREN 30BUST,1,0.33,0,100,5
Farmacia Procaccini,935858288,EUFILLER BAVA DI LUMACA 30ML,1,0.33,0,4,2
Farmacia Procaccini,935864850,UROLIN OROSOLUBILE 14BUST,1,0.33,0,42,4
Farmacia Procaccini,935870624,RILASTIL OLIO ELAST 80ML SP PR,1,0.33,6,0,3
Farmacia Procaccini,935982809,COLIMIL HUMANA 30ML,1,0.33,6,100,
Farmacia Procaccini,935996583,ORIONE OK PED 228 CORR DX36-38,1,0.33,0,1,2
Farmacia Procaccini,936048089,EUPH COLORPRO XD530 CAST D,1,0.33,4,18,
Farmacia Procaccini,936048091,EUPH COLORPRO XD535 CA CIO,1,0.33,3,66,3
Farmacia Procaccini,936048115,EUPH COLORPRO XD600 BIO SC,1,0.33,7,100,
Farmacia Procaccini,936065059,DERMOVITAMINA CALM CR IDR250ML,1,0.33,7,0,
Farmacia Procaccini,936169503,AURASTOP 20BUST,1,0.33,0,67,2
Farmacia Procaccini,937140073,AZUMA-4 CRONO 10CPR+10BUST,1,0.33,0,100,2
Farmacia Procaccini,937491797,CITINERV 14BUST,1,0.33,0,100,4
Farmacia Procaccini,937494502,CONVEEN OPTIMA GUAINA 35MM 30P,1,0.33,0,12,
Farmacia Procaccini,938025095,CODEFLOR SMP GOCCE 7ML,1,0.33,0,10,2
Farmacia Procaccini,938224654,GEHWOL ANELLO CORRETTORE 3PZ,1,0.33,0,46,4
Farmacia Procaccini,938387370,PREVIFLOREX 10FL 10ML,1,0.33,0,100,2
Farmacia Procaccini,938471683,SALI DI EPSOM POLVERE 500G,1,0.33,0,35,1
Farmacia Procaccini,938657032,MULTICENTRUM DONNA 30CPR,1,0.33,12,100,5
Farmacia Procaccini,938657172,MULTICENTRUM JUNIOR 30CPR,1,0.33,5,100,
Farmacia Procaccini,938713221,ORIONE 508 SLIP U CH COT GRI 2,1,0.33,0,0,
Farmacia Procaccini,938713334,ORIONE 508 SLIP U CH COT GRI 5,1,0.33,0,2,1
Farmacia Procaccini,938727118,AUTCOL PLUS 36CPR,1,0.33,0,40,1
Farmacia Procaccini,938751649,PSORISDIN SHAMPOO,1,0.33,0,62,
Farmacia Procaccini,938758226,CER'8 GEL TIGRE 75ML,1,0.33,0,5,2
Farmacia Procaccini,938833744,OZOLID GARZA LIPOZONEYE 20PZ,1,0.33,0,100,
Farmacia Procaccini,938858762,DELTACRIN DS PHARCOS 125ML,1,0.33,0,100,5
Farmacia Procaccini,938988983,RINOPAIDOLO UNGUENTO NASALE,1,0.33,0,100,4
Farmacia Procaccini,939059743,LACTOFLORENE PLUS BIPACK12BUST,1,0.33,1,0,3
Farmacia Procaccini,939116479,VARISAN FASHIONMANK1 AD BL3N,1,0.33,0,2,1
Farmacia Procaccini,939116594,VARISAN FASHIONMANK2 AD BL5C,1,0.33,0,1,1
Farmacia Procaccini,939151270,MERIDOL HALITOSIS COLLUT 400ML,1,0.33,0,0,
Farmacia Procaccini,939197303,FITOBIOTUSS BB 150ML,1,0.33,0,11,1
Farmacia Procaccini,939223602,AUSILIUM 20 PLUS,1,0.33,0,100,3
Farmacia Procaccini,939393171,PODIDRAL FAS CR RAGADI PIED100,1,0.33,0,100,
Farmacia Procaccini,939464424,CLIAXIN SPRAY S/GAS 100ML,1,0.33,0,100,4
Farmacia Procaccini,939471544,BIOXTRA LIQUID SPRAY 50ML,1,0.33,0,100,3
Farmacia Procaccini,939886255,HELAN FIOR DI TALCO DEO 100ML,1,0.33,0,28,4
Farmacia Procaccini,939901613,PRONTEX SYNTESI MISUR PRESS DI,1,0.33,0,8,2
Farmacia Procaccini,939920029,ARTELAC SPLASH MULTIDOSE 10ML,1,0.33,1,100,
Farmacia Procaccini,940005655,PANTAVIS METABOLICO 30CPR,1,0.33,0,100,1
Farmacia Procaccini,940012762,ELYANNA 30STICK PACK,1,0.33,0,100,4
Farmacia Procaccini,940050242,I SORBETTI FICOPOP EDT 30ML,1,0.33,0,2,2
Farmacia Procaccini,940050267,I SORBETTI FICOPOP SAPONE LIQ,1,0.33,0,1,
Farmacia Procaccini,940077910,PRINCIPIUM HAIR BEAUTY 60CPR,1,0.33,0,15,4
Farmacia Procaccini,940085970,LONGLIFE L-GLYCINE500MG 100CPS,1,0.33,0,100,2
Farmacia Procaccini,940095348,SARCOACT 30BUST,1,0.33,0,24,
Farmacia Procaccini,940206699,MAYADOL 30STICK PACKS OROSOL,1,0.33,0,100,4
Farmacia Procaccini,940225004,MONODERMA ET10 XL LIPOGEL30ML,1,0.33,0,33,1
Farmacia Procaccini,940259296,NUTRADEICA SHAMPOO ANTIF 200ML,1,0.33,0,11,
Farmacia Procaccini,940274741,LACTIPLUS DLR 30CPS VEGETALI,1,0.33,0,94,
Farmacia Procaccini,940274994,LIFTACTIV COLLAGEN S 16 CREAM,1,0.33,2,26,
Farmacia Procaccini,940275023,NEOVADIOL LONGEVITY REVOL CR,1,0.33,2,59,
Farmacia Procaccini,940325956,PROTON DK 150 GOCCE 25ML,1,0.33,0,22,1
Farmacia Procaccini,940326200,LONGLIFE E COMPLEX 60CPS VEGET,1,0.33,0,7,3
Farmacia Procaccini,940472071,"BIOKAP NUTRIC DEL RAP 7,0 BIO",1,0.33,0,6,1
Farmacia Procaccini,940555651,ARNICA VITI GEL 90% 200ML,1,0.33,0,42,1
Farmacia Procaccini,940562541,EUPHIDRA AMIDO OLIO DET 400ML,1,0.33,4,4,3
Farmacia Procaccini,940562907,DERMAFRESH 24H P/NORM ROLL50ML,1,0.33,6,28,
Farmacia Procaccini,940562933,DERMAFRESH 24H P/SENS LAT100ML,1,0.33,3,100,
Farmacia Procaccini,940564394,COLPLATIR IBS 30CPR RIVESTITE,1,0.33,0,92,5
Farmacia Procaccini,940885522,AVENE COUVRANCE FDT NATURALE,1,0.33,1,10,4
Farmacia Procaccini,941113300,VENAPLUS 30CPR,1,0.33,0,91,5
Farmacia Procaccini,941166365,NOVA MGKB 30BUST,1,0.33,0,54,
Farmacia Procaccini,941182394,FARMEX TRAV ASSORB 80X180 15PZ,1,0.33,0,61,3
Farmacia Procaccini,941190718,PRINCIPIUM D3 2000 GOCCE 50ML,1,0.33,0,40,
Farmacia Procaccini,941516647,AMBLICOL 15FL 10ML,1,0.33,0,100,1
Farmacia Procaccini,941577912,ENOXOFTAL SOLUZIONE OFTALMICA,1,0.33,0,100,
Farmacia Procaccini,941585477,ESAPROST 30CPS,1,0.33,0,35,3
Farmacia Procaccini,941614885,MAGFOR D3 14BUST,1,0.33,0,51,1
Farmacia Procaccini,941803722,ZALATT 20CPS GASTRORESISTENTI,1,0.33,0,35,1
Farmacia Procaccini,941840011,FUNGICIDA PET SCHIUMA 150ML,1,0.33,0,57,2
Farmacia Procaccini,941867222,ARMORES NATURA VIT C NAT 60CPR,1,0.33,0,33,2
Farmacia Procaccini,941970802,ANIVAL BETA 30CPR,1,0.33,0,58,
Farmacia Procaccini,941971475,BIOCLIN DEO INTIMATE SPR PROF,1,0.33,2,100,3
Farmacia Procaccini,942062148,ESPERSOL OTO GOCCE 20ML,1,0.33,0,100,3
Farmacia Procaccini,942130105,SCABIACID COSMETIC DETERGENTE,1,0.33,0,100,
Farmacia Procaccini,942247317,EMOZIONE BLU ACQ MARE EDT 50ML,1,0.33,0,7,1
Farmacia Procaccini,942272372,HELAN FIOR DI TALCO BALS MANI,1,0.33,0,8,1
Farmacia Procaccini,942283336,BAMAK PLUS 18BUST,1,0.33,0,61,1
Farmacia Procaccini,942316542,ACARICIDA PET SHAMPOO 300ML,1,0.33,0,26,1
Farmacia Procaccini,942543772,TUNICAID 60CPR,1,0.33,0,100,1
Farmacia Procaccini,942607565,IPROST 320 30CPS MOLLI,1,0.33,0,100,3
Farmacia Procaccini,942610116,ZACHELASE 20BUST,1,0.33,0,100,
Farmacia Procaccini,942790268,VARISAN ETHERE1520 ATPA PO3N,1,0.33,0,2,1
Farmacia Procaccini,942808167,ALTIAL PLUS GOCCE OCULARI 10ML,1,0.33,0,100,
Farmacia Procaccini,942819412,FERTASK 20STICK PACK,1,0.33,0,100,5
Farmacia Procaccini,942843842,CAPELVENERE BIOSHAMPOO RIVIT,1,0.33,0,0,
Farmacia Procaccini,942882059,EUDREN 20BUST,1,0.33,0,100,2
Farmacia Procaccini,942894751,AKNICARE SPRAY 100ML,1,0.33,0,100,
Farmacia Procaccini,942973239,LEKESIN 15CPR RIVESTITE,1,0.33,0,42,4
Farmacia Procaccini,942983267,ZINCOGEN PET IMMUNO 60CPR,1,0.33,0,100,
Farmacia Procaccini,943083218,YPSODOL 30CPR RIVESTITE,1,0.33,0,100,1
Farmacia Procaccini,943182865,DIMANN FLOR 30CPS,1,0.33,0,81,1
Farmacia Procaccini,943245567,EUPH FILLER CR ANTIR RIDUC,1,0.33,2,6,1
Farmacia Procaccini,943295042,MASSIGEN ENERGIA 10FL 25ML,1,0.33,0,100,5
Farmacia Procaccini,943299899,NERVAX PEA 20BUST,1,0.33,0,100,4
Farmacia Procaccini,943327231,EUPHIDRA DEO ROLL ON SUD INTEN,1,0.33,2,12,3
Farmacia Procaccini,943327991,PRINCIPIUM CIMICIFUGA D+ 60CPR,1,0.33,0,9,
Farmacia Procaccini,943330264,MASSIGEN SONNO GUMMY 60CARAM,1,0.33,0,100,
Farmacia Procaccini,943376689,ALOMAP 175G,1,0.33,0,19,3
Farmacia Procaccini,943513984,INITIV CEROTTO DOLORE SCHIENA,1,0.33,1,57,3
Farmacia Procaccini,943514000,INITIV CEROTTO DOLORE SPALLA3P,1,0.33,5,0,3
Farmacia Procaccini,943729259,FLOGONAM 30CPR,1,0.33,0,100,2
Farmacia Procaccini,943775407,CRINEVIT CREMA 150ML,1,0.33,0,99,
Farmacia Procaccini,943795726,MECLON IDRA EMULGEL 7MONOD 5ML,1,0.33,2,100,5
Farmacia Procaccini,943939470,SOLE BIMBI LATTE SOL 50+ 100ML,1,0.33,0,16,3
Farmacia Procaccini,943941258,FLOSIL 20BUST,1,0.33,0,100,2
Farmacia Procaccini,943941839,TARANIS PREPARATO DOLCI 300G,1,0.33,0,1,1
Farmacia Procaccini,943949420,COLPLATIR 30CPR RIVESTITE,1,0.33,0,93,5
Farmacia Procaccini,943950269,VARISAN ETHERE1015 ATPC PO2C,1,0.33,0,1,1
Farmacia Procaccini,943953075,VARISAN ETHERE1015 ADPC PO3C,1,0.33,0,3,1
Farmacia Procaccini,943954507,MIRAENERGY DONNA 40CPS,1,0.33,0,24,2
Farmacia Procaccini,944025434,EUPH COLORPRO XD566 CAST C,1,0.33,1,50,5
Farmacia Procaccini,944064462,I SORBETTI COCOMINT EDT 30ML,1,0.33,0,1,3
Farmacia Procaccini,944064498,I SORBETTI LEMONFIZZ ACQUA IDR,1,0.33,0,6,1
Farmacia Procaccini,944099769,IDRASTIN DETERGENTE STRUCCANTE,1,0.33,0,21,2
Farmacia Procaccini,944652407,ATOREPAIR CREMA IDRATANTE,1,0.33,0,6,3
Farmacia Procaccini,944841055,LONGLIFE MORINGA BIO 100CPS VE,1,0.33,0,49,1
Farmacia Procaccini,944889068,PROGENY PET 60BUST,1,0.33,0,100,
Farmacia Procaccini,944909199,AGENO GEL INTIMO 100ML,1,0.33,0,1,2
Farmacia Procaccini,944950221,SKINPROJECT HYAL GEL COMPLEX,1,0.33,0,9,1
Farmacia Procaccini,944959295,PRINCIPIUM RODIOLA GOLD 60CPR,1,0.33,0,21,
Farmacia Procaccini,945030726,VITICIST PROMO 14BUST+INTIMO,1,0.33,0,7,2
Farmacia Procaccini,945101931,ACQUA PROFUMATA FIORI CILIEGIO,1,0.33,2,0,
Farmacia Procaccini,945102034,ACQUA PROFUMATA FIORI COTONE,1,0.33,2,0,4
Farmacia Procaccini,945102085,ACQUA PROFUMATA BERGAMOT PATCH,1,0.33,3,34,2
Farmacia Procaccini,945102111,DOCCIA GEL NEROLI VETIVER400ML,1,0.33,9,0,2
Farmacia Procaccini,945102135,SAPONE MANI NEROLI VETIVER,1,0.33,1,0,2
Farmacia Procaccini,945138663,SEREGIL 30PRL,1,0.33,0,100,3
Farmacia Procaccini,945140111,EUPH TEMPERAMATITE ANT MAT,1,0.33,3,0,5
Farmacia Procaccini,945143372,SUMOR FORTE 20CPR,1,0.33,0,100,
Farmacia Procaccini,945172524,EUPH CR LENIT CUOIO CAP GR,1,0.33,5,0,1
Farmacia Procaccini,945298014,DICLOREUM ICE SCH FRIZZANTE,1,0.33,10,100,
Farmacia Procaccini,947073805,RILASTIL ACNESTIL GEL DET SP,1,0.33,5,0,5
Farmacia Procaccini,947077273,TRICOESSE PLUS 30CPS,1,0.33,0,3,3
Farmacia Procaccini,947147803,"SI NAILS MICO XPERT 4,5ML",1,0.33,0,84,4
Farmacia Procaccini,947217473,VITACALM ANSISTOP SPR ACT 20ML,1,0.33,0,77,
Farmacia Procaccini,947225126,EUPH MAXI IDRAT DET 200ML,1,0.33,3,2,3
Farmacia Procaccini,947225191,EUPH ULTRALIGHT DET 200ML,1,0.33,12,0,
Farmacia Procaccini,947225355,EUPHIDRA ESFOLIANTE RESTORE+L,1,0.33,3,4,2
Farmacia Procaccini,947225367,EUPHIDRA MASCHERA RESTORE+75ML,1,0.33,4,2,3
Farmacia Procaccini,947239859,Humana Dg 1 Comfort 700g Pb Mp,1,0.33,0,44,5
Farmacia Procaccini,947244618,CAROBIN PET FORTE 30CPR,1,0.33,0,100,
Farmacia Procaccini,947383004,AQUILEA SONNO 30GUMM,1,0.33,0,8,
Farmacia Procaccini,947393207,XERO GUM 30CHEW,1,0.33,0,14,4
Farmacia Procaccini,947417073,RIDONNA RELAX 30CPR,1,0.33,0,100,1
Farmacia Procaccini,948087945,EUPHIDRA LOZIONE DS 100ML,1,0.33,0,30,
Farmacia Procaccini,948162882,NEFROKRILL GATTO 60PRL,1,0.33,0,100,1
Farmacia Procaccini,949477451,ARMOLIPID DONNA 50+ 30CPS,1,0.33,6,100,5
Farmacia Procaccini,949478022,DICOFLOR IBSPLUS 20BUST OROSOL,1,0.33,7,100,5
Farmacia Procaccini,949499952,PROFUMI CASA FLORA CAMP SPR150,1,0.33,0,2,4
Farmacia Procaccini,949627741,VITA K PLUS PLUS 150 GOCCE 6ML,1,0.33,0,100,1
Farmacia Procaccini,949645372,DR VITI DRENANTE MIRT 28STICK,1,0.33,0,31,1
Farmacia Procaccini,949645408,DR VITI DRENANTE MIRTILLO500ML,1,0.33,0,79,
Farmacia Procaccini,949869349,MACULVIST 20CPR RIVESTITE,1,0.33,0,100,2
Farmacia Procaccini,949875076,UTIMAC FAST 14BUST,1,0.33,0,100,
Farmacia Procaccini,949970697,DR VITI COLLAGENE CR CRP 200ML,1,0.33,0,19,4
Farmacia Procaccini,949977146,UROLIEVE 30CPR,1,0.33,0,0,
Farmacia Procaccini,949993455,HDLGELAR FREE 45CPS,1,0.33,0,100,
Farmacia Procaccini,949998280,ONLIFE 20BUST,1,0.33,0,32,1
Farmacia Procaccini,950007296,ENDOCOL 30CPR,1,0.33,0,100,2
Farmacia Procaccini,950013159,MEDICARE TECH MISURAT PARLANTE,1,0.33,0,7,1
Farmacia Procaccini,950024808,FLOMEL 250 60CPR,1,0.33,0,56,1
Farmacia Procaccini,950024810,FLOMEL 500 40BUST,1,0.33,0,100,4
Farmacia Procaccini,950026803,INITIV CEROTTO DOLORE SPAL PRO,1,0.33,1,0,1
Farmacia Procaccini,950028528,NUXE HUILE PRODIGIEUSE ROLL-ON,1,0.33,21,6,5
Farmacia Procaccini,950041778,CANDIDAWAY CREMA 100ML,1,0.33,0,46,2
Farmacia Procaccini,950045233,PETNORM LAVAGGIO OCULARE 50ML,1,0.33,0,5,3
Farmacia Procaccini,950055121,CH TAZZA TRAINING ROSA 6M+,1,0.33,0,20,4
Farmacia Procaccini,950062582,HYPERNASE NASAL SPRAY AD 15ML,1,0.33,0,0,
Farmacia Procaccini,950064143,LINES SPEC TRAVERSA 80X180 15P,1,0.33,0,39,2
Farmacia Procaccini,950069916,RILASTIL DIFESA TRATT A/ROSSOR,1,0.33,5,77,1
Farmacia Procaccini,950069955,RILASTIL XEROLACT OLIO DET,1,0.33,0,57,2
Farmacia Procaccini,950072924,NITRONAT SHAPE VANIGLIA 14BUST,1,0.33,0,1,1
Farmacia Procaccini,950085946,ENERGERA ULTRA 12FL,1,0.33,0,81,2
Farmacia Procaccini,950086076,EUCERIN SUN ACTINIC CONTROL NF,1,0.33,0,100,
Farmacia Procaccini,950086227,NERADIN FORTE 30CPS,1,0.33,0,68,
Farmacia Procaccini,950089247,OMRON NEBULIZZATORE C101 ESSEN,1,0.33,2,44,
Farmacia Procaccini,950127478,C EYE BIOTIC 15ML,1,0.33,5,31,
Farmacia Procaccini,950127480,C20 BIOTIC RECHARGEABLE 50ML,1,0.33,3,15,4
Farmacia Procaccini,950150704,BIOSCALIN TOTAL CARE SH V200ML,1,0.33,4,100,5
Farmacia Procaccini,950150728,BIOSCALIN TOTAL CARE SH V400ML,1,0.33,5,100,3
Farmacia Procaccini,950150742,BIOSCALIN TOTAL CARE MASCHERA,1,0.33,2,100,3
Farmacia Procaccini,950210702,VERSET SUN PORT 50ML,1,0.33,0,9,
Farmacia Procaccini,950211678,PROSVIS 400PAST,1,0.33,0,20,
Farmacia Procaccini,950213797,PHYSIOMANCE PERMEA GOLD 15BUST,1,0.33,0,16,5
Farmacia Procaccini,950225971,DIETFORMPIC 30CPS VEGETALI,1,0.33,0,100,2
Farmacia Procaccini,950226302,ORALB POWER REFILL IO U/BI 3PZ,1,0.33,1,78,1
Farmacia Procaccini,950235085,ZYMEREX MAGNESIO K VIT B60GUMM,1,0.33,0,27,
Farmacia Procaccini,950249920,PHYSIOMANCE OVOSITOL 180CPS,1,0.33,0,34,5
Farmacia Procaccini,950260416,RENECLIN 20BUST,1,0.33,0,32,
Farmacia Procaccini,950265811,VITAMINDERMINA GEL DET LENIT,1,0.33,1,48,2
Farmacia Procaccini,950276725,GIBAUD ORTHO CORS LOMB ACT V 3,1,0.33,0,28,4
Farmacia Procaccini,950277564,IALURESP DART 100 ATOMIZZATORE,1,0.33,0,1,
Farmacia Procaccini,950301414,MADIBA 30CPR,1,0.33,0,5,2
Farmacia Procaccini,950362071,"AFTERBITE NATURAL STICK 4,25G",1,0.33,0,4,1
Farmacia Procaccini,950376018,ATODIM SPRAY 30ML 500UI,1,0.33,0,71,
Farmacia Procaccini,950404210,ENERVIT PP PRE WORKOUT 313G,1,0.33,0,7,
Farmacia Procaccini,950424008,SANI DRY PANN INCONT MUT XL 10,1,0.33,0,21,2
Farmacia Procaccini,950425658,SANOTINT SHAMPOO RICCI VIVACI,1,0.33,0,7,1
Farmacia Procaccini,950429670,PAMPERS PROTEZIONE PURA MID22P,1,0.33,0,40,3
Farmacia Procaccini,950441030,CLOG SUPERCOMF B/S BYC U WHI38,1,0.33,0,10,1
Farmacia Procaccini,950441055,CLOG SUPERCOMF B/S BYC U WHI40,1,0.33,0,1,1
Farmacia Procaccini,950441093,CLOG SUPERCOMF B/S BYC U WHI44,1,0.33,0,1,3
Farmacia Procaccini,950453997,CITICOOS 1000 15FL,1,0.33,0,100,5
Farmacia Procaccini,950454393,NEUDIFENEX 20BUST,1,0.33,0,23,
Farmacia Procaccini,950456362,SPIRIAL ROLL ON REFILL 50ML,1,0.33,3,34,2
Farmacia Procaccini,950480968,AGLUTEN TIGELLE 4PZ 35G,1,0.33,0,93,1
Farmacia Procaccini,950496986,PROBIOS CLASSIC MUESLI CIOC,1,0.33,0,41,1
Farmacia Procaccini,950497952,TRICOVEL MIRNA EXOSOMES GEL4TU,1,0.33,0,67,
Farmacia Procaccini,950612857,"MIOMAGNESIO SUCCINATO 37,5G",1,0.33,0,1,1
Farmacia Procaccini,950613467,MYVARIATIONS SPAZZ ELET SON VE,1,0.33,0,1,2
Farmacia Procaccini,950830556,ZYMEREX GONFIORE PLUS 28BUST,1,0.33,0,100,
Farmacia Procaccini,950836205,MAVOSTEN MAGNESIO 60CPS,1,0.33,0,0,
Farmacia Procaccini,950837207,KIJIMEA K53 ADVANCE 20CPS,1,0.33,0,58,
Farmacia Procaccini,950840722,COLOPECTIN 28STICK,1,0.33,0,74,
Farmacia Procaccini,950851055,PROAURIS GOCCE AURICOLARI CANI,1,0.33,0,40,4
Farmacia Procaccini,950851939,NUTRIAGE GEL CREAM 50ML,1,0.33,0,13,
Farmacia Procaccini,950905164,DONNA EXTRA 50G PASTIGLIE,1,0.33,0,37,2
Farmacia Procaccini,950911558,ELIXIR MESTRUO 30CPR,1,0.33,0,59,4
Farmacia Procaccini,950911560,ELIXIR MENOPAUSA 30CPR,1,0.33,0,77,
Farmacia Procaccini,950913792,MENOPAUSA CONTROL PLUS 400PAST,1,0.33,0,21,
Farmacia Procaccini,950915102,AVIRACT ARTHRO COMPLEX 60CPR,1,0.33,0,55,1
Farmacia Procaccini,950919567,SOFFISOF AIR DRY PANTS L SUPER,1,0.33,0,32,2
Farmacia Procaccini,950939102,LEVIALIFE CREMA 75ML,1,0.33,0,5,3
Farmacia Procaccini,950940460,RESET INTESTINO SALUGEA 60CPS,1,0.33,0,26,6
Farmacia Procaccini,950945459,DEFENCE ANAGENIX K LOZ A/CAD,1,0.33,5,58,2
Farmacia Procaccini,950945598,IDRYADREN 300ML,1,0.33,0,100,1
Farmacia Procaccini,950951501,DEFENCE COLOR PW CORR DISCROM2,1,0.33,3,38,4
Farmacia Procaccini,950953721,GOOVI TINTED LIP 02 SPICY MOCH,1,0.33,5,0,1
Farmacia Procaccini,950972834,VITASOHN JUNIOR CHOCO P 90CONF,1,0.33,0,100,2
Farmacia Procaccini,950975856,MACULA START 30CPR RM,1,0.33,0,100,1
Farmacia Procaccini,950984878,ESI FERROLIN C 30NATURCAPS,1,0.33,0,64,
Farmacia Procaccini,950991923,GLIALIA SOSPENSIONE ORAL20BUST,1,0.33,0,100,
Farmacia Procaccini,951031867,POTASSIO COLLOIDAL PLUS 100ML,1,0.33,0,14,4
Farmacia Procaccini,951043494,HYALU B5 CREMA RICARICA 50ML,1,0.33,3,61,3
Farmacia Procaccini,951047341,PSIPROTO MAMMA 40CPR GASTRORES,1,0.33,0,100,2
Farmacia Procaccini,951049117,MIAMO ENZYME P O2 MASQ 45ML,1,0.33,5,0,6
Farmacia Procaccini,951049194,MIAMO SUPR ANTIF EYE CR 15ML,1,0.33,17,2,6
Farmacia Procaccini,951050653,SAUGELLA UNDER THE SKIN BUNDLE,1,0.33,7,0,1
Farmacia Procaccini,951050778,PREVIFLAN PLUS HT 60CPR,1,0.33,0,1,1
Farmacia Procaccini,951059789,GOODERE LIBEEDO4HIM 60CPR,1,0.33,0,32,5
Farmacia Procaccini,951060399,ELEVE NIKI FITO COLEST FREE,1,0.33,0,10,1
Farmacia Procaccini,951062951,VINOPURE STARTER KIT,1,0.33,1,0,1
Farmacia Procaccini,951086432,LIBICARE MENO 60CPS,1,0.33,0,100,3
Farmacia Procaccini,951090339,DASUQUIN S/M CANI <25KG 80CPR,1,0.33,0,6,5
Farmacia Procaccini,951091875,EUCERIN DC DET PURIF 400ML,1,0.33,0,100,
Farmacia Procaccini,951095381,PROLAC PROST 30CPR,1,0.33,0,53,1
Farmacia Procaccini,951097272,ALOPECY 100ML NF,1,0.33,0,6,3
Farmacia Procaccini,951098870,BIOCLIN DEO 24H VAPO S/P NF,1,0.33,0,61,3
Farmacia Procaccini,951098957,DENSITIUM CREME+DENSITIUM YEUX,1,0.33,2,0,3
Farmacia Procaccini,951105752,BROMOGEN 1000 20STICK PACK,1,0.33,0,100,1
Farmacia Procaccini,951123607,OLIO RICINO PURO 200ML,1,0.33,0,6,2
Farmacia Procaccini,951123633,CALCIO PURO POLVERE SOL 150G,1,0.33,0,11,2
Farmacia Procaccini,951127137,CICABIO LIP REPAIR 10ML,1,0.33,12,3,4
Farmacia Procaccini,951128154,ERACISTAL BIOTIC 5BUST,1,0.33,0,100,1
Farmacia Procaccini,951134915,COLLAGEN SUPERDOSE JOINT 300ML,1,0.33,0,22,2
Farmacia Procaccini,951144637,SULFONASE FORTE 20BUST,1,0.33,0,100,1
Farmacia Procaccini,951150022,DIKIROGEN ZERO 30CPR,1,0.33,0,100,2
Farmacia Procaccini,951153749,CH GIOCO 2IN1 CUBO INCASTRA,1,0.33,0,3,3
Farmacia Procaccini,951154285,CAPELLO SANO ANTICAD D 120PAST,1,0.33,0,16,
Farmacia Procaccini,951161710,DIURICELL STICK FRUT BOSCO20BU,1,0.33,0,12,1
Farmacia Procaccini,951170149,OLIO IPERICO BIO 100ML,1,0.33,0,21,1
Farmacia Procaccini,951186206,GESTDAY 30SOFTGEL,1,0.33,0,40,
Farmacia Procaccini,951193212,ALTIAL GEL OFTALMICO LUBRIF,1,0.33,0,56,2
Farmacia Procaccini,951210703,SAUBER DEOCARE CREMA 35ML,1,0.33,0,100,1
Farmacia Procaccini,951211743,CARDIOSTAX 60CPR,1,0.33,0,15,1
Farmacia Procaccini,951215413,AVENE SOL ULTRA FLUID OIL CONT,1,0.33,2,16,5
Farmacia Procaccini,951223686,ASTAXANTINA 120PAST HEMATOCOCC,1,0.33,0,65,
Farmacia Procaccini,951223700,BIOKAP ANTICADUTA LOZIONE RINF,1,0.33,0,17,
Farmacia Procaccini,951224322,MERIDOL COLLUTORIO PROT GENG,1,0.33,3,100,
Farmacia Procaccini,951231998,DOLINPEA 30CPR RIVESTITE,1,0.33,0,16,
Farmacia Procaccini,951246851,GLICINOX 20BUST,1,0.33,0,100,1
Farmacia Procaccini,951246901,UTIVAL 28BUST,1,0.33,0,100,4
Farmacia Procaccini,951272564,SALI DI ISCHIA PROF FICO SELV,1,0.33,0,7,2
Farmacia Procaccini,951272626,SALI DI ISCHIA PROF TERRAZZE A,1,0.33,0,4,5
Farmacia Procaccini,951272640,SALI DI ISCHIA PROF ZAGARA AMB,1,0.33,0,3,1
Farmacia Procaccini,951272968,AVENE GOMMAGE DELICATO VIS50ML,1,0.33,1,100,5
Farmacia Procaccini,951305109,VINOSUN CREMA ALT PROT SPF50+,1,0.33,5,0,
Farmacia Procaccini,951313030,MINERALVIS 150PAST,1,0.33,0,13,1
Farmacia Procaccini,951318219,"TWINS SILVER TRIPLE RO BL+3,00",1,0.33,0,47,1
Farmacia Procaccini,951330493,BROMELINA OTI COMPLEX 180CPS,1,0.33,0,88,3
Farmacia Procaccini,951330962,MUSTELA LATTE DOPOSOLE 100ML,1,0.33,0,46,2
Farmacia Procaccini,951331471,RILASTIL DIFESA CREMA DET200ML,1,0.33,1,0,2
Farmacia Procaccini,951336142,SALIREID 12BUST 7G,1,0.33,0,53,4
Farmacia Procaccini,951336193,LACTOFLORENE BIMBI 12FL,1,0.33,20,100,2
Farmacia Procaccini,951336989,DREAGIN FAG OVULI 12PZ,1,0.33,0,63,5
Farmacia Procaccini,951339225,THE PROTEIN DEAL WHEY BROWNIE,1,0.33,0,4,1
Farmacia Procaccini,951339237,THE PROTEIN DEAL WHEY WHITE,1,0.33,0,3,4
Farmacia Procaccini,951340619,FISSAN LA PASTA DEL 100G NF,1,0.33,10,0,3
Farmacia Procaccini,951343831,MAVOSTEN 120CPR,1,0.33,0,20,3
Farmacia Procaccini,951343856,NERADIN 112CPS,1,0.33,0,29,
Farmacia Procaccini,951358353,DORSOLOMBOTECH CORSETTO TG 4,1,0.33,0,1,3
Farmacia Procaccini,951358439,RILASTIL SKIN-BOOST 90CPS,1,0.33,6,0,
Farmacia Procaccini,951364278,EUPHIDRA AMIDOMIO GEL DET DEL,1,0.33,1,0,1
Farmacia Procaccini,951365055,ANTHELIOS UVAIR SPF50+TT LIGHT,1,0.33,2,82,1
Farmacia Procaccini,951365131,ANTHELIOS UVMUNE OIL  SPF50+,1,0.33,0,100,
Farmacia Procaccini,951365143,ANTHELIOS UVSPORT STICK 8G,1,0.33,0,0,
Farmacia Procaccini,951365600,APAXIL SUDOR CONTROL MANI/PIED,1,0.33,0,100,1
Farmacia Procaccini,951372150,ALONTAN ADVANCE SPRAY 75ML,1,0.33,0,38,3
Farmacia Procaccini,951375613,LIPALT PLUS 20CPR,1,0.33,0,100,
Farmacia Procaccini,951375880,M-AID CEROTTO NAS 56X17MM 30PZ,1,0.33,0,53,5
Farmacia Procaccini,951381490,CERAVE STICK SOLARE SPF50+ 8G,1,0.33,1,59,5
Farmacia Procaccini,951383797,PRINCIPIUM MAGNESIO CB50+ 32BU,1,0.33,0,100,3
Farmacia Procaccini,951388848,FLORENTERO COMPLEX SOSP 60ML,1,0.33,0,100,4
Farmacia Procaccini,951455132,MAGNEVIS 400PAST,1,0.33,0,7,3
Farmacia Procaccini,951456464,MELA B3 SIERO 50ML,1,0.33,0,97,3
Farmacia Procaccini,951468141,STABILE 30STICK OROSOLUBILI,1,0.33,0,2,
Farmacia Procaccini,951484296,GIN BOTANICALS SPRAY CRP SETIF,1,0.33,5,0,7
Farmacia Procaccini,951484308,BELLA DI NOTTE BAGNOSCHIUMA,1,0.33,1,0,6
Farmacia Procaccini,951484486,GIN BOTANICALS LOZIONE DEOD,1,0.33,4,0,10
Farmacia Procaccini,951484738,NUXE HYALU BOOST KIT SIERO+CR,1,0.33,7,0,3
Farmacia Procaccini,951484928,ICTYANE CREMA EMOL 400ML PS,1,0.33,2,0,1
Farmacia Procaccini,951485580,PODOVEN SUPRA CREMA 100ML,1,0.33,0,100,2
Farmacia Procaccini,951498726,SWING LEGGINGS MASSAG BLACK 4,1,0.33,0,1,1
Farmacia Procaccini,951501408,ADCMYFOLIC 30CPR,1,0.33,0,91,1
Farmacia Procaccini,951506043,STOMEK SOSPENSIONE 30STICK,1,0.33,0,38,1
Farmacia Procaccini,951551340,ERALIPID 30CPS,1,0.33,0,60,3
Farmacia Procaccini,951553003,PHYSIOMER SPRAY NAS GETTO NORM,1,0.33,4,100,
Farmacia Procaccini,951557750,DR THEISS MAXI MAG MAGN 20BUST,1,0.33,0,15,
Farmacia Procaccini,951565682,CORNEANORM GOCCE OCULARI 10ML,1,0.33,0,25,1
Farmacia Procaccini,951571684,DERCOS TECHNIQUE SH ENERG REF,1,0.33,0,100,5
Farmacia Procaccini,951604685,SEBIUM GEL MOUSSANT ACTIF400ML,1,0.33,16,0,1
Farmacia Procaccini,951615261,REUMADEP 45CPS,1,0.33,0,43,4
Farmacia Procaccini,951618139,LAMUSELAB LENISKIN TON LENIT,1,0.33,1,9,1
Farmacia Procaccini,951677626,PHYSIOMANCE BROMELAINE 60CPS,1,0.33,0,64,1
Farmacia Procaccini,951840596,NOVOCOL 60CPS BLISTER,1,0.33,0,22,
Farmacia Procaccini,951852944,SABAL ARGEAL SH QUOT 200ML OS,1,0.33,0,0,
Farmacia Procaccini,951862871,BIOCLIN DEO 24H ROLL-ON NF PRO,1,0.33,7,0,1
Farmacia Procaccini,951862907,BIOCLIN DEO 24H VAPO SP NF PRO,1,0.33,8,0,1
Farmacia Procaccini,951862945,BIOCLIN DEO CONTR VAPO NF PRO,1,0.33,52,0,2
Farmacia Procaccini,951863024,HORMONIZE 60CPS,1,0.33,0,8,3
Farmacia Procaccini,951864697,PRONTEX XTHERM TERMO DIGITALE,1,0.33,0,8,1
Farmacia Procaccini,951865652,ASPARTICUS POLVERE SOLUBIL360G,1,0.33,0,24,4
Farmacia Procaccini,951866375,DRENLIFE LINFODREN SUMM30STICK,1,0.33,0,7,6
Farmacia Procaccini,951866387,DRENLIFE SLIM SUMMER ED30STICK,1,0.33,0,1,
Farmacia Procaccini,951867643,OCRYL LAVAGGIO OCULARE 135ML,1,0.33,0,44,3
Farmacia Procaccini,951868595,BROMIPOD ULTRA CREMA 100ML,1,0.33,0,100,2
Farmacia Procaccini,951869270,LOMBOGIB WORK H21 TG01,1,0.33,0,0,
Farmacia Procaccini,951869698,LACTORELAX TABS CHEW 18CPR APP,1,0.33,0,23,1
Farmacia Procaccini,951874369,CH GIOCO BAMBOLA MY DOUDOU FIO,1,0.33,0,6,1
Farmacia Procaccini,951880297,MIAMO SKIN DEFENSE 30 STICK,1,0.33,17,0,7
Farmacia Procaccini,951881628,BEPANTHENOL SENSIDERM CREMA20G,1,0.33,0,100,
Farmacia Procaccini,951884269,KLORANE SHAMPOO CHIN CRES200ML,1,0.33,0,26,4
Farmacia Procaccini,951884283,KLORANE SIERO CHININ CRES100ML,1,0.33,0,16,4
Farmacia Procaccini,951885538,BWB ONE BEAR A DAY IMMUNE60CAR,1,0.33,3,54,2
Farmacia Procaccini,951885540,BWB REST&DIGEST GUT FLOW60CARA,1,0.33,2,18,1
Farmacia Procaccini,951885639,GOMEGA FOR CATS 65ML,1,0.33,0,15,1
Farmacia Procaccini,951989932,TDV ACQUA PROFUMATA 100ML,1,0.33,5,0,
Farmacia Procaccini,951990009,MANUGIB 3D TUTORE POLS DX TG02,1,0.33,0,0,
Farmacia Procaccini,951990377,AVENE HYDRANCE CR LEGG PS 26,1,0.33,1,0,5
Farmacia Procaccini,951991177,KLORANE BALS CHIN CRES200ML PL,1,0.33,4,0,4
Farmacia Procaccini,951991607,ANANAS BROMELINA 5000 30CPR,1,0.33,0,100,5
Farmacia Procaccini,951992142,VERSET VALERIA 50ML 25,1,0.33,0,58,
Farmacia Procaccini,951992193,H PYLORI/IHP-602H RAPID TEST,1,0.33,0,6,1
Farmacia Procaccini,952003085,VIVIVEN TRAUMI GEL LENITIVO,1,0.33,0,69,1
Farmacia Procaccini,952044042,ZREEN BROMELINA 500 90CPS GAST,1,0.33,0,17,3
Farmacia Procaccini,952044170,DENSITIUM BI SERUM RICARICABIL,1,0.33,4,20,2
Farmacia Procaccini,952044182,DENSITIUM BI SERUM REFILL 30ML,1,0.33,6,0,1
Farmacia Procaccini,952044232,DENSITIUM CREME SPF30 RECHARG,1,0.33,5,14,2
Farmacia Procaccini,952049359,ARTERION K2ME 30CPS,1,0.33,0,100,
Farmacia Procaccini,952050603,CALENDULA POMATA 100ML,1,0.33,0,3,2
Farmacia Procaccini,952050641,PEA COMPLEX 1200 20STICK,1,0.33,0,64,3
Farmacia Procaccini,952051896,ORG PH CREMA VISO A/AGE 50ML,1,0.33,0,4,1
Farmacia Procaccini,952052114,NOVA ENTERO 4MILIARDI 10FL,1,0.33,0,44,4
Farmacia Procaccini,952055919,MYCOLLAGENLAB MYCOL HYALO ACT,1,0.33,0,5,4
Farmacia Procaccini,952056188,NIDINACARE FLORA-PRO 5ML,1,0.33,0,11,
Farmacia Procaccini,952056455,MONURELLE CBD 10OV,1,0.33,3,45,5
Farmacia Procaccini,952058360,VEA OS GEL OLEOSO CAVO ORALE,1,0.33,2,72,3
Farmacia Procaccini,952093298,MIAMO SOFT BODY BALM 200ML,1,0.33,3,0,4
Farmacia Procaccini,952098756,EUCERIN ANTI-PIGMENT CREMA CRP,1,0.33,0,100,
Farmacia Procaccini,952099265,EUPHIDRA BB CREMA COLOR AMBRA,1,0.33,3,2,1
Farmacia Procaccini,952099277,EUPHIDRA BB CREMA COLOR BEIGE,1,0.33,4,0,1
Farmacia Procaccini,952099430,EUPHIDRA CORRETTORE FLUIDO NEU,1,0.33,4,0,1
Farmacia Procaccini,952099505,EUPHIDRA EYE LINER PENNAR MAR,1,0.33,4,0,1
Farmacia Procaccini,952099517,EUPHIDRA EYE LINER PENNAR NERO,1,0.33,2,0,1
Farmacia Procaccini,952099568,EUPHIDRA FONDOTINTA VELL NUDE,1,0.33,4,0,1
Farmacia Procaccini,952099618,EUPHIDRA GLOSS VOL BRIL PERLA,1,0.33,3,0,1
Farmacia Procaccini,952099669,EUPHIDRA MASCARA NERO ALLUN&IN,1,0.33,3,0,1
Farmacia Procaccini,952099695,EUPHIDRA MASCARA NERO VOL STR,1,0.33,2,0,1
Farmacia Procaccini,952099784,EUPHIDRA MATITA OCCHI WP NE,1,0.33,6,0,1
Farmacia Procaccini,952099846,EUPHIDRA OMBRETTO CREMA AMAREN,1,0.33,4,0,2
Farmacia Procaccini,952099859,EUPHIDRA OMBRETTO CREMA BLU,1,0.33,3,0,2
Farmacia Procaccini,952099885,EUPHIDRA OMBRETTO CREMA DUNA,1,0.33,2,0,2
Farmacia Procaccini,952099986,EUPHIDRA PALETTE VISO ARM SOL,1,0.33,4,0,1
Farmacia Procaccini,952100042,EUPHIDRA PRIMER OCCHI&LABBRA,1,0.33,4,0,1
Farmacia Procaccini,952100093,EUPHIDRA ROSSETTO LUM COUTURE,1,0.33,3,0,1
Farmacia Procaccini,952100105,EUPHIDRA ROSSETTO LUM NUDO RAD,1,0.33,3,0,1
Farmacia Procaccini,952100131,EUPHIDRA ROSSETTO LUM SCARLAT,1,0.33,4,0,1
Farmacia Procaccini,952100218,EUPHIDRA TERRA ILLUMINANTE NAT,1,0.33,2,0,1
Farmacia Procaccini,952100244,EUPHIDRA VELO CIPRIA IMPALPAB,1,0.33,2,0,1
Farmacia Procaccini,952110272,BIONIKE SHINE ON NC BALS RISTR,1,0.33,3,100,
Farmacia Procaccini,952114282,AUTOFAGIA SALUGEA 60CPS,1,0.33,0,37,
Farmacia Procaccini,952120018,ORALB IO2 SPIDERMAN TRAVEL,1,0.33,2,68,2
Farmacia Procaccini,952121642,FOOTCARE CER VESCICHE MIX 6PZ,1,0.33,0,7,1
Farmacia Procaccini,952125920,GLIALIA 700MG+70MG 30BUST,1,0.33,0,100,
Farmacia Procaccini,952126098,ENERPLUS PAPPA REAL1000 10STK,1,0.33,0,1,2
Farmacia Procaccini,952131047,ATERONORM PLUS 30CPR,1,0.33,0,12,3
Farmacia Procaccini,952132456,LIDACT SALVIETTE OFT MON 20PZ,1,0.33,0,100,2
Farmacia Procaccini,964283016,SECURDRAIN VIA CATET 25MM+ST30,1,0.33,0,3,1
Farmacia Procaccini,970139768,BARINUTRICS CALCIO AR/LIM90CPR,1,0.33,0,19,3
Farmacia Procaccini,970150227,LINES SPEC LADY MAXI 12PZ,1,0.33,0,100,
Farmacia Procaccini,970207698,MANGIVIS PROST 30CPS,1,0.33,0,7,1
Farmacia Procaccini,970283964,PROVISION PIERPAOLI 60CPR,1,0.33,0,100,
Farmacia Procaccini,970330270,TIOMIX DETERGENTE 250ML,1,0.33,0,52,1
Farmacia Procaccini,970336400,SUNNERSKIN 40ML,1,0.33,0,27,1
Farmacia Procaccini,970338265,OSSEAN LATTE DETERGENTE 200ML,1,0.33,0,8,3
Farmacia Procaccini,970430070,ETAS CORPO 200ML,1,0.33,0,16,3
Farmacia Procaccini,970441743,BIODERM PASTA BARRIERA ZN300ML,1,0.33,0,100,1
Farmacia Procaccini,970452049,VITAMINA D 2000 UI 168CPR MAST,1,0.33,0,100,
Farmacia Procaccini,970495685,MUNITPLUS 90CPS,1,0.33,0,0,
Farmacia Procaccini,970517518,FORDENT SUPERFIX CREMA AD 40ML,1,0.33,0,40,2
Farmacia Procaccini,970523991,FIENO GRECO ESTR INTEGR 200ML,1,0.33,0,13,3
Farmacia Procaccini,970540896,VITA ACT MULTIVITAM 50+ 30CPR,1,0.33,0,100,
Farmacia Procaccini,970540910,ORTICA ESTRATTO INTEGRALE200ML,1,0.33,0,21,3
Farmacia Procaccini,970575837,MEDI 18 COLL P AP NAT 4 1405PA,1,0.33,0,9,5
Farmacia Procaccini,970589545,SIG CO2 AD XLN PA NATU,1,0.33,0,1,1
Farmacia Procaccini,970605212,SIG CO1 AT + SL PA NATU,1,0.33,0,1,1
Farmacia Procaccini,970655092,SIG 701 AG-MOSX + ML PA CRIS,1,0.33,0,1,1
Farmacia Procaccini,970708119,FITOSTILL PLUS GTT OCUL 10F MO,1,0.33,0,31,4
Farmacia Procaccini,970722334,ONYCOPHASE SOL UNGUEALE15+15ML,1,0.33,0,100,1
Farmacia Procaccini,970796468,APEXIN COMPRESSE,1,0.33,0,100,3
Farmacia Procaccini,970800254,TRIPLE LIPID RESTORE 2 4 2,1,0.33,4,0,4
Farmacia Procaccini,970929648,SALI DI ISCHIA BODYQUE CORAL V,1,0.33,0,100,2
Farmacia Procaccini,970930626,SIG HLW AD MN PC DUNE,1,0.33,0,3,1
Farmacia Procaccini,970932012,SIG HLM AD LL PC MARI,1,0.33,0,0,
Farmacia Procaccini,970932036,SIG HLM AD XLL PC MARI,1,0.33,0,1,1
Farmacia Procaccini,970975963,MEDI KL1 PLUS/COLL-CA CO 4 110,1,0.33,0,1,2
Farmacia Procaccini,971010653,BIO ESSENZE ALLUME POTASSIO SP,1,0.33,0,15,
Farmacia Procaccini,971047826,HAIRGEN SPRAY ANTICADUTA 125ML,1,0.33,0,40,3
Farmacia Procaccini,971057880,FARINA QUINOA BIO 375G,1,0.33,0,5,1
Farmacia Procaccini,971058060,QUINOA MIX BIO 400G,1,0.33,0,16,1
Farmacia Procaccini,971083098,"DONEGAL PLUS 30BUST 3,5G",1,0.33,0,100,5
Farmacia Procaccini,971089192,GYNOCANESBALANCE GEL VAG 7FL,1,0.33,0,100,
Farmacia Procaccini,971104993,ORG PH HYDRATE SHAMPOO 250ML,1,0.33,0,17,1
Farmacia Procaccini,971120290,ELICRISO ESTRATTO INTEGR 200ML,1,0.33,0,7,2
Farmacia Procaccini,971120326,ROSMARINO ESTRATTO INTEGR200ML,1,0.33,0,2,1
Farmacia Procaccini,971130024,MEDI 18 GAMB P.AP SAB 2 2804PA,1,0.33,0,4,3
Farmacia Procaccini,971130036,MEDI 18 GAMB P.AP SAB 3 2804PA,1,0.33,0,0,
Farmacia Procaccini,971130087,MEDI 14 AUTOR PA SAB 3 7004PA/,1,0.33,0,1,2
Farmacia Procaccini,971130265,MEDI 14 GAMBALETTO SAB 1 2204,1,0.33,0,1,1
Farmacia Procaccini,971130582,MEDI 18 COLL-CAL SAB 3 1404CA,1,0.33,0,1,1
Farmacia Procaccini,971169949,SAUBER COL 140 LIS NE T1,1,0.33,2,12,3
Farmacia Procaccini,971170004,SAUBER COL 140 LIS N BG T1,1,0.33,0,13,2
Farmacia Procaccini,971173455,FITOSTIMOLINE SPRAY 75ML,1,0.33,8,100,3
Farmacia Procaccini,971179698,TEA TREE OLIO ESSENZIALE 30ML,1,0.33,0,5,1
Farmacia Procaccini,971192834,VERGA D'ORO ESTR INTEGR 200ML,1,0.33,0,12,1
Farmacia Procaccini,971192859,TIGLIO ESTRATTO INTEGRALE200ML,1,0.33,0,7,4
Farmacia Procaccini,971216686,NATUR-SIL 60CPS VEGETALI,1,0.33,0,100,1
Farmacia Procaccini,971217500,BIATAIN SIL ADES SACRO 15X19CM,1,0.33,0,15,5
Farmacia Procaccini,971260308,CLEARBLUE RILEVAZIONE PRECOCE,1,0.33,2,100,
Farmacia Procaccini,971299906,PERIO AID INTENSIVE CARE 150ML,1,0.33,0,100,3
Farmacia Procaccini,971299944,PERIO AID INTENSIVE CARE GEL,1,0.33,0,100,
Farmacia Procaccini,971323769,CRACKERS CECI BIO LEGUMICAKES,1,0.33,0,2,1
Farmacia Procaccini,971371000,TECNOPED CARBOPELLE PLANTARE37,1,0.33,0,1,1
Farmacia Procaccini,971377193,CORSETTO PLURIVAL 20CM XL,1,0.33,0,1,1
Farmacia Procaccini,971377561,DUREX NATURAL GEL 100ML MSL,1,0.33,5,32,5
Farmacia Procaccini,971393917,B-VITAL TOTALE 30CPR RIVESTITE,1,0.33,0,100,
Farmacia Procaccini,971398476,"TWINS SILVER DOUBLE +3,50",1,0.33,0,0,
Farmacia Procaccini,971483526,ANTHELIOS GELCREMA S/PROF 50+,1,0.33,1,66,
Farmacia Procaccini,971485370,QUINOA SOFFIATA 125G,1,0.33,0,16,1
Farmacia Procaccini,971528195,BLUYAL 10ML,1,0.33,0,100,
Farmacia Procaccini,971551181,PRESSOR CUSCINETTO OMBELICALE,1,0.33,0,0,
Farmacia Procaccini,971552068,DEGIN LAVANDA VAGINALE 4FL,1,0.33,0,100,1
Farmacia Procaccini,971664533,STREP A ANTIGEN HOME TEST 2PZ,1,0.33,0,100,4
Farmacia Procaccini,971678483,JUNIPERUS C GETTI MG 60ML,1,0.33,0,5,2
Farmacia Procaccini,971731169,CASTANEA VESCA GEMME MG 30ML,1,0.33,0,3,3
Farmacia Procaccini,971731233,FICUS CARICA GEMME MG 30ML,1,0.33,0,5,2
Farmacia Procaccini,971926528,RESTOMYL DENT&SPAZZ EXTRASOFT,1,0.33,0,100,
Farmacia Procaccini,971934397,PREVIFLOREX GOCCE 20ML,1,0.33,0,100,2
Farmacia Procaccini,971953029,NUTRIFREE FETTE BISC 225G,1,0.33,0,67,
Farmacia Procaccini,971967854,LITOPSOR 20ML,1,0.33,0,100,3
Farmacia Procaccini,971968110,DEODORANTE MINERAL ROLL-ON50ML,1,0.33,6,27,3
Farmacia Procaccini,971979164,SAUBER AREG OPTOE 140 LIS NEU2,1,0.33,5,17,1
Farmacia Procaccini,971980723,MEDIPRESTERIL CUSC CA/FR 11X11,1,0.33,0,9,
Farmacia Procaccini,971991878,JALUSHAVE 100ML,1,0.33,0,66,3
Farmacia Procaccini,972147920,ALUS O&L SAPONE LIQ ALEPPO 40%,1,0.33,0,3,4
Farmacia Procaccini,972260590,EMORSAN RAG 2 TUBI 30+30ML,1,0.33,0,100,3
Farmacia Procaccini,972260614,RIGEAVIT 30CPR,1,0.33,0,76,4
Farmacia Procaccini,972276188,CLOG EVO TPR UNISEX BLUE 44-45,1,0.33,0,17,2
Farmacia Procaccini,972295620,SALI DI ISCHIA OLIO ARNICA,1,0.33,0,6,2
Farmacia Procaccini,972320687,DELIKA ACQUA MICELLARE 100ML,1,0.33,0,5,3
Farmacia Procaccini,972320954,SALI DI ISCHIA CR MASS CELLUL,1,0.33,0,11,1
Farmacia Procaccini,972320966,SALI DI ISCHIA CR MASS PAN/FIA,1,0.33,0,13,1
Farmacia Procaccini,972353965,ALGIOMEGA 3 120PRL,1,0.33,0,14,5
Farmacia Procaccini,972354625,RHIZOMED SOFT IMMOB PRI DITO 1,1,0.33,0,2,1
Farmacia Procaccini,972380909,BAGNOSCHIUMA ULTRADELICATO,1,0.33,0,0,
Farmacia Procaccini,972382509,VITAMONO EF LIPOGEL 50ML,1,0.33,0,100,
Farmacia Procaccini,972468197,TOTAL NEEM PROTECTION SPRAY MU,1,0.33,0,39,
Farmacia Procaccini,972472373,AVENE CLEANANCE HYDRA CREMA,1,0.33,2,100,
Farmacia Procaccini,972472854,DUALCOL FERMENTI 10CPS,1,0.33,0,16,
Farmacia Procaccini,972515314,PROBIOTIC P-450 12STICK MONOD,1,0.33,0,8,2
Farmacia Procaccini,972522674,ELASTOVEN 20BUST,1,0.33,0,100,
Farmacia Procaccini,972532232,CERAMOL FLUIDO BETA COMPLEX,1,0.33,0,100,
Farmacia Procaccini,972592428,HEMA PLEX 60CPS,1,0.33,0,12,1
Farmacia Procaccini,972592962,PILORYAL 20ORAL STICK 15ML,1,0.33,0,100,
Farmacia Procaccini,972594182,PIC MISUR PRES MOBILERAPID,1,0.33,0,20,3
Farmacia Procaccini,972659623,CISTIVIS-T 80 PASTIGLIE,1,0.33,0,19,
Farmacia Procaccini,972775922,SALOVUM 6BUST 4G,1,0.33,0,6,1
Farmacia Procaccini,973191582,DERMABLEND FLUIDO 30 30ML,1,0.33,1,25,1
Farmacia Procaccini,973261581,OSTEOPAUSA 40CPR,1,0.33,0,1,
Farmacia Procaccini,973270743,WELLION GALILEO STRIPS 10 KETO,1,0.33,0,3,3
Farmacia Procaccini,973273485,DEPILZERO CREMA VISO 50ML,1,0.33,0,11,2
Farmacia Procaccini,973291925,OSTEORAL 30CPS MOLLI,1,0.33,0,100,5
Farmacia Procaccini,973292954,ACNAID CE SAPONE LIQUIDO 300ML,1,0.33,0,78,2
Farmacia Procaccini,973292978,BIONIKE DEFENCE HAIR SH A/F GR,1,0.33,1,0,1
Farmacia Procaccini,973293145,FIXOMULL STRETCH M10X10CM,1,0.33,0,100,1
Farmacia Procaccini,973293158,FIXOMULL STRETCH M5X5CM,1,0.33,0,100,4
Farmacia Procaccini,973338914,ANAFLOS FORTE 20CPR,1,0.33,0,100,1
Farmacia Procaccini,973339118,ACTIVE MEMORY SOLETTA 45 1PA,1,0.33,0,4,1
Farmacia Procaccini,973345364,PURES CR FRESC CIRC 100ML,1,0.33,0,33,
Farmacia Procaccini,973351947,ZINCOSEB SPRAY 200ML,1,0.33,0,0,
Farmacia Procaccini,973472691,DEROXEN PET LINE OTO 75ML,1,0.33,0,2,4
Farmacia Procaccini,973500729,SOMAT SKIN EX SNEL 7NTT G400ML,1,0.33,0,42,4
Farmacia Procaccini,973622362,EOS SKIN RESOLVE CR P REATT SE,1,0.33,0,18,4
Farmacia Procaccini,973623871,FORTIF4 12CPS,1,0.33,0,61,
Farmacia Procaccini,973648886,LENET MICO 400ML,1,0.33,0,100,5
Farmacia Procaccini,973652151,CISTOPIU' 30CPR,1,0.33,0,100,5
Farmacia Procaccini,973652201,NEFROPIU' 60CPR,1,0.33,0,72,5
Farmacia Procaccini,973655424,TRIBULUS ESTRATTO TIT 80PAST,1,0.33,0,7,5
Farmacia Procaccini,973719723,NUTRIAGE DAY 50ML,1,0.33,0,28,3
Farmacia Procaccini,973726490,CRUSCASOHN 20BUST,1,0.33,0,100,3
Farmacia Procaccini,973877374,ATOMIX VAS KIT IG VIE AEREE SU,1,0.33,0,7,1
Farmacia Procaccini,973881980,EMOLLIENCE 60ML,1,0.33,3,0,1
Farmacia Procaccini,973916517,BIOSCALIN SPRAY CAP PROT SOLE,1,0.33,1,19,
Farmacia Procaccini,973916909,ARNICA BIANCARDI GEL EXF 200ML,1,0.33,0,30,1
Farmacia Procaccini,973921606,SCUDOTEX COLLANT 140 EX SKIN 3,1,0.33,0,4,1
Farmacia Procaccini,973924119,NOVOPROX 30CPS,1,0.33,0,100,3
Farmacia Procaccini,973953944,PROSTAMOL 60CPS MOLLI,1,0.33,6,100,
Farmacia Procaccini,973998661,DIFLOMIL 10FL 9ML,1,0.33,0,100,1
Farmacia Procaccini,974004537,FRESUBIN 5KCAL SHOT NEUTRAL,1,0.33,0,38,4
Farmacia Procaccini,974010516,SONOTIX DETERGENTE AURIC 120ML,1,0.33,0,69,3
Farmacia Procaccini,974021418,PROSTYM 30CPS,1,0.33,0,100,
Farmacia Procaccini,974035495,EPITACT GINOCCHIERA ROTULEA 2,1,0.33,0,5,1
Farmacia Procaccini,974035988,VITAMINA E400 BOTANICAL 60PRL,1,0.33,0,5,1
Farmacia Procaccini,974036713,PUFATECH 100PRL,1,0.33,0,11,
Farmacia Procaccini,974044099,BROMELINA Q MONDO NATURA 30CPR,1,0.33,0,100,4
Farmacia Procaccini,974047654,SAUBER COL OPTOE 140 MICR NE 2,1,0.33,2,28,2
Farmacia Procaccini,974047971,SAUBER GAMB OPTOE 140 MIC NE 3,1,0.33,1,12,1
Farmacia Procaccini,974059584,LINES CLAS RETT C/BARRI 30PZ,1,0.33,0,100,1
Farmacia Procaccini,974081958,SCUDOTEX GAMB 140 EXTRA SKIN 4,1,0.33,0,3,1
Farmacia Procaccini,974088852,EKEEP K1 POSTURE KEEPER D BI 4,1,0.33,0,3,1
Farmacia Procaccini,974109213,CERAVE CREMA MANI 50ML,1,0.33,1,25,1
Farmacia Procaccini,974361937,CLOG EVO MEM CUS UNI TAU 42-43,1,0.33,0,2,
Farmacia Procaccini,974373476,ASABIONIC DET DEPURATIVO 125ML,1,0.33,0,100,5
Farmacia Procaccini,974380394,REV DERMOGEL 250ML,1,0.33,0,85,
Farmacia Procaccini,974388516,BRAVA CEROTTO IDROCOL XL 20PZ,1,0.33,0,54,
Farmacia Procaccini,974389785,SCUDOTEX GAMB 70 OPEN SKIN 3,1,0.33,0,2,1
Farmacia Procaccini,974389847,SCUDOTEX COLLANT 140 OPEN SKI3,1,0.33,0,2,1
Farmacia Procaccini,974425872,RUTINA 60TAV,1,0.33,0,8,4
Farmacia Procaccini,974641906,SEBIUM MAT CONTROL 30ML,1,0.33,0,18,1
Farmacia Procaccini,974645689,"REBILFAST 20BUST 7,5G",1,0.33,0,10,3
Farmacia Procaccini,974656480,PARODONTAX CP COOL MINT 75ML,1,0.33,10,100,5
Farmacia Procaccini,974890384,COMPENSA Q DIET POLVERE 1000G,1,0.33,0,8,4
Farmacia Procaccini,974890651,GARZA MEDS FARMACTIVE ST 10X40,1,0.33,0,3,1
Farmacia Procaccini,974895702,ERAFER+++ 30BUST,1,0.33,0,62,1
Farmacia Procaccini,974897377,DOLONERV 30CPR,1,0.33,0,100,2
Farmacia Procaccini,974966715,CH UMIDIF CALDO HUMI HOT ADV,1,0.33,0,35,2
Farmacia Procaccini,974986717,LEVITAS CUSCINO FCS S/FOD43X43,1,0.33,0,3,1
Farmacia Procaccini,974988329,DOAFER 30CPS,1,0.33,0,100,2
Farmacia Procaccini,975001494,OPPO GINOCCHIERA ELAST 2321 M,1,0.33,0,6,1
Farmacia Procaccini,975019151,BENDA DAUERBINDE K 12X700 1PZ,1,0.33,0,27,2
Farmacia Procaccini,975034796,TRUPULL LITE DESTRA XS,1,0.33,0,1,1
Farmacia Procaccini,975036260,PODAPRO XL,1,0.33,0,2,1
Farmacia Procaccini,975043973,ALCABASE 20BUST,1,0.33,0,12,
Farmacia Procaccini,975046614,PEFS CELL 60CPS VEG,1,0.33,0,15,5
Farmacia Procaccini,975083419,ACTIVE MEMORY SOLETTA BAMBOO36,1,0.33,0,5,2
Farmacia Procaccini,975083460,ACTIVE MEMORY SOLETTA BAMBOO40,1,0.33,0,6,2
Farmacia Procaccini,975083484,ACTIVE MEMORY SOLETTA BAMBOO42,1,0.33,0,3,1
Farmacia Procaccini,975189313,FLAVIS CAKE MIX 500G,1,0.33,0,73,5
Farmacia Procaccini,975190101,PIC VEDO FAMILY TERMO DIGITALE,1,0.33,4,100,
Farmacia Procaccini,975193071,ZEEP EMULSIONE RISTRUTT 50ML,1,0.33,0,17,1
Farmacia Procaccini,975201361,MULTIVITALEX 30CPR,1,0.33,0,100,1
Farmacia Procaccini,975201373,PROSTARID 30PRL,1,0.33,0,100,2
Farmacia Procaccini,975418409,MUSTELA STELATOPIA CREMA 40ML,1,0.33,1,16,1
Farmacia Procaccini,975427321,GIBAUD CLASSIC CINT POSTOP LE2,1,0.33,0,23,3
Farmacia Procaccini,975435241,AKNET AZELIKE PLUS 30ML,1,0.33,2,87,
Farmacia Procaccini,975454303,ERAVEN FORTE 30CPR,1,0.33,0,100,4
Farmacia Procaccini,975454986,CONNETTIVINASILVER PLUS SPRAY,1,0.33,2,100,
Farmacia Procaccini,975524176,MODERMA FLEX CH MIDI COLO15-55,1,0.33,0,2,2
Farmacia Procaccini,975596343,TEA TREE OE BIO 20ML,1,0.33,0,6,1
Farmacia Procaccini,975761521,BORO OLIMENTOVIS 200ML,1,0.33,0,24,2
Farmacia Procaccini,975817812,MEDI 15 UOMO G.COTO NER 6 1550,1,0.33,0,2,3
Farmacia Procaccini,975817964,MEDI 21 UOMO G.COTO MARI6 2130,1,0.33,0,1,2
Farmacia Procaccini,975877539,DELICAL CREME CARAMEL 4X125G,1,0.33,0,0,
Farmacia Procaccini,975877541,DELICAL CREME VANIGLIA 4X125G,1,0.33,0,0,
Farmacia Procaccini,975937715,VEMAG GASTRO 20STICK,1,0.33,0,22,5
Farmacia Procaccini,975973001,GIBAUD ORTHO ACT H35 CORS LS 4,1,0.33,0,5,5
Farmacia Procaccini,975975083,NORMAST MPS SOSPENSIONE 20BUST,1,0.33,0,100,4
Farmacia Procaccini,976014668,SYNOQUIN EFA M BREED 30CPR,1,0.33,0,68,1
Farmacia Procaccini,976100988,NEOSAME 20CPR,1,0.33,0,91,1
Farmacia Procaccini,976310882,W LIFE 60CPR,1,0.33,0,100,1
Farmacia Procaccini,976399788,SERENITY PANN MUT CLASS EX XL,1,0.33,0,100,2
Farmacia Procaccini,976966135,CITRONELLA BRACC PROT ZANZ 5PZ,1,0.33,15,0,1
Farmacia Procaccini,977021866,KLORANE OLIO RISTRUTT DOPOS,1,0.33,2,100,2
Farmacia Procaccini,977254200,COENZIMA Q10 FORTE 60CPS,1,0.33,0,100,1
Farmacia Procaccini,977347412,MOPEDIA RIALZO WC 10CM C/FERMI,1,0.33,0,5,1
Farmacia Procaccini,977367921,NUTRIVA DIUREVAL 15STICK PACK,1,0.33,0,9,1
Farmacia Procaccini,977404704,CURCUMA&PIPERINA PLUS RAI60CPS,1,0.33,0,5,1
Farmacia Procaccini,977544954,PHYSIOMANCE ENZYM'UP 60CPS,1,0.33,0,26,1
Farmacia Procaccini,977633458,ARTYONE 30CPS,1,0.33,0,100,
Farmacia Procaccini,977660909,HAIRGEN 30CPS SOFTGEL,1,0.33,0,100,4
Farmacia Procaccini,977667916,PEABROLIN DOL 60CPS,1,0.33,0,9,1
Farmacia Procaccini,977695218,GLORIA162EVO AD BE MX SC,1,0.33,0,3,1
Farmacia Procaccini,977695271,GLORIA162EVO AD BE ML,1,0.33,0,12,2
Farmacia Procaccini,977699964,LINES SP MATERNITY M 12PZ,1,0.33,0,100,
Farmacia Procaccini,977701034,AESCULUS HIPP BOIRON MG 60ML,1,0.33,0,15,2
Farmacia Procaccini,977709979,PINUS MONTANA BOIRON MG 60ML,1,0.33,0,11,3
Farmacia Procaccini,978103671,PEYFLOG 120CPS,1,0.33,0,36,4
Farmacia Procaccini,978275333,SEBIUM NIGHT PEEL 40ML,1,0.33,2,0,1
Farmacia Procaccini,978306393,PODALUX SCARPA POSTOP II L,1,0.33,0,9,1
Farmacia Procaccini,978306468,RESPIFORM + TUT CO POLS DX M,1,0.33,0,0,
Farmacia Procaccini,978401634,YAMAMOTO R GABA 30CPS,1,0.33,0,8,1
Farmacia Procaccini,978462164,NATURAL KD GOCCE 15ML,1,0.33,0,12,3
Farmacia Procaccini,978463216,PRODIGEST 20CPS,1,0.33,0,22,3
Farmacia Procaccini,978473938,SEDANAM NOTTE 30CPR,1,0.33,0,100,5
Farmacia Procaccini,978474183,CISTITASK 14BUST,1,0.33,0,100,2
Farmacia Procaccini,978498739,TULIPANO ALZAMALATI DA LETTO,1,0.33,0,1,1
Farmacia Procaccini,978575621,OMEGOR KIDS 140ML,1,0.33,0,54,5
Farmacia Procaccini,978577841,AKNET PROSKIN 30CPS,1,0.33,0,100,
Farmacia Procaccini,978691703,KAMINOX SCIROPPO 60ML,1,0.33,0,100,1
Farmacia Procaccini,978835433,ACUTON 120CPS,1,0.33,0,3,1
Farmacia Procaccini,978862314,ANTHELIOS SPRAY AP SHAKA 200ML,1,0.33,2,80,
Farmacia Procaccini,978862326,ANTHELIOS SHAKA SPRAY 30 200ML,1,0.33,0,100,
Farmacia Procaccini,978867909,LIMBICA 14BUST,1,0.33,0,100,2
Farmacia Procaccini,978868077,CONNETTIVINASOLE SPRAY 100ML,1,0.33,6,100,
Farmacia Procaccini,978871010,SFUMATURE DALIA BURRO SCR CRP,1,0.33,1,0,7
Farmacia Procaccini,978940017,DERCOS BALSAMO DENSI SOL 200ML,1,0.33,3,24,2
Farmacia Procaccini,979044880,RELAX UNI 70 PA CAMEL M,1,0.33,0,11,4
Farmacia Procaccini,979065113,COLIGAS FAST 50CPS,1,0.33,2,85,
Farmacia Procaccini,979097565,TONIMER LAB PANTHEXYL BABY SPR,1,0.33,1,100,1
Farmacia Procaccini,979137344,KERA' MUCOSE LIPOGEL CHEILITI,1,0.33,0,0,
Farmacia Procaccini,979204144,PROXALIPID 30CPS,1,0.33,0,100,1
Farmacia Procaccini,979239480,RAGAMED PLUS 75ML,1,0.33,0,0,
Farmacia Procaccini,979258098,GHC MEDICAL SHAMPOO MICELLARE,1,0.33,0,100,1
Farmacia Procaccini,979258199,MIAMO DERMA COMPLEX CREAM 50ML,1,0.33,3,0,10
Farmacia Procaccini,979276577,TRIDERM AK TRATT PREV SPF50+,1,0.33,4,100,5
Farmacia Procaccini,979278140,MIOXIN 4G 30BUSTE,1,0.33,0,100,5
Farmacia Procaccini,979359332,HYDROXIRAM D 30BUST,1,0.33,0,38,4
Farmacia Procaccini,979370436,SELTIR 600 30CPS,1,0.33,0,100,1
Farmacia Procaccini,979418845,BILIARIS LIQUIDO ANALC 500ML,1,0.33,0,16,4
Farmacia Procaccini,979605401,COMPEED VESCICHE MISTO 5PZ,1,0.33,12,100,
Farmacia Procaccini,979605449,COMPEED DURONI MEDIO 6PZ,1,0.33,2,100,
Farmacia Procaccini,979605464,COMPEED ALLUCE VALGO 5PZ,1,0.33,12,100,
Farmacia Procaccini,979804388,MATT COLLAGENE IDROLIZZATO3000,1,0.33,0,36,4
Farmacia Procaccini,979806635,ASHWAGANDHA ESTRATTO INTEGRALE,1,0.33,0,58,
Farmacia Procaccini,979813680,AVEENO PN CREMA OLIO IDRAT CRP,1,0.33,0,100,2
Farmacia Procaccini,979843214,ARTIKOL 60CPR,1,0.33,0,1,2
Farmacia Procaccini,980029641,GLUTEOSTOP 90MINI CPR,1,0.33,0,53,4
Farmacia Procaccini,980114502,MIAMO RENEWAL PEEL SERUM 8X5ML,1,0.33,8,0,6
Farmacia Procaccini,980124059,UMORELAX 24CPR,1,0.33,0,70,1
Farmacia Procaccini,980129199,PIGMENTBIO DAILY CARE SPF50+,1,0.33,2,5,4
Farmacia Procaccini,980183901,NEURASSIAL 20CPR,1,0.33,0,100,2
Farmacia Procaccini,980192874,SCUDOTEX COT SLIP NE VI BAS 7,1,0.33,0,2,1
Farmacia Procaccini,980248987,COLASIL 30CPS,1,0.33,0,18,3
Farmacia Procaccini,980253532,VITAMINA D3+K2 150CPS,1,0.33,0,0,
Farmacia Procaccini,980292078,FIBRAMUCIL POLVERE 120G,1,0.33,0,5,2
Farmacia Procaccini,980296279,CANDIDAS T 180PAST,1,0.33,0,14,
Farmacia Procaccini,980340792,BIOSCALIN ENERGY CERA MODELL,1,0.33,1,0,
Farmacia Procaccini,980341275,DELIFAB PIGMENTA CREMA 50ML,1,0.33,0,25,1
Farmacia Procaccini,980418887,OILFREE GYN 150ML,1,0.33,0,100,4
Farmacia Procaccini,980427429,VITADI' BOTANICAL MIX 60CPR,1,0.33,0,14,2
Farmacia Procaccini,980458374,OROZYME GEL IGIENE ORALE 70G,1,0.33,0,100,3
Farmacia Procaccini,980505933,NADIAX 3 CREMA NANOEMULS 150ML,1,0.33,0,100,2
Farmacia Procaccini,980519019,MULTIVITAMINE&MINERALI50+30CPR,1,0.33,0,65,
Farmacia Procaccini,980771974,CLX WIPES 40SALV,1,0.33,0,73,2
Farmacia Procaccini,980776951,VITAMINA B1 MASTICABILE100PAST,1,0.33,0,6,1
Farmacia Procaccini,980802033,BUTIRRATO PURO LIQ ANALCO500ML,1,0.33,0,26,5
Farmacia Procaccini,980807224,MAGNESIO MIX 60CPS,1,0.33,0,9,
Farmacia Procaccini,980817340,THOTALE UNGHIE E CAPELLI 30CPR,1,0.33,0,12,1
Farmacia Procaccini,980817439,SERENITY TRAV RELAX 60X90 30PZ,1,0.33,0,58,2
Farmacia Procaccini,980860302,BETAMUNAL COD 15CPS,1,0.33,0,9,1
Farmacia Procaccini,980911313,SUN SECURE LAIT SPF50+ NF100ML,1,0.33,10,0,1
Farmacia Procaccini,980912214,SILVANA EMOTIONAL BAGNO EFF SO,1,0.33,0,3,4
Farmacia Procaccini,981042981,RILASTIL XEROLACT PB BALS400ML,1,0.33,0,100,3
Farmacia Procaccini,981045507,ISTANGIAL DREN 30CPR FILMATE,1,0.33,0,100,1
Farmacia Procaccini,981048008,BOUQUET ORO PROFUMO 100ML,1,0.33,1,0,5
Farmacia Procaccini,981076072,THERMACARE FASC COL/SPA/POLS2P,1,0.33,3,100,
Farmacia Procaccini,981079801,FORMULA Z BRACCIALETTO BABY,1,0.33,0,90,3
Farmacia Procaccini,981079864,BIOARGININA C ORALE 20FL,1,0.33,43,100,
Farmacia Procaccini,981111925,MUSTELA DETERGENTE DEL 500ML,1,0.33,25,0,5
Farmacia Procaccini,981114111,BIOSCALIN NUTRICOL PL 9 BIO CH,1,0.33,3,100,3
Farmacia Procaccini,981152756,TADIOR 20CPS,1,0.33,0,100,2
Farmacia Procaccini,981248279,TOPIALYSE HUILE LAV 200ML NF,1,0.33,0,0,
Farmacia Procaccini,981249156,AZALOE SOLUZIONE OFTALMICA,1,0.33,0,100,2
Farmacia Procaccini,981263597,MIO FLEX PLACCA PIAN10-68 70MM,1,0.33,0,5,2
Farmacia Procaccini,981273749,CLIADENT UGELLI IDROPULS STD 2,1,0.33,0,1,5
Farmacia Procaccini,981350186,VARIFORM GINOCCH COT BEIGE 2,1,0.33,0,1,1
Farmacia Procaccini,981350200,VARIFORM GINOCCH COT BEIGE 4,1,0.33,0,1,1
Farmacia Procaccini,981389392,DERMON IDRATANTE CORPO EXTRA,1,0.33,0,17,5
Farmacia Procaccini,981391535,CANNELLA CORTECCE OE NAT 5ML,1,0.33,0,5,1
Farmacia Procaccini,981405095,GIBAUD ORTHO MANUGIB 3D DX 1,1,0.33,0,1,2
Farmacia Procaccini,981432560,VENEGOLD 30CPR,1,0.33,0,54,1
Farmacia Procaccini,981437825,OIL SHIELD UV DEFENSE SUNSCREE,1,0.33,5,1,9
Farmacia Procaccini,981440922,CICAPLAST CREMA MANI 100ML,1,0.33,11,100,1
Farmacia Procaccini,981444490,AVENE TOLERANCE CONTROL BALS,1,0.33,5,100,
Farmacia Procaccini,981448968,EXOMEGA CONTROL GEL 2IN1 200ML,1,0.33,0,45,
Farmacia Procaccini,981467816,VERUM FORTELAX 80CPR,1,0.33,2,100,2
Farmacia Procaccini,981467931,FINGERTIP PULSOSSIMETRO,1,0.33,0,23,1
Farmacia Procaccini,981491499,SYSTANE ULTRA S/CONSERV 10ML,1,0.33,1,100,
Farmacia Procaccini,981499003,DERMOVITAMINA MICO ONICODI CAM,1,0.33,1,0,2
Farmacia Procaccini,981505201,SYTRIDK2 30CPS,1,0.33,0,46,2
Farmacia Procaccini,981515493,MIRGEAL GEL 20STICKPACK,1,0.33,0,0,
Farmacia Procaccini,981535521,NEOVADIOL POST-MENOPAU NIGHT,1,0.33,1,8,
Farmacia Procaccini,981907506,PH FORMINIX GEL FORM TRAPP2X2G,1,0.33,0,48,1
Farmacia Procaccini,981937360,KERACNYL GEL DETERGENTE 400ML,1,0.33,1,100,
Farmacia Procaccini,981938564,VITIWIKEN 30CPR,1,0.33,0,50,1
Farmacia Procaccini,981972781,FIOR DI LOTO ERITRITOLO 250G,1,0.33,0,22,1
Farmacia Procaccini,982003586,EOS BIODERMICO FLUIDO TOT FT,1,0.33,0,21,2
Farmacia Procaccini,982003600,BETOTAL 60CPR,1,0.33,35,100,
Farmacia Procaccini,982003624,VASOTONIK 20BUST,1,0.33,0,100,1
Farmacia Procaccini,982007231,FOOTCARE GEL VERRUCHE 12ML E2,1,0.33,0,20,
Farmacia Procaccini,982011165,KALANIT 3 30CPR S/ZUCCHERI,1,0.33,0,100,5
Farmacia Procaccini,982089839,KLORANE SHAMPOO CHININA 100ML,1,0.33,3,0,4
Farmacia Procaccini,982134126,DEFENCE ACQUA GEL DET STRUC,1,0.33,20,23,5
Farmacia Procaccini,982134153,SHINE ON CASTANO CHIARO DORATO,1,0.33,3,28,2
Farmacia Procaccini,982138671,NKLIFE AHCC 150ML,1,0.33,0,20,1
Farmacia Procaccini,982143366,DOAGYN OVULI VAGINALI 10PZ,1,0.33,0,100,1
Farmacia Procaccini,982145563,FOGLIE DI TE' CREMA CORPO&MANI,1,0.33,3,0,5
Farmacia Procaccini,982179210,FLEBOWIN 30CPR,1,0.33,0,100,3
Farmacia Procaccini,982182949,FORTIMEL ADVANCED FRA 4X200ML,1,0.33,0,100,1
Farmacia Procaccini,982184158,ZINCO COLLOIDALE PLUS SPR20PPM,1,0.33,0,1,3
Farmacia Procaccini,982452373,HONOS VENUM 30CPR,1,0.33,0,100,1
Farmacia Procaccini,982460622,"DERIGYN 5,5 ACTIVE FAST SAP",1,0.33,0,34,1
Farmacia Procaccini,982461168,DENSITIUM CONTOUR DES YEUX15ML,1,0.33,20,49,
Farmacia Procaccini,982471409,URIXANA PRO 30BUST,1,0.33,0,100,5
Farmacia Procaccini,982475269,SERENITY MUT SD SENS MX M 15PZ,1,0.33,0,100,4
Farmacia Procaccini,982475333,SERENITY PANTS SD SENS EX L 12,1,0.33,0,100,
Farmacia Procaccini,982478517,JOVENGEN NATURINCAS COLLA 390G,1,0.33,0,0,
Farmacia Procaccini,982501468,ARTISALUS ACT FORTE PLUS 60CPS,1,0.33,0,28,4
Farmacia Procaccini,982505265,XEODERM POLVERE 50G DM,1,0.33,0,18,1
Farmacia Procaccini,982526966,NUTRIMIND 60CPS,1,0.33,0,14,1
Farmacia Procaccini,982532412,ADERMA A-D BIOLOGY CR RICC40ML,1,0.33,1,17,2
Farmacia Procaccini,982541450,RILASTIL ELASTICIZZANTE 10F,1,0.33,0,42,1
Farmacia Procaccini,982593170,"OCUTEARS HYDRO+ 0,4% 15X0,35ML",1,0.33,0,100,
Farmacia Procaccini,982614657,DEFENCE COLOR LIFT CORR BEI204,1,0.33,3,46,5
Farmacia Procaccini,982655971,NUXE RDM GEL LAVANT 750ML,1,0.33,10,0,
Farmacia Procaccini,982683334,RIGENERA CREMA RISTRUTT 50ML,1,0.33,0,42,1
Farmacia Procaccini,982684831,MACUSOL 30 30CPS,1,0.33,0,9,
Farmacia Procaccini,982753992,STIPACON 30CPR,1,0.33,0,14,1
Farmacia Procaccini,982760377,GYNO PLUS 10CPS VAG,1,0.33,0,56,3
Farmacia Procaccini,982772954,TRICOREAL PLUS 30CPS,1,0.33,0,55,
Farmacia Procaccini,982913269,LE GOCCE DI OLIMPO RIL 50ML,1,0.33,0,20,3
Farmacia Procaccini,982932194,SILIPLUS 30CPR,1,0.33,0,100,1
Farmacia Procaccini,982944187,REPIGMENT12 CREMA 75ML,1,0.33,0,55,1
Farmacia Procaccini,982946333,DK NOBILE 30ML,1,0.33,0,92,1
Farmacia Procaccini,982951269,KERTYOL PSO BALSAMO IDRAT QUOT,1,0.33,4,82,5
Farmacia Procaccini,982981680,ANTHELIOS FAMILY SPR 50+ 300ML,1,0.33,0,100,
Farmacia Procaccini,982984864,NOVANIGHT 30CPR RIL RAPIDO NEW,1,0.33,7,100,
Farmacia Procaccini,982999854,SAUBER CHARME AT140 TUTTON M 5,1,0.33,0,3,1
Farmacia Procaccini,983036904,ALIGASTRIL GEL 20STICK,1,0.33,0,45,3
Farmacia Procaccini,983039811,DONJOY X-ROM,1,0.33,0,1,1
Farmacia Procaccini,983040510,OLIVO 60CPS,1,0.33,0,4,2
Farmacia Procaccini,983168966,EUTOPLAC AD ORAL 20BUST,1,0.33,0,100,2
Farmacia Procaccini,983173461,SERENITY SAG SD SENS PLUS 30PZ,1,0.33,0,100,1
Farmacia Procaccini,983173473,SERENITY SAG SD SENS EXTRA30PZ,1,0.33,0,28,2
Farmacia Procaccini,983189046,VINOTHERAPIST BURRO CORPO 250G,1,0.33,8,0,
Farmacia Procaccini,983189263,ZEAXALUTEIN 90CPR,1,0.33,0,3,2
Farmacia Procaccini,983191457,AUTAN DEFENSE GENTLE 100ML,1,0.33,34,100,5
Farmacia Procaccini,983191469,AUTAN DEFENSE ALL NIGHT 100ML,1,0.33,1,0,1
Farmacia Procaccini,983273780,AMIN 21K BAR CIOCCOLATO 20BAR,1,0.33,0,8,1
Farmacia Procaccini,983280342,CORTI DOL 20CPS,1,0.33,0,18,
Farmacia Procaccini,983310297,FELIWAY OPTIMUM 3RICAR 3X48ML,1,0.33,0,23,
Farmacia Procaccini,983361763,GIBAUD ORTHO RHIZACTIVE ORTES1,1,0.33,0,12,2
Farmacia Procaccini,983361775,GIBAUD ORTHO RHIZACTIVE ORTES2,1,0.33,0,1,5
Farmacia Procaccini,983368818,VINOSCULPT BALSAMO CORPO 250ML,1,0.33,1,0,
Farmacia Procaccini,983374517,PHOTODERM NUDE TOUCH DORE',1,0.33,2,0,
Farmacia Procaccini,983374669,SENSIBIO DEFENSIVE RICH 40ML,1,0.33,3,6,5
Farmacia Procaccini,983374760,AERSCRUB SHAMPOO 200ML,1,0.33,0,2,1
Farmacia Procaccini,983387895,SIG SAMSON AD NERO 3,1,0.33,0,2,1
Farmacia Procaccini,983471513,EPATOCEL OX 30CPR,1,0.33,0,74,1
Farmacia Procaccini,983521129,BEURER 25STR GL48/GL49,1,0.33,0,100,1
Farmacia Procaccini,983521131,BEURER 50STR GL48/GL49,1,0.33,0,100,1
Farmacia Procaccini,983531245,MIGLIORIN SHAMPOO CADUTA TRICO,1,0.33,0,19,2
Farmacia Procaccini,983533643,ERIGO 20STICK,1,0.33,0,100,2
Farmacia Procaccini,983533821,XERIAL 30 GEL CREME 75ML,1,0.33,0,100,
Farmacia Procaccini,983586785,DERMAGENIA HIGH DENSITY CRONO,1,0.33,0,2,1
Farmacia Procaccini,983665706,PROXAMIN D3 FAST 30CPR,1,0.33,0,100,2
Farmacia Procaccini,983679527,BIOSCALIN VITAL RIPARATORE INT,1,0.33,0,7,4
Farmacia Procaccini,983697741,VICHY HOMME DEO CC 96H ROLL 50,1,0.33,6,15,
Farmacia Procaccini,983702301,SINTOS FORTE 15CPS,1,0.33,0,41,2
Farmacia Procaccini,983721022,STRUMENTO VTRUST TD-4279 COMPL,1,0.33,0,0,
Farmacia Procaccini,983747003,APROPOS TUSS SCIR BAMBINI150ML,1,0.33,4,80,1
Farmacia Procaccini,983773058,EPTA AGE PREMIUM CREMA 15ML,1,0.33,0,0,
Farmacia Procaccini,983779669,COMPEED CER VESC MISTO 10PZ,1,0.33,1,86,
Farmacia Procaccini,983831013,FRESUBIN PRO DRINK VANIGLIA4FL,1,0.33,0,1,5
Farmacia Procaccini,983833005,PAIDINIL HD 300ML,1,0.33,0,100,
Farmacia Procaccini,984098691,REV EFFACE JOUR PLUS 30ML,1,0.33,0,26,4
Farmacia Procaccini,984154373,CREMELINE 2KCAL CAFFE' 4X125G,1,0.33,0,0,
Farmacia Procaccini,984163954,MECLON LENEX EMULGEL 50ML,1,0.33,10,100,4
Farmacia Procaccini,984206250,EQUILIBRA MULTIVITAM MIN 60CPR,1,0.33,0,1,2
Farmacia Procaccini,984236291,RAMATONIC 10STICKPACK 10ML,1,0.33,0,40,2
Farmacia Procaccini,984319828,COMBIFOLIC 30CPR,1,0.33,0,100,2
Farmacia Procaccini,984330264,INFILA COLLANT,1,0.33,0,8,1
Farmacia Procaccini,984370662,TENA FLEX PLUS M 30PZ,1,0.33,0,20,5
Farmacia Procaccini,984505279,REKORDSAN GUANCIALE MEM SIRIO,1,0.33,0,3,4
Farmacia Procaccini,984505661,CURALIFE GRANI LUNGA VITA 35G,1,0.33,0,82,
Farmacia Procaccini,984520332,DERMACOTONE PANN MUT L 12PZ,1,0.33,0,66,4
Farmacia Procaccini,984557761,DERMATIR 30ML,1,0.33,0,98,
Farmacia Procaccini,984559726,RILASTIL SMAGLIAT CREMA 75ML,1,0.33,2,32,2
Farmacia Procaccini,984560161,FARMEX PREM AIRD PANN SU M15PZ,1,0.33,0,6,1
Farmacia Procaccini,984623874,TONIMER PHYSIO MONOD 60FL 5ML,1,0.33,4,69,4
Farmacia Procaccini,984632277,NEO LABACIL 30CPS,1,0.33,0,41,3
Farmacia Procaccini,984632644,ROSA CANINA ESTR INTE TIT 500G,1,0.33,0,25,4
Farmacia Procaccini,984645059,CERAVE SIERO ANTI SEGNI RETIN,1,0.33,5,61,5
Farmacia Procaccini,984703102,PARODONTAX COLLUTORIO PROT GEN,1,0.33,6,100,
Farmacia Procaccini,984705653,ATODERM CREME ULTRA 500ML,1,0.33,8,23,
Farmacia Procaccini,984767537,CICAPLAST BAUME B5+ 40ML,1,0.33,6,100,
Farmacia Procaccini,984774253,REVEE SUN CARE 50+ 75ML,1,0.33,0,34,1
Farmacia Procaccini,984779304,CB12 TRATTAMENTO ALITOSI 500ML,1,0.33,0,57,5
Farmacia Procaccini,984833602,NEOVADIOL PERI&POST CONT NEW,1,0.33,2,15,
Farmacia Procaccini,984858720,NEO ALGISIN 20CPR,1,0.33,0,100,2
Farmacia Procaccini,984867236,CARNIDYN BOOST 10FL,1,0.33,27,100,4
Farmacia Procaccini,984867782,ATODERM LEVRES STICK 4G,1,0.33,8,0,2
Farmacia Procaccini,984870244,COSMECEUTICAL POLY P CREAM,1,0.33,1,10,1
Farmacia Procaccini,984876767,CERAMOL AK BARRIER 50ML,1,0.33,0,6,2
Farmacia Procaccini,984881387,AVENE GOMMAGE CORPO 200ML NF,1,0.33,5,0,4
Farmacia Procaccini,984910568,PRIMECOL 30CPR GASTRORESISTENT,1,0.33,0,93,5
Farmacia Procaccini,984966958,FOOTCARE SEPAR DITA DOPP S C10,1,0.33,0,48,
Farmacia Procaccini,985388230,NORMAST MPS 90CPR,1,0.33,0,100,
Farmacia Procaccini,985480437,GHC MEDICAL HAIR LIFTING SERUM,1,0.33,0,100,1
Farmacia Procaccini,985480920,FRANGIPANI CREMA PROF CORPO,1,0.33,1,0,
Farmacia Procaccini,985481175,MELOGRANO BEAUTY BOX IRRESIST,1,0.33,1,0,
Farmacia Procaccini,985495225,KAMILA NIVES 70 LEGGINS MI 4,1,0.33,0,1,1
Farmacia Procaccini,985520814,CAPINERV DOL CEROTTI 5PZ,1,0.33,0,100,
Farmacia Procaccini,985551581,FERALIV 30CPR,1,0.33,0,100,3
Farmacia Procaccini,985589098,VANDEL CAP SHAMPOO 250ML,1,0.33,0,13,2
Farmacia Procaccini,985593793,RENAL COMBI POLVERE 240G,1,0.33,0,100,
Farmacia Procaccini,985597412,VEBIX DERMOLINE CALEND DET INT,1,0.33,0,22,4
Farmacia Procaccini,985605221,MELASCREEN CREMA A/MACCH PROT,1,0.33,2,38,
Farmacia Procaccini,985610082,ELUTION SHAMPOO 200ML,1,0.33,2,95,5
Farmacia Procaccini,985620590,VERAVIS SUPREMO ANALCO 100ML,1,0.33,0,2,1
Farmacia Procaccini,985670633,AUSILIUM CREMA 50ML,1,0.33,0,100,2
Farmacia Procaccini,985670645,AUSILIUM CREMA 15BUST,1,0.33,0,62,1
Farmacia Procaccini,985712734,EQUILIBRA OLIO MANDORLE PURO,1,0.33,0,47,2
Farmacia Procaccini,985724362,NOSTASS 150ML,1,0.33,0,42,5
Farmacia Procaccini,985772704,PEDIAKID 22 VITAMINE/OLIGOELEM,1,0.33,0,20,1
Farmacia Procaccini,985774456,DYNAMO D MEDIUM 20 STICK,1,0.33,0,5,1
Farmacia Procaccini,985776436,EKEEP K35 HYPERKEEP IPERESTE 3,1,0.33,0,1,3
Farmacia Procaccini,985797947,MINERAL 89 CREMA LEGGERA 50ML,1,0.33,2,61,3
Farmacia Procaccini,985910280,ARTIKOL CREMA 100ML,1,0.33,0,0,
Farmacia Procaccini,985919455,GOOVI SIERO CON BIOPEPTIDI,1,0.33,3,0,3
Farmacia Procaccini,985995327,NIPIOL BISCOTTI 6 CRL SPECIAL,1,0.33,0,16,1
Farmacia Procaccini,985995657,PAMPERS BD NEWBORN 24PZ,1,0.33,0,100,1
Farmacia Procaccini,986008757,INTIMOIL TT 150ML,1,0.33,0,100,3
Farmacia Procaccini,986012134,TUAMEMOR 15FL 10ML,1,0.33,0,25,
Farmacia Procaccini,986013201,GIBAUD ORTHO LOMBOGIB TECH 3,1,0.33,0,8,4
Farmacia Procaccini,986103909,SCHOLL NAUTILUS PVC U NBL 43,1,0.33,0,0,
Farmacia Procaccini,986103911,SCHOLL NAUTILUS PVC U NBL 44,1,0.33,0,1,4
Farmacia Procaccini,986112845,ASTENOMIRT CVS 20CPR,1,0.33,0,100,5
Farmacia Procaccini,986112934,KIJIMEA REGULARIS PLUS 225G,1,0.33,0,19,
Farmacia Procaccini,986115121,MEDI KL1 COT GAMB LU 5 Y54010,1,0.33,0,1,1
Farmacia Procaccini,986116453,MEDI KL2 COT MO DX LU 5 Y66310,1,0.33,0,1,1
Farmacia Procaccini,986118204,CARESENS N GLICEMIA 25STR,1,0.33,0,100,
Farmacia Procaccini,986119624,RILASTIL SUN SYS WT SPF50+ NFA,1,0.33,0,46,
Farmacia Procaccini,986121770,ACTIVAGE PRO LEVEL 3HA RESIST,1,0.33,0,1,1
Farmacia Procaccini,986149627,SOFFISOF AIR DRY PANTS EXTRA L,1,0.33,0,40,2
Farmacia Procaccini,986173250,SENSODYNE SENS&GUM ACT/PROT,1,0.33,0,100,5
Farmacia Procaccini,986179517,DAONIX 60CPS,1,0.33,0,100,3
Farmacia Procaccini,986328437,VIRILBOOST UP 60CPR,1,0.33,0,43,4
Farmacia Procaccini,986329377,ENTEROLACTIS FIBRA LIQUIDA12FL,1,0.33,0,37,2
Farmacia Procaccini,986395794,KERACNYL CR REPAIR 50ML,1,0.33,5,0,
Farmacia Procaccini,986460754,PAMPERS PROG MIDI 27PZ,1,0.33,0,100,1
Farmacia Procaccini,986460855,PAMPERS PROG MUT MX 19PZ,1,0.33,0,44,1
Farmacia Procaccini,986465007,HYDRAPHASE HA UV LIGHT 40ML,1,0.33,3,10,5
Farmacia Procaccini,986474613,SCHOLL EXPERTCARE ESFOL TALLON,1,0.33,0,0,
Farmacia Procaccini,986475541,PROTEINE VEGETALI 270G,1,0.33,0,8,4
Farmacia Procaccini,986480806,MAGNESIO POTASSIO VIT B14STICK,1,0.33,0,4,
Farmacia Procaccini,986497687,ANNURMETS HAIR BALSAMO 200ML,1,0.33,0,8,2
Farmacia Procaccini,986498665,VINOPER ESSENZA LUMINOSITA50ML,1,0.33,5,0,1
Farmacia Procaccini,986750406,ENDOCURE 60CPR,1,0.33,0,73,5
Farmacia Procaccini,986791705,SERENITY PANTS SEITU DISCR M,1,0.33,0,100,1
Farmacia Procaccini,986791717,SERENITY PANTS SEITU DISCR L,1,0.33,0,78,3
Farmacia Procaccini,986857389,CERAVE BALSAMO RIPA AVANZ 88ML,1,0.33,4,0,3
Farmacia Procaccini,986878371,PRANAROM DIGEST CONFORT 21CPR,1,0.33,0,8,3
Farmacia Procaccini,986885438,VARISAN TOP CCL1 AT PA BEI 2 P,1,0.33,0,1,1
Farmacia Procaccini,986902070,EPADETOX 60CPS,1,0.33,0,11,
Farmacia Procaccini,986904516,GIBAUD FASCIA POSTOP CLA H30 3,1,0.33,0,12,2
Farmacia Procaccini,986905331,DERMOVITAMINA PRURITO CR 30ML,1,0.33,2,88,5
Farmacia Procaccini,986921740,FLAVIS DELIZIA ALLE ERBE 130G,1,0.33,0,100,4
Farmacia Procaccini,986958318,RVLIFT LIFT TISANA 50ML RICAR,1,0.33,5,0,7
Farmacia Procaccini,986958332,RVLIFT LIFT CR CASHMERE RICAR,1,0.33,6,0,2
Farmacia Procaccini,986959132,AGE ADVANCED EYE 15ML,1,0.33,3,0,
Farmacia Procaccini,986971479,GIBAUD ORTHO LIGAGIB OPE GIN5,1,0.33,0,2,5
Farmacia Procaccini,986971531,GIBAUD ORTHO J GIN ZEROG 1,1,0.33,0,0,
Farmacia Procaccini,986972002,"OCUTEARS ALO+0,4% PFMD 10ML",1,0.33,0,100,
Farmacia Procaccini,986981975,SEBIACLEAR EAU MICELLAIRE REF,1,0.33,4,0,3
Farmacia Procaccini,986988158,MARKEUTICALS MENOCORT 60BUST,1,0.33,0,21,1
Farmacia Procaccini,987025665,PIC EASY WASH PERA CAN 224ML,1,0.33,0,53,5
Farmacia Procaccini,987038320,HIFAS EQUILIBRIUM 60CPS,1,0.33,0,89,2
Farmacia Procaccini,987043698,PSIPROTO NOCCIOLA 300G,1,0.33,0,45,1
Farmacia Procaccini,987221304,PRO ORTHIC GUANTI ARTROSICI L,1,0.33,0,1,1
Farmacia Procaccini,987289372,CALCOSIN ULTRA 20BUST,1,0.33,0,48,4
Farmacia Procaccini,987290778,ORALB SPIDERMAN SPAZ ELET+1REF,1,0.33,3,52,4
Farmacia Procaccini,987315823,SCREEN TEST CELIACHIA SELFTEST,1,0.33,0,26,1
Farmacia Procaccini,987320316,APROTEN CHICCHI 500G,1,0.33,0,41,3
Farmacia Procaccini,987331016,APROTEN SEDANI PROMO 500G,1,0.33,0,64,3
Farmacia Procaccini,987331028,APROTEN PIPE PROMO 500G,1,0.33,0,32,3
Farmacia Procaccini,987336738,SUN SECURE EASY STICK SPF50+,1,0.33,4,13,
Farmacia Procaccini,987361312,GLUTATIONE SUPREMO 180PAST,1,0.33,0,21,5
Farmacia Procaccini,987389917,PLAQTIV+ ORAL CARE 64SALV DENT,1,0.33,0,79,2
Farmacia Procaccini,987405204,ACTISULF SULFORAFANO 30CPS VEG,1,0.33,0,51,
Farmacia Procaccini,987405750,GOOVI OMBRETTO LIQUIDO 01,1,0.33,10,0,3
Farmacia Procaccini,987405800,GOOVI PALETTE 9 OMBRETTI,1,0.33,6,5,3
Farmacia Procaccini,987408440,NUXE SUN MOUSSE AUTOABBR 150ML,1,0.33,0,0,
Farmacia Procaccini,987492422,CH GIOCO FD PURRING CAT,1,0.33,0,3,4
Farmacia Procaccini,987646573,ZANZATEN STRONG 100ML,1,0.33,0,100,
Farmacia Procaccini,987653843,IPNOSIL 28BUST SOLUBILI,1,0.33,0,100,5
Farmacia Procaccini,987655608,REDULIP 90CPR,1,0.33,0,32,4
Farmacia Procaccini,987669761,GIBAUD ORTHO WALKER TUT TIBIA1,1,0.33,0,6,4
Farmacia Procaccini,987669785,GIBAUD ORTHO WALKER TUT TIBIA3,1,0.33,0,9,4
Farmacia Procaccini,987674266,MENFLODEN 20CPS,1,0.33,0,100,4
Farmacia Procaccini,987748670,THOTALE PLANTARE GELCOMFORT L,1,0.33,0,1,1
Farmacia Procaccini,987749102,AISALVIT C 365CPR,1,0.33,0,0,
Farmacia Procaccini,987770346,CIXID 50ML,1,0.33,0,99,
Farmacia Procaccini,987790488,MIAMO NEW PIGMENT DEFENSE 30ML,1,0.33,0,0,
Farmacia Procaccini,987790856,PLAS ENERGIA 20STICK PACK,1,0.33,0,45,5
Farmacia Procaccini,987814403,SCREEN TEST INFLUENZA A/B 1PZ,1,0.33,0,17,2
Farmacia Procaccini,987833148,PURO EPITHEL GEL OFTALMICO 10G,1,0.33,0,100,3
Farmacia Procaccini,987861008,SUPERALA CARNITINE 30CPR,1,0.33,0,100,5
Farmacia Procaccini,987866605,PRESTERIL BORSA GHIACCIO,1,0.33,0,7,2
Farmacia Procaccini,987881291,CURAPROX ALIGNER FOAM 40ML,1,0.33,0,28,2
Farmacia Procaccini,987904695,KALOIDON GEL CICATRICI 30ML,1,0.33,0,100,3
Farmacia Procaccini,988024586,CICAPLAST BAUME B5+ SPF50 40ML,1,0.33,3,100,
Farmacia Procaccini,988032342,GOOVI DOPOSOLE LOVERS IN THE,1,0.33,2,0,5
Farmacia Procaccini,988033130,VINOPER SIERO ILL A/MACCH 50ML,1,0.33,7,0,
Farmacia Procaccini,988037394,GIBAUD COPRISPALLE ANATOMICO 3,1,0.33,0,15,1
Farmacia Procaccini,988050593,"TAZARENE CREMA 0,05% 75ML",1,0.33,0,22,1
Farmacia Procaccini,988051847,EQUILIBRA REGOLA FAME 22GUMS,1,0.33,0,70,4
Farmacia Procaccini,988051948,EQUILIBRA GLUCOSAM&CONDR 90CPR,1,0.33,0,46,
Farmacia Procaccini,988053878,TRIDERM DETERGENTE ATT 400ML,1,0.33,2,41,5
Farmacia Procaccini,988066282,BIOSCALIN PRO DENSITY GEL150ML,1,0.33,3,100,5
Farmacia Procaccini,988066890,IDRASTIN CREMA MULTIATTIVA75ML,1,0.33,0,100,2
Farmacia Procaccini,988106670,EMORSAN FLEB 28STICK 15ML,1,0.33,0,77,5
Farmacia Procaccini,988125555,LOVREN SUP LIP PEELING ACT LAB,1,0.33,4,8,5
Farmacia Procaccini,988142030,RINOWAY PLUS SALI ISOTON15BUST,1,0.33,0,19,5
Farmacia Procaccini,988148918,GASTRONYX PLUS 30CPR OROSOLUBI,1,0.33,0,18,3
Farmacia Procaccini,988153209,SIERO RIGENERANTE 30ML,1,0.33,0,11,1
Farmacia Procaccini,988160471,ZZZQUIL SONNO SPRAY 30ML,1,0.33,22,100,
Farmacia Procaccini,988246652,ORTHO THERMO GEL 100ML,1,0.33,0,100,1
Farmacia Procaccini,988254886,SEALIFE NF 90PRL,1,0.33,0,23,5
Farmacia Procaccini,988341638,BONASE FLEX 20BUST,1,0.33,0,100,5
Farmacia Procaccini,988380073,ISCHIA Crema Viso Bava Lumaca,1,0.33,0,12,1
Farmacia Procaccini,988654568,NODE P APAISANT 400ML,1,0.33,6,0,1
Farmacia Procaccini,988658593,MIAMO ICONS MULTIPEPT 20% 10ML,1,0.33,4,0,8
Farmacia Procaccini,988660989,NIDINA OPTIPRO 3 POLV 2PZ 600G,1,0.33,0,32,3
Farmacia Procaccini,988665612,SINDROCOL 30STICK PACK,1,0.33,0,100,
Farmacia Procaccini,988770273,EARBUDDY ROSSO,1,0.33,0,0,
Farmacia Procaccini,988770285,EARBUDDY BLU,1,0.33,0,4,1
Farmacia Procaccini,988909735,MARKEUTICALS VOLUMEX BALS200ML,1,0.33,0,63,2
Farmacia Procaccini,988909988,DARFAX TEND 28BUST,1,0.33,0,100,
Farmacia Procaccini,988951644,PHYSIOMANCE LIPIDEOL3 60CPR,1,0.33,0,100,
Farmacia Procaccini,988952774,ELLEN SERENA 30CPR,1,0.33,0,100,4
Farmacia Procaccini,988988527,HYSEAC 3-REG+ TEINT SPF30+ 40M,1,0.33,4,42,
Farmacia Procaccini,988988541,HYSEAC GEL NETTOYANT 500ML,1,0.33,11,100,
Farmacia Procaccini,988991283,KLORANE DUO SH SECCO ORTICA,1,0.33,3,0,1
Farmacia Procaccini,988998338,GABA PURO LIQUIDO ANALCO 200ML,1,0.33,0,15,5
Farmacia Procaccini,989011945,CREMA PROTEICA 21% PROT NOCC,1,0.33,0,6,1
Farmacia Procaccini,989036316,LOVANEX 20STICK PACK,1,0.33,0,22,1
Farmacia Procaccini,989041138,FOGLIE DI TE' COLLEZIONE PROF,1,0.33,1,0,5
Farmacia Procaccini,989042383,KELASTIC CREMA CICATRICI 30ML,1,0.33,0,100,
Farmacia Procaccini,989042534,BIOLIFE VITAMINA C LIPOS 30CPS,1,0.33,0,95,1
Farmacia Procaccini,989048970,AVENE CLEANANCE COMEDOMED PEEL,1,0.33,3,16,5
Farmacia Procaccini,989056015,SUPRADYN RICARICA PRO B12 10FL,1,0.33,7,100,
Farmacia Procaccini,989173861,CALMEX DIFFUSER STARTER PACK,1,0.33,0,0,
Farmacia Procaccini,989233871,BELLERY ORIGINAL SH SECCO200ML,1,0.33,0,58,5
Farmacia Procaccini,989234354,VITIS GENGIVE SANE COLLUT500ML,1,0.33,0,100,
Farmacia Procaccini,989239316,FIBRENELLE SNACK 240G,1,0.33,0,14,1
Farmacia Procaccini,989252325,CERAVE DETERGENTE IMPERF 473ML,1,0.33,1,100,
Farmacia Procaccini,989254267,TENA PANTS PANN NORMAL M 18PZ,1,0.33,0,58,5
Farmacia Procaccini,989331638,"FORTIMEL FORTICARE2,4KCAL LAMP",1,0.33,0,27,4
Farmacia Procaccini,989373903,ZESTY PAWS PROBIOTIC 60CHEWS,1,0.33,9,0,3
Farmacia Procaccini,989400559,POLIBROM NUOVA FORMULA 20CPR,1,0.33,0,23,4
Farmacia Procaccini,989401195,EQUILIBRA OLIO ROSMARINO CAP,1,0.33,0,44,1
Farmacia Procaccini,989401981,ZZZQUIL NASAL STRIPS26PZ,1,0.33,4,56,2
Farmacia Procaccini,989413986,PC 28 GELATINA GRANULARE 400G,1,0.33,0,2,1
Farmacia Procaccini,989417656,OMEGA 3 VEGETALE 30CPS VEG,1,0.33,0,8,
Farmacia Procaccini,989418254,AFLOGIL 20BUST,1,0.33,0,29,4
Farmacia Procaccini,989603042,BIODERMA TRAVEL KIT LOVE SUN25,1,0.33,0,0,3
Farmacia Procaccini,989603067,PHOTODERM XDEFENSE50+ 01 40ML,1,0.33,2,0,1
Farmacia Procaccini,989603093,PHOTODERM XDEFENSE50+ 04 40ML,1,0.33,1,8,3
Farmacia Procaccini,989606912,ANGSTROM SPRAY TRASP SPF15,1,0.33,2,0,1
Farmacia Procaccini,989634098,FORDERMA IDRATANTE 180CPS,1,0.33,0,8,1
Farmacia Procaccini,989637537,GOOVI TRATTAMENTO OVERNIG 50ML,1,0.33,4,0,1
Farmacia Procaccini,989657337,LIPOBERINA 90CPS 750MG,1,0.33,0,16,
Farmacia Procaccini,989657489,OLIO INVISIBILE CELL PROTECT,1,0.33,14,8,3
Farmacia Procaccini,989662895,LAMUSELAB SOFT TOUCH MOUS150ML,1,0.33,4,0,1
Farmacia Procaccini,989669585,MY BODY CREMA GEL DREN 400ML,1,0.33,6,100,
Farmacia Procaccini,989669647,MY BODY HYDRAOIL SPRAY 200ML,1,0.33,16,21,5
Farmacia Procaccini,989676123,GAVISPET GEL 50ML,1,0.33,0,78,1
Farmacia Procaccini,989679345,SAME COMPLEX 60CPS,1,0.33,0,11,3
Farmacia Procaccini,989679434,AGO EASY FARFALLA G21 100PZ,1,0.33,0,19,1
Farmacia Procaccini,989690298,APROME' BISCO VANIGLIA 120G,1,0.33,0,100,
Farmacia Procaccini,989691098,POLIDENT POWER MAX SUPREME 70G,1,0.33,7,70,5
Farmacia Procaccini,989691112,BETOTAL ENERGY BOOM 20STICK,1,0.33,9,100,
Farmacia Procaccini,989707082,FDR DERMO ZZZZ DOPO PUNTURA,1,0.33,0,72,5
Farmacia Procaccini,989812173,EVAGYN GEL VAGINALE 8TUB 5ML,1,0.33,0,100,
Farmacia Procaccini,989813528,CERAVE INTENSIVE MOIS LOT473ML,1,0.33,7,38,4
Farmacia Procaccini,989821451,MINERAL 89 CREMA NOTTE 50ML,1,0.33,4,28,5
Farmacia Procaccini,989850514,KIJIMEA COMPLETE 111CPS,1,0.33,0,5,
Farmacia Procaccini,989855438,RHYNOGEN SOL NAS ISO 2SAC+2DEF,1,0.33,0,10,1
Farmacia Procaccini,989869045,VETIVER BEAUTY VERDE BREZZA,1,0.33,2,0,3
Farmacia Procaccini,989869084,DEO PRO ACTIVE VAPO 100G PROMO,1,0.33,3,0,2
Farmacia Procaccini,989874589,SAGINIL GEL 40ML,1,0.33,0,100,4
Farmacia Procaccini,989887738,MAXIOCEL MEDIC FIBR CHIT 10X10,1,0.33,0,6,1
Farmacia Procaccini,989888971,FLAMINAL HYDRO 25G,1,0.33,0,20,1
Farmacia Procaccini,989888983,FLAMINAL FORTE 25G,1,0.33,0,34,1
Farmacia Procaccini,989893375,VIVIVEN 28CPR,1,0.33,0,100,
Farmacia Procaccini,989894480,PREMIER CRU CREMA OCCHI15ML,1,0.33,17,0,
Farmacia Procaccini,989894528,PREMIER CRU CREMA RICCA50ML,1,0.33,7,0,
Farmacia Procaccini,989894910,YEEK KE FETTE PANE 190G,1,0.33,0,18,1
Farmacia Procaccini,989930514,SENSIFINE EXTREME 30ML,1,0.33,6,16,5
Farmacia Procaccini,989974439,DISCRONORM 100ML,1,0.33,0,68,1
Farmacia Procaccini,989980937,METAFOLIC+ 30CPS,1,0.33,0,16,2
Farmacia Procaccini,989983438,PSIPROTO ELISIR 30CPS GASTRORE,1,0.33,0,100,1
Farmacia Procaccini,990011191,PERVENE MED CREMA 50ML,1,0.33,0,24,3
Farmacia Procaccini,990014918,IMOPRO OMEGAQUIL 60CPS,1,0.33,0,8,
Farmacia Procaccini,990019275,CROMO OLIMENTOVIS 200ML,1,0.33,0,1,3
Farmacia Procaccini,990039481,"DYNAMO F 20STICK 2,5G",1,0.33,0,35,
Farmacia Procaccini,990062679,REGLANDIN CPS 30CPS,1,0.33,0,55,3
Farmacia Procaccini,990065195,UNIDROP3 GOCCE 20ML,1,0.33,0,63,2
Farmacia Procaccini,990149698,ARTEBIOME 30BUST,1,0.33,0,27,1
Farmacia Procaccini,990150106,PROSTACOR 30CPS,1,0.33,0,14,1
Farmacia Procaccini,990156414,MERIDOL DENTIFRICIO AZ VEL 2PZ,1,0.33,0,12,
Farmacia Procaccini,990159446,DERMA BABY ELLY CREAM VISO-CRP,1,0.33,0,3,1
Farmacia Procaccini,990226286,MELAVER CLEAN 400ML,1,0.33,0,4,5
Farmacia Procaccini,990284263,RILASTIL SKIN R TONICO 200ML,1,0.33,6,56,1
Farmacia Procaccini,990284325,RILASTIL AQUA S GEL OCC15ML,1,0.33,5,45,3
Farmacia Procaccini,990371522,BARILIFE PROTEINE VAN 450G,1,0.33,0,5,2
Farmacia Procaccini,990371751,GLOBAL MAG 120CPR,1,0.33,0,1,1
Farmacia Procaccini,990375634,VITABELLA CHOCO BALLS HIGH PRO,1,0.33,0,10,1
Farmacia Procaccini,990387829,VISCOLON 30CPR GASTRORESIST,1,0.33,0,78,1
Farmacia Procaccini,990408027,FIORI D'ARANCIO BEAUTY POCHET,1,0.33,8,0,1
Farmacia Procaccini,990453983,TENA PROSKIN SLIP MAXI L 10PZ,1,0.33,0,100,5
Farmacia Procaccini,990453995,TENA PROSKIN SLIP MAXI L 24PZ,1,0.33,0,100,1
Farmacia Procaccini,990454833,BLANX MED SMILE BEAUTY WHITEN,1,0.33,0,4,4
Farmacia Procaccini,990460077,CH EASY START SET SIL AZZ 6M+,1,0.33,0,15,1
Farmacia Procaccini,990460545,GASTRIK PET SOSPENSIONE 60ML,1,0.33,0,100,
Farmacia Procaccini,990521888,MUSTELA KIT ROUTINE DET&IDRAT,1,0.33,3,0,1
Farmacia Procaccini,990540433,ARKOCAPSULE PARTENIO BIO 45CPS,1,0.33,0,14,2
Farmacia Procaccini,990542298,YAMAMOTO N AI DIUREBOL 150CPS,1,0.33,0,4,1
Farmacia Procaccini,990547844,PROBIOFLOR MAXI 30CPS,1,0.33,0,34,1
Farmacia Procaccini,990559775,VITABENIMMUNO BABY GOCCE 12ML,1,0.33,0,100,5
Farmacia Procaccini,990604403,ALLTEST STREP A RAPID TEST,1,0.33,0,71,1
Farmacia Procaccini,990647455,PHYSIOMANCE GASTRO PROT 60CPS,1,0.33,0,54,1
Farmacia Procaccini,990679072,VITAMINE MAXIMUM B 180PAST,1,0.33,0,20,2
Farmacia Procaccini,990684514,THOTALE BAGNOSCHIUMA UVA 1L,1,0.33,0,5,5
Farmacia Procaccini,990684526,THOTALE BAGNOSCHIUMA ARANCIA1L,1,0.33,0,5,5
Farmacia Procaccini,990685657,AMARENA PROFUMO 50ML,1,0.33,3,0,7
Farmacia Procaccini,990685719,ANNURKAP ADVANCED SHAMPOO COAD,1,0.33,0,26,1
Farmacia Procaccini,990685758,ANNURKOLEST ADVANCED 30CPS,1,0.33,0,17,1
Farmacia Procaccini,990759704,EUPHIDRA LIP ART DUO IBISCO,1,0.33,6,0,1
Farmacia Procaccini,990809004,VERSET ELIAN EDP 50ML,1,0.33,0,30,5
Farmacia Procaccini,990860494,FIBROPEA 20BUST,1,0.33,0,26,4
Farmacia Procaccini,990945949,ENTEROBEN FERMENTI 6MLD 20TAV,1,0.33,0,1,1
Farmainsieme,004763330,ASPIRINA C*20CPR EFF 400+240MG,1,0.33,54,741,
Farmainsieme,004905131,"PLACENTEX*CREMA 25G 0,08%",1,0.33,0,42,4
Farmainsieme,009115039,FITOSTIMOLINE*10GARZE 15%,1,0.33,1,848,5
Farmainsieme,010386062,HIRUDOID 40000UI*CREMA 50G,1,0.33,16,569,3
Farmainsieme,010386100,HIRUDOID 40000UI*GEL 100G,1,0.33,0,126,7
Farmainsieme,012745067,TACHIPIRINA*AD 10SUPP 1000MG,1,0.33,1,1233,
Farmainsieme,013868031,PROCTOSEDYL*CREMA RETT 20G,1,0.33,30,55,4
Farmainsieme,014371037,CORSODYL*SOLUZ 150ML 200MG/100,1,0.33,4,308,7
Farmainsieme,018554081,POLARAMIN*CREMA 25G 1%,1,0.33,1,2518,
Farmainsieme,018723080,"ACTIFED*12CPR 2,5MG+60MG",1,0.33,50,1553,5
Farmainsieme,023198043,VICKS SINEX*SPR NAS FL 10ML,1,0.33,0,290,4
Farmainsieme,023432038,MACMIROR COMPLEX*12 CPS VAG,1,0.33,0,364,7
Farmainsieme,023834056,"FLUIFORT*30BUST GRAT 2,7G",1,0.33,0,298,6
Farmainsieme,023834144,"FLUIFORT*SCIR 12BUST 2,7G/10ML",1,0.33,12,269,5
Farmainsieme,024552022,ARVENUM 500*30CPR RIV 500MG,1,0.33,0,122,4
Farmainsieme,025055029,TROSYD GINECOL*CR VAG 78G 1%,1,0.33,0,89,
Farmainsieme,025349109,TRAVOGEN*CREMA DERM 20G 1%,1,0.33,0,45,3
Farmainsieme,025519063,"MAG 2*OS SOLUZ 20BUST1,5G/10ML",1,0.33,2,374,
Farmainsieme,025669019,MOMENT*12CPR RIV 200MG,1,0.33,22,1288,1
Farmainsieme,025825023,RUSCOROID*CREMA RETT 40G 1%+1%,1,0.33,1,740,
Farmainsieme,028881011,"DROPYAL*COLL 20MONODOSI 0,65ML",1,0.33,0,69,5
Farmainsieme,031103017,ZOLFO E POTASSIO CARBONATO*UNG,1,0.33,0,268,2
Farmainsieme,032143024,BENZAC*GEL 40G 5%,1,0.33,0,425,
Farmainsieme,034246013,NUROFEN INFLUENZA RAFFR*12CPR,1,0.33,231,2428,6
Farmainsieme,034447045,"CELLUVISC*COLL 30F 0,4ML5MG/ML",1,0.33,0,61,4
Farmainsieme,035500026,VOLTADVANCE*20CPR RIV 25MG,1,0.33,6,774,6
Farmainsieme,035520016,VOLTADOL*5CER MEDIC 140MG,1,0.33,15,350,3
Farmainsieme,035520028,VOLTADOL*10CER MEDIC 140MG,1,0.33,20,255,3
Farmainsieme,035953025,"LAXIPEG*OS POLV 20BUST 9,7G",1,0.33,0,91,3
Farmainsieme,036193011,ESSAVEN*GEL 40G 10MG/G+8MG/G,1,0.33,2,410,1
Farmainsieme,036397026,REPARIL*GEL 40G 2%+5%,1,0.33,2,710,
Farmainsieme,037655038,CETIRIZINA EG*7CPR RIV 10MG,1,0.33,0,208,7
Farmainsieme,037899010,"FROBEN RAFFREDDORE*15ML 0,05%",1,0.33,0,108,
Farmainsieme,046080026,ENTEROGERMINA*OS 10FL 2MLD/5ML,1,0.33,0,511,3
Farmainsieme,046433292,GELSEMIUM SEM BOI*30CH GL 1G,1,0.33,4,51,3
Farmainsieme,047521024,"MAALOX*OS SOSP 250ML 4%+3,5%",1,0.33,0,245,3
Farmainsieme,047656145,NUX VOMICA DYN*6CH GR,1,0.33,0,89,5
Farmainsieme,049990017,VAGISIL ANTIMICOTICO*CR 30G 2%,1,0.33,11,91,3
Farmainsieme,103242044,ACARENE*SPRAY FL 300ML,1,0.33,0,1,3
Farmainsieme,800026472,MEDORRHINUM 30CH GL 1G,1,0.33,0,51,5
Farmainsieme,800217857,ARNICA 30CH GR,1,0.33,0,59,7
Farmainsieme,881222311,CANDIDA ALBICANS 200CH GR,1,0.33,0,1,
Farmainsieme,900057656,POMATA VERDE PLUS 500G,1,0.33,0,10,7
Farmainsieme,900360254,IDRASTIN CREMA RIGENERANTE50ML,1,0.33,0,8,5
Farmainsieme,900397872,MAGNESIO CARBONATO 100CPS,1,0.33,0,50,5
Farmainsieme,900533757,CLOREXYDERM SHAMPOO 250ML,1,0.33,0,97,
Farmainsieme,900595671,AG 15 PEELING 30ML,1,0.33,0,2,
Farmainsieme,900599895,ESI OLIO MANDORLE DOLCI 500ML,1,0.33,1,59,4
Farmainsieme,900883719,COLOPLAST DREN MIDI N/STER2245,1,0.33,0,1,2
Farmainsieme,900929086,LIQUIRIZIA SCATOLA GRIGIA 100G,1,0.33,0,50,1
Farmainsieme,901298341,KERAMINE H A/CAD 12F 6ML,1,0.33,0,5,7
Farmainsieme,901558609,QUOTIDIANA ANTIODORANTE 75ML,1,0.33,0,19,9
Farmainsieme,901648764,CICATRIDINA SPRAY 125ML,1,0.33,0,381,7
Farmainsieme,901962757,ORALB SATIN FLOSS FILO INTERDE,1,0.33,3,0,
Farmainsieme,902029038,DENTILINE PASTA 2G,1,0.33,0,145,6
Farmainsieme,902041096,BD MICRO*INS 100U 1ML 29G 1CON,1,0.33,0,53,5
Farmainsieme,902229653,MERISTEMO 27 TIREO 100ML,1,0.33,0,1,6
Farmainsieme,902237181,BIATAIN N/ADES P 15X15 5PZ,1,0.33,0,1,4
Farmainsieme,902293291,"SIR PIC INS 0,5 G29X12,7 30PZ",1,0.33,0,18,
Farmainsieme,902299458,CLOREXYDERM SOL SCH 200ML,1,0.33,0,85,
Farmainsieme,902567116,VENTRE ACTIVE 40CPS STV,1,0.33,0,2,
Farmainsieme,902596954,UROCLINNIX DET UROLOGICO 500ML,1,0.33,0,2,6
Farmainsieme,902649298,EMATONIL PLUS EMULS GEL 50ML,1,0.33,5,901,
Farmainsieme,902684315,PERSPIREX FOOT LOT ANTITR PIED,1,0.33,1,44,6
Farmainsieme,903034294,SYSTANE GTT OCULARI LUBR 10ML,1,0.33,0,181,
Farmainsieme,903474841,IMMUNOTOP PLUS 40CPR,1,0.33,0,17,7
Farmainsieme,903594517,VALERIANA CRONO 135 DUOFL30CPR,1,0.33,1,98,6
Farmainsieme,903622090,REUFLOR GOCCE 5ML,1,0.33,2,1411,6
Farmainsieme,903954550,MAVALA MINIC 396 VELVET,1,0.33,0,10,5
Farmainsieme,903980530,AVENE ACQUA TERMALE SPR 150ML,1,0.33,5,366,7
Farmainsieme,903986267,ORTOPAD SIMPATY CER JUNIOR 50P,1,0.33,0,9,6
Farmainsieme,904045820,TROFOVIT 14FL 10ML,1,0.33,0,85,1
Farmainsieme,904104193,SIDERAL 20CPS,1,0.33,4,297,7
Farmainsieme,904183187,VENORAL CREMA GAMBE 100ML,1,0.33,0,0,
Farmainsieme,904266210,PROFLUSS 15CPS,1,0.33,2,105,9
Farmainsieme,904359940,DILATAN PLUS DIL ANAL 18/20,1,0.33,0,71,3
Farmainsieme,904378597,SAPIGEN K SAPONE LIQ INT 250ML,1,0.33,0,112,7
Farmainsieme,904428517,VAGORELAX 30CPR,1,0.33,0,65,2
Farmainsieme,904433048,FLUVEN 20CPS,1,0.33,0,80,7
Farmainsieme,904675093,FORSTIP SCIROPPO 150ML,1,0.33,0,5,2
Farmainsieme,904793445,PHYTOLINFA 60CPS,1,0.33,0,1,3
Farmainsieme,905127864,VITGASE DETERGENTE 200ML,1,0.33,0,8,3
Farmainsieme,905357721,IDRATON 245 10BUST,1,0.33,0,1,3
Farmainsieme,905683330,SUPRAVIT OVER 50 60CPR,1,0.33,0,1,7
Farmainsieme,906012012,SAUGELLA GEL ATTIVA 30ML,1,0.33,4,42,
Farmainsieme,906039348,SERENITY MUTANDINA RETE XL 3P,1,0.33,0,11,7
Farmainsieme,906482753,GYNECOLASE DET INT 500ML,1,0.33,0,72,2
Farmainsieme,906531823,TEA TREE BAGNO DOCCIA 250ML,1,0.33,0,1,7
Farmainsieme,906864196,R&R BEVANDA RISO NATURALE 1L,1,0.33,0,50,2
Farmainsieme,906985268,MURNIL PLUS TABS 40CPR,1,0.33,0,2,
Farmainsieme,906985282,CALCIO AD3 PLUS 40CPR APPETIB,1,0.33,0,61,3
Farmainsieme,907152882,VASODREN 30CPR FILMATE,1,0.33,0,139,9
Farmainsieme,907182582,LENIDERM SPUMA DET 200ML,1,0.33,0,82,4
Farmainsieme,907340451,ARD COGITON 10FL 10ML,1,0.33,0,173,7
Farmainsieme,908188903,GIBAUD CAVIGL INCROC TAGLIA 4,1,0.33,0,1,5
Farmainsieme,908224431,LONGLIFE MAGNESIUM375 OR100TAV,1,0.33,0,195,
Farmainsieme,908232628,"DUODERM EX S 5MEDIC 7,5X7,5",1,0.33,0,72,
Farmainsieme,908314394,ESI LE DIECI ERBE 100TAV,1,0.33,1,579,
Farmainsieme,908401565,EUTRODIN CR EUTROFICA 40ML,1,0.33,0,76,6
Farmainsieme,908604147,LARIS CREMA DEOD ANTITR 75ML,1,0.33,3,720,8
Farmainsieme,908777079,ORIONE 316 SLIPERNIA ALTO BI 7,1,0.33,0,10,2
Farmainsieme,908778374,ORIONE 504 SLIP CONT COT DON 3,1,0.33,0,10,1
Farmainsieme,908858234,PONTEFIX SET FISSAGGIO PONTI,1,0.33,1,295,5
Farmainsieme,908919222,LONGLIFE INOSITOL 100CPR,1,0.33,0,35,1
Farmainsieme,909036699,NOCAVITY KIT OTTURAZIONI,1,0.33,3,195,4
Farmainsieme,909164461,SCHOLL CER CALLIF CALLI DU 8PZ,1,0.33,0,130,
Farmainsieme,909223253,"UNIGYN SAP PH4,5 100G",1,0.33,0,10,
Farmainsieme,909468237,CHELIDONIUM HOMAC 30ML GTTHEEL,1,0.33,0,19,5
Farmainsieme,909760237,REIDRAX 7BUST 10G,1,0.33,0,122,
Farmainsieme,909828143,ROYAL DERMOLIQUIDO 500ML,1,0.33,0,3,3
Farmainsieme,909861775,OMEGA PET 60PRL,1,0.33,0,90,1
Farmainsieme,909927016,PRO-PAD CR DERMATOLOGICA 100ML,1,0.33,0,56,7
Farmainsieme,910571987,GREENVET APADERM SPRAY 500ML,1,0.33,0,1,3
Farmainsieme,911951008,ACTINORM PASTA GATTI 65G,1,0.33,0,72,
Farmainsieme,912473511,ERGOZYM 250ML,1,0.33,0,4,2
Farmainsieme,912513532,LOPROFIN CRACKER 150G,1,0.33,0,59,7
Farmainsieme,912920042,EPITACT BARR SOTTODIAFIS D 1PA,1,0.33,0,57,
Farmainsieme,912923048,MI FIDO DENTIF COLLUT SPR 50ML,1,0.33,0,2,3
Farmainsieme,913117851,VERRULIX 30CPR,1,0.33,0,40,3
Farmainsieme,913209134,SKINDET ATTIVO DETERGENTE LIQ,1,0.33,0,0,
Farmainsieme,913228072,CLEARBLUE RILEVAZIONE RAPIDA1P,1,0.33,1,100,7
Farmainsieme,913228096,CLEARBLUE INDICATORE SETT 1PZ,1,0.33,19,325,6
Farmainsieme,920368723,ONETOUCH VERIO GLICEMIA 25STR,1,0.33,0,67,3
Farmainsieme,920586930,PROTECTION SPR AMBIENTE PROT,1,0.33,0,10,3
Farmainsieme,921034498,ALPECIN ENERGIZER TON DOPOSH,1,0.33,0,35,1
Farmainsieme,921189407,HOLLI SACCA G RUB+A/REF 30PZ,1,0.33,0,1,3
Farmainsieme,921671412,AUDISPRAY ADULT IGIENE SPR50ML,1,0.33,0,355,
Farmainsieme,922315318,FREESTYLE LITE GLICEMIA 25STR,1,0.33,0,99,7
Farmainsieme,922316740,TEGADERM ROLL CM10X2M 1PZ,1,0.33,0,3,4
Farmainsieme,922399629,REV US50 GEL 50ML,1,0.33,0,10,
Farmainsieme,922970266,FLOCARE SACCA SEMI RIGIDA 1L,1,0.33,0,4,3
Farmainsieme,923500300,PERVENE 30OVAL,1,0.33,0,234,
Farmainsieme,923590158,AQUACEL FOAM ADH 8X8CM 10PZ,1,0.33,0,11,5
Farmainsieme,924174319,ZEROTOX INOSITOX 30CPS,1,0.33,0,13,3
Farmainsieme,924178914,COMPLETA CANI 50CPR,1,0.33,0,63,2
Farmainsieme,924178938,COMPLETA GATTI 50CPR,1,0.33,0,52,4
Farmainsieme,924285719,DRENVIN 250ML,1,0.33,0,236,
Farmainsieme,924291913,VIGORDEM 30CPS,1,0.33,0,2,5
Farmainsieme,924293691,AQUACEL EXTRA HYDROFIBER 10X10,1,0.33,0,68,4
Farmainsieme,924547995,CEDRO LIB 100ML ANALCO GEM 10+,1,0.33,0,1,5
Farmainsieme,924548100,QUERCIA 100ML ANALCO GEMMO 10+,1,0.33,0,1,3
Farmainsieme,924753876,JUNIORSTAR BLU PENNA INSULINA,1,0.33,0,10,1
Farmainsieme,924786419,RASPAPIEDE FORTI CALLOSITA ASI,1,0.33,12,0,3
Farmainsieme,924931746,SENSURA MIO SAC P 10-55MM 30P,1,0.33,0,1,3
Farmainsieme,924931797,SENSURA MIO430 CLK CL MX 40MM,1,0.33,0,1,5
Farmainsieme,924931862,SENSURA MIO430 CLK CL MX 60MM,1,0.33,0,1,7
Farmainsieme,924961360,FREESTYLE OPTIUM TEST STR 25PZ,1,0.33,0,4,
Farmainsieme,924994179,CYSTIPHANE 120CPR,1,0.33,1,74,
Farmainsieme,925005757,OVAVIS 100PAST,1,0.33,0,12,1
Farmainsieme,925332494,"TENDOVIS SIR INTRA-ART 1,2ML",1,0.33,0,6,5
Farmainsieme,925512636,NEOBIANACID 45CPR MASTICABILI,1,0.33,4,1538,6
Farmainsieme,925596886,TECNICO BABY NEW AEROSOL PIST,1,0.33,0,1,1
Farmainsieme,925700890,HYPERMIX CREMA/GEL 30ML,1,0.33,0,107,
Farmainsieme,925828461,SOURCE OF LIFE GARDEN VIT D3,1,0.33,0,1,2
Farmainsieme,925856662,TRONCHESE CUTICOLE,1,0.33,0,1,6
Farmainsieme,926079322,CREMA NOCCIOLA TEO&BIA BIO,1,0.33,0,10,3
Farmainsieme,926213176,MY NAILS KERATIN REPAIR FORTE,1,0.33,0,12,7
Farmainsieme,926417559,PEDIALUT GOCCE 5ML,1,0.33,0,104,1
Farmainsieme,926505874,EUCERIN SUN OIL CONTROL 30,1,0.33,0,5,
Farmainsieme,926573561,COASTEN 12FLACONI MONOD 10ML,1,0.33,0,31,
Farmainsieme,926575465,POLICALM CREMA 400ML,1,0.33,0,48,3
Farmainsieme,926583360,ROYAL REGIME TEA 25BUSTE,1,0.33,0,50,5
Farmainsieme,926589363,MULTICARE-IN STRUMENTO 5PZ,1,0.33,0,10,7
Farmainsieme,926593601,ESI DIURERBE FORTE ANAN24POCK,1,0.33,77,79,3
Farmainsieme,926846611,PAPPA REALE 200ML LIQ ANALCO,1,0.33,0,11,3
Farmainsieme,927106854,SAMETIL 20CPR,1,0.33,2,112,
Farmainsieme,927140689,ELMEX PROTEZIONE CARIE PROFESS,1,0.33,2,143,7
Farmainsieme,927287452,DRENA LEVEL 1 GTT 50ML,1,0.33,0,1,
Farmainsieme,927604518,FIOREGLUT FARINA DOLC+PANE+PIZ,1,0.33,0,123,7
Farmainsieme,927972327,SCREEN DROGA TEST URINA 10DROG,1,0.33,0,59,6
Farmainsieme,930048451,STERI-STRIP CER 6X75MM 6PZ,1,0.33,0,111,7
Farmainsieme,930494087,LACTOFLORENE PLUS 7FL,1,0.33,0,80,
Farmainsieme,930537093,FARLINE LAT SOL SPF50 200ML,1,0.33,0,1,4
Farmainsieme,930625203,ALOVEX PROTEZ ATTIVA GEL 8ML,1,0.33,33,165,6
Farmainsieme,930625506,ALOVEX PROTEZ ATTIVA SPR 15ML,1,0.33,45,204,7
Farmainsieme,930666235,DEFENCE DEO ACTIVE VAPO 100ML,1,0.33,9,77,7
Farmainsieme,930669799,DERMOVITAMINA MICO ONICOMICOSI,1,0.33,5,256,
Farmainsieme,930720053,PROTHER SOD 30BUST 10G,1,0.33,0,1,
Farmainsieme,930866088,ATOS GOLA SPRAY 15ML,1,0.33,0,46,7
Farmainsieme,930957067,OMK1 SOLUZIONE OFT STER 10ML,1,0.33,1,535,
Farmainsieme,931054050,PURES SPRAY PREV PIDOCCHI 75ML,1,0.33,3,70,3
Farmainsieme,931127993,VALDISPERT GOCCE SONNO RAP30ML,1,0.33,0,25,
Farmainsieme,931467726,SAUGELLA PROTEGGISLIP 40PZ TP,1,0.33,8,685,6
Farmainsieme,931596492,UROPED 10BUST,1,0.33,0,98,7
Farmainsieme,931666756,CB12 TRATTAMENTO ALITOSI 250ML,1,0.33,1,58,3
Farmainsieme,931925111,ELMEX SENSITIVE PROF WHITE75ML,1,0.33,18,59,2
Farmainsieme,932077427,POLIDENT LUNGA TENUTA 40G,1,0.33,9,281,
Farmainsieme,932447307,NOSTIP COMPLEX 14BUST 6G,1,0.33,0,165,
Farmainsieme,932702032,HUBNER ORIG SILIC PL FR B 15BU,1,0.33,0,50,3
Farmainsieme,932720954,RINOWAY SALI ISOTONICI 15BUST,1,0.33,0,52,8
Farmainsieme,933015238,GUM ORTHO FLOSS FILO SPUGNOSO,1,0.33,0,68,
Farmainsieme,933893455,IRIDINA GTT LUBRIFICANTI 10ML,1,0.33,0,213,6
Farmainsieme,933946574,TRICOVEL SHAMPOO PRP PLUS,1,0.33,0,102,8
Farmainsieme,934018298,KILOCAL BRUCIA GRASSI 15CPR,1,0.33,0,119,
Farmainsieme,934026838,AINARA GEL VAGINALE IDRAT 30G,1,0.33,1,57,7
Farmainsieme,934036789,MOLLUSKIN SOLUZIONE 5ML,1,0.33,0,150,2
Farmainsieme,934388620,MILESAX 14BUST,1,0.33,1,561,
Farmainsieme,934416619,DICOFLOR ELLE 28CPS,1,0.33,1,340,
Farmainsieme,934433259,OXIMIX 3+ ALLERGO 40CPS,1,0.33,0,11,1
Farmainsieme,934486515,ARGA' BALSAMO 150ML,1,0.33,0,2,7
Farmainsieme,934504832,NEW ERA R 240GR,1,0.33,0,53,
Farmainsieme,934623671,DONNA SEMPRE PAUSA 30CPR,1,0.33,0,1,6
Farmainsieme,934625056,MELAXINA T GOCCE 30ML,1,0.33,0,77,2
Farmainsieme,934855572,STILLA BENESSERE 10ML,1,0.33,0,39,
Farmainsieme,934980020,ANONET ACTIRAG NEO 60G,1,0.33,3,175,7
Farmainsieme,935054914,MERIDOL COLLUTORIO 400ML,1,0.33,3,235,
Farmainsieme,935184390,AMINODAY 90CPR,1,0.33,0,1,3
Farmainsieme,935560413,INULAC 20CPS,1,0.33,0,23,3
Farmainsieme,935572990,LICHTENA CREMA COMPL OCTA 50ML,1,0.33,1,347,
Farmainsieme,935634030,LONGLIFE OPC COMPLEX 60CPS VEG,1,0.33,0,1,
Farmainsieme,935701375,KOLINAT LNP 30CPS,1,0.33,0,181,1
Farmainsieme,935740504,LINFADREN 30CPR,1,0.33,0,193,9
Farmainsieme,935810960,VAGISIL INTIMA GEL IDRAT MONOD,1,0.33,0,59,9
Farmainsieme,937030892,NOVA PROST 30CPS SOFTGEL,1,0.33,0,18,
Farmainsieme,937388460,MULTICARE IN GLUCOSIO 50STR,1,0.33,0,50,3
Farmainsieme,938224654,GEHWOL ANELLO CORRETTORE 3PZ,1,0.33,0,8,7
Farmainsieme,938493552,KERA' K2 CREMA 50ML,1,0.33,0,110,
Farmainsieme,938545264,PURES SPRAY PURIFICANTE 200ML,1,0.33,30,193,7
Farmainsieme,938685272,COGNIVEL 40SOFTGEL,1,0.33,0,85,2
Farmainsieme,938699182,OTOBOR SPR AURIC 50ML,1,0.33,1,300,
Farmainsieme,938805405,"YABRO AEROSOL 0,18% 5ML 10FL",1,0.33,0,22,1
Farmainsieme,938807676,ACCU-CHEK GUIDE 50 STRIPS RETA,1,0.33,0,20,
Farmainsieme,938815471,LONGLIFE LIPOIC 600 30CPR,1,0.33,0,16,
Farmainsieme,938894944,PRONTEX DOUBLE THERM 11X11CM,1,0.33,0,8,6
Farmainsieme,938980188,SIDERAL FORTE 20CPS,1,0.33,63,1822,
Farmainsieme,939146320,RECUGEL GEL OCULARE 10G,1,0.33,1,873,
Farmainsieme,939190296,HEMATITE NATURE'S CR VI DOPOB,1,0.33,0,10,3
Farmainsieme,939360739,SHAMPOO DERBE IG ANTIFORF200ML,1,0.33,0,5,5
Farmainsieme,939890758,ESTROMINERAL LIPID 20CPR,1,0.33,0,2,3
Farmainsieme,939901512,PRONTEX INTEGRA MISUR PRESS DI,1,0.33,0,1,3
Farmainsieme,940037486,AFTERSUN LOTION 400ML,1,0.33,10,0,5
Farmainsieme,940037551,FUSION WATER MAGIC BRONZ SPF50,1,0.33,8,21,7
Farmainsieme,940363017,HUMANA DG PLUS 470ML EXPERT,1,0.33,0,173,3
Farmainsieme,940364882,NATURE'S DIFFUSORE BIANCO ABET,1,0.33,0,6,
Farmainsieme,941181568,LONGLIFE B12 1000MCG 60TAV,1,0.33,0,117,
Farmainsieme,941617363,CORNEIAL GOCCE 10ML,1,0.33,0,210,
Farmainsieme,941693715,VITACALM ANSISTOP 60CPR,1,0.33,0,95,2
Farmainsieme,941836761,UROGERMIN PROSTATA 30SOFTGEL,1,0.33,0,145,
Farmainsieme,941836773,UROGERMIN PROSTATA 15SOFTGEL,1,0.33,0,75,10
Farmainsieme,941972236,INOFOLIC HP 20BUST,1,0.33,0,8,8
Farmainsieme,941998080,PUNTALI BASTONI REG ALT COPPIA,1,0.33,0,10,3
Farmainsieme,942113681,DOLIXIN 30CPR,1,0.33,0,1,3
Farmainsieme,942689480,CONDROMAX 18BUST,1,0.33,0,87,
Farmainsieme,942900527,ECOLEN CORPO FLUIDO 400ML,1,0.33,0,10,
Farmainsieme,943008437,EUTRIS PLUS 30CPR,1,0.33,0,10,
Farmainsieme,943081075,LIPOMAG 30CPS,1,0.33,0,9,1
Farmainsieme,943285609,RIBES PET SOLLIEVO 30PRL,1,0.33,0,100,7
Farmainsieme,943324487,COLLAGENDEP PINK BEAUTY20STICK,1,0.33,0,37,
Farmainsieme,943347118,GERMISDIN IGIENE CORPO 500ML,1,0.33,0,76,7
Farmainsieme,943361182,ALMETAX 30CPR,1,0.33,0,95,
Farmainsieme,943370864,FLORAMADRE 14BUST,1,0.33,0,32,7
Farmainsieme,943791160,RELAXIGEN PET MINI 20CPR,1,0.33,0,89,7
Farmainsieme,944064474,I SORBETTI COCOMINT ACQUA IDRA,1,0.33,0,10,3
Farmainsieme,944186586,ISDINCEUTICS HYAL BOOSTER 10F,1,0.33,2,11,1
Farmainsieme,944493271,NEW PURELAN CREMA CAPEZZOLI 7G,1,0.33,0,63,
Farmainsieme,944633611,LONGLIFE OLIO ORIGANO BIO60PRL,1,0.33,0,6,4
Farmainsieme,944700665,BABYGELLA PREBIOTIC PASTA150ML,1,0.33,0,54,3
Farmainsieme,944775547,PROSTAPET CANE GEL 60BUST,1,0.33,0,55,
Farmainsieme,944898105,CETILAR TAPE STRISCIA ADES ANE,1,0.33,1,203,3
Farmainsieme,944910254,IMOPRO DONNA 30CPS,1,0.33,0,57,5
Farmainsieme,944914492,MECENTAS 30CPS,1,0.33,0,3,1
Farmainsieme,944918655,PROLIFE ZEROGAS 45CPR,1,0.33,2,162,7
Farmainsieme,944944469,BIOLIVOIL BODYWASH 300ML,1,0.33,0,1,3
Farmainsieme,945025625,OXIMIX VITA B METIL 60CPS,1,0.33,0,3,1
Farmainsieme,945029369,TONICOGUNA PLUS 150ML,1,0.33,0,86,6
Farmainsieme,945122721,PETRASE DREN 30BUST,1,0.33,0,57,1
Farmainsieme,946449954,NATURAL VITA D3 100PRL,1,0.33,0,51,
Farmainsieme,947073704,RILASTIL ACNESTIL MICROPEELING,1,0.33,0,106,7
Farmainsieme,947123600,LITOBLOCK 30BUST,1,0.33,0,71,1
Farmainsieme,947228173,MIRLIFLOG 20CPR NF,1,0.33,0,34,7
Farmainsieme,947414381,NORMALIVER PET 50G,1,0.33,0,59,1
Farmainsieme,947489050,ISDIN HYAL MOISTURE SEN REFILL,1,0.33,0,0,
Farmainsieme,948087871,EUPHIDRA MASCARA CLOSE UP NERO,1,0.33,16,0,4
Farmainsieme,948088935,SAUGELLA POLIGYN SALV 15PZ,1,0.33,0,98,4
Farmainsieme,949437747,VIVA EYELINER BLU,1,0.33,1,0,6
Farmainsieme,949499560,NEURO LEVELS SPRAY 50ML,1,0.33,0,62,
Farmainsieme,949500058,PROFUMI CASA SPIC AGR RICAR,1,0.33,0,0,
Farmainsieme,949500882,LONGLIFE MIRTILLO RO COMP60CPS,1,0.33,0,50,
Farmainsieme,949878286,ALYVAL VITAL DET INTIMO 125ML,1,0.33,0,19,6
Farmainsieme,950030751,B-VITAL NEURO 60CPR RIVESTITE,1,0.33,0,76,5
Farmainsieme,950054522,PERVENE PLUS 30CPR,1,0.33,0,79,
Farmainsieme,950069955,RILASTIL XEROLACT OLIO DET,1,0.33,0,59,6
Farmainsieme,950075782,FEMAL INCOCONTROL 30CPS,1,0.33,0,60,6
Farmainsieme,950086076,EUCERIN SUN ACTINIC CONTROL NF,1,0.33,0,50,
Farmainsieme,950125815,IPERALA FORTE 10BUST,1,0.33,0,82,
Farmainsieme,950150387,VERAVIS PLUS ORIGINALE GR 90 g,1,0.33,0,1,3
Farmainsieme,950216390,MIAMO REFILL DEEP BALM CR 50ML,1,0.33,1,0,
Farmainsieme,950455586,HIPP COFANETTO PRIMI VIAG+ZAIN,1,0.33,1,0,3
Farmainsieme,950499537,DTOPIC SOLARE BAMBINI 100ML,1,0.33,0,181,8
Farmainsieme,950568422,RILASTIL AGELESS SC CR ANTIR,1,0.33,0,10,2
Farmainsieme,950831786,ORALB PRO-CLEAN CLINICAL,1,0.33,0,10,5
Farmainsieme,950912865,EPICUROS 20CPR,1,0.33,0,61,
Farmainsieme,950951412,COSMECEUTICAL HA LIP SHOT&FILL,1,0.33,5,0,
Farmainsieme,950975021,VIDERMINA INTIMA DET 500ML NF,1,0.33,0,131,
Farmainsieme,950978938,TRAMEXAL DECO' 30ML BRADERM,1,0.33,0,15,3
Farmainsieme,951162181,SUSTAIN FOR CATS 30BUST,1,0.33,0,10,1
Farmainsieme,951170063,FDR CREMA CORPO 240ML SPEC NEW,1,0.33,1,0,3
Farmainsieme,951171356,LONGLIFE RODIOLA 3% ROSAV400MG,1,0.33,0,40,7
Farmainsieme,951193299,LONGLIFE NADH MAX 60CPR RIVEST,1,0.33,0,27,
Farmainsieme,951215437,AVENE SOL ULTRA SIERO IDRATA,1,0.33,3,50,7
Farmainsieme,951228434,FLEXADIN ADVANCED MUSCLE SUPP,1,0.33,0,50,4
Farmainsieme,951241900,GLICEM STOP COMPLETE 60CPS,1,0.33,0,61,4
Farmainsieme,951270141,MULTIVITAMIN LIPOSOM POCKET 20,1,0.33,0,50,4
Farmainsieme,951273806,COLECRIL CALANUS ARTICO 60SOFT,1,0.33,0,13,6
Farmainsieme,951305150,VINOSUN STICK INV PROT/A SPF50,1,0.33,13,0,
Farmainsieme,951309549,MGK BOOSTER POLVERE 360G,1,0.33,0,10,2
Farmainsieme,951318474,CERAMOL SUN PROTECT STICK 25G,1,0.33,0,25,2
Farmainsieme,951332598,DEFENCE SUN 50 FONDOT COMP3 TA,1,0.33,2,50,
Farmainsieme,951337803,ESSAVEN ACTIVE 30CPR RIVESTITE,1,0.33,0,50,3
Farmainsieme,951340557,FISSAN LA PASTA A/PROT 150G NF,1,0.33,0,265,5
Farmainsieme,951343882,MITERA PRIMA 45CPR,1,0.33,0,2,5
Farmainsieme,951346016,"BREVICILLIN GOCCE 7,5G",1,0.33,0,55,3
Farmainsieme,951383823,ESI ERBAVEN MICROCIRCOLO 60CPR,1,0.33,0,50,
Farmainsieme,951388988,CELL LONGEVITY 90CPS,1,0.33,0,10,1
Farmainsieme,951456235,HIPP BABY CARE MOUSSE DET AZZ,1,0.33,4,0,1
Farmainsieme,951486214,PEDIATRICS BODY LOTION SPF50,1,0.33,16,10,3
Farmainsieme,951506043,STOMEK SOSPENSIONE 30STICK,1,0.33,0,56,
Farmainsieme,951567700,JALURONIUS CREAM B COMPLEX50ML,1,0.33,0,11,
Farmainsieme,951618420,CH BRACC PROF SIL 5PZ,1,0.33,11,85,7
Farmainsieme,951800794,STEROZEN FORTE 60CPS,1,0.33,0,13,5
Farmainsieme,951852084,CURASEPT BIOSMALTO PROT COLLUT,1,0.33,0,53,7
Farmainsieme,951852983,AUTAN DEFENSE FAMIGLIA SPRAY,1,0.33,4,72,2
Farmainsieme,951889930,APTODIN ESO 30STICKPACK,1,0.33,0,92,1
Farmainsieme,951891047,BUONAFLU SPRAY 20ML,1,0.33,0,71,3
Farmainsieme,951989805,CURASEPT PREVENT GENGIVE 16CPR,1,0.33,0,95,7
Farmainsieme,951992193,H PYLORI/IHP-602H RAPID TEST,1,0.33,0,50,3
Farmainsieme,970177477,TECNICO EASY BRACC WIDE 22-42,1,0.33,0,3,3
Farmainsieme,970373231,ELMEX SENSITIVE PROF RIPA&PREV,1,0.33,3,306,4
Farmainsieme,970516706,DETOX BIO INTENSIVO 3PZ 20ML,1,0.33,0,10,7
Farmainsieme,970706471,"ICROSS 15MONODOSE 0,35ML",1,0.33,0,54,
Farmainsieme,970711521,DESTROMANN 14BUST,1,0.33,0,13,2
Farmainsieme,970728251,REV KERATIN LIGHT 30CPS,1,0.33,0,32,
Farmainsieme,970929624,SALI DI ISCHIA BODYQUE MEDIT S,1,0.33,0,1,4
Farmainsieme,971052156,GLIADINES 30STICKPACK OS,1,0.33,0,85,7
Farmainsieme,971057878,FARINA MIGLIO BRUNO BIO 375G,1,0.33,0,10,1
Farmainsieme,971064783,TRIAMAG B6 36CPR,1,0.33,0,20,
Farmainsieme,971101136,RINAZINA AQUAMARINA SPR NAS IP,1,0.33,2,125,
Farmainsieme,971104993,ORG PH HYDRATE SHAMPOO 250ML,1,0.33,3,0,3
Farmainsieme,971170737,RESTIVOIL ANTIFORFORA 250ML TP,1,0.33,1,18,
Farmainsieme,971242298,IRON FOLIC 30CPS,1,0.33,0,2,3
Farmainsieme,971242603,MEDEL EAR TEMP,1,0.33,0,50,3
Farmainsieme,971260308,CLEARBLUE RILEVAZIONE PRECOCE,1,0.33,3,181,
Farmainsieme,971309758,SENSIFINE AR CREME 40ML,1,0.33,1,66,6
Farmainsieme,971347644,BIOREPAIR PLUS PARODONTGEL75ML,1,0.33,0,330,9
Farmainsieme,971485988,ANGSTROM PROT LATTE SOL SPF10,1,0.33,3,10,1
Farmainsieme,971553298,CONDRONIL COMPLEX 60CPR,1,0.33,0,61,1
Farmainsieme,971556903,ENTER-PRIZE 450G,1,0.33,0,1,3
Farmainsieme,972064632,ANSIRID 60CPS,1,0.33,0,2,6
Farmainsieme,972191593,PROPOLI PENSA 15CPR,1,0.33,0,4,3
Farmainsieme,972472841,DUALCOL 30CPR,1,0.33,0,1,
Farmainsieme,972525240,FOLAMET 30CPR 500MG,1,0.33,0,135,7
Farmainsieme,972596237,LINEAGIN OVULI 10OV,1,0.33,0,48,1
Farmainsieme,972760110,REVEE SCAR GEL 20G,1,0.33,0,105,2
Farmainsieme,973180781,SAUBER AD MAGLIA LISC 70D CAM3,1,0.33,0,1,6
Farmainsieme,973254321,STRATH IMMUN 200CPR,1,0.33,0,1,6
Farmainsieme,973327012,MEDEL ICARE MISUR PRESS BLUETO,1,0.33,0,1,1
Farmainsieme,973339106,ACTIVE MEMORY SOLETTA 44 1PA,1,0.33,0,1,7
Farmainsieme,973344450,IALOZON GEL 15ML,1,0.33,0,88,6
Farmainsieme,973476498,BLANX WHITE SHOCK TRATTAMENTO,1,0.33,0,5,5
Farmainsieme,973500301,PURES SPRAY TONICO CIRC 100ML,1,0.33,0,0,
Farmainsieme,973655424,TRIBULUS ESTRATTO TIT 80PAST,1,0.33,0,1,5
Farmainsieme,973713567,ESTEEM+ CHIUSO PRET30MM FIN ST,1,0.33,0,2,7
Farmainsieme,973919412,VITAMIN D3 1000UI 180PERLE,1,0.33,0,1,7
Farmainsieme,974036713,PUFATECH 100PRL,1,0.33,0,0,
Farmainsieme,974047615,SAUBER COL OPTOE 70 MICR NE 2,1,0.33,0,2,5
Farmainsieme,974047654,SAUBER COL OPTOE 140 MICR NE 2,1,0.33,0,2,7
Farmainsieme,974047678,SAUBER COL OPTOE 140 MICR NE 4,1,0.33,0,2,7
Farmainsieme,974053427,DERMOVITAMINA GEL VAGINALE IDR,1,0.33,0,69,6
Farmainsieme,974058048,SENSIVEN P22 CREMA CANOVA 50ML,1,0.33,0,127,
Farmainsieme,974107777,GLUCOSAMINA COMPOSTA VEG 90CPR,1,0.33,0,0,
Farmainsieme,974109276,CERAVE CREMA IDRATANTE 50ML,1,0.33,0,46,
Farmainsieme,974115127,SAFETY 1ST BLOCCA CASSETTI,1,0.33,0,4,1
Farmainsieme,974367029,LIPOTECH 800 20CPR,1,0.33,0,6,2
Farmainsieme,974369629,ALEXIOS 450MG 40CPS,1,0.33,0,10,3
Farmainsieme,974381257,REV IDRAX CONTOUR 15ML,1,0.33,0,21,2
Farmainsieme,974389280,AMADA CREMA NOTTE 50ML,1,0.33,0,24,6
Farmainsieme,974479343,CH GIOCO MSD CARILLON ORSETTO,1,0.33,1,5,3
Farmainsieme,974656480,PARODONTAX CP COOL MINT 75ML,1,0.33,2,210,5
Farmainsieme,974761823,NATURA+ SACCA CH GR OP 70MM,1,0.33,0,1,6
Farmainsieme,974762890,PROMUCOL NF 30BUST,1,0.33,0,1,
Farmainsieme,974885307,ANNURMETS HDL+ 30CPR,1,0.33,0,20,7
Farmainsieme,974893683,FIRST TO KNOW TEST GRAVID 2PZ,1,0.33,0,50,6
Farmainsieme,974988329,DOAFER 30CPS,1,0.33,0,15,5
Farmainsieme,975045168,INCAROSE CONC PURI CR STAMINAL,1,0.33,0,1,1
Farmainsieme,975054735,EUCERIN AQUAPHOR TRATT RIPA,1,0.33,0,82,
Farmainsieme,975082900,GIBAUD SPORT PRESS SOTTOROT 2,1,0.33,0,1,6
Farmainsieme,975173725,JANE PINZA PORTASUCCHIO,1,0.33,0,16,1
Farmainsieme,975173737,JANE PINZA PORTASUCCH+COPRITET,1,0.33,0,3,1
Farmainsieme,975296587,EPITACT TUTORE IMMOB PO/MA S M,1,0.33,0,10,
Farmainsieme,975359720,ASUDYN 60CPR,1,0.33,0,75,
Farmainsieme,975433107,AFTER BITE GEL EXTRA 20ML,1,0.33,0,50,3
Farmainsieme,975448337,SCHAR SAVOIARDI 200G,1,0.33,0,125,
Farmainsieme,975452487,ALOVEX FERITE CREMA IDROF 30ML,1,0.33,1,33,3
Farmainsieme,975508666,EUCERIN UREAREP EMULS10% 400ML,1,0.33,0,133,10
Farmainsieme,975522261,LITOPSOR COLLUTORIO 250ML,1,0.33,0,72,4
Farmainsieme,975588575,ZENTIVA SFIGMO PRO BRACCIO,1,0.33,0,50,4
Farmainsieme,975699442,PROSTAFLOR 30CPS,1,0.33,0,18,
Farmainsieme,975961867,PHYTAMIN CREMA VI SPF30 FOTOPR,1,0.33,0,0,
Farmainsieme,975975691,PIPERINA & CURCUMA PIU' 60CPS,1,0.33,0,52,3
Farmainsieme,976209852,CURAPROX CS 1006 SINGLE 1UN,1,0.33,0,5,
Farmainsieme,976218204,CALMA PETS 100ML,1,0.33,0,13,7
Farmainsieme,976292918,LUMAGE ULTRA 40CPR,1,0.33,0,110,
Farmainsieme,976337927,ALGONERV CREMA 75ML,1,0.33,0,67,3
Farmainsieme,976400996,XANADREN ARANCIA 10STICK,1,0.33,0,58,
Farmainsieme,976403877,PISOLINO TRIPTO 50ML,1,0.33,0,85,3
Farmainsieme,976593451,GRIFFONIA 100MG 5-HTP 30CPS,1,0.33,0,3,7
Farmainsieme,976595001,SOMATOLINE SKIN EXPERT FANGO DRENANTE 500G,1,0.33,1,0,7
Farmainsieme,976785509,OMNI BIOTIC STRESS REPAIR 56BU,1,0.33,0,43,
Farmainsieme,976796591,SOMAPROST PLUS 20STICK,1,0.33,0,64,1
Farmainsieme,977175886,ALKAGIN DETERGENTE FRESH INT,1,0.33,0,10,6
Farmainsieme,977254147,EQUIMEL 40CPS,1,0.33,0,3,1
Farmainsieme,977254200,COENZIMA Q10 FORTE 60CPS,1,0.33,0,81,
Farmainsieme,977662030,AVENE CICALFATE+CR RISTRUT40ML,1,0.33,15,186,7
Farmainsieme,977823778,EUCERIN ATOPIC CR FASI AC100ML,1,0.33,0,74,
Farmainsieme,978098869,NUVITA 7064 AIR55 COOL O 0M+ N,1,0.33,0,2,1
Farmainsieme,978250520,"LABELLO BLACKBERRY SHINE 5,5ML",1,0.33,0,9,
Farmainsieme,978255242,EMOFLON POMATA RETTALE 25G,1,0.33,1,148,
Farmainsieme,978305682,SAGINIL IN 10 CANNULE TUBO60ML,1,0.33,0,24,7
Farmainsieme,978473662,ANNURKOLEST 30CAPSULE,1,0.33,0,0,
Farmainsieme,978474649,PETMOD ARTRO XL 30BUST,1,0.33,0,10,6
Farmainsieme,978508341,KALANIT LIMONE 30BUST,1,0.33,0,81,
Farmainsieme,978691689,SUSTAIN S/M BREED 30BUST,1,0.33,0,13,3
Farmainsieme,978869030,RENOVA TRE COLLIRIO 10ML,1,0.33,2,250,10
Farmainsieme,978869865,CONNETTIVINA CER HITECH 10X10,1,0.33,0,21,
Farmainsieme,978918732,OTOXILACT DETERGENTE AURICOLA,1,0.33,0,8,6
Farmainsieme,979045111,MAIOLICHE SAPONE SIC LEM 500ML,1,0.33,2,4,1
Farmainsieme,979095484,NUXE HP FLORALE 50ML OLIO SECC,1,0.33,0,35,5
Farmainsieme,979373089,WELLION LUNA TRIO BIANCO KIT,1,0.33,0,10,3
Farmainsieme,979420320,ARTERIORO 20BUST,1,0.33,0,1,3
Farmainsieme,979945692,MACROCEA GYN HP 20BUST,1,0.33,0,45,7
Farmainsieme,980029033,PEDIAVIT COMPLESSO B SCIR100ML,1,0.33,0,39,7
Farmainsieme,980258937,COLIN A 1000 30FL 10ML,1,0.33,0,27,8
Farmainsieme,980287054,DEFENCE HAIR BALSAMO NUTR200ML,1,0.33,0,79,7
Farmainsieme,980292662,DERMOVITAMINA PRURITO INT ELLE,1,0.33,0,16,
Farmainsieme,980296279,CANDIDAS T 180PAST,1,0.33,0,1,5
Farmainsieme,980437040,ROVEN 20CPR RIVESTITE,1,0.33,0,16,5
Farmainsieme,980450439,TOPIALYSE PALPEBRAL CREMA 15ML,1,0.33,1,50,7
Farmainsieme,980453904,PHYTOPODAL SPRAY FRESH 125ML,1,0.33,0,1,3
Farmainsieme,980459034,VIDERMINA LUBRIPIU' CR INTIMA,1,0.33,1,174,
Farmainsieme,980480127,PUROMAN DETERGENTE 200ML,1,0.33,0,2,4
Farmainsieme,980504169,MASKOTTINA BAMBINA 3PZ,1,0.33,0,1,3
Farmainsieme,980629695,EMACRIT OROSOLUBILE 30STICK PA,1,0.33,0,51,
Farmainsieme,980644316,ALGASIV ADES PROT INF 30PZ,1,0.33,8,319,6
Farmainsieme,980767646,NEOSTRATA GEL PLUS 125ML,1,0.33,0,10,7
Farmainsieme,980770299,GIBAUD ORTHO LOMBOGIB LADY21 1,1,0.33,0,10,1
Farmainsieme,980783258,DENTINALE NATURAL 20ML,1,0.33,5,309,6
Farmainsieme,980783625,MUSTELA HYDRA BB CORPO 300ML,1,0.33,3,56,3
Farmainsieme,980804850,MAGNESIO SUPREMO REG INTES150G,1,0.33,1,293,7
Farmainsieme,980911782,NERADIN 56CPS,1,0.33,1,82,
Farmainsieme,981061599,HAIR NATURE SH TRATT ANTICAD,1,0.33,0,1,3
Farmainsieme,981113309,ZYMECOL 30CPR GASTRORESISTENTI,1,0.33,0,27,9
Farmainsieme,981265414,LACTOFLORENE REPAIR IBS 10BUST,1,0.33,0,99,5
Farmainsieme,981377866,PURONERV GEL INTIMO 50ML,1,0.33,0,3,3
Farmainsieme,981394772,CER ROC SOFFIX STRE 10X1000 F,1,0.33,0,77,
Farmainsieme,981405347,SNS2 60CPS,1,0.33,0,46,1
Farmainsieme,981427216,ANEMIK 60PAST,1,0.33,0,1,3
Farmainsieme,981432560,VENEGOLD 30CPR,1,0.33,0,53,7
Farmainsieme,981463096,GERMO DETERGENTE 1000ML,1,0.33,0,10,3
Farmainsieme,981470127,AMICOBOR SOL ALCOLICA 100ML,1,0.33,0,7,7
Farmainsieme,981475662,CERAVE OLIO DET IDRAT SCH473ML,1,0.33,0,120,
Farmainsieme,981553252,SOMATOLINE SKIN EXPERT DEFATICANTE GAMBE 125ML,1,0.33,2,0,4
Farmainsieme,981920933,SOLLIEVO FISIOLAX 90CPR,1,0.33,2,1794,
Farmainsieme,981928171,OLEA K2 GOCCE 20ML,1,0.33,0,362,
Farmainsieme,981929211,PERISTEEN PLUS REG CATET RE10P,1,0.33,0,1,1
Farmainsieme,981968593,RILASTIL ELASTICIZZANTE CR P S,1,0.33,0,72,1
Farmainsieme,981972108,DOLORINA 20CPR MASTIC NF,1,0.33,0,87,7
Farmainsieme,982006722,DELINAX PERMETRINA 7 60ML,1,0.33,0,19,2
Farmainsieme,982054482,CEREBRAIN FORTE 12FL 15ML,1,0.33,1,521,
Farmainsieme,982178028,ESI SERENESI 60NATURCAPS,1,0.33,0,62,
Farmainsieme,982182533,MEDIPRESTERIL IALUPRO ARTIC4PZ,1,0.33,0,4,2
Farmainsieme,982182851,ARTROGUARD 80CPR,1,0.33,0,50,3
Farmainsieme,982386474,COLICRON 15CPS,1,0.33,0,106,6
Farmainsieme,982465332,MUSTELA MUSTELA SPRAY CAMBIO 75ML,1,0.33,2,0,5
Farmainsieme,982466082,AMINOLIFE 20BUST,1,0.33,0,28,1
Farmainsieme,982483556,BREATHE RIGHT CLASSICI 30PZ,1,0.33,7,571,
Farmainsieme,982514364,BIOREM GOCCE 30ML,1,0.33,0,3,
Farmainsieme,982666416,ISDINCEUTICS FLAVO C FORTE 1FL,1,0.33,1,2,3
Farmainsieme,982941698,ESENTA FILM PROT SPRAY 50ML,1,0.33,0,214,2
Farmainsieme,982946713,CERAMOL SUN PROT CREAM SPF50+,1,0.33,0,4,5
Farmainsieme,982991729,CALMEX 10CPR,1,0.33,0,32,6
Farmainsieme,983191418,AUTAN DEFENSE DOPOPUNTURA 25ML,1,0.33,8,156,3
Farmainsieme,983307632,LIPONAMED 30CPR,1,0.33,0,244,
Farmainsieme,983325679,DR FILLERMAST CR HYALUR NUTRI,1,0.33,0,50,3
Farmainsieme,983364961,TUSSINA FLACONE 100G BUONAPET,1,0.33,0,58,
Farmainsieme,983372970,ESI LE DIECI ERBE GEL PSIL20BU,1,0.33,0,56,5
Farmainsieme,983513755,KUKIDENT PLUS BARRI A/CIBO 40G,1,0.33,10,869,
Farmainsieme,983543202,NEOCATE SYNEO 400G,1,0.33,0,51,7
Farmainsieme,983674805,EXOMEGA CONTROL OLIO LAVAN RIC,1,0.33,52,59,3
Farmainsieme,983779657,COMPEED CER VESCICHE MEDIO10PZ,1,0.33,1,264,
Farmainsieme,983789696,KRIN UP LEI 30CPR,1,0.33,0,48,
Farmainsieme,983831494,MEDICIST 20BUST,1,0.33,0,3,6
Farmainsieme,984159311,DEXERYL 500G C/POMPA,1,0.33,11,381,7
Farmainsieme,984207098,MENOVAMP CIMICIFUGA 60CPS,1,0.33,0,75,
Farmainsieme,984561377,FORMULA COLESTEROLO BERB 30CPR,1,0.33,0,183,1
Farmainsieme,984562278,PARANIX SH EXTRAFT MDR 200ML,1,0.33,0,196,7
Farmainsieme,984562304,PARANIX TRATTAMENTO PIDOC/LEND,1,0.33,0,56,
Farmainsieme,984562316,PARANIX TRATTAMENTO PID/LEN TP,1,0.33,0,51,5
Farmainsieme,984563256,ACN EXFOSOLUTION 60ML,1,0.33,0,2,3
Farmainsieme,984598514,ARTICOLINA FORTE 60CPR,1,0.33,0,53,
Farmainsieme,984746103,COGNIZANT 10FL 10ML,1,0.33,0,248,7
Farmainsieme,984791956,LEVELIPDUO PLUS 28STICK,1,0.33,0,120,2
Farmainsieme,984797860,CARDIONAM 30CPR,1,0.33,0,203,
Farmainsieme,984802138,GIUSTO S/ZUCCH FROLL CIOC 350G,1,0.33,0,12,7
Farmainsieme,984805770,BUTIRRISAN 90CPR,1,0.33,2,112,10
Farmainsieme,984834251,MONACOL Q10 40CPR,1,0.33,0,1,2
Farmainsieme,984846764,UROXIN 4G 14BUST,1,0.33,0,110,
Farmainsieme,984863973,LIPOZAF 30CPR,1,0.33,0,67,1
Farmainsieme,984864431,WINPROST 30CPS,1,0.33,0,34,
Farmainsieme,984871145,PEDIAFER PLUS GOCCE 15ML,1,0.33,0,150,7
Farmainsieme,984881401,AVENE RISTRUTTURANTE DOPO200ML,1,0.33,1,82,7
Farmainsieme,984892594,ANGSTROM KIDS MOUSSE SPF50 150,1,0.33,12,10,1
Farmainsieme,984899652,POL PODACTIVE 75ML,1,0.33,0,133,7
Farmainsieme,984982975,IMMUNO ELIOS DOPOSOLE IDRAT BB,1,0.33,0,55,5
Farmainsieme,984999437,HIPP BABY CARE CREMA CAMBIO,1,0.33,2,50,6
Farmainsieme,985002029,ZYLKENE PLUS CANI 15-60KG,1,0.33,0,10,7
Farmainsieme,985009493,PHOTODERM PED LAIT SPF50+200ML,1,0.33,0,1,3
Farmainsieme,985124320,VAGISIL DETERGENTE PH BALANCE,1,0.33,0,3,7
Farmainsieme,985513100,PALPEBRAL BAUME 30ML,1,0.33,0,71,
Farmainsieme,985593793,RENAL COMBI POLVERE 240G,1,0.33,0,81,
Farmainsieme,985820846,EUCERIN PH5 OLIO DET DOCCIA,1,0.33,0,54,
Farmainsieme,985995517,PAMPERS BABY CARE SALVAPI S/M,1,0.33,0,1,
Farmainsieme,985995543,INSULIPID 60CPR,1,0.33,0,1,
Farmainsieme,986075240,NORMOTIR 30CPS MOLLI,1,0.33,0,22,7
Farmainsieme,986117570,CARDIORITMON COLESTEROLO 30CPS,1,0.33,0,1548,
Farmainsieme,986486037,BIOCALM COMPOSTO KIDS 30ML,1,0.33,0,0,
Farmainsieme,986625818,OILFREE ATTIVO 300ML,1,0.33,0,28,7
Farmainsieme,986709778,TENA LIGHTS SENS NORMAL 16PZ,1,0.33,0,17,7
Farmainsieme,986845889,RINOLYSYAL 15ML,1,0.33,0,122,
Farmainsieme,986861870,DTOPIC CREMA LIPOFILA 30ML,1,0.33,0,93,
Farmainsieme,986864522,NUTILIS AQUA GEL LIM 4PZ,1,0.33,0,55,7
Farmainsieme,986887471,SELFTEST HIV 1/2 SOFARMAPIU',1,0.33,0,115,
Farmainsieme,986903110,"EROXON 4TUB 0,3ML",1,0.33,0,80,10
Farmainsieme,986956629,PHYTO COL BARRIERA 20CPR,1,0.33,0,5,1
Farmainsieme,986971291,GIBAUD ORTHO ARTIGIB 3D GIN 3,1,0.33,0,1,
Farmainsieme,987249950,BENDIAR PASTA 30G,1,0.33,0,32,7
Farmainsieme,987315811,SCREEN TEST CANDIDA SELFTEST1P,1,0.33,0,0,
Farmainsieme,987378597,NATALBEN PRIMA PLUS 30CPS,1,0.33,0,69,2
Farmainsieme,987412107,XLS DRENA 10FL 70ML TP,1,0.33,0,50,4
Farmainsieme,987437175,POLASE ARANCIA 12BUST PROMO 24,1,0.33,19,66,
Farmainsieme,987653096,REMESCAR VITAMINA C SIERO 30ML,1,0.33,0,10,6
Farmainsieme,987671649,FAME E UMORE 60CPR,1,0.33,0,10,
Farmainsieme,987717360,DR FILLERMAST HYAL IDRA BOOST,1,0.33,0,10,3
Farmainsieme,987812993,FLEBA 20CPR,1,0.33,0,0,
Farmainsieme,987834506,OTINOVA SPRAY AURICOLARE 15ML,1,0.33,0,50,
Farmainsieme,987900002,"KEEN WHISP W-CAYEN/BRICK 8,5W",1,0.33,0,28,4
Farmainsieme,987904695,KALOIDON GEL CICATRICI 30ML,1,0.33,0,83,7
Farmainsieme,987964766,ALGOTEND 14BUST,1,0.33,0,130,8
Farmainsieme,988013734,EMOFORM GENGIVE SANE 100ML,1,0.33,0,204,8
Farmainsieme,988042317,CH VIDEO BABY MONITOR EVOLUT,1,0.33,0,2,3
Farmainsieme,988050593,"TAZARENE CREMA 0,05% 75ML",1,0.33,0,26,3
Farmainsieme,988206025,MANGO SUEDE W NAVY BLUE 36,1,0.33,0,10,1
Farmainsieme,988227308,LINFOCINETIC PLUS 60CPR,1,0.33,0,283,10
Farmainsieme,988288623,PROZINC SIR INS VETE 1ML 120PZ,1,0.33,0,50,7
Farmainsieme,988754786,SCHOLL TALLONIERA GEL STANDARD,1,0.33,0,243,
Farmainsieme,988775728,BIO OIL 60ML TAGLIO PREZZO,1,0.33,0,51,3
Farmainsieme,988784017,CBMOUSSE DETERGENTE INTIMO TER,1,0.33,0,0,
Farmainsieme,988827895,CAUDALIE RESVERATROL LIFT SIERO 30ML,1,0.33,2,0,
Farmainsieme,988896977,BIONIKE DEFENCE COLOR MASCARA 3D 11ML,1,0.33,1,0,
Farmainsieme,988927240,ONCOS SOS DERMA 30ML,1,0.33,0,10,1
Farmainsieme,989015185,KALANIT 3 60CPR S/ZUCCHERI,1,0.33,0,62,3
Farmainsieme,989023054,ALUSEB 30CPR,1,0.33,0,11,6
Farmainsieme,989047687,KIJIMEA FLORACARE 28CPS,1,0.33,0,38,
Farmainsieme,989054919,MACA PURA 60CPR,1,0.33,0,2,7
Farmainsieme,989267657,PLAS BROMELINA 20STICK PACK,1,0.33,0,84,6
Farmainsieme,989332895,AVENE SOL FLUIDO A/ETA' SPF50,1,0.33,3,76,7
Farmainsieme,989333808,AVENE SOLARE ULTRA FLUID SPF50 50ML+HYAL ACT B3 SI,1,0.33,7,0,3
Farmainsieme,989404470,BIOCLIN DEO CONTROL TALC NF,1,0.33,0,23,6
Farmainsieme,989600376,BIORITMON C 1000 VIT C 10BUST,1,0.33,14,89,1
Farmainsieme,989634579,FAVE DI FUCA CLASSICO 40CPR,1,0.33,0,0,
Farmainsieme,989656982,VIDERMINA LUBRIPIU' OLIO IDRAT,1,0.33,0,76,
Farmainsieme,989669724,DEFENCE SUN 15 LATTE SPR 200ML,1,0.33,4,50,
Farmainsieme,989669751,DEFENCE SUN 30 CR VISO FON50ML,1,0.33,0,61,
Farmainsieme,989669775,DEFENCE SUN 30 LATTE FLUI200ML,1,0.33,1,73,
Farmainsieme,989669799,DEFENCE SUN 30 SPRAY 200ML,1,0.33,0,50,
Farmainsieme,989809912,COLPHARMA BRACCIALETTI A/ZANZ,1,0.33,0,50,
Farmainsieme,989819964,COLLAGENE MULTIFUNZIONE 260G,1,0.33,0,127,
Farmainsieme,989851478,SAMETIL ORO 20BUST,1,0.33,0,31,
Farmainsieme,989874173,SOMAT SKIN EX RASS BRACCIA,1,0.33,0,17,
Farmainsieme,990047870,ORALB MAN FILO INTERD CERA MEN,1,0.33,0,50,3
Farmainsieme,990078178,IDRORAL 45CPR MUCOADESIVE,1,0.33,0,69,7
Farmainsieme,990402834,CERAMOL AG GEL 30ML,1,0.33,0,15,6
Farmastelia,005638022,LUAN*GEL 100G 1% CHIRURGICO,1,0.33,0,65,5
Farmastelia,010386011,HIRUDOID 25000UI*CREMA 40G,1,0.33,0,62,5
Farmastelia,010386098,HIRUDOID 40000UI*CREMA 100G,1,0.33,0,245,5
Farmastelia,012812018,ROVIGON*30CPR RIV MAST,1,0.33,1,71,9
Farmastelia,015784097,BIOCHETASI*OS GRAT EFF 18BUST,1,0.33,39,1400,12
Farmastelia,019875044,CONNETTIVINA*CREMA 15G 2MG/G,1,0.33,1,0,5
Farmastelia,022088088,"TANTUM VERDE*NEBUL FL 15ML0,3%",1,0.33,2,541,3
Farmastelia,023356076,DAFLON*120CPR RIV 500MG,1,0.33,0,50,
Farmastelia,023603196,PEVARYL*SOL CUT 30ML 1% SPRAY,1,0.33,1,37,3
Farmastelia,027077027,NTR*SPRAY NASALE 15ML,1,0.33,0,0,
Farmastelia,027456033,CLAREMA*CREMA 30G 1%,1,0.33,0,214,4
Farmastelia,028228171,LORENIL*1CPS MOLLI VAG 600MG,1,0.33,1,6,2
Farmastelia,028700033,VAGISIL*CREMA 20G 2%,1,0.33,1,561,
Farmastelia,028742031,RINOCALYPTOL*SPRAY NAS FL 15ML,1,0.33,1,111,8
Farmastelia,028881011,"DROPYAL*COLL 20MONODOSI 0,65ML",1,0.33,0,9,9
Farmastelia,029565013,"LAEVOLAC*SCIR 180ML 66,7%",1,0.33,0,0,
Farmastelia,032039012,"LACRINORM*GEL OFT 10G 0,01%",1,0.33,0,18,4
Farmastelia,032068013,"ZINCOMETIL*0,02%+0,01%COLL15ML",1,0.33,0,17,
Farmastelia,033205028,FERTOMCIDINA U*SOLUZ FL 200ML,1,0.33,0,6,1
Farmastelia,034329110,TACHIPIRINA FLASHTAB*12CPR 125,1,0.33,5,0,5
Farmastelia,034603011,VERUNEC*FL 15G+15G/100G COLLOD,1,0.33,1,165,7
Farmastelia,035060021,LOZIONE VITTORIA*FL 1000ML,1,0.33,0,12,3
Farmastelia,035406014,SERTADERM*CREMA 30G 2G/100G,1,0.33,0,4,2
Farmastelia,038204020,"REGOLINT*OS POLV 20BUST 9,7G",1,0.33,0,13,3
Farmastelia,038353025,DOLAUT MONO*8CER MED 14MG,1,0.33,0,1,3
Farmastelia,046080026,ENTEROGERMINA*OS 10FL 2MLD/5ML,1,0.33,1,0,1
Farmastelia,046175081,MACROGOL AURO*20BUST 10G,1,0.33,0,0,
Farmastelia,046896015,GUNA BETA ENDORFIN*C6 GTT 30ML,1,0.33,0,1,5
Farmastelia,047521024,"MAALOX*OS SOSP 250ML 4%+3,5%",1,0.33,0,391,1
Farmastelia,047584937,STAPHYSAGRIA DYN*XMK GL,1,0.33,0,1,3
Farmastelia,047748138,RHUS TOX DYN*5CH GR,1,0.33,0,1,5
Farmastelia,047812045,DAFLON*30CPR RIV 500MG,1,0.33,1,0,1
Farmastelia,049174016,TRAVELGUM*10GOMME MAST 20MG,1,0.33,0,637,1
Farmastelia,049773056,ARTESIAR*60CPR RIV 500MG,1,0.33,0,151,6
Farmastelia,049773068,ARTESIAR*120CPR RIV 500MG,1,0.33,0,108,4
Farmastelia,050574045,DICLOFENAC EG*GEL 100G 20MG/G,1,0.33,0,706,3
Farmastelia,101980023,LENDUE GOCCE*OS FL GTT 12G,1,0.33,0,14,2
Farmastelia,103238073,ZANCO*SPRAY 250ML,1,0.33,0,1,2
Farmastelia,103249013,NEOFORACTIL SPRAY*200ML,1,0.33,0,0,
Farmastelia,103629010,ADVANTIX SPOT ON*1PIP 0-4KG,1,0.33,0,54,5
Farmastelia,104918026,AMFLEE COMBO*3PIP GATTI/FURETT,1,0.33,0,270,3
Farmastelia,105723023,"ADTAB*3CPR 56MG CANI 1,3-2,5KG",1,0.33,0,16,11
Farmastelia,105723124,"ADTAB*3CPR 12MG GATTI 0,5-2KG",1,0.33,0,45,10
Farmastelia,800124327,GLANDULA THYRE SUIS INJ 10F HE,1,0.33,0,1,4
Farmastelia,800164814,APO EPA 30ML GTT SPG PEKANA,1,0.33,0,2,1
Farmastelia,800219267,IGNATIA AMARA 30LM GL,1,0.33,0,1,4
Farmastelia,800220840,HOMEOS 31 GOCCE 50ML,1,0.33,0,1,3
Farmastelia,800225981,ANTIAGE DOL GR 4G,1,0.33,0,1,2
Farmastelia,800283982,"CURASYN 49 30CPS 0,5G",1,0.33,0,0,
Farmastelia,800601167,2LMISEN 30CPS,1,0.33,0,2,8
Farmastelia,800622716,ECHINACEA ANGUST 30ML TM,1,0.33,0,2,2
Farmastelia,800641134,ARNICA 200K 10ML GTT,1,0.33,0,0,
Farmastelia,800699732,TEUCRIUM MARUM 9CH GR,1,0.33,0,0,
Farmastelia,801210319,SIN 3 GOCCE 50ML,1,0.33,0,3,2
Farmastelia,801210612,SIN 32 50ML GTT,1,0.33,0,5,2
Farmastelia,801210954,DRE 5 50ML GTT,1,0.33,0,0,
Farmastelia,801605041,MIMULUS GUN GTT 10ML,1,0.33,0,3,8
Farmastelia,801605383,WILD ROSE GUN GTT 10ML,1,0.33,0,2,7
Farmastelia,881073480,CVA2 SPECIALE 30CPS IMMUNOVAND,1,0.33,0,0,
Farmastelia,881073934,FEE SOS 15ML,1,0.33,0,0,
Farmastelia,881448157,FEE LIBIDO M 15ML,1,0.33,0,3,5
Farmastelia,900051564,DETSKIN ATTIVO SHAMPOODOCCIA,1,0.33,0,3,2
Farmastelia,900079068,PHYTO NOTTE 30CPS VEGETALI,1,0.33,0,11,3
Farmastelia,900087610,PROMOLIGO 9 MG 20F 2ML,1,0.33,0,2,6
Farmastelia,900095264,PRONTEX GUANTO LATTICE S/P M,1,0.33,0,1,4
Farmastelia,900095769,MELIVEN PLUS 20SOFTGEL,1,0.33,0,343,
Farmastelia,900099312,JOJOBA OLIO VEGETALE 100ML,1,0.33,0,7,1
Farmastelia,900119254,TSA EQUISETUM ARVENSE 50ML,1,0.33,0,1,5
Farmastelia,900139383,AVENE COLD CREAM 40ML,1,0.33,0,31,8
Farmastelia,900161682,SERENUM 80CPS,1,0.33,0,1,9
Farmastelia,900176227,LONGLIFE AMINO COMPLEX 60TAV,1,0.33,0,22,3
Farmastelia,900285065,PHYSIOGEL AI CREMA LENITIVA,1,0.33,0,648,2
Farmastelia,900288299,"CER ROC LEUKOPOR 2,50X920CM",1,0.33,1,36,1
Farmastelia,900312695,RIBES NERO MG 200ML,1,0.33,0,2,2
Farmastelia,900314752,ACTIMOUSSE SCHIUMA DETERGENTE,1,0.33,0,40,5
Farmastelia,900319070,CROMOVIT PHARCOS 60CPS,1,0.33,0,132,10
Farmastelia,900411101,MOST GEL ASTRINGENTE 50ML,1,0.33,0,0,
Farmastelia,900427636,KIRON ARGEA ARGILLA 250ML,1,0.33,0,21,9
Farmastelia,900463884,ARTIKRILL 120PRL,1,0.33,0,25,5
Farmastelia,900469711,NIKE CK ASCORB K 200BUST,1,0.33,0,200,7
Farmastelia,900505138,EMOSALV PLUS TAMPONE NAS KIT,1,0.33,0,13,5
Farmastelia,900531118,MUTANDA ERNIA C/CUSC 5,1,0.33,0,4,4
Farmastelia,900538962,MELISSA 17 50ML TM,1,0.33,0,15,9
Farmastelia,900589286,OTOVENT 5PALLONCINI+1CANNULA,1,0.33,0,509,3
Farmastelia,900604606,KALTOSTAT TAMPONE 2G 5PZ 9256,1,0.33,0,1,2
Farmastelia,900654942,CONVEEN GUA SEC+30MM 30PZ 5230,1,0.33,0,2,1
Farmastelia,900654955,CONVEEN GUA SEC+35MM 30PZ 5235,1,0.33,0,1,5
Farmastelia,900698440,GARZA 12/8 IDROF 40X40CM 1KG,1,0.33,0,7,8
Farmastelia,900729664,QUOTIDIANA ANTIODORANTE 30ML,1,0.33,0,16,4
Farmastelia,900748486,GEHWOL CREMA EXTRA 75ML,1,0.33,0,34,6
Farmastelia,900764325,GEHWOL PEDILUVIO POLVERE 400G,1,0.33,0,82,7
Farmastelia,900777119,GINSENG KOREAN EXTRACT 30G,1,0.33,0,2,3
Farmastelia,900794165,PRUREX EMULSIONE 75ML,1,0.33,0,28,5
Farmastelia,900811668,FISIAN DET CUTE/MUCOSE 200ML,1,0.33,1,1256,9
Farmastelia,900851294,DITRAPSOR SHAMPOO 100ML,1,0.33,0,44,4
Farmastelia,900883467,COLOPLAST DREN STER MIDI 2215,1,0.33,0,2,1
Farmastelia,900924275,PERISTEEN ANALPLUG 13/45MM 10P,1,0.33,0,1,3
Farmastelia,900944366,SEBOZERO SH 250ML,1,0.33,0,30,4
Farmastelia,900961210,OLIO 31 FORMULA ORIG USO ESTER,1,0.33,0,28,3
Farmastelia,900976135,ULTRA TWO MULTIVIT 90TAV,1,0.33,0,1,3
Farmastelia,900976390,FERRO 40 MG 90TAV,1,0.33,0,3,5
Farmastelia,901074310,PUERVIT 10FL 10ML,1,0.33,0,62,2
Farmastelia,901128088,REINFORCE MAGNESIO+POTASS30CPR,1,0.33,0,2,2
Farmastelia,901153635,BD MICROFINE AGO G31 5MM 100PZ,1,0.33,0,0,
Farmastelia,901165098,BABYVIT MULTIVIT 25ML,1,0.33,0,1,3
Farmastelia,901179010,TIMODORE POLVERE 75G,1,0.33,1,1191,10
Farmastelia,901240402,HOLZHACKER FRAN SOLUZIONE250ML,1,0.33,0,7,1
Farmastelia,901273680,ORIONE 9191 COL CER RIG REG XL,1,0.33,0,1,2
Farmastelia,901347613,MYCOGEL GEL DETERGENTE 150ML,1,0.33,0,74,5
Farmastelia,901373833,ORIGANO SPAGNA OE 10ML,1,0.33,0,43,6
Farmastelia,901374088,SANDALO OLIO ESSENZIALE 10ML,1,0.33,0,1,5
Farmastelia,901374912,MALVA MUCILLAGINE 200ML,1,0.33,0,206,4
Farmastelia,901430672,MAN SUPPORT 15COT GAMB 15 NE 5,1,0.33,0,12,2
Farmastelia,901456905,BRILLANT PLUS 2V SIL TIE CH16,1,0.33,0,31,1
Farmastelia,901466957,SENSIBIO H2O SOL MICELL 250ML,1,0.33,0,485,6
Farmastelia,901475261,COVERMARK CONCEALER 3 6G,1,0.33,0,0,
Farmastelia,901538280,SHAMPOO ESTRATTO MIGLIO/SOJA,1,0.33,0,2,5
Farmastelia,901538316,SHAMPOO DOCCIA SPORT 200ML,1,0.33,0,0,
Farmastelia,901538417,LACCA ESTRATTO MIGLIO 150ML,1,0.33,0,61,4
Farmastelia,901541298,NOCE 100ML MG,1,0.33,0,4,4
Farmastelia,901554550,RUSCH GOLD P AD 2V TIE CH20 1P,1,0.33,0,2,2
Farmastelia,901554790,RUSCH GOLD P AD 3V CH18 15 1PZ,1,0.33,0,1,1
Farmastelia,901558320,BRUNEX CREMA 30ML,1,0.33,0,49,3
Farmastelia,901558609,QUOTIDIANA ANTIODORANTE 75ML,1,0.33,0,492,9
Farmastelia,901560351,PAMPERS PROGRESSI NEWBORN 28PZ,1,0.33,0,58,6
Farmastelia,901572925,MELLIN BRODO POLLO 10X5G,1,0.33,0,17,1
Farmastelia,901633937,PHYSIOGEL CREMA IDRATANTE150ML,1,0.33,0,234,6
Farmastelia,901645907,CITICOOS 24CPR,1,0.33,0,70,6
Farmastelia,901656177,FITTYDENT COMFORT CUSC ADES 15,1,0.33,0,26,6
Farmastelia,901713990,PASTA EUROSPITAL PROT 100ML,1,0.33,0,21,8
Farmastelia,901741241,MIGLIOCRES 60CPS,1,0.33,0,13,5
Farmastelia,901741254,MIGLIOCRES 120CPS,1,0.33,0,15,3
Farmastelia,901773580,STOMODINE GEL GENG CANI 30ML,1,0.33,0,1041,4
Farmastelia,901818690,PROBOSAN GTT 100ML,1,0.33,0,1,1
Farmastelia,901924795,CK PROMIN AC ASCORB+BICARB 200,1,0.33,0,1,3
Farmastelia,902048115,MILTON BACINELLA NUOVA 5L,1,0.33,0,4,8
Farmastelia,902068586,GIBAUD ORTHO COLL CERV MORB B1,1,0.33,1,5,1
Farmastelia,902109204,VENDEP 30CPS,1,0.33,0,1034,5
Farmastelia,902131515,AMPOLLA MEFAR 2001 C/BOCCAGLIO,1,0.33,0,6,9
Farmastelia,902133127,REMEDIUM 11 REVEN 100ML,1,0.33,0,1,3
Farmastelia,902146543,HERBONIC POLVERE 200G,1,0.33,0,0,
Farmastelia,902171495,IALUSOL GOCCE OCULARI 15ML,1,0.33,0,129,9
Farmastelia,902183072,VEA MARSIGLIA SAP NAT 100G,1,0.33,0,55,5
Farmastelia,902200056,SHAMPOO OLIO MACASSAR 150ML,1,0.33,0,1,4
Farmastelia,902224753,SUPPORTO POLSO/POLLICE 1089 L,1,0.33,0,0,
Farmastelia,902229451,MERISTEMO 10 IMMUNO 100ML,1,0.33,0,1,2
Farmastelia,902229576,MERISTEMO 20 100ML,1,0.33,0,2,8
Farmastelia,902229590,MERISTEMO 22 NEFRO 100ML,1,0.33,0,4,4
Farmastelia,902240771,F STOP GEL 500ML,1,0.33,0,0,
Farmastelia,902244666,CONVEEN SEC+ SACCA500 30CM 8PZ,1,0.33,0,1,3
Farmastelia,902267210,POTENTIAL N KAPPA 60CPS,1,0.33,0,1,3
Farmastelia,902298140,B COMPLEX 60CPR,1,0.33,0,34,5
Farmastelia,902304373,LIGASANO MEDIC PUR 15X10CM26PZ,1,0.33,0,0,
Farmastelia,902338627,BIOGEL PROT DITA GR BLIST 1PZ,1,0.33,0,0,
Farmastelia,902339338,BIOGEL FASCIA TUBOL GR BLIST2P,1,0.33,0,1,4
Farmastelia,902350053,VEGAL GAMB BEI XL 1PZ,1,0.33,0,3,1
Farmastelia,902359443,CALMIN GOCCE 30ML,1,0.33,0,5,3
Farmastelia,902401254,MSM ZOLFO 90CPS,1,0.33,0,11,1
Farmastelia,902465893,PROTEFIX CUSCINETTO INFER 30PZ,1,0.33,0,0,
Farmastelia,902473281,MIRTILLO ESTRATTO SECCO 60CPR,1,0.33,0,7,5
Farmastelia,902484171,ANGIOVEIN 20CPS GELATINA,1,0.33,0,1058,3
Farmastelia,902494184,CEBION DEFEND 12CPR EFFERV,1,0.33,0,111,9
Farmastelia,902508629,LIVOMAP 60CPR,1,0.33,0,9,4
Farmastelia,902535994,ORSOVIT CARAM GOMM S/GLUT 60PZ,1,0.33,1,354,8
Farmastelia,902536123,NODE K EMULSIONE CHERATORIDUTT,1,0.33,0,8,2
Farmastelia,902543735,"GENEFILUS F19 10BUST 2,5G",1,0.33,0,217,2
Farmastelia,902550476,PENTA U30 EMULSIONE 100ML,1,0.33,0,286,5
Farmastelia,902559499,FITOMEGA RIGE 7 50ML GTT,1,0.33,0,1,3
Farmastelia,902559727,FITOMEGA SIN 2 50ML GTT,1,0.33,0,10,1
Farmastelia,902574235,IRIS PROFUMO 100ML,1,0.33,0,41,8
Farmastelia,902578549,PS19 SHAMPOODOCCIA 200ML,1,0.33,0,24,7
Farmastelia,902596954,UROCLINNIX DET UROLOGICO 500ML,1,0.33,0,0,
Farmastelia,902660909,PENTACICLINA CREMA 30ML VF,1,0.33,0,8,6
Farmastelia,902664313,GALEGA SOMMITA TT 100G,1,0.33,0,46,5
Farmastelia,902665126,HENNE NERO 100G,1,0.33,0,3,2
Farmastelia,902666635,STOMODINE LP GEL GENGIVE 50ML,1,0.33,0,310,5
Farmastelia,902673742,SHARIS SHAMPOO RISTRUTT 200ML,1,0.33,0,0,
Farmastelia,902682398,ACELUT VISION 30CPR,1,0.33,0,44,8
Farmastelia,902684315,PERSPIREX FOOT LOT ANTITR PIED,1,0.33,0,360,9
Farmastelia,902697224,BIANCOSPINO FIO/FGL SOL IAL,1,0.33,0,21,6
Farmastelia,902698760,MELISSA FGL TINT IAL 50ML EBV,1,0.33,0,0,
Farmastelia,902699608,SALVIA FOGLIE TINT IAL50ML EBV,1,0.33,0,0,
Farmastelia,902734476,EPATOMED 30CPR,1,0.33,0,22,2
Farmastelia,902780877,LENICYST 200ML,1,0.33,0,18,4
Farmastelia,902809452,GINGERELLE CRAKERS ZENZERO150G,1,0.33,0,2,6
Farmastelia,902884699,DEPILETTE CERETTA CALDO C/PENT,1,0.33,0,7,2
Farmastelia,902908615,STOP HEMO TAMPONE EMOSTATICO,1,0.33,2,857,5
Farmastelia,902994817,STOPPER GRANULARE 20BUST,1,0.33,0,34,3
Farmastelia,903055109,EUPHIDRA AMIDOMIO CREMA IDRAT,1,0.33,1,86,5
Farmastelia,903069514,LONGLIFE KELP ALGA BRUNA180CPR,1,0.33,0,39,5
Farmastelia,903109496,LIPOSKIN PHARCOS 30CPR,1,0.33,0,73,4
Farmastelia,903117632,SPEZIALI PROF PAPAV/FICO 50ML,1,0.33,0,11,1
Farmastelia,903183453,CELLFOOD MULTIVIT SPRAY 30ML,1,0.33,0,34,7
Farmastelia,903220491,CIKAFLOGO CREMA GEL GENGIVALE,1,0.33,0,49,4
Farmastelia,903352969,OPPO CINTI ERN SX 2149L 70/81C,1,0.33,0,2,3
Farmastelia,903364584,VEA BUCATO SAP NAT 500G,1,0.33,0,42,4
Farmastelia,903449142,TEA TREE OIL 10ML,1,0.33,0,107,4
Farmastelia,903455588,BIOSSIGEN 20BUST 3G,1,0.33,0,36,5
Farmastelia,903468940,SEBIUM GEL MOUSSANT 200ML,1,0.33,1,594,7
Farmastelia,903477572,PITIREN LOZIONE 50ML,1,0.33,0,60,5
Farmastelia,903479741,GUAM TALASSO SALI DI MARE 1KG,1,0.33,0,24,5
Farmastelia,903531818,SAUBER GAMB 140 MICR NE 2,1,0.33,0,1,7
Farmastelia,903570481,SERENITY PANN SD MAXI L 15PZ,1,0.33,0,7,6
Farmastelia,903575114,TARASSACO CARCIOFO 80PRL,1,0.33,0,35,9
Farmastelia,903596765,RIBES PET RECOVERY 60PRL,1,0.33,0,476,8
Farmastelia,903599835,PREMEDOL 330MG 30CPR,1,0.33,0,427,1
Farmastelia,903600486,SERENITY CLASS RETT S/BARR30PZ,1,0.33,0,0,
Farmastelia,903627228,GIBAUD ORTHO TUTORE SPALLA,1,0.33,0,41,4
Farmastelia,903667499,SONDA NELATON DONNA CH8 30PZ,1,0.33,0,2,3
Farmastelia,903704219,ALGINATO STERILE 5X5CM 10PZ,1,0.33,0,3,1
Farmastelia,903704221,FARMACTIVE ALGINATO 10X10CM 10,1,0.33,0,12,1
Farmastelia,903764936,PHYTOGAMBE FITOCOMPLESSO GOCCE,1,0.33,0,1,2
Farmastelia,903793026,FARMACTIVE HYDRO IDROCOL 10X10,1,0.33,0,0,
Farmastelia,903905913,BUONERBE FORTE 30CPR BIOSLINE,1,0.33,0,366,7
Farmastelia,903943482,ESI OMEGA V VEGAN 120CPS MOLLI,1,0.33,0,29,1
Farmastelia,903964575,ELASTOVEN 30CPR,1,0.33,1,114,10
Farmastelia,904045820,TROFOVIT 14FL 10ML,1,0.33,0,101,1
Farmastelia,904108368,SHAMPOO DS 200ML BRADERM,1,0.33,0,294,7
Farmastelia,904242878,ORTOLUX AIR L 1PZ,1,0.33,0,2,2
Farmastelia,904264076,ASSENZIO CREMA FLUIDA CORPO,1,0.33,0,32,7
Farmastelia,904336447,DUALSAN MONOCOL KKL1 TERAP DX1,1,0.33,0,1,2
Farmastelia,904415989,MONOI OLIO SOLARE,1,0.33,0,0,
Farmastelia,904421474,IPSO PLUS CREMA TUBO 250ML,1,0.33,0,49,2
Farmastelia,904422250,REFIX CREMA IDRATANTE CRP 30ML,1,0.33,0,64,1
Farmastelia,904422336,REFIX SPRAY 50ML,1,0.33,0,48,2
Farmastelia,904426335,ETALIS CR ANTIA VISO 50ML,1,0.33,0,8,3
Farmastelia,904436146,CONFORM2 PLACCA 70MM R13-57 5P,1,0.33,0,0,
Farmastelia,904452962,ARMOLIPID 30CPR,1,0.33,0,654,9
Farmastelia,904454663,TRANSITA FORTE 30CPR,1,0.33,0,1209,10
Farmastelia,904456579,GEHWOL CREMA LIPIDRO 75ML,1,0.33,0,128,7
Farmastelia,904459361,TRIADE 30CPR,1,0.33,0,1167,7
Farmastelia,904546544,VEA ORIS SPR 20ML,1,0.33,2,512,9
Farmastelia,904548450,MEDILEN CREMA 250ML,1,0.33,0,12,2
Farmastelia,904589544,DEPAN-250 ECOSOL 250ML,1,0.33,0,4,2
Farmastelia,904639186,CYSTOMAN 100 30CPS,1,0.33,0,485,4
Farmastelia,904648058,ESTROMINERAL FIT 40CPR,1,0.33,0,92,8
Farmastelia,904649668,PRONTOSAN OTC DET LESIONI350ML,1,0.33,0,189,6
Farmastelia,904660521,MAX COLOR VEGETAL 19 TINT 140M,1,0.33,0,1,5
Farmastelia,904665534,DER-MYC MOUSSE IDR CUTE MUCOSE,1,0.33,0,46,1
Farmastelia,904682592,AVEC CREMA LEN DECONGEST 50ML,1,0.33,0,280,1
Farmastelia,904705213,EUFORTYN 10FL 15ML,1,0.33,0,1037,7
Farmastelia,904711645,VEA LIPOGEL IDRAT PROT 200ML,1,0.33,0,184,10
Farmastelia,904726116,RISTABIL 10FL 10ML,1,0.33,0,197,8
Farmastelia,904737044,"PSICOPHYT REMEDY 21B 4TUB 1,2G",1,0.33,0,5,1
Farmastelia,904769647,ANSIOVIT FORTE 30CPR,1,0.33,0,53,6
Farmastelia,904793460,PHYTOMEN 60CPS,1,0.33,0,6,1
Farmastelia,904793522,PHYTOPYCNOL 60CPS,1,0.33,0,5,3
Farmastelia,904793609,PHYTOYAM 60CPS,1,0.33,0,11,6
Farmastelia,904795251,LAPACHO 60CPS,1,0.33,0,5,1
Farmastelia,904795414,MIRTILLO 60CPS,1,0.33,0,4,1
Farmastelia,904864042,PODIDRAL FAS LATTE 250ML,1,0.33,0,177,3
Farmastelia,904903248,ZIMMUVIT 16BUST,1,0.33,0,22,1
Farmastelia,904924394,LONGLIFE EPA DHA GOLD 60PRL,1,0.33,0,90,9
Farmastelia,904926779,DESMODIO LIQUIDO 200ML,1,0.33,0,28,1
Farmastelia,904932163,LUTEIN OMEGA3 30CPS,1,0.33,0,451,10
Farmastelia,904976154,GIBAUD ORTHO REGGIBRACCIO BI 3,1,0.33,0,2,8
Farmastelia,904997715,BRACCIALE RIC SFIGMO DIG,1,0.33,0,3,2
Farmastelia,905006870,OPTIVE SOLUZIONE OFTALMICA10ML,1,0.33,0,0,
Farmastelia,905014445,"IRIDERBE GOCCE OCUL 10X0,5ML",1,0.33,0,0,
Farmastelia,905028510,FORTENATURA OLIO 31 100ML,1,0.33,0,1,1
Farmastelia,905029120,EUTROSIS ORO GEL ORALE 20ML,1,0.33,0,35,1
Farmastelia,905075863,EUXEED 10FL 25ML,1,0.33,1,267,9
Farmastelia,905079531,CER'8 TIGRE CUSC ADESIVO 36PZ,1,0.33,0,349,8
Farmastelia,905164327,PROGERMILA 10 MILIARDI 6FL,1,0.33,0,7,7
Farmastelia,905222093,TIOCRONAL 600HR 20CPR,1,0.33,0,44,2
Farmastelia,905273785,FINETOUCH PUNGIDITO,1,0.33,0,6,3
Farmastelia,905277531,DUALSAN GAMB TERAP K1 PA BEI 5,1,0.33,0,1,7
Farmastelia,905294334,ACIDO ALFA LIPOICO 60CPS,1,0.33,0,74,10
Farmastelia,905324810,CIANOFOLIN 30CPR RIVESTITE GAS,1,0.33,0,844,5
Farmastelia,905324834,VENOTONIC CRIOGEL GEL 125ML,1,0.33,0,33,1
Farmastelia,905352934,ALLEVYN NON ADHESIVE10X10CM 10,1,0.33,0,2,8
Farmastelia,905357721,IDRATON 245 10BUST,1,0.33,0,97,5
Farmastelia,905360335,BLUE BERRY 120CPR,1,0.33,0,66,10
Farmastelia,905374714,PHYSIOGEL AI LOZIONE CORPO LEN,1,0.33,0,312,1
Farmastelia,905387066,COLONFIT ADVANCE ARANCIA20BUST,1,0.33,0,463,5
Farmastelia,905430409,ALKALOXIMED 20BUST,1,0.33,0,75,6
Farmastelia,905502617,HOMOCYSTEINE 60CPR,1,0.33,0,2,4
Farmastelia,905516720,AVEC EMULSIONE FLUIDA LEN200ML,1,0.33,0,158,2
Farmastelia,905603066,AMINOTROFIC 30BUSTE,1,0.33,0,1209,9
Farmastelia,905677934,DESTROFIT 80 20CPS,1,0.33,0,0,
Farmastelia,905704870,DESMODIO BM 30CPS,1,0.33,0,2,3
Farmastelia,905736563,SCUDO FILTRO AURIC PLU5-11 6PA,1,0.33,0,20,9
Farmastelia,905850044,MEPILEX MEDIC AS 10X20CM 5PZ,1,0.33,0,2,1
Farmastelia,905850475,GRIPDENT FORTE 40G,1,0.33,0,2,1
Farmastelia,905887131,IBP PLUS 30CPR FILMATE,1,0.33,0,237,10
Farmastelia,905890380,DIMALOSIO COMPLEX 20BUST,1,0.33,0,201,3
Farmastelia,905950578,ACIDIF 90CPR,1,0.33,0,43,
Farmastelia,905966040,KIT REINTEGRO GRUPPO C,1,0.33,0,10,5
Farmastelia,905987614,FITOESTRIL 30CPR,1,0.33,0,91,9
Farmastelia,906103611,AFLOVAG CREMA PH NEUTRO 30G,1,0.33,0,375,3
Farmastelia,906117015,ANSIODEP 30CPS,1,0.33,0,1025,3
Farmastelia,906136116,SACCA URINA 2L 130 N/STER 30PZ,1,0.33,0,0,
Farmastelia,906147792,FELBIX 7 GOCCE 30ML,1,0.33,0,1,1
Farmastelia,906166905,ACIDULATO UMEBOSHI 250ML,1,0.33,0,4,3
Farmastelia,906260397,FUCUS ERBE 150TAV,1,0.33,0,2,5
Farmastelia,906279245,RIBES NERO ESTRATTO T 30ML,1,0.33,0,30,6
Farmastelia,906367887,SENSIBIO FORTE CREMA 40ML,1,0.33,0,74,9
Farmastelia,906482753,GYNECOLASE DET INT 500ML,1,0.33,0,101,2
Farmastelia,906511249,GENTIANA 9 60CPS,1,0.33,0,1,2
Farmastelia,906555646,UROMAP 60CPR,1,0.33,0,5,1
Farmastelia,906578808,ALOPEX FORTE LOZIONE 40ML,1,0.33,0,79,2
Farmastelia,906584634,MIRTILLO SUCCO 200ML,1,0.33,0,5,1
Farmastelia,906588482,SIBIOS 06 GTT 50ML,1,0.33,0,2,5
Farmastelia,906593862,MIGLIO DEC BIO 500G,1,0.33,0,9,6
Farmastelia,906618994,KILOCAL 20CPR,1,0.33,0,530,11
Farmastelia,906639366,GINKGO BILOBA ES TIT 50 CPS,1,0.33,0,3,3
Farmastelia,906658214,ENERGYM 10FL 10ML,1,0.33,0,5,4
Farmastelia,906671666,EUGEL DET VISO CORPO 200ML,1,0.33,0,50,4
Farmastelia,906700911,EVA QU SUPP EFFERV 6PZ,1,0.33,0,1001,9
Farmastelia,906790845,OLEOCUT DETERGENTE NORM AC,1,0.33,0,28,5
Farmastelia,906833470,DIAMANTE KIMIYA GOCCE 10ML,1,0.33,0,1,4
Farmastelia,906867825,QUILENE LATTE 125ML,1,0.33,0,3,2
Farmastelia,906869375,OSSIDO ZN45% BIANCARDI POM 500,1,0.33,0,0,
Farmastelia,906953575,GEHWOL BALS PIEDI P/SEC 75ML,1,0.33,0,5,7
Farmastelia,906962978,TURNOVER OVULI VAGINALI 6PZ,1,0.33,0,37,3
Farmastelia,906985282,CALCIO AD3 PLUS 40CPR APPETIB,1,0.33,0,71,3
Farmastelia,906995776,INTAKE 10FL 10ML,1,0.33,0,75,3
Farmastelia,907041697,SYS AGLIO GOCCE 50ML,1,0.33,0,3,1
Farmastelia,907042143,SYS DAMIANA GOCCE 50ML,1,0.33,0,4,1
Farmastelia,907042574,SYS PASSIFLORA GOCCE 50ML,1,0.33,0,1,5
Farmastelia,907043246,LES CITRUS LIMONUM GOCCE 50ML,1,0.33,0,1,4
Farmastelia,907048072,BIOXTRA DENTIFRICIO DELICATO,1,0.33,0,67,3
Farmastelia,907048173,BIOXTRA COLLUT ALC FREE 250ML,1,0.33,0,14,3
Farmastelia,907052056,FLEBION FORTE VISO CR 30ML,1,0.33,0,62,
Farmastelia,907059240,RILASTIL CORPO TRAT SPEC RASSO,1,0.33,0,91,10
Farmastelia,907079091,TURNOVER INTIMO 30ML,1,0.33,0,78,2
Farmastelia,907086211,CLINDERM DETERGENTE DERMAT,1,0.33,0,7,3
Farmastelia,907101024,ESI NO DOL 60CPS,1,0.33,0,490,6
Farmastelia,907116154,CICATRIDINA 10SUPP,1,0.33,1,1094,9
Farmastelia,907140279,TOTARGIN 20BUST,1,0.33,0,68,5
Farmastelia,907144101,PROTAL VIT B 200ML,1,0.33,0,27,2
Farmastelia,907162224,ALTERNA SAC URO 18MM 10PZ12992,1,0.33,0,1,2
Farmastelia,907270159,SANATORIUM 72CPR STV,1,0.33,0,71,4
Farmastelia,907280352,ALLEVYN NON ADHESIVE 10X10CM 3,1,0.33,0,36,10
Farmastelia,907294197,LIGASANO MEDIC PUR 24X16CM10PZ,1,0.33,0,7,1
Farmastelia,907303527,STERIMAR MN ALLERGIA NASALE,1,0.33,0,252,2
Farmastelia,907682595,AMLA HAIR OIL CAPELLI SCURI,1,0.33,0,4,2
Farmastelia,907762722,GENGIVIS 30ML,1,0.33,0,3,2
Farmastelia,908038526,CIAMBELLA GOMMA GONF 43,1,0.33,0,10,3
Farmastelia,908038591,BORSA GH TESS 25CM INTERCOFA,1,0.33,0,2,2
Farmastelia,908169333,ELEUTEROCOCCO 20STICK 10ML,1,0.33,0,24,2
Farmastelia,908170006,CLINTIME DETERGENTE FLUIDO,1,0.33,0,11,1
Farmastelia,908188915,GIBAUD CAVIGL INCROC TAGLIA 6,1,0.33,0,1,5
Farmastelia,908195249,BIOLASTIC CREMA ELASTICIZZANTE,1,0.33,0,7,2
Farmastelia,908199538,"BD MICROFINE AGO IV12,7MM100PZ",1,0.33,0,10,1
Farmastelia,908220294,GIBAUD CINT LEG 24CM AE,1,0.33,0,1,4
Farmastelia,908223896,LONGLIFE B COMPLEX 50 RG 60TAV,1,0.33,0,117,10
Farmastelia,908232541,DUODERM CGF 20X20 3PZ 9187,1,0.33,0,126,6
Farmastelia,908232616,DUODERM CGF 20X30 3PZ 9092,1,0.33,0,1,3
Farmastelia,908232630,DUODERM EX S 5MEDIC 10X10 9194,1,0.33,0,161,3
Farmastelia,908233152,DERMOCLIN FISIOLOGICA 500ML,1,0.33,0,33,4
Farmastelia,908233176,DERMOCLIN IFESPOR 500ML,1,0.33,0,59,6
Farmastelia,908395027,ENERGEN 9 PLUS 10FL 10ML,1,0.33,0,12,7
Farmastelia,908447372,GIBAUD ORTHO ORTESI RIZOARTRO3,1,0.33,0,0,
Farmastelia,908487679,GERODERM LIQ 200ML,1,0.33,0,133,1
Farmastelia,908494457,GIBAUD CAVIGL CALZINO SOT COT3,1,0.33,0,20,5
Farmastelia,908546652,UNGHAISIL INDURENTE UNGHIE,1,0.33,1,317,7
Farmastelia,908574635,KERATOPLASTICA LABIALE 10G,1,0.33,0,122,5
Farmastelia,908575107,KERODEX CREMA IDROREPELLENTE,1,0.33,0,12,1
Farmastelia,908690605,MEDIGEL 100G,1,0.33,0,106,1
Farmastelia,908691227,MEDIKER SH ANTIPEDICULOSI 100M,1,0.33,0,124,4
Farmastelia,908693880,MELLIS BIO-SHAMPOO 200ML,1,0.33,1,485,
Farmastelia,908726843,NEO MOM POLVERE 20G,1,0.33,1,284,10
Farmastelia,908733658,NIVEA CREME GRANDE 150ML,1,0.33,0,15,10
Farmastelia,908761125,LONGLIFE C COMPLEX 1000 60TAV,1,0.33,0,191,11
Farmastelia,908773435,PHYSIOGEL BASE LAVANTE 250ML,1,0.33,0,999,9
Farmastelia,908781216,NORMOGAM OLIO BORRAGINE 25ML,1,0.33,0,13,1
Farmastelia,908792296,V10 OLEOGEL 50ML,1,0.33,0,33,6
Farmastelia,908859566,EQUILAT BIO 80CPS,1,0.33,0,1,3
Farmastelia,908919222,LONGLIFE INOSITOL 100CPR,1,0.33,0,83,1
Farmastelia,908924626,KLISTER ENTEROCLISMA VIAGGIO,1,0.33,0,107,7
Farmastelia,908925249,STAMPELLA SOTTOASCELLARI 1PAIO,1,0.33,0,1,4
Farmastelia,908925528,GARZA PRONTEX 30X30CM 1KG,1,0.33,0,2,8
Farmastelia,908932763,STAMPELLA LEGA C/AMMORT 1PA,1,0.33,0,1,6
Farmastelia,908941242,SAME SHAMPOO PROTEICO 125ML,1,0.33,0,408,4
Farmastelia,908956283,LENZUOLO GOMMA 70X90CM,1,0.33,0,1,5
Farmastelia,908986298,SERENITY MUTANDINA RETE M 3PZ,1,0.33,0,16,
Farmastelia,909065652,M-AID ROLLFLEX CEROTTO 10X10,1,0.33,0,28,1
Farmastelia,909065664,M-AID ROLLFLEX CEROTTO 10X15,1,0.33,0,2,1
Farmastelia,909070690,PASTA STOMIA C/ALCOL 60G,1,0.33,0,7,2
Farmastelia,909164461,SCHOLL CER CALLIF CALLI DU 8PZ,1,0.33,0,124,9
Farmastelia,909245286,VITAMINDERMINA PASTA 100ML,1,0.33,0,516,1
Farmastelia,909253534,GUANTO TONIF STR SISAL,1,0.33,0,18,2
Farmastelia,909271025,VITAMINICO LIQUIDO 20ML,1,0.33,0,0,
Farmastelia,909347635,CONVEEN GUA STR 40MM 30PZ 5140,1,0.33,0,1,3
Farmastelia,909390104,SEBAMED DET LIQ 1000ML,1,0.33,0,304,6
Farmastelia,909412227,RILASTIL INTEN CR GG 50ML,1,0.33,0,94,9
Farmastelia,909420907,BLEFAROSHAMPOO DET OCUL 40ML,1,0.33,0,47,7
Farmastelia,909429298,SPUGNA NAT MARE 6 SUPER,1,0.33,0,14,2
Farmastelia,909468237,CHELIDONIUM HOMAC 30ML GTTHEEL,1,0.33,0,5,5
Farmastelia,909472793,OMEOL 3C 75GR,1,0.33,0,3,2
Farmastelia,909721589,GLORIAM GAMB SOFT141 KL1 MLU,1,0.33,0,1,2
Farmastelia,909723405,GLORIAM GAMB SOFT241 K2 MEC,1,0.33,0,2,3
Farmastelia,909755112,DUODERM IDROGEL C/APPL 10PZ,1,0.33,0,26,4
Farmastelia,909813040,ARGILLA VERDE FINE 1000G,1,0.33,0,75,9
Farmastelia,909814194,INTIMO VEGETALE 250ML,1,0.33,0,230,4
Farmastelia,909819118,RINOSOL G OLIO 30ML,1,0.33,0,5,2
Farmastelia,909862435,CATETERE ESTERNO 30MM 30PZ,1,0.33,0,60,6
Farmastelia,909862524,CATETERE ESTERNO 35MM 30PZ,1,0.33,0,27,7
Farmastelia,909870065,GUAM BAGNO MARE NORD-EST 250ML,1,0.33,0,3,5
Farmastelia,909917383,OLIODERBE 200ML,1,0.33,0,14,2
Farmastelia,909917472,OLIODERBE ALOE 200ML,1,0.33,0,6,6
Farmastelia,909917561,OLIODERBE ORTICA 200ML,1,0.33,0,19,3
Farmastelia,909923928,CONTENITORE UR 24H 50089,1,0.33,0,249,8
Farmastelia,909936445,OLIO CONTRO LA PEDICULOSI200ML,1,0.33,0,11,3
Farmastelia,910071479,TOP PROSTATA 40CPS,1,0.33,0,55,10
Farmastelia,910071505,MIRTILLO 60PRL,1,0.33,0,78,6
Farmastelia,910328501,ELICRISO EANALCO 50ML 793,1,0.33,0,11,3
Farmastelia,910510991,PAPAYA FERMENTATA 500ML,1,0.33,0,16,1
Farmastelia,910542719,EMOVEN FIORDIGEMMA 100ML,1,0.33,0,2,1
Farmastelia,910570023,WINTERGREEN OE 10ML,1,0.33,0,4,3
Farmastelia,910633623,KERIUM SH ANTIFORF CAP GRASS,1,0.33,8,61,5
Farmastelia,910776463,DAB 021 SHATAVARI+ 60VEGECPS,1,0.33,0,3,1
Farmastelia,910898701,SKIN MAKER 250ML,1,0.33,0,0,
Farmastelia,910984119,ALTAFITOCOSM RISP PULIZIA200ML,1,0.33,0,1,9
Farmastelia,911168868,BARDANA 100ML TM,1,0.33,0,2,1
Farmastelia,911169302,BOSWELLIA 100ML TM,1,0.33,0,2,2
Farmastelia,911169860,CARDO MARIANO 100ML TM,1,0.33,0,0,
Farmastelia,911178059,SERENOA 100ML TM,1,0.33,0,4,3
Farmastelia,911187692,ROSA CANINA 100ML MG,1,0.33,0,3,1
Farmastelia,911189227,TILIA TOMENTOSA 100ML MG,1,0.33,0,11,1
Farmastelia,911189405,CARPINUS BETULUS 100ML MG,1,0.33,0,0,
Farmastelia,911190294,FICUS CARICA GEMME 100ML MG,1,0.33,0,11,1
Farmastelia,911430181,MISO ORZO 300G BIO,1,0.33,0,4,1
Farmastelia,911958369,MONODERMA C10 GEL 30VEGICAPS,1,0.33,0,41,8
Farmastelia,911975656,REV ACNOSAL MOUSSE 125ML,1,0.33,0,460,3
Farmastelia,912039676,LUMAGE SPRAY EMULSIONE FLUIDA,1,0.33,0,54,2
Farmastelia,912051657,RAPUNZEL BRODO VEG POLV 500G,1,0.33,0,6,1
Farmastelia,912255748,OTODINE DET LIQ 50ML,1,0.33,0,369,5
Farmastelia,912255965,SERENITY TRAV CLAS 80X180 30PZ,1,0.33,0,3,1
Farmastelia,912280447,GREEN MAGMA POLVERE 150G,1,0.33,0,12,1
Farmastelia,912284445,GHIACCIO PIC ICE SPRAY 150ML,1,0.33,12,0,5
Farmastelia,912294410,EPITACT PROT ALLUCE VAL GEL M,1,0.33,0,89,8
Farmastelia,912294485,EPITACT CUSCINETTO PLANT M 1PA,1,0.33,0,11,7
Farmastelia,912323627,REVAMIL GEL 18G,1,0.33,0,15,7
Farmastelia,912347465,ULTIMATE KRE ALKALYNE 120CPS,1,0.33,0,7,4
Farmastelia,912463837,CH VASINO PAPEROT CON CONT,1,0.33,0,2,2
Farmastelia,912608787,BENDA PIC RETE EL 4 GAMB/GINOC,1,0.33,0,72,12
Farmastelia,912619487,PROTOCOL 10G 30FL 25ML,1,0.33,0,724,8
Farmastelia,912620147,CLOREXYDERM SPOT GEL 100ML,1,0.33,0,207,4
Farmastelia,912650239,TRIDERM SAP MARSIGLIA PAN 100G,1,0.33,0,52,4
Farmastelia,912650393,PROXERA LIPOGEL RILIP P SECCHE,1,0.33,0,25,
Farmastelia,912664354,"ACTISORB SILV 220 10,5X10,5 3P",1,0.33,0,573,3
Farmastelia,912826524,SKINCARE SALV CARTA 32X38 50PZ,1,0.33,0,6,7
Farmastelia,912827108,DR RUSS BITE ANTIRUSSAMENTO 1P,1,0.33,0,7,1
Farmastelia,912907829,DEPUVIS T 80PAST,1,0.33,0,3,1
Farmastelia,912920093,EPITACT CUSC DP M EPITH 26 1PA,1,0.33,0,12,8
Farmastelia,912940879,PROSTAFORCE 60CPS VOGEL,1,0.33,0,45,1
Farmastelia,912946326,CALMAREM FORTE 20CPR,1,0.33,0,14,1
Farmastelia,912969969,SCHAR CORN FLAKES 250G,1,0.33,0,64,10
Farmastelia,913086195,LIPO FOSFATIDILCOLINA GEL DONN,1,0.33,0,7,1
Farmastelia,913108546,EPAVIN 50ML,1,0.33,0,161,8
Farmastelia,913108609,RHALAX GRANI 25G,1,0.33,0,188,1
Farmastelia,913108623,SERENVIN 50ML,1,0.33,0,28,4
Farmastelia,913114462,ARGILLA VERDE SUPERVENTIL 1KG,1,0.33,0,58,2
Farmastelia,913152397,IALUMAR SOLUZIONE ISOTON SPRAY,1,0.33,0,242,6
Farmastelia,913174126,FUCOXANTINA 60CPR,1,0.33,0,6,1
Farmastelia,913176222,BIONAIF PLANTARE ATT BL M 2PZ,1,0.33,0,1,3
Farmastelia,913226015,SCHOLL CR TAL ACTIVE REPAIR K+,1,0.33,0,221,5
Farmastelia,913228072,CLEARBLUE RILEVAZIONE RAPIDA1P,1,0.33,0,0,
Farmastelia,913228084,CLEARBLUE RILEVAZIONE RAPIDA2P,1,0.33,0,150,6
Farmastelia,913230328,IMMU PROBIO 50MILIARDI FERM,1,0.33,0,8,1
Farmastelia,913449284,MODERMA FLEX COLO OVAL TRA30PZ,1,0.33,0,1,7
Farmastelia,913516290,FITOBLASTO VACCINIUM VIT 50ML,1,0.33,0,2,3
Farmastelia,913516427,FITOMATER FUCUS 50ML,1,0.33,0,0,
Farmastelia,913516757,META MU 40CPS,1,0.33,0,11,5
Farmastelia,913662692,PRONTOSAN GEL 30ML,1,0.33,0,61,1
Farmastelia,913764421,INCAROSE EXTREME LIPS PIU' VOL,1,0.33,0,124,5
Farmastelia,913765879,"RENEHAVIS SIR INTRA-ART 0,7ML",1,0.33,0,98,1
Farmastelia,913779258,FITOMATER BETULLA 50ML,1,0.33,0,3,1
Farmastelia,913818973,BERRIER ADULTI 5+5FL 2ML CLASS,1,0.33,0,7,6
Farmastelia,913838862,CARDIOQTEN 20CPR,1,0.33,0,63,2
Farmastelia,913838874,ANSIOTEN GOCCE 30ML,1,0.33,0,1186,3
Farmastelia,920087323,HISTAMINUM 30 CA,1,0.33,0,0,
Farmastelia,920183086,CER MEFIX ADES TNT 10000X10CM,1,0.33,0,92,2
Farmastelia,920191210,NEOSINDRACOLL 24G,1,0.33,0,56,5
Farmastelia,920324997,BIOREKORD 10FL,1,0.33,0,9,6
Farmastelia,920326067,PROSTALEM 60CPS,1,0.33,0,0,
Farmastelia,920327436,CECI DECORTICATI ITALIANI 300G,1,0.33,0,5,3
Farmastelia,920339076,MYTEST TEST GRAVIDANZA 2PZ,1,0.33,0,0,
Farmastelia,920344569,NASIR LAV NASALE FISIOL 10+1,1,0.33,0,136,8
Farmastelia,920372911,"TRIDERM DOCCIASCH PH3,5 400ML",1,0.33,0,119,2
Farmastelia,920411826,CLOREXYDERM OTO LIQ 50ML,1,0.33,0,103,6
Farmastelia,920530286,PURETE THERMALE 3IN1 STRU300ML,1,0.33,0,37,10
Farmastelia,920586979,PROTECTION SPOTON CANE0-10 5X3,1,0.33,0,0,
Farmastelia,920601352,APAXIL ANTITRA ASCELLE GIORNO,1,0.33,0,103,3
Farmastelia,920891191,ARTYAL FORTE 20BUST,1,0.33,0,233,7
Farmastelia,920891557,PROCTOIAL GEL RETT EMOR/RAG,1,0.33,0,168,6
Farmastelia,920965807,MAGCITRA MAGNESIO CITRATO60CPR,1,0.33,0,35,6
Farmastelia,921034498,ALPECIN ENERGIZER TON DOPOSH,1,0.33,0,638,1
Farmastelia,921129742,PASSIFLORA ES 60CPR,1,0.33,0,15,4
Farmastelia,921148324,POTASSIUM COMPOSITUM 180PAST,1,0.33,0,16,6
Farmastelia,921197669,ALGENIL CREMA MASSAGGI 50ML,1,0.33,0,89,6
Farmastelia,921222612,REV IDRAX BOTU' 50ML,1,0.33,0,23,6
Farmastelia,921319582,SYSTANE BALANCE GOCCE OCUL10ML,1,0.33,0,92,
Farmastelia,921530263,SPRAY REMOVER S/ALCOOL 50ML,1,0.33,0,3,2
Farmastelia,921550620,VALERIANA ACT 60CPR,1,0.33,0,189,9
Farmastelia,921578365,SINPROST 30PRL,1,0.33,0,409,3
Farmastelia,921723375,PROTEZIONE NAT SPRAY CANE/GATT,1,0.33,0,1,6
Farmastelia,921728059,NEXCARE STERISTRIP 6+3X75MM,1,0.33,0,275,3
Farmastelia,921738821,NUXE RDM GEL NETTOYANT 200ML,1,0.33,0,86,1
Farmastelia,921788422,NUTRIVA GLICEVAL 30CPR,1,0.33,0,99,8
Farmastelia,921830269,PROPOLI SPRAY C/EROGATORE 20ML,1,0.33,0,73,8
Farmastelia,921830372,AGLIO E BIANCOSPINO 32CPS,1,0.33,0,14,8
Farmastelia,921830446,FERMENTI LATTICI 10BUST,1,0.33,0,55,8
Farmastelia,921890366,ARNICA GEL 90% 100ML,1,0.33,0,29,2
Farmastelia,921896989,DEO GRATIAS PIEDI SPRAY 30ML,1,0.33,0,0,
Farmastelia,922075825,IMMUNAIR 14BUST,1,0.33,0,48,2
Farmastelia,922251121,SCHAR CEREAL FLAKES 300G,1,0.33,0,25,8
Farmastelia,922316740,TEGADERM ROLL CM10X2M 1PZ,1,0.33,0,4,2
Farmastelia,922372558,MIRTILLO 50ML,1,0.33,0,16,5
Farmastelia,922373675,BETULLA 50OPR,1,0.33,0,4,6
Farmastelia,922373776,EQUISETO 50 CPS VEG,1,0.33,0,25,5
Farmastelia,922373889,LIEVITO BIRRA 120CPR,1,0.33,0,24,7
Farmastelia,922373891,LIEVITO BIRRA 250CPR,1,0.33,0,83,8
Farmastelia,922374335,FORTE 24CPS,1,0.33,0,7,3
Farmastelia,922392701,EQUITRAUMA ARNICA GEL SOL500ML,1,0.33,0,32,2
Farmastelia,922399631,REV IDRAX EPI 50ML,1,0.33,0,32,9
Farmastelia,922413582,SCHAR SPAGHETTI 500G,1,0.33,4,17,5
Farmastelia,922472143,DEPURATIVO FEGATO POTENZIATO,1,0.33,0,5,1
Farmastelia,922473665,EU STRESS 75CPS,1,0.33,0,17,9
Farmastelia,922540455,SEBIUM GEL MOUSSANT 500ML,1,0.33,0,309,6
Farmastelia,922553072,DRENAGILL30 30CPR,1,0.33,0,174,2
Farmastelia,922581741,FIBRASOL GG 100G,1,0.33,0,50,5
Farmastelia,922673658,GASTROKUR 30CPS 500MG,1,0.33,0,10,4
Farmastelia,922764269,RETOPIX FLUIDO 10 FIALE DA 2ML,1,0.33,0,15,7
Farmastelia,922764283,RETOPIX SPRAY CANE/GATTO 100ML,1,0.33,0,97,7
Farmastelia,922765829,DEFLANIL PLUS 30CPR,1,0.33,0,26,6
Farmastelia,922884782,CH CLIP CATENELLA ROSA PH,1,0.33,1,0,1
Farmastelia,922884818,CH CLIP CATENELLA NEUTRA PH,1,0.33,4,0,1
Farmastelia,922910928,CER MEDIPRESTERIL ROC TNT5X500,1,0.33,0,16,9
Farmastelia,922918848,BICARBONATO SODIOZERO 500PAST,1,0.33,0,7,1
Farmastelia,922943814,CARMINA DOL GOCCE 100ML,1,0.33,0,24,6
Farmastelia,922986841,Q10 UBIQUINOLO 30CPS,1,0.33,0,360,5
Farmastelia,922990662,PURE VIT C PNM 40ML,1,0.33,3,7,5
Farmastelia,922990698,PURE VIT C YEUX 15ML,1,0.33,4,16,3
Farmastelia,922992526,CONCEIVE PLUS LUBR VAG 8X4G,1,0.33,0,229,2
Farmastelia,923006670,NEOCATE SPOON 400G,1,0.33,0,5,3
Farmastelia,923022735,CERAMOL BETA PASTA ALL'ACQUA,1,0.33,0,103,6
Farmastelia,923055798,NEBUVIS OCCHI IRRITATI SPR10ML,1,0.33,0,2,2
Farmastelia,923055800,NEBUVIS REIDRATANTE OCCHI 10ML,1,0.33,0,2,2
Farmastelia,923123160,TURMERIC CURCUMA 60CPR,1,0.33,0,15,1
Farmastelia,923135343,REDONYL ULTRA 50MG CA/GA 60CPS,1,0.33,0,104,11
Farmastelia,923211674,B-APPORT PLUS FLUIDO 200ML,1,0.33,0,1,9
Farmastelia,923302374,GEHWOL MED CREMA ANTI CALLOSIT,1,0.33,0,141,5
Farmastelia,923304950,EDERM CREMA 30ML,1,0.33,0,71,9
Farmastelia,923360200,HYDRALEN LATTE DETERGENTE,1,0.33,0,55,3
Farmastelia,923363788,POLAR FROST GEL 150ML,1,0.33,0,6,2
Farmastelia,923374704,NOKSAN GEL CUSC METATA INF S/M,1,0.33,0,3,2
Farmastelia,923386460,KELART 20BUSTINE LIQUIDO,1,0.33,0,45,4
Farmastelia,923395014,VISAVEN 24CPR,1,0.33,0,14,4
Farmastelia,923425565,NUTRIVA LIPO 600 30CPR,1,0.33,0,15,9
Farmastelia,923429498,ULTIMATE ISOLATED SOYA VAN750G,1,0.33,0,1,3
Farmastelia,923438485,BIOGENA DERMOLIQUIDO PH5 500ML,1,0.33,0,188,9
Farmastelia,923446948,HANF&NATUR CANAPA OLIO SE250ML,1,0.33,0,3,4
Farmastelia,923449007,EMOFORM AFTASPRAY 15ML,1,0.33,0,6,6
Farmastelia,923500312,OSTEOKLIP 30CPR,1,0.33,0,67,3
Farmastelia,923508954,OLIO MANDORLE DOLCI 1000ML,1,0.33,0,0,
Farmastelia,923509246,ENDOCARE TENSAGE AMPOLLE 10FX2,1,0.33,0,34,10
Farmastelia,923511669,COMBIFER 20CPR,1,0.33,0,136,2
Farmastelia,923540076,ANATROFINE 200 30CPR 800MG,1,0.33,0,62,10
Farmastelia,923543363,LEDUM COMPLEX 60ML,1,0.33,0,258,3
Farmastelia,923560041,MAGNESIO CLORURO DERMICO 150ML,1,0.33,0,6,2
Farmastelia,923587428,LOXICOR 30CPR,1,0.33,0,36,1
Farmastelia,923589612,ACQUA VIRGINIANA LOZ MULTIATT,1,0.33,0,52,8
Farmastelia,923590158,AQUACEL FOAM ADH 8X8CM 10PZ,1,0.33,0,18,4
Farmastelia,923744496,SAUBER COL OPTOE 140 MICR NEU4,1,0.33,0,2,2
Farmastelia,923789147,EUCERIN P/SENS OLIO DOCCIA 400,1,0.33,1,0,1
Farmastelia,923811741,ESI NORMOLIP 5 30CPS,1,0.33,0,5,12
Farmastelia,924041256,OLIO PURO SALMONE ROSSO 120CPS,1,0.33,0,28,8
Farmastelia,924217868,"ANELLO PLASMABILE STOMIA 4,2MM",1,0.33,0,0,
Farmastelia,924266745,BIANCOSPINO 200ML ANALCO GE10+,1,0.33,0,4,5
Farmastelia,924273636,RIBES NE ANALCO GEMMO10+ 200ML,1,0.33,0,52,7
Farmastelia,924297979,VITE LIQ ANALCO GEMMO10+ 100ML,1,0.33,0,0,
Farmastelia,924452028,GANODERMA COMPLEX 30CPS,1,0.33,0,3,3
Farmastelia,924456977,TEA TREE CREMA 75ML,1,0.33,0,6,1
Farmastelia,924523549,OGCARE GLICEMIA 50STR,1,0.33,0,277,3
Farmastelia,924530381,REBIOS 20CPS,1,0.33,0,2,2
Farmastelia,924547971,ABETE BI 100ML ANALCO GEMMO10+,1,0.33,0,3,4
Farmastelia,924570258,ISOSOURCE PROTEIN VAN 500ML,1,0.33,0,3,3
Farmastelia,924587254,CARBONE VEGETALE 50CPR,1,0.33,0,23,7
Farmastelia,924601646,DERMOXEN DET INTIMO DIABETICI,1,0.33,0,9,8
Farmastelia,924691177,ANFO SEB SHAMPOO DOCCIA DET,1,0.33,0,272,9
Farmastelia,924757709,AIDERM CAPELLIUNGHIE 30CPS,1,0.33,0,25,4
Farmastelia,924757711,AIDERM SEBO 30CPR,1,0.33,0,11,1
Farmastelia,924824244,DUOMEGA CANI GRANDI 30CPS,1,0.33,0,553,
Farmastelia,924833700,ZARED 2 40BUST STICK PACK,1,0.33,0,9,8
Farmastelia,924846494,ESI MELATONIN PURA 60MICROTAV,1,0.33,0,88,8
Farmastelia,924861370,IDA 24CPR OROSOLUBILI,1,0.33,0,247,6
Farmastelia,924871229,PROFITO MP GOCCE 50ML,1,0.33,0,2,1
Farmastelia,924874579,ACTINICA LOTION 80ML,1,0.33,0,88,8
Farmastelia,924875204,SPASMINA PLUS 30OPERCOLI,1,0.33,0,126,6
Farmastelia,924880418,DONNAMIX LIQUIDO ANALC 200ML,1,0.33,0,3,1
Farmastelia,924880432,DRENAMIX GD+ESTR INTEGR S/ALCO,1,0.33,0,5,2
Farmastelia,924880673,ALTEAVIS-T 180PAST,1,0.33,0,5,6
Farmastelia,924922178,CERAMOL BETA CREMA PALPEBRALE,1,0.33,0,415,8
Farmastelia,924923307,BONONIA PLUMCAKE ALB 6X45G,1,0.33,0,9,5
Farmastelia,924924830,ARIFER PLUS 30CPS,1,0.33,0,35,4
Farmastelia,924928310,OLINORM CREMA INTIMA 50ML,1,0.33,0,283,2
Farmastelia,924931607,SENSURA MIO CL S1 MN15-45 30,1,0.33,0,1,3
Farmastelia,924931660,SENSURA MIO CL S1 MX15-45 30,1,0.33,0,3,1
Farmastelia,924931684,SENSURA MIO CL S1 MX35-45 30PZ,1,0.33,0,1,3
Farmastelia,924931797,SENSURA MIO430 CLK CL MX 40MM,1,0.33,0,2,2
Farmastelia,924931948,SENSURA MIO430 CLK AP MX 50MM,1,0.33,0,1,2
Farmastelia,924931951,SENSURA MIO430 CLK AP MX TR 50,1,0.33,0,2,4
Farmastelia,924958768,INCAROSE CONC PURI AC IAL 15ML,1,0.33,0,54,8
Farmastelia,924960887,HERICIUM MICOTHERAPY 30CPS,1,0.33,0,7,5
Farmastelia,924961360,FREESTYLE OPTIUM TEST STR 25PZ,1,0.33,0,264,7
Farmastelia,924995071,VIGORPET GATTI PASTA 50G,1,0.33,0,55,8
Farmastelia,925042044,FMC EPATO GOCCE ORALI 50ML,1,0.33,0,13,2
Farmastelia,925042119,FMC PUOT GOCCE ORALI 50ML,1,0.33,0,7,1
Farmastelia,925329373,ALOEVERA2 ANTIODOR PIETRA LIQ,1,0.33,0,608,9
Farmastelia,925329397,ALOEVERA2 CREMA ALOE UNIV300ML,1,0.33,0,36,10
Farmastelia,925369290,THROMBOSIS 18 ISP TC S REGULAR,1,0.33,0,1,3
Farmastelia,925369631,THROMBOSIS 18 ISP AREG L LUNGO,1,0.33,0,3,2
Farmastelia,925383313,PHYSIOMANCE VIT&MIN 30CPS,1,0.33,0,0,
Farmastelia,925447183,CHELIDONIA PURA 200ML,1,0.33,0,6,2
Farmastelia,925464455,INULINA 50CPR,1,0.33,0,10,1
Farmastelia,925486250,HELIOCARE 360 GEL SPF50+ 50ML,1,0.33,0,5,4
Farmastelia,925491678,HYDRA PERFECT LATTE CORPO400ML,1,0.33,0,3,1
Farmastelia,925606170,RESPI RAPIDO SPRAY NASALE 20ML,1,0.33,0,30,1
Farmastelia,925632731,AUSILIUM BAU 100G,1,0.33,0,3,2
Farmastelia,925654321,VITAMINE B COMPL 60CPR COLOURS,1,0.33,0,121,7
Farmastelia,925703237,ARNICA FORTE OLIO PURO 50ML,1,0.33,0,69,4
Farmastelia,925704088,PHYTONERV SOS SPRAY ORALE 30ML,1,0.33,0,5,5
Farmastelia,925750174,GRIFFONIA HAPPY COMPLEX 30CPR,1,0.33,0,117,5
Farmastelia,925757698,ESI RIGENFORTE 30NATURCAPS RET,1,0.33,0,162,2
Farmastelia,925814232,ARNIGOLD ARNICA FORTE GEL 50ML,1,0.33,0,20,3
Farmastelia,925826024,THERAXIDIN SHAMPOO 200ML,1,0.33,0,41,2
Farmastelia,925870180,TENA LADY SUPER 15PZ,1,0.33,0,2,11
Farmastelia,925898443,REVIT 30CPR,1,0.33,0,43,6
Farmastelia,925908966,CALOS D3 30CPR,1,0.33,0,0,
Farmastelia,925957413,SCHULTZ LOZIONE CAMOMILLA SPR,1,0.33,0,2,7
Farmastelia,926024023,FERMENTA PLUS 7FL 10ML,1,0.33,0,25,5
Farmastelia,926025913,MERITENE FORZA/VITAL CIOC 270G,1,0.33,0,1337,12
Farmastelia,926025949,MERITENE NEUTRO 270G,1,0.33,0,869,
Farmastelia,926038124,CUTISEB LOZIONE 150ML,1,0.33,0,17,1
Farmastelia,926115039,NUTRIDRINK BANANA 4X200ML,1,0.33,0,72,
Farmastelia,926115041,NUTRIDRINK VANIGLIA 4X200ML,1,0.33,0,17,9
Farmastelia,926115054,NUTRIDRINK CIOCCOLATO 4X200ML,1,0.33,0,5,8
Farmastelia,926224205,BETAFOLIC PLUS 30CPS,1,0.33,0,34,6
Farmastelia,926231349,SOMAT SKIN EX SNEL 7NTT C250ML,1,0.33,0,715,7
Farmastelia,926241771,SALVIA TINTURA MAGEN 50ML,1,0.33,0,7,1
Farmastelia,926246745,ARGFANGO DOLOR THERAPY ARGILLA,1,0.33,0,24,3
Farmastelia,926392768,CATALITIC LITIO LI 20F 2ML,1,0.33,0,171,1
Farmastelia,926417472,CLIADENT COLLUTORIO DENTI SENS,1,0.33,0,79,7
Farmastelia,926418296,PHYTOPODAL CREMA MORBIDEZZA,1,0.33,0,15,4
Farmastelia,926420973,POLICALM CREMA 150ML CE,1,0.33,0,133,4
Farmastelia,926428412,ISCHELIUM 10FL,1,0.33,0,0,
Farmastelia,926456777,P6 NAUSEA CONTROL MAMA 24CARAM,1,0.33,0,56,10
Farmastelia,926461839,MTS10 GANODERMA GTT 20ML,1,0.33,0,41,5
Farmastelia,926476375,ULTIMATE BARR PROT COCCO 24PZ,1,0.33,0,6,1
Farmastelia,926503006,CITOVIS CREMA 50ML,1,0.33,0,13,1
Farmastelia,926520014,DERMANIL EMULSIONE CORPO 500ML,1,0.33,0,1,3
Farmastelia,926525116,FORTINI MULTI FIBRE CIOCC200ML,1,0.33,0,120,10
Farmastelia,926562861,ONETOUCH SELECTPLUS 25STR,1,0.33,0,991,10
Farmastelia,926568876,OMEGA 3 ACT 540MG 60PRL MINI,1,0.33,0,98,7
Farmastelia,926583360,ROYAL REGIME TEA 25BUSTE,1,0.33,0,129,1
Farmastelia,926583701,LIU WEI HUANG WAN TRADIT100CPR,1,0.33,0,46,7
Farmastelia,926642873,NORED 30G,1,0.33,0,37,1
Farmastelia,926643026,OLIO DI ROSA MOSQUETA 50ML,1,0.33,0,25,3
Farmastelia,926647241,BOROX 50ML,1,0.33,0,0,
Farmastelia,926819158,SCREEN TEST TIROIDE/TSH,1,0.33,0,16,4
Farmastelia,926820717,ALOE SUCCO/POLPA 100% 1L,1,0.33,0,19,3
Farmastelia,926820818,MAGNESIUM NO STRESS 45CPR,1,0.33,0,51,9
Farmastelia,926821265,DOAGYN OIL DETERGENTE 250ML,1,0.33,0,444,2
Farmastelia,926830225,LIEVOROID POM C/CAN ENDORETT,1,0.33,0,80,2
Farmastelia,926834084,MIPROVEN CREMA 100ML,1,0.33,0,40,3
Farmastelia,926876830,NEOBIANACID 20BUST,1,0.33,0,1260,12
Farmastelia,926975451,GANODERMA LUCIDUM-REISHI 90OPR,1,0.33,0,3,4
Farmastelia,927049041,TRIFOGLIO ROSSO 30CPS 15G,1,0.33,0,15,6
Farmastelia,927092419,ARTIGLIO FORTE CAPSULE 60CPS,1,0.33,0,374,7
Farmastelia,927093132,SENSURA MIO CS COLO MA 15-33,1,0.33,0,1,1
Farmastelia,927100002,SENSURA MIO CD URO M TRP10-23,1,0.33,0,1,1
Farmastelia,927100293,SENSURA MIO CL PLAC 70MM 15-53,1,0.33,0,1,3
Farmastelia,927116095,MAGNESIO POTASSIO ACT INV 14BU,1,0.33,0,22,8
Farmastelia,927120283,VITAMONO EF USO ORALE 30CPS,1,0.33,0,350,2
Farmastelia,927123481,AMINOGAM COLLUTORIO 200ML,1,0.33,0,45,1
Farmastelia,927123950,CONDRO24 30CPR,1,0.33,0,20,2
Farmastelia,927124103,HEPILOR COLLUTORIO 150ML,1,0.33,0,112,1
Farmastelia,927140689,ELMEX PROTEZIONE CARIE PROFESS,1,0.33,0,611,10
Farmastelia,927146047,BLUVENE 500 30CPR,1,0.33,0,48,7
Farmastelia,927152544,ARGILETZ ARGILLA VERD MOULE1KG,1,0.33,0,4,2
Farmastelia,927178703,EUMETAB 30CPS,1,0.33,0,3,2
Farmastelia,927180354,PROTEINE DELLA CANAPA BIO 250G,1,0.33,0,6,1
Farmastelia,927180606,LABCARE CONCENTR CR VISO IDRAT,1,0.33,5,0,3
Farmastelia,927219941,PROLEI COMPLEX 30CPR GASTRORES,1,0.33,0,533,7
Farmastelia,927251900,PODATLET POLIACT GOCCE 15ML,1,0.33,0,1,1
Farmastelia,927271371,EMORSAN DETERGENTE LIQ 500ML,1,0.33,0,123,6
Farmastelia,927284808,MY MOBILITAS FASCIA NUCA S,1,0.33,0,2,1
Farmastelia,927287452,DRENA LEVEL 1 GTT 50ML,1,0.33,0,13,
Farmastelia,927288163,CATALITIC FE 20AMP,1,0.33,0,21,3
Farmastelia,927291272,ESI PROPOLAID C 1000 20TAV EFF,1,0.33,0,51,4
Farmastelia,927295790,DIRENE PASTA 15ML,1,0.33,0,439,5
Farmastelia,927296842,ANDROVIS 30CPR,1,0.33,0,6,5
Farmastelia,927300640,INTERPROX4G CILINDR BLIS 6U 6L,1,0.33,0,5,7
Farmastelia,927304473,PROCTEN CREMA 40ML,1,0.33,0,150,6
Farmastelia,927306631,PIC STRISCE GLUCOTEST 25PZ,1,0.33,0,374,9
Farmastelia,927306732,TOCASLIM CIOC/NOCC 20BUST,1,0.33,0,57,1
Farmastelia,927306896,TETRAGEN CPR,1,0.33,0,92,10
Farmastelia,927493179,CALMA ANSIA NATUR MIX 30ML,1,0.33,0,6,5
Farmastelia,927497406,EKEEP S2 SHOULDER STABIL TG01,1,0.33,0,1,6
Farmastelia,927499626,PROGENASE 20CPR GASTROPROTETTE,1,0.33,0,5,3
Farmastelia,927501104,MODERMA FLEX SF URO2 OP15-55,1,0.33,0,1,1
Farmastelia,927585556,TENA MEN SCUDO PROTETTIVO 14PZ,1,0.33,0,161,4
Farmastelia,927765673,PERIVOM GOCCE 30ML,1,0.33,0,5,4
Farmastelia,930048451,STERI-STRIP CER 6X75MM 6PZ,1,0.33,0,232,3
Farmastelia,930187505,ZARED 60CPS,1,0.33,0,8,3
Farmastelia,930196009,GOLAFIT SPRAY 15ML,1,0.33,0,6,2
Farmastelia,930197254,COLONFIT ADVANCE FRUT RO20BUST,1,0.33,0,370,4
Farmastelia,930199233,GIBAUD ORTHO MANUGIB TUT DX 1,1,0.33,0,0,
Farmastelia,930214503,ALKALOS A 120CPR,1,0.33,0,26,6
Farmastelia,930242274,NARIVENT SPR NAS ANTIEDEMIGENO,1,0.33,0,49,6
Farmastelia,930246374,LINDASE POLVERE 20BUST,1,0.33,0,10,1
Farmastelia,930259724,BGSTAR STRISCE REATTIVE 25PZ,1,0.33,0,1147,
Farmastelia,930263429,HYLO GEL COLLIRIO LUBRIF 10ML,1,0.33,0,999,5
Farmastelia,930267695,NICOTINAMIDE REDERMA CREMA40ML,1,0.33,0,171,9
Farmastelia,930270549,PERILEI PAUSA 10 TUBETTI 5ML,1,0.33,0,93,9
Farmastelia,930273394,EOSIN T GEL 30ML,1,0.33,0,40,3
Farmastelia,930273418,PROBIOFLOR 30CPS,1,0.33,0,10,5
Farmastelia,930327008,ONLIGOL MACROGOL 4000 20BUST,1,0.33,3,1073,12
Farmastelia,930375151,SYS RODIOLA ROSEA GOCCE 50ML,1,0.33,0,1,4
Farmastelia,930381494,NEPETASATIVA MACERATO CAIRA,1,0.33,0,1,1
Farmastelia,930402870,DERMANOIL 200ML,1,0.33,0,100,3
Farmastelia,930402894,DERMANDET 250ML,1,0.33,0,23,1
Farmastelia,930402918,DERMANA SHAMPOO PIESSE 150ML,1,0.33,0,355,5
Farmastelia,930465149,SYNCHROVIT C 6FLX5ML,1,0.33,0,65,5
Farmastelia,930502000,CONTRATTURE GEL MINERALE 150G,1,0.33,0,7,1
Farmastelia,930502075,ARTROSI FANGO MINER 5BUST 150G,1,0.33,0,38,4
Farmastelia,930529375,NEUKRON OFTA MESE 30FL 10ML,1,0.33,0,203,
Farmastelia,930530605,DERMAFRESH P NORM CLASS DEOD,1,0.33,0,88,
Farmastelia,930530682,DERMAFRESH ODOR CONTROL CREMA,1,0.33,0,88,9
Farmastelia,930547359,LACTIBIANE TOLERANCE 30CPS,1,0.33,0,432,8
Farmastelia,930573403,RUSCOMIR MACERATO CAIRA BIO,1,0.33,0,0,
Farmastelia,930612306,DEFENCE MAN SCHIUMA BARBA200ML,1,0.33,0,65,3
Farmastelia,930617485,KASNIMAP 200ML,1,0.33,0,63,4
Farmastelia,930618766,TRICOMAP 60CPR,1,0.33,0,15,10
Farmastelia,930629454,MULTIFOLICO DHA 30CPS+30CPR,1,0.33,0,129,6
Farmastelia,930629934,MASSIGEN SENIOR 30CPR RIVEST,1,0.33,0,466,5
Farmastelia,930651930,SPASMICOL GOCCE 50ML,1,0.33,0,8,4
Farmastelia,930661424,ENERGIA FORTE PLUS 40SOFTGEL,1,0.33,0,29,4
Farmastelia,930666882,AQUACEL AG SURGICAL 9X15 10PZ,1,0.33,0,1,1
Farmastelia,930669890,LONGLIFE L-CARNITINE 60CPS,1,0.33,0,86,10
Farmastelia,930775414,CEROTTI CALLIFUGHI 2PZ,1,0.33,0,0,
Farmastelia,930776784,ZOCCOLI RELAX TREND CHI CEL 41,1,0.33,0,2,2
Farmastelia,930855832,URGOSORB SILVER 10X10CM 10PZ,1,0.33,0,3,1
Farmastelia,930861087,ARTAVIS 30CPR,1,0.33,0,50,2
Farmastelia,930862317,INOFOLIC NRT 30BUST,1,0.33,0,6,7
Farmastelia,930863814,CAR-GO CARDIO 20BUST,1,0.33,0,187,8
Farmastelia,930873690,CONTOUR NEXT GLICEMIA 50STR,1,0.33,0,301,8
Farmastelia,930878285,FIORE DELL'ONDA PROFUMO 50ML,1,0.33,0,31,7
Farmastelia,930878374,UNIFAMILY TEST GRAV 1PZ,1,0.33,1,0,1
Farmastelia,930880202,ALKAVITAL 250G,1,0.33,0,49,3
Farmastelia,930890468,RAFANO NERO BIO 20AMPOLLE,1,0.33,0,24,4
Farmastelia,930924915,MIRTY 180 20BUST,1,0.33,0,49,1
Farmastelia,930967942,LIVOBLISS 60CPR,1,0.33,0,32,8
Farmastelia,930988821,ESTEEM S+AP TR ST CH INV13-35,1,0.33,0,1,2
Farmastelia,930993252,COLLAGENIL RE-PULP HYAL 30ML,1,0.33,0,6,
Farmastelia,930996222,NATURA+ PLAC STOMAHESIVE 45MM,1,0.33,0,1,3
Farmastelia,930996905,NATURA+ PLAC PIANA IDROC 33-45,1,0.33,0,2,4
Farmastelia,931005413,ACIDO IALURONICO VITAL PL30CPR,1,0.33,0,7,3
Farmastelia,931020426,MIRTILLO NERO BIO 20AMPOLLE,1,0.33,0,15,6
Farmastelia,931032977,ACIDO IALURONICO FLUIDO VISO,1,0.33,0,3,12
Farmastelia,931033031,ACIDO IALURONICO CR VISO NO/SE,1,0.33,0,62,7
Farmastelia,931050722,EUCERIN AQUAPHOR 40G,1,0.33,0,641,10
Farmastelia,931059075,AVEC DETERGENTE MOUSSE 200ML,1,0.33,0,127,7
Farmastelia,931094472,LONGLIFE MARINE CARTILAGE90CPS,1,0.33,0,11,1
Farmastelia,931095309,EPAEPA 42CPR,1,0.33,0,88,3
Farmastelia,931096236,FARMACTIVE SILVER SPR ARGENTO,1,0.33,0,566,5
Farmastelia,931114969,ETAS CONTORNO OCCHI 15ML,1,0.33,0,130,1
Farmastelia,931141903,REUTERIN D3 DIFESA LMG GTT 8ML,1,0.33,0,324,2
Farmastelia,931143388,AZYR MEGA 20CPS,1,0.33,0,841,
Farmastelia,931147553,KAIROS 20CPS,1,0.33,0,0,
Farmastelia,931152742,OMEGA3 VITI TRIPLA AZIONE60PRL,1,0.33,0,454,9
Farmastelia,931178356,SEBAMED LIQUIDO 200ML,1,0.33,0,165,10
Farmastelia,931204200,IALOCLEAN 30CPR OROSOLUBILI,1,0.33,0,1136,8
Farmastelia,931341705,SINOVIAL 50 SIR INTRA-ART 2%,1,0.33,0,54,8
Farmastelia,931345589,RISCHIARIL FORTE 10BUST,1,0.33,0,1331,
Farmastelia,931358802,ARL 20BUST,1,0.33,0,3,8
Farmastelia,931370872,TRICOVEL DONNA 30CPR,1,0.33,0,88,2
Farmastelia,931381089,BETULLA LINFA BIO 20AMPOLLE,1,0.33,0,40,5
Farmastelia,931400713,POLASE ARANCIA 12BUST,1,0.33,2,580,11
Farmastelia,931423925,KERAMINE H LACCA ECOL VOLUMIZ,1,0.33,0,2,7
Farmastelia,931433407,FLOGANKREM CR VISO TEND SEBOR,1,0.33,0,59,2
Farmastelia,931434916,ZEOLITE COMPOS POLV MICR 150G,1,0.33,0,27,2
Farmastelia,931467738,NEURONERV 600 30CPS,1,0.33,0,1,1
Farmastelia,931503585,OTORIG GOCCE AURICOLARI 10ML,1,0.33,0,71,4
Farmastelia,931565663,ALGOREX MOUSSE 100ML,1,0.33,0,33,7
Farmastelia,931570523,MICROIMMUN JUNIOR 30CPS,1,0.33,0,1,1
Farmastelia,931571501,LADYGLORIA 18 AREG PU/A DAI 4,1,0.33,0,5,4
Farmastelia,931577922,TERMODREN 300ML,1,0.33,0,68,2
Farmastelia,931586349,NUOVI SALI SALSO 3BAUME 10BUST,1,0.33,0,38,4
Farmastelia,931591299,MENO PRESS GOCCE 100ML,1,0.33,0,1,4
Farmastelia,931644417,HYDRATEE CR GG RIGEN FOTOP30ML,1,0.33,0,18,2
Farmastelia,931645636,HELIOCARE ULTRA-D 30CPS,1,0.33,0,45,
Farmastelia,931669523,BUONA ENERGIA ORO 10FL 10ML,1,0.33,0,94,9
Farmastelia,931742023,MTHFR-P 30CPR,1,0.33,0,173,5
Farmastelia,931768271,VITAMIX UNIVERSALE OS1KG,1,0.33,0,3,2
Farmastelia,931770630,XIPHASE ZINC PASTA 50ML,1,0.33,0,34,2
Farmastelia,931777256,MYKORED FORTE CREMA 20ML,1,0.33,0,1,1
Farmastelia,931813808,SONNOREX 30CPR 600MG,1,0.33,0,116,5
Farmastelia,931847139,TALLONIERA SPERONE 5464 M OPPO,1,0.33,0,0,
Farmastelia,931847178,CAPPUCCIO TUBOL GEL6704 L OPPO,1,0.33,0,0,
Farmastelia,931855720,CEROTTO ELASTICO MEZZALUNA STO,1,0.33,0,37,1
Farmastelia,931923890,ESTROMINERAL SERENA PLUS 30CPR,1,0.33,0,299,12
Farmastelia,931950493,LONGLIFE MELOGRANO 40% 90CPS,1,0.33,0,37,8
Farmastelia,931970154,BASIC 20BUST,1,0.33,0,5,5
Farmastelia,931988289,CER MEDS TNT FIX 1000X10CM,1,0.33,0,50,5
Farmastelia,931988428,MEDS PORE MEDIC 10X15CM 5PZ,1,0.33,0,363,6
Farmastelia,931989329,ILLUMINA 20CPR,1,0.33,1,524,9
Farmastelia,931989949,LONGLIFE CO EN Q10 20MG 100CPR,1,0.33,0,70,9
Farmastelia,931993036,LACTOMANNAN 18BUST,1,0.33,0,41,1
Farmastelia,931993950,TNS NAIL COLOUR FM2 10ML,1,0.33,0,4,1
Farmastelia,931993998,TNS NAIL COLOUR 344 10ML,1,0.33,0,2,1
Farmastelia,932025529,FLORAGOLD 12CPS,1,0.33,0,157,4
Farmastelia,932084890,NORMOIMMUNO 30CPS,1,0.33,0,667,1
Farmastelia,932086996,DELICLIN SOAP 200ML,1,0.33,0,16,6
Farmastelia,932087760,MIGRALEN 12BST BIOSLINE,1,0.33,0,55,4
Farmastelia,932201320,ARIFER GOCCE 30ML,1,0.33,0,2,3
Farmastelia,932210988,BRAVA PASTA STOMIA S/ALCOL 60G,1,0.33,0,34,4
Farmastelia,932212095,OMK2 SOLUZIONE OFT STER 10ML,1,0.33,0,636,5
Farmastelia,932219013,DILAGENT SONDA ANALE 1PZ,1,0.33,0,6,4
Farmastelia,932246883,ANDROSITOL PLUS 14BUST,1,0.33,0,1055,7
Farmastelia,932348725,NASALIN SPRAY NASALE 20ML,1,0.33,0,3,7
Farmastelia,932465091,PICNOL DHA 40CPS,1,0.33,0,10,1
Farmastelia,932501568,ANAGEN COMPLEX 30CPR,1,0.33,0,105,7
Farmastelia,932521216,RESCUE ORIG NIGHT S/ALCOL 20ML,1,0.33,0,43,8
Farmastelia,932524162,ARGA' GOCCE VISO AUTOABBR 30ML,1,0.33,0,43,2
Farmastelia,932646755,XDRENA 250ML,1,0.33,0,3,6
Farmastelia,932655400,FOLIFARM FERRO 20CPS,1,0.33,0,2,1
Farmastelia,932677533,PROSTAFLOG 30CPR FILMATE,1,0.33,0,942,10
Farmastelia,932704048,CISTICRON 30CPS,1,0.33,0,29,2
Farmastelia,932707565,ACCU-CHEK AVIVA 25STR,1,0.33,1,908,11
Farmastelia,932711740,GUNAMINOFORMULA 50CPR,1,0.33,0,79,10
Farmastelia,932720840,ENVICER3 GRASSA FORTE 100ML,1,0.33,0,1,6
Farmastelia,932720903,ENVISUN SPF50 100ML,1,0.33,0,43,1
Farmastelia,932720992,ENVISOAP 200ML,1,0.33,0,7,6
Farmastelia,932739701,IDRAPELLE OLIO RICINO OLIOPURO,1,0.33,0,16,3
Farmastelia,932753609,CREMELINE EDULC S/L VAN 4X125G,1,0.33,0,24,6
Farmastelia,932770959,STECCA DITA 4285 M OPPO,1,0.33,0,0,
Farmastelia,932998990,FELTRO ADESIVO LANA PIEDE 2PZ,1,0.33,0,50,5
Farmastelia,933009401,ROSACURE FAST CREMA 30ML,1,0.33,0,967,7
Farmastelia,933015238,GUM ORTHO FLOSS FILO SPUGNOSO,1,0.33,0,49,9
Farmastelia,933061881,ARGA' CC CREAM MEDIO SCURA,1,0.33,0,17,2
Farmastelia,933061968,ZAFEURETINAL 20CPR,1,0.33,0,20,5
Farmastelia,933259879,ESI PROPOLAID ESTRATTO PURO,1,0.33,0,87,4
Farmastelia,933328256,BIOKAP B MASCH NUTRIENTE RIPA,1,0.33,0,46,4
Farmastelia,933403432,INFLUFIT C 12CPR,1,0.33,0,2,1
Farmastelia,933441343,MELIVEN CREMA PLUS 100ML,1,0.33,0,90,5
Farmastelia,933446039,EFFETTO REALE MASCHERA NUTRIEN,1,0.33,0,1,6
Farmastelia,933511418,NATUROLI OLIO SEMI ZUCCA70SOFT,1,0.33,0,69,2
Farmastelia,933543807,OPTIVE FUSION 10ML,1,0.33,0,1154,2
Farmastelia,933778514,DEFLUXA GOCCE OCULARI 15FL,1,0.33,0,29,1
Farmastelia,933783944,COLIPEX CR 30X2ML,1,0.33,0,63,1
Farmastelia,933886323,NOKSAN CUSC MART C/INFRADITO M,1,0.33,0,0,
Farmastelia,933905022,DESTASI FORTE VEN 20CPR,1,0.33,0,6,7
Farmastelia,933906339,POLASE LIMONE 12BUST,1,0.33,0,139,9
Farmastelia,933915086,EYVET CREMA 15ML,1,0.33,0,49,3
Farmastelia,933933285,LIPVIS NATURE 40CPS,1,0.33,0,1,8
Farmastelia,933933362,UNGHIASIL SOS MICOSI 5ML,1,0.33,0,393,5
Farmastelia,933944884,PERGILL KOMBO 40CPR,1,0.33,0,161,3
Farmastelia,933953578,CORTIPET 50ML,1,0.33,0,117,4
Farmastelia,934013172,PROLIFE LACTOBACILLI 10FL 8ML,1,0.33,0,1092,9
Farmastelia,934013855,SPASMICOL 30CPR MASTIC 500MG,1,0.33,0,31,7
Farmastelia,934018262,KILOCAL PANCIA PIATTA 15CPR,1,0.33,0,124,10
Farmastelia,934027499,KRILL OMEGA PET RECOVERY120PRL,1,0.33,0,26,10
Farmastelia,934028756,DERMOVITAMINA MICO DOCCIA200ML,1,0.33,0,127,
Farmastelia,934030382,RUPISOLV OX 20BUST 4G,1,0.33,1,765,6
Farmastelia,934130737,"ZIXOL GOCCE OCULARI 20FL 0,6ML",1,0.33,0,2,2
Farmastelia,934158229,NUTRITRAUM LIPO ANTINF/EDEMAT,1,0.33,0,0,
Farmastelia,934158268,NUTRISPRINT 10FL 10ML,1,0.33,0,47,1
Farmastelia,934196876,LONGLIFE MULTIMINERALS 60TAV,1,0.33,0,62,4
Farmastelia,934203617,VENOTONIC MONO 20CPR,1,0.33,0,79,2
Farmastelia,934203961,MERAMIRT CM 30CPR MASTIC,1,0.33,0,83,7
Farmastelia,934210473,MUSCHIO D'ACQUA NATURE'S VITAL,1,0.33,0,29,5
Farmastelia,934297072,DR HAUSCHKA RIGENERANTE SIERO,1,0.33,0,12,9
Farmastelia,934317316,NERVAX 20BUSTINE,1,0.33,0,287,10
Farmastelia,934323712,MASSIGEN PRONTO RECUP S/ZUCCH,1,0.33,0,1258,2
Farmastelia,934388632,IVUXUR 14BUST,1,0.33,0,707,10
Farmastelia,934406137,MIRAMAG-K LEMON 20BUST,1,0.33,0,86,5
Farmastelia,934406226,ORTOPAD SOFT BOYS CER J 20PZ,1,0.33,0,13,2
Farmastelia,934408687,BIOTHYMUS AC ACT U SH ENERG,1,0.33,0,122,9
Farmastelia,934431368,SKINPROJECT PYRATINE XR SPF30,1,0.33,0,26,6
Farmastelia,934431913,TENDHYAL 30CPR,1,0.33,0,40,9
Farmastelia,934435165,MASK PLUS GEL 50ML,1,0.33,0,72,4
Farmastelia,934460864,LEGALON E 30CPR RIVESTITE,1,0.33,0,592,
Farmastelia,934481336,M-AID TECH PRO MISUR PRESSIONE,1,0.33,0,8,
Farmastelia,934488166,BIOKAP B OLIO RISTRUTT RIPA,1,0.33,0,21,4
Farmastelia,934503374,OXAFORT 18BUST,1,0.33,0,57,8
Farmastelia,934503436,DHALUX 30CPS MOLLI,1,0.33,0,83,2
Farmastelia,934504580,NEW ERA 3 240GRANULI,1,0.33,0,4,7
Farmastelia,934504717,NEW ERA E 240GR,1,0.33,0,1,6
Farmastelia,934511674,ZENPASTA RIGATAKI ESS RIGA300G,1,0.33,0,16,3
Farmastelia,934512563,GLUCOJECT AGO PENNA 4MM G32,1,0.33,0,19,1
Farmastelia,934512637,GLUCOJECT AGO PENNA 8MM G31,1,0.33,0,8,1
Farmastelia,934527817,GLUTAREDOX 30CPR OROSOLUBILI,1,0.33,0,515,3
Farmastelia,934533922,HUBNER ORIGIN SILIC PLUS 500ML,1,0.33,0,31,5
Farmastelia,934545373,TRIADENOR 16CPR,1,0.33,0,363,5
Farmastelia,934545450,PRINCIPIUM COMPLESSO B FT 60CP,1,0.33,0,491,10
Farmastelia,934552922,ASTENOR 15CPR,1,0.33,0,0,
Farmastelia,934560032,INFLOG 5 30CPR,1,0.33,0,20,10
Farmastelia,934560184,KARDINAL 20CPR,1,0.33,0,420,9
Farmastelia,934625827,VITAMINA D3/1000 100TAV,1,0.33,0,25,1
Farmastelia,934638077,ALKAGIN DET INTIMO ATT 250ML,1,0.33,0,79,6
Farmastelia,934638127,ALKAGIN DET INT LEN ALC 250ML,1,0.33,0,103,3
Farmastelia,934638141,ALKAGIN GEL INTIMO LENIT 30ML,1,0.33,0,407,6
Farmastelia,934660376,NORMALAX 200ML,1,0.33,0,86,1
Farmastelia,934711351,SACCA URINA GAMBA 750ML SCAR,1,0.33,0,35,2
Farmastelia,934730918,OLMO CR IDRATANTE ANTIRUGHE,1,0.33,0,5,1
Farmastelia,934795612,IALOCLEAN SPR ORO-FARING 30ML,1,0.33,0,1380,10
Farmastelia,934808837,ASCOPROMIN MG 30BUST,1,0.33,0,1,1
Farmastelia,934817634,DREAGIN LADY SCHIUMA 100ML,1,0.33,0,17,3
Farmastelia,934817659,OSMIN TOP PALPEBRE 15ML,1,0.33,0,147,9
Farmastelia,934822634,RIBES PET ULTRA EMULSIONE DERM,1,0.33,0,16,4
Farmastelia,934827041,LITHOS PLUS 60CPR,1,0.33,0,104,9
Farmastelia,934835719,EUPHIDRA AMIDO CR SMAGLIATURE,1,0.33,1,20,4
Farmastelia,934842992,LENIPER 20CPS MOLLI,1,0.33,0,28,4
Farmastelia,934865421,CERAMOL OLIO DETERGENTE 400ML,1,0.33,0,607,7
Farmastelia,934867286,LONGLIFE RENJUVA 100CPS,1,0.33,0,80,3
Farmastelia,934880966,MASSIGEN VITAMINA C 1G EFFERV,1,0.33,0,454,9
Farmastelia,934902952,CERAMOL BASE LAVANTE SCH 400ML,1,0.33,0,416,9
Farmastelia,934976010,FILME OTO SPR AURICOL 20ML,1,0.33,1,9,12
Farmastelia,934976135,CAMELIA PROFUMO 50ML,1,0.33,0,1,6
Farmastelia,934981426,IKLEN 50+ CREMA FOTOPROTETTRIC,1,0.33,0,132,1
Farmastelia,935008932,UNIFERRO FORTE 30CPS,1,0.33,0,460,5
Farmastelia,935017285,UROCS 60CPR,1,0.33,0,314,6
Farmastelia,935054041,LONGLIFE L-GLUTATHIONE 50MG90C,1,0.33,0,28,7
Farmastelia,935057214,"BIOKAP NUTRIC 1,0 NERO",1,0.33,0,19,3
Farmastelia,935057226,"BIOKAP NUTRIC 10,0 BIONDO EXCH",1,0.33,0,82,3
Farmastelia,935057327,"BIOKAP NUTRIC 6,3 BIO ORO SCU",1,0.33,0,95,6
Farmastelia,935057392,"BIOKAP NUTRIC 7,4 BIO RAMATO",1,0.33,0,8,3
Farmastelia,935129837,CARDIOSIDERAL 20CPS,1,0.33,1,388,10
Farmastelia,935184325,STRESS KILLER 90CPR,1,0.33,0,11,5
Farmastelia,935206894,AYUR NARI 60CPR,1,0.33,0,0,
Farmastelia,935227874,TROXYACTIV 20CPR RETARD,1,0.33,0,54,6
Farmastelia,935248272,PROPOL AC SCIROPPO 100ML,1,0.33,0,1,3
Farmastelia,935258525,PRINCIPIUM BROMELINA 30CPS,1,0.33,0,593,7
Farmastelia,935266282,LONGLIFE VEGZYME 60TAV,1,0.33,0,20,6
Farmastelia,935272791,LIBERVIS ENERGY ARANCIA 20BUST,1,0.33,0,48,2
Farmastelia,935277689,CICADIANE CR 40ML,1,0.33,0,20,5
Farmastelia,935308864,UNGHIASIL SOS VERRUCHE DM 10ML,1,0.33,0,26,8
Farmastelia,935322204,OFTAMED'S SPR OCUL IALUR 10ML,1,0.33,0,55,5
Farmastelia,935348856,SANODET CREMAGEL 250ML,1,0.33,0,3,2
Farmastelia,935359962,SANODET DERMOCREMA 250ML,1,0.33,0,6,2
Farmastelia,935407433,"SINOVIAL 16 SIR INTRA-ART 0,8%",1,0.33,0,11,7
Farmastelia,935479244,COLEPAN FAST 20CPR,1,0.33,0,44,3
Farmastelia,935501371,VEA INTIMO TT CR IGIENE INTIMA,1,0.33,0,352,10
Farmastelia,935501383,VEA LUBRIVIT OLIO LUBRIFICANTE,1,0.33,0,168,7
Farmastelia,935513414,GOFERTIL 30CPR,1,0.33,0,11,7
Farmastelia,935520039,LIGADOL EVO 20BUST,1,0.33,0,140,5
Farmastelia,935527491,TELESE SPRAY NASALE 50ML,1,0.33,0,0,
Farmastelia,935539787,ABOLIN 20CPR,1,0.33,0,66,2
Farmastelia,935559981,AFTIR DUO LOZIONE 100ML,1,0.33,0,83,5
Farmastelia,935582647,FERFOLIX30 30CPS,1,0.33,0,84,2
Farmastelia,935594616,ARTELAC REACTIVE MONODOSE 20PZ,1,0.33,0,519,8
Farmastelia,935601132,NATURE'S SOL CREMA SPF15 150ML,1,0.33,0,18,2
Farmastelia,935601144,NATURE'S SOL CREMA SPF25 150ML,1,0.33,0,21,2
Farmastelia,935619371,HAIMAFERR 30CPS,1,0.33,0,121,2
Farmastelia,935633964,LONGLIFE CARCIOFO 60CPS VEG,1,0.33,0,18,3
Farmastelia,935671899,COLIDEP JUNIOR GOCCE 20ML,1,0.33,0,23,4
Farmastelia,935686966,VASOFLOX 30CPR,1,0.33,0,42,9
Farmastelia,935699761,TIMODORE TALLONIERA TG 38-41,1,0.33,0,0,
Farmastelia,935701375,KOLINAT LNP 30CPS,1,0.33,0,52,1
Farmastelia,935749034,VEGETALLUMINA EMATOGEL 100ML,1,0.33,0,54,3
Farmastelia,935753400,TAUMAG FORTE 50G,1,0.33,0,10,1
Farmastelia,935780522,CARNERA 1000 LEMON 18BUST,1,0.33,0,29,2
Farmastelia,935789735,XNERV 24CPR,1,0.33,0,1073,8
Farmastelia,935793075,LONGLIFE MACA 60CPS VEGETALI,1,0.33,0,41,8
Farmastelia,935798102,MOST DERMICTIOL SHAMPOO 150ML,1,0.33,0,10,2
Farmastelia,935801656,UREADIN ULTRA 30 50ML,1,0.33,0,60,4
Farmastelia,935810960,VAGISIL INTIMA GEL IDRAT MONOD,1,0.33,0,77,9
Farmastelia,935813927,ALKADREN 120CPS,1,0.33,0,2,2
Farmastelia,935815934,MICROBIOTAL CANE 30CPR,1,0.33,0,186,3
Farmastelia,935836751,ACNIBEN REPAIR IDRATANTE GEL,1,0.33,0,112,9
Farmastelia,935854481,KUBIKER 40CPR,1,0.33,0,285,7
Farmastelia,935903688,PET REMEDY RICARICA DIFF2X40ML,1,0.33,0,1,5
Farmastelia,935955601,CORTIAGE HIGH 30CPR,1,0.33,0,35,6
Farmastelia,935962896,CARDIOLIPID 10 20BUST,1,0.33,0,233,5
Farmastelia,935980971,CUSCINETTI PLANTARI GEL TRASP,1,0.33,0,1,5
Farmastelia,935996595,ORIONE OK PED 228 CORR DX38-42,1,0.33,0,1,1
Farmastelia,936017553,FIORI ZENZ NATURE'S EDT 50ML,1,0.33,0,2,1
Farmastelia,936048204,EUPH COLORPRO XD300 CAST S,1,0.33,0,370,9
Farmastelia,937030892,NOVA PROST 30CPS SOFTGEL,1,0.33,0,233,7
Farmastelia,937395337,EUPH COMPATTO PRIMER VISO,1,0.33,1,0,3
Farmastelia,937495618,ARGA' CREMA 24ORE ANTIAGE 50ML,1,0.33,0,38,3
Farmastelia,938035514,POLIODURATO UNGUENTO 500G,1,0.33,0,2,5
Farmastelia,938058118,VIDERMINA GEL INT MONOD 6F 5ML,1,0.33,0,23,10
Farmastelia,938086636,OLIVO INFUSO FOGLIE 500ML,1,0.33,0,49,4
Farmastelia,938096118,KISTINOX ACT 14BUST,1,0.33,0,54,8
Farmastelia,938124878,GARCINIA CAMBOGIA 60CPS 400MG,1,0.33,0,61,6
Farmastelia,938141191,UTICRAN MONO MAXI 60CPR,1,0.33,0,112,8
Farmastelia,938146242,KLAMIN 20CPR,1,0.33,0,194,8
Farmastelia,938199104,VIRAXUM 30CPR,1,0.33,0,19,4
Farmastelia,938225327,GEHWOL SEPARADITA ALLUCE M 3PZ,1,0.33,0,0,
Farmastelia,938251129,FITOCAT 3 50ML GOCCE,1,0.33,0,1,4
Farmastelia,938260813,ANANAS FITOCOMPLESSO 50OPR,1,0.33,0,37,10
Farmastelia,938261599,BIANCOSPINO CONCEN TOT 50OPR,1,0.33,0,87,7
Farmastelia,938426552,FITOBIOSTATIN 30CPR,1,0.33,0,27,5
Farmastelia,938458623,SILIGLUT 20CPS,1,0.33,0,999,6
Farmastelia,938467545,MAGNESIO CLORURO POLV 500G,1,0.33,0,110,4
Farmastelia,938500358,EPTA AC EMULSIONE OPACIZZANTE,1,0.33,0,8,2
Farmastelia,938501715,PATCHOULY PROFUMO 50ML,1,0.33,0,14,6
Farmastelia,938561495,PATCHOULY CREMA CORPO 200ML,1,0.33,0,2,8
Farmastelia,938569249,NIMPHA GOCCE 60ML,1,0.33,0,6,1
Farmastelia,938586563,LIQUIPEF 60CPR,1,0.33,0,858,12
Farmastelia,938615198,RAXIVEN 30CPR,1,0.33,0,2,1
Farmastelia,938682604,"ARCA GOCCE OCULARI 15FX0,5ML",1,0.33,0,38,4
Farmastelia,938682616,ELASTAR SOLUZIONE OFTALMICA,1,0.33,0,6,3
Farmastelia,938699194,LINEA D CREMA PIEDI RISTRUTTUR,1,0.33,0,150,2
Farmastelia,938748504,EPTA DS SH SEBO SQUAMOSI 150ML,1,0.33,0,23,9
Farmastelia,938751599,PSORISDIN DETERGENTE 520G,1,0.33,0,16,8
Farmastelia,938772124,COYAL 30CPR GASTROPROTETTE,1,0.33,0,195,5
Farmastelia,938782885,UREADIN CALM CREMA 200ML,1,0.33,0,64,10
Farmastelia,938807676,ACCU-CHEK GUIDE 50 STRIPS RETA,1,0.33,0,143,
Farmastelia,938833744,OZOLID GARZA LIPOZONEYE 20PZ,1,0.33,0,38,8
Farmastelia,938910243,HENNE COLOR CAP RO NAT EX FT,1,0.33,0,2,2
Farmastelia,938937911,GELKER K SHAMPOO 150ML,1,0.33,0,5,2
Farmastelia,938944182,CARDO COMPLEX PLUS 40CPS,1,0.33,0,28,7
Farmastelia,938971443,INOFOLIC PLUS 20BUST,1,0.33,0,122,4
Farmastelia,938973118,SENSODYNE REPAIR&PROTECT,1,0.33,0,207,10
Farmastelia,938984782,EIE CENTELLA 30ML GTT,1,0.33,0,2,2
Farmastelia,938993250,URGOCLEAN AG/SILVER 10X10 10PZ,1,0.33,0,11,2
Farmastelia,939126203,OZIDERM PLUS MAXI VISO/CORPO,1,0.33,0,12,3
Farmastelia,939145874,VEA ONICOVITT OLIO PROT UNGHIE,1,0.33,0,61,1
Farmastelia,939260574,TROFO 5 PASTA 100ML,1,0.33,0,611,12
Farmastelia,939284067,MAVALA BOUCLIER ONGLE+EGAL2X10,1,0.33,0,1,8
Farmastelia,939291136,TENA DISCREET MAXI 12PZ,1,0.33,0,58,10
Farmastelia,939293662,MIRAENERGY 10FL 10ML,1,0.33,0,165,1
Farmastelia,939312878,OMNISKIN 500 OLIO 500ML,1,0.33,0,60,9
Farmastelia,939328732,TAPPI AURIC SIL 8PZ,1,0.33,0,23,6
Farmastelia,939356578,TRISAL C 20BUST,1,0.33,0,18,3
Farmastelia,939370755,DELTACRIN FIALE PHARCOS 10F 10,1,0.33,0,57,2
Farmastelia,939393171,PODIDRAL FAS CR RAGADI PIED100,1,0.33,0,19,6
Farmastelia,939462089,FOLAVIT 30CPR,1,0.33,0,154,4
Farmastelia,939464448,CLIAGIN OVULI VAGINALI 10PZ 2G,1,0.33,0,445,5
Farmastelia,939471809,"BENOFTAL 30CPS 25,8G",1,0.33,0,2,1
Farmastelia,939483968,NORMOSPOR 20CPR 1G,1,0.33,0,9,6
Farmastelia,939632408,AMBRALIQUIDA BAGNOGEL MICROSFE,1,0.33,0,1,6
Farmastelia,939635292,"MACULIFE 20CPS 24,28G",1,0.33,0,17,7
Farmastelia,939674863,BIOLACTINE TRAVEL FORTE 24CPS,1,0.33,0,0,
Farmastelia,939851806,PROCLAR 20CPS,1,0.33,0,38,5
Farmastelia,939886204,HELAN FIOR DI TALCO EDP IMPALP,1,0.33,0,52,5
Farmastelia,939920029,ARTELAC SPLASH MULTIDOSE 10ML,1,0.33,0,1586,
Farmastelia,939929838,POTASSIO 60CPS,1,0.33,0,84,2
Farmastelia,939942393,INOSIFAST 4 21BUST,1,0.33,0,63,10
Farmastelia,939969933,GRAVIDAN 60CPR GASTROPROTETTE,1,0.33,0,11,2
Farmastelia,940000540,IALOCLEAN GOCCE AURICOLARI30ML,1,0.33,0,226,1
Farmastelia,940037548,FUSION WATER MAGIC SPF50 50ML,1,0.33,0,1060,
Farmastelia,940076538,BIOCLIN DEO 24H SPRAY DRY150ML,1,0.33,0,0,
Farmastelia,940086224,FOLIUM 400 60CPR,1,0.33,0,3,2
Farmastelia,940086313,TANTUM VERDE SOS AFTE COLLUT,1,0.33,7,126,5
Farmastelia,940090448,FERRIMIL GOCCE HUMANA 20ML,1,0.33,0,33,9
Farmastelia,940094093,BIOKAP B SHAMPOO USO FREQ TRIC,1,0.33,0,134,4
Farmastelia,940098736,HYLO COMOD GOCCE OCUL 2X10ML,1,0.33,0,12,5
Farmastelia,940115710,PREVALGO VISC 20CPR,1,0.33,0,111,7
Farmastelia,940144975,OMOMETIL DIET 14BUST,1,0.33,0,150,3
Farmastelia,940259296,NUTRADEICA SHAMPOO ANTIF 200ML,1,0.33,0,46,8
Farmastelia,940337710,ESTER C PLUS 1000 30TAV,1,0.33,0,91,12
Farmastelia,940406061,DIGEFLUSS 30STICK PACK,1,0.33,0,7,4
Farmastelia,940424765,DICOFLOR COMPLEX 12FL 10ML,1,0.33,0,332,9
Farmastelia,940472044,"BIOKAP NUTRIC DEL RAP 6,06 BIO",1,0.33,0,41,3
Farmastelia,940472071,"BIOKAP NUTRIC DEL RAP 7,0 BIO",1,0.33,0,27,1
Farmastelia,940489495,MASTIHA DI CHIOS PURO 90CPR,1,0.33,0,38,3
Farmastelia,940489507,DENTIFRICIO MULTIACTION MASTIH,1,0.33,0,5,1
Farmastelia,940536016,AMINOMS 30BUST,1,0.33,0,129,9
Farmastelia,940562907,DERMAFRESH 24H P/NORM ROLL50ML,1,0.33,0,35,9
Farmastelia,940564394,COLPLATIR IBS 30CPR RIVESTITE,1,0.33,0,11,5
Farmastelia,940742911,DERMOVITAMINA RAGADI NA/LA VAS,1,0.33,0,36,11
Farmastelia,940989433,LONGLIFE GLUCOSAMINE S 100CPS,1,0.33,0,20,1
Farmastelia,940999814,AQUILEA SONNO EXPRESS SPR 12ML,1,0.33,1,24,2
Farmastelia,941013916,IRIDINA HYDRA REPAIR GTT OCUL,1,0.33,0,119,5
Farmastelia,941066247,AK SECURE DM PROT 50ML,1,0.33,0,59,12
Farmastelia,941155893,PROIDEMA DREN 200ML,1,0.33,0,65,1
Farmastelia,941166365,NOVA MGKB 30BUST,1,0.33,0,88,7
Farmastelia,941166769,VENAFLUX VITI CREMA GEL 150ML,1,0.33,0,21,8
Farmastelia,941190555,SANAMUCIL SCIROPPO 200ML,1,0.33,0,2,2
Farmastelia,941435962,SEPARATORE DOPPIO ANELLO 3/4/5,1,0.33,0,43,7
Farmastelia,941614240,LONGLIFE PEA 60CPS VEGETALI,1,0.33,0,114,8
Farmastelia,941657811,FALQUI SUPPOSTE 18SUPP ADULTI,1,0.33,0,146,7
Farmastelia,941693739,ENERPLUS REINTEGRA NF 10BUST,1,0.33,0,14,2
Farmastelia,941745453,LONGLIFE CLORELLA BIO 60CPS,1,0.33,0,17,5
Farmastelia,941771127,RISIL A CREMA PELLI ACNEICHE,1,0.33,0,38,5
Farmastelia,941786384,LINEA 1 GEL DETERG NORMAL150ML,1,0.33,0,2,4
Farmastelia,941802290,TAUMAG FORTE 60CPS,1,0.33,0,17,2
Farmastelia,941803417,NATURE'S SOL SPRAY FLU SPF30,1,0.33,0,2,3
Farmastelia,941869253,RUDRAVISC 40 HC SIR INTRA-ART,1,0.33,0,2,4
Farmastelia,941984890,XINOVIT POLIVITAMINICO 30CPS,1,0.33,0,7,5
Farmastelia,941992822,VITICIST DETERGENTE INTIMO LEN,1,0.33,0,356,7
Farmastelia,941992859,FERROVITI FORTE 30CPS,1,0.33,0,233,8
Farmastelia,942002686,GEL RIFLESSANTE HENNE' ROSSO H,1,0.33,0,7,3
Farmastelia,942061730,LONGLIFE PAPPA REALE+VITB 10FL,1,0.33,0,17,5
Farmastelia,942143165,ONTHERAPY ANTIDESQUAM 100ML,1,0.33,0,20,5
Farmastelia,942167572,NICOTINAMIDE DS SHAMPOO 100ML,1,0.33,0,54,5
Farmastelia,942224445,SIDERAL ORO 14MG 20BUST,1,0.33,0,324,8
Farmastelia,942258854,CLEAN KILL EXTRA MICRO FAST,1,0.33,0,235,3
Farmastelia,942275076,LABCATAL NUTRITION ZN/CU 28F,1,0.33,0,6,8
Farmastelia,942283336,BAMAK PLUS 18BUST,1,0.33,0,75,1
Farmastelia,942296536,MICONICON PHARCOS 4ML,1,0.33,0,7,8
Farmastelia,942304041,CARECYST INTIMO DETERGENTE,1,0.33,0,65,2
Farmastelia,942579309,NEUROGEN PET ULTRA 30CPR,1,0.33,0,451,1
Farmastelia,942585353,VIVIFLUX FORTE 20CPR+20CPS,1,0.33,0,89,6
Farmastelia,942602614,MGK VIS ORANGE 15BUST,1,0.33,0,375,12
Farmastelia,942692423,DUOLIVER PLUS 24CPR,1,0.33,0,528,8
Farmastelia,942708987,MELATONINA 100TAV,1,0.33,0,15,4
Farmastelia,942732557,VITI GEL ARNICA COMPOSTA 100ML,1,0.33,0,77,3
Farmastelia,942732583,VITIALGIN 1030MG 60PRL,1,0.33,0,3,6
Farmastelia,942793338,CAROBIN PET DIGEST 30BUSTE,1,0.33,0,88,1
Farmastelia,942819412,FERTASK 20STICK PACK,1,0.33,0,24,5
Farmastelia,942826583,RETIZIN 28CPR DEGLUT GASTRORES,1,0.33,0,107,10
Farmastelia,942833284,ISDIN SI NAILS LACCA UNG PENNA,1,0.33,0,59,12
Farmastelia,942845532,DIOSMIR 1000 16 BUST,1,0.33,0,4,7
Farmastelia,942872843,IMMUNO SKIN GEL DOCCIA 400ML,1,0.33,0,5,8
Farmastelia,942872870,MICONAL GEL DOCCIA IGIEN 200ML,1,0.33,0,42,4
Farmastelia,942891286,NUTRIREGULAR VEN CREMA 100ML,1,0.33,0,7,1
Farmastelia,942895020,LONGLIFE E SELENIUM 45TAV,1,0.33,0,6,1
Farmastelia,942899307,FOTOPROTECTOR GEL CREAM 250ML,1,0.33,0,189,
Farmastelia,942943073,MASSIGEN DOCCIASH ANTIFUNGINO,1,0.33,0,80,10
Farmastelia,942968583,LONGLIFE BROCCOLI-MAX 60CPS,1,0.33,0,34,8
Farmastelia,942973239,LEKESIN 15CPR RIVESTITE,1,0.33,0,10,5
Farmastelia,942975487,CARDIORIL MYO 30CPR,1,0.33,0,39,9
Farmastelia,943008437,EUTRIS PLUS 30CPR,1,0.33,0,270,7
Farmastelia,943040485,PORUS ONE 30BUST,1,0.33,0,191,8
Farmastelia,943083218,YPSODOL 30CPR RIVESTITE,1,0.33,0,117,6
Farmastelia,943164448,XD3 1000 60CPR,1,0.33,0,3,9
Farmastelia,943168310,EUPHIDRA AMIDO INTIMO DET LEN,1,0.33,0,158,10
Farmastelia,943179150,LIPO COLINA 100CPS VEGETALI,1,0.33,0,61,9
Farmastelia,943222190,LILITH OVULI VAGINALI 6PZ,1,0.33,2,427,8
Farmastelia,943227381,OZODROP IVT LIPOZONEYE SOL15PZ,1,0.33,0,74,9
Farmastelia,943227470,MASSIGEN MAGNESIO SUP PROM300G,1,0.33,0,77,
Farmastelia,943256192,CHINOTTO ROSA LATTEDOCCIA200ML,1,0.33,0,4,1
Farmastelia,943256242,FIORI MANDORLO CREMA CRP 150ML,1,0.33,0,12,1
Farmastelia,943257980,FLEBOSMINA FORTE 60CPR FILMATE,1,0.33,0,21,5
Farmastelia,943265660,KRESCIX AD 90CPR DIVISIBILI,1,0.33,0,10,5
Farmastelia,943285609,RIBES PET SOLLIEVO 30PRL,1,0.33,0,102,6
Farmastelia,943294987,ALOE 100% PURO NATURALE 1000ML,1,0.33,0,118,8
Farmastelia,943295004,DRENA FORTE 60CPS,1,0.33,0,89,6
Farmastelia,943299899,NERVAX PEA 20BUST,1,0.33,0,358,6
Farmastelia,943308332,NATURE'S SOL CR VI/CRP SPF25,1,0.33,0,23,5
Farmastelia,943314043,CAPELVENERE TINTA CAP 4N CAST,1,0.33,0,10,4
Farmastelia,943314928,BIOCORTENA FLUIDO P SENS 400ML,1,0.33,0,68,9
Farmastelia,943319273,PRINCIPIUM COLLAGENE MAR20BUST,1,0.33,0,162,7
Farmastelia,943320287,DONNA 45 BORO CAL MAG 100TAV,1,0.33,0,81,4
Farmastelia,943324297,LISAR 20CPR,1,0.33,0,77,2
Farmastelia,943324309,LEVIBIRRA B12 250TAV,1,0.33,0,3,4
Farmastelia,943324487,COLLAGENDEP PINK BEAUTY20STICK,1,0.33,0,387,11
Farmastelia,943327395,VITA METAFOLIC 50TAV,1,0.33,0,176,5
Farmastelia,943329514,PRINCIPIUM AMINASTEN 14BUST,1,0.33,0,67,4
Farmastelia,943330264,MASSIGEN SONNO GUMMY 60CARAM,1,0.33,0,537,3
Farmastelia,943347070,NUTRATOPIC PRO-AMP VISO CREMA,1,0.33,0,120,11
Farmastelia,943370864,FLORAMADRE 14BUST,1,0.33,0,158,4
Farmastelia,943372843,PRINCIPIUM B12 1000 60CPR SUBL,1,0.33,0,773,4
Farmastelia,943376549,PINEAL TENS FORTE 14BUST NF,1,0.33,0,843,9
Farmastelia,943376588,ADEMA 30G,1,0.33,0,0,
Farmastelia,943469926,VEA TOPICOVIT 10ML,1,0.33,0,10,7
Farmastelia,943513679,ROSACURE INTENSIVE TEINT CLAIR,1,0.33,0,20,7
Farmastelia,943713685,MELACRON SPRAY ORALE 15ML,1,0.33,0,25,5
Farmastelia,943779001,ASTAR 3D 20CPS MOLLI,1,0.33,0,10,7
Farmastelia,943779013,ASTAR 3D 60CPS MOLLI,1,0.33,0,999,8
Farmastelia,943788442,"VERRUTOP 4F 0,10ML",1,0.33,0,28,7
Farmastelia,943804435,NEOBOROCILLINA GOLA J FRA 15PA,1,0.33,0,18,8
Farmastelia,943806707,EUPH LATTE DET STRUCC 2IN1,1,0.33,0,6,8
Farmastelia,943954723,CONTOUR NEXT GLUCOMETRO,1,0.33,0,0,
Farmastelia,943966073,TRIOCARBONE INTESTINO LE10BUST,1,0.33,0,0,
Farmastelia,944008630,URISTON GOLD 28BUST,1,0.33,0,372,9
Farmastelia,944009760,ESTER C PLUS 500 50CPS VEG,1,0.33,0,42,10
Farmastelia,944010255,DONG QUAI 100CPS VEG,1,0.33,0,9,1
Farmastelia,944011535,ROUGJ CAPSULE COLL TERRA MOSAI,1,0.33,4,1,1
Farmastelia,944027426,PROSTACTIV H24 20CPR RETARD,1,0.33,0,37,2
Farmastelia,944102122,RIBES PET ULTRA PASTA 30G,1,0.33,0,25,6
Farmastelia,944105004,TIOCETILE 30CPR,1,0.33,0,37,5
Farmastelia,944131162,RIBES PET ULTRA CANE GEL 30BUS,1,0.33,0,76,9
Farmastelia,944137518,GERMISDIN IGIENE CORPO ORIG 1L,1,0.33,0,4,6
Farmastelia,944165632,SALIVIT IMMUNO 30CPS,1,0.33,0,38,5
Farmastelia,944171242,DECON D GTT 50ML,1,0.33,0,1066,1
Farmastelia,944257652,SIERO JALURONICO 30ML,1,0.33,1,0,1
Farmastelia,944270331,GLUTICARD PASTA 30G,1,0.33,0,7,6
Farmastelia,944294685,DIZILEN 20CPR,1,0.33,0,69,10
Farmastelia,944324223,TOPIKA PASTA ALL'ACQUA 250ML,1,0.33,0,36,3
Farmastelia,944443567,CLOSEBAX SD SCALP FLUID 50ML,1,0.33,0,108,4
Farmastelia,944573839,MICROBIOTAL PASTA 30G,1,0.33,0,28,2
Farmastelia,944618659,MEDIDENT COLLUTORIO MULTISENS,1,0.33,0,8,9
Farmastelia,944619485,ROUGJ SOLARE SPF15 INTENS200ML,1,0.33,0,0,
Farmastelia,944628813,DOLGODIS 20CPR,1,0.33,0,188,1
Farmastelia,944748312,VEGAN MULTI DIGEST 50TAV MAST,1,0.33,0,65,10
Farmastelia,944762867,CONDRACTIV 40CPR,1,0.33,1,15,1
Farmastelia,944768391,HYLO DUAL INTENSE 10ML,1,0.33,0,416,10
Farmastelia,944775713,LONGLIFE ACEROLA C100 FRUT BOS,1,0.33,0,4,2
Farmastelia,944778113,ROUGJ SOLARE SPF30 100ML,1,0.33,1,39,5
Farmastelia,944791173,ISDINCEUTICS VITAL EYES 15ML,1,0.33,0,48,9
Farmastelia,944828666,CARE FOR YOU GOCCE OCULARI15ML,1,0.33,0,38,1
Farmastelia,944840723,NATURE'S NARCISO NOB ACQUA VIT,1,0.33,0,40,2
Farmastelia,944841016,LONGLIFE RISO ROSSO 100CPS VEG,1,0.33,0,98,7
Farmastelia,944873759,EMORTROFINE H GEL PROCTOLOGICO,1,0.33,0,74,8
Farmastelia,944884612,LONGLIFE CLA 60PRL GELATINA,1,0.33,0,17,8
Farmastelia,944885767,DIXYPRO HP CIOCCOLATO 20BUST,1,0.33,0,27,7
Farmastelia,944910165,PRINCIPIUM MAGNESIO COMP180CPR,1,0.33,0,841,10
Farmastelia,944912132,NORMOGEN DELICATO SHAMPOO300ML,1,0.33,0,8,2
Farmastelia,944912361,NORMOGEN FORFORA SHAMPOO 300ML,1,0.33,0,2,3
Farmastelia,944915370,AQUA MICOSPUMA SPUMA DET 100ML,1,0.33,0,9,1
Farmastelia,944959271,PRINCIPIUM AC IALUR SKIN 60CPR,1,0.33,0,0,
Farmastelia,944965146,NATURE'S LATTE DET VISO OCCHI,1,0.33,0,10,2
Farmastelia,944978030,SONNORIL GOCCE 20ML,1,0.33,0,57,6
Farmastelia,945030765,PRONTO RECUPERO PLUS 24BUST,1,0.33,0,418,6
Farmastelia,945030815,MAGNESIO POTASSIO ZERO 24BUST,1,0.33,0,881,3
Farmastelia,945032225,LONGLIFE MAGNESIUM 375 CARDIO,1,0.33,0,40,5
Farmastelia,945035285,REFALT 600 20STICK PACK,1,0.33,1,752,8
Farmastelia,945088969,MICTACIS 30CPR,1,0.33,0,42,2
Farmastelia,945104255,PROLIFE LATTASI 30CPR MASTIC,1,0.33,0,288,12
Farmastelia,945110930,PSORISDIN EMOLLIENT LOTION,1,0.33,0,20,7
Farmastelia,945119853,TANNISOL CREMA SPF25 URBAN PRO,1,0.33,0,20,6
Farmastelia,945122226,MASSIGEN PROBIOTICI 10FLX8ML,1,0.33,0,476,9
Farmastelia,945139828,EUPH ROSSOLABBRA MAT 14,1,0.33,0,2,12
Farmastelia,945184861,CAL D CITRATO 60TAV,1,0.33,0,86,11
Farmastelia,945192641,PRENAN FORT FM85 72BUST,1,0.33,0,21,2
Farmastelia,945293431,VITA B8 100TAV,1,0.33,0,97,9
Farmastelia,946433075,RETIZIN ANGIO 28CPR GASTRORES,1,0.33,0,204,6
Farmastelia,946442439,ROSSO D'AMBRA EDP 10ML,1,0.33,0,5,3
Farmastelia,947050858,FLAVONIL 600 30CPR,1,0.33,0,44,7
Farmastelia,947070975,LONGLIFE COLLAGEN 5000 POWDER,1,0.33,0,91,8
Farmastelia,947073565,RUDRADOL 20CPR,1,0.33,0,65,7
Farmastelia,947073932,RILASTIL SUN SYS WT MAT SPF50+,1,0.33,0,43,9
Farmastelia,947090674,ANDROPANT PLUS 30CPR,1,0.33,0,61,2
Farmastelia,947090698,BUONERBE LIBERA POLVERE 100G,1,0.33,0,104,6
Farmastelia,947090837,EUKOM 1000 40BUST OROSOLUBILI,1,0.33,0,5,6
Farmastelia,947091272,ACIDOPHILUS BIFIDO 60CPS VEG,1,0.33,0,162,10
Farmastelia,947091373,ENALGIN 20CPS,1,0.33,0,13,3
Farmastelia,947103976,MIORILAXIM NOTTE 30CPR,1,0.33,0,2,1
Farmastelia,947117949,LONGLIFE COPPER 2MG 100CPR RIV,1,0.33,0,13,2
Farmastelia,947159529,CALOMAX FM 60CPR,1,0.33,0,10,4
Farmastelia,947194585,BROMEX HD 20CPR,1,0.33,0,23,7
Farmastelia,947215594,IALURONIC FORMULA 30TAV,1,0.33,0,1079,10
Farmastelia,947217473,VITACALM ANSISTOP SPR ACT 20ML,1,0.33,0,91,5
Farmastelia,947222170,ZETAVIT MAGNESIO POTASSIO ADV,1,0.33,0,122,9
Farmastelia,947223830,ACQUE UNICELL SCRUB ESFOL VISO,1,0.33,0,5,3
Farmastelia,947224984,ARNICA VITI 90% 100ML,1,0.33,0,641,5
Farmastelia,947225001,MASSIGEN FERROVITI 30BUST OROS,1,0.33,0,60,7
Farmastelia,947226611,VALERIANA 100CPS VEGETALI,1,0.33,0,45,4
Farmastelia,947236523,ROUGJ MATITA OCCHI NE AUT,1,0.33,6,0,3
Farmastelia,947237653,DERMOLIVO GEL VAGINALE 5FX3ML,1,0.33,0,37,3
Farmastelia,947242196,KAUMA GOCCE 30ML,1,0.33,0,64,8
Farmastelia,947254381,PROFHILO BODY KIT,1,0.33,0,2,3
Farmastelia,947255168,NEUROTROF 800 20BUST,1,0.33,0,74,7
Farmastelia,947260497,OLIGO ZIN PLUS 50TAV,1,0.33,0,71,7
Farmastelia,947261727,GLICOSET 30CPR,1,0.33,0,427,10
Farmastelia,947273049,ENNEBIDOL 20SOFTGEL,1,0.33,0,95,8
Farmastelia,947280133,XENEDOL PEA 1200 20BUST,1,0.33,0,2,6
Farmastelia,947281085,MULTIQUIET BALANCE 240ML,1,0.33,1,55,6
Farmastelia,947282152,TIOCRONAL MITO 30CPR,1,0.33,0,107,9
Farmastelia,947287847,ROUGJ CELLULITE TRATT BENDE 2P,1,0.33,4,0,1
Farmastelia,947288116,ROUGJ SIERO CERAMIDI E PROBIOT,1,0.33,5,0,1
Farmastelia,947322032,OSMIN TOPIC PROLABIAL 15ML,1,0.33,0,6,7
Farmastelia,947322044,INOSIT U10 400ML,1,0.33,0,92,4
Farmastelia,947333579,DERMOLIVO SCHIUMA DET GINECOL,1,0.33,0,67,5
Farmastelia,947335410,VITREOLENE 30BUST,1,0.33,0,600,8
Farmastelia,947379727,PERVISTOP 20CPR,1,0.33,0,708,1
Farmastelia,947383523,TEANINA 30CPR OVALI,1,0.33,0,8,3
Farmastelia,947395620,LICHTENA CREMA 200ML NF,1,0.33,0,375,8
Farmastelia,947455958,BIOVIT 3 MULTI GOCCE 30ML,1,0.33,0,235,5
Farmastelia,947456796,FLEXART FLOGO 20CPR GASTRORES,1,0.33,0,96,11
Farmastelia,947457824,PRINCIPIUM AMINASTEN 30BUST,1,0.33,0,213,8
Farmastelia,947468462,BERART PLUS 30CPR,1,0.33,0,501,1
Farmastelia,947473942,RETICOL 60CPR,1,0.33,0,3,6
Farmastelia,947480834,LONGLIFE OLIO LAVANDA BIO60PRL,1,0.33,0,11,2
Farmastelia,948002062,KRESCIX DOL 30CPR,1,0.33,0,179,9
Farmastelia,948002100,OCEANIC SILICIO 50CPS VEG,1,0.33,0,74,1
Farmastelia,948011820,VITA A DRY 100TAV,1,0.33,0,131,6
Farmastelia,948011832,CAL MAG ZINCO 100TAV,1,0.33,0,132,11
Farmastelia,948133638,SYNOSTEA 20STICK PACK,1,0.33,0,141,6
Farmastelia,948168568,MIORILAXIM DOL 30CPR,1,0.33,0,4,3
Farmastelia,949426504,ASTENALT 30F 25ML,1,0.33,0,111,7
Farmastelia,949500692,TOTAL DEP 500ML,1,0.33,0,110,5
Farmastelia,949500882,LONGLIFE MIRTILLO RO COMP60CPS,1,0.33,0,0,
Farmastelia,949502809,CALMACID 20TAV MASTICABILI,1,0.33,0,13,3
Farmastelia,949502811,CALMACID 40TAV MASTICABILI,1,0.33,0,154,1
Farmastelia,949523171,NEDEMA CREMAGEL 120ML,1,0.33,0,29,3
Farmastelia,949627424,DERMOGUNA SIERO VISO 30ML,1,0.33,0,9,3
Farmastelia,949627741,VITA K PLUS PLUS 150 GOCCE 6ML,1,0.33,0,122,3
Farmastelia,949658951,BUONERBE REGOLFIBRA 20BUST,1,0.33,0,20,5
Farmastelia,949705800,PERELLE UROPAUSA 30CPR,1,0.33,0,124,7
Farmastelia,949842328,DICOVIT PLUS GOCCE 15ML,1,0.33,0,62,7
Farmastelia,949862383,NEDEMAX 30CPR,1,0.33,0,83,10
Farmastelia,949862407,NEDEMAX 60CPR,1,0.33,0,92,8
Farmastelia,949878298,ALYVAL MED CREMA INTIMA 50ML,1,0.33,0,12,1
Farmastelia,949882726,SIREFAST 20BUST,1,0.33,0,84,5
Farmastelia,949893147,CELLPLUS LINFODRENYL 60TAV,1,0.33,0,121,6
Farmastelia,949893150,CELLPLUS BOOSTER ANTICELLUL,1,0.33,0,36,2
Farmastelia,949893174,CELLPLUS CREMA RASSOD 200ML,1,0.33,0,1,4
Farmastelia,949893200,CELLPLUS AQUA SCRUB 450G,1,0.33,0,9,4
Farmastelia,949898035,BROVAS 1000 30CPR,1,0.33,0,375,9
Farmastelia,949922138,DRENALASE PET MINI CANE GATTO,1,0.33,0,28,2
Farmastelia,949924928,ACNIBEN FACIA CREAM 40ML,1,0.33,0,50,7
Farmastelia,949970661,IALURONICO PLUS CREMA 25G,1,0.33,0,637,
Farmastelia,949973503,DIABEC 60CPS MOLLI,1,0.33,0,863,7
Farmastelia,949988303,PROBIFIDUM PRL2010 15ML,1,0.33,0,128,3
Farmastelia,949988339,PROLONGUM PRL2022 15ML,1,0.33,0,55,2
Farmastelia,949993455,HDLGELAR FREE 45CPS,1,0.33,0,29,6
Farmastelia,950026462,ANAPHASE REACTIVE SHAMPOO200ML,1,0.33,0,18,9
Farmastelia,950032615,TESTOREX 60CPR,1,0.33,0,0,
Farmastelia,950043392,MAGNESIO B VITALITY 60CPR,1,0.33,0,0,
Farmastelia,950045233,PETNORM LAVAGGIO OCULARE 50ML,1,0.33,0,3,4
Farmastelia,950055107,CH TAZZA TRANSITION ROSA 4M+,1,0.33,0,6,5
Farmastelia,950055145,CH TAZZA TRAINING GRIGIA 6M+,1,0.33,0,32,2
Farmastelia,950055400,CH SET PAPPA 12M+ ROSA,1,0.33,0,0,
Farmastelia,950055487,CH TAZZA TRANSITION AZZ 4M+,1,0.33,0,2,3
Farmastelia,950058558,REFLUZEN 20STICK PACK,1,0.33,0,4,7
Farmastelia,950059042,CH BIB PERF GLASS GIRL SIL 240,1,0.33,0,3,3
Farmastelia,950059790,RIGENSKIN CREMA RISTRUTT 50ML,1,0.33,0,32,6
Farmastelia,950063279,OTOCIT 30STICKPACK,1,0.33,0,132,4
Farmastelia,950065957,MITOCOLIN 30CPR DIVISIBILI,1,0.33,0,51,5
Farmastelia,950069904,RILASTIL CREMA BASE 400ML SP,1,0.33,0,65,10
Farmastelia,950069955,RILASTIL XEROLACT OLIO DET,1,0.33,0,520,5
Farmastelia,950073674,DRENLIFE LINFODREN 30STICK,1,0.33,0,81,8
Farmastelia,950073991,ROSELIANE FLUIDO DERMODET250ML,1,0.33,0,37,10
Farmastelia,950075756,IALURONIC ACID ACT PLUS 30CPR,1,0.33,0,27,10
Farmastelia,950081772,EPAVIS T 80PAST,1,0.33,0,28,5
Farmastelia,950082053,SEROBIOMA 48CPS,1,0.33,0,97,
Farmastelia,950082901,NEUTRO ROBERTS ESSENZE ITALIAN,1,0.33,0,17,6
Farmastelia,950212365,ARTRAGIL GEL 100ML,1,0.33,0,4,1
Farmastelia,950213342,TRIFEDOX 30CPR,1,0.33,0,82,4
Farmastelia,950219562,APOVARY 20CPS,1,0.33,0,49,8
Farmastelia,950220956,FLAVIA ACT 30CPR,1,0.33,0,62,8
Farmastelia,950226340,GAVISCON INTESTINO STITICHEZZA,1,0.33,0,142,10
Farmastelia,950231391,PHYSIOMANCE PANCIA PIATTA60CPS,1,0.33,0,4,2
Farmastelia,950232494,GLAMID GEL 50G,1,0.33,0,23,2
Farmastelia,950235174,CLIMAX SONNO&SLIM 30CPS,1,0.33,0,5,6
Farmastelia,950239917,PROBACTIOL DONNA 15CPS,1,0.33,0,70,4
Farmastelia,950240388,ZUCCARIN ZUCCHERO&COLEST 60CPR,1,0.33,0,20,3
Farmastelia,950240477,MAR-BRAIN 30CPR,1,0.33,0,23,1
Farmastelia,950249920,PHYSIOMANCE OVOSITOL 180CPS,1,0.33,0,19,6
Farmastelia,950266054,ESI CRANBERRY CYST FT 16POCKET,1,0.33,0,33,11
Farmastelia,950267207,ESI DEPURERBE FORTE 60CPR,1,0.33,0,34,3
Farmastelia,950267777,COSMECEUTICAL PHA CLEAN 130ML,1,0.33,0,5,6
Farmastelia,950298873,ORALB MAN FILO SUPERFLOSS NEW,1,0.33,1,150,12
Farmastelia,950305589,REFLEX 30CPR,1,0.33,0,0,
Farmastelia,950305692,TRIPTOFANO PLUS 80PAST,1,0.33,0,23,4
Farmastelia,950308484,MORLEN SIERO 30ML,1,0.33,0,45,1
Farmastelia,950309310,IALOZON BLU DENTIFRICIO 100ML,1,0.33,0,223,6
Farmastelia,950355406,DETERGENTE VITAMINA C 200ML,1,0.33,3,29,3
Farmastelia,950356360,BACTORINOL SPRAY NASALE 15ML,1,0.33,0,98,2
Farmastelia,950403790,CHILLY MASCHERA INTIMA RINF,1,0.33,0,41,8
Farmastelia,950404234,ENERVIT PP CREATINA 400G,1,0.33,0,71,10
Farmastelia,950435545,OMNIA ACT FORM45CPS ETICHSPORT,1,0.33,0,4,4
Farmastelia,950456234,VERTISTOP FAST 20CPS,1,0.33,0,40,6
Farmastelia,950456766,POPULEO POMATA 50ML,1,0.33,0,27,4
Farmastelia,950497091,ENERGEA+ NF SALUGEA 60CPS,1,0.33,0,21,4
Farmastelia,950497154,NOKSAN CREMA RIGENERANTE TALL,1,0.33,0,3,3
Farmastelia,950612046,MIGRATENS 14BUST,1,0.33,0,66,5
Farmastelia,950832814,ULLACIST ULTRA 16BUST,1,0.33,0,113,7
Farmastelia,950839441,VULNAMIN 6 SPRAY 30ML,1,0.33,0,0,
Farmastelia,950839480,METARELAX NOTTE 15CPR,1,0.33,0,57,8
Farmastelia,950841635,FLORENTERO COMPLEX 120CPR,1,0.33,0,70,7
Farmastelia,950851129,STRESSTOP 100PAST,1,0.33,0,36,7
Farmastelia,950904755,SALI DI ISCHIA SIERO FILLER SI,1,0.33,0,19,1
Farmastelia,950911558,ELIXIR MESTRUO 30CPR,1,0.33,0,1,4
Farmastelia,950911560,ELIXIR MENOPAUSA 30CPR,1,0.33,0,3,6
Farmastelia,950912865,EPICUROS 20CPR,1,0.33,0,19,7
Farmastelia,950965297,ZINCO RAME OLIMENTOVIS 200ML,1,0.33,0,0,
Farmastelia,950966198,URGO UNGHIE FRAGILI 2ML,1,0.33,0,1,6
Farmastelia,950975856,MACULA START 30CPR RM,1,0.33,0,47,1
Farmastelia,950977165,DORMO BENE 80PAST,1,0.33,0,16,5
Farmastelia,950977874,CUDEXA D3 90SOFTGEL,1,0.33,0,131,1
Farmastelia,950986416,FLEBS CREMA GEL 100ML,1,0.33,0,198,6
Farmastelia,951026665,SEBAK MATT CREMA OPACIZZ SPF30,1,0.33,0,62,3
Farmastelia,951029317,SINCROLIPID 60CPR NF,1,0.33,0,133,7
Farmastelia,951030345,MYOFEM 30BUST,1,0.33,0,10,5
Farmastelia,951032667,CONTRACTA DOL CEROTTO 5PZ,1,0.33,0,17,1
Farmastelia,951033024,CLOROFILLVIS 200ML LIQ ANALCO,1,0.33,0,28,6
Farmastelia,951038746,KROMIA FB LIPOSOMIALE 15ML,1,0.33,0,9,5
Farmastelia,951043468,HYALU B5 SIERO 30ML 2025,1,0.33,6,55,9
Farmastelia,951043482,HYALU B5 CREMA VASO SPF30 50ML,1,0.33,3,34,6
Farmastelia,951043494,HYALU B5 CREMA RICARICA 50ML,1,0.33,4,20,2
Farmastelia,951047341,PSIPROTO MAMMA 40CPR GASTRORES,1,0.33,0,706,2
Farmastelia,951047354,PSIPROTO MAMMA100CPR GASTRORES,1,0.33,0,103,3
Farmastelia,951047416,SUNPROTECTION 60CPR,1,0.33,0,1,1
Farmastelia,951058573,BATTINORM 30STICK,1,0.33,0,27,7
Farmastelia,951059789,GOODERE LIBEEDO4HIM 60CPR,1,0.33,0,0,
Farmastelia,951060235,SWISSE BIOTINA+ZINCO 40GUMM,1,0.33,1,0,3
Farmastelia,951062912,ARKOFEM 60CPS,1,0.33,0,9,5
Farmastelia,951085012,BERTELLI CEROTTO ARNIKOS 5PZ,1,0.33,0,123,9
Farmastelia,951086432,LIBICARE MENO 60CPS,1,0.33,0,14,9
Farmastelia,951091711,BIOMAVET CANE 1500MG 12CPR,1,0.33,0,177,4
Farmastelia,951091937,EUCERIN DC TRATTAMENTO LENIT,1,0.33,0,33,9
Farmastelia,951098538,ESAZYME 30CPS,1,0.33,0,11,3
Farmastelia,951100686,CERAVE INTENSIVE MOIS CR 340G,1,0.33,3,62,9
Farmastelia,951118886,CARTIPROTEX 20BUST,1,0.33,0,15,4
Farmastelia,951121589,MAGIC MAGNESIUM MALATE 60CPR,1,0.33,0,124,5
Farmastelia,951125160,KALOIDON TIO2 CR CICATRICI 50+,1,0.33,0,45,10
Farmastelia,951133216,LENET AQUA 125ML,1,0.33,0,29,2
Farmastelia,951135627,COLINOX 40CPR MASTICABILI,1,0.33,0,0,
Farmastelia,951136795,LENIREF 30CPR MASTICABILI,1,0.33,0,8,6
Farmastelia,951142381,ANTALGOS 30CPR,1,0.33,0,66,7
Farmastelia,951149968,AXIGAB 90CPR,1,0.33,0,36,1
Farmastelia,951150857,M-AID ELASTINA KIT OMBELICALE,1,0.33,0,4,3
Farmastelia,951169592,EXOKER FLUID 100ML,1,0.33,0,18,1
Farmastelia,951169679,IDRASTIN SOLE 75ML,1,0.33,0,14,3
Farmastelia,951171329,LONGLIFE MAGTEIN MG L-THR60TAV,1,0.33,0,13,6
Farmastelia,951171343,LONGLIFE ASHWAGANDHA BIO 5%,1,0.33,0,133,6
Farmastelia,951171495,OPTIM BUTYRATE 90CPS,1,0.33,0,4,1
Farmastelia,951193352,CISTILEVE MANNOSIO FORTE12BUST,1,0.33,0,22,4
Farmastelia,951200930,MENTADENT PROF GENG FT PROT CO,1,0.33,0,23,6
Farmastelia,951209978,ECUNERV PEA 30CPR,1,0.33,0,287,5
Farmastelia,951216252,CUTIMED SORBACT CONT 4X6CM 5PZ,1,0.33,0,30,5
Farmastelia,951223712,BIOKAP ANTICADUTA RINF 12F 7ML,1,0.33,0,6,7
Farmastelia,951231998,DOLINPEA 30CPR RIVESTITE,1,0.33,0,0,
Farmastelia,951234362,ZYMEREX GUM MAGNESIO PURO60GOM,1,0.33,0,3,2
Farmastelia,951268768,QUIXX DELICATE SOL IRRIG NAS,1,0.33,0,231,3
Farmastelia,951269505,MIGRATENS 14BUST,1,0.33,0,112,7
Farmastelia,951272564,SALI DI ISCHIA PROF FICO SELV,1,0.33,0,12,1
Farmastelia,951273806,COLECRIL CALANUS ARTICO 60SOFT,1,0.33,0,110,4
Farmastelia,951273907,CONDROMAX FORTE 10BUST,1,0.33,0,106,6
Farmastelia,951274238,CORTISOLIN 30CPS,1,0.33,0,19,2
Farmastelia,951305388,BIOTENOR D 30CPS,1,0.33,0,176,3
Farmastelia,951306240,PSIPROTO FERT 30BUST,1,0.33,0,58,2
Farmastelia,951315314,SALVIETTA PERIOCUL 18PZ SOFARM,1,0.33,0,999,3
Farmastelia,951317433,YOVIS BAMBINI FRAGOLA 100ML NF,1,0.33,5,683,8
Farmastelia,951330493,BROMELINA OTI COMPLEX 180CPS,1,0.33,0,9,8
Farmastelia,951330772,COBALAPLEX 60CPS,1,0.33,0,55,5
Farmastelia,951337866,MIOAPP 20BUST,1,0.33,0,26,5
Farmastelia,951338781,MAGNEVIS 180PAST,1,0.33,0,0,
Farmastelia,951340571,FISSAN LA PASTA A/PROT 100G NF,1,0.33,1,999,10
Farmastelia,951343856,NERADIN 112CPS,1,0.33,0,50,
Farmastelia,951358290,SALIPIL BIOME 50ML,1,0.33,0,138,5
Farmastelia,951359126,LUBRYVAG 15CPR,1,0.33,0,60,1
Farmastelia,951361219,IMMUNOXIDIL DONNA PLUS 60CPS,1,0.33,0,11,4
Farmastelia,951364417,SACCA UR 2L S/VAL T90 30P SOFA,1,0.33,0,522,3
Farmastelia,951365105,ANTHELIOS UVMUNE DP SPR 200+HU,1,0.33,3,0,4
Farmastelia,951365788,ESSENERGY TROPICAL 10STICK,1,0.33,0,10,2
Farmastelia,951370840,OSTEODOLOR CREMA 100ML,1,0.33,0,0,
Farmastelia,951375625,CARDIOL FORTE 30SOFTGEL NF,1,0.33,0,475,9
Farmastelia,951377997,VIVADIE 20STICKPACK,1,0.33,0,68,1
Farmastelia,951378847,ROUGJ SOL BIFASICO 50+ A/AGE,1,0.33,0,42,9
Farmastelia,951388848,FLORENTERO COMPLEX SOSP 60ML,1,0.33,0,394,7
Farmastelia,951389980,DIBUZIN 30CPR,1,0.33,0,246,5
Farmastelia,951450663,LEXUP 45CPR,1,0.33,0,0,
Farmastelia,951450776,I MUSCHI DOLCEMUS EDP 10ML,1,0.33,0,7,7
Farmastelia,951457629,ERITRIL PRO 20CPS,1,0.33,0,246,1
Farmastelia,951459383,ARG COMPLEX 20CPR EFFERV,1,0.33,0,23,7
Farmastelia,951459825,GLUTAM STOP 30CPR,1,0.33,0,7,4
Farmastelia,951462959,TENERI PENSIERI BABY BAG BC,1,0.33,0,2,6
Farmastelia,951464965,ANDROCLEAN CREMA 20ML,1,0.33,0,7,4
Farmastelia,951469776,ENZYVIS 100PAST,1,0.33,0,77,3
Farmastelia,951469954,PNEUMOXYTOL 30BUST,1,0.33,0,96,7
Farmastelia,951486063,YAMAMOTO R BROMELINA 30CPR,1,0.33,0,23,1
Farmastelia,951501004,COMBIGIN 30CPS,1,0.33,0,38,6
Farmastelia,951506043,STOMEK SOSPENSIONE 30STICK,1,0.33,0,2,6
Farmastelia,951507452,AQUAVIS DS CREMA 75ML,1,0.33,0,91,5
Farmastelia,951551302,ENTONIL CREMA 10ML,1,0.33,0,77,2
Farmastelia,951552557,TIMOB 30STICKPACK 10ML,1,0.33,0,49,5
Farmastelia,951586179,EFFACLAR GEL DET REFILL 400ML,1,0.33,0,13,7
Farmastelia,951615754,BIOCLIN DEO CONTROL VAPO NF,1,0.33,0,121,9
Farmastelia,951617632,LINES SP DERM PROT SAG SUP15PZ,1,0.33,0,26,
Farmastelia,951694052,HYALO4 CARE CREAM 100G,1,0.33,0,11,4
Farmastelia,951694088,HYALO4 CARE START GEL 30G,1,0.33,0,5,4
Farmastelia,951801214,CILIACELL NASAL SPRAY ADULT,1,0.33,0,19,3
Farmastelia,951861208,LAVONASE GREEN 6FISIOL+6DEFLUS,1,0.33,0,0,
Farmastelia,951862972,URYVET EVO 1500 32CPR,1,0.33,0,19,4
Farmastelia,951863024,HORMONIZE 60CPS,1,0.33,0,0,
Farmastelia,951863036,VITALINFATIC 1000 12FL 25ML,1,0.33,0,0,
Farmastelia,951864495,GABOL ARUGOL SIERO 30ML,1,0.33,0,6,2
Farmastelia,951865575,FERTYCARE 60STICK,1,0.33,0,30,2
Farmastelia,951865664,CALCIUM COMPOSITUM 66PAST,1,0.33,0,1,1
Farmastelia,951868470,VILLISED 30CPS,1,0.33,0,146,8
Farmastelia,951868660,FOILLE INSETTI REPELLENTE ACT,1,0.33,0,276,1
Farmastelia,951869674,PHYSIOMANNA PROCTO 14BUST,1,0.33,0,10,2
Farmastelia,951878952,RELAXO PET PLUS 30CPR,1,0.33,0,3,5
Farmastelia,951882760,KELUAL DS INTENSIVE SPRAY100ML,1,0.33,0,0,
Farmastelia,951885007,SKINCEUTICALS EMOLLIENCE 60ML,1,0.33,0,5,6
Farmastelia,951887165,MONOI PARADIS EDT 50ML,1,0.33,0,4,6
Farmastelia,951889219,DISBIO C 100G,1,0.33,0,29,6
Farmastelia,951989805,CURASEPT PREVENT GENGIVE 16CPR,1,0.33,0,135,7
Farmastelia,951991215,KLORANE MAS CUPUACU 250ML,1,0.33,0,6,1
Farmastelia,951991381,KLORANE SH SEC LINO 150ML,1,0.33,0,14,7
Farmastelia,951991963,VERSET ISLAND 50ML 25,1,0.33,0,17,4
Farmastelia,951992433,ARKOSLIM EXPERT 270G,1,0.33,0,20,7
Farmastelia,951992472,PRO-COLLAGENE 231G,1,0.33,0,47,10
Farmastelia,952003097,VIVIVEN CRACKLING MOUSSE GAMBE,1,0.33,0,23,2
Farmastelia,952004099,TELEANGYL PROTECT SPF50+ PHARC,1,0.33,0,76,4
Farmastelia,952043166,CURAPROX CPS 14 ORTHO ARA 4PZ,1,0.33,0,19,5
Farmastelia,952044244,DENSITIUM CREME SPF30 REFILL,1,0.33,0,4,1
Farmastelia,952048938,MINERAL 89 CR TUBO SORBET 48H,1,0.33,8,0,1
Farmastelia,952049207,PODOLENE CREMA 100ML,1,0.33,0,72,2
Farmastelia,952051100,FRESUBIN PRO COMPACT NEU 4FL,1,0.33,0,12,2
Farmastelia,952051629,PROLAC CORDYCEPS 90CPR,1,0.33,0,0,
Farmastelia,952052746,OLAPLEX N3 PLUS COMPLETE 100ML,1,0.33,0,2,6
Farmastelia,952056796,CASTALADIN 45CPS,1,0.33,0,0,
Farmastelia,952068880,OXIMIX GOLA 10FL,1,0.33,0,1,3
Farmastelia,952070706,BIOSNEL NUOVA FORMULA SAL60CPS,1,0.33,0,27,5
Farmastelia,952070860,DX&VX PROBIOTICI ADULTI 15BUST,1,0.33,0,1,1
Farmastelia,952088058,PHYSIOMANCE HEPATOBOOST G500ML,1,0.33,0,0,
Farmastelia,952094478,DAFNEFLOR 30CPS ACIDORESIST,1,0.33,0,63,7
Farmastelia,952094617,ATROFIC CREMA INTIMA 50ML,1,0.33,0,7,2
Farmastelia,952097653,BLANX MED DENTI BIANCHI 75ML,1,0.33,0,247,8
Farmastelia,952110056,MCF MICROFLOR 32 60CPS VEGETAL,1,0.33,0,57,8
Farmastelia,952110411,TRIDERM BIPACK DET CRP CAP,1,0.33,0,16,7
Farmastelia,952110688,CLARIDON ORO 20BUST,1,0.33,0,0,
Farmastelia,952126136,ULTRA PEP CAPTOKAL 120CPS VEG,1,0.33,0,11,5
Farmastelia,952132241,SENSURA MIOCLICK COLO MAXI 50,1,0.33,0,2,1
Farmastelia,952132381,SENSURA MIOFLEX COLO MAXI 70,1,0.33,0,1,2
Farmastelia,970150227,LINES SPEC LADY MAXI 12PZ,1,0.33,1,94,7
Farmastelia,970150330,LINES SP PANTS UNI SUPER L8P,1,0.33,0,0,
Farmastelia,970157905,BIOVALE VEN 1000 30CPR,1,0.33,0,17,7
Farmastelia,970176309,WIQO NOURISHING MOISTUR CREAM,1,0.33,0,18,7
Farmastelia,970224313,AUXILIE IMMUPLUS J SOLU30STICK,1,0.33,0,65,5
Farmastelia,970225874,PEDIAMAG 10FL,1,0.33,0,450,5
Farmastelia,970230898,PR CAT A01 GR TONNO ROSA 6X70G,1,0.33,0,1,7
Farmastelia,970283964,PROVISION PIERPAOLI 60CPR,1,0.33,0,1022,9
Farmastelia,970296772,REDOX PLUS 500ML,1,0.33,0,0,
Farmastelia,970297634,ARGENTO COLLOID PLUS SPRAY,1,0.33,0,17,8
Farmastelia,970337440,REV RESOLVE 250ML,1,0.33,0,1,7
Farmastelia,970358180,VITA D DETERGENTE INTIMO DEL,1,0.33,0,18,1
Farmastelia,970371403,PROCINEX 24STICK 15ML,1,0.33,0,291,2
Farmastelia,970373015,NEUROVISION 30BUST,1,0.33,0,57,5
Farmastelia,970375945,EPATOSTAR FORTE 20CPR RIVEST,1,0.33,0,77,5
Farmastelia,970378586,THERAMICOTIC GOCCE AURICOLARI,1,0.33,0,373,5
Farmastelia,970378701,XLS DRENA 10FLX10ML,1,0.33,0,0,
Farmastelia,970385314,AVIUR RETARD 10CPS,1,0.33,0,53,1
Farmastelia,970404531,ECHINACEA ESTR INTEGRALE 200ML,1,0.33,0,38,5
Farmastelia,970406613,POLICALM SHOWER GEL 300ML CE,1,0.33,0,145,3
Farmastelia,970418859,HERICIUM UP 90CPS,1,0.33,0,3,7
Farmastelia,970418861,ARTEMISIA ESTRATTO INTEGR200ML,1,0.33,0,1,1
Farmastelia,970430652,ACNEFFE SUN SPF30 50ML,1,0.33,0,56,9
Farmastelia,970431312,DERCOS SHAMPOO ULTRALENIT GRAS,1,0.33,1,122,7
Farmastelia,970433076,NEOCREAPLUS 24BUST,1,0.33,0,23,9
Farmastelia,970445678,MAN SUPPORT 18SIC GAMB 18 NE 2,1,0.33,0,1,2
Farmastelia,970448751,GINKGO BILOBA ESTR INTEGR200ML,1,0.33,0,5,2
Farmastelia,970449322,TENA WASH GLOVE 50PZ,1,0.33,0,13,8
Farmastelia,970451009,PREP SOLARI SPF 30 200ML,1,0.33,0,7,1
Farmastelia,970458360,"ACUVAL AUDIO 14BUST 1,8G OS",1,0.33,0,971,10
Farmastelia,970482954,CH SPUGNA ULTRASSORBENTE,1,0.33,0,4,10
Farmastelia,970488829,KIJIMEA COLON IRRITABILE 28CPS,1,0.33,0,25,
Farmastelia,970489858,FLOCARE SOND NASOG PUR CH12 1,1,0.33,0,2,1
Farmastelia,970508976,ESI GO UP ENERGY 16POCKET DRIN,1,0.33,0,22,
Farmastelia,970528307,GINCART 18BUST,1,0.33,0,171,10
Farmastelia,970701381,BRAVA SALVIETTE DET 15PZ,1,0.33,0,65,4
Farmastelia,970706420,MALVA ESTRATTO INTEGRALE 200ML,1,0.33,0,1,5
Farmastelia,970711521,DESTROMANN 14BUST,1,0.33,0,24,1
Farmastelia,970771390,CLOREXYDERM OTO PIU' 150ML,1,0.33,0,1013,4
Farmastelia,970777518,AGNOCASTO ESTRATTO INTEGR200ML,1,0.33,0,2,1
Farmastelia,970795100,RENAL P 70G,1,0.33,0,33,6
Farmastelia,970795136,CALENDULA CREMA GEL 60ML CEMON,1,0.33,0,33,7
Farmastelia,970929648,SALI DI ISCHIA BODYQUE CORAL V,1,0.33,0,65,9
Farmastelia,970936011,MACULARFAG 20CPR,1,0.33,0,471,10
Farmastelia,970936252,"SKINSAN DONNA 30CPR 1,2G",1,0.33,0,4,1
Farmastelia,970973424,IAP PHARMA 63 UOMO 150ML,1,0.33,0,22,8
Farmastelia,970982993,BRONCO24 14BUST,1,0.33,0,11,1
Farmastelia,970991168,BARDANA ESTRATTO INTEGR 200ML,1,0.33,0,3,1
Farmastelia,971028826,ACIDO IALURONICO SPECIAL CARE,1,0.33,0,25,9
Farmastelia,971040807,NEUROFAG 20CPR,1,0.33,0,29,4
Farmastelia,971052042,SANISPIRA ALLERGIA NAS L 10PZ,1,0.33,0,0,
Farmastelia,971052156,GLIADINES 30STICKPACK OS,1,0.33,0,69,8
Farmastelia,971060886,TENA MEN LEVEL 1 12PZ,1,0.33,0,233,11
Farmastelia,971063399,PROFICAT LITTER PREL UR GATTI,1,0.33,0,26,7
Farmastelia,971064783,TRIAMAG B6 36CPR,1,0.33,0,126,6
Farmastelia,971068871,OMEGOR KIDS 60CPS MASTICABILI,1,0.33,0,38,3
Farmastelia,971072677,ERECTOSAN PLUS 30BUST,1,0.33,0,51,5
Farmastelia,971089204,GYNOCANESTEST TAMPONE VAGINALE,1,0.33,0,154,3
Farmastelia,971091222,GOODLOOK STENO C/FORI SOLE,1,0.33,0,1,2
Farmastelia,971096476,COMFEEL PLUS SACRO 17X17 5PZ,1,0.33,0,3,1
Farmastelia,971101720,MAGSOL 5 PLUS 60CPR,1,0.33,0,67,9
Farmastelia,971120264,ALTEA ESTRATTO INTEGRALE 200ML,1,0.33,0,12,7
Farmastelia,971131305,LUPINO ESTRATTO INTEGRALE200ML,1,0.33,0,0,
Farmastelia,971131356,GUARANA' ESTRATTO INTEGRALE,1,0.33,0,0,
Farmastelia,971192846,CH MD FASCIA POST PARTO L,1,0.33,0,12,7
Farmastelia,971192859,TIGLIO ESTRATTO INTEGRALE200ML,1,0.33,0,1,2
Farmastelia,971196959,AGAR-AGAR POLVERE 100G,1,0.33,0,1,1
Farmastelia,971197049,BETULLA BI ESTRATTO TIT 60PAST,1,0.33,0,0,
Farmastelia,971197241,GINSENG ESTRATTO TIT 60PAST,1,0.33,0,11,2
Farmastelia,971197482,VALERIANA ESTRATTO TIT 60PAST,1,0.33,0,0,
Farmastelia,971213071,MEDOTO SPRAY AURICOLARE ISOTON,1,0.33,0,0,
Farmastelia,971223767,ARNICA 100'S GEL EX FT RAFF500,1,0.33,0,15,7
Farmastelia,971230952,ANSICOR 30ML,1,0.33,0,18,2
Farmastelia,971242298,IRON FOLIC 30CPS,1,0.33,0,28,3
Farmastelia,971247857,DIVET EO CREMA 30ML,1,0.33,0,2,2
Farmastelia,971273242,DEXYANE GEL DET 400ML DUCRAY,1,0.33,0,16,9
Farmastelia,971299084,MEMO MIX 30CPR,1,0.33,0,8,7
Farmastelia,971302005,FLOXEA GEL VAGINALE 6 APPLIC,1,0.33,0,69,2
Farmastelia,971304124,BUONA RESPIRO SCIROPPO 140ML,1,0.33,0,75,7
Farmastelia,971309758,SENSIFINE AR CREME 40ML,1,0.33,0,20,10
Farmastelia,971325220,PEDIATRE GOCCE 7ML,1,0.33,0,136,4
Farmastelia,971325232,PEDIAFLUOR 7ML,1,0.33,0,241,1
Farmastelia,971325269,PEDIATRE DHA 5ML,1,0.33,0,183,7
Farmastelia,971327200,ARTELAC REACTIVE MONODOSE 10PZ,1,0.33,0,532,2
Farmastelia,971337454,GASTRO ENZYME 30CPS VEGETALI,1,0.33,0,54,2
Farmastelia,971338025,NUCRON 30CPR,1,0.33,0,325,8
Farmastelia,971347644,BIOREPAIR PLUS PARODONTGEL75ML,1,0.33,0,813,9
Farmastelia,971381975,REUPLUS CAPSULE 24CPS,1,0.33,0,277,6
Farmastelia,971389921,LIQUICK X-TRE ERG43CM CH12 30P,1,0.33,0,1,3
Farmastelia,971390063,ARGAN100 60ML,1,0.33,0,23,6
Farmastelia,971390695,RINOWAY SALI ISOTONICI 30BUST,1,0.33,0,47,10
Farmastelia,971399706,INTENSIVE SPIRULINE CREME 50ML,1,0.33,0,1,2
Farmastelia,971482221,VERSET COQUETTE EDP 15ML,1,0.33,0,4,7
Farmastelia,971482233,VERSET ELLE EAU DE PARFUM 15ML,1,0.33,0,39,5
Farmastelia,971526898,AVENA ESTRATTO INTEGRALE 200ML,1,0.33,0,3,2
Farmastelia,971527306,NASIR MEDIC 5SAC+5DEFLUS+1VENT,1,0.33,0,11,3
Farmastelia,971528195,BLUYAL 10ML,1,0.33,0,0,
Farmastelia,971551383,EUPHORIA 30CPR,1,0.33,0,13,8
Farmastelia,971608029,CH THERMOS PORTAPAPPA 6M+,1,0.33,0,4,4
Farmastelia,971620796,BLEFACTIVE LIPOGEL OFTALMICO,1,0.33,0,12,8
Farmastelia,971621937,ACQUA ALLE ROSE TONICO CL300ML,1,0.33,0,276,9
Farmastelia,971635103,HE SHOU WU POLVERE BIO 125G,1,0.33,0,8,3
Farmastelia,971635281,FRASSINO MANNA CANNULI 100G,1,0.33,0,1,2
Farmastelia,971637107,SODO SENO 60CPS,1,0.33,0,7,4
Farmastelia,971647110,RENALIT-COMBI 12OVAL+SCIR120ML,1,0.33,0,145,2
Farmastelia,971654850,LICOPO ESTRATTO INTEGRALE200ML,1,0.33,0,0,
Farmastelia,971664596,ARTELAC COMPLETE MULTIDOSE10ML,1,0.33,0,596,6
Farmastelia,971677125,FERTILUP UOMO 60CPS,1,0.33,0,48,3
Farmastelia,971678762,TAMARIX GAL GETTI MG 100ML,1,0.33,0,0,
Farmastelia,971678952,POLICALM SPRAY 60ML,1,0.33,0,39,2
Farmastelia,971684131,LACRISEK FREE SOL OFT S/CO10ML,1,0.33,0,54,5
Farmastelia,971712981,OROXIL PLUS COLLUTORIO 250ML,1,0.33,0,11,3
Farmastelia,971735168,DIVIKEN SPRAY ORALE 21ML,1,0.33,0,36,
Farmastelia,971737578,SINEFLOG 30ML,1,0.33,0,55,4
Farmastelia,971747290,AROMATOIL CANNELLA 50OPR,1,0.33,0,49,3
Farmastelia,971747389,AROMATOIL ORIGANO 50OPR,1,0.33,0,70,4
Farmastelia,971750500,CIS400 14BUST,1,0.33,0,133,8
Farmastelia,971752112,VITA ACT CALCIO+VIT D 60CPR,1,0.33,0,122,9
Farmastelia,971755020,FILORIN NASO SPRAY NASALE 50ML,1,0.33,0,46,2
Farmastelia,971755576,CLINDERM D S SHAMPOO 200ML,1,0.33,0,9,3
Farmastelia,971930247,ZERONAUSEA 10STICK PACK,1,0.33,0,2,3
Farmastelia,971931391,ROSELIANE CR RICCA 50ML,1,0.33,0,329,6
Farmastelia,971957459,PANNOLINI MUTANDINA M TG2 12PZ,1,0.33,0,1,3
Farmastelia,971970355,ANSIPLUS RETARD 20CPR BISTRATO,1,0.33,0,29,2
Farmastelia,971974833,ALGEM LADY CICLO MESTRUALE,1,0.33,0,71,4
Farmastelia,971998416,LINEAGIN MOUSSE 150ML,1,0.33,0,53,5
Farmastelia,972001046,RIGEDERM CREMA 100ML,1,0.33,0,18,6
Farmastelia,972036750,EUCERIN PH5 SOFT CREAM 450ML,1,0.33,0,64,10
Farmastelia,972059707,FLOCARE DEFLUSSORE PRER+BOT GR,1,0.33,0,0,
Farmastelia,972061396,MEDS TAGLIA PILLOLE,1,0.33,0,70,6
Farmastelia,972061612,FORSKOLIN FORTE 60CPS,1,0.33,0,64,1
Farmastelia,972128464,BIOMAG 90CPR MAST LEHNING,1,0.33,0,11,5
Farmastelia,972133262,LACRIVET GTT OCUL STRIP 10FL,1,0.33,0,57,7
Farmastelia,972191581,MULTIVITAMINICO PENSA J 30CPR,1,0.33,0,0,
Farmastelia,972260614,RIGEAVIT 30CPR,1,0.33,0,40,4
Farmastelia,972269599,ONYCOPHASE K SOLUZ UNGHIE 15ML,1,0.33,0,29,5
Farmastelia,972269738,RITMOLAX FLUIDO CONCENTRA200ML,1,0.33,0,38,7
Farmastelia,972285682,ESI ALOE VERA COLON CLEANSE 1L,1,0.33,0,3,12
Farmastelia,972287989,CYSTOPHYTO PASTA 30G,1,0.33,0,2,4
Farmastelia,972320954,SALI DI ISCHIA CR MASS CELLUL,1,0.33,0,33,1
Farmastelia,972320980,SALI DI ISCHIA CR MASS TERMOG,1,0.33,0,11,1
Farmastelia,972321133,SALI DI ISCHIA FLUIDO TON CALD,1,0.33,0,3,1
Farmastelia,972381990,EPATOACT 36CPS 500MG,1,0.33,0,76,
Farmastelia,972468197,TOTAL NEEM PROTECTION SPRAY MU,1,0.33,0,139,6
Farmastelia,972471597,RUBAXX ARTICOLAZIONI 30BUST,1,0.33,0,183,10
Farmastelia,972472841,DUALCOL 30CPR,1,0.33,0,129,7
Farmastelia,972472854,DUALCOL FERMENTI 10CPS,1,0.33,0,138,10
Farmastelia,972495550,PRIOVIT 12 FORTE 36CARAM,1,0.33,0,3,4
Farmastelia,972508651,ARTHROCARIL COLLAGENE 14BUST,1,0.33,0,54,7
Farmastelia,972509083,URIAGE OLIO LAVANTE 500ML,1,0.33,0,96,
Farmastelia,972515314,PROBIOTIC P-450 12STICK MONOD,1,0.33,0,83,2
Farmastelia,972522837,GIBAUD ORTHO LOMBOGIB LADY26 0,1,0.33,0,1,6
Farmastelia,972537118,ALKEVEN MOUSSE 150ML,1,0.33,0,124,5
Farmastelia,972539872,FLOGOX 30CPS,1,0.33,0,33,4
Farmastelia,972554531,CELLULITE DREN 60PAST,1,0.33,0,7,1
Farmastelia,972599740,FLORMIDABIL DAILY 10CPS,1,0.33,0,101,5
Farmastelia,972681605,COMPLEX 400 VETCARE POLV 400G,1,0.33,0,2,2
Farmastelia,972725093,VITREOLISINA IDRO 20BUST,1,0.33,0,110,10
Farmastelia,972730600,THYRSEL OX 30CPS,1,0.33,0,65,2
Farmastelia,972759827,LITIO OLIMENTOVIS 200ML,1,0.33,0,16,3
Farmastelia,972760577,ACTEA OTO EMULSIONE OTOLOG30ML,1,0.33,0,2,1
Farmastelia,972761237,SCHAR WRAPS PIADINA ARROT 240G,1,0.33,0,6,3
Farmastelia,972763496,FACE OIL 30ML,1,0.33,0,2,2
Farmastelia,972778169,KRIN UP MELANINE 60CPS,1,0.33,0,7,9
Farmastelia,972783183,OMEGA 3-6-9 60PRL 1000MG,1,0.33,0,29,2
Farmastelia,972790075,ARTIGLIO DIAVOLO POM 35% 100ML,1,0.33,0,1,2
Farmastelia,973076247,MILL&JOY TEVA 100CPR,1,0.33,0,610,9
Farmastelia,973077631,LENIMAG CREMA 100ML,1,0.33,0,12,2
Farmastelia,973188067,OVOFERT FAST CPS,1,0.33,0,52,6
Farmastelia,973190390,IMMUNOPED SCIROPPO 140ML,1,0.33,0,61,6
Farmastelia,973194968,LABCARE CREMA VISO CONC DETOX,1,0.33,4,0,3
Farmastelia,973203627,PHYTUM 1000 30CPS 500MG,1,0.33,0,12,6
Farmastelia,973211131,KALEIDON FAST PROB BI NAT 10BU,1,0.33,0,43,6
Farmastelia,973261581,OSTEOPAUSA 40CPR,1,0.33,0,3,2
Farmastelia,973262280,FLOGOFIT ARTICOLAZIONI 30CPR,1,0.33,0,82,1
Farmastelia,973288792,ALBANERV 30CPR FILMATE,1,0.33,0,98,2
Farmastelia,973289352,JOWAE CREMA COLOR IDRAT CHIARA,1,0.33,0,3,6
Farmastelia,973328242,BIOTRANSIT 15STICK 15ML,1,0.33,0,563,2
Farmastelia,973338825,SAMEFAST UP 20STICK PACK,1,0.33,0,39,
Farmastelia,973339082,ACTIVE MEMORY SOLETTA 42 1PA,1,0.33,0,1,5
Farmastelia,973350960,SYNERGY DERM PEEL OFF MASK,1,0.33,0,2,2
Farmastelia,973351947,ZINCOSEB SPRAY 200ML,1,0.33,0,4,12
Farmastelia,973363245,FLUIVIT C SPRAY GOLA 20ML,1,0.33,0,9,2
Farmastelia,973472727,XANADREN ANANAS 300ML,1,0.33,0,95,4
Farmastelia,973476575,ERAVEN EMO 20BUST,1,0.33,0,28,5
Farmastelia,973500301,PURES SPRAY TONICO CIRC 100ML,1,0.33,0,9,
Farmastelia,973500731,SOMAT SKIN EX SNELL NATURAL,1,0.33,0,16,5
Farmastelia,973515962,BARIESUN SPF50+ SPRAY ASCIUTTO,1,0.33,0,48,3
Farmastelia,973603828,MORINGA OLEIFERA 24CPS,1,0.33,0,27,5
Farmastelia,973609528,CH IL MANGIAPANNOLINI 2017,1,0.33,0,3,6
Farmastelia,973623832,NEUROMET 60CPR,1,0.33,0,168,1
Farmastelia,973642857,SILICIO+MAGNESIO MARINO 60CPS,1,0.33,0,19,10
Farmastelia,973652199,NEFROPIU' 30CPR,1,0.33,0,41,4
Farmastelia,973652237,OMRON NEBUL PIST C101 ESSENTIA,1,0.33,0,30,4
Farmastelia,973662036,CITILPEA 30BUST,1,0.33,0,39,8
Farmastelia,973726502,LIEVITOSOHN 30BUST,1,0.33,0,0,
Farmastelia,973726514,LIEVITOSOHN 60CPR,1,0.33,0,76,5
Farmastelia,973732504,ULTRADEX COLLUTORIO ALITO SANO,1,0.33,0,138,2
Farmastelia,973732807,MANGANESE RAME COB OLIMEN200ML,1,0.33,0,6,2
Farmastelia,973908597,ARNICA GEL 90% 500ML,1,0.33,0,620,10
Farmastelia,973908686,PEDIAFORT 1000 8FL 10ML,1,0.33,0,121,2
Farmastelia,973914738,ZENZERO ESTRATTO INTEGR 200ML,1,0.33,0,8,1
Farmastelia,973915806,BREAST UP 60CPS,1,0.33,0,68,7
Farmastelia,973992908,FLEXIMA ACTIVE CVX RU SC 15-45,1,0.33,0,1,1
Farmastelia,974003713,SYNAPSINE 1000 10FL 10ML,1,0.33,0,747,7
Farmastelia,974011999,ALOCROSS MONODOSE SOL OFT 15FL,1,0.33,0,30,10
Farmastelia,974016750,VITAMINA D3 VEGAN 2000 UI 50ML,1,0.33,0,110,4
Farmastelia,974036220,OMEGA 3 ACT 1G 60PRL,1,0.33,0,203,9
Farmastelia,974036675,MIODOL 20CPR BLISTER 10G,1,0.33,0,38,1
Farmastelia,974053365,TENA MEN PANTS ACTIVE FIT M 9P,1,0.33,0,194,10
Farmastelia,974058327,VISCAPLUS CANOVA 60CPS,1,0.33,0,193,7
Farmastelia,974059356,REFLUTECH SPRAY 30ML,1,0.33,0,40,9
Farmastelia,974059469,LINES CLAS PANN SUPER L 30PZ,1,0.33,0,71,4
Farmastelia,974059483,LINES SP PANN SUPER L 30PZ,1,0.33,0,11,2
Farmastelia,974059560,LINES SP PANN PROT/A L 20PZ,1,0.33,0,2,2
Farmastelia,974059584,LINES CLAS RETT C/BARRI 30PZ,1,0.33,1,165,7
Farmastelia,974059596,LINES CLAS RETT S/BARRI 30PZ,1,0.33,0,0,
Farmastelia,974090019,PIACERI MEDIT CROST ALB 4X50G,1,0.33,0,8,7
Farmastelia,974099855,CONDROPAS 18BUST,1,0.33,0,20,1
Farmastelia,974099893,TOSSE CONTROL PLUS 200ML LIQ,1,0.33,0,11,2
Farmastelia,974109175,CERAVE DETERGENTE IDRAT 236ML,1,0.33,1,430,9
Farmastelia,974109290,CERAVE CREMA VISO IDRAT 50ML,1,0.33,5,381,12
Farmastelia,974109326,CERAVE CREMA IDRATANTE 340G,1,0.33,3,325,11
Farmastelia,974116535,MELA ANNURCA HAIR 30CPS,1,0.33,0,59,3
Farmastelia,974157087,BENEX SHAMPOODOCCIA 200ML,1,0.33,0,29,6
Farmastelia,974362840,IPNOCEFAL 30ML GOCCE,1,0.33,0,0,
Farmastelia,974369908,B OTI COMPLEX NF 60CPS,1,0.33,0,4,7
Farmastelia,974373476,ASABIONIC DET DEPURATIVO 125ML,1,0.33,0,88,5
Farmastelia,974381257,REV IDRAX CONTOUR 15ML,1,0.33,0,32,2
Farmastelia,974381600,MOLICARE MOBILE PULL 6G L 14PZ,1,0.33,0,3,1
Farmastelia,974383489,CURCUVITA 30CPS,1,0.33,0,15,4
Farmastelia,974388516,BRAVA CEROTTO IDROCOL XL 20PZ,1,0.33,0,21,8
Farmastelia,974479317,CH GIOCO MSD ORSETTO DOU DOU,1,0.33,0,22,3
Farmastelia,974513703,FIBRINOSIL 20CPR,1,0.33,0,38,3
Farmastelia,974644282,FIBRO PASS 60CPS,1,0.33,0,14,4
Farmastelia,974645347,AEQUILIBRIA VET SOSP ORALE100G,1,0.33,0,0,
Farmastelia,974651972,CICAVIT SOS GRATTAGE 40ML,1,0.33,0,0,
Farmastelia,974656480,PARODONTAX CP COOL MINT 75ML,1,0.33,0,800,10
Farmastelia,974657417,VITREOCLAR ORO 30BUST OROSOL,1,0.33,0,41,7
Farmastelia,974658421,LICHTENA DERMAD DETERGENT400ML,1,0.33,0,163,4
Farmastelia,974761761,NATURA+ SACCA CH STAND OP 70MM,1,0.33,0,4,2
Farmastelia,974762801,DARFAX 20CPR DIV,1,0.33,0,316,8
Farmastelia,974837787,EPISID 20 PASTA 75ML,1,0.33,0,44,4
Farmastelia,974851293,EMUNDA SCRUB&MASCHERA 125ML,1,0.33,0,9,1
Farmastelia,974890612,GARZA MEDS FARMACTIVE ST 10X10,1,0.33,0,2,
Farmastelia,974890624,GARZA FARMACTIVE 10X10CM 10PZ,1,0.33,0,14,2
Farmastelia,974893190,LYCIA CREMA ANTIODORE ORIG30ML,1,0.33,0,89,10
Farmastelia,974893315,LYCIA SHAMPOO ANTIODORANTE,1,0.33,0,0,
Farmastelia,974908333,PERLAFLOR 10FL 10ML,1,0.33,0,53,2
Farmastelia,974918056,BIOREPAIR ANTIBATT SPAZZ SSO,1,0.33,0,57,
Farmastelia,974919122,CANDIKOS 60CPS,1,0.33,0,1,4
Farmastelia,974988329,DOAFER 30CPS,1,0.33,0,254,2
Farmastelia,974989307,PSICO UP 36CPS,1,0.33,0,0,
Farmastelia,975000819,ALOEVERA2 ALOEGYN CREMA 50ML,1,0.33,0,81,7
Farmastelia,975004654,CURASEPT SPAZZ SPEC MONO TUFTS,1,0.33,0,4,10
Farmastelia,975007333,ARNICA 90 PLUS 75ML,1,0.33,0,156,7
Farmastelia,975007550,VERSET IT'S MINE EDP 15ML,1,0.33,1,0,1
Farmastelia,975026170,HYALU B5 OCCHI 15ML,1,0.33,8,0,7
Farmastelia,975026699,CURASEPT SPAZZ MEDIUM 017,1,0.33,0,249,11
Farmastelia,975027499,CALMALU' SCIROPPO 150ML,1,0.33,0,130,3
Farmastelia,975047123,GEL ARNICA MONTANA 50% 100ML,1,0.33,0,2,5
Farmastelia,975050980,VERSET IT'S DONE EDP 15ML,1,0.33,1,0,1
Farmastelia,975054622,EUCERIN ANTI-PIGMENT NOTTE50ML,1,0.33,0,44,11
Farmastelia,975054646,EUCERIN ANTI-PIGMENT CORRETTOR,1,0.33,0,43,
Farmastelia,975063239,CEROTTO SPRAY,1,0.33,1,285,10
Farmastelia,975063443,IMMUNOSICK 30ML,1,0.33,0,174,1
Farmastelia,975067760,IAP PHARMA 40 150ML,1,0.33,0,4,10
Farmastelia,975076872,MIOFIBRAL 20CPR,1,0.33,0,60,8
Farmastelia,975082850,GIBAUD SPORT CAVIGLIERA 4,1,0.33,0,1,5
Farmastelia,975082862,GIBAUD SPORT POLPACCERA 1,1,0.33,0,1,5
Farmastelia,975082900,GIBAUD SPORT PRESS SOTTOROT 2,1,0.33,0,2,5
Farmastelia,975083027,GIBAUD SPORT BRACCIALE 1,1,0.33,0,1,5
Farmastelia,975083484,ACTIVE MEMORY SOLETTA BAMBOO42,1,0.33,0,1,1
Farmastelia,975083849,NUXE PROD BOOST BALS OLIO RIPA,1,0.33,0,28,5
Farmastelia,975084690,GYN PHY BRUMA DETERGENTE 50ML,1,0.33,0,7,6
Farmastelia,975084777,PIC INSUPEN ADV AGO G31X5MM,1,0.33,0,256,5
Farmastelia,975094335,VALGOSAN ALLUCE VALGO MUN 1PA,1,0.33,0,1,5
Farmastelia,975094350,VALGOSAN ALLUCE VALG SX 1PZ,1,0.33,0,2,4
Farmastelia,975136944,CONTROL WILD NATURE MASSAGE GE,1,0.33,5,0,3
Farmastelia,975183789,SNS1 30BUST,1,0.33,0,113,2
Farmastelia,975186560,VITA D GOCCE 50ML,1,0.33,0,49,9
Farmastelia,975189186,FLAVIS MAGDALENAS ALB 4X50G,1,0.33,0,51,2
Farmastelia,975193931,NATUR UNIQUE IALU MAT OCCHI NE,1,0.33,0,0,
Farmastelia,975201373,PROSTARID 30PRL,1,0.33,0,107,2
Farmastelia,975296043,FEMORAL 30SOFTGELS,1,0.33,0,13,10
Farmastelia,975347081,COLLAGENE CARE VANIGLIA 300G,1,0.33,0,2,4
Farmastelia,975347129,COLLAGENE ACTIVE FRUTTI BOSCO,1,0.33,0,23,1
Farmastelia,975399179,VERSET RADIANCE EDP 100ML,1,0.33,0,7,5
Farmastelia,975434111,ETEDOL 20CPR,1,0.33,0,24,2
Farmastelia,975435470,FRESUBIN RENAL VANIGLIA 4FL,1,0.33,0,17,1
Farmastelia,975448337,SCHAR SAVOIARDI 200G,1,0.33,0,39,10
Farmastelia,975448503,EONLIPID 30CPR,1,0.33,0,86,1
Farmastelia,975453655,RASPA VELVET SKIN LIME,1,0.33,0,2,3
Farmastelia,975453844,ANSIRENS GOCCE 50ML,1,0.33,0,22,6
Farmastelia,975494838,SENSIVEN ZELAIC CANOVA 50ML,1,0.33,0,566,9
Farmastelia,975508627,EUCERIN UREAREP EMULS10% 250ML,1,0.33,0,70,7
Farmastelia,975508666,EUCERIN UREAREP EMULS10% 400ML,1,0.33,0,604,10
Farmastelia,975536172,SEDO BEN 50ML,1,0.33,0,3,1
Farmastelia,975582077,FDR DETERGENTE CAPELLI 200ML,1,0.33,0,8,4
Farmastelia,975588726,ESI PROPOLAID SCIROPPO 180ML,1,0.33,0,24,3
Farmastelia,975593157,MENOPA BEN 50ML,1,0.33,0,1,2
Farmastelia,975597156,SWISSE ACIDO IALUR/COLLAG30CPR,1,0.33,0,261,8
Farmastelia,975597295,ESI ALOE VERA SUCCO+FT MIR 24P,1,0.33,0,33,4
Farmastelia,975611649,PURES SPRAY INSETTI PMC 75ML,1,0.33,0,38,12
Farmastelia,975631944,NUTRISON PROTEIN PLUS 500ML CB,1,0.33,0,4,4
Farmastelia,975701956,CONTROL GEL LUBRIF NATURE 75ML,1,0.33,5,114,4
Farmastelia,975761533,CALCIO OLIMENTOVIS 200ML,1,0.33,0,8,2
Farmastelia,975815527,VERSET CHARM EDP 15ML,1,0.33,1,0,1
Farmastelia,975816315,COLPHARMA MAGNETO CARE HOME,1,0.33,0,5,10
Farmastelia,975866308,ENTOFLORIS 10FL 10ML,1,0.33,0,148,7
Farmastelia,975867831,SERENA NOTTE SALUGEA 60CPS,1,0.33,0,65,10
Farmastelia,975896960,ELASO CREMA GEL 250ML,1,0.33,0,2,1
Farmastelia,975906684,HERBATINT 3DOSI 4N 300ML,1,0.33,0,47,2
Farmastelia,975922244,DETOX 4 AZIONI FRUTTA 500ML,1,0.33,0,0,
Farmastelia,975923576,SWISSE CAPELLI PELLE UNG 60CPR,1,0.33,0,1191,9
Farmastelia,975936143,KRAUTEROL 101 LIQUIDO 100ML,1,0.33,0,2,3
Farmastelia,975939733,DELTHAPROST 20CPR,1,0.33,0,54,7
Farmastelia,975941749,ORALUX 15ML,1,0.33,0,8,2
Farmastelia,975941752,IALURESP SPRAY IPERTONICO 30ML,1,0.33,0,42,1
Farmastelia,975971666,NAUSEND GOCCE 30ML,1,0.33,0,36,2
Farmastelia,975972946,GIBAUD ORTHO ACT H35 CORS LS 1,1,0.33,0,1,2
Farmastelia,975978762,ALOEVERA2 ALOEGOLA SPRAY 30ML,1,0.33,0,69,10
Farmastelia,975979117,ZERO MACCHIE CREMA MANI SPF30,1,0.33,0,3,5
Farmastelia,975981681,MC VITIE'S AVENA CLAS S/G 150G,1,0.33,0,17,6
Farmastelia,975984586,PROCARWIN 36CPS,1,0.33,0,33,5
Farmastelia,975986249,CYSTOMAN 1000 12CPR,1,0.33,0,767,1
Farmastelia,975991074,XEMOSE C8+ BALS OLIO 200ML,1,0.33,0,102,6
Farmastelia,975991098,URIAGE DS HAIR SH DEL/RIE200ML,1,0.33,0,157,6
Farmastelia,975994942,GINESTILL OVULI 10PZ,1,0.33,0,29,5
Farmastelia,975997887,EKEEP B1 POSTURAL BRA 4,1,0.33,0,1,5
Farmastelia,976003626,MELANNURCA 60CPS,1,0.33,0,21,1
Farmastelia,976010239,PROCURCUMA 30CPR,1,0.33,0,71,1
Farmastelia,976013146,KELUAL EMULSIONE 50ML,1,0.33,0,575,
Farmastelia,976013831,4321 EXPERT ZONE RIBELLI 60CPS,1,0.33,0,116,10
Farmastelia,976014643,SYNOQUIN EFA L BREED 30CPR,1,0.33,0,81,2
Farmastelia,976015192,XERATOP OLIO DETERGENTE 500ML,1,0.33,0,358,2
Farmastelia,976023907,DELTACRIN DUO PHARCOS 250ML,1,0.33,0,11,7
Farmastelia,976033629,B COMPLEX SALUS 250ML,1,0.33,0,58,9
Farmastelia,976105888,EAU THERMALE CREMA COMPATTA CO,1,0.33,0,10,8
Farmastelia,976203950,FRUTTA & FIBRE CLASSICO 30CPR,1,0.33,0,119,5
Farmastelia,976204014,FRUTTA & FIBRE FORTE 24CPR,1,0.33,0,943,7
Farmastelia,976209700,CURAPROX CPS REG 18 4SCOV+SUPP,1,0.33,0,3,6
Farmastelia,976260101,SILIPUR FORTE 30CPR,1,0.33,0,28,3
Farmastelia,976276333,MAMMABEN 15STICKPACK,1,0.33,0,35,2
Farmastelia,976289037,ORALB PROTEZIONE GEN/SM COLLUT,1,0.33,0,61,7
Farmastelia,976293718,DERMOVITAMINA CALM FLUIDO250ML,1,0.33,0,1,5
Farmastelia,976305298,MUFLUIL RINOLOGICO 15F 2ML,1,0.33,0,45,2
Farmastelia,976309524,EPTA SPOT GIORNO CREMA DEP30ML,1,0.33,0,1,1
Farmastelia,976322774,FLEXADIN ADVANCED CANE 60TAV,1,0.33,0,21,4
Farmastelia,976326088,LINES SPEC LADY MINI PLUS 16PZ,1,0.33,0,16,4
Farmastelia,976326292,LINES SP PANN MUT M 12PZ,1,0.33,0,11,3
Farmastelia,976329387,EMOFORM DENT FORTE CREMA ADES,1,0.33,0,53,5
Farmastelia,976344198,REMESCAR PALPEBRE CADENTI,1,0.33,0,135,10
Farmastelia,976345672,PANCINI LEGGERI 150ML,1,0.33,0,4,1
Farmastelia,976387629,ARGENTO COLLOID PET SPR 50PPM,1,0.33,0,37,5
Farmastelia,976387757,TARASSACO & CARCIOFO 40CPR,1,0.33,0,12,2
Farmastelia,976391197,REOXALL 100S FLUIDO FOTOPR50ML,1,0.33,0,37,2
Farmastelia,976395677,RIDUCELL TRATTAMENTO MIR 30CPR,1,0.33,0,55,9
Farmastelia,976396592,OMEGOR TWINEFA 60CPS NEW,1,0.33,0,1,10
Farmastelia,976403889,IDRAPED 60 10BUST,1,0.33,0,4,9
Farmastelia,976404778,TIAN ZHI CEROTTO 4PZ,1,0.33,0,66,8
Farmastelia,976679555,PROFENZYM 30CPR,1,0.33,0,11,9
Farmastelia,976679769,TERRANOVA CALMA SYNERGY 50CPS,1,0.33,0,1,9
Farmastelia,976680746,HERICIUM MN MONDO NATURA150CPS,1,0.33,0,16,4
Farmastelia,976730996,STIPSIGOL 30BUST,1,0.33,0,78,10
Farmastelia,976731152,PELVILEN DUAL ACT 20CPR,1,0.33,0,637,10
Farmastelia,976732141,FLOGASINE 20BUST,1,0.33,0,270,5
Farmastelia,976770077,ZEROALL GOCCE 30ML,1,0.33,0,17,3
Farmastelia,976784722,STERILENS IDRA ACTIVE HD PLUS,1,0.33,1,98,3
Farmastelia,976785497,OMNI BIOTIC STRESS REPAIR 28BU,1,0.33,0,763,8
Farmastelia,976785509,OMNI BIOTIC STRESS REPAIR 56BU,1,0.33,0,240,6
Farmastelia,976796591,SOMAPROST PLUS 20STICK,1,0.33,0,118,1
Farmastelia,976800375,PROJALUSEON 30CPR,1,0.33,0,53,1
Farmastelia,976835304,CLIMATER VAMP 20CPR,1,0.33,0,179,1
Farmastelia,976835330,NOVABEC 20BUST,1,0.33,0,1,3
Farmastelia,976841650,VITADSUN 30STICK,1,0.33,0,152,4
Farmastelia,976863946,CURADOL CEROTTO 5PZ,1,0.33,0,0,
Farmastelia,976905733,NATUR UNIQUE DD COVER 02 BEIGE,1,0.33,0,2,3
Farmastelia,976905998,TRICORENE SHAMPOO NATURAL210ML,1,0.33,0,14,7
Farmastelia,976906267,OLIO DI ENOTERA 100ML,1,0.33,0,3,2
Farmastelia,976907004,ZENTIVA PROBIOTICO 6MLD 24CPS,1,0.33,0,149,7
Farmastelia,976907067,ERITRITOLO BIO 500G,1,0.33,0,7,4
Farmastelia,976920633,TIROIDEL 30CPR,1,0.33,0,42,5
Farmastelia,976997763,PROBACTIOL DUO NEW 15CPS,1,0.33,0,31,5
Farmastelia,977075148,FLAVIS FETTE BISCOTTATE 300G,1,0.33,0,125,3
Farmastelia,977075340,ENANDA GLAUBER 50ML,1,0.33,0,6,2
Farmastelia,977099288,HIDRANUR 200ML BRADERM,1,0.33,0,4,1
Farmastelia,977446335,MELATOSIN 2MG 150CPR,1,0.33,0,44,7
Farmastelia,977449091,MFR 1 MERIDIAN FLOWERS REMEDY,1,0.33,0,6,8
Farmastelia,977465638,SEBIACLEAR ACTIVE TEINTE' 40ML,1,0.33,0,8,4
Farmastelia,977505585,CLAIRIAL NIGHT PEEL 50ML,1,0.33,0,17,7
Farmastelia,977545591,FITONASAL SPRAY CONCENTRATO,1,0.33,0,280,9
Farmastelia,977546249,SCHAR CRACKERS 10X35G,1,0.33,0,26,8
Farmastelia,977629486,TH SUPPORT 60CPS,1,0.33,0,1,2
Farmastelia,977632025,FICUS CARICA BOIRON MG 60ML,1,0.33,0,95,9
Farmastelia,977633027,CIDIKIN 60CPR KINTEGRAVIT,1,0.33,0,3,4
Farmastelia,977633926,NUCLEODOL 30CPS,1,0.33,0,17,5
Farmastelia,977634892,ALOE POLPA GEL DERMOATT 100ML,1,0.33,0,8,10
Farmastelia,977637091,B COMPLEX 30CPS,1,0.33,0,2,1
Farmastelia,977660772,ANGIOVIS 20CPR,1,0.33,0,124,1
Farmastelia,977663653,THOTALE CREMA VISO BAVA LUMACA,1,0.33,0,315,9
Farmastelia,977688415,HAIRGEN SOLUZIONE ORALE3X100ML,1,0.33,0,162,8
Farmastelia,977701059,CARPINUS BET BOIRON MG 60ML,1,0.33,0,4,1
Farmastelia,977702974,ESOGEL ZEN 20BUST 15ML,1,0.33,0,419,5
Farmastelia,977703432,FLORMIDABIL STOP 6BUST C/STEV,1,0.33,0,451,4
Farmastelia,977731102,B-VITAL TOTALE 500 30CPR,1,0.33,1,323,
Farmastelia,977732561,TENSIOPRAM GOCCE 30ML,1,0.33,0,187,2
Farmastelia,977791793,GR FARMA GOCCE OCUL IDRAT 10ML,1,0.33,0,440,9
Farmastelia,977796224,MANNOVIT 14BUST,1,0.33,0,209,8
Farmastelia,977809209,MFR 6 MERIDIAN FLOWERS REMEDY,1,0.33,0,5,3
Farmastelia,977827361,FRESELLE GRANO SAR GRANDI2X50G,1,0.33,0,7,5
Farmastelia,978244919,LUBRISANA COLL FL 10ML,1,0.33,0,10,3
Farmastelia,978245037,MICRAVEN AP CREMA 100ML,1,0.33,0,1,1
Farmastelia,978250227,FLAVIS FETTE TOSTATE 205G,1,0.33,0,0,
Farmastelia,978253464,EPATO24 60CPR,1,0.33,0,0,
Farmastelia,978255242,EMOFLON POMATA RETTALE 25G,1,0.33,1,663,12
Farmastelia,978259378,FIOR DI LOTO OLIO VERG CO950ML,1,0.33,0,16,1
Farmastelia,978266207,PROSTAT ACT 60CPR,1,0.33,0,382,3
Farmastelia,978401370,YAMAMOTO R ASHWAGANDHA 30CPS,1,0.33,0,75,2
Farmastelia,978401596,YAMAMOTO R ENZYMASIC 30CPS,1,0.33,0,32,4
Farmastelia,978402182,OLIO DI COCCO VERGINE 50ML,1,0.33,0,0,
Farmastelia,978470627,FDR ACQUA NON ACQUA S/PROF SAL,1,0.33,0,14,8
Farmastelia,978474183,CISTITASK 14BUST,1,0.33,0,134,2
Farmastelia,978476099,KIJIMEA COLON IRRITAB PRO14CPS,1,0.33,0,184,
Farmastelia,978496127,CREMA VISO SENSITIVE MANDO30ML,1,0.33,0,1,8
Farmastelia,978502262,OFFICINALIS ARNICA 90% 500ML,1,0.33,0,63,6
Farmastelia,978507224,ECOTONIC 1000 14STICK PACK,1,0.33,0,4,8
Farmastelia,978545337,MUSTELA TRATT CROSTA LATTEA,1,0.33,0,114,7
Farmastelia,978589657,RABARBARO 80PAST,1,0.33,0,3,5
Farmastelia,978598896,FOOTCARE DIVARIC ALLUCE L D12,1,0.33,0,2,6
Farmastelia,978623837,CROMOVIT FORTE PHARCOS CR 40ML,1,0.33,0,85,10
Farmastelia,978837108,BOSWELLIA ADVANCE LENIGEL100ML,1,0.33,0,0,
Farmastelia,978844470,SUPRADYN MAGN/P LIMITED 38BUST,1,0.33,0,167,
Farmastelia,978847248,EPAKUR DIGESTIVE TISANA 20FILT,1,0.33,0,126,4
Farmastelia,978852147,BLEPHADEMODEX GARZE STER 30PZ,1,0.33,0,31,4
Farmastelia,978861591,U-LIFE 20 CREMA 100ML,1,0.33,0,53,2
Farmastelia,978867935,CONNETTIVINASOLE CREMA GEL30ML,1,0.33,0,187,10
Farmastelia,978867962,CREMA FLUIDA CALENDULA 200ML,1,0.33,0,5,9
Farmastelia,978868038,CONNETTIVINASOLE SPRAY 50ML,1,0.33,0,460,9
Farmastelia,978868040,OLIO MASSAGGIO PERINEALE 50ML,1,0.33,0,72,10
Farmastelia,978919619,CHROMITRON 40CPS,1,0.33,0,200,8
Farmastelia,978939938,LAVONASE SIR 20ML IRRIG NASALE,1,0.33,0,10,5
Farmastelia,979012085,CAPELLI ACT FORTE 30CPR,1,0.33,0,2,7
Farmastelia,979014560,FREELIFE BEBECASH NEWB TG1 28P,1,0.33,0,1,2
Farmastelia,979014596,FREELIFE BEBECASH MAXI TG4 48P,1,0.33,0,0,
Farmastelia,979015171,FEMISOL 60CPS,1,0.33,0,15,3
Farmastelia,979016363,LACTOBIOMA 30CPS,1,0.33,0,47,5
Farmastelia,979021793,KEFIRDOPHILUS 60CPS,1,0.33,0,26,1
Farmastelia,979021843,LENTISCO 30CPS,1,0.33,0,6,1
Farmastelia,979051568,ALUSAC MASCHERA 75ML,1,0.33,0,13,1
Farmastelia,979081635,EDENORM FREE COLLIRIO 10ML,1,0.33,1,94,12
Farmastelia,979092208,BEPANTHENOL PASTA LEN PROT100G,1,0.33,3,0,1
Farmastelia,979096296,DEXYANE CREMA BARRIERA 100ML,1,0.33,0,32,8
Farmastelia,979114079,PSICOBRAIN 30CPS,1,0.33,0,65,
Farmastelia,979114511,EKEEP B2 ACTIVE BRA NERO/FUN 2,1,0.33,0,1,1
Farmastelia,979204144,PROXALIPID 30CPS,1,0.33,0,0,
Farmastelia,979214665,ALGA SUBLIME 500CPS,1,0.33,0,13,1
Farmastelia,979238298,WELEDA OLIO CELLULITE BETULLA,1,0.33,0,75,6
Farmastelia,979275789,MAGNESIO ADVANCE 300G,1,0.33,0,57,8
Farmastelia,979279268,PROBACTIOL HMO COMBI 2X30CPS,1,0.33,0,45,11
Farmastelia,979279282,CURCUDYN FORTE 90CPS,1,0.33,0,48,10
Farmastelia,979323084,TRIDERM INTIMATE LENITIVO250ML,1,0.33,0,330,10
Farmastelia,979332436,MYTHOXAN FORTE 30BUST,1,0.33,0,252,6
Farmastelia,979359116,B1B6B12 60CPR,1,0.33,0,115,
Farmastelia,979375641,FORMULA SONNO 30CPR,1,0.33,9,0,1
Farmastelia,979375716,FORMULA VIT SUPER 20BUST,1,0.33,3,0,1
Farmastelia,979375742,FORMULA OMEGA3 30PRL,1,0.33,1,0,1
Farmastelia,979404530,SERENITY ASS ANAT MAXI PLUS10P,1,0.33,0,0,
Farmastelia,979406790,ORAL CARE DENTIFRICIO CAL 75ML,1,0.33,0,27,5
Farmastelia,979406814,DENTIFRICIO SALINO 75ML,1,0.33,0,243,10
Farmastelia,979657374,YAMAMOTO N CREATINE PRO 150TAV,1,0.33,0,21,4
Farmastelia,979683226,PIC SOLUTION FAZZOLETTINI DISI,1,0.33,0,712,8
Farmastelia,979683315,VAGISIL CREMA AVENA,1,0.33,0,213,8
Farmastelia,979683467,"ECOCEL UREA KR 6,6ML",1,0.33,0,155,
Farmastelia,979683644,EBERGAS 30CPR,1,0.33,0,107,6
Farmastelia,979683733,EPATOFF 20CPR,1,0.33,0,287,5
Farmastelia,979683784,MIXMAG 30BUST,1,0.33,0,0,
Farmastelia,979683808,NEVRI 1100 20BUST,1,0.33,0,45,7
Farmastelia,979683998,PROEVO 500 18BUST,1,0.33,0,200,6
Farmastelia,979779891,CONTROL FINISSIMO XL 6PZ,1,0.33,24,112,7
Farmastelia,979779954,CONTROL NON STOP RETARD 12PZ,1,0.33,6,72,4
Farmastelia,979784319,NORMALIA FAST 10CPS,1,0.33,0,75,9
Farmastelia,979788027,AVENT SUCCH U AIR18M+ FEM G2PZ,1,0.33,0,22,2
Farmastelia,979792544,OFMOM SYNTERACT BIMBI 14STICK,1,0.33,0,6,2
Farmastelia,979794106,MULTICENTRUM UOMO 30CPR,1,0.33,2,73,1
Farmastelia,979800012,ULTRASUSTAIN 14 PORZIONI POLV,1,0.33,0,11,8
Farmastelia,979802093,SILVANA EMOTIONAL BAGNOD SOAVE,1,0.33,0,15,4
Farmastelia,979804844,D-PLUS 30CPS,1,0.33,0,5,1
Farmastelia,979809997,BERTELLI CEROTTO TERMO-ATT 3PZ,1,0.33,0,47,10
Farmastelia,979810090,REV IDRAX BOTU' PATCH 4CER,1,0.33,0,5,6
Farmastelia,979810126,REV EFFACE ACQUA 100ML,1,0.33,0,5,1
Farmastelia,979811217,CATIDRAL PLUS 30BUST,1,0.33,0,12,8
Farmastelia,979811460,TROUSS 13 SET COMPLETO 6 PENN,1,0.33,0,30,1
Farmastelia,979817044,CONTROL FINISSIMO ORIGINAL12PZ,1,0.33,5,0,2
Farmastelia,979817830,BIOENERGEN GOCCE 50ML,1,0.33,0,90,8
Farmastelia,979821865,IKEN UP PLUS CANI M/G TAG36CPR,1,0.33,0,0,
Farmastelia,979867330,TRIVAMP CPR,1,0.33,0,8,1
Farmastelia,980029298,PELVILEN 90CPR,1,0.33,0,1003,7
Farmastelia,980078810,NEO EMOFORM WHIT DENTIF 100ML,1,0.33,0,12,6
Farmastelia,980115380,MYRIALEN GEL OCULARE 10G,1,0.33,0,121,8
Farmastelia,980126623,HYDROXIRAM 30BUST,1,0.33,0,70,7
Farmastelia,980133425,MARIAL GEL 300ML,1,0.33,0,199,8
Farmastelia,980135141,CH SET IGIENE ORALE BOY 36M+,1,0.33,0,16,3
Farmastelia,980136461,JUNGLE FORMULA MOLTO FT ROLL-O,1,0.33,0,63,12
Farmastelia,980141814,BERGAMON GEL LUBRIFICANTE 50ML,1,0.33,0,4,5
Farmastelia,980143008,MASUROTA 50MLD 20CPS,1,0.33,0,614,10
Farmastelia,980145890,OFMOM SYNTERACT BIMBI 30STICK,1,0.33,0,24,1
Farmastelia,980197343,SWISSE MEMORIA 60CPS,1,0.33,0,64,10
Farmastelia,980247112,LECIVIS 100G 80SOFTGEL,1,0.33,0,9,5
Farmastelia,980251375,DREPUR TISANA 30G,1,0.33,0,57,10
Farmastelia,980255780,PROVIL 14STICK,1,0.33,0,39,8
Farmastelia,980258925,COLIN A 600 30F 10ML,1,0.33,0,114,8
Farmastelia,980287041,DEFENCE HAIR SHAMPOO NUTR200ML,1,0.33,0,63,8
Farmastelia,980287092,DEFENCE HAIR SHAMPOO RIDENSIF,1,0.33,0,99,10
Farmastelia,980295354,ENDOCARE TENSAGE NUTRITIVA50ML,1,0.33,0,96,12
Farmastelia,980297372,NEURAPAS FORTE 60CPR,1,0.33,0,471,8
Farmastelia,980301636,"SANAVITA COLLIRIO MONOD 0,35ML",1,0.33,0,224,10
Farmastelia,980339143,NUTRISPRINT B 30CPR,1,0.33,0,11,2
Farmastelia,980343279,JOHNSONS BABY SAPONE MANI BB,1,0.33,1,0,1
Farmastelia,980398248,MQC 50CPS,1,0.33,0,31,4
Farmastelia,980408367,CITROSIL SPRAY DISINF AGRUMI,1,0.33,0,50,10
Farmastelia,980421364,BIATAIN MED S N/B 10X20 5PZ,1,0.33,0,1,1
Farmastelia,980424889,PEA 30CPS,1,0.33,0,26,1
Farmastelia,980426946,MARGI SOLUZIONE VAGINALE 4FL,1,0.33,0,71,6
Farmastelia,980430540,CERULISINA FAST ADULTI BAMBINI,1,0.33,9,166,9
Farmastelia,980450427,QUIETIL 30CPR OROSOLUBILI,1,0.33,0,63,1
Farmastelia,980455935,PASTA HOFFMANN SELLA NAT 75ML,1,0.33,0,563,9
Farmastelia,980457156,MAGNESIUM B2 300/2MG 20BUST,1,0.33,0,36,1
Farmastelia,980458261,REUVIS 200ML,1,0.33,0,0,
Farmastelia,980461711,PROFECUND 30CPR,1,0.33,0,4,2
Farmastelia,980482537,FREEDOMS 10STICK,1,0.33,0,1,3
Farmastelia,980483655,GRUPPO B PLUS 30CPR,1,0.33,0,0,
Farmastelia,980485306,ONTHERAPY LENITIVO 100ML,1,0.33,0,38,5
Farmastelia,980485662,KURAFER PLUS 30CPS,1,0.33,0,38,6
Farmastelia,980486601,CURCUMA ESTRATTO INTEGR180PAST,1,0.33,0,39,4
Farmastelia,980487437,GEMME DI MICOL GI 30ML,1,0.33,0,1,3
Farmastelia,980489049,OLIO ZERO 125ML,1,0.33,0,5,3
Farmastelia,980494280,REMESCAR EFF LIFT INST V SHAPE,1,0.33,0,42,3
Farmastelia,980512750,CERAMOL LIPOCREMA 311 50ML,1,0.33,0,108,5
Farmastelia,980512786,CERAMOL CREMA BETACOMPLEX 50ML,1,0.33,0,713,7
Farmastelia,980514754,XEMOSE C8+ SPRAY SOS A/PRUR,1,0.33,0,157,
Farmastelia,980523726,LACTOVIS PREBIOTICO PROB 100G,1,0.33,0,28,6
Farmastelia,980523740,BILIARIS T 60PAST,1,0.33,0,7,1
Farmastelia,980534503,MAVOSTEN FORTE 20CPR,1,0.33,0,0,
Farmastelia,980549416,LYMPHAKOS 100ML,1,0.33,0,9,1
Farmastelia,980549808,BIOCOX 6 20BUST,1,0.33,0,83,4
Farmastelia,980555801,GASTRO DOLOR 30CPR,1,0.33,0,66,5
Farmastelia,980628085,FIBROALGIL 30CPR,1,0.33,0,147,7
Farmastelia,980631461,IXOLAT DIFESE 20CPR,1,0.33,0,8,2
Farmastelia,980631550,DIAMOND WHEY CACAO POLVERE900G,1,0.33,1,0,1
Farmastelia,980635142,KELUAL DS SHAMPOO FORFORA SEV,1,0.33,0,3754,10
Farmastelia,980638757,GINEPRO NERO BAGNOSCH ECORICAR,1,0.33,0,0,
Farmastelia,980644254,MARKEUTICALS FOCAL A/DHT 45CPR,1,0.33,0,97,6
Farmastelia,980763700,FORMULA VIT SUPER SPORT 20BUST,1,0.33,7,0,1
Farmastelia,980763751,CARNIDYN PLUS 18CRP MASTICABIL,1,0.33,3,376,7
Farmastelia,980766719,SIBIOS 23 48OPR,1,0.33,0,10,1
Farmastelia,980769412,ARKOCPS OLIO SEMI ZUCCA 60CPS,1,0.33,0,143,6
Farmastelia,980769501,ARKOESSENTIEL EUCALIPTUS B10ML,1,0.33,0,11,7
Farmastelia,980769640,EFFACLAR GEL PEELING 400ML,1,0.33,5,93,9
Farmastelia,980774412,UNICO OLIO SECCO SPRAY 100ML,1,0.33,1,76,7
Farmastelia,980784399,REFLUDOL 60CPR,1,0.33,0,3,4
Farmastelia,980785695,ANNURMETS HAIR FORTE TRI 60CPR,1,0.33,0,354,7
Farmastelia,980787168,YOVIS BAMBINI FRAGOLA 10FL,1,0.33,12,0,2
Farmastelia,980809368,NUTRIREGULAR DK 20ML,1,0.33,0,66,1
Farmastelia,980812541,MINICLIS ADULTI 9G 6MICROCLISM,1,0.33,0,44,9
Farmastelia,980815221,PSOZOIL CREMA 100ML,1,0.33,0,23,7
Farmastelia,980818823,LINES SPEC LADY EXTRA 8PZ,1,0.33,0,62,6
Farmastelia,980906972,GLICEMY ACT 30CPS,1,0.33,0,91,6
Farmastelia,980911275,SUN SECURE BRUME SPF50+ N200ML,1,0.33,0,0,
Farmastelia,980911782,NERADIN 56CPS,1,0.33,0,280,11
Farmastelia,980924866,LEVANSIA CPR,1,0.33,0,16,5
Farmastelia,980928232,NATURA+ SACCA ILEO AP 45MM 10P,1,0.33,0,1,4
Farmastelia,981044124,NORSAN OMEGA 3 KIDS 150ML,1,0.33,0,70,3
Farmastelia,981047970,BOUQUET ORO CREMA PROF CORPO,1,0.33,0,11,6
Farmastelia,981066347,COWIN 30CPS GASTROPROTETTE,1,0.33,0,33,8
Farmastelia,981066499,MARVIT LAXENE NATURAL 20BUST,1,0.33,0,5,2
Farmastelia,981071133,U-RIGHT TD 4279 GLUC 50STR,1,0.33,0,0,
Farmastelia,981075346,LEGART UP 120CPR,1,0.33,0,62,6
Farmastelia,981075664,MANGIVIS 30BUST,1,0.33,0,5,1
Farmastelia,981076728,SENILIFE PLUS 60CPS,1,0.33,0,232,10
Farmastelia,981111925,MUSTELA DETERGENTE DEL 500ML,1,0.33,0,447,9
Farmastelia,981112535,EQUISETO T 90G 180PAST 500MG,1,0.33,0,0,
Farmastelia,981243431,ANTHELIOS AGE CORRECT SPF50,1,0.33,6,57,7
Farmastelia,981248317,TOPIALYSE BAUME PROTECT 400ML,1,0.33,0,21,4
Farmastelia,981256389,RECUPERO EXTR 400G ETICHSPORT,1,0.33,0,1,6
Farmastelia,981265818,TRICOSTRONG LOZIONE 100ML,1,0.33,0,14,3
Farmastelia,981265871,SPIRULINA STRONG 30CPR,1,0.33,0,25,1
Farmastelia,981266428,BIOCHETASI REFLUSSO 20STICK,1,0.33,9,304,7
Farmastelia,981355694,FUORICRAMPO 100PAST,1,0.33,0,2,1
Farmastelia,981358599,PERFECT 15FX25ML,1,0.33,0,40,4
Farmastelia,981423736,LIMONE OLIO ESSENZIALE NAT10ML,1,0.33,0,1,2
Farmastelia,981438056,DEBROX SPRAY NASO ORECCHIE,1,0.33,0,205,5
Farmastelia,981441900,NP 10 LATTOFERRINA DC 20CPR,1,0.33,0,56,5
Farmastelia,981441987,REDIPEG 20STICK PACK 30ML,1,0.33,1,584,
Farmastelia,981443120,ARKOVITAL ACEROLA 1000 20CPR,1,0.33,0,39,5
Farmastelia,981445620,HERPASOVIR 30CPR,1,0.33,0,36,7
Farmastelia,981445846,HYDRAPHASE HA RICHE 50ML,1,0.33,0,0,
Farmastelia,981445861,CICAPLAST SPRAY B5 100ML,1,0.33,1,59,6
Farmastelia,981448590,TRIDERM DS TRATTAMENTO NORMAL,1,0.33,0,130,9
Farmastelia,981448982,EXOMEGA CONTROL GEL 200ML 21,1,0.33,1,10,9
Farmastelia,981452244,LATTO D+ 30CPR,1,0.33,0,1,3
Farmastelia,981458641,PRO COLLAGEN VEG 21BUST,1,0.33,0,5,2
Farmastelia,981459439,NEURODINE ACT 12FL 10ML,1,0.33,0,241,7
Farmastelia,981464720,LATTASI 30CPR,1,0.33,0,42,6
Farmastelia,981467816,VERUM FORTELAX 80CPR,1,0.33,0,185,
Farmastelia,981467905,VETRAMIL OTO CLEAN 50ML,1,0.33,0,8,2
Farmastelia,981475698,CERAVE GEL CONTROLLO IMPER40ML,1,0.33,7,272,10
Farmastelia,981481702,BIOLIFE REISHI 60CPS,1,0.33,0,2,3
Farmastelia,981482250,MAGNESIO POTASSIO +C VIT LIM,1,0.33,0,56,8
Farmastelia,981492085,BENAPROST 30CPR,1,0.33,0,59,5
Farmastelia,981505314,ESI FIT DRENA 24POCKET DRINK,1,0.33,0,14,1
Farmastelia,981513118,QUINTON SPRAY NAS ACTION IPERT,1,0.33,0,2,4
Farmastelia,981515467,FIBRAXEN 18BUST,1,0.33,0,285,3
Farmastelia,981515861,RILEVANTE SPRAY NASALE 30ML,1,0.33,0,125,1
Farmastelia,981516863,PHYSIOMANCE ACTION DIET4 90CPR,1,0.33,0,34,2
Farmastelia,981536459,CH GIOCO MF 3IN1 ACTIVITY GYM,1,0.33,0,2,2
Farmastelia,981540659,ESI MULTICOMPLEX VIT C 20CPR,1,0.33,0,213,8
Farmastelia,981559192,PROTETTINA GASTRO 30G,1,0.33,0,62,1
Farmastelia,981564913,ERBAFORMA LINEA CONTROL 30CPS,1,0.33,0,0,
Farmastelia,981565118,BENEX BEVIBILE 15STICK 12ML TP,1,0.33,0,29,7
Farmastelia,981647821,MENOPAUSA ACT 30CPR,1,0.33,0,97,7
Farmastelia,981928753,LATTOSTIL OROSOLUBILE 20STICK,1,0.33,0,14,1
Farmastelia,981929211,PERISTEEN PLUS REG CATET RE10P,1,0.33,0,2,1
Farmastelia,981929363,PERISTEEN PLUS REG CATET+SACCA,1,0.33,0,1,1
Farmastelia,981930720,ANFLAMED 30BUST,1,0.33,0,68,7
Farmastelia,981936267,LIBERVIT 30BUST,1,0.33,0,25,1
Farmastelia,981972108,DOLORINA 20CPR MASTIC NF,1,0.33,0,6,
Farmastelia,981982453,ESI SERENESI FORTE 60OVAL,1,0.33,0,20,7
Farmastelia,981986324,HERPASOGYN CREMA VAG PROT 30ML,1,0.33,0,39,2
Farmastelia,981992249,AVENT SCALDABIBERON ELETTRICO,1,0.33,0,3,1
Farmastelia,982003459,FERZYM 30CPS,1,0.33,0,235,6
Farmastelia,982003485,FERZYM COLONSOL 40CPS,1,0.33,0,0,
Farmastelia,982010845,ROSMARINO OE NAT 10ML,1,0.33,0,4,4
Farmastelia,982011165,KALANIT 3 30CPR S/ZUCCHERI,1,0.33,0,245,6
Farmastelia,982011823,NOVALAC ANTISTIPSI 800G,1,0.33,0,158,6
Farmastelia,982012573,H2O LINFA+ 150ML,1,0.33,0,24,10
Farmastelia,982145029,AMIOIL CEROTTI 12PZ,1,0.33,0,38,6
Farmastelia,982145056,ZIPRA GEL 20BUST,1,0.33,0,6,5
Farmastelia,982145132,ENTEROFLEGIN 30CPR,1,0.33,0,32,5
Farmastelia,982172619,RILASTIL ELASTICIZZANTE CR E/I,1,0.33,0,72,8
Farmastelia,982179210,FLEBOWIN 30CPR,1,0.33,0,25,3
Farmastelia,982182949,FORTIMEL ADVANCED FRA 4X200ML,1,0.33,0,0,
Farmastelia,982391258,BIOLIFE MELATONIN STRONG 50ML,1,0.33,0,27,1
Farmastelia,982396107,LINES COTONE BIO ULTRA ALI 12P,1,0.33,0,45,7
Farmastelia,982407443,KLORANE SH ULTRA GENTLE AVENA,1,0.33,0,113,10
Farmastelia,982440810,GRANI SALUTE LUNGAVITA SUPR90G,1,0.33,0,1,4
Farmastelia,982444921,RETIGAN Q10 30BUST,1,0.33,0,13,7
Farmastelia,982446369,UPWIN 20BUST,1,0.33,0,48,8
Farmastelia,982447219,CH BM BAGNO CRP CAP MICEL500ML,1,0.33,0,2,4
Farmastelia,982452373,HONOS VENUM 30CPR,1,0.33,0,0,
Farmastelia,982454807,JUST FOR MEN CONTROL GX SH2IN1,1,0.33,0,57,9
Farmastelia,982454884,FORMULA B 30CPR,1,0.33,16,0,1
Farmastelia,982460519,NUTRICOL 120CPS VEGETALI,1,0.33,0,115,1
Farmastelia,982461194,ESTORIAL 24CPR MASTICABILI,1,0.33,0,31,4
Farmastelia,982465344,NORICA PROTEZIONE COMPLET300ML,1,0.33,0,140,7
Farmastelia,982465357,NORICA PROTEZIONE COMPLETA75ML,1,0.33,0,3,7
Farmastelia,982474280,GRANULOX MEDIC SPRAY EMO 12ML,1,0.33,0,0,
Farmastelia,982475283,SERENITY MUT SD SENS MX XL 15P,1,0.33,0,151,10
Farmastelia,982475319,SERENITY PANTS SD SENS EX XL14,1,0.33,1,68,8
Farmastelia,982475321,SERENITY PANTS SD SENS EX M 12,1,0.33,0,117,8
Farmastelia,982475333,SERENITY PANTS SD SENS EX L 12,1,0.33,0,50,8
Farmastelia,982475345,SERENITY PANTS SD SENS SUP M12,1,0.33,0,14,4
Farmastelia,982476184,BETAINA CLORIDRATO-T PL180PAST,1,0.33,0,5,1
Farmastelia,982476614,ARTRODOL 30CPR,1,0.33,0,20,1
Farmastelia,982482034,ASPERSINA BAVA PURE CREMA VISO,1,0.33,0,57,
Farmastelia,982489433,RESTAX DONNA PLUS 30CPS,1,0.33,0,110,9
Farmastelia,982505265,XEODERM POLVERE 50G DM,1,0.33,0,31,1
Farmastelia,982514364,BIOREM GOCCE 30ML,1,0.33,0,93,8
Farmastelia,982515696,VITAMINDERMINA GEL ANTI SFREG,1,0.33,0,26,10
Farmastelia,982517928,NEUROS 30CPR,1,0.33,0,141,5
Farmastelia,982526699,RESTAX SHAMPOO AF DONNA 200ML,1,0.33,0,14,1
Farmastelia,982539924,DEODORANTE SPR NAT& REFRESH,1,0.33,0,2,2
Farmastelia,982596328,ZYMEREX GONFIORE PLUS 20CPR,1,0.33,0,376,11
Farmastelia,982599250,LAXALOE PROTECT 60CPS VEGETALI,1,0.33,0,27,5
Farmastelia,982615953,CH CONCHIGLIE RACCOGLILATTE,1,0.33,0,15,9
Farmastelia,982653697,ALKIMO OSTEO 50+ 30BUST,1,0.33,0,21,10
Farmastelia,982666416,ISDINCEUTICS FLAVO C FORTE 1FL,1,0.33,0,2,9
Farmastelia,982683068,URYS CAPS 30CPS,1,0.33,0,137,9
Farmastelia,982695823,BLEPHA EYEBAG MASCHERINA RISC,1,0.33,0,18,3
Farmastelia,982733661,REVEE SCAR GEL 60G,1,0.33,0,16,6
Farmastelia,982752370,PROPOLI TITOLATA SPRAY 30ML,1,0.33,0,86,1
Farmastelia,982752432,BUONA DIFESA BABY 20ML,1,0.33,0,88,7
Farmastelia,982754792,RILASTIL HYDROTENSEUR GELCREMA,1,0.33,0,5,3
Farmastelia,982755353,GABAPRAL 30STICKPACK,1,0.33,0,31,8
Farmastelia,982759538,SIMBIFLOR PLUS 8BUST,1,0.33,0,171,4
Farmastelia,982815918,EPITACT QUERV'ACTIV DESTRO S,1,0.33,0,0,
Farmastelia,982821516,CURASEPT GEL PAROD ADS DNA AST,1,0.33,0,101,7
Farmastelia,982821530,CURASEPT GEL PAROD ADS DNA PRO,1,0.33,0,11,6
Farmastelia,982909689,SEDIVITAX ADVANCED 30CPS,1,0.33,0,93,9
Farmastelia,982910438,AVEENO BABY COLLOIDAL 5X21G,1,0.33,1,0,3
Farmastelia,982919957,AMUCHINA GEL X-GERM 600ML IT,1,0.33,0,249,
Farmastelia,982941686,ESENTA FILM PROT SALV 30PZ,1,0.33,0,47,6
Farmastelia,982945622,OPTIVE SOLUZIONE OFTALMICA10ML,1,0.33,0,246,3
Farmastelia,982946675,CERAMOL ACTISEB MOUSSE 150ML,1,0.33,0,266,9
Farmastelia,982947994,ERUPLAST+ NEL 19CM CH12 60PZ,1,0.33,0,4,1
Farmastelia,982948503,ANSIEREL NIGHT 30BUST,1,0.33,0,16,3
Farmastelia,982951271,KERTYOL PSO GEL DETERGENTE,1,0.33,0,2,11
Farmastelia,982951384,RODIOLA 60CPS,1,0.33,0,56,6
Farmastelia,982951396,SALVIA 60CPS,1,0.33,0,32,7
Farmastelia,982951459,SINOVIAL HL64 SIR INTRA-ART2ML,1,0.33,0,101,
Farmastelia,982951473,TOCASLIM VANIGLIA 20BUST,1,0.33,0,4,1
Farmastelia,982952259,MELILOTO 60CPS,1,0.33,0,35,2
Farmastelia,982953630,GUT MIX 90CPS,1,0.33,0,0,
Farmastelia,982953642,ZYMEREX GASTRO ACTIV 3 AZIONI,1,0.33,0,121,9
Farmastelia,982953705,ESI ALOE VERA GEL PURO 200ML,1,0.33,0,89,12
Farmastelia,982979546,EUPAGIN 30CPR,1,0.33,0,96,2
Farmastelia,982984205,MUSTELA LATTE SOLARE 40ML,1,0.33,0,53,10
Farmastelia,982985451,AEROSOL KIT AIREASY ON,1,0.33,0,5,6
Farmastelia,982990285,NUTRIREGULAR VEN URTO 20CPR,1,0.33,0,20,1
Farmastelia,982991883,CYSTAID 30CPS,1,0.33,0,32,1
Farmastelia,982999043,DEFENCE SUN LATTE 50+ 200ML,1,0.33,0,0,
Farmastelia,982999068,DEFENCE SUN FLUIDO 50+ 50ML,1,0.33,0,60,3
Farmastelia,982999118,DEFENCE SUN SPRAY TRANSP 50+,1,0.33,0,400,4
Farmastelia,982999183,DEFENCE SUN LATTE 15 200ML,1,0.33,0,1,1
Farmastelia,983001571,MAGNESIO+ 200G,1,0.33,0,0,
Farmastelia,983001645,VITAMINA D3 2000UI 30CPR,1,0.33,0,102,8
Farmastelia,983016775,LYCO P 60CPS,1,0.33,0,3,1
Farmastelia,983017068,INV OREC INK623C-1 KID MARGHER,1,0.33,1,0,2
Farmastelia,983036815,INCAROSE HYALUR CR A/AGE 50ML,1,0.33,0,13,2
Farmastelia,983039912,AVENE SOL CLEANANCE SPF50+ COL,1,0.33,0,17,10
Farmastelia,983040130,VIDERMINA LUBRIPIU' OVULI VAG,1,0.33,0,1016,9
Farmastelia,983168966,EUTOPLAC AD ORAL 20BUST,1,0.33,0,37,2
Farmastelia,983172192,DAFNEFOL 400 90CPR,1,0.33,0,38,2
Farmastelia,983173345,SERENITY PANN MUT SD EX S 30PZ,1,0.33,0,8,9
Farmastelia,983173446,SERENITY PANTS SD BF SUP S 14P,1,0.33,0,1,1
Farmastelia,983191432,AUTAN DEFENSE LONG PROT 100ML,1,0.33,0,249,10
Farmastelia,983191457,AUTAN DEFENSE GENTLE 100ML,1,0.33,0,384,9
Farmastelia,983282789,FOILLE INSETTI REPELLENTE EX,1,0.33,0,115,
Farmastelia,983283615,BRONCHIFLU 14BUST,1,0.33,0,237,2
Farmastelia,983304369,MICRONIL ACT 30BUST,1,0.33,0,1,2
Farmastelia,983332420,DOLEDEM GEL 100ML,1,0.33,0,72,1
Farmastelia,983333143,IMODEX 500 15CPS,1,0.33,0,0,
Farmastelia,983361700,GIBAUD ORTHO MANUGIB QUER DX 2,1,0.33,0,1,3
Farmastelia,983364403,MAGNESIO E POTASSIO POLV 180G,1,0.33,0,25,1
Farmastelia,983364415,MAGNESIO E POTASSIO POLV 360G,1,0.33,0,45,7
Farmastelia,983364478,MAGNESIUM COMPOSITUM POLV 500G,1,0.33,0,11,5
Farmastelia,983364516,MAGNESIUM COMPOSITUM-T 400PAST,1,0.33,0,6,6
Farmastelia,983365038,DERMOVITAMINA CALM XT CR VISO,1,0.33,0,11,9
Farmastelia,983373061,PARODONTAX GENGIVE+ALITO EXTRA,1,0.33,1,0,6
Farmastelia,983374000,PHOTODERM M SPF50+ DORE' 40ML,1,0.33,0,129,7
Farmastelia,983374618,PHOTODERM LAIT ULTRA 50+ 200ML,1,0.33,0,95,10
Farmastelia,983381474,RIVESCAL DELICATO XL SH 500ML,1,0.33,0,342,3
Farmastelia,983389521,DIVIAL X GOCCE OCULARI 30F,1,0.33,0,30,4
Farmastelia,983429616,DIGESTUM FORTE 20STICK PACK,1,0.33,0,40,10
Farmastelia,983466374,REMINERAL 60CPS,1,0.33,0,4,1
Farmastelia,983510165,SHIITAKE 180PAST,1,0.33,0,4,1
Farmastelia,983516168,FORMULA 4 SALI MAGNESIO 48CPR,1,0.33,4,0,1
Farmastelia,983522436,SERENITY PANN SD SENS MAX PL L,1,0.33,0,0,
Farmastelia,983543188,PREP CREMA MANI RIPARATRICE,1,0.33,0,108,9
Farmastelia,983583636,DISINFETTANTE IODOP 10% 125ML,1,0.33,0,117,5
Farmastelia,983587231,BJOBJ CREMA VISO P SECCA/SENS,1,0.33,0,1,1
Farmastelia,983665732,NACROSSPRAY OTO 15ML,1,0.33,0,23,6
Farmastelia,983674209,CH GIOCO MSDD CHAMELEON DO PL,1,0.33,0,6,3
Farmastelia,983674639,EXOMEGA CONTROL CR EMOL 50ML,1,0.33,0,72,7
Farmastelia,983678133,FERPROSTK 30BUST,1,0.33,0,20,1
Farmastelia,983701804,ALOEVERA2 GEL PRIMITIVO DISP,1,0.33,0,13,10
Farmastelia,983702301,SINTOS FORTE 15CPS,1,0.33,0,44,2
Farmastelia,983703707,OMEGA 3 LIFE 120PRL,1,0.33,0,35,5
Farmastelia,983720893,ESENTA SPRAY PROTETTIVO CUTE,1,0.33,0,1,3
Farmastelia,983740034,EFFACLAR H ISO BIOME LAV 200ML,1,0.33,1,32,6
Farmastelia,983746025,FORMULA COLLAGENE 10FL 12ML,1,0.33,4,0,1
Farmastelia,983748601,AQUA REDUCE LINFO 20STICK 15ML,1,0.33,0,56,6
Farmastelia,983761394,PP FORTIFLORA CANE ORIG 7BUST,1,0.33,0,19,3
Farmastelia,983763020,DEFENCE COLOR CREAMY VELV 112,1,0.33,0,1,
Farmastelia,983772094,ENERZONA SMOOTHIE COOKIE 300G,1,0.33,0,18,
Farmastelia,983775836,NUTRIVA BASIVAL DETOX 60CPR,1,0.33,0,44,9
Farmastelia,983775851,KALANIT FORTE LIM 14BUST S/ZUC,1,0.33,0,1082,10
Farmastelia,983784113,VIVIN TOSSE COMPLETE 150ML,1,0.33,0,669,9
Farmastelia,983784137,EVOTON 30CPR,1,0.33,0,25,2
Farmastelia,983789696,KRIN UP LEI 30CPR,1,0.33,0,39,9
Farmastelia,983801630,ZYMEREX COLON E STRESS 24CPR,1,0.33,0,96,7
Farmastelia,983831494,MEDICIST 20BUST,1,0.33,0,25,6
Farmastelia,983834615,BIOREPAIR PLUS GEL INTENSIVE,1,0.33,0,42,8
Farmastelia,983933108,NARDOL CRIO 150ML,1,0.33,0,82,3
Farmastelia,984145084,RISO ROSSO FERMENTATO 100CPR,1,0.33,0,53,6
Farmastelia,984146225,GIUSTO S/ZUCCH BISC MATTINO350,1,0.33,0,10,10
Farmastelia,984158307,DEPURLAX 12BUST,1,0.33,0,24,1
Farmastelia,984177891,ISOMAR SOL ISOTONICA 20FL 5ML,1,0.33,0,260,10
Farmastelia,984203784,ELMEX DENTIFRICIO OPTISMALTO,1,0.33,0,250,
Farmastelia,984205880,EQUILIBRA ARGAN CONT OCCHI15ML,1,0.33,0,13,7
Farmastelia,984233041,MATT PHARMA VITAMINA D 60CPR,1,0.33,0,122,4
Farmastelia,984321822,PURE ENCAPSUL CAP/P/UN 90CPS,1,0.33,0,14,10
Farmastelia,984321909,PURE ENCAPSUL TIROIDE COM30CPS,1,0.33,0,8,9
Farmastelia,984330391,GOCCE LATTASI 14ML INTOLERAN,1,0.33,0,1,2
Farmastelia,984356194,GLICEFIT ACTIVE 30CPR,1,0.33,0,38,
Farmastelia,984359012,FISIOCREM CANNABIS CREMA 60ML,1,0.33,0,103,
Farmastelia,984402545,CHOLEKOS DAILY CM 30CPS,1,0.33,0,0,
Farmastelia,984412332,CERAMOL CREMABASE XR 311 450ML,1,0.33,0,301,6
Farmastelia,984413221,IODURO DI POTASSIO KI 30CPR,1,0.33,0,16,4
Farmastelia,984445635,ACORELLE GEL DOPOSOLE RINF,1,0.33,0,31,3
Farmastelia,984462503,PREP CREMA TALLONI 75ML,1,0.33,0,0,
Farmastelia,984500886,EBERJOINT D3 20STICK PACK,1,0.33,0,11,5
Farmastelia,984502993,VENADREM 30CPR,1,0.33,0,24,1
Farmastelia,984503831,MICRAVEN PLUS CREMA 100ML,1,0.33,0,2,2
Farmastelia,984506600,LEUKOMED SKIN SENS STER 8X10,1,0.33,0,32,6
Farmastelia,984513895,TROSPATA 500 20BUST,1,0.33,0,0,
Farmastelia,984557557,ESI GO UP GINSENG 10FL,1,0.33,0,18,7
Farmastelia,984559928,LIETOSON COMPLEX GOCCE 50ML,1,0.33,0,18,6
Farmastelia,984561377,FORMULA COLESTEROLO BERB 30CPR,1,0.33,7,0,1
Farmastelia,984561908,ASCIUGACAPELLI TRAVEL PIEGHEV,1,0.33,0,105,3
Farmastelia,984562633,OPTIVE SOLUZIONE OFTALMICA10ML,1,0.33,0,49,3
Farmastelia,984569879,"SHINE ON HSPLUS CASTANO 4,00",1,0.33,0,39,9
Farmastelia,984573838,GLUTATIONE FORTE SALUGEA 60CPS,1,0.33,0,281,9
Farmastelia,984594402,CISTILEN 14STICK,1,0.33,0,36,6
Farmastelia,984595254,FELIWAY HELP DIFF+RIC 48ML,1,0.33,0,0,
Farmastelia,984598490,LACTOBIF 8ML,1,0.33,0,118,4
Farmastelia,984620854,PURES HEAT CEROTTI 3PZ,1,0.33,0,5,6
Farmastelia,984620892,EOS LIPOKOLIN 90CPR,1,0.33,0,112,6
Farmastelia,984634497,MANUCURIST GREEN HORTENCIA,1,0.33,0,0,
Farmastelia,984636074,RESTAX PRE EFFLUVIUM 30CPR,1,0.33,0,47,3
Farmastelia,984642672,MONASCUS ES CM 60CPR,1,0.33,0,2,4
Farmastelia,984649196,HYDRAFIT 400G,1,0.33,0,464,
Farmastelia,984649386,REMOREX 30CPR,1,0.33,0,14,2
Farmastelia,984649501,SWISSE JUNIOR MULTIVIT GUMMY,1,0.33,0,11,6
Farmastelia,984650301,OLIO PARADISI 100SOFTGEL,1,0.33,0,24,7
Farmastelia,984651380,ARNICA GEL 98% 300ML,1,0.33,0,226,12
Farmastelia,984701742,POSTBIOTIX COMFORT 20BUST,1,0.33,0,215,1
Farmastelia,984703064,REFLUGEA FORTE SALUGEA 18F,1,0.33,0,74,9
Farmastelia,984703898,DRENAPESO DETOX 600ML,1,0.33,0,2,1
Farmastelia,984705792,SCREENVET PANLEUCOPENIA TEST,1,0.33,0,1,2
Farmastelia,984717761,LAMEVIN 30CPR,1,0.33,0,88,1
Farmastelia,984718306,VENACTIV 20F 15ML,1,0.33,0,1,2
Farmastelia,984744882,MECOLIN 1200 14BUST,1,0.33,0,418,8
Farmastelia,984767552,CICAPLAST BAUME B5+ 100ML,1,0.33,6,247,6
Farmastelia,984775419,NATURMIL ACIDO FOLICO PLU90CPR,1,0.33,0,4,5
Farmastelia,984775597,NATURMIL BOSWELLIA+CURCUM90CPR,1,0.33,0,12,2
Farmastelia,984775700,NATURMIL CENTELLA ASIATIC90CPR,1,0.33,0,4,4
Farmastelia,984775748,NATURMIL COLLAGENE C/MG 180CPR,1,0.33,0,0,
Farmastelia,984787541,FLOGO FLEB 30CPR,1,0.33,0,48,7
Farmastelia,984789887,EUPHRALIA OCCHI ROSSI 10ML,1,0.33,0,268,10
Farmastelia,984789901,EUPHRALIA IGIENE BABY MONO10PZ,1,0.33,0,75,7
Farmastelia,984789925,PIACERI MEDIT FETTE BISC INTEG,1,0.33,0,1,8
Farmastelia,984790321,KANADOL PASTA 30G,1,0.33,0,77,6
Farmastelia,984794420,THEISS ARNICA BAMBINI CR 100ML,1,0.33,0,19,9
Farmastelia,984796197,ORALB VITALITY ADULT SPAZZ ELE,1,0.33,0,154,8
Farmastelia,984798049,ARGENTO COLLOIDALE PLUS NAS 20,1,0.33,0,1,5
Farmastelia,984805770,BUTIRRISAN 90CPR,1,0.33,0,304,10
Farmastelia,984808182,ORG PH SUN CARE HAIR MIST100ML,1,0.33,0,54,1
Farmastelia,984812192,ORG PH SOOTHING BEARD OIL 50ML,1,0.33,0,1,3
Farmastelia,984812382,ALENIL Q 30CPR,1,0.33,0,220,6
Farmastelia,984819045,SINEX NATURA 20ML,1,0.33,0,253,10
Farmastelia,984819793,KE SALI HYPOTONIC 24BUST,1,0.33,0,0,
Farmastelia,984819906,BASIC 60CPR,1,0.33,0,4,4
Farmastelia,984825834,LIVER STATO FEGATO TEST 1PZ,1,0.33,0,2,1
Farmastelia,984825861,GLUTEN ALARM CELIACHIA TEST,1,0.33,0,5,2
Farmastelia,984825885,PROSTATA PSA TEST CHECK 1PZ,1,0.33,0,3,2
Farmastelia,984839605,MONASCUS COMPLEX 50CPS,1,0.33,0,3,6
Farmastelia,984839631,MONASCUS COMPLEX 200CPS,1,0.33,0,1,1
Farmastelia,984852830,RILASTIL PROGRES CREMA ANTIR,1,0.33,0,163,9
Farmastelia,984861815,DERMAL ADVANCED 20BUST,1,0.33,0,36,4
Farmastelia,984871145,PEDIAFER PLUS GOCCE 15ML,1,0.33,0,122,7
Farmastelia,984880930,BONASE 20BUST,1,0.33,0,66,3
Farmastelia,984897583,QUINTON HYPERTONIC 30F 10ML,1,0.33,0,25,10
Farmastelia,984898698,FLOGEST 600 30CPR,1,0.33,0,57,7
Farmastelia,984899652,POL PODACTIVE 75ML,1,0.33,0,266,6
Farmastelia,984904995,PHYSIOGEL SOLLIEVO CALM CR VIS,1,0.33,0,0,
Farmastelia,984910366,FOTOKER POST PHARCOS 50ML,1,0.33,0,139,7
Farmastelia,984928073,COLEVIS-T 180PAST,1,0.33,0,14,1
Farmastelia,984983027,PROTOTYPE SPIDER VEINS FACE CR,1,0.33,0,47,7
Farmastelia,985005279,LENIPLAST CREMA REALE 1870,1,0.33,0,0,
Farmastelia,985005735,ADAPTASUN EAU SOL HYDRA-PROT,1,0.33,0,1,3
Farmastelia,985009416,PHOTODERM AQUAFLUID SPF50+40ML,1,0.33,0,38,10
Farmastelia,985318688,MOLTEX PURE&NATURE PANTS J T5,1,0.33,0,1,4
Farmastelia,985387998,OMNI BIOTIC COLONIZE 28BUST,1,0.33,0,112,6
Farmastelia,985480906,FRANGIPANI CAREZZA PROF CR CRP,1,0.33,0,26,6
Farmastelia,985495581,VITAMINOIL D 15ML,1,0.33,0,11,5
Farmastelia,985495718,AKTIVAIT SMALL BREED 60CPR,1,0.33,0,4,6
Farmastelia,985495744,AKTIVAIT FOR CATS 60CPS,1,0.33,0,1,2
Farmastelia,985499995,REDISOLV 14BUST,1,0.33,0,575,8
Farmastelia,985501028,PREP CREMA FOR LADIES 75ML,1,0.33,0,10,10
Farmastelia,985501523,RILASTIL DAILY CARE LATTE DET,1,0.33,0,109,1
Farmastelia,985501701,"ACIDO IALURONICO 0,2% SOL OFT",1,0.33,0,50,10
Farmastelia,985501713,"SOS OCCHI 0,5% GEL OFTALMICO",1,0.33,0,6,7
Farmastelia,985501764,QRECTAL GEL RETTALE 30ML,1,0.33,0,208,8
Farmastelia,985511423,BETAMIX PLUS 80CPR OROSOL,1,0.33,0,72,1
Farmastelia,985511928,AUSILIUM GEL 50ML,1,0.33,0,6,2
Farmastelia,985512250,AVENE DEO BODY EFFICACIA 24H,1,0.33,0,168,9
Farmastelia,985550096,NEOCARVI PLUS 30CPS,1,0.33,0,897,8
Farmastelia,985550134,NATUR UNIQUE IALU CI LIP N/AGE,1,0.33,0,34,4
Farmastelia,985571278,TOLERIANE TEINT FLUIDO 14,1,0.33,0,6,10
Farmastelia,985575430,INAD 30CPR,1,0.33,0,329,6
Farmastelia,985581762,CERAMOL CREAM DS 50ML,1,0.33,0,236,6
Farmastelia,985581836,LATTASI FAST ORO 40CPR,1,0.33,0,69,7
Farmastelia,985592916,ANACAPS REACTIV CAP OCCAS30CPS,1,0.33,0,82,9
Farmastelia,985620638,VERAVIS SUPREMO ANALCO 500ML,1,0.33,0,3,4
Farmastelia,985628142,DULAC ARTIGLIO DEL DIAV 300ML,1,0.33,0,10,8
Farmastelia,985661519,FERRONORM 30CPS,1,0.33,0,12,3
Farmastelia,985712571,PRURICED CREME T 100ML,1,0.33,0,11,9
Farmastelia,985713712,CURAPROX CPS SUP UHS 475 BLU,1,0.33,0,0,
Farmastelia,985713787,PURONERV DOL 60CPS,1,0.33,0,27,4
Farmastelia,985722483,KIJIMEA K53 ADVANCE 56CPS,1,0.33,0,137,8
Farmastelia,985722495,KIJIMEA K53 ADVANCE 84CPS,1,0.33,0,95,8
Farmastelia,985771777,LACTOFLORENE PANCIA PIAT20BUST,1,0.33,0,906,10
Farmastelia,985774468,DYNAMO D LARGE 20BUST,1,0.33,0,21,1
Farmastelia,985778253,CITICOLINA PURA 125PAST,1,0.33,0,33,1
Farmastelia,985797442,CH FASCIA GRAVIDANZA S,1,0.33,0,9,3
Farmastelia,985808258,MIC 1000 20BUST,1,0.33,0,11,5
Farmastelia,985819085,NA BA ARNICA GEL 99 500ML,1,0.33,0,41,8
Farmastelia,985820784,BIOREPAIR PLUS ADVANCED SENS,1,0.33,0,156,6
Farmastelia,985823071,REVISION 30CPS,1,0.33,0,15,3
Farmastelia,985824010,GUM SOFT PICK MINT S SCOV 40PZ,1,0.33,0,200,7
Farmastelia,985827789,IKLEN + LATTE CORPO 400ML,1,0.33,0,43,2
Farmastelia,985827791,ECZEANE OLIO DETERGENTE 1L,1,0.33,0,64,3
Farmastelia,985829478,CH NS SHAMPOO 500ML,1,0.33,0,5,10
Farmastelia,985830052,BOROTALCO DEO STICK ORIGINALE,1,0.33,0,3,8
Farmastelia,985830532,M2 MANUKEEP TUT POLS DX TG02,1,0.33,0,1,2
Farmastelia,985833387,ARKORELAX MELATONYL 120CPR,1,0.33,0,16,6
Farmastelia,985910379,PREP CREMA DEODORANTE 35ML,1,0.33,1,1530,11
Farmastelia,985914112,CH BIBERON WB PP ARA 250 M SIL,1,0.33,0,13,3
Farmastelia,985918515,PREP LATTE SOLARE P SENS 50+,1,0.33,0,30,5
Farmastelia,985919238,BIOTINA COMPLEX 90CPS,1,0.33,0,73,6
Farmastelia,985971946,WINFLOR 6ML,1,0.33,0,7,2
Farmastelia,985982127,FITLESS METABOLIC FP 500ML,1,0.33,0,1,4
Farmastelia,985982798,FORMULA SOLLIEVO ARTICOL CREMA,1,0.33,7,0,1
Farmastelia,985983194,NORMALIA EXTRA 30CPR MASTIC,1,0.33,0,6,10
Farmastelia,985988524,PROTEZIONE AVAMPIEDE/ALLUCE,1,0.33,0,1,1
Farmastelia,985990225,CONDROSPIR 14BUST,1,0.33,0,59,4
Farmastelia,985990732,MENTADENT PROF DENTIF PROT+CAR,1,0.33,0,15,10
Farmastelia,985990959,INFECTVAGIN 10OV VAGINALI,1,0.33,0,33,9
Farmastelia,985991215,FLEBOMIX 1000MG 60CPR,1,0.33,0,0,
Farmastelia,985992775,PSIPROTO CACAO 300G,1,0.33,0,124,2
Farmastelia,985995644,PAMPERS BD MUT DUO DWCT XL28PZ,1,0.33,0,10,3
Farmastelia,985996077,FIBROIDERM EMULSIONE 50ML,1,0.33,0,3,4
Farmastelia,985997840,ARGIFORT 60CPR,1,0.33,0,0,
Farmastelia,985999453,PROBIOTICO ACT 15CPS VEGETALI,1,0.33,0,407,10
Farmastelia,986004683,PERLATOX 600 200ML,1,0.33,0,3,4
Farmastelia,986005662,CARICOL 14BUST,1,0.33,0,18,7
Farmastelia,986037339,CLIMAX PLUS 75CPR,1,0.33,0,7,3
Farmastelia,986065872,HYLOVISION SINE 20FL,1,0.33,0,3,4
Farmastelia,986079871,ANNURKAP PLUS 30CPS,1,0.33,0,8,7
Farmastelia,986079883,ANNURKAP PLUS 60CPS,1,0.33,0,295,4
Farmastelia,986079895,ANNURKAP PLUS 90CPS,1,0.33,0,0,
Farmastelia,986091371,PURO SOS CAPELLI&UNGHIE 60CPR,1,0.33,0,0,
Farmastelia,986105777,BENDIAR MINI 10CPR,1,0.33,0,33,3
Farmastelia,986117632,ENERZONA FROLL INTEG CIOC 250G,1,0.33,0,217,11
Farmastelia,986129979,MEDICARE CER ST TNT 10X20 3PZ,1,0.33,0,6,10
Farmastelia,986146684,PREP SCHIUMA BARBA CLASSICA2PZ,1,0.33,0,14,9
Farmastelia,986147116,POTASSIO & MAGNESIO 3 20BUST,1,0.33,0,66,7
Farmastelia,986172207,CREMA PAPPA REALE 50ML,1,0.33,0,1,1
Farmastelia,986173437,ENTEROLACTIS DUO INUL 20BUST,1,0.33,0,938,
Farmastelia,986179517,DAONIX 60CPS,1,0.33,0,214,6
Farmastelia,986286413,BIOEYE 14FL,1,0.33,0,89,6
Farmastelia,986395921,CERAMOL PSOR CREMA 100ML,1,0.33,0,41,9
Farmastelia,986432716,DERMATIX GEL 15G,1,0.33,0,76,2
Farmastelia,986460804,PAMPERS QU PROG MINI 112PZ,1,0.33,0,13,9
Farmastelia,986461541,CLIA CREMA SOLARE 50+ 200ML,1,0.33,0,3,3
Farmastelia,986472963,OCULVET GEL 10ML,1,0.33,0,34,3
Farmastelia,986473027,FLOR INTOLLERANCE EQUILI 240ML,1,0.33,0,49,5
Farmastelia,986473066,PENATEN PASTA PROTETTIVA 150ML,1,0.33,0,325,5
Farmastelia,986478713,DIGEST EV ENZYME 30CPR,1,0.33,0,6,10
Farmastelia,986479133,"AMINOTROFIC HDE 30BUST 6,5G",1,0.33,0,440,11
Farmastelia,986488916,PSIPROTO FERT 90CPS,1,0.33,0,1187,6
Farmastelia,986624233,NAUSEA ALT BRACCIALE A/NAUS AD,1,0.33,2,60,2
Farmastelia,986624637,SERENITY CARE SALV UMIDIF 63PZ,1,0.33,0,64,9
Farmastelia,986708093,NOCIST INTIMATE DAILY DET INT,1,0.33,0,161,10
Farmastelia,986708194,TRICOMNIA OLIO RISTRUTTURANTE,1,0.33,0,15,5
Farmastelia,986709766,TENA LIGHTS SENS ASS MINI 20PZ,1,0.33,0,35,10
Farmastelia,986709778,TENA LIGHTS SENS NORMAL 16PZ,1,0.33,0,58,6
Farmastelia,986781324,LIPISAN 60CPS,1,0.33,0,2,1
Farmastelia,986782720,ORG PH BREZZA MARINA ACQ IDRAT,1,0.33,0,54,4
Farmastelia,986818779,COLLUTORIO CLOR 020 SOFARMAPIU,1,0.33,1,765,1
Farmastelia,986824973,ACETILCISTEINA ACT PLUS NAC600,1,0.33,0,375,10
Farmastelia,986827881,FORMULA TEST STREPTOCOCCO A,1,0.33,0,999,5
Farmastelia,986830812,THIRODIUM 100MCG 30CPS MOLLI,1,0.33,0,62,4
Farmastelia,986842704,FIMODENT FILO INTERD PTFE 35M,1,0.33,0,0,
Farmastelia,986861425,METAVIVA MULTI 90CPR,1,0.33,0,55,10
Farmastelia,986861831,GAMMA ORIZANOLO 30G 75PAST,1,0.33,0,1,2
Farmastelia,986864508,NUTILIS AQUA GEL PESCA 4PZ,1,0.33,0,120,6
Farmastelia,986882090,DERMATINA D CREMA 30ML,1,0.33,0,40,9
Farmastelia,986885073,CH RIDUTTORE WC PLASTICA RIC,1,0.33,0,0,
Farmastelia,986887471,SELFTEST HIV 1/2 SOFARMAPIU',1,0.33,0,84,6
Farmastelia,986894069,CH GIOCO HAPPY HIPPY WALKER 23,1,0.33,0,3,6
Farmastelia,986895492,DEKORO SPRAY 20ML,1,0.33,0,467,9
Farmastelia,986902070,EPADETOX 60CPS,1,0.33,0,1,10
Farmastelia,986904504,GIBAUD FASCIA POSTOP CLA H30 2,1,0.33,0,2,1
Farmastelia,986964233,ERALGOS FLOGO 30CPS,1,0.33,0,21,4
Farmastelia,986965061,CH GOMM LUXE 2-6 GIRL 1PZ,1,0.33,0,2,3
Farmastelia,986965554,MULTIMAGNESIO 60CPS,1,0.33,0,353,5
Farmastelia,986971277,GIBAUD ORTHO ARTIGIB 3D GIN 1,1,0.33,0,1,1
Farmastelia,986971303,GIBAUD ORTHO ARTIGIB 3D GIN 4,1,0.33,0,0,
Farmastelia,986971416,GIBAUD ORTHO LIGAGIB GIN ART 5,1,0.33,0,0,
Farmastelia,986971517,GIBAUD ORTHO GIN ZEROG 70CM 4,1,0.33,0,1,1
Farmastelia,986980910,GENES MELL-IT 28CPR,1,0.33,0,2,1
Farmastelia,986987840,NOVAMIR 20BUST,1,0.33,0,4,3
Farmastelia,986991697,ACNEFFE PRO 20CPS,1,0.33,0,50,5
Farmastelia,987025107,SWIMMIES PANTS SP LARGE 10PZ,1,0.33,0,1,3
Farmastelia,987025665,PIC EASY WASH PERA CAN 224ML,1,0.33,0,0,
Farmastelia,987025703,PIC SOFT WASH SCHIZZETTO 35ML,1,0.33,0,42,10
Farmastelia,987025739,PIC SOFT WASH SCHIZZETTO 175ML,1,0.33,0,41,10
Farmastelia,987062522,VISIAL X GOCCE OCULARI 10ML,1,0.33,0,2,3
Farmastelia,987066949,ROC MULTI CORREXION EVEN NIGHT,1,0.33,0,3,6
Farmastelia,987219779,VALDISPERT SONNO COMPLETO30CPR,1,0.33,0,425,8
Farmastelia,987258872,KRINESIA LOZIONE CAPELLI 60ML,1,0.33,0,1,4
Farmastelia,987259660,PROBIOTICO ACT GONFIORE 10BUST,1,0.33,0,12,6
Farmastelia,987278215,NUTRIXAM 28BUST,1,0.33,0,586,8
Farmastelia,987303791,SACCA URINA GAMBA 750ML 10 10P,1,0.33,0,43,4
Farmastelia,987314073,INMOOD NUOVAMENTE 15CPS,1,0.33,0,33,10
Farmastelia,987314604,MARVIS LICORICE MINT C 25ML,1,0.33,0,81,7
Farmastelia,987314628,MARVIS ANISE MINT C 25ML,1,0.33,0,19,6
Farmastelia,987320355,APROTEN DITALINI 500G,1,0.33,0,25,2
Farmastelia,987320936,ADEGUA ACTIVE ARNICA91% FT75ML,1,0.33,0,71,11
Farmastelia,987326612,VITAMINA B IBSA 30FILM ORALI,1,0.33,11,173,8
Farmastelia,987329947,COLLAGENE SKIN CARE VAN 309G,1,0.33,0,28,7
Farmastelia,987337627,LIFERON PLUS 20CPS,1,0.33,0,53,6
Farmastelia,987345081,DURACELL OPTIMUM AA B4 16PZ,1,0.33,0,11,6
Farmastelia,987358660,NEURONYX 30CPR,1,0.33,0,27,7
Farmastelia,987358746,KIJIMEA REGULARIS 250G,1,0.33,0,44,6
Farmastelia,987361312,GLUTATIONE SUPREMO 180PAST,1,0.33,0,6,1
Farmastelia,987368851,LIERAC PREMIUM LA CR SOYEU RIC,1,0.33,0,53,4
Farmastelia,987383484,AQUILEA CELLULITE 20STICK,1,0.33,1,0,1
Farmastelia,987388802,SCHOLL GELACTIV SCARPE SPORT L,1,0.33,1,0,2
Farmastelia,987389830,MELLIN 4 LATTE 2BUST 385G,1,0.33,0,4,6
Farmastelia,987405798,GOOVI PALETTE 9 OMBRETTI,1,0.33,0,4,10
Farmastelia,987411764,RILASTIL SUN SPF50+ VELVET COL,1,0.33,0,14,6
Farmastelia,987419443,YAMAMOTO R BROMELINA 30CPR,1,0.33,0,0,
Farmastelia,987425550,DEFENCE SUN AGE UV SPEC50+ IDR,1,0.33,0,52,8
Farmastelia,987474703,AGO BD MICROLANCE G30 13MM GI,1,0.33,0,17,3
Farmastelia,987479615,GASTRONORM 16CPR NUTRIGEN,1,0.33,0,3,2
Farmastelia,987498704,WELEDA FOR MEN ACTIVE FRESH,1,0.33,0,2,7
Farmastelia,987540287,XYLIMELTS 40PAST MENTA DEL,1,0.33,0,41,2
Farmastelia,987540453,LACTOBIF JUNIOR 10FL,1,0.33,0,0,
Farmastelia,987598909,FERPROST SOL 14BUST,1,0.33,0,44,1
Farmastelia,987646902,VELAVIT IMMUNO 200ML,1,0.33,0,11,2
Farmastelia,987646989,HERPLESS PLUS FACILE 30SOFT CH,1,0.33,0,50,6
Farmastelia,987658820,B-SMART GOCCE OCULARI 10ML,1,0.33,0,467,1
Farmastelia,987658857,URGOSTART CONTACT 5X7CM 3PZ,1,0.33,0,4,3
Farmastelia,987667704,LOFRIC ORIGO CATET SLEEVE CH12,1,0.33,0,1,1
Farmastelia,987669797,GIBAUD ORTHO WALKER TUT TIBIA4,1,0.33,1,0,3
Farmastelia,987673617,VALERIANA PASSIFLORA BIANC GTT,1,0.33,0,606,10
Farmastelia,987674645,GUAM LEGGINGS SLIM NOTTE XS/S,1,0.33,0,13,4
Farmastelia,987675321,NUTRISON 500ML,1,0.33,0,131,2
Farmastelia,987681309,STEAPET 30CPR,1,0.33,0,9,3
Farmastelia,987686781,OMEGACOR PLUS 20PRL,1,0.33,0,42,2
Farmastelia,987715253,CRAMPACT NOTTE 14BUST,1,0.33,0,97,8
Farmastelia,987762352,REDEMASE 500 30CPS,1,0.33,2,267,7
Farmastelia,987763051,TENA PANTS EXTRA PLUS M 10PZ,1,0.33,0,0,
Farmastelia,987769369,AVENE ANTIROUGEURS ROSAMED30ML,1,0.33,0,179,9
Farmastelia,987769700,MOVE3 60CPS,1,0.33,0,12,2
Farmastelia,987770385,XAILIN HYDRATE SOL OFT LUBR,1,0.33,0,1,7
Farmastelia,987770435,XAILIN NIGHT UNGUENTO LUBR OFT,1,0.33,0,47,1
Farmastelia,987771779,REMARGIN COLOSTRUM GEL 15ML,1,0.33,0,95,2
Farmastelia,987790870,PLAS POSTBIOTICO 20STICK PACK,1,0.33,0,12,8
Farmastelia,987822057,EUREKOL GLAU 60CPS ACIDORESIST,1,0.33,0,6,5
Farmastelia,987822069,EUREKOL MACULA 30CPS ACIDORES,1,0.33,0,45,
Farmastelia,987842198,SENSINOL SHAMPOO 200ML DUCRAY,1,0.33,0,383,10
Farmastelia,987843810,HYPEROIL SOLUZIONE OLEOSA 50ML,1,0.33,0,1,1
Farmastelia,987853696,MAYDAY 12BUST 10ML,1,0.33,0,37,8
Farmastelia,987857125,BENEX 40CPR,1,0.33,0,24,5
Farmastelia,987860069,ASTENOMIRT GOCCE OCULARI 10ML,1,0.33,0,52,6
Farmastelia,987864170,DURACELL EASY TAB 13 ARANCIO,1,0.33,0,0,
Farmastelia,987867215,ZREEN EPATIC PRO 120CPS,1,0.33,0,5,5
Farmastelia,987867227,ZREEN ERBE AMARE 50ML,1,0.33,0,1,2
Farmastelia,987867759,ZREEN VITAMINA D3 2000 15ML,1,0.33,0,14,2
Farmastelia,987879929,TEOS 20CPS,1,0.33,0,461,4
Farmastelia,988024939,RESOURCE ULTRA+ VANIGLIA 4BOTT,1,0.33,0,0,
Farmastelia,988025488,SENSURA MIO CD ILEO NE MX10-23,1,0.33,0,1,2
Farmastelia,988027379,SALI DI ISCHIA STRUCCANTE B-PH,1,0.33,0,9,1
Farmastelia,988027405,SALI DI ISCHIA OLIO ELAST/RASS,1,0.33,0,0,
Farmastelia,988032684,RIPANERV 15CPR,1,0.33,0,8,2
Farmastelia,988032759,DTOPIC EMULSIONE 100ML,1,0.33,0,81,8
Farmastelia,988043598,NAUZEN GOCCE 20ML,1,0.33,0,11,1
Farmastelia,988049983,DT ANTI DAND SERUM 90ML,1,0.33,2,2,1
Farmastelia,988050415,NEODISMEN 30CPR,1,0.33,0,49,5
Farmastelia,988054603,OSTEO COMPLEX 60CPR,1,0.33,0,8,7
Farmastelia,988057461,PIC DOPOPUNTURA VEGETAL,1,0.33,9,24,1
Farmastelia,988095826,STOMEK SOSPENSIONE 50ML,1,0.33,0,164,5
Farmastelia,988134401,FORHANS PER IMPI&ORTOD 30STICK,1,0.33,0,9,2
Farmastelia,988142030,RINOWAY PLUS SALI ISOTON15BUST,1,0.33,0,31,3
Farmastelia,988146864,CREMA SOLARE ESTR PAPAV SPF50,1,0.33,0,3,3
Farmastelia,988147789,PRIEL 250ML,1,0.33,0,1,6
Farmastelia,988148918,GASTRONYX PLUS 30CPR OROSOLUBI,1,0.33,1,19,4
Farmastelia,988160558,ESI MULTICOMPLEX ADULTI 30CPR,1,0.33,0,25,6
Farmastelia,988160673,ABNERV 1000 45CPR,1,0.33,0,6,6
Farmastelia,988255156,KRON SOLUZIONE ORALE 300ML,1,0.33,0,1007,7
Farmastelia,988278368,EKEEP B1 POSTURAL BRA BI 3PLUS,1,0.33,0,1,1
Farmastelia,988278382,EKEEP B1 POSTURAL BRA BI 5PLUS,1,0.33,0,1,1
Farmastelia,988332906,FIBRAMET 20BUST,1,0.33,0,7,1
Farmastelia,988380844,AFOMILL LUBRIFICANTE ULTRA,1,0.33,0,112,6
Farmastelia,988389058,MILOGLUT 30CPS,1,0.33,0,68,10
Farmastelia,988654671,NUTILIS CLEAR 175G,1,0.33,0,42,5
Farmastelia,988656981,DISBIOLINE DIGENZYM AB 30CPR,1,0.33,0,225,9
Farmastelia,988657134,KYMAX 15BUST,1,0.33,0,48,6
Farmastelia,988658985,YAMAMOTO N ESSENTIAL AMI240CPR,1,0.33,0,13,4
Farmastelia,988665648,TENA BED PLUS WINGS TRAV80X180,1,0.33,0,20,11
Farmastelia,988668671,REDOSTIM 40CPR,1,0.33,0,132,7
Farmastelia,988670030,SOLACIST 14BUST,1,0.33,0,19,4
Farmastelia,988670170,LIPIKAR LATTE 400ML-30% PROMO,1,0.33,2,0,3
Farmastelia,988712713,THEISS ARNICA GEL TONIF 200ML,1,0.33,0,29,9
Farmastelia,988714135,PODATLET DETERGENTE 100ML,1,0.33,0,11,3
Farmastelia,988715975,FERBOX 30CPS,1,0.33,0,22,6
Farmastelia,988723449,RILASTIL ACNESTIL SPRAY CORPO,1,0.33,0,64,4
Farmastelia,988767998,EPTA REGEN CREMA 50ML,1,0.33,0,1,1
Farmastelia,988768192,SENSIDONNA GEL INTIMO 75ML,1,0.33,0,23,6
Farmastelia,988770273,EARBUDDY ROSSO,1,0.33,0,6,1
Farmastelia,988785248,GEMME DI MICOL 8 30ML,1,0.33,0,5,3
Farmastelia,988785402,EUCERIN ULTRASENSITIVE P SECCA,1,0.33,0,3,6
Farmastelia,988804389,INTRAVIT FORTE 30CPR,1,0.33,0,47,8
Farmastelia,988828846,ACIDO BUTIRRICO 30CPS RETARD,1,0.33,0,0,
Farmastelia,988837706,MANUCURIST ACTIVE SMOOTH 15ML,1,0.33,0,0,
Farmastelia,988898793,TRICORBEN 30CPR,1,0.33,0,29,1
Farmastelia,988924647,TFB1000 30CPR,1,0.33,0,1,1
Farmastelia,988927101,PRO2 SPRAY 20ML+14STICK,1,0.33,0,25,9
Farmastelia,988927721,MIOFENAC 14BUST,1,0.33,0,0,
Farmastelia,988948497,GABADIN 30CPR,1,0.33,0,184,8
Farmastelia,988952139,TERAMAG 20BUST,1,0.33,0,11,7
Farmastelia,988952141,ANDROSIL 16BUST OROSOLUBILI,1,0.33,0,7,8
Farmastelia,988985014,ARKOCPS RODIOLA BIO 45CPS,1,0.33,0,38,6
Farmastelia,988988580,HYSEAC PATE SOS 15G,1,0.33,0,144,7
Farmastelia,988991737,REUMALIEVE DOL 30CPR,1,0.33,0,34,7
Farmastelia,988994190,SOLOUNO DRENAGEL 125ML,1,0.33,0,0,
Farmastelia,988998225,CONDROTIDE HA SIR INTRA-ART 2%,1,0.33,0,25,6
Farmastelia,989000068,BERGAMON INTIMO NEUTRO 500ML,1,0.33,0,0,
Farmastelia,989021237,VENSTAX 1500 20CPR,1,0.33,0,0,
Farmastelia,989022191,ESI BIOCOLLAGENIX FT 10DRINK,1,0.33,0,149,10
Farmastelia,989039680,HERBORELAX 30ML,1,0.33,0,7,7
Farmastelia,989039692,HERBOSOL BASIC 100CPR,1,0.33,0,32,7
Farmastelia,989046762,MASTOCOL 30CPR,1,0.33,0,76,2
Farmastelia,989046875,REMARGIN COLOSTRUM OS COLLUT,1,0.33,0,0,
Farmastelia,989047701,KIJIMEA FLORACARE 84CPS,1,0.33,0,23,7
Farmastelia,989052814,EQUILIBRA BROMELINA ACTIV60CPR,1,0.33,0,9,8
Farmastelia,989054655,AGNOCASTO PURO 90CPR,1,0.33,0,20,2
Farmastelia,989054731,BROMELINA PURA 60CPR,1,0.33,0,102,4
Farmastelia,989054907,IPERICO PURO 120CPR,1,0.33,0,5,1
Farmastelia,989054972,SERENOA PURA 120CPR,1,0.33,0,40,8
Farmastelia,989173935,SUPER FERT 30CPS,1,0.33,0,6,1
Farmastelia,989234378,VITIS GENGIVE SANE DENTIF100ML,1,0.33,0,636,7
Farmastelia,989242514,CLEARBLUE TEST OVUL BASE 20PZ,1,0.33,0,75,6
Farmastelia,989254242,TENA PANTS PANN MAXI S 10PZ,1,0.33,0,7,4
Farmastelia,989256692,CH BIB PERF GLASS UNI SIL 240,1,0.33,0,55,4
Farmastelia,989260892,KELUAL SQUANORM LOZIONE 200ML,1,0.33,0,26,5
Farmastelia,989261870,THEAHYABAK SOL OFTALMICA 10ML,1,0.33,0,211,6
Farmastelia,989264066,VAGISIL DETERGENTE ODOR OFS,1,0.33,0,0,
Farmastelia,989306257,FILORGA TIME FILLER 5XP CR POT,1,0.33,0,219,10
Farmastelia,989313147,APROTEN WAFER VANIGLIA 175G,1,0.33,0,3,5
Farmastelia,989313150,APROTEN WAFER CACAO 175G,1,0.33,0,59,1
Farmastelia,989316928,GRIFFONIA HAPPY 20STICK 10ML,1,0.33,0,35,5
Farmastelia,989319761,LE DODICI ERBE SOLUZIONE 200ML,1,0.33,0,4,5
Farmastelia,989320181,SYSTANE GEL DROPS 10ML,1,0.33,0,0,
Farmastelia,989331638,"FORTIMEL FORTICARE2,4KCAL LAMP",1,0.33,0,6,4
Farmastelia,989332059,BIO ESSENZE SAVON M S/PROF 1L,1,0.33,0,1,1
Farmastelia,989355856,GENANTE 90CPR,1,0.33,0,999,4
Farmastelia,989355868,ESOXX DEFENCE 20CPR MASTIC,1,0.33,0,1310,10
Farmastelia,989367154,VITAMINDERMINA POLVERE 100G,1,0.33,0,999,2
Farmastelia,989372899,LEVIDOL FORTE 20BUST,1,0.33,0,7,2
Farmastelia,989373016,TRIDERM LENIL AG CR PROT 30ML,1,0.33,0,24,10
Farmastelia,989373257,LIPOSKIN IDRA UV PHARCOS 40ML,1,0.33,0,89,8
Farmastelia,989373663,SOLLIDOL 20CPS,1,0.33,0,62,1
Farmastelia,989400888,GINGEMYR 24GUMM,1,0.33,0,16,7
Farmastelia,989404684,LIPIKAR GEL UREA 30%,1,0.33,3,0,4
Farmastelia,989406741,INTERPROX PLUS 2G SUPERCONIC4P,1,0.33,0,3,5
Farmastelia,989409141,"ISOMAR OCCHI SEC AI 0,25% 15FL",1,0.33,0,167,11
Farmastelia,989409242,PSIPROTO FERT 45CPS,1,0.33,0,198,2
Farmastelia,989412438,CURCUMA PURA 60CPR,1,0.33,0,11,8
Farmastelia,989417656,OMEGA 3 VEGETALE 30CPS VEG,1,0.33,0,39,6
Farmastelia,989417961,HERBATINT 4N CASTANO 170ML,1,0.33,0,107,9
Farmastelia,989418025,HERBATINT 10N BIONDO PLAT170ML,1,0.33,0,12,7
Farmastelia,989418076,HERBATINT 8D BIONDO CHI DORATO,1,0.33,0,6,6
Farmastelia,989433242,ICO TECNICO TEST GRAVIDANZA1PZ,1,0.33,0,118,5
Farmastelia,989467802,DTOPIC PANNOLINI 2 24PZ,1,0.33,0,8,5
Farmastelia,989634098,FORDERMA IDRATANTE 180CPS,1,0.33,0,0,
Farmastelia,989657186,OFFDOL ACTIVE PLUS CREMAGEL,1,0.33,0,15,4
Farmastelia,989657453,ONICOMED+ GEL IGIENIZZANTE PIE,1,0.33,0,0,
Farmastelia,989663036,EUCERIN ANTI-PIGMENT SIERO ILL,1,0.33,0,18,
Farmastelia,989668874,PAPILOCARE IMMUNOCAPS 30CPS,1,0.33,0,30,4
Farmastelia,989669623,MY BODY HYDRABOOST FLUIDO LEG,1,0.33,0,0,
Farmastelia,989707625,TRAUMADOL CREMAGEL 100ML,1,0.33,0,5,4
Farmastelia,989707777,COLON REGULAR T GRANI 80G,1,0.33,0,33,1
Farmastelia,989813415,GLOBIFER 40CPR,1,0.33,0,413,10
Farmastelia,989818481,PROCANICARE PLUS 30G,1,0.33,0,7,7
Farmastelia,989819964,COLLAGENE MULTIFUNZIONE 260G,1,0.33,0,256,10
Farmastelia,989819976,COLLAGENE ARTICOLAZIONI&MUSCOL,1,0.33,0,337,9
Farmastelia,989851694,ARKOSTEROL PLUS COMPLETE 30CPR,1,0.33,0,15,2
Farmastelia,989852785,YAMAMOTO N ACETYL L CARN120CPS,1,0.33,0,30,1
Farmastelia,989874173,SOMAT SKIN EX RASS BRACCIA,1,0.33,0,75,11
Farmastelia,989874589,SAGINIL GEL 40ML,1,0.33,0,593,4
Farmastelia,989877574,PIOPPAVIS LIQUIDO ANALCO 200ML,1,0.33,0,9,4
Farmastelia,989877737,VISIOCOLINA 50MG/ML SOL ORALE,1,0.33,0,120,4
Farmastelia,989885785,SOLLIEVO VEN 60CPR,1,0.33,0,40,8
Farmastelia,989889629,TENAFER SENZA AGLIO 140PAST,1,0.33,0,22,4
Farmastelia,989894528,PREMIER CRU CREMA RICCA50ML,1,0.33,0,52,8
Farmastelia,989895444,AQUAVIS GEL ANTIMACCHIA 30ML,1,0.33,0,60,7
Farmastelia,989897347,PUELLAE 30CPS MOLLI,1,0.33,0,46,9
Farmastelia,989931845,B-VITAL TOTALE 500 30STICKPACK,1,0.33,0,34,4
Farmastelia,989979745,FLOGOCARE 30CPR,1,0.33,0,19,6
Farmastelia,989980747,PIC SOLUTION DOPOPUNTURA MEDUS,1,0.33,10,0,2
Farmastelia,989980750,DIETALINEA BERBERINA 600 60CPR,1,0.33,0,206,7
Farmastelia,990000325,TIORAN FORTE 16BUST,1,0.33,0,27,6
Farmastelia,990014742,DUREX NUDE SENS REG EX LUBR6PZ,1,0.33,0,113,3
Farmastelia,990018754,MENOKAL METABOLISMO 60CPR,1,0.33,0,3,2
Farmastelia,990036891,ARTRON COLLAGEN ESSENT 90CPR,1,0.33,0,5,5
Farmastelia,990037590,RIBECOX LIP TRATT EMOL LABBRA,1,0.33,0,1,5
Farmastelia,990037968,NOCOL 30CPR,1,0.33,0,26,1
Farmastelia,990039428,DISENIOR SMALL 10STICK 10G,1,0.33,0,2,3
Farmastelia,990039481,"DYNAMO F 20STICK 2,5G",1,0.33,0,12,2
Farmastelia,990078178,IDRORAL 45CPR MUCOADESIVE,1,0.33,0,24,5
Farmastelia,990078723,ALGEM VOCAL BOOST OO23 GEL,1,0.33,0,1,1
Farmastelia,990093799,SALI DI ISCHIA BAGNODOCCIA MED,1,0.33,0,0,
Farmastelia,990093890,SALI DI ISCHIA OIL TO MILK MOU,1,0.33,0,10,3
Farmastelia,990093902,SALI DI ISCHIA MASK AC IALURON,1,0.33,0,10,2
Farmastelia,990093926,SALI DI ISCHIA SINERGIE OE CEL,1,0.33,0,21,1
Farmastelia,990093953,SALI DI ISCHIA SINERGIE OE E/R,1,0.33,0,1,1
Farmastelia,990102319,CEROTTO DEL 10X20CM SOFARMA 3P,1,0.33,0,289,1
Farmastelia,990150195,PAPIX INTENSIVE IMPERF CARE,1,0.33,0,21,1
Farmastelia,990152225,OTOFEN BORICO SPRAY AURICOLARE,1,0.33,0,23,2
Farmastelia,990226577,CARICOL 7BUST,1,0.33,0,21,2
Farmastelia,990284770,AQUILEA BEAUTY TOTAL GOLD14AMP,1,0.33,6,0,4
Farmastelia,990313076,SOMATOLINE COMPL A/AGE 60CPR,1,0.33,0,12,2
Farmastelia,990374326,ZEFYROS GHIMAS 60CPS,1,0.33,0,19,2
Farmastelia,990376574,KIROOT KOCORO 60PRL,1,0.33,0,2,4
Farmastelia,990408080,METARELAX FAST 15CPR MASTIC,1,0.33,0,85,7
Farmastelia,990408179,CH CLIP UNIVERSALE BLU,1,0.33,0,50,1
Farmastelia,990408294,CH SUCCH LIGHT LUM SIL16-36 2P,1,0.33,0,12,3
Farmastelia,990411656,AQUAVIS AT CREMA 200ML,1,0.33,2,0,1
Farmastelia,990453983,TENA PROSKIN SLIP MAXI L 10PZ,1,0.33,0,0,
Farmastelia,990459885,CH EASY BREATH GO+ AEROS MESH,1,0.33,0,5,3
Farmastelia,990476842,ALLER PHYTUM 30CPR,1,0.33,0,2,3
Farmastelia,990478378,FOTOULTRA REDNESS SPF50 50ML,1,0.33,0,116,8
Farmastelia,990540421,ANEDOX 30CPR,1,0.33,0,90,4
Farmastelia,990543353,VITAMINDERMINA POLVERE 100G,1,0.33,2,0,5
Farmastelia,990545156,HELLOFAT 60CPS,1,0.33,0,0,
Farmastelia,990545182,ORALB ESSENTIAL FILO CER 50M,1,0.33,1,80,12
Farmastelia,990565614,"VISMED COLLIRIO 20F 0,3ML",1,0.33,0,9,2
Farmastelia,990569105,ANSIPLUS GOCCE 50ML,1,0.33,0,243,7
Farmastelia,990635005,TIREOMAB I 500ML,1,0.33,0,2,1
Farmastelia,990635551,REMECAP 30CPR RIVESTITE,1,0.33,0,16,6
Farmastelia,990638696,OMIA BIOTECH DET VISO IDRAT,1,0.33,0,3,2
Farmastelia,990648166,IRYLAC LACRIMA ARTIFICIALE10ML,1,0.33,0,82,4
Farmastelia,990654853,DELTHA MANNOSIO 14BUST,1,0.33,0,88,5
Farmastelia,990685683,ANNURKAP ADVANCED 90CPS,1,0.33,0,234,1
Farmastelia,990808444,AMINOGAM 6 GEL,1,0.33,0,20,1
Farmastelia,990849958,DEFLOCEN 20CPR GASTROPROTETTE,1,0.33,0,62,4
Farmastelia,990849960,BRONCHINAC 14BUST,1,0.33,0,19,1
Farmastelia,990860494,FIBROPEA 20BUST,1,0.33,0,40,4
Farmastelia,990889065,ACTIVE UNIFY COLOR SPF50+ 50ML,1,0.33,0,32,3
MPF,000367058,TISANA KELEMATA*OS POLV 80G,1,0.33,3,300,1
MPF,002955060,XAMAMINA MAL DI VIAG*6CPS 50MG,1,0.33,28,987,9
MPF,002955108,XAMAMINA MAL DI VIAG*BB 6CPS,1,0.33,1,599,4
MPF,003452012,VALONTAN*AD 4CPR RIV 100MG,1,0.33,0,77,1
MPF,004763153,ASPIRINA*OS GRAT 10BUST400+240,1,0.33,0,118,8
MPF,004853026,VALERIANA DISPERT*60CPR 45MG,1,0.33,8,120,2
MPF,004853053,VALERIANA DISPERT*20CPR 125MG,1,0.33,7,150,1
MPF,004901219,NEOBOROCILLINA ANT OR*16PAS AR,1,0.33,10,4,1
MPF,007312010,OTOMIDONE*GTT OTO 10ML,1,0.33,26,123,1
MPF,009115039,FITOSTIMOLINE*10GARZE 15%,1,0.33,12,1086,1
MPF,009115041,FITOSTIMOLINE*6 OV 600MG,1,0.33,3,286,5
MPF,013046077,ENTEROGERMINA*OS 10FL 4MLD 5ML,1,0.33,271,3968,
MPF,013868043,PROCTOSEDYL*6SUPPOSTE,1,0.33,0,192,9
MPF,015598067,RINAADVANCE*SPRAY 10ML 1MG/ML,1,0.33,26,150,2
MPF,016222073,CENTELLASE*30CPR 30MG,1,0.33,22,294,8
MPF,018610067,CARNITENE*10CPR MAST 1G,1,0.33,0,40,2
MPF,020157018,CERULISINA*GTT OTO FL 20ML,1,0.33,8,322,8
MPF,020213144,BENEXOL*20CPR GASTR FL,1,0.33,2,740,10
MPF,020702054,MAALOX*40CPR MAST 400MG+400MG,1,0.33,8,490,8
MPF,020702270,"MAALOX PLUS*OS SOSP 4+3,5+0,5%",1,0.33,5,213,4
MPF,021335043,VENOLEN*CREMA 40G 2%,1,0.33,0,88,2
MPF,021993050,RINOFLUIMUCIL*SPRAY NAS 10ML,1,0.33,30,374,4
MPF,022816122,SOMATOLINE*GEL 30BUST 10G,1,0.33,5,24,10
MPF,023177090,NAPROSYN*OS 30BUST 250MG,1,0.33,0,74,1
MPF,023358068,GEFFER*OS GRAT EFF 24BUST 5G,1,0.33,26,2042,
MPF,023475080,ACETAMOL*BB 10SUPP 250MG,1,0.33,6,23,1
MPF,023703010,MECLON*10 OVULI VAG 100+500MG,1,0.33,6,792,
MPF,023703046,MECLON*CREMA VAG 30G 20%+4%+6A,1,0.33,15,583,
MPF,023907037,BETADINE*10CPR VAG 200MG,1,0.33,0,59,
MPF,023907177,BETADINE*SOLUZ CUT FL 50ML 10%,1,0.33,0,150,9
MPF,024352205,"GAVISCON*24CPR FRAG250+133,5MG",1,0.33,0,224,9
MPF,024428195,MUCOSOLVAN*20PASTL 15MG,1,0.33,12,101,2
MPF,024552046,ARVENUM*60CPR RIV 500MG,1,0.33,3,110,9
MPF,024625016,MICONAL*CREMA DERM 30G 2%,1,0.33,0,134,4
MPF,024964037,NIZORAL*CREMA DERM 30G 2%,1,0.33,0,354,7
MPF,025055029,TROSYD GINECOL*CR VAG 78G 1%,1,0.33,0,139,9
MPF,025218102,MICLAST*SOL CUT FL 30ML 10MG/G,1,0.33,0,194,4
MPF,025319043,NEOOPTALIDON*8CPR RIV,1,0.33,0,208,9
MPF,025647013,TROSYD*CREMA DERM 30G 1%,1,0.33,20,640,6
MPF,025647037,TROSYD*POLV CUT 30G 1%,1,0.33,4,208,2
MPF,025647049,TROSYD*EMULS CUT 30G 1%,1,0.33,0,159,7
MPF,025669072,MOMENT*24CPR RIV 200MG,1,0.33,14,309,4
MPF,025829223,MOMENDOL*12CPS MOLLI 220MG,1,0.33,48,364,5
MPF,025982202,FALVIN*2CPS VAG MOLLI 1000MG,1,0.33,0,120,2
MPF,027077027,NTR*SPRAY NASALE 15ML,1,0.33,0,59,
MPF,027668019,LATTULOSIO SAND*SCIR 180ML,1,0.33,17,150,9
MPF,028122063,"ONILAQARE*SMALTO UNGHIE 2,5ML",1,0.33,0,218,9
MPF,028424012,FLEBOSTASIN R*30CPS 50MG RM,1,0.33,0,25,3
MPF,028480010,SUADIAN*CREMA TUBO 30G 1%,1,0.33,0,27,5
MPF,029032036,CODEX*10BUST 5MLD 250MG,1,0.33,8,314,1
MPF,029134018,PRIVITUSS*OS SOSP FL 200ML,1,0.33,15,184,3
MPF,029305012,YOVIS*OS GRAT 10BUST 1G,1,0.33,0,754,10
MPF,029454042,BUSCOPAN COMPOSITUM*20CPR RIV,1,0.33,19,673,
MPF,029565013,"LAEVOLAC*SCIR 180ML 66,7%",1,0.33,7,100,7
MPF,030330029,SODIO FOSFATO MV*SOLUZ RET 4FL,1,0.33,0,0,
MPF,031066020,ICTAMMOLO NEW F*10% UNG 1000G,1,0.33,0,24,
MPF,031103029,ZOLFO E POT CARB NEW F*UNG 1KG,1,0.33,0,55,1
MPF,032036028,"BROXODIN*COLLUT 250ML 0,2%",1,0.33,0,17,6
MPF,032056020,"EUCLORINA*POLV SOL 10BUST 2,5G",1,0.33,9,753,5
MPF,033222023,"ACULAR*COLL FL 5ML 0,5%",1,0.33,0,115,1
MPF,033656442,ENANTYUM*20CPR RIV 25MG,1,0.33,36,127,8
MPF,034220032,CRYSTACIDE*CREMA 25G 1%,1,0.33,0,151,
MPF,034283869,NIQUITIN*7CER TRANSD 21MG/24H,1,0.33,0,133,6
MPF,034343018,BACTOCIN*6CPS VAG MOLLI 3G,1,0.33,0,13,2
MPF,034447045,"CELLUVISC*COLL 30F 0,4ML5MG/ML",1,0.33,0,175,2
MPF,034548141,VOLTAREN EMULGEL*GEL 60G 2%,1,0.33,22,925,10
MPF,034740035,NEOBOROCIL FLUID TOS*SCIR200ML,1,0.33,23,80,1
MPF,034936171,FLUIMUCIL MUCOL*10CPR EFF600MG,1,0.33,9,503,7
MPF,035400023,ACTIGRIP GIORNO&NOTTE*12+4CPR,1,0.33,166,800,4
MPF,035450028,DICLOREUM ACTIGEL*GEL 100G 1%,1,0.33,0,0,
MPF,035598022,ECOCILLIN*6CPS VAG MOLLI,1,0.33,0,29,
MPF,035760040,NEOBORO GOLADO*16PST MENTA S/Z,1,0.33,31,268,6
MPF,036397014,REPARIL*GEL 40G 1%+5%,1,0.33,20,397,5
MPF,036720023,"ROSICED*CREMA 30G 0,75%",1,0.33,0,150,2
MPF,037028026,EDEVEN CM*GEL TUBO 40G 2%+5%,1,0.33,0,17,2
MPF,037184013,DICLOREUM UNIDIE*5CER 136MG24H,1,0.33,0,150,10
MPF,037291010,CAREXIDIL*SOLUZ CUT 60ML 5%,1,0.33,0,206,
MPF,037291046,CAREXIDIL*SOLUZ CUT 60ML 2%,1,0.33,0,113,5
MPF,037291097,CAREXIDIL*3FL SOLUZ CUT 60ML2%,1,0.33,0,28,7
MPF,038140012,MYLICONGAS*50CPR MAST 40MG,1,0.33,14,1143,
MPF,038370019,BREXIDOL UNIDIE*4CER MED 14MG,1,0.33,4,112,10
MPF,039064011,RINAZINA DOPPIA AZ*10ML5MG+6MG,1,0.33,7,182,
MPF,039436023,"EUSTAMYL*COLL 25FL 0,5ML 0,05%",1,0.33,0,36,1
MPF,040657013,FASTUM ANTIDOLORIFICO*1% 50G,1,0.33,12,387,1
MPF,041239195,ZERINOL GOLA LIMO*18PAST 20MG,1,0.33,3,1,
MPF,041512029,LISOMUCIL GOLA*OS SPRAY 15ML,1,0.33,0,87,7
MPF,041734017,VEGETALLUMINA ANTID*GEL 50G10%,1,0.33,0,198,8
MPF,042187017,ALOVEXLABIALE*MAT CUT 3G 5%,1,0.33,0,169,7
MPF,042858011,BETADINE*SOLUZ CUT 125ML 10%,1,0.33,6,0,1
MPF,044140010,BETADINE*SOLUZ CUT 125ML 10%,1,0.33,0,779,
MPF,044460018,LAILA*14CPS MOLLI,1,0.33,20,182,
MPF,044608065,FLECTORGO*20CPS MOLLI 25MG,1,0.33,16,367,1
MPF,045949029,CAMILIA*OS SOLUZ 30FL 1ML,1,0.33,0,124,8
MPF,045952013,FASTUFLEX*5CER MEDIC 180MG,1,0.33,0,105,9
MPF,046058018,EVANTE*1CPR RIV 30MG,1,0.33,0,70,7
MPF,046080026,ENTEROGERMINA*OS 10FL 2MLD/5ML,1,0.33,29,0,1
MPF,046254013,GELSEMIUM COMPLEXE L70*1FL30ML,1,0.33,0,1,
MPF,046545012,VICKS FLU GIORNO NOTTE*12+4CPR,1,0.33,0,129,10
MPF,046829014,COLLAGENE*SP 20F 2ML,1,0.33,0,2,
MPF,047656347,NUX VOMICA DYN*30CH GR,1,0.33,6,0,
MPF,047812045,DAFLON*30CPR RIV 500MG,1,0.33,16,0,1
MPF,048813012,FEXALLEGRA*10CPR RIV 120MG,1,0.33,15,0,
MPF,049174016,TRAVELGUM*10GOMME MAST 20MG,1,0.33,0,637,
MPF,049406046,"VISIOFEN*COLL 30FL 0,25MG/ML",1,0.33,0,21,3
MPF,049985017,CANDAZOL*CREMA VAG 30G 2%,1,0.33,0,80,
MPF,050375245,ACONITUM NAPELLUS DYN*30CH GR,1,0.33,5,15,2
MPF,050574033,DICLOFENAC EG*GEL 60G 20MG/G,1,0.33,0,310,4
MPF,051378014,MUSCORIL DOLORE*GEL 60G 20MG/G,1,0.33,0,606,8
MPF,800112361,CRATAEGUS OXYA 60ML TM,1,0.33,0,115,8
MPF,800112411,RIBES NIGRUM 60ML TM,1,0.33,0,62,
MPF,800162582,LYMDIARAL 20ML GTT PASCOE,1,0.33,0,34,8
MPF,800217857,ARNICA 30CH GR,1,0.33,6,5,3
MPF,800218075,THUYA OCCIDENT 30CH GR,1,0.33,3,4,1
MPF,800423562,"EUPHRASIA COLL STILLDO 10F 0,4",1,0.33,18,1,2
MPF,800588485,BIOACID COMPOSTO 60CPS,1,0.33,0,5,6
MPF,800597130,SILICEA COMP 20G GL WALA,1,0.33,0,10,7
MPF,800601837,CARTILAGO COMP 20G GL WALA,1,0.33,0,6,
MPF,801210954,DRE 5 50ML GTT,1,0.33,0,0,
MPF,801210966,DRE 6 50ML GTT,1,0.33,0,3,2
MPF,801379215,SINALIA 2TUBI GRAN 160G,1,0.33,0,130,14
MPF,881018752,CUPRUM MET MK GTT 20M 18%,1,0.33,0,12,1
MPF,881073670,FEE DETOX-A 15ML,1,0.33,0,6,8
MPF,881073959,FEE TIGLIO 15ML,1,0.33,0,14,5
MPF,900051588,SANOCLIN ATTIVO SHDOCCIA 500ML,1,0.33,1,0,
MPF,900095427,AR POMATA 100ML,1,0.33,0,14,
MPF,900095528,BENEX POMATA 100ML,1,0.33,0,36,6
MPF,900095581,ALOE POMATA ECZEMI 100ML,1,0.33,0,11,
MPF,900095631,BALSAMO TAILANDESE 50ML,1,0.33,0,8,
MPF,900125269,SANTES OVULI VAGINALI 14PZ,1,0.33,0,1342,12
MPF,900146073,EVASEN DISCH RAGADI SENO 60PZ,1,0.33,0,8,
MPF,900176227,LONGLIFE AMINO COMPLEX 60TAV,1,0.33,0,86,2
MPF,900179540,MEHAREES CREMA CORPO 300ML,1,0.33,0,26,10
MPF,900215536,SOURCE OF LIFE 90TAV,1,0.33,0,6,
MPF,900240235,MELANIDIN PLUS EUPIGMENT 50ML,1,0.33,0,268,7
MPF,900280037,BENPED DITA A MARTELLO SX GR 1,1,0.33,0,7,
MPF,900282346,VENOPLANT CREMA GEL 100ML,1,0.33,0,132,
MPF,900283944,LIEVITO DI BIRRA 120CPR,1,0.33,0,101,10
MPF,900284353,EAU THERMALE 150ML,1,0.33,5,6,2
MPF,900291790,LIPIKAR SURGRAS PANE FISIOL,1,0.33,3,1,1
MPF,900351255,STRESS STOP GTT 30ML,1,0.33,3,801,2
MPF,900354376,FLEBORAL 300 5CPS,1,0.33,0,257,5
MPF,900411188,MOST CREMA LENITIVA 50ML,1,0.33,0,26,2
MPF,900427636,KIRON ARGEA ARGILLA 250ML,1,0.33,0,211,6
MPF,900438045,RESTOMYL GEL CANI GATTI 30ML,1,0.33,0,230,10
MPF,900498460,CHITOSOL LATTE SOL SPF50 125ML,1,0.33,0,125,4
MPF,900498813,CLOREXYDERM SOL 4% SCHIUMA,1,0.33,0,103,5
MPF,900498837,CLOREXYDERM SOL 4% 1000ML,1,0.33,0,60,7
MPF,900506787,B-VITAL TOTALE ARA 20CPR EFFER,1,0.33,0,265,9
MPF,900520091,FORBICI RETTA PUNTA TONDA 14CM,1,0.33,0,15,
MPF,900520596,BILANCIA PESA-ALIMENTI DIGIT,1,0.33,0,5,
MPF,900538822,BARDANA 50ML TM,1,0.33,0,0,
MPF,900589666,NEO CRILOIDIN SHAMPOO DOLCE,1,0.33,0,80,3
MPF,900647241,BROMIPOD SPR RINF 100ML,1,0.33,0,114,4
MPF,900690090,OLIO DI GERME DI GRANO 200PRL,1,0.33,0,23,
MPF,900718608,BIOMINERAL UNGHIE 30CPS,1,0.33,0,404,10
MPF,900748462,GEHWOL CREMA FUSSKREM 75ML,1,0.33,0,68,8
MPF,900751963,AMIDO FRESH BAGNO DOCCIA SH,1,0.33,0,12,5
MPF,900759705,TRICONICON PHARCOS 30CPR,1,0.33,0,163,8
MPF,900761711,REV KERATIN SHAMPOO 250ML,1,0.33,0,94,7
MPF,900762079,REV DERMOSCHIUMA 125ML,1,0.33,0,108,7
MPF,900764325,GEHWOL PEDILUVIO POLVERE 400G,1,0.33,0,180,7
MPF,900889991,LADYGLORIA 12 GAMB 70 SAHARA 1,1,0.33,0,2,5
MPF,900959317,PLAKKONTROL 15 SECONDI 250ML,1,0.33,0,100,3
MPF,900975121,VITAMINA A 10000 IDRO,1,0.33,0,42,2
MPF,901062620,ESI PROPOLAID CAPSULE FT 30NCP,1,0.33,25,29,3
MPF,901062758,LADYGLORIA 12 AREG 70 SAHARA 3,1,0.33,0,10,2
MPF,901157495,TIMOGLICAN SHAMPOO TRATT RIVIT,1,0.33,1,124,1
MPF,901178879,CALLIFUGO CICCARELLI +PENNELLO,1,0.33,8,996,9
MPF,901218343,CLOREXYDERM SHAMPOO FORTE200ML,1,0.33,0,60,6
MPF,901229068,COMFEEL PURILON GEL 25G,1,0.33,0,33,
MPF,901239552,DENTOSAN COLLUT TRATT INT200ML,1,0.33,0,289,7
MPF,901292146,MIRTILLO BACCHE 60CPS,1,0.33,0,84,8
MPF,901312429,GIBAUD POLS RIGH BEI 6CM 3,1,0.33,5,0,2
MPF,901335404,MAN SUPPORT 18 GAMB 18 NE 2,1,0.33,0,5,
MPF,901359582,GIBAUD GINOCCH BIEST FELP CAM5,1,0.33,1,7,1
MPF,901359618,GIBAUD ORTHO CINT TOR REG 3B 1,1,0.33,1,7,1
MPF,901430672,MAN SUPPORT 15COT GAMB 15 NE 5,1,0.33,0,28,1
MPF,901433159,GIBAUD ORTHO CINT LOMBAR STEC5,1,0.33,2,6,1
MPF,901539294,DEODORANTE AQUASALVIA 100ML,1,0.33,0,2,4
MPF,901543684,INTRASITE GEL 15G 5PZ,1,0.33,0,14,7
MPF,901558876,ARGILTUBO 250ML,1,0.33,0,114,7
MPF,901570616,PLAKKONTROL 15 COLLUT SPR 50ML,1,0.33,0,80,7
MPF,901773580,STOMODINE GEL GENG CANI 30ML,1,0.33,0,2747,4
MPF,901811846,ORIONE 9333 REGGIBRACCIO COT M,1,0.33,0,4,
MPF,901826976,CITRAK FORTE 30BUST,1,0.33,0,473,3
MPF,901851030,VEA SPRAY 50 ECOL 50ML,1,0.33,0,346,8
MPF,902015888,MELLIN PAPPA COMPL POLLO2X250G,1,0.33,0,77,5
MPF,902020116,SACCA UR LETTO 2L 90CM 30PZ,1,0.33,0,53,
MPF,902068586,GIBAUD ORTHO COLL CERV MORB B1,1,0.33,4,21,
MPF,902068701,EUBOS CREMA NORMALIZZANTE 50ML,1,0.33,0,575,5
MPF,902078791,CICATRIDINA OV VAG 10PZ,1,0.33,1,2550,7
MPF,902170149,SCHAR MIX B PREP PANE 1KG+20G,1,0.33,0,222,7
MPF,902243474,SCUDOVARIS GAMB TROM M 4,1,0.33,0,9,1
MPF,902244680,CONVEEN SEC+ SACCA500 50CM 8PZ,1,0.33,0,4,
MPF,902262500,TONIMER LAB SOFT SPRAY 125ML,1,0.33,0,224,2
MPF,902263262,EOS INTIMO LUBRIGEL 50ML,1,0.33,0,121,5
MPF,902270697,NORMON K CR BARR MANI 75ML,1,0.33,0,19,5
MPF,902297973,AGLIO COMPLEX 60CPS,1,0.33,0,33,
MPF,902299155,DUALSAN GAMB TERAP K1 PA BEI 3,1,0.33,3,15,
MPF,902299940,VARIEZE 60CPR,1,0.33,0,13,
MPF,902305453,PIC SPORT TAPPO AURIC SIL BB2P,1,0.33,6,126,3
MPF,902309095,SFIGMOMANOMETRO ANER C/FONE 1P,1,0.33,4,0,
MPF,902445651,HOLLI ADATTATORE SAC URO 10PZ,1,0.33,0,6,2
MPF,902468267,SPEEDICATH D CH14 30PZ 28514,1,0.33,0,10,
MPF,902508528,COLESMAP 60CPR,1,0.33,0,43,3
MPF,902508530,DETOXIMAP 60CPR,1,0.33,0,30,6
MPF,902578715,ARTIGLIO FORTE POMATA 100ML,1,0.33,0,1295,8
MPF,902603442,EVITA UNGUENTO 30ML,1,0.33,0,207,8
MPF,902652763,TRIOCARBONE PLUS 40CPR,1,0.33,0,675,12
MPF,902877036,SOLETTA MORBIDA SIL5406 L OPPO,1,0.33,0,7,
MPF,902880083,NUTRA C 1000 60CPR,1,0.33,0,24,4
MPF,902887140,CLIMASOL LIQUIDO 50ML,1,0.33,0,11,4
MPF,902944483,FITTYDENT PLUS PASTA ADESIVA,1,0.33,0,211,6
MPF,902965464,SAUGELLA LAVANDA VAG 140ML,1,0.33,0,78,11
MPF,902965591,SAUGELLA LAVANDA VAG 140ML 4FL,1,0.33,0,338,5
MPF,902988765,SARODERM SHAMPOO DELICATO,1,0.33,0,188,6
MPF,902996584,NEUROTON IRIS PX15 10F 2ML,1,0.33,0,3,
MPF,903052138,OLIGOLITO OSTEUM 20F 2ML,1,0.33,0,16,9
MPF,903069514,LONGLIFE KELP ALGA BRUNA180CPR,1,0.33,0,58,5
MPF,903118216,REUMILASE SD 20CPR,1,0.33,0,291,8
MPF,903144677,SCHOLL EXPERT S SEPARADITA PIE,1,0.33,0,266,10
MPF,903152229,SANAGOL TUSSIS ARANCIA 24CAR,1,0.33,0,143,9
MPF,903187449,ESTROMINERAL 40CPR,1,0.33,0,465,7
MPF,903204131,EUPHIDRA SKIN REVEIL CR RID RI,1,0.33,0,27,7
MPF,903289041,EPISTAS UNGUENTO NASALE 30G,1,0.33,4,205,1
MPF,903340863,BAYGON SCARAFAGGI/FORMICHE PLU,1,0.33,0,25,7
MPF,903393686,SALTRATI SALI TONIFICANTI 400G,1,0.33,12,100,
MPF,903459042,NEOMAG 240ML,1,0.33,0,83,5
MPF,903461743,LEVISAL CREMA 75ML,1,0.33,0,107,5
MPF,903519357,SILVER WAVE LONG NE S,1,0.33,0,5,
MPF,903527176,BARKRIM CREMA BARRIERA 75ML,1,0.33,0,15,
MPF,903530715,CALENDULA POMATA 75ML,1,0.33,0,21,5
MPF,903541237,PROTHER 30BUST 10G,1,0.33,0,103,
MPF,903570517,SERENITY PANN SD SUPER L 30PZ,1,0.33,0,28,
MPF,903647598,ONE DROP ONLY COLLUTORIO CONC,1,0.33,0,100,5
MPF,903693253,SOS PELLE L'OFFICINALE 25ML,1,0.33,0,133,
MPF,903701720,DERMABLEND FLUIDO 15 30ML,1,0.33,0,82,12
MPF,903701769,DERMABLEND FLUIDO 45 30ML,1,0.33,0,122,9
MPF,903704221,FARMACTIVE ALGINATO 10X10CM 10,1,0.33,0,12,
MPF,903761296,AFLOXIDERM LOZIONE 100ML,1,0.33,0,115,5
MPF,903761308,OXIVEN LOZIONE 100ML,1,0.33,0,7,3
MPF,903887230,MAGNESIO MARINO 30BUST,1,0.33,0,529,6
MPF,903923769,CER FIXOMULL TRANSPARENT10X200,1,0.33,1,245,
MPF,903930877,EUBOS SENSITIVE CREMA MANI75ML,1,0.33,0,99,7
MPF,903938710,ILADERM CREMA VISO VITAMINA C,1,0.33,0,111,
MPF,903939433,LITHOS 100CPR,1,0.33,0,317,7
MPF,903966113,CHERAMED EMOL UN/PIEDE 15ML,1,0.33,0,70,
MPF,903973295,"PSICOPHYT REMEDY 25B 4TUB 1,2G",1,0.33,0,5,
MPF,903976759,SANODET SOLEIL LATTE SOLARE,1,0.33,0,21,5
MPF,903987459,VEA DETERGENTE PROT/LENIT 250M,1,0.33,0,533,6
MPF,903997524,NIKE RCK ASCORB K+RIB 100BUST,1,0.33,0,305,11
MPF,904008137,GAMMA CALENDULA CREMA 75ML,1,0.33,0,10,4
MPF,904020981,DELTACRIN CAPSULE PHARCOS60CPS,1,0.33,0,138,
MPF,904057243,DENTALMAX GEL STOMATOLOGICO 50,1,0.33,0,23,6
MPF,904090293,GENITAL DETERGENTE 200ML,1,0.33,0,157,5
MPF,904092222,ORIONE OK PED G100 SEPAR ALL L,1,0.33,0,5,3
MPF,904103304,ALFACTIV 30CPR,1,0.33,0,66,7
MPF,904180623,DAUMFIX GUANTINO PROT S,1,0.33,0,4,1
MPF,904186855,SAUBER COL 140 MICR MAR B 5,1,0.33,0,3,
MPF,904213877,FIMOSIN GEL 30ML,1,0.33,1,295,4
MPF,904242878,ORTOLUX AIR L 1PZ,1,0.33,10,102,1
MPF,904303738,MAGIC PEELING GOLD GUANTO,1,0.33,0,100,
MPF,904317916,VISERGON 16BUST,1,0.33,0,145,2
MPF,904326562,SOMATIX 30CPS,1,0.33,0,126,7
MPF,904361211,BIOTTA SUCCO MIRTILLO RO 500ML,1,0.33,0,32,6
MPF,904365830,GIOIL SHAMPOO 200ML,1,0.33,0,39,1
MPF,904428481,SEDACOL 30CPS,1,0.33,0,160,6
MPF,904546544,VEA ORIS SPR 20ML,1,0.33,1,622,
MPF,904560428,QUILENE GEL 50ML,1,0.33,0,2,
MPF,904567878,DIOSCOREA VILLOSA 60CPS,1,0.33,0,0,
MPF,904643158,"IDRO YAL 0,2% SOL OFT 15ML",1,0.33,0,320,3
MPF,904682984,GEHWOL BALS RISCALDANTE 75ML,1,0.33,0,10,
MPF,904689700,RIGENAMED PLUS RIGEN/RISTR15ML,1,0.33,0,3,
MPF,904718398,REHA 24 AREG MLU,1,0.33,0,5,
MPF,904793609,PHYTOYAM 60CPS,1,0.33,0,15,5
MPF,904816333,VICUTIX SCAR GEL 20G,1,0.33,0,43,8
MPF,904976089,GIBAUD ORTHO REGGIBRACCIO BI 0,1,0.33,0,17,
MPF,904976139,GIBAUD ORTHO REGGIBRACCIO BI 2,1,0.33,0,11,
MPF,904976141,BIODERM PASTA BARRIERA ZN500ML,1,0.33,0,118,
MPF,905029120,EUTROSIS ORO GEL ORALE 20ML,1,0.33,0,50,
MPF,905042192,PROVITA INTEGRATORE 50CPS,1,0.33,0,19,
MPF,905066825,MYDET DOCCIASCHIUMA 200ML,1,0.33,0,198,5
MPF,905075863,EUXEED 10FL 25ML,1,0.33,1,367,6
MPF,905076877,CITROGEN LIMONE 20BUST,1,0.33,0,0,
MPF,905127864,VITGASE DETERGENTE 200ML,1,0.33,0,484,7
MPF,905163679,OZIDERM POLVERE 75G,1,0.33,0,1057,
MPF,905169722,ULTRA TAN 30CPS,1,0.33,0,94,1
MPF,905283166,NATUROLI OLIO BORRAGINE 70SOFT,1,0.33,0,38,8
MPF,905318895,PLAKKONTROL 30GG COLLUTORIO,1,0.33,3,51,1
MPF,905345334,DIFESAN 7CPR VAGINALI,1,0.33,0,58,7
MPF,905508697,GIBAUD ORTHO REGGIBRACCIO NE 0,1,0.33,1,7,
MPF,905516720,AVEC EMULSIONE FLUIDA LEN200ML,1,0.33,0,258,8
MPF,905562411,SKINSAN LAVANDA VAG 4FL 140ML,1,0.33,0,7,
MPF,905598429,ESI NO DOL 5 CEROTTI,1,0.33,0,141,11
MPF,905683330,SUPRAVIT OVER 50 60CPR,1,0.33,0,6,3
MPF,905683722,OLIGO 3 MAGNESIO 3F 100CPR,1,0.33,0,7,
MPF,905717245,EUBOS UREA 5% DETERGENTE 200ML,1,0.33,0,5,7
MPF,905849865,GIBAUD ORTHO GENUGIB TUTORE,1,0.33,0,5,
MPF,905943508,BIOCLYM UNO 30CPS 550MG,1,0.33,0,41,
MPF,905954982,RESTIVOIL SEBO NORM 250ML,1,0.33,0,464,11
MPF,905987614,FITOESTRIL 30CPR,1,0.33,0,102,8
MPF,906015235,LADYGLORIA 24 GAMB 240 DAI 3,1,0.33,0,9,1
MPF,906154810,EUPHIDRA AMIDO HOFMANN 300G,1,0.33,4,421,8
MPF,906244431,MEDI ANTITROMBO H914 AG L,1,0.33,6,15,
MPF,906355425,UVA URSINA ESTRATTO T 30ML,1,0.33,0,10,
MPF,906367887,SENSIBIO FORTE CREMA 40ML,1,0.33,0,80,
MPF,906468931,CUSCINO ANTIDEC FIBRA CAVA SIL,1,0.33,0,34,
MPF,906531823,TEA TREE BAGNO DOCCIA 250ML,1,0.33,0,15,5
MPF,906555507,VATAMAP 60CPR,1,0.33,0,80,7
MPF,906561966,EDERA OLIO MASSAGGIO 250ML,1,0.33,0,23,
MPF,906569862,DENTALPET DENTIFRICIO 50ML,1,0.33,0,60,7
MPF,906579952,M-AID TENDIFORTE BENDA EL 6X7,1,0.33,0,16,
MPF,906588658,BIOKCIT 30BUST,1,0.33,0,91,4
MPF,906595715,TAHIN SUNITA 340G BIO,1,0.33,0,13,4
MPF,906630165,QUASSIA DELTA SOL IAL 50ML,1,0.33,0,20,3
MPF,906702067,HYDRAL MASCHERA DERMOPUR 50ML,1,0.33,0,21,
MPF,906791660,SERANS DISTENSIVO 20CPR,1,0.33,0,153,5
MPF,906808124,BALSAMO TIGRE ROSSO 30ML,1,0.33,0,43,
MPF,906835590,ATEROFOLIN 60CPR,1,0.33,0,10,
MPF,906935162,MALVA TISANA 20BUST,1,0.33,0,174,7
MPF,906953575,GEHWOL BALS PIEDI P/SEC 75ML,1,0.33,4,24,5
MPF,906954110,FILTRO ANTIBATT ASPIRSET/ASKIR,1,0.33,0,24,
MPF,906989138,FOLINGRAV 60CPR,1,0.33,0,121,6
MPF,906995776,INTAKE 10FL 10ML,1,0.33,0,175,10
MPF,907000246,PRUGNE SECCHE DI AGEN 500G,1,0.33,0,0,
MPF,907025720,NEUTROGENA MANI CR MANI S/PROF,1,0.33,148,189,
MPF,907043525,TUBES COLON 24CPS,1,0.33,0,107,7
MPF,907058895,EPATOSAN 60CPR,1,0.33,0,122,4
MPF,907084988,IT-IS 80CPR,1,0.33,0,32,
MPF,907116659,KPHOS 30BUST,1,0.33,0,182,6
MPF,907123350,SANODET DETERGENTE DERMAT,1,0.33,0,16,
MPF,907139935,SOWASH IDROGETTO IGIENE ORALE,1,0.33,0,72,6
MPF,907152779,GLOBALFE 30CPS MOLLI,1,0.33,0,212,5
MPF,907280352,ALLEVYN NON ADHESIVE 10X10CM 3,1,0.33,0,36,4
MPF,907315790,SANODET INTIMO DET GINECOLOG,1,0.33,0,19,
MPF,908012659,CARMELITANI SCALZI AC MEL 50ML,1,0.33,0,73,2
MPF,908043250,AMUCHINA 100% 500ML,1,0.33,2,351,
MPF,908044112,ANFO 3 200ML,1,0.33,0,162,9
MPF,908169333,ELEUTEROCOCCO 20STICK 10ML,1,0.33,0,24,8
MPF,908174105,CALMOR TAPPO ANTIS 12PZ 22038,1,0.33,1,429,
MPF,908174117,CALMOR TAPPO ANTIS 20PZ 22043,1,0.33,20,448,4
MPF,908178054,CANDINET SOLIDO 100G,1,0.33,1,0,2
MPF,908188939,GIBAUD CAVIGL INCROC TAGLIA 10,1,0.33,1,10,7
MPF,908188978,GIBAUD CAVIGL CALZINO CAMEL 3,1,0.33,1,124,1
MPF,908220229,GIBAUD CINT NORM 27CM C,1,0.33,1,10,6
MPF,908220243,GIBAUD CINT NORM 32CM K,1,0.33,0,6,5
MPF,908220294,GIBAUD CINT LEG 24CM AE,1,0.33,0,13,3
MPF,908223997,LONGLIFE C 500 TR 60TAV RIVEST,1,0.33,0,79,4
MPF,908224266,LONGLIFE LIPOTROPIC 60TAV RIV,1,0.33,0,11,4
MPF,908232527,DUODERM CGF 10X10 5PZ 9185,1,0.33,0,899,6
MPF,908371267,SPACCAPIETRA 160CPR,1,0.33,0,0,
MPF,908390812,ARGILLA VE SUPERVENTILATA 500G,1,0.33,0,9,10
MPF,908395027,ENERGEN 9 PLUS 10FL 10ML,1,0.33,0,105,6
MPF,908426568,FILMOGEN SAME CREMA 50G,1,0.33,0,106,2
MPF,908459062,GIBAUD ORTHO CINT LOMBAR STEC1,1,0.33,1,12,
MPF,908459074,GIBAUD ORTHO CINT LOMBAR STEC2,1,0.33,1,17,1
MPF,908464466,KERODEX CREMA IDROREP FORTE,1,0.33,0,6,2
MPF,908478074,GIBAUD POLS RIGH BEI 6CM 2,1,0.33,0,7,8
MPF,908478682,GIBAUD ORTHO CINT TOR REG 4B 2,1,0.33,1,10,1
MPF,908480849,GIBAUD GINOCCH TUBOL 2,1,0.33,2,10,5
MPF,908480902,GIBAUD GINOCCH BIEST FELP CAM4,1,0.33,2,1,2
MPF,908480953,GIBAUD BRACCIALE CAMEL,1,0.33,0,34,2
MPF,908492794,GIBAUD ORTHO BRACC ANTIEPIC 5,1,0.33,2,18,
MPF,908494432,GIBAUD CAVIGL CALZINO SOT COT1,1,0.33,1,7,4
MPF,908571906,TERPROLINE BODY 250ML,1,0.33,0,21,9
MPF,908574635,KERATOPLASTICA LABIALE 10G,1,0.33,0,131,5
MPF,908575107,KERODEX CREMA IDROREPELLENTE,1,0.33,0,12,1
MPF,908575855,KETOSTIX CHETONURIA 50STR,1,0.33,0,375,3
MPF,908620800,GEHWOL AMMORBIDENTE UNGHIE,1,0.33,2,256,
MPF,908620949,DUALSAN PELOTA ERNIA DX,1,0.33,1,17,1
MPF,908689540,M-AID ROLLFLEX CER 5X5,1,0.33,0,111,6
MPF,908740739,NOKSAN PARACALLI 9PZ,1,0.33,0,184,8
MPF,908792409,M-AID ROLLTEX SKIN CER 5X5,1,0.33,0,78,10
MPF,908819295,OSMIN CAP CREMA CROSTA LATTEA,1,0.33,0,183,5
MPF,908845100,BIANCARDI POMATA NORMALE 40ML,1,0.33,0,35,8
MPF,908862244,CRYOS SPRAY GHIACCIO SINT400ML,1,0.33,0,100,
MPF,908922370,SEDILE VASCA BAGNO,1,0.33,0,4,3
MPF,908924350,PERA CANNULA 8 275ML,1,0.33,0,38,
MPF,908960558,SAUGELLA SOLIDO ZOLFO 100G,1,0.33,3,144,6
MPF,908971740,SELAN SAP ZOLFO 100G,1,0.33,0,27,3
MPF,909029023,REBIOGER DETERGENTE 150ML,1,0.33,0,151,5
MPF,909061297,ORTOPAD CER REGULAR 20PZ,1,0.33,0,96,
MPF,909113122,M-AID ROLLFLEX CER 2X10 1PZ,1,0.33,0,158,8
MPF,909137414,RILASTIL INTEN CR NTT 50ML,1,0.33,0,132,3
MPF,909210167,CATETERE ESTERNO 25MM 30PZ,1,0.33,0,108,
MPF,909253193,CIAMBELLA GOMMA RO 45,1,0.33,0,53,2
MPF,909271025,VITAMINICO LIQUIDO 20ML,1,0.33,0,20,6
MPF,909317479,APTODIN PLUS RETARD 30CPR,1,0.33,0,976,8
MPF,909347054,REMOVER PASTA 50G,1,0.33,0,354,
MPF,909462311,RECKEWEG R18 GOCCE 22ML,1,0.33,0,47,3
MPF,909462400,RECKEWEG R27 GOCCE 22ML,1,0.33,0,12,6
MPF,909462754,RECKEWEG R64 GOCCE 22ML,1,0.33,0,29,7
MPF,909468112,AESCULUS COMP 30ML GTT HEEL,1,0.33,0,19,3
MPF,909468237,CHELIDONIUM HOMAC 30ML GTTHEEL,1,0.33,0,15,5
MPF,909469138,"ENGYSTOL N 10Fl.1,1ml",1,0.33,0,8,4
MPF,909475321,CIDERMA UNGUENTO 30G,1,0.33,0,24,9
MPF,909492528,GIBAUD ORTHO COLL CERV MORB M1,1,0.33,2,20,6
MPF,909494383,MAN SUPPORT 15COT GAMB15 ANTR5,1,0.33,0,5,
MPF,909728711,MAN SUPPORT 18 GAMB 18 ANTR 2,1,0.33,0,4,
MPF,909748675,PSYLLOGEL FIBRA FRAGOLA 20BUST,1,0.33,8,911,6
MPF,909749412,ESI PROPOLAID ESTRATTO ANALC,1,0.33,11,68,5
MPF,909755112,DUODERM IDROGEL C/APPL 10PZ,1,0.33,0,26,4
MPF,909773234,HOMEOBRITE DENTIF CLOROFILLA,1,0.33,0,67,7
MPF,909790281,NORMALINE 60CPR,1,0.33,0,407,4
MPF,909812481,DENTIFRICIO ALLA SALVIA 75G,1,0.33,0,133,9
MPF,909812669,DENTIFRICIO ALLA MENTA 75ML,1,0.33,0,175,
MPF,909838548,SKEMA SOLE EMULSIONE DOPO150ML,1,0.33,0,1,1
MPF,909869164,GUAM CREMA RASSODANTE 250ML,1,0.33,0,45,
MPF,909870065,GUAM BAGNO MARE NORD-EST 250ML,1,0.33,0,4,5
MPF,909916987,SALVAGESSO GAMBA 6PZ BUST,1,0.33,3,0,3
MPF,909923928,CONTENITORE UR 24H 50089,1,0.33,0,249,
MPF,910069564,COLLARE ELISABETTA CLASS 40CM,1,0.33,0,3,
MPF,910071505,MIRTILLO 60PRL,1,0.33,0,78,6
MPF,910143332,CAUSTIC PENCIL MATITA CAUTERIZ,1,0.33,0,18,
MPF,910544699,EQUISETO SUCCO 200ML,1,0.33,0,14,
MPF,910597501,CLOREXYDERM SH 4% 250ML,1,0.33,0,87,6
MPF,910633623,KERIUM SH ANTIFORF CAP GRASS,1,0.33,0,117,7
MPF,910828146,MISS RELAX 70 SHEER NERO 2 M,1,0.33,0,3,
MPF,910828235,MISS RELAX 70 SHEER CAMEL 2 M,1,0.33,0,9,
MPF,910852692,CLINNIX AKNE CREMA SEBOREG,1,0.33,0,13,4
MPF,910860865,MONODERMA E5 GEL 30VEGICAPS,1,0.33,0,2560,7
MPF,911007514,VETRAP FASCIA ELASTICA BL 10CM,1,0.33,0,11,
MPF,911033280,MEPILEX LITE MEDIC 10X10CM 5PZ,1,0.33,0,303,9
MPF,911157865,SAUBER COL 70 PREM MICR NBEI 5,1,0.33,0,5,
MPF,911169668,CAMOMILLA ROMANA 100ML TM,1,0.33,0,5,3
MPF,911173060,GALIUM 60ML TM,1,0.33,0,10,
MPF,911178059,SERENOA 100ML TM,1,0.33,0,4,
MPF,911190763,AESCULUS HIPPOCASTANUM 60ML MG,1,0.33,0,7,
MPF,912051657,RAPUNZEL BRODO VEG POLV 500G,1,0.33,0,37,
MPF,912111111,PHYSIOMANNA LAXDEPUR MANNITE,1,0.33,0,413,
MPF,912255662,HAIRVIT 30CPS MOLLI,1,0.33,0,60,6
MPF,912255748,OTODINE DET LIQ 50ML,1,0.33,0,469,4
MPF,912276019,VICHY HOMME SCHIUMA BARBA200ML,1,0.33,2,143,1
MPF,912312129,LIEVITO ALIMEN FIOCCHI 200G,1,0.33,0,16,6
MPF,912323627,REVAMIL GEL 18G,1,0.33,0,67,
MPF,912455173,ARKOCPS VITE ROSSA BIO 45CPS,1,0.33,0,2,
MPF,912534548,AIRCAST AIR-STIRRUP CAVIGL UNI,1,0.33,0,3,
MPF,912650342,TRIDERM LENIL+ 50ML,1,0.33,0,250,5
MPF,912799398,URIAGE DS EMULSIONE 40ML,1,0.33,0,210,10
MPF,912940879,PROSTAFORCE 60CPS VOGEL,1,0.33,0,45,1
MPF,913108609,RHALAX GRANI 25G,1,0.33,0,288,9
MPF,913175598,"LEUKOTAPE K TAPING 2,5X500 BLU",1,0.33,0,104,4
MPF,913213740,SKINSAN AKNE CR 30ML,1,0.33,0,1,3
MPF,913226015,SCHOLL CR TAL ACTIVE REPAIR K+,1,0.33,0,221,7
MPF,913228096,CLEARBLUE INDICATORE SETT 1PZ,1,0.33,21,415,
MPF,913254658,TEGADERM CER+PAD 9X15CM 5PZ,1,0.33,0,66,
MPF,913453104,TOLERIANE SILICIUM MAT,1,0.33,0,12,
MPF,913665980,RENVIN OLOSVITA 50ML,1,0.33,0,9,
MPF,913759256,OMRON FLEX TEMP SMART,1,0.33,0,60,
MPF,913903555,SEBIUM PORE REFINER 30ML,1,0.33,0,229,
MPF,913934030,PABAVIT CM CR ANTIVITILIGINE,1,0.33,0,45,6
MPF,920000864,ROGENOL DAILY SHAMPOO 200ML,1,0.33,0,89,3
MPF,920014077,SOMNOLIS ANTIRUSSAMENTO 1PZ,1,0.33,0,14,
MPF,920015599,KERATOSANE 30 CREME 75ML,1,0.33,0,43,8
MPF,920045085,MOONCUP COPP MESTR A GR +30ANN,1,0.33,0,1,
MPF,920177817,ANSIA INQUIETUDINE APPREN 30CA,1,0.33,0,4,1
MPF,920313160,ULTIMATE WHEY GOLD100 VAN 750G,1,0.33,0,10,
MPF,920324997,BIOREKORD 10FL,1,0.33,0,14,
MPF,920366566,CERAMOL MARSIGLIA SAPONE 100G,1,0.33,6,228,4
MPF,920372911,"TRIDERM DOCCIASCH PH3,5 400ML",1,0.33,0,119,2
MPF,920373735,NUTRIFREE MIX PANE 1000G,1,0.33,0,100,8
MPF,920602467,LFP MULTIVITCAP 30CPS,1,0.33,81,0,7
MPF,920801255,ALIANT MICO SPRAY 80ML,1,0.33,0,72,5
MPF,921030742,AMINOGLUTAM 30BUST,1,0.33,0,104,4
MPF,921034498,ALPECIN ENERGIZER TON DOPOSH,1,0.33,0,675,1
MPF,921116315,SCUDOTEX GAMB 70 EX NATURE 3,1,0.33,0,4,
MPF,921116327,SCUDOTEX GAMB 70 EX NATURE 4,1,0.33,0,5,1
MPF,921177642,ERMIDRA' SHAMPOO 250ML,1,0.33,0,165,4
MPF,921319582,SYSTANE BALANCE GOCCE OCUL10ML,1,0.33,2,242,3
MPF,921394235,NATURAFLORA PLUS 60CPS VEG,1,0.33,0,307,6
MPF,921456378,MELURA 14BUST,1,0.33,0,506,
MPF,921508432,LFP FIALE RINFORZANTI CAP 10F,1,0.33,5,0,8
MPF,921723843,ALTOP 20CPR,1,0.33,0,263,6
MPF,921732222,NATRUX CREMA FLUIDA 200ML,1,0.33,0,19,
MPF,921735270,EMORTROFINE PLUS 40CPR SUBLING,1,0.33,0,418,9
MPF,921788422,NUTRIVA GLICEVAL 30CPR,1,0.33,0,102,7
MPF,921805457,LFP EPATOTAB 30CPR,1,0.33,52,0,
MPF,921810750,SGONFIABEN 60CPS,1,0.33,0,48,
MPF,921811903,ENNE 3 PLUS 20CPS SOFTGEL,1,0.33,0,75,
MPF,921890354,CREMA ARTIGLIO&ARNICA 87%,1,0.33,0,45,7
MPF,922075852,TUSSIMMUN SCIROPPO 200ML,1,0.33,0,46,4
MPF,922249141,MEPILEX BORDER SACRUM 15X15 5P,1,0.33,0,30,5
MPF,922251121,SCHAR CEREAL FLAKES 300G,1,0.33,0,106,
MPF,922316740,TEGADERM ROLL CM10X2M 1PZ,1,0.33,0,12,
MPF,922317716,EUROSORB MEDIC ALGIN 5X5CM 10P,1,0.33,0,12,
MPF,922319381,TALUFIT52 TALLONETTA R3,1,0.33,0,5,
MPF,922327109,VASOX CREMA 200ML,1,0.33,0,130,
MPF,922352923,OSSEOVIN 60CPR,1,0.33,0,56,3
MPF,922354143,AMICO SOLUZIONE UNGUEALE 10ML,1,0.33,0,89,10
MPF,922363748,BARIESUN SPF50+ CREME MINERALE,1,0.33,0,174,4
MPF,922364524,ACIDO IALURONICO 24CPS,1,0.33,0,40,8
MPF,922364563,THE VERDE 20BUST FILTRO,1,0.33,0,88,10
MPF,922365059,MIX 4 SEMI BIO 250G,1,0.33,0,0,
MPF,922365820,BIOFLAVONOIDI C 24CPR,1,0.33,0,26,7
MPF,922373117,VACCINIUM VITIS IDAEA BIO 50ML,1,0.33,0,14,
MPF,922373699,BOSWELLIA 50OPR,1,0.33,0,70,
MPF,922373749,CENTELLA 50OPR,1,0.33,0,41,9
MPF,922373764,ELEUTEROCOCCO 50OPR,1,0.33,0,34,8
MPF,922373840,GINSENG 50CPS VEG,1,0.33,0,0,
MPF,922374347,FORTE PLUS 14FL MONOD 10ML,1,0.33,0,45,6
MPF,922394705,KELAIRON CREMA 50ML,1,0.33,5,449,8
MPF,922399631,REV IDRAX EPI 50ML,1,0.33,0,100,3
MPF,922540721,SCHULTZ LOZIONE SCHIARENTE,1,0.33,0,18,6
MPF,922546888,FLEE SPRAY DOMESTICO ANTIPULCI,1,0.33,0,61,8
MPF,922555382,R&R FIORI DI RISO YOGURT 250G,1,0.33,0,12,
MPF,922556182,FORTIMEL COMPACT PRO FRA 4BOTT,1,0.33,0,251,10
MPF,922740345,ANSELAX 14BUST,1,0.33,0,216,4
MPF,922903289,"CLIADENT COLLUT 0,20% 200ML",1,0.33,3,1129,1
MPF,922948411,KAMILA GAMB BAS EASY 140D NE 4,1,0.33,4,1,
MPF,922948423,KAMILA GAMB BAS EASY 140D PLA4,1,0.33,8,0,
MPF,922960962,BIONIKE SHINE ON COL CAP NE 1,1,0.33,0,246,
MPF,923006670,NEOCATE SPOON 400G,1,0.33,0,8,
MPF,923055800,NEBUVIS REIDRATANTE OCCHI 10ML,1,0.33,0,16,
MPF,923133197,MICRONIL DOL 14BUST,1,0.33,2,0,1
MPF,923211674,B-APPORT PLUS FLUIDO 200ML,1,0.33,0,20,
MPF,923289324,BEURER BM40 MISURATORE PRESS,1,0.33,0,12,
MPF,923302487,OTOACT 100ML,1,0.33,0,91,6
MPF,923324711,PASTA ACQUA C/ZINCO 25% 100G,1,0.33,0,68,
MPF,923352785,HARPAGOPHYTUM PRO TM GTT 100ML,1,0.33,0,5,
MPF,923360364,NEVERTIN 15CPS,1,0.33,0,78,1
MPF,923363903,KAMILA GAMB BAS NEW 70D NE 4,1,0.33,4,0,
MPF,923364347,LENUS XL 500ML,1,0.33,0,17,3
MPF,923399291,REV US30 GEL 100ML,1,0.33,0,119,3
MPF,923400345,MODASANA 70 AGH NATURE 4,1,0.33,0,4,
MPF,923400840,MODASANA 140 ATC NATURE 3,1,0.33,0,4,
MPF,923438485,BIOGENA DERMOLIQUIDO PH5 500ML,1,0.33,0,288,7
MPF,923451987,OLIO DI COCCO 200G,1,0.33,0,38,
MPF,923487021,VO3 ACTIVE SPRAY 20ML,1,0.33,0,100,
MPF,923500312,OSTEOKLIP 30CPR,1,0.33,0,107,8
MPF,923502177,DEODORANTE ANTI TRACCE ROLL-ON,1,0.33,12,321,5
MPF,923511733,DEODORANTE ANTI TRACCE AEROSOL,1,0.33,1,207,2
MPF,923550418,BRAUN PRT1000 TERMOMETRO DIGIT,1,0.33,23,32,
MPF,923587428,LOXICOR 30CPR,1,0.33,0,42,7
MPF,923590158,AQUACEL FOAM ADH 8X8CM 10PZ,1,0.33,0,22,5
MPF,923676290,HIPP TISANA CAMOMILLA 200G,1,0.33,0,151,9
MPF,923744611,SAUBER GAMB OPTOE 140 MIC NEU4,1,0.33,1,4,1
MPF,923745970,KAMILA AUTOR UP EASY 70D PLA 3,1,0.33,5,0,
MPF,923746073,KAMILA AUTOR UP EASY 140D PL 3,1,0.33,11,0,
MPF,923757278,KEPRAXIN TIAB POLV SPRAY 125ML,1,0.33,0,79,
MPF,923785695,STRUVIPET PASTA 100G,1,0.33,0,19,5
MPF,923815551,GIBAUD ORTHO C3 COLL RIGIDO 1,1,0.33,1,0,1
MPF,924041256,OLIO PURO SALMONE ROSSO 120CPS,1,0.33,0,28,8
MPF,924127095,APROPOS RINO DEFENS SPR NASALE,1,0.33,5,0,1
MPF,924167354,VENAMIR CREMA 100ML,1,0.33,0,136,3
MPF,924177898,STERILPEG 10 BUSTINE MACROGOL,1,0.33,0,134,2
MPF,924266760,FICO 100ML LIQ ANALCO GEMMO10+,1,0.33,0,54,5
MPF,924274083,REDERMIC RETINOL OCCHI 15ML,1,0.33,0,177,8
MPF,924297930,IPPOCASTANO LIQ ANAL GEMMO 10+,1,0.33,0,12,
MPF,924300940,THERMOGEL COMFORT CUSC 10X26CM,1,0.33,0,71,4
MPF,924305129,MAC10 60CPS,1,0.33,0,3,
MPF,924457563,ALOVIS GOCCE OCULARI 10ML,1,0.33,0,69,
MPF,924601646,DERMOXEN DET INTIMO DIABETICI,1,0.33,0,9,
MPF,924765314,VERRUPOR BRUCIAPORRI 12ML NF,1,0.33,0,15,
MPF,924786231,FIBERPASTA FARINA 1KG,1,0.33,0,33,3
MPF,924800853,EUCERIN ATOPIC CRP EMULS 400ML,1,0.33,11,138,
MPF,924801160,OLEVANOIL SHAMPOO 250ML,1,0.33,0,1,
MPF,924847231,AMINOGAM SPRAY 15ML,1,0.33,0,147,4
MPF,924847751,MOSQUETA ROSA OLIO PURO BIO,1,0.33,0,32,8
MPF,924862802,P'ANTICELL LEGG FAS/A GRI L/XL,1,0.33,0,4,
MPF,924875204,SPASMINA PLUS 30OPERCOLI,1,0.33,0,137,6
MPF,924880735,ABBASSALINGUA STERILE 100PZ,1,0.33,0,0,
MPF,924880786,ERBADONNA CICLO 24CPR,1,0.33,0,65,10
MPF,924960887,HERICIUM MICOTHERAPY 30CPS,1,0.33,0,30,5
MPF,924994294,ECOPHANE SHAMPOO DELICATO500ML,1,0.33,0,32,6
MPF,925329361,ALOEVERA2 ALOE OIL,1,0.33,0,18,7
MPF,925369100,THROMBOSIS 18 ISP GAMB M CORTO,1,0.33,0,5,
MPF,925375685,CITOVET 150ML,1,0.33,0,52,8
MPF,925379190,SLIPPERS VALENTINE MOUSE,1,0.33,0,4,
MPF,925382994,GIBAUD ORTHO SMARTSLING 30 TG1,1,0.33,1,3,1
MPF,925383224,PHYSIOMANCE ALCALIANCE+ 30BUST,1,0.33,0,111,
MPF,925391308,FLEBOMIX 1000MG 30CPR,1,0.33,0,173,6
MPF,925411528,"STRAPPAL CM2,5X10MT FARMACIA",1,0.33,0,92,3
MPF,925498014,EPITACT ORTESI MANO FLEX DX M,1,0.33,0,118,8
MPF,925513893,DUALSAN CALZA A/TROMB S/TASS 3,1,0.33,6,0,
MPF,925596898,APROPOS FLUPROTECT EFF C 20CPR,1,0.33,7,2791,2
MPF,925599286,LENDINOUT ACT AZIONE PREVENTIV,1,0.33,0,109,8
MPF,925606079,CURASEPT COLLUT ECOBIO 300ML,1,0.33,0,155,6
MPF,925606840,WELLION LUNA CHOLES STRIPS10PZ,1,0.33,0,12,
MPF,925630802,MOM PETTINE ACCIAIO,1,0.33,0,71,5
MPF,925654321,VITAMINE B COMPL 60CPR COLOURS,1,0.33,0,121,13
MPF,925700890,HYPERMIX CREMA/GEL 30ML,1,0.33,0,255,
MPF,925702553,HOMEOS 25 DREN GOCCE 150ML,1,0.33,2,292,1
MPF,925826036,THERAMICOTIC SHAMPOO 200ML,1,0.33,0,172,5
MPF,925856472,AMINOTROFIC 14BUST,1,0.33,0,191,5
MPF,925856650,TAGLIAUNGHIE PIEDI,1,0.33,0,11,7
MPF,925899433,CREMA PANTENOLO 75ML,1,0.33,0,22,1
MPF,925943565,VIRAFER NEO 200ML,1,0.33,0,21,7
MPF,926022789,IAP PHARMA 9 DONNA 150ML,1,0.33,4,6,
MPF,926045574,DEFENCE B-LUCENT A/MACCH SPF50,1,0.33,0,54,9
MPF,926054127,MERIDOL WHITENING DENTIF 75ML,1,0.33,13,0,2
MPF,926063292,SQUANORM FO GR SH 200ML DUCRAY,1,0.33,2,0,1
MPF,926065640,URIAGE DEO FRAICHEUR SPRAY,1,0.33,0,150,
MPF,926080161,PROVASEN FORTE 18BUST,1,0.33,0,246,
MPF,926080298,D MANNOSIO MAXI 90CPS,1,0.33,0,31,7
MPF,926115092,FORTIMEL CIOCCOLATO 4X200ML,1,0.33,0,84,6
MPF,926194263,ROSELIANE CR ANTIARROSS 40ML,1,0.33,0,501,
MPF,926196054,ESOGEL 300ML,1,0.33,0,255,6
MPF,926231349,SOMAT SKIN EX SNEL 7NTT C250ML,1,0.33,0,760,7
MPF,926236415,ACIDO JALURONICO 30CPS,1,0.33,0,33,9
MPF,926252139,MANOPOLA IMPERM NON SAP 100PZ,1,0.33,0,136,3
MPF,926255023,BB NAIL BASE PER UNGHIE 10ML,1,0.33,0,0,
MPF,926259969,MEDI 18 GAMB P.AP NAT 4 2805PA,1,0.33,0,9,
MPF,926267764,CORDYCEPS 24CPS VEGETALI,1,0.33,0,22,6
MPF,926421684,PURES GEL FRESC CIRC 125ML,1,0.33,0,46,
MPF,926425935,PERTRIFOL SHAMPOO ANTICAD 200,1,0.33,0,168,7
MPF,926445014,THERMORELAX FASC COL/SPA+4DISP,1,0.33,10,14,3
MPF,926461068,NATURAL ACT UMORE 60CPS,1,0.33,0,7,5
MPF,926491251,EUTYLIA MAMMA 30CPS MOLLI,1,0.33,0,305,7
MPF,926509872,CAVILON CREMA BARRIERA 92G,1,0.33,0,21,
MPF,926511698,FIBROSIL 30CPR,1,0.33,0,374,5
MPF,926548278,LIPOTECH 400 30CPR,1,0.33,0,115,7
MPF,926548280,LYNFASE FITOMAGRA 12FL 15G,1,0.33,2,0,
MPF,926568167,DERCOS SH ANTIFORFORA SECCHI,1,0.33,61,590,3
MPF,926575364,NUTRIDRINK COMPACT FRA 4X125ML,1,0.33,0,0,
MPF,926585062,NEVRADIN 20CPR,1,0.33,0,216,7
MPF,926593233,ESI ERBAVEN POCKET DRINK16POCK,1,0.33,0,42,6
MPF,926819158,SCREEN TEST TIROIDE/TSH,1,0.33,0,16,
MPF,926825744,BIO-GEL ANELLO SEPARA ALLU M/L,1,0.33,0,5,
MPF,926826266,"FORHANS CLEXIDIN 0,20 S/ALCOOL",1,0.33,0,125,8
MPF,926829641,RESVERATROLO SUPREMO 60PAST,1,0.33,0,37,5
MPF,926830050,AKSUN 30CPS,1,0.33,0,50,6
MPF,926830074,DOMINA OVULI VAGINALI 30OV,1,0.33,0,14,4
MPF,926830668,GEL ELETTROCONDUTTIVO 1000ML,1,0.33,0,94,
MPF,926858667,PURES MENTA PIPER OE BIO10ML,1,0.33,0,32,7
MPF,926876766,FLEBOMIX CREMA GEL 100ML,1,0.33,0,23,
MPF,926888761,FORTINI CREAMY FRUIT FR RO 4PZ,1,0.33,0,57,9
MPF,926978204,BRAUN HYGIENE CAPS THERMOSCAN,1,0.33,0,308,7
MPF,926988080,CER PIC CLASSIC STR 10X8CM 10P,1,0.33,0,79,
MPF,927042426,PURES SPRAY PURIFICANTE 75ML,1,0.33,0,295,8
MPF,927098830,NEUTROGENA N/F INT REP BODY LO,1,0.33,12,25,4
MPF,927099933,SENSURA MIO CL URO MA 15-33,1,0.33,0,9,
MPF,927101838,REGENERATE DENTIF AVANZATO75ML,1,0.33,0,4080,8
MPF,927117729,CH GIOCO PANNELLO TRAMONTO R,1,0.33,0,19,4
MPF,927123481,AMINOGAM COLLUTORIO 200ML,1,0.33,0,195,2
MPF,927137758,DEFLANIL GEL 125ML,1,0.33,1,230,1
MPF,927143370,ALTRICEREALI BISC AVENA/NOCC,1,0.33,0,56,
MPF,927146047,BLUVENE 500 30CPR,1,0.33,0,114,7
MPF,927171088,VITAFLOREX GOCCE 5ML,1,0.33,0,107,5
MPF,927173854,PERVIRAL GOLA SPRAY ORALE 30ML,1,0.33,0,67,8
MPF,927222315,ALO YAL SOLUZIONE OFTALMICA8ML,1,0.33,0,93,6
MPF,927254591,MISURATORE PRESSIONE DS-11,1,0.33,0,1,
MPF,927288252,CATALITIC ZN 20AMP,1,0.33,0,45,6
MPF,927292108,CLEARBLUE ADV MONITOR FERTILIT,1,0.33,0,42,9
MPF,927383822,RESPECTISSIME MATITA SOPRA BIO,1,0.33,3,4,1
MPF,927456424,CEFALSTOP 30CPR,1,0.33,0,137,6
MPF,927493039,TENA WET WASH GLOVE 8PZ,1,0.33,0,61,12
MPF,927493395,VITABEN D3 15ML,1,0.33,0,1121,9
MPF,927501080,PERTRIFOL DONNA 30CPR,1,0.33,0,148,8
MPF,927585733,CLORETRIX DET INTIMO 500ML,1,0.33,0,161,3
MPF,927591192,ELMEX FILO INTERDENTALE CERATO,1,0.33,0,92,9
MPF,927762587,BIOKERATIN ACH8 6/CF BION S CA,1,0.33,0,13,
MPF,930010133,MD-KNEE ITALIA 10FL INIETT 2ML,1,0.33,0,5,4
MPF,930048107,STERI-STRIP CER 3X75MM 10PZ,1,0.33,0,502,8
MPF,930062245,PROJOINT COMPLEX 60TAV,1,0.33,1,405,
MPF,930164708,CHERADERM 10 CREMA CORPO 450ML,1,0.33,0,72,4
MPF,930184650,RIBES NERO CONCEN TOTALE 50OPR,1,0.33,0,89,9
MPF,930213006,SKINDET OIL OLIO DETERGENTE,1,0.33,0,10,
MPF,930251374,MASSIGEN MAGNESIO 20BUST,1,0.33,6,373,
MPF,930259724,BGSTAR STRISCE REATTIVE 25PZ,1,0.33,18,4268,8
MPF,930270273,SEDANAM 30CPR,1,0.33,1,0,
MPF,930276769,"YABRO 10F 3ML AC IALUR 0,3%",1,0.33,0,125,4
MPF,930327008,ONLIGOL MACROGOL 4000 20BUST,1,0.33,36,1538,
MPF,930494125,LACTOFLORENE PLUS 30CPS,1,0.33,3,1188,6
MPF,930502000,CONTRATTURE GEL MINERALE 150G,1,0.33,0,9,
MPF,930502051,DOLORI FANGO MINER 5BUST 150G,1,0.33,0,17,
MPF,930503723,ACILIP 600 INTEGRAT 20CPR,1,0.33,0,24,
MPF,930517875,MULTIVITAMIX CRONO 30CPR,1,0.33,24,261,3
MPF,930517925,CODEFLOR 15CPR,1,0.33,0,37,4
MPF,930547359,LACTIBIANE TOLERANCE 30CPS,1,0.33,0,532,6
MPF,930552942,GUAM DUO UOMO RIDUCENTE CR RIS,1,0.33,0,13,7
MPF,930574292,OMEGA 3 6 9 60PRL,1,0.33,0,22,6
MPF,930605581,LONGLIFE MAGNESIUM K 60CPS,1,0.33,0,146,5
MPF,930617535,MEN RASAYANA 60CPR,1,0.33,0,8,
MPF,930617600,RELAXMAP 60CPR,1,0.33,0,276,3
MPF,930863131,MAKESKIN CREMA 3X10ML,1,0.33,0,189,4
MPF,930863814,CAR-GO CARDIO 20BUST,1,0.33,2,287,1
MPF,930864879,SCIROPPO BALSAMICO EUCALIPTO,1,0.33,0,6,
MPF,930873690,CONTOUR NEXT GLICEMIA 50STR,1,0.33,0,301,
MPF,930880632,LEVIAPROST 30CPS,1,0.33,0,626,8
MPF,930921655,ZINCO OSSIDO 10% UNGUENTO 1KG,1,0.33,0,40,4
MPF,930923634,ACTITUSS SCIROPPO 140ML,1,0.33,0,95,5
MPF,930956836,EUTROSIS 641 TUBO 400ML,1,0.33,0,338,7
MPF,930957067,OMK1 SOLUZIONE OFT STER 10ML,1,0.33,0,1000,8
MPF,930967688,"KAPPAPHYT 7 20BUST 8,5G",1,0.33,0,10,
MPF,931015046,BOLO VIA 20BOCCONCINI,1,0.33,0,850,9
MPF,931035531,SANODET UREA30 CREMA TRATT,1,0.33,0,0,
MPF,931035570,SKINSAN UREA30 CREMA TRATT,1,0.33,0,6,
MPF,931050722,EUCERIN AQUAPHOR 40G,1,0.33,6,791,8
MPF,931070092,FIBNESS 500ML,1,0.33,0,12,
MPF,931091680,BIOPULVER POLVERE 180G,1,0.33,0,135,3
MPF,931092340,LENITUX 100ML,1,0.33,0,169,3
MPF,931094421,CANDINET Ovuli Vag.6pz,1,0.33,0,31,6
MPF,931114298,VEA MINILIPOGEL IDR PROT 10ML,1,0.33,0,90,3
MPF,931122396,HERMESETAS ORIGINAL 1200CPR,1,0.33,0,447,7
MPF,931156018,KUTECUR SPRAY 125ML,1,0.33,0,198,1
MPF,931160485,AUSILIUM FORTE 300G,1,0.33,0,103,
MPF,931171007,EIE BIANCOSPINO 60ML GTT,1,0.33,0,51,
MPF,931171060,EIE MELISSA 60ML GTT,1,0.33,0,19,7
MPF,931288272,EUMIR PLUS 30CPR,1,0.33,0,115,7
MPF,931352215,KAMILA GAMB COTTON 18 BLU L,1,0.33,4,0,
MPF,931356909,TAMPAX COMPAX REG 24PZ,1,0.33,0,7,5
MPF,931358802,ARL 20BUST,1,0.33,0,34,
MPF,931433104,FLOGANMOUSSE TRATT ANTIFORFORA,1,0.33,0,249,4
MPF,931503611,DERMAGEN CREMA BASE 50ML,1,0.33,0,12,
MPF,931524122,LONGLIFE LIEVITO FORTE 120CPR,1,0.33,0,18,6
MPF,931543639,LEGART MAXI 60CPR,1,0.33,0,253,
MPF,931575878,GELENTERUM 15CPS ADULTI,1,0.33,11,354,6
MPF,931581146,LADYGLORIA 12 AREG PU/A SAH 3,1,0.33,0,15,
MPF,931581211,LADYGLORIA 12 GAMB PU/A SAH 3,1,0.33,0,20,
MPF,931581363,LADYGLORIA 12 COL PU/A SAH 3,1,0.33,0,10,
MPF,931581678,W CARE 14BUST 8G,1,0.33,0,152,
MPF,931600631,STILVEN SMP 30CPR,1,0.33,0,10,6
MPF,931642033,KALEIDON PROBIOTIC 60 12BUST,1,0.33,0,502,2
MPF,931645636,HELIOCARE ULTRA-D 30CPS,1,0.33,0,110,12
MPF,931646350,STONUR 20BUST,1,0.33,0,172,6
MPF,931666756,CB12 TRATTAMENTO ALITOSI 250ML,1,0.33,0,314,9
MPF,931669523,BUONA ENERGIA ORO 10FL 10ML,1,0.33,0,194,9
MPF,931679260,GIBAUD ORTHO COLL SEMIRIG M1,1,0.33,3,5,
MPF,931770693,VISCRIN PLUS SH ANTIFORFORA,1,0.33,0,283,7
MPF,931774119,CLIN 4000 30BUST,1,0.33,0,722,9
MPF,931855819,REMOVER STOMIA SALVIETTE 30PZ,1,0.33,0,95,4
MPF,931923890,ESTROMINERAL SERENA PLUS 30CPR,1,0.33,2,399,3
MPF,931938791,UROSYSTEM SAC GAMBA 35CM 30PZ,1,0.33,12,26,
MPF,931938967,"PROFAR ARGOXYN ARGENT ION 2,5%",1,0.33,7,0,1
MPF,931950479,LONGLIFE OKG 100CPS,1,0.33,0,9,4
MPF,931961484,ANAURETTE SPRAY 30ML,1,0.33,0,364,8
MPF,931987960,FORTEND 20CPR,1,0.33,0,3,1
MPF,931988481,MEDS PORE MEDIC PUR 10X12CM5PZ,1,0.33,0,12,4
MPF,931994608,TNS NUTRITIVE,1,0.33,0,6,3
MPF,932001769,TRICAPSURES PHYSIO 60CPR,1,0.33,0,52,6
MPF,932029388,DICOFARM PASTA 100ML,1,0.33,0,231,12
MPF,932077415,POLIDENT FREE 40G,1,0.33,15,577,8
MPF,932160498,EIE ROSMARINO 30ML GTT,1,0.33,0,23,
MPF,932161348,LIPALT 30CPR,1,0.33,0,8,2
MPF,932165588,ARTAVIS 20BUST 8G,1,0.33,0,92,8
MPF,932167683,ACIDO IALURONICO MOUSSE DET,1,0.33,0,13,10
MPF,932178395,INTERPROX PLUS SUPERMICRO 6PZ,1,0.33,6,882,1
MPF,932201320,ARIFER GOCCE 30ML,1,0.33,0,13,
MPF,932212095,OMK2 SOLUZIONE OFT STER 10ML,1,0.33,0,736,4
MPF,932217060,STEVIA EDULCORANTE POLVERE 15G,1,0.33,0,121,4
MPF,932217072,STEVIA EDULCOR 200CPR,1,0.33,0,27,
MPF,932234750,MICOBAT CREMA 50ML BRADERM,1,0.33,0,67,5
MPF,932246426,BIATAIN ALGINATE AG 10X10 10PZ,1,0.33,0,32,
MPF,932246440,BIATAIN ALGINATE 3X44CM 6PZ,1,0.33,0,9,
MPF,932252620,BUONAVIT D3K 12ML,1,0.33,0,126,7
MPF,932252632,BUONAVIT D3F 12ML,1,0.33,0,87,5
MPF,932437041,FARABELLA FARINA PREP PASTA 1K,1,0.33,0,27,
MPF,932519186,CISTIGELAR DUO 24CPS,1,0.33,0,22,
MPF,932524162,ARGA' GOCCE VISO AUTOABBR 30ML,1,0.33,0,52,2
MPF,932707565,ACCU-CHEK AVIVA 25STR,1,0.33,0,1008,8
MPF,932713605,ACIDO IALURONICO CONT OCCHI,1,0.33,0,35,6
MPF,932719267,OMEPURE 1000 TG 90PRL,1,0.33,0,49,
MPF,932720840,ENVICER3 GRASSA FORTE 100ML,1,0.33,0,14,3
MPF,932720954,RINOWAY SALI ISOTONICI 15BUST,1,0.33,0,139,5
MPF,932774906,ZETA TONIC 20FL 10ML,1,0.33,0,146,8
MPF,933009401,ROSACURE FAST CREMA 30ML,1,0.33,0,1049,7
MPF,933015238,GUM ORTHO FLOSS FILO SPUGNOSO,1,0.33,0,76,9
MPF,933059798,VITIS SPAZZOLINO SURGICAL BLIS,1,0.33,0,13,9
MPF,933060790,VITIS ORTHO DENTIFRICIO 100ML,1,0.33,6,198,1
MPF,933064471,AGO PENNA G31 5MM 100PZ,1,0.33,0,36,1
MPF,933081515,PHYSIC LEVEL 5 CERVICAL 30CPR,1,0.33,0,21,
MPF,933161820,"CONTACTA DAILY LENS 15 -2,75",1,0.33,0,33,6
MPF,933162632,"CONTACTA DAILY LENS Y 30 -2,00",1,0.33,6,3,
MPF,933328243,BIOKAP B SH NUTRIENTE RIPA,1,0.33,0,95,5
MPF,933423737,ACNE DEPURATO PSC GOCCE 50ML,1,0.33,0,3,2
MPF,933462184,VIRIPROST 30PRL,1,0.33,0,49,1
MPF,933484178,LONGLIFE D COMPLEX 1000 60CPR,1,0.33,0,238,8
MPF,933486538,NOMABIT BASE GOCCE 20ML,1,0.33,0,43,4
MPF,933532754,ARMONIA RILASCIO CONTROL120CPR,1,0.33,0,813,15
MPF,933533958,RILASTIL CAMOUFL FOND FL H C50,1,0.33,0,13,
MPF,933541916,MELASIN FORTE 1MG 30CPR,1,0.33,0,365,7
MPF,933632186,SEMI DI CHIA BIO 400G,1,0.33,0,76,1
MPF,933644066,DEONAT FRESH STICK UOMO 100G,1,0.33,0,8,
MPF,933872739,RINOWASH KIT RICAMBIO,1,0.33,0,27,5
MPF,933933285,LIPVIS NATURE 40CPS,1,0.33,0,6,8
MPF,933953578,CORTIPET 50ML,1,0.33,0,217,4
MPF,934018298,KILOCAL BRUCIA GRASSI 15CPR,1,0.33,0,291,7
MPF,934038858,LONGLIFE B12 50MCG SUBL 100TAV,1,0.33,0,678,
MPF,934124520,GASTROTUSS LIGHT 500ML,1,0.33,0,174,8
MPF,934196078,LENDERM FORTE CREMA 100ML,1,0.33,0,145,6
MPF,934276116,GO-MILK 30CPR,1,0.33,0,62,9
MPF,934406277,ORTOPAD SOFT GIRL CER REG 20PZ,1,0.33,0,72,4
MPF,934408624,BIOMINERAL ONE LACTO PLUS30CPR,1,0.33,16,297,5
MPF,934408687,BIOTHYMUS AC ACT U SH ENERG,1,0.33,0,222,9
MPF,934408941,REGINE PRATI PROFUMO 50ML,1,0.33,0,3,4
MPF,934446271,RITMONUTRA 30CPS SOFTGEL,1,0.33,0,176,8
MPF,934488329,DHALUX 350 30CPS MOLLI,1,0.33,0,179,4
MPF,934509694,MATT BEN VIGORE 20CPR EFFERV,1,0.33,0,46,
MPF,934512625,GLUCOJECT AGO PENNA 6MM G31,1,0.33,0,35,3
MPF,934637935,RILASTIL LIPOFUSION FLUID250ML,1,0.33,0,135,7
MPF,934638077,ALKAGIN DET INTIMO ATT 250ML,1,0.33,0,109,6
MPF,934638127,ALKAGIN DET INT LEN ALC 250ML,1,0.33,0,253,11
MPF,934638139,ALKAGIN DET INT LEN ALC 400ML,1,0.33,0,279,6
MPF,934638141,ALKAGIN GEL INTIMO LENIT 30ML,1,0.33,0,505,6
MPF,934638228,RILASTIL ELASTIC OLIO 130ML,1,0.33,0,211,8
MPF,934638242,RILASTIL RE-SLEEP BALSAMO 50ML,1,0.33,0,24,7
MPF,934711351,SACCA URINA GAMBA 750ML SCAR,1,0.33,0,88,2
MPF,934720311,IMMUNOTROFINA D 30CPR,1,0.33,0,61,6
MPF,934723418,XANADEPUR 300ML,1,0.33,0,41,4
MPF,934727506,MICTALASE 10SUPPOSTE 2G,1,0.33,0,339,5
MPF,934784493,NUTRATOPIC PRO-AMP CREMA CORPO,1,0.33,0,29,
MPF,934786447,SIRINGA INS VET 40UI/ML 30PZ,1,0.33,0,152,4
MPF,934806858,XANACID 20CPR MASTICABILI,1,0.33,11,80,2
MPF,934830783,ARTROGELARD 30CPR 1200MG,1,0.33,0,117,4
MPF,934831102,OLIO VASELINA 500ML,1,0.33,0,52,
MPF,934847183,GINETROX CREMA VAGINALE 30ML,1,0.33,0,54,5
MPF,934860507,INFLAMASE 20CPR GASTRORESIST,1,0.33,0,0,
MPF,934862525,ACCU-CHEK MOBILE 50TEST MIC2,1,0.33,0,215,11
MPF,934872755,PRONTEX COTONE IDROFILO 500G,1,0.33,0,15,
MPF,934975133,FILME NASALE OLIO 20ML,1,0.33,0,213,6
MPF,935057366,"BIOKAP NUTRIC 7,0 BIO MEDIO",1,0.33,0,61,3
MPF,935057392,"BIOKAP NUTRIC 7,4 BIO RAMATO",1,0.33,0,30,3
MPF,935093599,MILICE PIDOKO SPRAY PREVENTIVO,1,0.33,15,143,1
MPF,935184337,VITALIFE C 240CPR,1,0.33,0,91,4
MPF,935197715,NAUSIL FORTE 30ML,1,0.33,7,1214,1
MPF,935201741,EPATOSAN FORTE FLUID 10FL,1,0.33,0,57,4
MPF,935204255,DERMOVITAMINA PROCTOC CREMA,1,0.33,0,575,13
MPF,935229082,TIMODORE CREMA DEO 48H 50ML,1,0.33,0,172,14
MPF,935236760,LONGLIFE CORDYCEPS BIO 60CPS,1,0.33,0,48,5
MPF,935253613,IALUTEC RED 50ML,1,0.33,0,221,6
MPF,935258537,LARIMUCIL TOSSE ADULTI SCIR,1,0.33,0,68,5
MPF,935272791,LIBERVIS ENERGY ARANCIA 20BUST,1,0.33,0,148,2
MPF,935272841,VICABIMB 200ML,1,0.33,0,156,6
MPF,935272892,VITASOHN JUNIOR FRUTTINE 60CAR,1,0.33,0,124,12
MPF,935308849,CALENDULA VITI CREMA 100ML,1,0.33,1,540,
MPF,935329223,ESPERSOL SPRAY NASALE 100ML,1,0.33,0,2255,4
MPF,935340442,NOSIFOL-D 30BUST,1,0.33,0,582,7
MPF,935518581,LONGLIFE AGLIO 60CPS VEG,1,0.33,0,92,5
MPF,935520039,LIGADOL EVO 20BUST,1,0.33,0,240,5
MPF,935543001,ROUGJ INTEGR SOLARE 30CPS,1,0.33,0,185,
MPF,935544522,DERMOVITAMINA RAGADI GELONI CR,1,0.33,0,1821,14
MPF,935566594,COUPEROSE CREMA GIORNO BASE,1,0.33,0,3,
MPF,935566707,REFALGIN GEL ORALE 14BUST,1,0.33,0,1674,10
MPF,935600647,CISTIGELAR AKTIV 2 14BUST,1,0.33,0,39,
MPF,935605459,VADO LAX PLUS 100CPR,1,0.33,15,145,1
MPF,935609661,ENSURE PLUS CIOCCOLATO 4X200ML,1,0.33,1,120,
MPF,935611119,ENSURE ADVANCE VANIGLIA 400G,1,0.33,0,139,10
MPF,935612477,CALMADOL FASCIA RISCALDANT 6PZ,1,0.33,4,50,2
MPF,935626438,TECNOFER PLUS 20CPS,1,0.33,0,537,8
MPF,935634028,LONGLIFE 5-HTP 60CPS VEG,1,0.33,0,169,10
MPF,935662597,SUPRADYN RICARICA 30CPR EFFERV,1,0.33,9,893,
MPF,935662609,SUPRADYN RICARICA 35CPR,1,0.33,29,861,
MPF,935686966,VASOFLOX 30CPR,1,0.33,0,142,1
MPF,935760619,EUMILL NASO BABY SPRAY 100ML,1,0.33,0,10,7
MPF,935768616,NAUSIL IDRA 12BUST,1,0.33,0,38,6
MPF,935768693,NUTRIREGULAR NAUXEN 20CPR,1,0.33,0,22,
MPF,935780585,CLARUBIN 20BUST,1,0.33,0,127,4
MPF,935784001,DDM FERRO 30CPR,1,0.33,0,75,6
MPF,935790701,M-AID ROLLFLEX A-STOP M10X10CM,1,0.33,0,7,
MPF,935798102,MOST DERMICTIOL SHAMPOO 150ML,1,0.33,0,22,2
MPF,935836825,ACNIBEN REPAIR DET 180ML 2018,1,0.33,0,15,10
MPF,935848489,BIOKAP NUTRICDEL SPRAY RIT CS,1,0.33,0,199,
MPF,935870903,FOOTCARE CER VERR 38MM 12PZ E3,1,0.33,0,46,12
MPF,935877086,DANASE KAL 20CPR,1,0.33,0,319,3
MPF,935937096,LONGLIFE L-GLUTAMINE POWDER,1,0.33,0,68,8
MPF,936005519,MASSIGEN C VITI 500MG 60CPS,1,0.33,0,169,8
MPF,936008349,GELX SPRAY ORAL 100ML,1,0.33,0,11,4
MPF,936048077,EUPH COLORPRO XD500 CAST C,1,0.33,3,343,7
MPF,936048091,EUPH COLORPRO XD535 CA CIO,1,0.33,4,273,5
MPF,936048139,EUPH COLORPRO XD700 BIONDO,1,0.33,4,165,3
MPF,936048178,EUPH COLORPRO XD830 BIO DO,1,0.33,4,41,3
MPF,936065604,NUTRIREGULAR FLORA 10FL 8ML,1,0.33,0,97,
MPF,937030815,ARGIVIT 14BUST,1,0.33,0,1171,11
MPF,937106781,DESMODIO 15AMPOLLE,1,0.33,0,30,
MPF,937388472,MULTICARE IN GLUCOSIO 25STR,1,0.33,0,123,4
MPF,937396493,MEMOSINE 30CPR,1,0.33,0,125,9
MPF,937494425,CONVEEN OPTIMA GUAINA 25MM 30P,1,0.33,0,25,
MPF,937494488,CONVEEN OPTIMA GUAINA 30MM 30P,1,0.33,0,65,2
MPF,938025095,CODEFLOR SMP GOCCE 7ML,1,0.33,0,13,2
MPF,938058118,VIDERMINA GEL INT MONOD 6F 5ML,1,0.33,0,23,10
MPF,938224654,GEHWOL ANELLO CORRETTORE 3PZ,1,0.33,0,81,7
MPF,938225339,GEHWOL SEPARADITA ALLUCE L 3PZ,1,0.33,0,6,
MPF,938225430,GEHWOL CUSC AVAMPIEDE S,1,0.33,0,10,
MPF,938251129,FITOCAT 3 50ML GOCCE,1,0.33,0,3,4
MPF,938283001,MGK VIS POCKET STICK ARA 12BST,1,0.33,0,138,6
MPF,938458650,ANGIOPLUS OFTA 30CPS,1,0.33,0,357,5
MPF,938493552,KERA' K2 CREMA 50ML,1,0.33,0,126,
MPF,938501715,PATCHOULY PROFUMO 50ML,1,0.33,0,14,6
MPF,938597059,MIRAGYN OLIO SPRAY 100ML,1,0.33,0,136,6
MPF,938602570,AGEDIN SIERO IDROTENSORE 30ML,1,0.33,0,60,4
MPF,938657020,MULTICENTRUM SELECT EFF 20CPR,1,0.33,1,0,1
MPF,938657069,MULTICENTRUM DONNA 50+ 30CPR,1,0.33,12,544,
MPF,938682616,ELASTAR SOLUZIONE OFTALMICA,1,0.33,0,106,2
MPF,938699182,OTOBOR SPR AURIC 50ML,1,0.33,0,903,9
MPF,938757857,UNIDERMO LIQUIDO 400ML,1,0.33,0,95,6
MPF,938766526,GLUCOMEN AREO SENSOR STR 10PZ,1,0.33,0,28,6
MPF,938766793,GLUCOFIX TECH SENSOR 25STR,1,0.33,0,532,6
MPF,938805633,DERMOVITAMINA CALM SENSIC500ML,1,0.33,3,116,
MPF,938819113,"TIROXIL 4,0 30CPR",1,0.33,0,2392,7
MPF,938865110,DERMOVITAMINA IRR CUTANEE 30ML,1,0.33,0,128,5
MPF,938910243,HENNE COLOR CAP RO NAT EX FT,1,0.33,0,2,
MPF,938947722,CLORURO MAGNESIO 200CPR,1,0.33,0,353,10
MPF,938971761,TEGADERM FILM TRASP10X12CM 5PZ,1,0.33,0,173,7
MPF,938993250,URGOCLEAN AG/SILVER 10X10 10PZ,1,0.33,0,22,
MPF,939014039,PROFAR TRONCHESE PELLE,1,0.33,4,0,
MPF,939014041,PROFAR TRONCHESE UNGHIE,1,0.33,1,0,
MPF,939016806,EUPHIDRA AMIDO CREMA CORPO,1,0.33,0,56,14
MPF,939029981,NAVIBLEF INTENSIVE CARE 50ML,1,0.33,0,70,7
MPF,939065583,FLORIGEN DETERGENTE INTIMO,1,0.33,0,122,7
MPF,939146320,RECUGEL GEL OCULARE 10G,1,0.33,0,5821,
MPF,939215380,CICCARELLI GUANTO PRESAP 20PZ,1,0.33,5,924,8
MPF,939218588,DRENACOMPLEX 20CPS,1,0.33,0,140,
MPF,939266589,IRIDIUM BABY GARZA OCUL 28PZ,1,0.33,8,252,
MPF,939294652,ADIPOXAN FORTE 30CPS MOLLI,1,0.33,0,70,10
MPF,939301661,"BIATAIN SIL ADES 12,5X12,5 10P",1,0.33,0,3,
MPF,939393171,PODIDRAL FAS CR RAGADI PIED100,1,0.33,0,119,6
MPF,939434181,DUALSAN GAMB KKL1 NE P CH 2,1,0.33,3,4,
MPF,939471544,BIOXTRA LIQUID SPRAY 50ML,1,0.33,0,162,5
MPF,939478400,CLEAR BRAIN 60CPR,1,0.33,0,47,8
MPF,939493488,ALIATOP CREMA 100ML,1,0.33,0,73,8
MPF,939563526,MY SNACK SALATINI 70G,1,0.33,0,84,7
MPF,939573972,OMEGALIP -R 30CPR RIVESTITE,1,0.33,0,28,6
MPF,939585877,ESI RETIN ACTIVE 10ML,1,0.33,0,58,6
MPF,939587376,PLURIGIN OVULI VAGINALI 10PZ,1,0.33,0,202,7
MPF,939588570,VIDERMINA DELIGYN DET 300ML,1,0.33,1,0,1
MPF,939673796,BERBERINA ESTRATTO SECCO 60CPR,1,0.33,0,269,7
MPF,939674863,BIOLACTINE TRAVEL FORTE 24CPS,1,0.33,0,0,
MPF,939676843,RESVIS FORTE XR BIOFUTURA 12BU,1,0.33,13,593,6
MPF,939865453,VITAN PLUS UNGUENTO OFTAL 5G,1,0.33,0,199,
MPF,939886216,HELAN FIOR DI TALCO ACQ IDRAT,1,0.33,0,12,
MPF,939928317,NUTRIVA MAGNESIO CITRATO 50CPR,1,0.33,0,66,
MPF,939983375,CLINNER OVULI VAGINALI 15PZ,1,0.33,0,14,
MPF,939983399,PROVITA OVULI VAGINALI 15PZ,1,0.33,0,0,
MPF,939985471,FLORETRIX 50MLD 10BUST,1,0.33,0,55,
MPF,939989733,SEDIREM GOCCE 30ML,1,0.33,0,13,
MPF,940086337,TANTUM VERDE SOS AFTE SPR 20ML,1,0.33,0,229,15
MPF,940161161,RIPARO VOCE ERISIMO 20CPR,1,0.33,0,79,4
MPF,940225004,MONODERMA ET10 XL LIPOGEL30ML,1,0.33,0,72,7
MPF,940226323,SUPRADYN DIFESE 15CPR EFFERV,1,0.33,0,194,
MPF,940275023,NEOVADIOL LONGEVITY REVOL CR,1,0.33,1,70,1
MPF,940276734,LONGLIFE CENTELLA 20% 60CPS,1,0.33,0,107,6
MPF,940386434,LONGLIFE SAMBUCO FORTE 60CPS,1,0.33,0,12,
MPF,940424765,DICOFLOR COMPLEX 12FL 10ML,1,0.33,0,482,9
MPF,940481866,PUNTUALE 6MICROCLISMI 10G,1,0.33,0,27,8
MPF,940562933,DERMAFRESH 24H P/SENS LAT100ML,1,0.33,0,454,
MPF,940742911,DERMOVITAMINA RAGADI NA/LA VAS,1,0.33,0,136,12
MPF,940883352,BIOLIFTAN GEL MASK 50ML,1,0.33,0,100,5
MPF,940884671,BIOLIFTAN EYE CONTOUR CR 15ML,1,0.33,0,110,5
MPF,940884721,BIOLIFTAN CONCENTRATE 14ML,1,0.33,0,3,3
MPF,941079030,ARTIKRILL DOL CANE 30PRL,1,0.33,0,174,6
MPF,941079055,ARTIKRILL DOL CANE 200PRL,1,0.33,0,124,
MPF,941079067,ARTIKRILL DOL CANE GATTO 30G,1,0.33,0,180,
MPF,941113300,VENAPLUS 30CPR,1,0.33,0,99,
MPF,941166365,NOVA MGKB 30BUST,1,0.33,0,142,
MPF,941181568,LONGLIFE B12 1000MCG 60TAV,1,0.33,0,568,6
MPF,941190718,PRINCIPIUM D3 2000 GOCCE 50ML,1,0.33,0,144,7
MPF,941435962,SEPARATORE DOPPIO ANELLO 3/4/5,1,0.33,0,43,
MPF,941516647,AMBLICOL 15FL 10ML,1,0.33,0,177,5
MPF,941577912,ENOXOFTAL SOLUZIONE OFTALMICA,1,0.33,0,140,
MPF,941617538,ACCU-FINE AGO G31 8MM 100PZ,1,0.33,0,111,5
MPF,941693691,VITACALM TUTTA NOTTE F/R 30CPR,1,0.33,0,111,
MPF,941790584,CALCIO+MAGNESIO B6+VITD3 60CPS,1,0.33,0,60,5
MPF,941802290,TAUMAG FORTE 60CPS,1,0.33,0,18,
MPF,941839995,ACARICIDA PET SCHIUMA 150ML,1,0.33,0,20,
MPF,941962033,NEOVIDERM 30ML,1,0.33,0,114,
MPF,941972236,INOFOLIC HP 20BUST,1,0.33,0,689,10
MPF,941986996,NEOBOROCILLINA GOLA J COLA 15P,1,0.33,0,199,8
MPF,941991010,FLOGOREST 10CPS,1,0.33,0,49,6
MPF,942061716,MIRAMAG-K 600 20BUST,1,0.33,0,192,6
MPF,942062148,ESPERSOL OTO GOCCE 20ML,1,0.33,0,186,3
MPF,942120332,LONGLIFE ARTIGLIO DIAV2% 60CPS,1,0.33,0,58,6
MPF,942138886,DICODRAL LIQUIDO 4X200ML,1,0.33,0,873,8
MPF,942210168,PICNOVEN DREN 50CPR,1,0.33,0,119,7
MPF,942260302,EUPHIDRA AMIDO INTIMO DET500ML,1,0.33,0,213,10
MPF,942263599,CRACKDOL OIL MASSAGE 200ML,1,0.33,0,18,
MPF,942283336,BAMAK PLUS 18BUST,1,0.33,0,136,9
MPF,942304193,VITAMIN D-LOGES 30GEL-TABS,1,0.33,0,409,7
MPF,942311972,MULTIPET COMBO CANI/GATTI30CPR,1,0.33,0,17,
MPF,942314283,DICOSON GOCCE 25ML,1,0.33,0,333,7
MPF,942518844,MYCLI ALFACALL DETERGENTE STAR,1,0.33,2,4,
MPF,942531296,SUPERCOLON 30CPR,1,0.33,0,100,2
MPF,942578461,MICOSTOP EMULSIONE 125ML,1,0.33,0,559,5
MPF,942627314,ZAKVIR 3000 20BUST,1,0.33,0,122,4
MPF,942679770,OXIFOLIC 160CPR,1,0.33,0,4,
MPF,942687880,ARNICA SALBE CREMA 50G,1,0.33,0,11,
MPF,942732583,VITIALGIN 1030MG 60PRL,1,0.33,0,48,
MPF,942826583,RETIZIN 28CPR DEGLUT GASTRORES,1,0.33,0,217,10
MPF,942845595,LIVEDREN CREMA 40ML,1,0.33,0,8,
MPF,942848957,DRENAXIL 500ML,1,0.33,0,116,6
MPF,942853286,NUTRISPRINT MAGNESIO 156G,1,0.33,0,3,
MPF,942860038,STAR OF BETHL ORIG 20ML,1,0.33,0,23,9
MPF,942895020,LONGLIFE E SELENIUM 45TAV,1,0.33,0,6,9
MPF,942943097,MASSIGEN DOCCIAGEL TONIF,1,0.33,0,8,10
MPF,942965981,CAREVIT ULTRA CANE 30BUST,1,0.33,0,194,3
MPF,943008540,"SUPARTZ SIR INTRA-ART 2,5ML 1P",1,0.33,1,218,
MPF,943018871,OSMIN TOP UNGUENTO BETA 90ML,1,0.33,0,236,6
MPF,943112639,SIMBIDOL 20BUST,1,0.33,0,92,
MPF,943201754,INTESTINAL RESET 30CPS,1,0.33,0,20,6
MPF,943247965,ORPHEA FOGLIETTI LAVANDA DISPL,1,0.33,0,18,
MPF,943256659,TIOCRONAL REDOX 20CPR,1,0.33,0,233,8
MPF,943257713,NOVA ENERGY+ 24BUST,1,0.33,0,33,7
MPF,943285609,RIBES PET SOLLIEVO 30PRL,1,0.33,0,202,6
MPF,943299875,NERVAX DOL 10BUST,1,0.33,0,157,8
MPF,943303279,GASTROVOM CANE GATTO GEL 50ML,1,0.33,0,1281,
MPF,943320376,DICODRAL 12BUST,1,0.33,0,495,11
MPF,943327395,VITA METAFOLIC 50TAV,1,0.33,0,263,5
MPF,943360166,NEOXENE AB 300 LAVANDA VAG 5FL,1,0.33,0,385,9
MPF,943469938,VEA DEO-LIPOGEL DEODORANTE30ML,1,0.33,0,597,6
MPF,943791160,RELAXIGEN PET MINI 20CPR,1,0.33,0,266,5
MPF,943795726,MECLON IDRA EMULGEL 7MONOD 5ML,1,0.33,11,260,3
MPF,943796110,LUXFLUIRES SPRAY NASALE 20ML,1,0.33,0,263,5
MPF,943818195,LONGLIFE OLIO CUMINO BIO 60PRL,1,0.33,0,25,1
MPF,943912891,JALOREST 30CPR,1,0.33,0,2631,10
MPF,943921914,VOGLIA SOLE CREMA SOL SPF50+,1,0.33,0,15,5
MPF,943941664,PROBIOBENE 30CPS,1,0.33,0,520,8
MPF,944102122,RIBES PET ULTRA PASTA 30G,1,0.33,0,35,6
MPF,944133646,COQUN COMBO 60CPR,1,0.33,0,170,5
MPF,944137518,GERMISDIN IGIENE CORPO ORIG 1L,1,0.33,0,29,5
MPF,944149879,LONGLIFE VITAMIN K 100CPR,1,0.33,0,177,6
MPF,944160682,CHIROFERT ORO 30STICK PACK ORO,1,0.33,0,562,8
MPF,944162357,NOVA SANIGEL ACTIVE MANI 400ML,1,0.33,497,0,1
MPF,944181989,VITACALM PROPOSITIV 30CPR,1,0.33,0,212,7
MPF,944257637,SIERO GEL CONTORNO OCCHI CAFF,1,0.33,3,7,2
MPF,944292477,DR VITI COLLAGENE PLUS 250ML,1,0.33,12,157,6
MPF,944313081,DERMOLIVO DETERGENTE OLIO150ML,1,0.33,0,101,9
MPF,944443555,CLOSEBAX SD SHAMPOO 250ML,1,0.33,0,788,7
MPF,944446665,FISIOPAX ADULTI 30BUST,1,0.33,0,176,
MPF,944446816,NOVA ENTERO 4 MILIARDI 20FL,1,0.33,0,86,12
MPF,944547924,PRINCIPIUM CALCIO K D VEG60CPR,1,0.33,0,355,4
MPF,944584630,COGITIX 20CPR,1,0.33,0,140,5
MPF,944596598,SAVEL LATTE BIOS 200ML,1,0.33,0,157,3
MPF,944625983,EXOCOMPLEX ANTIAGE 30CPS,1,0.33,0,57,10
MPF,944629841,DIMA COMPLEX 60CPR,1,0.33,0,3,1
MPF,944633611,LONGLIFE OLIO ORIGANO BIO60PRL,1,0.33,0,107,4
MPF,944651165,"GLUCERNA ADVANCE 1,6 VAN 220ML",1,0.33,0,104,
MPF,944725922,BIOGEL 100 10FL,1,0.33,0,51,4
MPF,944748452,VENDEP PRO 40STICK,1,0.33,1,382,1
MPF,944775713,LONGLIFE ACEROLA C100 FRUT BOS,1,0.33,0,22,
MPF,944828666,CARE FOR YOU GOCCE OCULARI15ML,1,0.33,0,38,1
MPF,944889068,PROGENY PET 60BUST,1,0.33,0,146,6
MPF,944905278,VITACALM BUON RELAX GOCCE 50ML,1,0.33,0,71,7
MPF,944908868,ANURC COMPLEX 30STICK,1,0.33,0,11,2
MPF,944910138,PRINCIPIUM MAGNESIO COMP 200G,1,0.33,0,403,8
MPF,944912512,CURAFLUX RAPID SOSP 30BUST,1,0.33,12,1102,
MPF,944957378,FLODERM IDRATANTE 200ML,1,0.33,0,12,
MPF,944959218,MULTI 45 100CPR,1,0.33,0,66,6
MPF,944959257,PRINCIPIUM COMPLESSO B FT24CPS,1,0.33,0,75,5
MPF,944959271,PRINCIPIUM AC IALUR SKIN 60CPR,1,0.33,0,2,6
MPF,945015143,CALEMA NIGHT 30CPS MOLLI,1,0.33,0,149,5
MPF,945030171,JOHYA OS 15FL,1,0.33,0,286,5
MPF,945030714,VITICIST MIRTILLO 20CPR RIV,1,0.33,0,75,
MPF,945030803,MAGNESIO POTASSIO 24BUST,1,0.33,0,536,7
MPF,945100598,CICAWUND SPRAY 125ML,1,0.33,0,140,3
MPF,945104255,PROLIFE LATTASI 30CPR MASTIC,1,0.33,0,438,14
MPF,945122632,PROBIOGINECK 20CPS VEG DEGLUT,1,0.33,0,130,6
MPF,945138941,FLORYAN 10CPS,1,0.33,11,490,2
MPF,945205298,NEVRALIP 600 RETARD 30CPR,1,0.33,0,161,
MPF,946431564,GLICOPER 30STICK,1,0.33,0,70,10
MPF,946503339,MYCLI C RECHARGE TRATT 50ML,1,0.33,2,0,3
MPF,947022226,ANTAGON 30 CREMA 50ML,1,0.33,0,23,6
MPF,947069819,OTIZON SOL OTOLOGICA 12ML,1,0.33,0,138,3
MPF,947070975,LONGLIFE COLLAGEN 5000 POWDER,1,0.33,0,191,8
MPF,947071015,LONGLIFE SKIN FACTORS 60TAV,1,0.33,0,38,5
MPF,947089037,ROSACURE MASK LEAVE ON 25BUST,1,0.33,0,23,
MPF,947096626,REUTERAL PET GATTO GOCCE 10ML,1,0.33,1,610,8
MPF,947101224,DIFENSIL FLU SPRAY NASO 30ML,1,0.33,0,214,14
MPF,947127662,NEFROKRILL CANE 60PRL,1,0.33,0,183,7
MPF,947129286,MYCLI ALFACALL STARTER DET,1,0.33,3,0,
MPF,947134197,PEAPROSTIL NEX 30CPR TRISTRATO,1,0.33,0,546,11
MPF,947138107,MONOI TIKI FONDOTINTA COMPATTO,1,0.33,0,10,6
MPF,947147827,FOTOULTRA100 SPOT PREVENT COL,1,0.33,0,76,7
MPF,947153971,BALNEUM BASIS OLIO BAGNO 500ML,1,0.33,0,10,4
MPF,947215455,URIKRILL CANE GEL 30BUST,1,0.33,0,122,9
MPF,947225393,LONGLIFE KLAMATH BIO 60CPS VEG,1,0.33,0,5,6
MPF,947236865,ARTIGLIO DEL DIAVOLO CREMA,1,0.33,12,317,3
MPF,947240976,DER-MYC DETERGENTE 400ML,1,0.33,0,244,3
MPF,947247944,CAPSULASE 30CPS,1,0.33,0,178,4
MPF,947251738,ENERPLUS RICARICA 15BUST,1,0.33,0,217,
MPF,947256804,FUSION WATER COLOR LIGHT 50ML,1,0.33,0,86,6
MPF,947260497,OLIGO ZIN PLUS 50TAV,1,0.33,0,115,7
MPF,947260535,VITFORMULA ACEROLA 30STICK,1,0.33,0,542,7
MPF,947267668,XD3 PLUS 30CPS SOFTGEL,1,0.33,0,602,6
MPF,947356301,TRICOVEL PROTEZIONE ULTRA SPR,1,0.33,0,24,9
MPF,947384816,ZELUX MAMMA PLUS 30CPR+30CPS,1,0.33,0,147,6
MPF,947395620,LICHTENA CREMA 200ML NF,1,0.33,0,475,5
MPF,947428064,IAP PHARMA 32+ EDP D 150ML,1,0.33,3,0,
MPF,947430423,COLPLATIR 500 30CPR,1,0.33,0,100,
MPF,947455921,DIMA SOLGAR COMPLEX 60CPS VEG,1,0.33,0,76,
MPF,947455958,BIOVIT 3 MULTI GOCCE 30ML,1,0.33,0,296,5
MPF,947466660,EPIDERSAN MOUSSE 150ML,1,0.33,0,31,
MPF,947468462,BERART PLUS 30CPR,1,0.33,0,501,9
MPF,947477422,MYCLI SOFT PEEL 50ML,1,0.33,3,0,
MPF,947499354,CISTIDEP JUNIOR SOL ORALE150ML,1,0.33,0,76,5
MPF,948002100,OCEANIC SILICIO 50CPS VEG,1,0.33,0,97,1
MPF,948011820,VITA A DRY 100TAV,1,0.33,0,231,9
MPF,948162882,NEFROKRILL GATTO 60PRL,1,0.33,0,685,5
MPF,949435667,TRIGAN LOZIONE ANTICADUTA100ML,1,0.33,0,16,4
MPF,949500692,TOTAL DEP 500ML,1,0.33,0,114,5
MPF,949645333,VITI INTIMO QUOTIDIANO ALOE,1,0.33,24,30,
MPF,949645360,DR VITI DRENANTE ANANAS28STICK,1,0.33,0,68,
MPF,949645372,DR VITI DRENANTE MIRT 28STICK,1,0.33,0,31,
MPF,949645384,DR VITI DRENANTE TE VE 28STICK,1,0.33,0,54,
MPF,949659282,VISUCONDRIO 30CPR,1,0.33,0,217,6
MPF,949886776,MYCLI ALFACALL SIERO 15ML,1,0.33,2,0,2
MPF,949886788,MYCLI C RECHARGE SIERO 15ML,1,0.33,10,0,1
MPF,949886790,MYCLI HA PLAST SIERO 15ML,1,0.33,4,0,2
MPF,949890622,MYCLI DISCOVERY BOX ANTIOX,1,0.33,6,0,1
MPF,949893150,CELLPLUS BOOSTER ANTICELLUL,1,0.33,0,36,2
MPF,949918217,REBIOGER GEL VAGINALE 6APPL,1,0.33,0,321,6
MPF,949970697,DR VITI COLLAGENE CR CRP 200ML,1,0.33,0,28,
MPF,949970723,MASSIGEN PRONTA ENERG12BUS+TEL,1,0.33,8,0,
MPF,949976866,PRONTEX SOFT PAD MEDIC 10X8,1,0.33,0,107,3
MPF,950026260,KLORANE BALSAMO FORTIF CHININA,1,0.33,3,56,
MPF,950027449,BROMELINA COLLOIDALE PLUS100ML,1,0.33,0,13,
MPF,950041741,RINOFLUX WASH SIRINGHE LAV NAS,1,0.33,0,618,15
MPF,950049142,DERMOVITAMINA FILM GEL NW100ML,1,0.33,1,327,1
MPF,950055350,CH PIATTO PORZIONATO 18M+ RA,1,0.33,0,0,
MPF,950055436,CH CUCCHIAIO ANGOL 8M+ AZZ,1,0.33,0,4,
MPF,950055487,CH TAZZA TRANSITION AZZ 4M+,1,0.33,0,41,
MPF,950059788,TIAL D DETERGENTE 250ML,1,0.33,0,184,2
MPF,950060689,ADIPOL 30BUST,1,0.33,0,45,
MPF,950073027,SWISSE MAGNESIO POTASSIO20BUST,1,0.33,0,382,8
MPF,950084424,OMNIVEN PROCTO 40G,1,0.33,0,13,
MPF,950084525,MAIOLICHE BAGNODOCC MELOG500ML,1,0.33,3,0,
MPF,950088462,LFP CREMA ANTIROSS BIOMASK50ML,1,0.33,4,0,5
MPF,950088486,DOLOMIA MU OMBRETTO82 CHALET,1,0.33,1,0,
MPF,950088587,GENAGE YOUTH 10CPR,1,0.33,3,0,
MPF,950101737,LARIBEN 30STICK,1,0.33,0,116,
MPF,950125839,SUPERALA CARNITINE FORTE14BUST,1,0.33,0,133,4
MPF,950150577,BIOSCALIN MENOPAUSA SH RI200ML,1,0.33,0,310,10
MPF,950219562,APOVARY 20CPS,1,0.33,0,149,8
MPF,950221135,BONAMI' PASTICCIOTTO CR NOCC,1,0.33,5,22,4
MPF,950265292,VITALMIX PRONTA ENERGIA 20BUST,1,0.33,0,159,9
MPF,950267207,ESI DEPURERBE FORTE 60CPR,1,0.33,6,56,
MPF,950301770,BAKEL THE ONE SERUM CASE&REF,1,0.33,1,0,
MPF,950302784,CH GIOCO BAMB MFD PICC CUORI,1,0.33,0,4,4
MPF,950304511,PAPERMINTS 60 COOL CAPS,1,0.33,20,0,2
MPF,950407534,MOONILA COLLANA ARGENTO PSYCHE,1,0.33,4,0,1
MPF,950425708,PIC GOCCE OCULARI OCCHIO STANC,1,0.33,4,45,4
MPF,950457224,ID COMFY PANTS NIGHT24-47 S14P,1,0.33,0,100,6
MPF,950457820,BILANCIA BABY DIGITAL MEDIFIT,1,0.33,0,22,6
MPF,950458303,LACTO PIU 3MILIARDI 15CPR,1,0.33,0,57,
MPF,950612352,GHIACCIO SPR 400ML SOFARMAPIU',1,0.33,0,5,4
MPF,950612693,ESENTA DIAMONDS BUSTINE 100PZ,1,0.33,0,29,3
MPF,950831711,ORALB ADVANCED PROT GENG 75ML,1,0.33,6,76,
MPF,950837447,TEN 10 20BUST,1,0.33,0,83,5
MPF,950841712,CRIOCUT EMULSIONE 30ML,1,0.33,0,122,
MPF,950911560,ELIXIR MENOPAUSA 30CPR,1,0.33,0,80,
MPF,950915227,DOLOMIA MU OSI JELLY LIP OIL02,1,0.33,5,0,3
MPF,950915239,DOLOMIA MU OSI JELLY LIP OIL03,1,0.33,5,0,1
MPF,950915241,DOLOMIA MU OSI JELLY LIP OIL04,1,0.33,4,0,1
MPF,950939001,LFP AGE F PRO COLLAGENE 240G,1,0.33,2,0,7
MPF,950965297,ZINCO RAME OLIMENTOVIS 200ML,1,0.33,0,19,2
MPF,950966198,URGO UNGHIE FRAGILI 2ML,1,0.33,0,14,
MPF,950978864,REUFLOR JUNIOR 10FL,1,0.33,26,119,
MPF,950984878,ESI FERROLIN C 30NATURCAPS,1,0.33,0,102,6
MPF,951033036,TIROSINA PLUS 100PAST,1,0.33,0,44,3
MPF,951059029,VIDERMINA CLX DET 500ML NF SP,1,0.33,0,25,
MPF,951064524,CERAVE SKIN RENEWING SIERO VIT,1,0.33,4,79,5
MPF,951064563,CERAVE PATCHES CONTROLLO IMPER,1,0.33,6,319,8
MPF,951091901,EUCERIN DC FLUIDO OPACIZZ 40ML,1,0.33,9,111,7
MPF,951091949,EUCERIN DC TRATTAMENTO RINN,1,0.33,0,95,
MPF,951135627,COLINOX 40CPR MASTICABILI,1,0.33,0,0,
MPF,951189644,PERIOAID PROTECT GEL CLX+IALUR,1,0.33,6,156,2
MPF,951215464,AVENE SOL ULTRA STICK SPF50,1,0.33,5,38,8
MPF,951268768,QUIXX DELICATE SOL IRRIG NAS,1,0.33,3,331,
MPF,951306240,PSIPROTO FERT 30BUST,1,0.33,0,158,2
MPF,951318690,LFP CREMA GEL PURIF BIOMA 50ML,1,0.33,13,0,6
MPF,951318726,LFP GEL DET PURIF BIOMA 200ML,1,0.33,15,0,7
MPF,951318738,LFP CREMA GEL DREN ANTICE250ML,1,0.33,3,0,2
MPF,951318942,LFP SOL SPRAY CORPO 50 200ML,1,0.33,14,0,1
MPF,951377516,BAKEL LIP TREATMENT BALM 15ML,1,0.33,1,0,
MPF,951378215,BAKEL THE ONE CREAM 15ML,1,0.33,2,0,
MPF,951378254,BAKEL AGE LESS CR HYDR CAS&REF,1,0.33,1,0,
MPF,951381452,CERAVE PROTEZIONE SOL 30 177ML,1,0.33,46,72,8
MPF,951381476,CERAVE PROTEZIONE SOL50+ 177ML,1,0.33,107,93,7
MPF,951553484,ENRICO COVERI CONT GIRL VL EDP,1,0.33,5,0,1
MPF,951889930,APTODIN ESO 30STICKPACK,1,0.33,0,235,6
MPF,952001182,SAUBER DEO 72H SENSITIVE SPRAY,1,0.33,52,0,3
MPF,952003681,DOLOMIA SC PD+ SIERO ILL 30ML,1,0.33,3,0,1
MPF,952003693,LFP ATTIVO MULTIPEPTIDE 20ML,1,0.33,5,0,5
MPF,952097590,BENEXE' SOL UNICA 500ML+PORTAL,1,0.33,8,23,1
MPF,952114318,JADE PATCH OCCHI RINF 10PAIA,1,0.33,5,0,1
MPF,970154643,MODASANA 140 AD PU/A NATURE 3,1,0.33,0,29,
MPF,970154668,MODASANA 140 AD PU/A NATURE 5,1,0.33,0,8,
MPF,970154706,MODASANA 140 AGH PU/A NATURE 4,1,0.33,0,15,
MPF,970176323,WIQO NOURISHING CREAM NC SKIN,1,0.33,0,3,10
MPF,970176513,BIATAIN SIL LITE ADES 5X5CM,1,0.33,0,14,8
MPF,970201986,TEA TREE POMATA 100ML,1,0.33,0,189,7
MPF,970231991,EOS BOSWELLIA PH S 30CPR,1,0.33,0,56,4
MPF,970257376,DERMABLEND 3D 15 30ML,1,0.33,7,5,1
MPF,970257388,DERMABLEND 3D 25 30ML,1,0.33,0,168,
MPF,970283964,PROVISION PIERPAOLI 60CPR,1,0.33,0,2191,9
MPF,970336855,ABIORAL 24CPR,1,0.33,0,50,4
MPF,970371187,LADYGLORIA 24 AREG PU/A DAI 3,1,0.33,0,4,
MPF,970373015,NEUROVISION 30BUST,1,0.33,0,119,4
MPF,970375945,EPATOSTAR FORTE 20CPR RIVEST,1,0.33,0,156,5
MPF,970406613,POLICALM SHOWER GEL 300ML CE,1,0.33,0,206,6
MPF,970419646,SALVIA ESTRATTO INTEGRALE200ML,1,0.33,0,16,5
MPF,970430361,POLYPORUS MICOTHERAPY 90CPS VE,1,0.33,0,12,9
MPF,970435703,DIGESTIVO ANTONETTO A/R LIMONE,1,0.33,3,195,8
MPF,970441806,OLINORM GEL VAGINALE,1,0.33,0,258,7
MPF,970445185,SAUBER ANTITRASP 72ORE ROLL-ON,1,0.33,6,0,
MPF,970447850,ECOSDOL 30CPR,1,0.33,0,28,4
MPF,970448712,EQUISETO ESTRATTO INTEGR 200ML,1,0.33,0,56,6
MPF,970449334,TENA WASH MOUSSE 400ML,1,0.33,0,116,9
MPF,970451124,OCTILIA LACRIMA 10ML,1,0.33,0,302,11
MPF,970458067,VITADORON WELEDA 200PAST,1,0.33,0,46,7
MPF,970488817,KIJIMEA COLON IRRITABILE 14CPS,1,0.33,0,58,9
MPF,970495521,TARASSACO ESTRATTO INTEGR200ML,1,0.33,0,52,5
MPF,970508964,ESI PROPOLAID SPR GOLA MIELE,1,0.33,22,89,2
MPF,970515829,LFP B ULTRA 30CAPSULE,1,0.33,10,0,7
MPF,970516706,DETOX BIO INTENSIVO 3PZ 20ML,1,0.33,0,22,
MPF,970524916,CLINDERM MAMMA 50CPS,1,0.33,0,23,
MPF,970526784,ADIPECAL 45+ 30CPR,1,0.33,0,15,6
MPF,970701381,BRAVA SALVIETTE DET 15PZ,1,0.33,0,97,4
MPF,970701696,COLLAGEN DRINK LIMONE 295G,1,0.33,0,196,7
MPF,970712939,OSTEO GHEOS FUNZIONALE 180CPR,1,0.33,0,52,6
MPF,970777532,LUPPOLO ESTR INTEGRALE 200ML,1,0.33,0,26,2
MPF,970795201,RENAL N PASTA 15ML,1,0.33,0,159,8
MPF,970929648,SALI DI ISCHIA BODYQUE CORAL V,1,0.33,0,165,
MPF,970929675,MIGLIOCRES SHAMPOO RIEQ BIPACK,1,0.33,11,33,
MPF,970970947,BARIESUN BALS DOPOSOLE 500ML,1,0.33,0,349,3
MPF,970973475,IAP PHARMA 13 DONNA 150ML,1,0.33,5,0,
MPF,970988059,STERI STRIP SKIN 6X75MM 6STR,1,0.33,0,88,7
MPF,970994962,CURASEPT BIOSMALTO COLLUT SENS,1,0.33,4,747,6
MPF,971029626,CALENDULA NYP&BABY 75ML CEMON,1,0.33,0,23,
MPF,971055468,EAU THERMALE LAIT CORPO 500ML,1,0.33,0,114,
MPF,971057094,KALEVIS-K 20BUST,1,0.33,0,370,7
MPF,971064783,TRIAMAG B6 36CPR,1,0.33,0,175,
MPF,971070673,DERCOS AMINEXIL FIALE 21 DONNA,1,0.33,32,27,
MPF,971090434,Q-ON STIMOLATORE MAGNETICO,1,0.33,0,10,4
MPF,971092236,LIVE VITAMINS 30CPS,1,0.33,0,60,4
MPF,971096452,COMFEEL PLUS 20X20 5PZ,1,0.33,0,4,
MPF,971096488,COMFEEL PLUS TRASP 5X7 10PZ,1,0.33,0,106,4
MPF,971117914,ESI FERMENTAL MAX 20NATURCAPS,1,0.33,0,36,8
MPF,971120264,ALTEA ESTRATTO INTEGRALE 200ML,1,0.33,0,36,
MPF,971120302,GENZIANA ESTRATTO INTEGR 200ML,1,0.33,0,12,
MPF,971123841,OLEOLITO DI IPERICO 100ML,1,0.33,0,7,
MPF,971169976,SAUBER COL 140 LIS NE 3,1,0.33,6,28,
MPF,971173455,FITOSTIMOLINE SPRAY 75ML,1,0.33,9,354,3
MPF,971196959,AGAR-AGAR POLVERE 100G,1,0.33,0,18,
MPF,971196985,ANANAS ESTRATTO TIT 60PAST,1,0.33,0,20,2
MPF,971197191,FINOCCHIO ESTRATTO TIT 60PAST,1,0.33,0,10,
MPF,971215037,HIPP BIO OMOG PERA WILL 6X80G,1,0.33,0,13,
MPF,971216700,NATUR-GYM 60CPS VEGETALI,1,0.33,0,156,4
MPF,971251285,SIRE MAG 60CPR,1,0.33,0,7,9
MPF,971256476,LFP ENERSALTAB 30CPR 33G,1,0.33,18,0,8
MPF,971258037,TUSSALT 10BUSTE,1,0.33,0,4,
MPF,971260308,CLEARBLUE RILEVAZIONE PRECOCE,1,0.33,22,272,
MPF,971272556,BARIEDERM CICA-LEVRES 15ML,1,0.33,0,1386,
MPF,971299932,PERIO AID ACTIVE CONTROL 500ML,1,0.33,6,157,2
MPF,971309935,INTRAFLOOR 30CPS,1,0.33,0,109,
MPF,971325271,PEDIAKD PLUS 5ML,1,0.33,0,90,7
MPF,971337454,GASTRO ENZYME 30CPS VEGETALI,1,0.33,0,84,2
MPF,971337872,"BENEFIBRA POLVERE 28BUST 3,5G",1,0.33,3,467,
MPF,971347606,GEHWOL CUSC CALCAGNO L PAIO,1,0.33,0,8,
MPF,971357393,MEDI 18 COLL P AP NAT 6 1405PA,1,0.33,5,2,
MPF,971376532,STEFORT SOL ORALE 10FL 10ML,1,0.33,0,789,3
MPF,971377559,BASE LAVANTE 273 300ML,1,0.33,0,300,7
MPF,971390719,RINOWAY3% SALI IPERTON 30BUST,1,0.33,0,77,5
MPF,971399249,FARINA DI CARRUBE BIO 250G,1,0.33,0,24,5
MPF,971481256,CICAPLAST LAVANT B5 GEL DET,1,0.33,3,1,6
MPF,971484340,LACTOFER FERMENTI 12BUST,1,0.33,0,32,7
MPF,971528171,TRIUM GOCCE OCULARI 10ML,1,0.33,0,249,8
MPF,971528219,IRIDIUM A FREE 10ML,1,0.33,1,749,
MPF,971534096,ESSENTIA 2TUBI 220GR,1,0.33,0,3,6
MPF,971550886,FLAVIA NOTTE 30CPS MOLLI,1,0.33,0,98,5
MPF,971647072,IPB-3 30CPR,1,0.33,0,101,3
MPF,971669763,ORALDRY SENSITIVE COLLUTORIO,1,0.33,0,11,
MPF,971671464,EFFACLAR ACQUA MICELL P G400ML,1,0.33,4,1,1
MPF,971678420,FICUS CARICA GEMME MG 60ML,1,0.33,0,13,
MPF,971682923,PARAOSSIMIX 60CPS 510MG,1,0.33,0,43,
MPF,971731219,CRATAEGUS OX GETTI MG 30ML,1,0.33,0,3,4
MPF,971739988,BIGNE DA FARCIRE 100G,1,0.33,0,32,
MPF,971744646,"SYALOSET PLUS SIR 1,5% 4ML",1,0.33,0,29,4
MPF,971746704,SERANS GOCCE 30G,1,0.33,0,140,5
MPF,971748429,NUCRON PASTA 15G,1,0.33,0,183,4
MPF,971752112,VITA ACT CALCIO+VIT D 60CPR,1,0.33,0,211,12
MPF,971755335,SEDAGOLA 200ML,1,0.33,0,24,5
MPF,971952609,GLOBINAX 30CPS,1,0.33,0,17,7
MPF,971952876,NUTRIFREE PANFETTE INTEGR 340G,1,0.33,0,0,
MPF,971953029,NUTRIFREE FETTE BISC 225G,1,0.33,0,67,
MPF,971966484,CLIAORTHO FASCIA POSTOP 7,1,0.33,1,3,
MPF,971966510,RODIOLA ROSEA 50CPS VEG,1,0.33,0,135,8
MPF,971967866,RENALIT COMBI COLIC 120ML,1,0.33,0,2028,7
MPF,971970191,GAMMADIS GUANTI LATT C/P M,1,0.33,0,0,
MPF,971970239,GAMMADIS GUANTI LATT S/POLV S,1,0.33,0,64,
MPF,971980697,MEDIPRESTERIL MED POSTOP 10X30,1,0.33,0,119,11
MPF,971981105,BIO STRATH ELIXIR 500ML,1,0.33,0,37,
MPF,971992401,XERON COLLUTORIO 50ML,1,0.33,0,4,
MPF,971998327,EKEEP K1 POSTURE KEEPER D 0,1,0.33,2,6,
MPF,972001046,RIGEDERM CREMA 100ML,1,0.33,0,40,6
MPF,972036750,EUCERIN PH5 SOFT CREAM 450ML,1,0.33,6,105,6
MPF,972058679,SANODET DS SHAMPOO 200ML,1,0.33,0,27,5
MPF,972059784,"FLOCARE SACCA C/DEFLU 1,3L INF",1,0.33,0,16,
MPF,972059796,FLOCARE SACCA C/DEFLUS 2L INF,1,0.33,0,41,
MPF,972135812,EMOFORM BIO DENTIFRICIO OFS,1,0.33,4,181,1
MPF,972141877,SNELLIFE EVOLUTION CPR,1,0.33,0,559,2
MPF,972143147,URINET 30CPR FILMATE,1,0.33,0,45,10
MPF,972254534,DEAFLOG COMPRESSE,1,0.33,0,78,
MPF,972260590,EMORSAN RAG 2 TUBI 30+30ML,1,0.33,0,240,6
MPF,972260614,RIGEAVIT 30CPR,1,0.33,0,116,4
MPF,972264636,BLEFASTOP GARZA COT PIE RX 28P,1,0.33,0,1140,2
MPF,972269738,RITMOLAX FLUIDO CONCENTRA200ML,1,0.33,0,52,7
MPF,972276137,CLOG EVO TPR UNISEX BLUE 39-40,1,0.33,0,12,
MPF,972276594,CLOG EVO TPR UNI EMERALD 38-39,1,0.33,0,19,
MPF,972276606,CLOG EVO TPR UNI EMERALD 39-40,1,0.33,0,3,
MPF,972287989,CYSTOPHYTO PASTA 30G,1,0.33,0,7,4
MPF,972288171,VITASTICK PASTA 15G,1,0.33,0,3,
MPF,972353193,STRIAVEN CREMA GEL 100G,1,0.33,0,125,3
MPF,972353965,ALGIOMEGA 3 120PRL,1,0.33,3,14,
MPF,972381990,EPATOACT 36CPS 500MG,1,0.33,0,143,9
MPF,972468197,TOTAL NEEM PROTECTION SPRAY MU,1,0.33,0,178,6
MPF,972472841,DUALCOL 30CPR,1,0.33,0,173,6
MPF,972516835,SUCCO 100% MELA ARA CAR LIM,1,0.33,0,15,5
MPF,972525149,GIBAUD ORTHO LOMBOGIB LADY26 1,1,0.33,5,14,5
MPF,972525190,GIBAUD ORTHO INTELLISLING 15 1,1,0.33,0,2,
MPF,972525202,GIBAUD ORTHO INTELLISLING 15 2,1,0.33,0,2,
MPF,972525226,GIBAUD ORTHO INTELLISLING 30 2,1,0.33,0,3,
MPF,972525240,FOLAMET 30CPR 500MG,1,0.33,0,529,7
MPF,972533549,REDOX S 30CPS,1,0.33,0,147,
MPF,972539872,FLOGOX 30CPS,1,0.33,0,37,
MPF,972691733,ALLUXCARE SEPARATORE DIVAR S,1,0.33,0,6,
MPF,972765402,IAP PHARMA 31 DONNA 150ML,1,0.33,3,6,4
MPF,972787701,MIONYTE ORO 30CPR,1,0.33,0,11,3
MPF,972790416,NEO MOM SHAMPOO ANTIPARAS150ML,1,0.33,0,187,6
MPF,973178813,ERA MGK D3 20BUST,1,0.33,0,71,2
MPF,973179120,BOLO VIA PASTA GATTI 50G,1,0.33,0,159,8
MPF,973191289,TRICODERM CAPS 30CPR,1,0.33,0,103,
MPF,973203603,EMOFORT 550 30CPS,1,0.33,0,21,5
MPF,973204290,ERBEROS 30CPR,1,0.33,0,40,3
MPF,973204593,FERROLIP 20BUST OROSOLUBILI,1,0.33,0,185,7
MPF,973207499,RIDERMA MOUSSE DETERGENTE150ML,1,0.33,0,4,
MPF,973257494,VITAVEN 60CPS 550MG,1,0.33,0,1,2
MPF,973293071,DEFENCE BODY REDUCELL SNE200ML,1,0.33,0,7,3
MPF,973293210,DETOX WHITE GOCCE 50ML,1,0.33,0,11,7
MPF,973328242,BIOTRANSIT 15STICK 15ML,1,0.33,0,713,7
MPF,973335007,NUTRICERAT SHAMPOO200ML DUCRAY,1,0.33,4,0,2
MPF,973351758,"MAG 6 RAPID 20STICK 1,5G",1,0.33,0,165,7
MPF,973378159,M-AID RESOLVE CICATR CER 25X4,1,0.33,0,97,
MPF,973500301,PURES SPRAY TONICO CIRC 100ML,1,0.33,0,9,
MPF,973500729,SOMAT SKIN EX SNEL 7NTT G400ML,1,0.33,0,142,
MPF,973608589,DERMORELIZEMA DET LIPORESTITUT,1,0.33,0,66,5
MPF,973622703,VIDLIFE 30CPR,1,0.33,0,20,
MPF,973623008,MAVALA SCIENTIFIQUE K+ 5ML,1,0.33,0,19,7
MPF,973623832,NEUROMET 60CPR,1,0.33,0,168,1
MPF,973648886,LENET MICO 400ML,1,0.33,0,136,5
MPF,973650765,COLLAGENAT NO-AGE 10FL,1,0.33,0,27,
MPF,973662137,FERRO OLIMENTOVIS 200ML,1,0.33,0,23,
MPF,973662582,SUSTENIUM MAGNESIO/POT 28BUST,1,0.33,0,275,11
MPF,973726514,LIEVITOSOHN 60CPR,1,0.33,0,76,11
MPF,973730029,EUCERIN SUN PHOTOAGING SPF30,1,0.33,1,111,1
MPF,973865696,FLEX UC II 30CPS 500MG,1,0.33,0,0,
MPF,973924119,NOVOPROX 30CPS,1,0.33,0,474,3
MPF,973989890,ONICOPOD TR GOCCE 15ML,1,0.33,0,297,4
MPF,974003749,CONDRONIL IALDUE SIR INT-AR2ML,1,0.33,0,46,5
MPF,974010617,LFP DIFESA JUNIOR 45PESC MAST,1,0.33,11,0,6
MPF,974021418,PROSTYM 30CPS,1,0.33,0,155,
MPF,974024958,SUBRANS 20CPR,1,0.33,0,151,6
MPF,974036131,PLASMON BISCOTTI BIBERON 600G,1,0.33,0,38,
MPF,974036675,MIODOL 20CPR BLISTER 10G,1,0.33,0,55,7
MPF,974044099,BROMELINA Q MONDO NATURA 30CPR,1,0.33,0,165,3
MPF,974058051,ECLADERM CREMA CANOVA 50ML,1,0.33,0,41,
MPF,974058176,RIVESCAL SHAMPOO DEL CANOVA,1,0.33,0,183,3
MPF,974058327,VISCAPLUS CANOVA 60CPS,1,0.33,0,293,7
MPF,974058339,SENSIQUELL CR DET CANOVA 250ML,1,0.33,0,131,3
MPF,974058341,SENSIQUELL CR DET CANOVA 400ML,1,0.33,0,181,5
MPF,974088837,EKEEP K1 POSTURE KEEPER D BI 2,1,0.33,4,0,
MPF,974088852,EKEEP K1 POSTURE KEEPER D BI 4,1,0.33,4,3,
MPF,974105924,BIODERM STOMA PLUS 200ML,1,0.33,0,74,4
MPF,974109201,CERAVE LOZIONE IDRATANTE 236ML,1,0.33,8,112,9
MPF,974109264,CERAVE LOZIONE IDRATANTE 88ML,1,0.33,0,29,13
MPF,974109314,CERAVE CREMA IDRATANTE 177ML,1,0.33,6,671,6
MPF,974161832,GIBAUD ORTHO LOMBOGIB WORK 2,1,0.33,3,0,
MPF,974373488,PRUMERIS CREMA IDRAT EMOL400ML,1,0.33,0,207,4
MPF,974381093,REV IDRAX BOTU' PLUS CR 50ML,1,0.33,0,124,
MPF,974425516,CANDIDOPHILUS 30CPS,1,0.33,0,27,
MPF,974513994,BIOSON GOCCE 30ML,1,0.33,0,47,
MPF,974514337,IAP PHARMA 37 DONNA 150ML,1,0.33,1,6,
MPF,974646325,SKUDO PROTEZIONE OCCHI TR 1PZ,1,0.33,0,319,5
MPF,974655401,ALGEM MANUKA MIKO LEN GEL 15ML,1,0.33,0,9,
MPF,974758637,ATODERM HUILE DE DOUCHE 100ML,1,0.33,0,3,
MPF,974762724,MAGNESIO E POTASSIO 30BUST,1,0.33,0,38,
MPF,974769097,EUCERIN ATOPIC OLIO DET 400ML,1,0.33,0,420,
MPF,974887743,NUTRIVA VEGAN B12 60CPR 1000MC,1,0.33,0,117,10
MPF,974890372,COMPENSA Q DIET POLVERE 250G,1,0.33,0,21,
MPF,974897504,"ALKAGIN GEL INTIMO PROT PH 4,5",1,0.33,0,42,
MPF,974989028,BIONAIF PLANTARE ATT RELA34-38,1,0.33,0,3,
MPF,975003714,EUCERIN PH5 DET FLUIDO 400ML,1,0.33,3,259,5
MPF,975017219,LIFTACTIV LIFT COLLAGEN SPEC,1,0.33,13,131,10
MPF,975025053,BIOCLIN BIO COLORIST 8,1,0.33,0,8,10
MPF,975053176,CALENDULA 100ML CREMA COLOURS,1,0.33,0,3,10
MPF,975054608,EUCERIN ANTI-PIGMENT GG SPF30,1,0.33,0,179,10
MPF,975063239,CEROTTO SPRAY,1,0.33,0,385,4
MPF,975067695,SEMI DI ZUCCA DECORTICATI 200G,1,0.33,0,17,
MPF,975067758,IAP PHARMA 38 150ML,1,0.33,6,0,
MPF,975082153,ICONTROL G STRISCE GLIC 25STR,1,0.33,0,101,
MPF,975082936,GIBAUD SPORT GINOCCHIERA 3,1,0.33,3,1,
MPF,975084740,PIC INSUPEN ADV AGO G32X4MM,1,0.33,0,6986,10
MPF,975186560,VITA D GOCCE 50ML,1,0.33,0,49,12
MPF,975201361,MULTIVITALEX 30CPR,1,0.33,0,161,1
MPF,975253586,SAUBER UOMO FANT 140NE DENIM P,1,0.33,1,0,
MPF,975354921,PROBACTIOL STIPS ITA 20BUST,1,0.33,0,15,8
MPF,975399027,LFP SOL SPRAY FRESCO 50+ 200ML,1,0.33,6,0,
MPF,975399054,LFP SOL LATTE CORPO 30 100ML,1,0.33,5,0,7
MPF,975399243,LAPIREN 20BUST,1,0.33,0,196,8
MPF,975414107,GIBAUD GINOCCHIERA EL BLU 5,1,0.33,2,0,
MPF,975427295,GIBAUD CLASSIC CINT POSTOP ST6,1,0.33,4,0,
MPF,975429818,"CLIADENT SCOVOLINO 5PZ 1,1MM",1,0.33,0,30,
MPF,975430125,SOLFAC AUTOMATIC FORTE NF150ML,1,0.33,0,53,4
MPF,975430341,FOOTCARE PROT VALGO C/SEPAR D9,1,0.33,0,123,12
MPF,975448337,SCHAR SAVOIARDI 200G,1,0.33,0,189,
MPF,975453869,BIOREPAIR COLLUTORIO PROT GENG,1,0.33,0,634,13
MPF,975456613,GELSECTAN 60CPS,1,0.33,0,383,12
MPF,975508742,EUCERIN UREAREP BALS CRP 450ML,1,0.33,18,206,
MPF,975524240,XIOGLICAN GEL 50G,1,0.33,3,145,3
MPF,975597295,ESI ALOE VERA SUCCO+FT MIR 24P,1,0.33,0,51,4
MPF,975597307,ESI ALOE VERA SUCCO+FT 24POCK,1,0.33,0,78,1
MPF,975611649,PURES SPRAY INSETTI PMC 75ML,1,0.33,0,52,12
MPF,975734132,RILASTIL XEROLACT GEL DET400ML,1,0.33,0,70,8
MPF,975743081,"ERART 20BUSTE 4,8G",1,0.33,0,103,6
MPF,975761521,BORO OLIMENTOVIS 200ML,1,0.33,0,45,
MPF,975813813,SWISSE MAXI COENZIMA Q10 30CPS,1,0.33,0,311,
MPF,975896426,GIBAUD ORTHO DORSOLOMBOGIB 2,1,0.33,1,6,
MPF,975906684,HERBATINT 3DOSI 4N 300ML,1,0.33,0,47,3
MPF,975941737,FERTISTILL 20BUST,1,0.33,0,72,5
MPF,975946284,SENSIBIO GEL MOUSSANT 500ML,1,0.33,0,209,
MPF,975965676,RETIBEN 20STICK 10ML,1,0.33,0,192,4
MPF,975979117,ZERO MACCHIE CREMA MANI SPF30,1,0.33,0,14,5
MPF,975983317,DUALSAN SLIP CONTENITIVO UOMO5,1,0.33,4,32,
MPF,975983394,DUALSAN SLIP SOSPENSORIO UOMO7,1,0.33,4,16,
MPF,976006458,PLUSOL CREMA SOLARE SPF50 50ML,1,0.33,0,23,6
MPF,976013324,DEXYANE CREMA BALS A/GRAT200ML,1,0.33,0,41,
MPF,976014668,SYNOQUIN EFA M BREED 30CPR,1,0.33,0,68,
MPF,976192070,ALEVICA 200CPR MASTICABILI,1,0.33,0,14,
MPF,976202717,CRISPACT 30STICK OROSOLUBILI,1,0.33,0,647,
MPF,976203238,NERVATIL 60CPR,1,0.33,0,51,
MPF,976207973,OROBEN COLLUTORIO 150ML,1,0.33,0,397,11
MPF,976209775,CURAPROX CPS 457 POCKET SET 1,1,0.33,0,82,
MPF,976209813,CURAPROX CS 3960 SUP SOFT 1UN,1,0.33,0,322,9
MPF,976209876,CURAPROX CS 5460 ORTHO 1UN,1,0.33,0,58,9
MPF,976276333,MAMMABEN 15STICKPACK,1,0.33,0,59,6
MPF,976293819,PERSPIREX MEN REGULAR ROLL ON,1,0.33,0,179,10
MPF,976306454,NUTRICAP PLUS 30COMPRESSE,1,0.33,0,21,
MPF,976307948,REABILAX 16BUST,1,0.33,0,170,2
MPF,976309587,LFP FERMENTIFLUID JR 10FLX7ML,1,0.33,24,0,6
MPF,976310870,FLONAT FAST 20CPR,1,0.33,0,203,3
MPF,976326417,CH GIOCO TRILLINO CELL CANE,1,0.33,0,23,5
MPF,976329387,EMOFORM DENT FORTE CREMA ADES,1,0.33,10,155,4
MPF,976334185,MULTICENTRUM DONNA 60CPR,1,0.33,7,303,4
MPF,976335695,KALEIDON PROBIOTIC ACTIVE AGE,1,0.33,0,70,6
MPF,976345785,COLPHARMA LAMP LED A/ZANZ 11W,1,0.33,9,0,
MPF,976390524,MINERAL 89 SIERO 75ML,1,0.33,6,371,9
MPF,976394700,LFP ENTEROFLUID 10X10ML,1,0.33,18,0,7
MPF,976395350,PHYSIOMANNA KIDS 6PZ,1,0.33,0,18,3
MPF,976396162,SWISSE DONNA 65+ MULTIVIT30CPR,1,0.33,0,255,10
MPF,976396996,AVEENO PN CREMA IDRAT CRP200ML,1,0.33,15,32,7
MPF,976399182,EPITACT CARPAL'GO DX TG L,1,0.33,0,3,
MPF,976403877,PISOLINO TRIPTO 50ML,1,0.33,0,154,3
MPF,976404778,TIAN ZHI CEROTTO 4PZ,1,0.33,0,66,7
MPF,976679833,NORMALIA EXTRA 30STICK ORALI,1,0.33,0,451,9
MPF,976731152,PELVILEN DUAL ACT 20CPR,1,0.33,0,737,10
MPF,976769226,NUTRIFREE LE BRIOCHE GTT 200G,1,0.33,0,42,
MPF,976784114,"SCHAR FETTE BISCOTTATE 3X86,7G",1,0.33,0,151,7
MPF,976784203,KETO DIET SLIM 60CPS,1,0.33,0,45,1
MPF,976785497,OMNI BIOTIC STRESS REPAIR 28BU,1,0.33,0,835,10
MPF,976785511,OMNI BIOTIC STRESS REPAIR 7BUS,1,0.33,0,56,5
MPF,976785562,OMNI BIOTIC 6 7BUST,1,0.33,0,161,9
MPF,976823827,FDR COFANETTO BAGNETTO,1,0.33,0,22,8
MPF,976828311,HALIBORANGE VIT D3 20000 UI8ML,1,0.33,0,118,9
MPF,976829147,DEFENCE COVER FONDOT/CORR 102,1,0.33,0,0,
MPF,976863946,CURADOL CEROTTO 5PZ,1,0.33,0,42,5
MPF,976864443,OMNI BIOTIC 10 AAD 30BUST,1,0.33,0,543,7
MPF,976906988,COLON REGULAR LIQ ANALCO 200ML,1,0.33,0,26,
MPF,976907004,ZENTIVA PROBIOTICO 6MLD 24CPS,1,0.33,2,181,3
MPF,977021258,AMUCHINA GEL X-GERM 250ML,1,0.33,0,229,8
MPF,977021260,AMUCHINA 10% SPRAY CUTE 200ML,1,0.33,0,486,10
MPF,977099213,DERMOVITAMINA MICO SMALTO RO,1,0.33,8,213,3
MPF,977254147,EQUIMEL 40CPS,1,0.33,0,56,7
MPF,977347412,MOPEDIA RIALZO WC 10CM C/FERMI,1,0.33,0,5,
MPF,977404882,BIOCALM FITOGOCCE 30ML,1,0.33,0,66,
MPF,977445903,FOLICVET 15CPR,1,0.33,0,128,1
MPF,977449026,COLLUTO3 COLLUTORIO OZONO250ML,1,0.33,0,107,6
MPF,977466642,BERGAMON ALFA COSMETIC 500ML,1,0.33,4,129,4
MPF,977628066,CH SCOVOLINO SILICONE,1,0.33,0,15,
MPF,977631706,NUTRIFREE FETTE BISC INT 225G,1,0.33,0,100,
MPF,977632025,FICUS CARICA BOIRON MG 60ML,1,0.33,0,111,12
MPF,977633458,ARTYONE 30CPS,1,0.33,0,175,4
MPF,977662117,VERSET ANDREA FOR HER EDP 50ML,1,0.33,0,107,1
MPF,977695170,GLORIA162EVO AD BE MC,1,0.33,0,11,
MPF,977701034,AESCULUS HIPP BOIRON MG 60ML,1,0.33,0,17,7
MPF,977705920,VALERIANA BOIRON EI 60ML,1,0.33,0,46,7
MPF,977709017,PIACERI MEDIT CEREALORO ANELL,1,0.33,0,111,
MPF,977709979,PINUS MONTANA BOIRON MG 60ML,1,0.33,0,17,
MPF,977732561,TENSIOPRAM GOCCE 30ML,1,0.33,0,337,3
MPF,977733221,ESI NO DOL GLUCOSAMINA PURA90O,1,0.33,6,107,9
MPF,977790702,APROTEN PANE BIANCO FETTE 2PZ,1,0.33,0,77,10
MPF,977793470,LEIS COLLARE BARRI CANE 35CM S,1,0.33,0,21,
MPF,977802976,REDUCE-CPP 30CPR,1,0.33,0,75,7
MPF,978115778,LAEVOLAC EQUIFLORA 20CPR,1,0.33,32,396,
MPF,978115792,LAEVOLAC REGOLA 20BUSTE,1,0.33,0,235,15
MPF,978244919,LUBRISANA COLL FL 10ML,1,0.33,0,10,
MPF,978266207,PROSTAT ACT 60CPR,1,0.33,0,439,3
MPF,978305516,VITIS JUNIOR GEL 75ML INTL,1,0.33,7,60,
MPF,978314730,EUMILL DRYREPAIR GOCCE OCULARI,1,0.33,6,588,
MPF,978467393,ZENZERO E LIMONE ULTRA 60CPS,1,0.33,0,21,
MPF,978473674,ANNURKOLEST 60CPS,1,0.33,0,710,
MPF,978474183,CISTITASK 14BUST,1,0.33,0,234,2
MPF,978494906,DERMOVITAMINA PROCTOC FAST,1,0.33,0,135,11
MPF,978573879,METADIGEST LACTO 15CPS,1,0.33,0,103,9
MPF,978575621,OMEGOR KIDS 140ML,1,0.33,0,70,5
MPF,978588919,EXTRACT NERVUM 50ML,1,0.33,0,44,4
MPF,978594568,TRIDERM BABY BAGNO CREMA 500ML,1,0.33,0,111,8
MPF,978594582,TRIDERM BABY SHAMPOO ULTRADEL,1,0.33,0,100,
MPF,978598389,MEDI 14 COLL-XL NAT 4 7005XL,1,0.33,3,2,1
MPF,978598821,FOOTCARE CORR VALGO NTT2PZ D10,1,0.33,0,37,
MPF,978837425,CS ACQUA SOLARE ABBRONZ SPF50,1,0.33,6,12,
MPF,978837716,FDR BURRO VISO/MANI 30ML,1,0.33,0,44,
MPF,978845648,CARDO MAR 60CPR TERRANATA,1,0.33,0,10,
MPF,978851347,ANSIOLEV GOCCE 20ML,1,0.33,0,1836,10
MPF,978852085,LFP BABY PASTA 100ML,1,0.33,14,0,
MPF,978861591,U-LIFE 20 CREMA 100ML,1,0.33,0,65,8
MPF,978861615,U-LIFE 30 CREMA 50ML,1,0.33,0,64,5
MPF,978862326,ANTHELIOS SHAKA SPRAY 30 200ML,1,0.33,7,254,6
MPF,978862439,AVEENO BAGNO DOCC VAN&AVE300ML,1,0.33,0,11,7
MPF,978867909,LIMBICA 14BUST,1,0.33,0,179,
MPF,978867923,BABYWASH CALENDULA 200ML,1,0.33,0,130,
MPF,978867974,BABY CREMA PROTETTIVA CAL 75ML,1,0.33,0,756,10
MPF,978870893,ACCORDO EBANO SHAMPOO DOCCIA,1,0.33,0,30,8
MPF,978919532,RESTOMYL SUPPLEMENTO CANE 60G,1,0.33,0,59,10
MPF,978919619,CHROMITRON 40CPS,1,0.33,0,265,7
MPF,978939940,LAVONASE SIR 60ML IRRIG NASALE,1,0.33,0,5,1
MPF,978940171,LFP ATTIVO MANDELICO 20ML,1,0.33,3,0,
MPF,978981963,BASTONCINO PULIZ CAVO OR 20PZ,1,0.33,0,100,
MPF,979011071,DERMAFFINE AI CREMA 50ML,1,0.33,0,210,5
MPF,979012085,CAPELLI ACT FORTE 30CPR,1,0.33,13,34,1
MPF,979016312,LFP URODEFENCE 14BUST,1,0.33,5,0,
MPF,979021375,PEDIAFER SOLUZIONE ORALE 30ML,1,0.33,0,29,7
MPF,979021639,CUTALGAN A-DERMA SPRAY 100ML,1,0.33,0,85,8
MPF,979043116,APROPOS MAGNESIO/POTASSIO24BUS,1,0.33,0,67,12
MPF,979049804,LACTOSOLUTION 15000 30CPR,1,0.33,0,371,3
MPF,979051568,ALUSAC MASCHERA 75ML,1,0.33,0,15,9
MPF,979051669,ALOEVERA2 ALOE PICKY 12ML,1,0.33,1,0,
MPF,979051683,ALOEVERA2 GEL PRIMIT ALOE FGL,1,0.33,10,152,
MPF,979055338,ONCOS DETERGENTE VISO 100ML,1,0.33,0,9,7
MPF,979070214,WET GEL 20G,1,0.33,6,461,7
MPF,979081635,EDENORM FREE COLLIRIO 10ML,1,0.33,0,244,5
MPF,979082690,D MANNOSIO ULTRA 2000 10STICK,1,0.33,0,26,7
MPF,979095609,RIPOSI' GEL GENGIVALE 20ML,1,0.33,0,54,2
MPF,979237118,"CONTROL NATURE 2,0 XL 6PZ",1,0.33,6,272,2
MPF,979258100,GHC MEDICAL SHAMPOO DEFORFORAN,1,0.33,1,87,
MPF,979275789,MAGNESIO ADVANCE 300G,1,0.33,1,66,1
MPF,979276502,DEFENCE EYE GEL ANTI-BORSE15ML,1,0.33,0,175,6
MPF,979321332,DERMOVITAMINA MICO SMALTO FUCS,1,0.33,3,0,2
MPF,979332436,MYTHOXAN FORTE 30BUST,1,0.33,0,252,
MPF,979332879,FARMAPROST 30CPR,1,0.33,0,2,
MPF,979360726,TRIDERM DOCCIA SHAMPOO 400ML,1,0.33,0,0,
MPF,979362807,OMEGAL DHA 40CPS MOLLI,1,0.33,0,101,6
MPF,979373976,BRONCHENOLO TOSSE DOPP AZ 10B,1,0.33,0,312,12
MPF,979375704,FORMULA VENUM 60CPR,1,0.33,0,508,5
MPF,979393384,LFP SHAMPOO RINFORZANTE 200ML,1,0.33,15,0,
MPF,979393648,DOLOMIA OSX 20 03 SMALTO MARGH,1,0.33,8,0,
MPF,979399870,LFP MUCOFLU SPRAY 30ML,1,0.33,11,0,
MPF,979401458,VIDERMINA FITORMIL DET INTIMO,1,0.33,1,298,4
MPF,979406802,DENTIFRICIO RATANIA 75ML,1,0.33,0,59,
MPF,979406814,DENTIFRICIO SALINO 75ML,1,0.33,0,272,
MPF,979418340,VENOFLEB EMO 20CPR,1,0.33,0,29,5
MPF,979605363,COMPEED VESCICHE MEDIO 5PZ,1,0.33,6,1798,
MPF,979683758,FLOGIMIX BIMBI 200ML,1,0.33,0,77,4
MPF,979796719,CARDIO FLUID 180PAST,1,0.33,0,50,8
MPF,979797038,SINCOLIN 20CPS,1,0.33,1,123,
MPF,979802093,SILVANA EMOTIONAL BAGNOD SOAVE,1,0.33,0,15,
MPF,979805405,LOVREN ACIDO IALURONICO BIOMOL,1,0.33,0,64,
MPF,979810102,REV IDRAX BOTU' MEDICAL 30BUST,1,0.33,0,25,
MPF,979810126,REV EFFACE ACQUA 100ML,1,0.33,0,20,
MPF,979811217,CATIDRAL PLUS 30BUST,1,0.33,0,122,6
MPF,979841931,DRENALEX 30CPR,1,0.33,0,143,8
MPF,979843632,CANDIDAX MED 30CPR,1,0.33,0,51,9
MPF,979944333,REGULOSIO FIBRE 20BUST,1,0.33,0,174,6
MPF,979946478,CONTROL SENSUAL INTENSE DOTS6P,1,0.33,19,0,
MPF,979946492,CONTROL LATEX FREE 5PZ,1,0.33,0,169,11
MPF,980029033,PEDIAVIT COMPLESSO B SCIR100ML,1,0.33,0,82,4
MPF,980029122,CONNETTIVINAVISO CREMA 50ML,1,0.33,6,245,4
MPF,980082794,MAM SPORTS 330ML 12+ RIG NEU,1,0.33,0,10,8
MPF,980135139,N5 DG Polvere 400g,1,0.33,0,88,3
MPF,980141814,BERGAMON GEL LUBRIFICANTE 50ML,1,0.33,0,11,5
MPF,980192417,CATALITIC CU-AU-AG 250ML,1,0.33,0,25,6
MPF,980247112,LECIVIS 100G 80SOFTGEL,1,0.33,0,23,
MPF,980247860,XIPAG 20CPR,1,0.33,0,418,8
MPF,980248987,COLASIL 30CPS,1,0.33,0,60,7
MPF,980252872,CENTROVISION COMFORT 84BUST,1,0.33,0,79,4
MPF,980253532,VITAMINA D3+K2 150CPS,1,0.33,0,7,
MPF,980258913,SYSACOL 20F 25ML,1,0.33,0,439,7
MPF,980258925,COLIN A 600 30F 10ML,1,0.33,0,214,8
MPF,980285795,CLEARBLUE RILEVAZIONE PREC DIG,1,0.33,12,423,7
MPF,980286266,NHCO AMINOHAIR 168CPS,1,0.33,0,30,
MPF,980287092,DEFENCE HAIR SHAMPOO RIDENSIF,1,0.33,0,119,10
MPF,980292256,HYLOVISION HD PLUS COLLIRIO,1,0.33,0,594,8
MPF,980294514,RESOURCE AQUA+ORANGE 4X125G,1,0.33,0,974,11
MPF,980295442,CALENDULA EXTRACT PLUS 100ML,1,0.33,0,12,5
MPF,980296279,CANDIDAS T 180PAST,1,0.33,0,37,
MPF,980301156,VISCOVISION GEL OCULARE 10G,1,0.33,0,21,1
MPF,980340261,CH NUOVO MINI ASCIUGACAPELLI,1,0.33,0,6,7
MPF,980370326,DERMOVITAMINA CICATRICI GEL,1,0.33,0,52,5
MPF,980379085,SAUBER COLL OPTOE 70D LIS NE 2,1,0.33,0,16,
MPF,980417632,DOLOMIA MU MASCARA 29 WATERPRO,1,0.33,3,0,
MPF,980427759,LEUKOMED T PLUS SS MEDIC 8X10,1,0.33,0,9,
MPF,980430641,VITAMINA D LIQ 20ML 10000UI/ML,1,0.33,0,78,9
MPF,980434803,AUDISPRAY DOLO GOCCE AURIC 7G,1,0.33,0,1,4
MPF,980438497,CONCEIVE PLUS SUP FERT M 60CPS,1,0.33,0,19,
MPF,980445858,SENSIBIO GEL MOUSSANT 100ML,1,0.33,0,21,5
MPF,980448649,RETINOL B3 SIERO 30ML,1,0.33,1,151,3
MPF,980462713,IALUGEN GOCCE OCULARI 10ML,1,0.33,38,5,3
MPF,980463448,FORZAMAS VITAMINA C PURA 30BUS,1,0.33,0,137,
MPF,980485662,KURAFER PLUS 30CPS,1,0.33,0,117,4
MPF,980499077,BIOREPAIR PLUS COLLUT PROT GEN,1,0.33,0,243,9
MPF,980503751,RECUPERA C RETARD 60CPR,1,0.33,0,11,
MPF,980504308,STERILVIT POLIVIT GOCCE 5ML,1,0.33,0,267,5
MPF,980505933,NADIAX 3 CREMA NANOEMULS 150ML,1,0.33,0,188,5
MPF,980519019,MULTIVITAMINE&MINERALI50+30CPR,1,0.33,0,92,9
MPF,980523726,LACTOVIS PREBIOTICO PROB 100G,1,0.33,0,85,6
MPF,980549416,LYMPHAKOS 100ML,1,0.33,0,9,
MPF,980553426,MICROLIFE BRACC UNIV MORB M-L,1,0.33,1,0,
MPF,980555801,GASTRO DOLOR 30CPR,1,0.33,0,66,
MPF,980628200,BUONA DIFESA FLACONCINI14X10ML,1,0.33,0,182,6
MPF,980682936,BIRETIX TRIACTIVE SPRAY 100ML,1,0.33,0,303,
MPF,980770299,GIBAUD ORTHO LOMBOGIB LADY21 1,1,0.33,7,12,
MPF,980783245,NEO PINSELINA DOL 20ML,1,0.33,0,137,7
MPF,980784387,GENEDOL 30CPR,1,0.33,0,246,
MPF,980804850,MAGNESIO SUPREMO REG INTES150G,1,0.33,4,1456,6
MPF,980807224,MAGNESIO MIX 60CPS,1,0.33,0,134,
MPF,980814154,KEYMINERAL 12BUST,1,0.33,1,0,5
MPF,980818835,MAM TRAINER 4+ SOFT SIL NEUTRO,1,0.33,0,0,
MPF,980860148,LINEAGIN GEL 6APPLX5ML,1,0.33,0,257,6
MPF,980860187,ENTOGOL 20BUST,1,0.33,0,330,8
MPF,980860290,DROPSEPT SOLUZIONE OFTALMICA,1,0.33,0,386,8
MPF,980908103,RAMESKIN 50ML,1,0.33,0,207,4
MPF,980917227,KEYLIFE KFUSILLI 50G,1,0.33,18,0,2
MPF,981041888,BERTELLI CEROTTO MED MEDIO,1,0.33,1,0,
MPF,981043351,ENERVIT C2 1 ISOCARB 650G,1,0.33,0,145,
MPF,981045507,ISTANGIAL DREN 30CPR FILMATE,1,0.33,0,283,
MPF,981046283,RIVIERA CREMA OLIO MARMOTTA,1,0.33,0,1,
MPF,981047107,ZYMEREX IBS COLON IRRIT 14BUST,1,0.33,0,216,8
MPF,981047196,ISIDE HPV 14OV,1,0.33,0,309,6
MPF,981068998,MELLIN BRODO VERDURE 10X8G,1,0.33,0,101,4
MPF,981070889,CICATRIOIL 5F 5ML,1,0.33,0,9,
MPF,981076108,THERMACARE VERSATILE FASCIA3PZ,1,0.33,15,416,8
MPF,981076134,THERMACARE DOLOR MESTRUALI 3PZ,1,0.33,0,161,8
MPF,981112093,MUSTELA SHAMPOO DOLCE 200ML,1,0.33,0,27,12
MPF,981112461,EPILOBIO ESTRATTO INTEGR SECCO,1,0.33,0,35,
MPF,981113309,ZYMECOL 30CPR GASTRORESISTENTI,1,0.33,0,53,9
MPF,981114061,BIOSCALIN NUTRICOL PL 5 CAS CH,1,0.33,8,512,6
MPF,981114073,BIOSCALIN NUTRICOL PL 6 BIO SC,1,0.33,7,479,5
MPF,981114085,"BIOSCALIN NUTRICOL PL 6,43 BIO",1,0.33,11,62,4
MPF,981114097,BIOSCALIN NUTRICOL PL 7 BIONDO,1,0.33,4,537,4
MPF,981114135,"BIOSCALIN NUTRICOL PL 5,3 CAST",1,0.33,8,220,1
MPF,981212501,SOMAT SKIN EX VISO 4D FILL OC,1,0.33,9,0,3
MPF,981249156,AZALOE SOLUZIONE OFTALMICA,1,0.33,0,138,
MPF,981273257,BUTYROSE FAST 10STICK,1,0.33,0,128,4
MPF,981281355,PSORACTIVE SALI MAR MORTO 1KG,1,0.33,0,6,
MPF,981346556,OMNI BIOTIC STRESS VIT B14BUST,1,0.33,0,87,7
MPF,981358599,PERFECT 15FX25ML,1,0.33,0,42,4
MPF,981359870,EQUILIBRA SHAMPOO ANTICAD FORT,1,0.33,0,58,9
MPF,981362407,PIACERI MEDIT TORTELLINI PROSC,1,0.33,0,142,
MPF,981369554,COLON 20BUST,1,0.33,0,44,5
MPF,981377221,BALSAMO CAPEZZOLI 25G,1,0.33,0,23,
MPF,981389339,DERMON DETERGENTE DOCCIA EXTRA,1,0.33,6,65,8
MPF,981389416,DERMON IDRATANTE MANI EFF BARR,1,0.33,22,0,
MPF,981391182,KLORANE CREMA DOCCIA FIORE CUP,1,0.33,0,16,9
MPF,981399987,ORI DI SICILIA MIX ORO BRIOCHE,1,0.33,0,47,
MPF,981405184,GIBAUD ORTHO MANUGIB 3D SX 1,1,0.33,1,2,
MPF,981432560,VENEGOLD 30CPR,1,0.33,0,55,
MPF,981440922,CICAPLAST CREMA MANI 100ML,1,0.33,89,397,1
MPF,981443120,ARKOVITAL ACEROLA 1000 20CPR,1,0.33,0,54,6
MPF,981446558,BAKEL OXY-REGEN CHARM SIZE CR,1,0.33,2,0,
MPF,981448386,FOR FARMA GEL IDRATANTE INTIMO,1,0.33,0,30,1
MPF,981448588,TRIDERM DS SHAMPOO TRATTAMENTO,1,0.33,0,185,12
MPF,981448590,TRIDERM DS TRATTAMENTO NORMAL,1,0.33,0,193,8
MPF,981449491,COLIREV 30CPS,1,0.33,0,244,7
MPF,981466485,CEROTTO ANTIMICOSI UREA 24PZ,1,0.33,0,23,
MPF,981467956,EUCERIN ATOPIC CREMA MANI 75ML,1,0.33,4,44,3
MPF,981470127,AMICOBOR SOL ALCOLICA 100ML,1,0.33,0,58,2
MPF,981475674,CERAVE ACNE PURIFYING FOAM GEL,1,0.33,3,832,
MPF,981495652,EOS D3 K2 ADVANCE 60CPR MASTIC,1,0.33,0,223,6
MPF,981499231,PROVITA INOSIPLUS 20BUST,1,0.33,0,17,4
MPF,981504691,ECZEANE BAUME FLA 400ML,1,0.33,0,29,6
MPF,981510112,ASHWAGANDHA BIO 60CPS,1,0.33,0,29,
MPF,981515467,FIBRAXEN 18BUST,1,0.33,0,317,7
MPF,981516661,VAGISIL GEL INTIMO IDRAT CALOR,1,0.33,0,268,10
MPF,981535483,NEOVADIOL PERI-MENOPAU DAY PNM,1,0.33,3,107,
MPF,981644697,REUMABEST 30CPR,1,0.33,0,160,7
MPF,981951787,LADYGLORIA 18 COL PU/A MIE 3,1,0.33,0,15,
MPF,981974367,BIOKILL PIRETRO NATURALE 375ML,1,0.33,0,141,
MPF,981987783,GASTRO COMPRESSE 60CPR,1,0.33,0,81,2
MPF,982003459,FERZYM 30CPS,1,0.33,0,319,6
MPF,982008563,ANSIOVIT FAST SPR SUBLINGUALE,1,0.33,0,63,14
MPF,982054227,GIBAUD ORTHO TUTORE DITA 4,1,0.33,0,4,
MPF,982146704,BIOSCALIN NOVA GENINA 30BUS CP,1,0.33,0,56,2
MPF,982171605,MISURATORE PRESSIONE ANDON,1,0.33,0,34,3
MPF,982177937,DOLOMIA MU FOND 33 COL IDEA,1,0.33,3,0,
MPF,982177990,DOLOMIA MU FOND 43 OIL FREE,1,0.33,3,0,
MPF,982178206,DOLOMIA MU CORR 63 HD OCCH,1,0.33,6,0,
MPF,982179210,FLEBOWIN 30CPR,1,0.33,0,125,
MPF,982185074,LFP CREMA IDRAT FT TRIC 50ML,1,0.33,3,0,8
MPF,982185124,LFP CONTORNO OCCHI LABBRA 25ML,1,0.33,4,0,7
MPF,982390977,HYALURON PLUS AC IALURON 50ML,1,0.33,0,88,6
MPF,982391664,EKEEP H1 HALLUX VALGUS DIURNO3,1,0.33,4,3,
MPF,982406934,PUROFLOG SOLUZIONE OFT 20FL,1,0.33,0,2952,8
MPF,982407025,LFP FOLICO 60CPS,1,0.33,8,0,2
MPF,982413508,CERAVE CREAM TO FOAM CLEA236ML,1,0.33,3,93,6
MPF,982447157,CH BM ACQUA PROFUMATA DEL100ML,1,0.33,0,5,
MPF,982447169,CH BM ACQUA COLONIA PROF BB,1,0.33,0,21,8
MPF,982452373,HONOS VENUM 30CPR,1,0.33,0,100,
MPF,982454872,FORMULA D3 ORO 60CPR,1,0.33,0,655,5
MPF,982463655,AGEX FLUID PHARCOS 15F 25ML,1,0.33,0,379,8
MPF,982465344,NORICA PROTEZIONE COMPLET300ML,1,0.33,0,225,2
MPF,982466082,AMINOLIFE 20BUST,1,0.33,0,141,7
MPF,982466169,MEDIPHARMA OLIVENOL MOISTUR CR,1,0.33,0,9,8
MPF,982467932,CURAPROX CPS 06 PRIME REF TURQ,1,0.33,2,55,
MPF,982468819,DINORM 400 GOCCE 10ML,1,0.33,0,1,
MPF,982476184,BETAINA CLORIDRATO-T PL180PAST,1,0.33,0,5,4
MPF,982482073,ASPERSINA BARCODE SIERO 15ML,1,0.33,0,55,
MPF,982485435,SERENOTTE GOCCE 20ML,1,0.33,0,118,4
MPF,982528263,SOLLIEVO FISIOLAX SCIROPPO,1,0.33,0,210,7
MPF,982531485,DIZEROUNO MOUSSE 100ML,1,0.33,0,33,5
MPF,982532436,FLAVIS PAN RUSTICO 300G,1,0.33,0,233,4
MPF,982532842,TOLERIANE DERMALLERGO CR 40ML,1,0.33,6,367,7
MPF,982532855,TOLERIANE DERMALLERGO FLUI40ML,1,0.33,3,90,6
MPF,982539227,LFP LAXTABPLUS 50CPR,1,0.33,4,0,8
MPF,982539266,LFP LINEATAB 30CPR,1,0.33,12,0,
MPF,982541450,RILASTIL ELASTICIZZANTE 10F,1,0.33,0,48,8
MPF,982543985,GUM TRAV-LER SCOVOLINI 10PZ,1,0.33,0,104,9
MPF,982544316,CH GIOCO ALL AROUND ACQUAMARIN,1,0.33,0,1,
MPF,982596328,ZYMEREX GONFIORE PLUS 20CPR,1,0.33,0,476,12
MPF,982597205,DEUBIOMA 30CPR,1,0.33,0,80,
MPF,982599250,LAXALOE PROTECT 60CPS VEGETALI,1,0.33,0,27,
MPF,982599274,FITOSERA 30CPR,1,0.33,0,26,5
MPF,982615953,CH CONCHIGLIE RACCOGLILATTE,1,0.33,0,30,
MPF,982616272,PARODONTAX DENTIF COMPL PR75ML,1,0.33,0,100,
MPF,982696674,BEBE LATTE IDRATANTE 500ML,1,0.33,0,99,
MPF,982716805,PASSIFLORA 60CPS,1,0.33,0,52,7
MPF,982736542,EPTA AC DETERGENTE SCRUB 150ML,1,0.33,0,26,1
MPF,982752368,PROPOLI TITOLATA 30TAV MASTIC,1,0.33,0,37,11
MPF,982752875,DUALSAN GAMB TERAP KKL1 RAL 3,1,0.33,1,2,
MPF,982815906,EPITACT QUERV'ACTIV DESTRO M,1,0.33,0,20,
MPF,982815918,EPITACT QUERV'ACTIV DESTRO S,1,0.33,0,6,
MPF,982820805,CURASEPT COLLUT ADS DNA RIGEN,1,0.33,3,265,
MPF,982845404,EUMILL DRYREPAIR GTT OCUL 10PZ,1,0.33,3,371,
MPF,982848323,EUTEND FORTE TENDOFORTE 20BUST,1,0.33,0,285,4
MPF,982931370,ESI DONNA LIFE CICLO MESTRUALE,1,0.33,0,30,
MPF,982935316,FILORIN SPRAY NASALE IPER 3%,1,0.33,0,82,4
MPF,982935355,FILORIN GOCCE 20ML,1,0.33,0,39,6
MPF,982938538,GUM SONIC DAILY SPAZZ WHITE,1,0.33,0,0,
MPF,982941662,ESENTA RIMUOVI ADES SPRAY 50ML,1,0.33,0,233,
MPF,982942258,HAIR VOLUME SHAMPOO 250ML,1,0.33,0,4,6
MPF,982945521,ARTELAC NIGHTTIME GEL 10G,1,0.33,0,136,
MPF,982945622,OPTIVE SOLUZIONE OFTALMICA10ML,1,0.33,0,246,
MPF,982946663,CERAMOL REBALANCE MAT 50ML,1,0.33,6,141,2
MPF,982948693,BONEFORT 120CPS,1,0.33,0,32,
MPF,982949479,SAUBER FRESH DEO ROLL-ON 50ML,1,0.33,5,0,1
MPF,982951244,KERTYOL PSO SHAMPOO 125ML,1,0.33,0,412,7
MPF,982951446,SINOGEL SIR 3ML AGO G21,1,0.33,0,81,10
MPF,983040508,LUPPOLO 60CPS,1,0.33,0,12,
MPF,983040546,ERISIMO 60CPS,1,0.33,0,19,8
MPF,983173345,SERENITY PANN MUT SD EX S 30PZ,1,0.33,0,46,6
MPF,983192081,LUBRIMIL 20BUST,1,0.33,0,382,4
MPF,983198793,EUCERIN SUN PIGMENT TINTED 50+,1,0.33,0,37,
MPF,983198805,EUCERIN SUN PHOTOAGING TINT50+,1,0.33,0,49,
MPF,983283603,SOLVEDOL 20CPR,1,0.33,0,614,2
MPF,983301589,IDRASTIN LIQUIDO 500ML,1,0.33,0,60,
MPF,983322431,HERPASORIN IDROGEL PROT NASALE,1,0.33,0,21,2
MPF,983355405,CISTIT ACT FORTE URTO 14BUST,1,0.33,0,211,
MPF,983356496,"TRICOLOR CLASSIC 5,3 CACAO",1,0.33,0,14,
MPF,983361712,GIBAUD ORTHO MANUGIB QUER DX 3,1,0.33,0,2,
MPF,983361763,GIBAUD ORTHO RHIZACTIVE ORTES1,1,0.33,6,12,2
MPF,983364415,MAGNESIO E POTASSIO POLV 360G,1,0.33,0,96,
MPF,983365040,DERMOVITAMINA CALM XT CR PALP,1,0.33,0,137,10
MPF,983374000,PHOTODERM M SPF50+ DORE' 40ML,1,0.33,0,129,7
MPF,983376979,DANACOL PLUS+ 30STICKGEL,1,0.33,0,553,
MPF,983381474,RIVESCAL DELICATO XL SH 500ML,1,0.33,0,442,9
MPF,983391261,EKEEP B3 SURGICAL BRA POST 03,1,0.33,1,12,
MPF,983391297,EKEEP B3 SURGICAL BRA POST 06,1,0.33,1,3,
MPF,983441849,AVENE HOMME GEL BARBA 150ML,1,0.33,0,38,12
MPF,983510191,HERICIUM 180PAST,1,0.33,0,27,
MPF,983531221,PURES SPRAY ACARICID PMC 150ML,1,0.33,0,175,8
MPF,983533718,SPIRIAL DEODORANTE CREMA 50ML,1,0.33,0,207,14
MPF,983533771,TOPIALYSE CREME 400ML,1,0.33,0,82,
MPF,983542010,BIOTINA ANALCOOLICO 200ML,1,0.33,0,24,6
MPF,983592357,KLORANE SHAMPOO CEDRO 200ML,1,0.33,0,35,10
MPF,983592369,KLORANE SH PURIFYING CEDRO,1,0.33,0,30,10
MPF,983660933,SERENAMENTE 30CPS,1,0.33,0,236,6
MPF,983661543,THOTALE SH RINFORZANTE 200ML,1,0.33,0,1,
MPF,983672445,LFP B ULTRA FLUID 150ML,1,0.33,7,0,
MPF,983672472,LFP SCIROPPO PROPOLI/DROS150ML,1,0.33,7,0,6
MPF,983674209,CH GIOCO MSDD CHAMELEON DO PL,1,0.33,0,25,
MPF,983674615,EXOMEGA SPRAY EMOLLIENTE 50ML,1,0.33,0,3,13
MPF,983674779,EXOMEGA ALLERGO CS 200ML,1,0.33,0,253,6
MPF,983679046,OLIO MANDORLE DOLCI PROF FIORI,1,0.33,0,7,
MPF,983679059,OLIO MANDORLE DOLCI NATURALE,1,0.33,0,35,6
MPF,983681584,AKUEL NATURAL+ EXTRALUBR 8PZ,1,0.33,0,44,2
MPF,983689187,CERAMOL BASE DETERSIVA 500ML,1,0.33,0,67,6
MPF,983689340,DOLOMIA OSX 22 SMALTO 5 LEA,1,0.33,5,0,
MPF,983696079,MAGSOL 5 EXTRA 60CPR,1,0.33,0,648,8
MPF,983699962,OVOSICARE FERTILITY 30CPS,1,0.33,0,100,
MPF,983701501,CH BIBERON NF PP 0M+ 150ML UNI,1,0.33,0,52,8
MPF,983750377,NUTRAMET FIBRA 320G,1,0.33,0,176,6
MPF,983754019,CURASEPT PROXI T14 OCR/DGOLD6P,1,0.33,0,39,13
MPF,983760644,IOSEDI' 30CPR,1,0.33,0,150,
MPF,983784024,CLIVON CIST 20CPS,1,0.33,0,21,
MPF,983801630,ZYMEREX COLON E STRESS 24CPR,1,0.33,0,196,7
MPF,983810666,FDC FRESELLE INTEGRALI MIN220G,1,0.33,0,42,
MPF,983834615,BIOREPAIR PLUS GEL INTENSIVE,1,0.33,0,52,9
MPF,983837194,FLOMEL CREMA GEL 200ML,1,0.33,0,176,7
MPF,984098691,REV EFFACE JOUR PLUS 30ML,1,0.33,0,31,
MPF,984112591,CLOREXYDERM SOL 4% 200ML,1,0.33,0,15,9
MPF,984143747,DUODET PHARCOS 400ML,1,0.33,0,29,
MPF,984155251,VISED 30CPS,1,0.33,0,26,
MPF,984158307,DEPURLAX 12BUST,1,0.33,0,40,6
MPF,984159297,DEXERYL 250G,1,0.33,0,5907,9
MPF,984177927,ISOMAR FLACONCINI DECONG20X5ML,1,0.33,5,243,4
MPF,984320251,CLIADENT COLLUTORIO OZONOIL,1,0.33,14,242,
MPF,984322293,RESTOMYL DENTIFRICIO 50ML,1,0.33,0,99,
MPF,984327864,EPIGEL TUBO GEL 10G,1,0.33,0,68,6
MPF,984330365,DAO PLUS 50CPS INTOLERAN,1,0.33,0,444,7
MPF,984330441,ONCE A DAY 30CPS INTOLERAN,1,0.33,0,13,4
MPF,984356992,CETAPHIL CREMA IDRATANTE 100G,1,0.33,0,455,9
MPF,984358883,LOVREN OMBRETTO DUO BROWN,1,0.33,0,8,
MPF,984360343,CLOREXYDERM SOL 200ML,1,0.33,0,127,5
MPF,984371082,KLORANE SPRAY CAMOMILLA 100ML,1,0.33,0,30,8
MPF,984371106,BERVEN PLUS 30CPR,1,0.33,0,192,6
MPF,984411948,LFP DOCCIASHAMPOO VITAMIN 200,1,0.33,13,0,
MPF,984414502,XAZEPIN ORO FAST RELEASE20BUST,1,0.33,0,187,8
MPF,984453011,VIDERMINA INTIMA OLIO DET500ML,1,0.33,2,575,
MPF,984462150,HIPP BIO CREMA CRL FARRO 200G,1,0.33,0,16,
MPF,984498802,CER PIC CICATRIZZANTE 10X12 5P,1,0.33,5,12,4
MPF,984501294,HYALO GYN INTIMO 200ML,1,0.33,0,121,
MPF,984502993,VENADREM 30CPR,1,0.33,0,57,9
MPF,984504656,ALOCROSSGEL SOLUZIONE OFT 8ML,1,0.33,0,174,8
MPF,984504668,ALOCROSSGEL SOLUZIONE OFT15MON,1,0.33,0,122,4
MPF,984515888,SCHOLL CER VESCICHE TALLONE,1,0.33,0,18,9
MPF,984520306,DERMACOTONE SLIP PROT ASS L 8P,1,0.33,0,83,
MPF,984557557,ESI GO UP GINSENG 10FL,1,0.33,0,48,6
MPF,984561605,LYCIA VAPO BEAUTY CARE 75ML,1,0.33,0,65,4
MPF,984561908,ASCIUGACAPELLI TRAVEL PIEGHEV,1,0.33,0,105,3
MPF,984562278,PARANIX SH EXTRAFT MDR 200ML,1,0.33,0,266,5
MPF,984569842,"SHINE ON HSPLUS BIONDO 7,00",1,0.33,0,46,
MPF,984575769,OMEGA NOBILE 60SOFTGEL,1,0.33,0,319,5
MPF,984592384,MICROSTAX 30CPR,1,0.33,0,40,
MPF,984622593,LFP CREMA DOPOPUNTURA 15ML,1,0.33,8,0,8
MPF,984622629,LFP SPRAY CITRONELLA 100ML,1,0.33,61,0,5
MPF,984622668,LFP GEL FREDDO ARNICA 50ML,1,0.33,20,0,8
MPF,984633519,DEAVOCADO CONCEIVE 30BUST NF,1,0.33,0,134,9
MPF,984651380,ARNICA GEL 98% 300ML,1,0.33,0,303,12
MPF,984701742,POSTBIOTIX COMFORT 20BUST,1,0.33,0,219,
MPF,984708038,COLPHARMA BRACCIALETTI ANTIZAN,1,0.33,0,9,
MPF,984733648,BAKEL NUTRI-REMEDY CASE&REFILL,1,0.33,3,0,2
MPF,984744870,BARILIFE PROTEINE 450G,1,0.33,0,53,5
MPF,984746103,COGNIZANT 10FL 10ML,1,0.33,0,561,3
MPF,984767448,DEPILZERO CREMA GAMBE/BRACCIA,1,0.33,0,137,9
MPF,984780128,PROMODERM ACNE 400ML,1,0.33,0,85,3
MPF,984785016,CETAPHIL OPTIMAL H LOZ 237ML,1,0.33,0,23,
MPF,984785105,NICO H MASCHERA CAPELLI 200ML,1,0.33,0,17,
MPF,984785156,NEO PECIA FT 60CPR DIETALINEA,1,0.33,0,84,6
MPF,984787604,LINES E' NOTTE CP 9PZ,1,0.33,0,339,4
MPF,984787996,MELATONINA ACT +CAMOMIL 30BUST,1,0.33,35,301,1
MPF,984789166,PHYTOCYANE FIALE D CAD TEMPOR,1,0.33,0,110,4
MPF,984789875,EUPHRALIA OCCHI SECCHI 10ML,1,0.33,0,470,15
MPF,984790307,KANADOL 30CPR,1,0.33,0,326,
MPF,984798532,PIXEL NOTOX 20BUST,1,0.33,0,91,10
MPF,984802722,RACCHETTA ANTIZANZARE,1,0.33,0,1,2
MPF,984813725,CURASEPT DAYCARE COLLUT FRO250,1,0.33,0,157,14
MPF,984813749,VITAMINA A PURA 150PAST,1,0.33,0,62,
MPF,984825861,GLUTEN ALARM CELIACHIA TEST,1,0.33,0,5,
MPF,984826545,KEYLIFE KCONCHIGLIONI 50G,1,0.33,2,0,
MPF,984845038,SOFFISOF LADY CLASSIC SUPER15P,1,0.33,0,89,5
MPF,984862312,PROBIOS BIO AVENA BOWL FRU BOS,1,0.33,0,61,
MPF,984862324,PROBIOS BIO CRISPY 3CE MUESLI,1,0.33,0,23,
MPF,984865384,VERAVIS PLUS SUPR FERM LAT 90G,1,0.33,0,138,4
MPF,984871525,BEROCCA PLUS 30CPR,1,0.33,1,213,5
MPF,984876666,DOLOMIA MU LIP 34 PHYTOCARE,1,0.33,3,0,
MPF,984891717,MEDIPRESTERIL TERMO ECOL CLASS,1,0.33,0,61,7
MPF,984950319,LFP SOL CREMA VISO COL 50+,1,0.33,7,0,5
MPF,984950333,LFP SOL CREMA VISO TLEG 50+,1,0.33,13,0,6
MPF,984950358,LFP SOL CREMA VISO TRIC 50+,1,0.33,29,0,
MPF,984950422,LFP SOL FLUIDO 50+ 50ML,1,0.33,12,0,7
MPF,984952679,VITINIX VENE 30CPR,1,0.33,0,82,
MPF,984984308,MASSIGEN VITAMINA B12 14FL,1,0.33,0,414,12
MPF,985005281,DOLADOL PLUS CREMA REALE 1870,1,0.33,0,2,
MPF,985005368,ARKOCPS ASHWAGANDHA BIO 60CPS,1,0.33,0,324,
MPF,985124508,ESI NO DOL TENDINI/LEGAM 14BUS,1,0.33,6,46,3
MPF,985288430,LIPOSKIN BIOMA PHARCOS SPUMA,1,0.33,0,200,3
MPF,985323029,PLUSGAR 30CPR,1,0.33,0,122,9
MPF,985480437,GHC MEDICAL HAIR LIFTING SERUM,1,0.33,1,126,1
MPF,985481035,FRANGIPANI PROFUMO 50ML,1,0.33,0,60,8
MPF,985483130,BIRETIX ISOREPAIR CREMA 50ML,1,0.33,0,188,8
MPF,985485984,ZEAFORCE 30CPS,1,0.33,0,112,3
MPF,985501713,"SOS OCCHI 0,5% GEL OFTALMICO",1,0.33,0,27,
MPF,985513023,SEBIACLEAR GEL MOUSSANT 400ML,1,0.33,0,328,5
MPF,985520978,EUCERIN HYAL FILL+EL MANI A/MA,1,0.33,3,42,2
MPF,985551581,FERALIV 30CPR,1,0.33,0,520,
MPF,985571215,TOLERIANE TEINT FLUIDO 9,1,0.33,0,12,5
MPF,985581204,LFP SALVIETTE OCULARI 24PZ,1,0.33,21,0,8
MPF,985581887,LACRISUN TONIC 5% 10ML,1,0.33,0,59,
MPF,985593882,FITOSTIMOLINE PLUS GARZE ADV5P,1,0.33,0,254,7
MPF,985621349,MUSTELA STELATOPIA+ CREMA150ML,1,0.33,0,25,
MPF,985661317,EUCERIN PH5 OLIO DOCCIA REFILL,1,0.33,0,29,
MPF,985668060,ONTHERAPY DEODORANTE VAPO NO G,1,0.33,0,33,5
MPF,985670847,COLOR KIT 8 BIONDO CHIARO,1,0.33,0,51,11
MPF,985670898,MICO FIVE 70CPS,1,0.33,0,4,
MPF,985713787,PURONERV DOL 60CPS,1,0.33,0,27,4
MPF,985766082,MODULASE 20CPR,1,0.33,0,2689,7
MPF,985769696,VITGASE CREMA 100ML,1,0.33,0,57,
MPF,985778253,CITICOLINA PURA 125PAST,1,0.33,0,98,
MPF,985778517,LFP AGE FORMULA SKIN BOOST 7A,1,0.33,5,0,5
MPF,985820822,EUCERIN PH5 EMULS IDRAT EX LEG,1,0.33,12,30,5
MPF,985827791,ECZEANE OLIO DETERGENTE 1L,1,0.33,0,82,8
MPF,985830621,M3 THUMBKEEP TUT POLS/PO DX 03,1,0.33,1,3,
MPF,985871918,ABD IMMUNO 30CPR,1,0.33,0,52,5
MPF,985918592,PREP SCHIUMA BARBA CLASS 300ML,1,0.33,10,26,10
MPF,985919125,FORZA VIT 60CPR MICROCARE,1,0.33,0,133,2
MPF,985972013,MICROVENIL FORTE 20BUST,1,0.33,0,407,8
MPF,985976226,SAUBER DRENANTE ANTICELL 500ML,1,0.33,24,0,
MPF,985980349,PHYTOCYANE SHAMPOO ENERG DONNA,1,0.33,0,211,9
MPF,985985593,GUSTO APROTEICO MACCHERONI RIG,1,0.33,0,58,
MPF,985995657,PAMPERS BD NEWBORN 24PZ,1,0.33,0,146,1
MPF,985999578,EUMILL ALLERGY GTT OCUL 10FL,1,0.33,8,219,4
MPF,986008757,INTIMOIL TT 150ML,1,0.33,0,127,3
MPF,986013163,GIBAUD ORTHO LOMBOGIB TECH 1,1,0.33,3,8,
MPF,986013187,GIBAUD ORTHO LOMBOGIB TECH 2,1,0.33,3,16,
MPF,986013249,GIBAUD ORTHO LOMBOGIB TECH 5,1,0.33,2,3,
MPF,986065629,ORA DREN PLUS 40CPR,1,0.33,0,100,
MPF,986075113,BIOARGININA ZERO 20FL,1,0.33,13,206,1
MPF,986075226,SILDI' SOFT GEL 30SOFT GELS,1,0.33,0,816,7
MPF,986079578,PANTASLIM COLLANT TRATT KIT 4P,1,0.33,0,12,1
MPF,986079871,ANNURKAP PLUS 30CPS,1,0.33,0,8,7
MPF,986080063,EUCERIN SUN SPRAY TOCCO SECC50,1,0.33,0,113,
MPF,986112276,FERACHEL PRO 24CPS,1,0.33,3,56,1
MPF,986117190,TRIVIS AGA DONNA LOZIONE 100ML,1,0.33,0,6,6
MPF,986128243,NAMMAN MUAY ACTIVE CREAM 100G,1,0.33,0,100,
MPF,986129031,ENAVIT SUDAMIN 10+10BUST,1,0.33,0,445,3
MPF,986152217,ALOEMINERAL VISO 150ML,1,0.33,0,4,
MPF,986179517,DAONIX 60CPS,1,0.33,0,314,6
MPF,986328437,VIRILBOOST UP 60CPR,1,0.33,0,55,4
MPF,986395782,ANACAPS EXPERT 90CPS,1,0.33,1,132,2
MPF,986464826,BIOKILL PIRETRO NATURALE 1L,1,0.33,0,100,
MPF,986466377,PROBIOS MAGIC PILLOW EX DARK,1,0.33,0,31,
MPF,986478713,DIGEST EV ENZYME 30CPR,1,0.33,0,34,
MPF,986480364,VASOTONIK EMULGEL 150ML,1,0.33,0,120,
MPF,986485910,STIPSIGOL PLUS 20BUST,1,0.33,1,353,2
MPF,986486088,UROIAL PLUS 14BUST,1,0.33,0,1349,
MPF,986496976,MARINOTROFINE CREMA GEL 100ML,1,0.33,0,37,
MPF,986497220,RILASTIL SMAGLIATURE 10FX5ML,1,0.33,0,224,5
MPF,986497687,ANNURMETS HAIR BALSAMO 200ML,1,0.33,0,8,
MPF,986582221,CUMAVIS 30STICK PACK,1,0.33,0,47,
MPF,986624981,SWISSE FERRO 40GOMMOSE,1,0.33,0,56,4
MPF,986625299,COLORS TISANIERA LADY LAVANDER,1,0.33,1,0,
MPF,986626012,LESSPAIN SPRAY 30ML,1,0.33,0,95,7
MPF,986626024,HYDRALEN SIERO 30ML,1,0.33,0,56,5
MPF,986629297,CURAPROX PULISCI LINGUA CTC203,1,0.33,0,45,7
MPF,986708980,CARDIONAM NO COLEST 30CPR,1,0.33,0,234,10
MPF,986709107,NATUR-OX 30CPR GASTRORESISTENT,1,0.33,0,124,9
MPF,986709184,LFP ATTIVO NIACINAMIDE 20ML,1,0.33,5,0,
MPF,986709246,LFP PRO DOCCIASPORT POM U 75ML,1,0.33,6,0,
MPF,986709335,DOLOMIA CIPRIA ANTIETA' 82 WAT,1,0.33,3,0,
MPF,986710832,PRESVIS T 75PAST,1,0.33,0,10,4
MPF,986826307,NEUTROGENA RETINOL B CR VISO,1,0.33,10,19,3
MPF,986826319,NEUTROGENA RETINOL B SIERO30ML,1,0.33,7,24,6
MPF,986845889,RINOLYSYAL 15ML,1,0.33,2,427,1
MPF,986860601,TENA SILHOUETTE P WHITE L 10PZ,1,0.33,0,101,
MPF,986861870,DTOPIC CREMA LIPOFILA 30ML,1,0.33,0,160,6
MPF,986873394,ALGASIV PASTA ADESIVA PROMO,1,0.33,43,61,
MPF,986887471,SELFTEST HIV 1/2 SOFARMAPIU',1,0.33,0,84,8
MPF,986894069,CH GIOCO HAPPY HIPPY WALKER 23,1,0.33,0,4,
MPF,986895480,EKEEP H3 MALLEOKEEP CAVIGL 4,1,0.33,2,1,
MPF,986895718,LYMIGRAL 14BUST,1,0.33,0,607,10
MPF,986903084,SILBONE 20BUST,1,0.33,0,45,
MPF,986904516,GIBAUD FASCIA POSTOP CLA H30 3,1,0.33,0,12,
MPF,986904530,GIBAUD FASCIA POSTOP CLA H30 5,1,0.33,0,9,
MPF,986917781,MARGUTTA ORECCHINO IOLE,1,0.33,3,0,
MPF,986971315,GIBAUD ORTHO ARTIGIB 3D GIN 5,1,0.33,0,3,
MPF,986971380,GIBAUD ORTHO LIGAGIB GIN ART 2,1,0.33,0,5,
MPF,986981999,SEBIACLEAR HYDRA 40ML,1,0.33,0,528,7
MPF,987025653,PIC EASY WASH PERA CAN 143ML,1,0.33,0,128,7
MPF,987025665,PIC EASY WASH PERA CAN 224ML,1,0.33,0,53,9
MPF,987025677,PIC EASY WASH PERA CAN 347ML,1,0.33,0,64,6
MPF,987025703,PIC SOFT WASH SCHIZZETTO 35ML,1,0.33,0,128,9
MPF,987033204,CREMA GIORNO RASS MELOGR/MACA,1,0.33,0,18,
MPF,987054893,DERMACOTONE BAGNO SHAMPOO 2IN1,1,0.33,0,30,
MPF,987057775,OTOACT PLUS 100ML,1,0.33,0,181,3
MPF,987249950,BENDIAR PASTA 30G,1,0.33,0,105,
MPF,987253414,SCHAR INTEGRALE MASTRO PAN330G,1,0.33,0,148,7
MPF,987257692,ACTIVE LIVER 60PAST GOMMOSE,1,0.33,0,60,7
MPF,987258872,KRINESIA LOZIONE CAPELLI 60ML,1,0.33,0,16,
MPF,987264215,SERENITY CARE CR BARRIERA ZINC,1,0.33,0,73,6
MPF,987289307,BAKEL SUPER ACT WATER 150ML,1,0.33,2,0,1
MPF,987300252,BI FORTE 30CPS,1,0.33,0,5,4
MPF,987303791,SACCA URINA GAMBA 750ML 10 10P,1,0.33,0,143,1
MPF,987315811,SCREEN TEST CANDIDA SELFTEST1P,1,0.33,0,73,
MPF,987317031,OCULVET GOCCE 10ML,1,0.33,0,212,9
MPF,987317955,APROPOS MAGNESIO/POTASSIO S/ZU,1,0.33,0,6,12
MPF,987327083,BAKEL BHA SOLUTION 50ML,1,0.33,1,0,1
MPF,987330673,APROTEN SPAGHETTI 500G,1,0.33,0,172,7
MPF,987331764,ESI SAPONE MARSIGLIA ORIG500ML,1,0.33,0,160,
MPF,987361944,LFP SCRUB ENZIMATICO 75ML,1,0.33,15,0,6
MPF,987362009,DOLOMIA SC FL CREMA DET 125ML,1,0.33,3,0,
MPF,987362011,DOLOMIA SC FL CREMA RICCA 50ML,1,0.33,2,0,
MPF,987362035,DOLOMIA SC FL SIERO 30ML,1,0.33,3,0,
MPF,987362377,LAUTOSELLE 30STICK PACK,1,0.33,0,61,9
MPF,987369345,ANSIOTEN BIOTIC 30CPS,1,0.33,0,271,5
MPF,987371008,KIPFER 30CPS,1,0.33,0,183,6
MPF,987383421,PELLISART 30CPR,1,0.33,0,57,
MPF,987388509,LIPIKAR UREA 10% 200ML,1,0.33,1,8,1
MPF,987388877,IRONDELTA 30CPS,1,0.33,0,100,6
MPF,987390061,PHYTOLAX 100G,1,0.33,0,2,
MPF,987390782,ALTRAPELLE NUTRISKO FL IDR 400,1,0.33,0,2,
MPF,987400874,ANTHELIOS POST UV EXPOSUR200ML,1,0.33,6,169,5
MPF,987404605,PHYSIOGEL CREMA MANI 50ML,1,0.33,1,0,1
MPF,987404682,VISCAPLUS PRP+ 6X12ML,1,0.33,0,266,6
MPF,987411903,VIDERMINA 3-12 DET INT 250ML,1,0.33,4,401,5
MPF,987413162,ANDROFRESH DET INT MASCH 200ML,1,0.33,0,123,
MPF,987418225,AQUAVIS SHAMPOO ANTICAD 150ML,1,0.33,0,65,5
MPF,987437225,POLASE LIMONE 24BUST PROMO,1,0.33,21,147,8
MPF,987478450,EFFERDENT EFFERVESCENTI 92CPR,1,0.33,48,371,1
MPF,987478955,PHYSIOMANCE MAGNESIUM B6+90CPR,1,0.33,0,12,
MPF,987646991,NOTROBEN 500 20STICK PACK OROS,1,0.33,0,302,4
MPF,987654718,CH ASSORBENTI POSTPARTO COT10P,1,0.33,0,72,
MPF,987665751,SAZIOSANO 16BUST,1,0.33,0,175,2
MPF,987669734,GIBAUD ORTHO WALKER BASSO TIB3,1,0.33,4,8,
MPF,987669773,GIBAUD ORTHO WALKER TUT TIBIA2,1,0.33,2,9,
MPF,987670003,MINERAL 89 OILY SKIN CREAM50ML,1,0.33,0,35,
MPF,987670015,NORMADERM NO PEEL CLEANSE125ML,1,0.33,6,50,6
MPF,987715291,ARTENNUA 90CPS,1,0.33,0,169,
MPF,987741939,PUROMAN GEL INTIMO 2PZ 50ML,1,0.33,0,0,
MPF,987747831,LIFTACTIV B3 CREMA NTT RETINOL,1,0.33,2,16,3
MPF,987755117,MC EVOLUTION MISURATORE PRESS,1,0.33,0,3,
MPF,987758810,VEBIX DERMOLINE CALENDULA SAP,1,0.33,0,22,
MPF,987801990,GASTROTAXIL 50ML,1,0.33,0,404,
MPF,987822057,EUREKOL GLAU 60CPS ACIDORESIST,1,0.33,0,106,4
MPF,987853494,SPACE UP NASTRO TRASPARENTE,1,0.33,4,0,
MPF,987856616,CIOCODI3 30TAV CIOCCOLATO,1,0.33,1,0,1
MPF,987864156,REMARGIN COLOSTRUM CREMA 30ML,1,0.33,0,48,
MPF,987864170,DURACELL EASY TAB 13 ARANCIO,1,0.33,0,82,
MPF,987864194,DURACELL EASY TAB 675 BLU,1,0.33,0,160,4
MPF,987869880,UBIGEL DONNA 50ML,1,0.33,0,547,8
MPF,987879309,NUVENIA IW HEAVY HIPSTER BLK L,1,0.33,6,0,
MPF,987879929,TEOS 20CPS,1,0.33,0,611,2
MPF,987881772,DOLOMIA OSX 24 01 SMALTO,1,0.33,6,0,
MPF,987881822,DOLOMIA OSX 24 06 SMALTO,1,0.33,3,0,
MPF,987900002,"KEEN WHISP W-CAYEN/BRICK 8,5W",1,0.33,0,110,
MPF,987904695,KALOIDON GEL CICATRICI 30ML,1,0.33,0,105,5
MPF,987904707,KALOIDON GEL CICATRICI 75ML,1,0.33,0,125,8
MPF,987904947,BALANIL GEL 40ML,1,0.33,3,1342,7
MPF,987963319,AGA PLUS 60CPS IRALTONE,1,0.33,0,305,
MPF,988031136,ENTEROLACTIS PLUS 30CPS,1,0.33,0,394,7
MPF,988031148,ENTEROLACTIS DUO POLV 20BUST,1,0.33,4,303,3
MPF,988043598,NAUZEN GOCCE 20ML,1,0.33,0,89,1
MPF,988049829,ALTRAPELLE NUTRISKO DET 500ML,1,0.33,0,21,
MPF,988049983,DT ANTI DAND SERUM 90ML,1,0.33,3,8,
MPF,988050581,"TAZARENE CREMA 0,1% 40ML",1,0.33,0,269,4
MPF,988066217,BIOSCALIN PRO DENSITY CERA MOD,1,0.33,1,168,1
MPF,988066890,IDRASTIN CREMA MULTIATTIVA75ML,1,0.33,0,113,9
MPF,988134401,FORHANS PER IMPI&ORTOD 30STICK,1,0.33,0,9,2
MPF,988141343,DERMOVITAMINA CALM CR RICCA,1,0.33,0,71,
MPF,988148134,MENCALIM HP 30CPS,1,0.33,0,315,4
MPF,988148540,BIOSCALIN SHAMPOO ANTIFORF NOR,1,0.33,9,100,
MPF,988153161,AQUAVIS AKTOREPAIR GEL 75ML,1,0.33,0,72,7
MPF,988159188,COLPHARMA ANEROID KIT C/FONEND,1,0.33,7,0,
MPF,988160519,ESI MULTICOMPLEX UOMO 30CPR,1,0.33,3,12,
MPF,988160521,ESI MULTICOMPLEX DONNA 30CPR,1,0.33,1,66,
MPF,988160533,ESI MULTICOMPLEX U 50+ 30CPR,1,0.33,1,44,
MPF,988175194,AKILEINE VERDE CREMA A/TRA75ML,1,0.33,0,29,
MPF,988195689,EOS BIOVERDE INTIMO C 300ML,1,0.33,0,158,5
MPF,988248441,PAPILOCARE GEL VAGINALE 7X5ML,1,0.33,0,161,6
MPF,988254898,POLASE POCKET 14STICK,1,0.33,0,193,
MPF,988342147,KUKIDENT ULTIMATE NEUTRO 57G,1,0.33,2,884,5
MPF,988656981,DISBIOLINE DIGENZYM AB 30CPR,1,0.33,0,297,9
MPF,988657134,KYMAX 15BUST,1,0.33,0,148,5
MPF,988754976,SEDANAM 30CPR,1,0.33,0,779,7
MPF,988768192,SENSIDONNA GEL INTIMO 75ML,1,0.33,0,24,4
MPF,988785616,LFP FLUIDO PROTEZIONE 50 50ML,1,0.33,2,0,
MPF,988785729,DOLOMIA OSI 24 04 OMBRETTO NIN,1,0.33,7,0,
MPF,988827097,MASTER-AID STERIBLOCK TAMP EMO,1,0.33,0,126,
MPF,988830814,AMINO ROSETTE 4X50G,1,0.33,7,100,
MPF,988927721,MIOFENAC 14BUST,1,0.33,0,275,10
MPF,988939397,VOIS PLUS 14STICK OROSOLUBILI,1,0.33,0,170,5
MPF,988948497,GABADIN 30CPR,1,0.33,0,334,7
MPF,988958070,PROFAR LADY/C TEST GRAVID 1PZ,1,0.33,12,0,
MPF,989014244,EFFACLAR DUO +M UNIF DEEP 40ML,1,0.33,0,102,7
MPF,989021009,MELATONINA ACT FORTE SPRAY15ML,1,0.33,10,34,
MPF,989021011,"JONEXA UP 2% SIR 4,4ML",1,0.33,0,135,
MPF,989021934,APROME' PENNE 500G,1,0.33,0,44,
MPF,989021946,APROME' PIADINA 180G,1,0.33,0,46,
MPF,989047687,KIJIMEA FLORACARE 28CPS,1,0.33,0,87,8
MPF,989048083,EUCERIN EMULSIONE LENIT 400ML,1,0.33,11,64,
MPF,989048970,AVENE CLEANANCE COMEDOMED PEEL,1,0.33,3,153,5
MPF,989052699,SEAL PROT COPERT AVAMBRACC AD,1,0.33,1,0,
MPF,989068958,EXOMEGA CONTROL OLIO 750ML,1,0.33,3,0,
MPF,989172008,RESOLVE CER SIL SENO 32X4CM 2P,1,0.33,0,6,
MPF,989172059,CARTIDOL 45CPR,1,0.33,0,112,2
MPF,989234354,VITIS GENGIVE SANE COLLUT500ML,1,0.33,3,403,
MPF,989260878,KELUAL SQUANORM SH A/FORF GR,1,0.33,27,372,
MPF,989303464,KUKIDENT ULTIMATE FRESCO BIPAC,1,0.33,7,108,7
MPF,989319746,RESPECTA 10CPS,1,0.33,0,426,
MPF,989322072,ELAGE OLIO DETERGENTE 100ML,1,0.33,0,25,
MPF,989332743,AVENE SOL INTENSE PROT SPF50+,1,0.33,1,183,5
MPF,989332895,AVENE SOL FLUIDO A/ETA' SPF50,1,0.33,3,265,7
MPF,989332907,AVENE SOL FLUIDO A/IMPER SPF50,1,0.33,5,268,8
MPF,989353368,VIRGINIANA DEO FRESH 100ML,1,0.33,0,100,
MPF,989355856,GENANTE 90CPR,1,0.33,0,2005,4
MPF,989355920,ESOXX PROTECTION 20BUST 10ML,1,0.33,30,369,8
MPF,989362633,CONDROSTRESS MOBILITY 90CHEWS,1,0.33,0,470,
MPF,989369917,NAUSIL FORTE SPRAY 24ML,1,0.33,3,108,
MPF,989374246,SANIFLAM 30CPR,1,0.33,0,145,
MPF,989391406,EUCERIN SUN KIDS DRY TOUCH 50+,1,0.33,0,103,
MPF,989401106,FILD MORE EMULGEL EXTRA STIMOL,1,0.33,0,13,4
MPF,989405244,ESI FERMENTAL GONFIORE 10STICK,1,0.33,13,17,6
MPF,989406741,INTERPROX PLUS 2G SUPERCONIC4P,1,0.33,0,3,
MPF,989408568,DOLOMIA MU TWIST LUMIERE 2 RO,1,0.33,6,0,
MPF,989408632,DOLOMIA SC HD SHAMPOO RI 200ML,1,0.33,3,0,
MPF,989408707,DOLOMIA SC PATCH OCCHI MONO,1,0.33,17,0,
MPF,989408846,LFP PRO CREMA ULTRABBRONZ250ML,1,0.33,20,0,3
MPF,989417819,HERBATINT 1N NERO 170ML,1,0.33,0,261,11
MPF,989606886,ANGSTROM LATTE SOL LE SPF15,1,0.33,9,27,
MPF,989606898,ANGSTROM LATTE SOL LE SPF30,1,0.33,2,25,5
MPF,989634124,BBMILK DG LIQUIDO 500ML,1,0.33,0,622,4
MPF,989634516,L'ANGELICA TISANA DRENA 20FILT,1,0.33,0,16,
MPF,989657010,VITAMINDERMINA SEBO DET 240ML,1,0.33,7,77,5
MPF,989666526,DUALSAN SLIP U CONTENIT GRI 2,1,0.33,2,1,
MPF,989666540,DUALSAN SLIP U CONTENIT GRI 4,1,0.33,2,8,
MPF,989666565,DUALSAN SLIP U CONTENIT GRI 6,1,0.33,1,2,
MPF,989668874,PAPILOCARE IMMUNOCAPS 30CPS,1,0.33,0,130,4
MPF,989690728,BIMILLE 15CPR SUBLINGUALI,1,0.33,0,0,
MPF,989691124,SENSODYNE EP DOPPIA AZ DENTIF,1,0.33,6,254,5
MPF,989814470,NG HB NIACINAMIDE SIERO 30ML,1,0.33,5,0,
MPF,989815752,ESI MULTICOMPLEX VIT OFF24BUST,1,0.33,17,0,
MPF,989820079,DENTALPRO DENTIFRICIO REMINER,1,0.33,11,0,
MPF,989869096,DEO PRO ALLERGY ROLL 50G PROMO,1,0.33,6,0,
MPF,989869108,DEO PRO ALLERGY VAPO100G PROMO,1,0.33,6,0,
MPF,989874197,SOMAT SKIN EX DRENANTE BODY,1,0.33,4,40,4
MPF,989875505,CEF REIMAG BIPACCO 40STICKPACK,1,0.33,25,0,
MPF,989878703,DUALDRY ASSORBENTE UOMO,1,0.33,2,0,
MPF,989896105,LITOPSOR GEL GENGIVALE 15ML,1,0.33,0,112,3
MPF,989983325,REVIANAL EMULGEL 50ML,1,0.33,0,56,4
MPF,990312946,MULTICENTRUM D50+ 30CPR PROM26,1,0.33,3,0,2
MPF,990407785,EKEEP B4 MASTOBAND FASCIA 02,1,0.33,2,0,1
MPF,990455356,DOLOMIA SC FR SPRAY GIOIA 50ML,1,0.33,3,0,3
MPF,990455368,DOLOMIA SC GEL DOCC FLOWE200ML,1,0.33,12,0,5
Papa,000917017,PAF*SOLUZ CUT FL 5G 500MG/ML,1,0.33,0,244,6
Papa,003136025,VICKS INALANTE*RIN FL 1G,1,0.33,9,259,2
Papa,004336107,SARIDON*20CPR,1,0.33,0,10411,
Papa,004558185,NEONISIDINA*12CPR,1,0.33,0,597,6
Papa,004853014,VALERIANA DISPERT*30CPR 45MG,1,0.33,1,796,9
Papa,005170028,TRAVELGUM*10GOMME MAST 20MG,1,0.33,1,1693,6
Papa,005408024,"BRUNIZINA*GTT NAS 10ML 0,2%",1,0.33,0,304,3
Papa,005982020,TOCALFA*20CPS MOLLI 50000UI+50,1,0.33,0,825,6
Papa,010386011,HIRUDOID 25000UI*CREMA 40G,1,0.33,0,225,4
Papa,016242238,BENAGOL VIT C*16PAST ARANCIA,1,0.33,0,3255,4
Papa,018610067,CARNITENE*10CPR MAST 1G,1,0.33,0,113,7
Papa,020942025,"TROFODERMIN*CR DERM30G 0,5+0,5",1,0.33,0,626,
Papa,021625076,VICKS VAPORUB*UNG INAL 100G,1,0.33,10,166,6
Papa,023356025,DAFLON*30CPR RIV 500MG,1,0.33,0,599,
Papa,023399013,GINETANTUM*10BUST VAG 500MG,1,0.33,1,313,10
Papa,023399049,GINETANTUM*SOL VAG 5FL 140ML,1,0.33,5,388,2
Papa,023703010,MECLON*10 OVULI VAG 100+500MG,1,0.33,1,1680,7
Papa,024352142,GAVISCON*24BUST 500+267MG/10ML,1,0.33,0,6925,
Papa,025055043,TROSYD GINECOL*15 OV VAG 50MG,1,0.33,4,97,5
Papa,025519051,"MAG 2*20CPR EFF 2,25G",1,0.33,0,350,7
Papa,025519063,"MAG 2*OS SOLUZ 20BUST1,5G/10ML",1,0.33,0,992,
Papa,025561073,SOFARGEN*CREMA 120G 1%,1,0.33,1,2847,8
Papa,025636059,IBUPROFENE SAN*24CPR RIV 200MG,1,0.33,0,315,6
Papa,025669211,MOMENT*GRAT 12BUST 200MG,1,0.33,1,1061,1
Papa,025669348,MOMENT*OS SOSP 8BUST 200MG,1,0.33,0,602,4
Papa,025915012,SKINOREN*CREMA 30G 20%,1,0.33,0,198,5
Papa,026725034,REGAINE*SOLUZ 60ML 5%,1,0.33,0,115,
Papa,027757044,FLECTOR*10CER MEDIC 180MG,1,0.33,1,526,
Papa,028039028,NORUXOL*UNG 30G,1,0.33,0,117,6
Papa,028700033,VAGISIL*CREMA 20G 2%,1,0.33,1,2237,8
Papa,028809085,"ROZEX*CREMA DERM 50G 0,75%",1,0.33,0,655,7
Papa,029083021,SERTACREAM*CREMA 30G 2%,1,0.33,2,157,4
Papa,030353015,MISTICK ANTISTAMINICO MV*2% CR,1,0.33,1,503,4
Papa,030486031,EOSINA PHARMA TRENTA*2% 50G,1,0.33,0,198,5
Papa,032036028,"BROXODIN*COLLUT 250ML 0,2%",1,0.33,0,99,7
Papa,032182077,"SODIO CLORURO EUROS*0,9%1000ML",1,0.33,0,378,1
Papa,034015026,"TANTUM VERDE GOLA*NEB 15ML0,25",1,0.33,3,1820,10
Papa,034041297,FASTUMDOL ANTINF*10CPR 25MG,1,0.33,2,0,
Papa,034329058,TACHIPIRINA FLASHTAB*16CPR 500,1,0.33,1,1129,7
Papa,034358034,TACHIFLUDEC*10BUST ARANCIA,1,0.33,17,1289,
Papa,034522019,"DUOFILM*COLLODIO 15ML16,7%+15%",1,0.33,0,543,4
Papa,034942019,"ZIDOVAL*VAG GEL40G 7,5MG/G+5AP",1,0.33,0,290,7
Papa,035060021,LOZIONE VITTORIA*FL 1000ML,1,0.33,0,63,4
Papa,035450016,DICLOREUM ACTIGEL*GEL 50G 1%,1,0.33,0,410,5
Papa,035953025,"LAXIPEG*OS POLV 20BUST 9,7G",1,0.33,0,229,
Papa,036193023,ESSAVEN*GEL 80G 10MG/G+8MG/G,1,0.33,0,1821,
Papa,037114016,BETADINE*SOLUZ CUT 125ML 10%,1,0.33,0,51,1
Papa,037291073,CAREXIDIL*4FL SOLUZ CUT 60ML5%,1,0.33,0,291,
Papa,038396053,IMODIUM*12CPR OROSOL 2MG,1,0.33,0,51,4
Papa,040313049,TACHIPIRINA OROSOL*12BS 500MG,1,0.33,1,2340,5
Papa,040657025,FASTUM ANTIDOLORIFICO*1% 100G,1,0.33,0,1092,
Papa,042205017,"AMOROLFINA MY*SMALTO 2,5ML 5%",1,0.33,0,176,
Papa,042922029,NEXIUM CONTROL*14CPR GASTR20MG,1,0.33,0,754,
Papa,044356018,BRUFEN DOLORE*OS 12BUST 40MG,1,0.33,0,256,
Papa,044433011,BENADON*10CPR GASTRORES 300MG,1,0.33,0,321,
Papa,044867012,XOOLAM REFLUSSO*12CPR 20MG,1,0.33,0,67,1
Papa,044958015,FMS CROTALUS COMPLEX*30ML GTT,1,0.33,0,54,6
Papa,045842150,SULFUR*30CH 80GR 4G,1,0.33,0,1,5
Papa,046263012,DIS 10*OS GTT 50ML,1,0.33,0,4,1
Papa,046444016,ASPIGOLADOLACT*SPRAY 15ML,1,0.33,8,356,8
Papa,046896015,GUNA BETA ENDORFIN*C6 GTT 30ML,1,0.33,0,39,8
Papa,048414104,OKI DOLORE E FEBBRE*12CPR EFF,1,0.33,2,629,4
Papa,048922013,ZEFLAVON*30CPR RIV 500MG,1,0.33,0,106,
Papa,049385026,"ROZEX*CREMA DERM 50G 0,75%",1,0.33,0,243,4
Papa,049546029,FLUIMUCIL MUCOL*10CPR EFF600MG,1,0.33,0,400,
Papa,049822012,OLONET*COLLIRIO 1FL 5ML 1MG/ML,1,0.33,0,72,2
Papa,050476023,IMODIUM*8CPS 2MG,1,0.33,0,51,1
Papa,051378014,MUSCORIL DOLORE*GEL 60G 20MG/G,1,0.33,15,1216,5
Papa,104687227,VECTRA 3D*3PIP >40KG ROSSO,1,0.33,0,77,5
Papa,800124327,GLANDULA THYRE SUIS INJ 10F HE,1,0.33,0,1,
Papa,800582672,"RECKEWEG R16 100CPR 0,1G",1,0.33,0,11,8
Papa,800588182,ARNICA OTI COMPOSTO GOCCE 50ML,1,0.33,0,1,8
Papa,800659791,CANDIDA ALBICANS 5CH GR,1,0.33,0,1,
Papa,800705663,PROGESTERONUM 5CH GR,1,0.33,0,1,
Papa,801539952,RIBES NIGR MG 125ML GEM,1,0.33,0,30,7
Papa,881073934,FEE SOS 15ML,1,0.33,0,0,
Papa,881448157,FEE LIBIDO M 15ML,1,0.33,0,3,8
Papa,900031840,IRIDIL GOCCE OCUL 10AMP MONOD,1,0.33,14,739,2
Papa,900079068,PHYTO NOTTE 30CPS VEGETALI,1,0.33,0,13,
Papa,900095427,AR POMATA 100ML,1,0.33,0,14,6
Papa,900095528,BENEX POMATA 100ML,1,0.33,0,36,8
Papa,900292210,STAMPELLA CANADESE 1COPPIA,1,0.33,0,21,4
Papa,900294632,INVIEW 97332 EX AUTOADES 32MM,1,0.33,0,9,1
Papa,900294695,GAS GOCCE 30ML,1,0.33,0,32,7
Papa,900317633,CITRONELLA OE 10ML,1,0.33,0,19,
Papa,900347877,STAMPELLA AVAMBRACCIO ARGEN2PZ,1,0.33,0,26,2
Papa,900354376,FLEBORAL 300 5CPS,1,0.33,1,308,4
Papa,900360254,IDRASTIN CREMA RIGENERANTE50ML,1,0.33,0,121,8
Papa,900374582,NUTRI 09 INTEGRATORE 60CPR,1,0.33,0,22,2
Papa,900415100,GUM EXPANDING FLOSS FILO 30M,1,0.33,0,1047,
Papa,900531118,MUTANDA ERNIA C/CUSC 5,1,0.33,0,6,
Papa,900542756,REBIOGER Q10 60CPR,1,0.33,0,183,8
Papa,900633658,MULLA MULLA 15ML GTT,1,0.33,0,5,8
Papa,900681558,GLORIAS POLS MANOPOLA M,1,0.33,0,14,4
Papa,900729664,QUOTIDIANA ANTIODORANTE 30ML,1,0.33,0,67,4
Papa,900759705,TRICONICON PHARCOS 30CPR,1,0.33,0,184,
Papa,900761711,REV KERATIN SHAMPOO 250ML,1,0.33,0,140,7
Papa,900794165,PRUREX EMULSIONE 75ML,1,0.33,0,122,7
Papa,900866551,EUPH SKIN CR ANTIR 40ML,1,0.33,6,25,2
Papa,900906975,"NICOTIANA ESS 7,4ML CALF",1,0.33,0,2,2
Papa,900922143,DIETOR MINI DOLCIF DISP 300CPR,1,0.33,0,68,1
Papa,900958695,BENUSCLER CR 100ML,1,0.33,0,440,3
Papa,900975107,BETACAROTENE 25000UI 90CPS,1,0.33,0,10,2
Papa,901153635,BD MICROFINE AGO G31 5MM 100PZ,1,0.33,0,0,
Papa,901158701,AZECLOR CREMA TRATT SEBOREG,1,0.33,0,19,5
Papa,901178879,CALLIFUGO CICCARELLI +PENNELLO,1,0.33,0,995,8
Papa,901179010,TIMODORE POLVERE 75G,1,0.33,0,1340,
Papa,901179022,TIMODORE POLVERE 250ML,1,0.33,1,702,7
Papa,901181040,BIOFORTE PLUS 10FLX10ML,1,0.33,0,122,7
Papa,901229068,COMFEEL PURILON GEL 25G,1,0.33,0,38,5
Papa,901289367,LONGLIFE MAGNESIUM 188 100CPR,1,0.33,0,96,5
Papa,901347613,MYCOGEL GEL DETERGENTE 150ML,1,0.33,0,225,5
Papa,901474003,COVERMARK FACE MAGIC 9 30ML,1,0.33,0,0,
Papa,901477986,PREMIATA PASTA CALLIFUGA INFAL,1,0.33,0,81,
Papa,901483469,TIAL SKIN CR VISO 30ML,1,0.33,0,142,4
Papa,901536983,ACQUA AROMATICA FIORI TIGLIO,1,0.33,0,26,2
Papa,901554547,RUSCH GOLD P AD 2V TIE CH18 1P,1,0.33,0,47,3
Papa,901607008,OLIGOMIR EPID CARAM SFUSE 3KG,1,0.33,0,14,1
Papa,901661239,"CER ROC PRONTEX SILK 2,5X500CM",1,0.33,0,121,6
Papa,901890689,IRIDIL MASCHERA RIPOSO OCCHI,1,0.33,1,156,7
Papa,902012196,STAMPELLA LEGA LEG 1PZ,1,0.33,0,26,1
Papa,902068182,REBOSWIN 60CPS,1,0.33,0,0,
Papa,902068220,COMFORT CATET FOLEY C/SCA CH14,1,0.33,0,2,6
Papa,902070628,VITEX AC 20CPS,1,0.33,0,150,7
Papa,902091368,MANOPOLA MON LAV PARZIALI 20PZ,1,0.33,0,112,7
Papa,902092143,SECURDRAIN VIA SACCA UR750 T10,1,0.33,0,4,3
Papa,902170164,SCHAR MIX C FARINA TORTE/BISC,1,0.33,0,137,7
Papa,902191701,PHYTOGAMBE 30CPR,1,0.33,0,43,1
Papa,902191713,PHYTOGAMBE CREMA GEL 100ML,1,0.33,0,8,
Papa,902200056,SHAMPOO OLIO MACASSAR 150ML,1,0.33,0,1,
Papa,902202148,XEROTIN 100ML,1,0.33,0,171,7
Papa,902229576,MERISTEMO 20 100ML,1,0.33,0,4,8
Papa,902229994,DANSAC LOZIONE 50SALV,1,0.33,0,8,2
Papa,902293291,"SIR PIC INS 0,5 G29X12,7 30PZ",1,0.33,1,56,5
Papa,902304373,LIGASANO MEDIC PUR 15X10CM26PZ,1,0.33,0,0,
Papa,902305438,PIC SPORT TAPPO AURIC SIL 6PZ,1,0.33,0,363,8
Papa,902338627,BIOGEL PROT DITA GR BLIST 1PZ,1,0.33,0,9,
Papa,902338829,BIOGEL TUBO TESSUTO S1PZ BLIST,1,0.33,0,21,
Papa,902339480,BIOGEL INFRADITO PIC 2PZ,1,0.33,0,10,7
Papa,902350053,VEGAL GAMB BEI XL 1PZ,1,0.33,0,9,1
Papa,902406558,BIODERM DERMOLATTE 500ML,1,0.33,0,9,
Papa,902408588,BIODERM DERMOLIQUIDO 1000ML,1,0.33,0,146,1
Papa,902445651,HOLLI ADATTATORE SAC URO 10PZ,1,0.33,0,6,2
Papa,902473329,RODIOLA ESTRATTO SECCO 60CPR,1,0.33,0,13,
Papa,902484171,ANGIOVEIN 20CPS GELATINA,1,0.33,0,1401,
Papa,902559590,FITOMEGA SIN 1 50ML GTT,1,0.33,0,7,7
Papa,902559727,FITOMEGA SIN 2 50ML GTT,1,0.33,0,10,1
Papa,902632417,CERUMINA SILICON 6PZ,1,0.33,0,248,8
Papa,902660568,CAMOMILLA VOLG CAPOLINI INT100,1,0.33,0,27,7
Papa,902718550,CLIVON GEL INTIMO 30ML,1,0.33,0,17,4
Papa,902722228,EUPHIDRA SKIN REVEIL CR IDRORE,1,0.33,3,0,1
Papa,902741634,LACVIS NATURE 30CPS,1,0.33,0,11,7
Papa,902808524,SCHAR SALTI' CRACKER SALE MARI,1,0.33,0,94,5
Papa,902820531,RELAX 140 GAMB UNI NAT S,1,0.33,0,3,4
Papa,902887254,TONIXSOL LIQUIDO 50ML,1,0.33,0,39,6
Papa,902908615,STOP HEMO TAMPONE EMOSTATICO,1,0.33,1,1007,10
Papa,902966062,IDRADERM SPR IDRAT CANE/GATTO,1,0.33,0,45,6
Papa,902967102,BIODERM PLUS ANTIBATT 1000ML,1,0.33,0,60,7
Papa,902981859,M-AID SPORT SALVAP MED 7X20,1,0.33,0,218,7
Papa,902985845,FIBRA PET 50CPR,1,0.33,0,145,8
Papa,903026793,GUM POSTOPERATION SPAZZ U MORB,1,0.33,0,77,5
Papa,903098438,DAYLAX 100TAV 500MG,1,0.33,0,28,1
Papa,903254338,OZ CREMA OSSIDO ZINCO 75ML,1,0.33,0,62,3
Papa,903352969,OPPO CINTI ERN SX 2149L 70/81C,1,0.33,0,2,5
Papa,903353062,OPPO CINTI ERN SX 2149L 81/92C,1,0.33,0,6,1
Papa,903457327,GLORIAMED BRACC 101C/PALM LU L,1,0.33,0,3,2
Papa,903531515,SAUBER GAMB 70 LIS NBEI 3,1,0.33,0,74,6
Papa,903531794,SAUBER GAMB 140 MICR NBEI 3,1,0.33,0,54,7
Papa,903535464,ELMEX JUNIOR PROF DENTIF 75ML,1,0.33,2,583,6
Papa,903570099,SERENITY PANN SAG CLAS SU 30PZ,1,0.33,0,151,6
Papa,903570505,SINEAMIN SEDANI LUNGHI 500G,1,0.33,0,191,1
Papa,903570517,SERENITY PANN SD SUPER L 30PZ,1,0.33,0,52,1
Papa,903593337,CENTELLA FORTE 30CPS,1,0.33,0,44,
Papa,903594671,BIOSKIN INFRADITO M/L 1PZ,1,0.33,0,10,6
Papa,903599835,PREMEDOL 330MG 30CPR,1,0.33,0,570,6
Papa,903627228,GIBAUD ORTHO TUTORE SPALLA,1,0.33,0,122,
Papa,903646065,SENNA FGL TT 1KG,1,0.33,0,83,6
Papa,903664732,SILAC P A PAS 100ML,1,0.33,0,112,8
Papa,903678845,SKARFLEX S CREMA 30ML,1,0.33,0,403,8
Papa,903684278,SYST 2S INVISCLOSE TR 57MM 10P,1,0.33,0,3,5
Papa,903704219,ALGINATO STERILE 5X5CM 10PZ,1,0.33,0,3,1
Papa,903704221,FARMACTIVE ALGINATO 10X10CM 10,1,0.33,0,12,1
Papa,903800579,LAVANDA OLIO ESSENZIALE 20ML,1,0.33,0,126,
Papa,903907780,GASTROSOL LIQUIDO 50ML,1,0.33,0,41,6
Papa,903938710,ILADERM CREMA VISO VITAMINA C,1,0.33,0,153,1
Papa,903939433,LITHOS 100CPR,1,0.33,0,318,
Papa,903958852,BETOTAL 20CPR RIVESTITE,1,0.33,2,1156,5
Papa,903963635,CROMOVIT CREMA PHARCOS 40ML,1,0.33,0,179,2
Papa,903964967,TIMODORE CR TALLONI SCREPOLATI,1,0.33,0,98,
Papa,903966113,CHERAMED EMOL UN/PIEDE 15ML,1,0.33,0,108,2
Papa,903967774,HYRVINGYA BIO GOCCE 50ML,1,0.33,0,2,2
Papa,903982395,LIGASANO MED 10CPR 15X10X2CM,1,0.33,0,3,2
Papa,903999264,LIGNE HEPA BIO 20 AMPOLLE 15ML,1,0.33,0,5,8
Papa,904011537,BIOLASTIC T5 CR DERMOELAS250ML,1,0.33,0,74,8
Papa,904039043,DEAMBULATORE SOTTOASC PIEG 130,1,0.33,0,2,3
Papa,904039056,DEAMBULATORE SOTTOASC REG 130,1,0.33,0,2,2
Papa,904045820,TROFOVIT 14FL 10ML,1,0.33,0,252,1
Papa,904057674,KERATOSE 100 SOL ORALE 200ML,1,0.33,0,26,1
Papa,904060439,FLOLIGOGEM 11 GOCCE 30ML,1,0.33,0,3,
Papa,904077397,OTOREX GTT AURIC 10ML,1,0.33,0,388,
Papa,904180623,DAUMFIX GUANTINO PROT S,1,0.33,0,4,
Papa,904303738,MAGIC PEELING GOLD GUANTO,1,0.33,0,151,5
Papa,904304995,EASYGLUT PREPARATO PANE 500G,1,0.33,0,12,4
Papa,904343439,MONOI BURRO SUPERABBRONZANTE,1,0.33,0,16,5
Papa,904361161,BIOTTA SUCCO MIRT 500ML,1,0.33,0,49,
Papa,904420559,COTIDIERBE TISANA 15BUST 27G,1,0.33,0,72,8
Papa,904428517,VAGORELAX 30CPR,1,0.33,0,303,2
Papa,904433048,FLUVEN 20CPS,1,0.33,0,781,8
Papa,904440981,BENUVEN 60CPR,1,0.33,0,48,8
Papa,904551987,ONIKRIN 30CPR,1,0.33,0,395,
Papa,904566066,OLIO ROSA MOSQUETA 50ML,1,0.33,0,66,6
Papa,904589544,DEPAN-250 ECOSOL 250ML,1,0.33,0,21,2
Papa,904639770,PEDIANASAL SPRAY NASALE 100ML,1,0.33,0,246,6
Papa,904643780,ILE' DOPOPUNTURA 15ML,1,0.33,0,199,
Papa,904643917,TOCOLIPID 40CPR,1,0.33,0,5,4
Papa,904649668,PRONTOSAN OTC DET LESIONI350ML,1,0.33,0,337,8
Papa,904733870,ACUFEN 15CPR,1,0.33,0,81,2
Papa,904734264,FIDREN POLVERE 100G,1,0.33,0,161,2
Papa,904737588,VSL3 10BUST,1,0.33,0,233,8
Papa,904792999,B&G 60CPS,1,0.33,0,10,1
Papa,904793078,GENZIANA/MELISSA 60CPS,1,0.33,0,1,6
Papa,904793635,DRAINAFFINE 300ML,1,0.33,0,5,2
Papa,904956543,PENTAKER 30CPR,1,0.33,0,348,
Papa,904989934,FRESUBIN PROTEIN ENERGY VAN,1,0.33,0,38,6
Papa,904997715,BRACCIALE RIC SFIGMO DIG,1,0.33,0,3,2
Papa,905006870,OPTIVE SOLUZIONE OFTALMICA10ML,1,0.33,0,0,
Papa,905025882,GHEE BIO BURRO CHIARIFICAT480G,1,0.33,0,145,8
Papa,905026427,"TSP 0,2% SOL OFTALMICA 10ML",1,0.33,0,51,1
Papa,905066825,MYDET DOCCIASCHIUMA 200ML,1,0.33,0,202,6
Papa,905169722,ULTRA TAN 30CPS,1,0.33,0,94,1
Papa,905175853,MACA POWER 45CPS,1,0.33,0,1,3
Papa,905295693,PROFAR MED TNT POSTOP 10X20 4P,1,0.33,0,51,2
Papa,905324834,VENOTONIC CRIOGEL GEL 125ML,1,0.33,0,121,1
Papa,905352670,CLIMATER DIET 20CPR,1,0.33,0,197,8
Papa,905365944,ACTIV SKIN C EMULS IAMELL,1,0.33,0,56,2
Papa,905508711,GIBAUD ORTHO REGGIBRACCIO NE 1,1,0.33,0,43,8
Papa,905603092,AMINOGAM GEL 15ML,1,0.33,0,292,7
Papa,905615795,CEREAL PANGRATTATO 250G,1,0.33,0,12,6
Papa,905857191,BLOODDER PET 80CPR,1,0.33,0,61,5
Papa,905859435,SOLE BIMBI LATTE SOL30 125ML,1,0.33,0,7,5
Papa,905888475,FORBICINA PE PUNTA LANCIA,1,0.33,0,42,1
Papa,905954362,GIBAUD ORTHO BRACC ELBOWGIB 3,1,0.33,0,5,7
Papa,905960175,LIPOR DAY 50ML,1,0.33,0,173,1
Papa,906015882,LADYGLORIA 24 AREG 240 DAI 3,1,0.33,0,3,
Papa,906048576,TAMPAX COMPAK SUPER 16PZ,1,0.33,0,440,2
Papa,906125152,SACCA URINA 2L 130 N/ST 30PZ,1,0.33,0,58,
Papa,906182326,CHAMPAGNE AREG 70 VIS 1,1,0.33,0,1,2
Papa,906280591,STRUVA 23 H917 AG BIANCO 7,1,0.33,0,2,
Papa,906555343,ADATTOMAP 60CPR,1,0.33,0,32,2
Papa,906555394,DIGESTOMAP 60CPR,1,0.33,0,185,1
Papa,906565395,MELOMAP A 60CPR,1,0.33,0,0,
Papa,906584646,SUCCO MELA CHIODATA 200ML,1,0.33,0,24,1
Papa,906585346,MAGENHAUSE SOL IAL 50ML,1,0.33,0,0,
Papa,906595475,SESAMO BIO 500G,1,0.33,0,4,2
Papa,906604158,LONGLIFE PAPAYA ZYME 120CPR,1,0.33,0,47,2
Papa,906649936,DIURECOR FORTE 30CPR,1,0.33,0,45,4
Papa,906661196,SPEEDICATH RAG CH8 30PZ 28608,1,0.33,0,1,4
Papa,906791633,ELASTOVEN CREMA ELASTIC CAPILL,1,0.33,0,277,5
Papa,906962978,TURNOVER OVULI VAGINALI 6PZ,1,0.33,0,42,3
Papa,906999038,PALLINA PER RIEDUCAZIONE,1,0.33,0,25,8
Papa,907103497,RUECCO CONDOM ES 30MM 30PZ,1,0.33,0,6,1
Papa,907116154,CICATRIDINA 10SUPP,1,0.33,0,1241,
Papa,907123350,SANODET DETERGENTE DERMAT,1,0.33,0,27,1
Papa,907152805,INTEGRAL T 30CPS MOLLI,1,0.33,0,498,1
Papa,907230991,SOFARCLEAN SOL FISIOL 150ML,1,0.33,0,276,
Papa,907261832,CER PRONTEX RETE EL OMBEL,1,0.33,0,32,7
Papa,907284145,PENTA Z SPRAY 50ML,1,0.33,0,107,2
Papa,907315749,CLINNIX INTIMO DET GINECOL,1,0.33,0,86,3
Papa,907320232,SINEVERM 50ML SOL IAL,1,0.33,0,105,2
Papa,907355123,EMUNDREN BEVANDA 500ML,1,0.33,0,51,
Papa,907389136,MAGNESIO SUPREMO 32BUST,1,0.33,0,1404,
Papa,907670311,MANNITOLO CANNOLI 1KG,1,0.33,0,1,
Papa,908019553,AFTIR GEL ANTIPARASSITARIO 40G,1,0.33,0,849,
Papa,908044112,ANFO 3 200ML,1,0.33,0,213,3
Papa,908186378,CARMOL GTT 80ML,1,0.33,0,108,6
Papa,908195249,BIOLASTIC CREMA ELASTICIZZANTE,1,0.33,0,45,2
Papa,908220243,GIBAUD CINT NORM 32CM K,1,0.33,0,6,
Papa,908401565,EUTRODIN CR EUTROFICA 40ML,1,0.33,0,259,8
Papa,908447358,GIBAUD ORTHO ORTESI RIZOARTRO1,1,0.33,0,20,
Papa,908480890,GIBAUD GINOCCH BIEST FELP CAM3,1,0.33,0,10,
Papa,908486158,GL1 M&D SALBE CREMA 500ML,1,0.33,0,157,1
Papa,908560269,GARZA JELONET 10X10CM 10BUST,1,0.33,0,228,1
Papa,908579004,KLOMA STIM LOZIONE 100ML,1,0.33,0,151,6
Papa,908583394,KODERM CREMA BARRIERA 75ML,1,0.33,0,85,1
Papa,908585286,M-AID ELASTINA TORACE,1,0.33,0,69,
Papa,908620812,GEHWOL POLVERE PIEDI 100G,1,0.33,0,230,
Papa,908630864,SERENITY MUTANDINA RETE L 3PZ,1,0.33,0,67,
Papa,908674171,M-AID MAXIMED CER 50X6,1,0.33,6,158,8
Papa,908690605,MEDIGEL 100G,1,0.33,0,256,1
Papa,908696002,METALLINE MEDIC 8X10CM 10PZ,1,0.33,0,18,
Papa,908726843,NEO MOM POLVERE 20G,1,0.33,3,435,2
Papa,908751201,OLIO FEGATO MERLUZZO 500ML VITI,1,0.33,0,25,5
Papa,908755073,AMUCHINA 100% 250ML,1,0.33,0,346,6
Papa,908845100,BIANCARDI POMATA NORMALE 40ML,1,0.33,0,85,1
Papa,908890484,M-AID OPTOMED GARZA 10PZ,1,0.33,5,151,5
Papa,908916760,SAVE ROSE CR ANTICOUP 50ML,1,0.33,0,361,2
Papa,908920453,BORSETTA PS COMPL AUTO,1,0.33,0,65,1
Papa,908924741,URINALE PLASTICA C/TAPPO,1,0.33,0,90,3
Papa,908950963,ARSELLA INOX 25CM,1,0.33,0,0,
Papa,909035990,SCUDOVARIS GAMB K1 NAT 2,1,0.33,0,6,4
Papa,909041790,KARITE 100 GR 150ML,1,0.33,0,5,1
Papa,909068405,GOMITIERA TALLONIERA 2PZ,1,0.33,0,16,5
Papa,909071375,SFIGMOMANOMETRO ANER S/FONE,1,0.33,0,46,1
Papa,909089866,M-AID STRETCHROLL BENDA EL10X4,1,0.33,6,31,8
Papa,909112765,BIONIT LATTE DETERGENTE VISO,1,0.33,0,36,1
Papa,909125724,VMP PASTA GATTI 50G,1,0.33,0,148,7
Papa,909239612,FPI BIANCOSPINO TM 50ML,1,0.33,0,3,
Papa,909271025,VITAMINICO LIQUIDO 20ML,1,0.33,0,20,6
Papa,909376624,UNDECIN A DETERGENTE 200ML,1,0.33,0,159,1
Papa,909462311,RECKEWEG R18 GOCCE 22ML,1,0.33,0,142,3
Papa,909462463,RECKEWEG R34 GOCCE 22ML,1,0.33,0,56,8
Papa,909468631,SABAL HOMAC 30ML GTT HEEL,1,0.33,0,44,3
Papa,909492314,GIBAUD ORTHO COLL CERV MORB M3,1,0.33,0,35,8
Papa,909494395,MAN SUPPORT 15COT GAMB15 BLU 2,1,0.33,0,24,1
Papa,909724369,PADELLA GRANDE IN BUSTA PET,1,0.33,0,1,3
Papa,909728711,MAN SUPPORT 18 GAMB 18 ANTR 2,1,0.33,0,4,1
Papa,909729257,MAN SUPPORT 18 GAMB 18 BLU 4,1,0.33,0,48,5
Papa,909731996,GLORIAM GAMB STRO361 MX MLU,1,0.33,0,0,
Papa,909774857,SANOTINT REFLEX CASTANO RAMATO,1,0.33,0,1,1
Papa,909848335,BASTONE BRACH S/AMMORT,1,0.33,0,5,3
Papa,909973202,CUSCINO GOMMA FERRO CAVALLO,1,0.33,0,31,7
Papa,910172749,ZIZIPHUS SONNO EIS 60ML,1,0.33,0,3,
Papa,910341128,GRANO SARACENO DECORTICATO 500,1,0.33,0,27,2
Papa,910558586,MARIATREBEN MISCELA ERBE 72G,1,0.33,0,48,8
Papa,910625021,MAGNESIO MARINO B6 40CPS,1,0.33,0,89,
Papa,910627393,CRE NUTS&BIO CARRUBA 400G,1,0.33,0,15,1
Papa,910852894,SCIROPPO D'ACERO CANAD C 250ML,1,0.33,0,3,1
Papa,911125363,TEST RAP RILEVAZIONE DROGHE UR,1,0.33,0,51,1
Papa,911145249,PIC SFIGMOMANOMETRO ANER C/FON,1,0.33,1,298,
Papa,911157865,SAUBER COL 70 PREM MICR NBEI 5,1,0.33,0,5,
Papa,911178198,SPACCAPIETRA 60ML TM,1,0.33,0,6,
Papa,911178414,TARASSACO 100ML TM,1,0.33,0,3,8
Papa,911189227,TILIA TOMENTOSA 100ML MG,1,0.33,0,11,1
Papa,911974879,REV FILTRO ALTO CREMA 100ML,1,0.33,0,50,1
Papa,911974881,REV ACNOSAL SPRAY 125ML,1,0.33,0,207,1
Papa,912034042,AQUA TABIANO SAPONE ZOLFO 100G,1,0.33,0,19,6
Papa,912051657,RAPUNZEL BRODO VEG POLV 500G,1,0.33,0,37,1
Papa,912162334,REV DERMOATTIVO 500ML,1,0.33,0,190,5
Papa,912344734,MENOCOMPLEX 60CPS,1,0.33,0,118,7
Papa,912452695,EPITACT PROT VERRUCHE EPITHEL5,1,0.33,0,4,8
Papa,912452834,LOPROFIN AVE STORTE 250G,1,0.33,0,73,8
Papa,913220719,PANE INTEGR SEGALE LINO 500G,1,0.33,0,12,2
Papa,913222764,TE' VERDE CHINA 100G,1,0.33,0,10,2
Papa,913226015,SCHOLL CR TAL ACTIVE REPAIR K+,1,0.33,0,241,5
Papa,913453054,GENACOL ORIGINAL 90CPS,1,0.33,0,69,3
Papa,913453104,TOLERIANE SILICIUM MAT,1,0.33,0,12,7
Papa,913515591,REKORDSAN GINOC DYNAM GRI/BL3,1,0.33,0,1,1
Papa,913516757,META MU 40CPS,1,0.33,0,20,5
Papa,913538803,SIG THR AG ML PA WHIT,1,0.33,0,11,1
Papa,913666119,FITOMATER SPACCAPIETRA 50ML,1,0.33,0,16,1
Papa,918508716,NATURPLUS TISANA DOLCE NTT20FI,1,0.33,0,4,6
Papa,920325154,CRE CREMA MANDORLE BIANCA 200G,1,0.33,0,34,2
Papa,920325382,LEG LENTICCHIE ROSSE DEC 400G,1,0.33,0,12,1
Papa,920339076,MYTEST TEST GRAVIDANZA 2PZ,1,0.33,0,73,3
Papa,920448279,CH STERILSISTEM 1L,1,0.33,0,317,8
Papa,920586841,RESOURCE HP/HC FRAGOLA 4X200ML,1,0.33,0,72,8
Papa,920597263,SERENITY LIGHT LADY MAXI 30PZ,1,0.33,0,425,6
Papa,920891607,EAU DE PHILAE EDT 100ML,1,0.33,0,182,
Papa,920974286,VOCALEN 20CPS,1,0.33,2,412,8
Papa,920976976,SERENITY CLASSIC C/BARR RETT,1,0.33,0,26,
Papa,921116339,SCUDOTEX GAMB 70 EX NATURE 5,1,0.33,0,7,1
Papa,921128272,HYPERMIX OIL 5F MONOD 5ML,1,0.33,0,27,6
Papa,921177642,ERMIDRA' SHAMPOO 250ML,1,0.33,0,189,8
Papa,921189243,OXILIFE 30CPS,1,0.33,0,123,3
Papa,921222612,REV IDRAX BOTU' 50ML,1,0.33,0,133,
Papa,921232450,PESCURA FLAT ORIG BYCAST SAB43,1,0.33,0,75,
Papa,921383295,TIODET-ZNP DETERGENTE 200ML,1,0.33,0,727,
Papa,921383307,PANE CARASAU 250G,1,0.33,0,18,1
Papa,921384436,CONTROKAL 60CPR,1,0.33,0,105,
Papa,921404594,ROGENOL 4 SHAMPOO 200ML,1,0.33,0,243,1
Papa,921411839,AIDERM CREMA LENITIVA 100ML,1,0.33,0,24,7
Papa,921492272,DRYDORM TELO SPUGNA 70X90,1,0.33,0,2,1
Papa,921508418,FROLLINO AL LATTE BIO 350G,1,0.33,0,8,5
Papa,921534208,LYSI OMEGA 3 VITAM E 120CPS,1,0.33,0,46,3
Papa,921700175,DRENETIC MU GOCCE 30ML,1,0.33,0,25,1
Papa,921732222,NATRUX CREMA FLUIDA 200ML,1,0.33,0,19,
Papa,921736613,BRIO QUADRIPODE AL ANOD ANAT,1,0.33,0,6,2
Papa,921810723,OMEGA PLUS 60CPS,1,0.33,0,3,1
Papa,921810786,TURGIFLEX 60CPS,1,0.33,0,16,1
Papa,921890366,ARNICA GEL 90% 100ML,1,0.33,0,27,3
Papa,922196934,OLIO PESCE 1000 OMEGA3 90CPS,1,0.33,0,83,2
Papa,922249141,MEPILEX BORDER SACRUM 15X15 5P,1,0.33,0,81,
Papa,922284714,PAN GRA' PANE GRATTUGIATO FINO,1,0.33,0,15,1
Papa,922311624,OLIO EXTRAVERGINE D'OLIVA DOP,1,0.33,0,3,7
Papa,922321486,ELASTICUS 180PAST,1,0.33,0,43,1
Papa,922354143,AMICO SOLUZIONE UNGUEALE 10ML,1,0.33,0,103,3
Papa,922365820,BIOFLAVONOIDI C 24CPR,1,0.33,0,26,
Papa,922373891,LIEVITO BIRRA 250CPR,1,0.33,0,83,
Papa,922378183,CRIOVEN GEL 120ML,1,0.33,0,165,
Papa,922472143,DEPURATIVO FEGATO POTENZIATO,1,0.33,0,41,1
Papa,922546888,FLEE SPRAY DOMESTICO ANTIPULCI,1,0.33,0,93,1
Papa,922764283,RETOPIX SPRAY CANE/GATTO 100ML,1,0.33,0,238,7
Papa,922886965,INFUSO FINOCCHIO BIO 20FILTRI,1,0.33,0,48,5
Papa,922920792,MEDI 14 COLL P AP NAT 5 7005PA,1,0.33,0,4,6
Papa,922925767,OTOSAN GOCCE AURIC BIO 10ML,1,0.33,0,187,5
Papa,922999836,SCHAR MIX IT DUNKEL RUSTICO1KG,1,0.33,0,14,1
Papa,923005920,NEUROXAL 30CPR RETARD,1,0.33,0,20,1
Papa,923055800,NEBUVIS REIDRATANTE OCCHI 10ML,1,0.33,0,16,2
Papa,923139505,LIPOSCUDIL PLUS 30CPS,1,0.33,0,3015,
Papa,923139543,LADY PRESTERIL AS INTERNO NORM,1,0.33,0,124,7
Papa,923212690,MEDIPRESTERIL RETE TUB TES/CO4,1,0.33,0,18,7
Papa,923299770,CLIALEG CALZA U POSITANO BLU L,1,0.33,0,37,1
Papa,923327581,GISOMYT 36CPR,1,0.33,0,17,1
Papa,923327896,BENDA EUROZINC 10CMX5M 1PZ,1,0.33,0,33,2
Papa,923352722,SALVIA OFFICINALIS TM GTT100ML,1,0.33,0,0,
Papa,923360364,NEVERTIN 15CPS,1,0.33,0,78,1
Papa,923417000,INCAROSE BB CREAM HYAL MEDIUM,1,0.33,0,72,7
Papa,923451987,OLIO DI COCCO 200G,1,0.33,0,38,1
Papa,923509614,CARIEX SPRAY DENTALE 50ML,1,0.33,0,204,1
Papa,923670069,PYO SPOT CANE 0-10KG,1,0.33,0,6,8
Papa,923743292,TONAC PLUS 20BUST,1,0.33,0,356,4
Papa,923744458,SAUBER GAMB OPTOE 70 MIC MED 3,1,0.33,0,33,1
Papa,923744573,SAUBER COL OPTOE 140 MICR MED4,1,0.33,0,6,2
Papa,923815551,GIBAUD ORTHO C3 COLL RIGIDO 1,1,0.33,0,18,1
Papa,923823316,MODASANA 70 AD PU/A NERO 3,1,0.33,0,3,3
Papa,923823379,MODASANA 70 AD PU/A PLAYA 4,1,0.33,0,13,1
Papa,923824078,MODASANA 40 ATL PLAYA 4,1,0.33,0,2,1
Papa,924055635,NUTRIFREE PANGRATTATO 500G,1,0.33,0,151,1
Papa,924177898,STERILPEG 10 BUSTINE MACROGOL,1,0.33,0,185,2
Papa,924178914,COMPLETA CANI 50CPR,1,0.33,0,73,2
Papa,924217286,RESCUE REMEDY 50ML,1,0.33,0,131,4
Papa,924217856,ANELLO PLASMABILE STOMIA 2MM,1,0.33,0,37,7
Papa,924217868,"ANELLO PLASMABILE STOMIA 4,2MM",1,0.33,0,2,5
Papa,924276227,DIGES-HERB S14 TRIFOGLIO 50ML,1,0.33,0,1,7
Papa,924277294,"CURASEPT COLL 0,12 TRAVEL ADS",1,0.33,0,22,8
Papa,924297979,VITE LIQ ANALCO GEMMO10+ 100ML,1,0.33,0,0,
Papa,924298021,MIRTILLO RO LIQ ANALCO GEMM10+,1,0.33,0,1,3
Papa,924526217,SCIROPPO PERE MICHEL 200ML,1,0.33,0,57,1
Papa,924546221,CARPINO BI 500ML ANALCO GEM10+,1,0.33,0,11,1
Papa,924547995,CEDRO LIB 100ML ANALCO GEM 10+,1,0.33,0,5,7
Papa,924548050,NOCCIOLO 100ML ANALCO GEM 10+,1,0.33,0,7,2
Papa,924548074,OLMO CAMP 100ML ANALCO GEMM10+,1,0.33,0,1,5
Papa,924570169,XIPHASE SHAMPOO 250ML,1,0.33,0,157,6
Papa,924601646,DERMOXEN DET INTIMO DIABETICI,1,0.33,0,60,3
Papa,924721931,"AQUACEL AG FOAM ADES 12,5X12,5",1,0.33,0,12,
Papa,924729344,CH TERMOMETRO PESCE ROSA,1,0.33,2,63,1
Papa,924729371,CH SPAZZOLA E PETTINE ROSA,1,0.33,6,112,1
Papa,924757836,QUINUA REAL PENNE RISO/QUINOA,1,0.33,0,53,1
Papa,924825490,PALINGEN CREMA 30G,1,0.33,0,281,1
Papa,924847229,RADIODERM SPRAY 30ML,1,0.33,0,43,3
Papa,924847231,AMINOGAM SPRAY 15ML,1,0.33,0,186,5
Papa,924869112,DIMAGRANI 50G,1,0.33,0,9,5
Papa,924885849,VITE ROSSA GAMBE GOCCE BIO 100,1,0.33,0,19,
Papa,924922899,GADINERV 20CPR,1,0.33,0,29,2
Papa,924924588,MAGNESIO E POTASSIO CREAT 14BU,1,0.33,0,100,2
Papa,924931746,SENSURA MIO SAC P 10-55MM 30P,1,0.33,0,4,5
Papa,924931773,SENSURA MIO AP MX TR10-55 30PZ,1,0.33,0,0,
Papa,924931797,SENSURA MIO430 CLK CL MX 40MM,1,0.33,0,2,
Papa,924932460,FLORASE DERMA 40CPS,1,0.33,0,10,6
Papa,924960887,HERICIUM MICOTHERAPY 30CPS,1,0.33,0,30,7
Papa,924961360,FREESTYLE OPTIUM TEST STR 25PZ,1,0.33,0,356,
Papa,924994179,CYSTIPHANE 120CPR,1,0.33,0,494,
Papa,925200204,AGAR-AGAR FERM LAT CL 180PAST,1,0.33,0,13,7
Papa,925224026,DEFENCE BODY FANGO 3 ARGILLE,1,0.33,0,1,5
Papa,925234647,VALVOLA CATET DREN UR SACCA,1,0.33,0,180,2
Papa,925336416,AQUACEL AG+ EXTRA 5X5CM 10PZ,1,0.33,0,347,
Papa,925337469,BENDA REFR OSS ZINCO 10X500CM,1,0.33,0,121,1
Papa,925369100,THROMBOSIS 18 ISP GAMB M CORTO,1,0.33,0,5,2
Papa,925373387,ELEVE IMAGO PEELING CRP A/ETA',1,0.33,0,20,4
Papa,925391308,FLEBOMIX 1000MG 30CPR,1,0.33,0,206,8
Papa,925399673,DENAVASC 24CPR,1,0.33,0,37,3
Papa,925486692,BISCOTTI SARACENO MIELE S/LIEV,1,0.33,0,12,1
Papa,925491678,HYDRA PERFECT LATTE CORPO400ML,1,0.33,0,3,1
Papa,925531725,"TEPE SCOVOLINO XSOFT BL0,6 6PZ",1,0.33,0,104,7
Papa,925628190,ESTEEM+ ILEO AP OP 20/30 10PZ,1,0.33,0,0,
Papa,925818926,CICANOVA CANOVA 50ML,1,0.33,0,47,
Papa,925821403,DR BRUX BITE NOTTURNO INFERIOR,1,0.33,1,130,2
Papa,925826036,THERAMICOTIC SHAMPOO 200ML,1,0.33,0,222,7
Papa,925829626,VIGOR LIFE 40CPS,1,0.33,0,11,
Papa,925831962,"VISIODORON MALVA 20MONODX0,4ML",1,0.33,0,82,2
Papa,925832343,N5 AR ALIM DIET LATTANTI 400G,1,0.33,0,154,2
Papa,925833105,LAUFWUNDER CR PELLI SCREP 75ML,1,0.33,0,3,2
Papa,925856472,AMINOTROFIC 14BUST,1,0.33,0,235,5
Papa,925856573,LAUFWUNDER HYDROBALM IDRAT75ML,1,0.33,0,15,6
Papa,925902025,ESI DIURERBE FORTE DRINK ANANA,1,0.33,1,0,1
Papa,925931002,MEDI KL1 PLUS/GAMBAL CO 2 102,1,0.33,0,3,
Papa,925942397,SKINDET CREMA SMAGLIATURE300ML,1,0.33,0,6,1
Papa,925944391,PANE CARASAU GUTTIAU 150G,1,0.33,0,13,1
Papa,925949695,BUTYROSE LSC 15MICROCPS,1,0.33,0,164,2
Papa,926020811,MASSIMO ZERO PENNE RIGATE 1KG,1,0.33,0,151,2
Papa,926038047,GLUTINIENTE SEDANINI 400G,1,0.33,0,19,1
Papa,926038136,NEO CRILOIDIN BALSAMO 250ML,1,0.33,0,43,7
Papa,926054127,MERIDOL WHITENING DENTIF 75ML,1,0.33,4,0,2
Papa,926058658,KRIOIL 30CPS,1,0.33,0,102,1
Papa,926194465,SEMI DI LINO MACINATI 200G,1,0.33,0,79,1
Papa,926226705,KAMILA MABEL 140D PLAYA 3,1,0.33,3,2,1
Papa,926237090,WINTER CISTYASE 30CPR,1,0.33,0,1,4
Papa,926239447,OVERVIST 30CPS,1,0.33,0,51,7
Papa,926246024,ESI NO DOL 16 POCKET DRINK20ML,1,0.33,0,51,3
Papa,926246745,ARGFANGO DOLOR THERAPY ARGILLA,1,0.33,0,54,
Papa,926247382,GLORIAM GENT199 GAMB NE ML,1,0.33,0,3,1
Papa,926252139,MANOPOLA IMPERM NON SAP 100PZ,1,0.33,0,187,4
Papa,926255023,BB NAIL BASE PER UNGHIE 10ML,1,0.33,0,0,
Papa,926258777,MEDI 14 AUTOR NAT 3 7005/A,1,0.33,0,2,6
Papa,926259971,MEDI 18 GAMB P.AP NAT 5 2805PA,1,0.33,0,7,1
Papa,926260098,MEDI 14 GAMB P.AP NAT 2 2205PA,1,0.33,0,6,5
Papa,926420896,OLIPROX SHAMPOO 200ML CE,1,0.33,0,350,1
Papa,926461839,MTS10 GANODERMA GTT 20ML,1,0.33,0,55,8
Papa,926461841,MTS11 HERICIUM GOCCE 20ML,1,0.33,0,37,7
Papa,926470360,BIO SOYA DRINK VANIGLIA 1000ML,1,0.33,0,42,6
Papa,926502434,FARINA GRANO SARACENO FINE 500,1,0.33,0,28,1
Papa,926502446,FARINA RISO IMPALPABILE 500G,1,0.33,0,14,1
Papa,926520469,ADEXIL 28CPS,1,0.33,0,33,1
Papa,926522259,CER PIC DELICATE EXTRA 10PZ,1,0.33,4,0,1
Papa,926522398,CER PIC CLASSIC DITA 6PZ,1,0.33,2,0,1
Papa,926522741,CER PIC AQUABLOC 10X12 5PZ,1,0.33,1,192,10
Papa,926547023,MISURA PRESS BRACC NISSEI 1031,1,0.33,8,0,1
Papa,926558685,COPRISONDA PIC VAG-RET 144PZ,1,0.33,0,76,6
Papa,926592054,FETTE BISCOTTATE INTEGRALI,1,0.33,0,58,5
Papa,926739160,LIPOCOL PLUS 30CPR,1,0.33,0,1060,6
Papa,926825744,BIO-GEL ANELLO SEPARA ALLU M/L,1,0.33,0,13,6
Papa,926830225,LIEVOROID POM C/CAN ENDORETT,1,0.33,0,116,2
Papa,926858984,OLIO DI SEMI ZUCCA BIO 250ML,1,0.33,0,43,5
Papa,926876766,FLEBOMIX CREMA GEL 100ML,1,0.33,0,23,
Papa,926888746,FORTINI SMOOTHIE MF FRUTTI RO,1,0.33,0,45,7
Papa,926988078,CER PIC DELICATE DITA 6PZ,1,0.33,2,0,1
Papa,926988080,CER PIC CLASSIC STR 10X8CM 10P,1,0.33,8,98,2
Papa,927046565,ELMEX SENSITIVE COLLUT 400ML,1,0.33,19,516,10
Papa,927049092,"D MANNOSIO 24CPR 20,4G",1,0.33,0,398,
Papa,927053874,CONFORM2 SACCA URO V2 TR 45MM,1,0.33,0,6,4
Papa,927095594,BIOPRINT REMOVABLE INSOLE 38,1,0.33,0,8,6
Papa,927143382,ALTRICEREALI BISC AVENA INTEGR,1,0.33,0,31,3
Papa,927143913,RELAXINA PANIC 50CPS,1,0.33,0,73,3
Papa,927143925,ISOMAR SPRAY DECONGEST AC IALU,1,0.33,0,776,
Papa,927152658,PALOMA 200ML,1,0.33,0,56,6
Papa,927172736,REUMALT 30CPS,1,0.33,0,79,6
Papa,927178703,EUMETAB 30CPS,1,0.33,0,54,2
Papa,927219941,PROLEI COMPLEX 30CPR GASTRORES,1,0.33,0,648,
Papa,927256747,SAUBER COL140 S/COP MICR NE 3,1,0.33,0,18,4
Papa,927284808,MY MOBILITAS FASCIA NUCA S,1,0.33,0,2,1
Papa,927287452,DRENA LEVEL 1 GTT 50ML,1,0.33,0,164,
Papa,927288163,CATALITIC FE 20AMP,1,0.33,0,42,3
Papa,927304168,ULCE GEL 40ML,1,0.33,0,15,8
Papa,927462907,GALATEA GOCCE 50ML,1,0.33,0,21,8
Papa,927499564,BIONATAR SHAMPOO 300ML CE,1,0.33,0,117,7
Papa,927501080,PERTRIFOL DONNA 30CPR,1,0.33,0,199,4
Papa,927583296,LINES SP DERM SAG EXTRA 30PZ,1,0.33,0,0,
Papa,930099597,IRIDIUM GARZA OCULARE MED 20PZ,1,0.33,3,198,7
Papa,930116328,EOFOLIN 30CPR,1,0.33,0,856,6
Papa,930119678,LOFRIC AUTOLUB CH10 U NEL 30PZ,1,0.33,0,0,
Papa,930184650,RIBES NERO CONCEN TOTALE 50OPR,1,0.33,0,140,8
Papa,930196629,PINZETTA TOGLI ZECCHE ACCIAIO,1,0.33,0,20,1
Papa,930197254,COLONFIT ADVANCE FRUT RO20BUST,1,0.33,0,475,6
Papa,930214541,"EMOFORM PLAKOUT ACT0,20% COLLU",1,0.33,0,352,4
Papa,930216736,PEDIASPRINT 15FL 10ML,1,0.33,0,91,6
Papa,930244874,BENDA MED FARMAZINK EL10X5 1PZ,1,0.33,0,10,
Papa,930252782,"IRILENS 0,4% GOCCE OCULARI10ML",1,0.33,0,1523,
Papa,930258429,"CURASEPT ADS COLLUT 0,12 500ML",1,0.33,5,493,4
Papa,930259736,BGSTAR STRISCE REATTIVE 50PZ,1,0.33,0,459,
Papa,930274269,VEA NAILS VIT-E PROT UNG CUT,1,0.33,0,346,8
Papa,930274319,FOOTCARE SPR VERRUCHE 50ML E1,1,0.33,6,38,3
Papa,930280805,TRICORES BALSAMO 200ML NF,1,0.33,0,5,2
Papa,930372002,PERFECTIVE KARITE 30 50ML,1,0.33,0,7,2
Papa,930381494,NEPETASATIVA MACERATO CAIRA,1,0.33,0,1,4
Papa,930478894,SANODET IMMUNOPLUS 30CPS,1,0.33,0,2,6
Papa,930511542,ERBE SVEDESI CONTUSO PREPARATO,1,0.33,0,6,6
Papa,930527876,ACQUASTOP PEDIATR BRAC INTERO,1,0.33,0,7,1
Papa,930533308,SENSOVIT 30CPR,1,0.33,0,59,8
Papa,930573403,RUSCOMIR MACERATO CAIRA BIO,1,0.33,0,0,
Papa,930585688,LOFRIC ORIGO AUTOLUB CH12 U NE,1,0.33,0,0,
Papa,930585738,LOFRIC ORIGO AUTOLUB CH12 U TI,1,0.33,0,0,
Papa,930617624,RELAXMAP 20CPR,1,0.33,0,6,1
Papa,930666882,AQUACEL AG SURGICAL 9X15 10PZ,1,0.33,0,1,1
Papa,930669890,LONGLIFE L-CARNITINE 60CPS,1,0.33,0,237,
Papa,930862065,FLOGAN 20CPR RIVESTITE,1,0.33,0,151,2
Papa,930862317,INOFOLIC NRT 30BUST,1,0.33,0,75,
Papa,930864689,LONGLIFE MEMORY PLUS 30CPS,1,0.33,0,138,2
Papa,930869060,FERFOLIN C 30CPS,1,0.33,0,42,1
Papa,930890850,SOLIVEN CREMA BIOSLINE 100ML,1,0.33,0,58,4
Papa,930923533,LE VENEZIANE BISCOTTI COCCO,1,0.33,0,50,6
Papa,930924915,MIRTY 180 20BUST,1,0.33,0,114,1
Papa,930957067,OMK1 SOLUZIONE OFT STER 10ML,1,0.33,0,996,1
Papa,930960113,BETOTAL BODY PLUS 20BUST,1,0.33,11,384,5
Papa,930967652,"KAPPAPHYT 4 20BUST 4,5G",1,0.33,0,4,3
Papa,930967979,TRIPHALA MAX 60CPR,1,0.33,0,69,
Papa,930987577,ESTEEM+AP 20/70 TR RIT STD INV,1,0.33,0,2,7
Papa,931001465,ZER% GLUTINE PENNE RISO BIO,1,0.33,0,105,5
Papa,931025605,PUMILENE GOLA MIELE/LIM 24PAST,1,0.33,0,177,7
Papa,931032484,GINEDIE CAPSULE VAGINALI 8PZ,1,0.33,0,546,3
Papa,931035543,CLINNIX UREA30 CREMA TRATT,1,0.33,0,85,1
Papa,931052500,XVENO 30CPR,1,0.33,0,163,2
Papa,931070421,PROVASEN 20CPR,1,0.33,0,206,6
Papa,931091540,MIGRASOLL 30BUST,1,0.33,0,274,1
Papa,931092151,NOVOX GEL SIRINGA 5ML,1,0.33,0,40,2
Papa,931095309,EPAEPA 42CPR,1,0.33,13,144,2
Papa,931097428,EUPH FILLER S OCCHI 30ML,1,0.33,6,0,1
Papa,931203006,STERIMAR IPERTONICO NASO CHIU,1,0.33,0,223,1
Papa,931345173,MONOCOLLANT MICRO281 AGG SX MC,1,0.33,0,3,
Papa,931387043,EVITA MIXOIL 200ML,1,0.33,0,94,7
Papa,931402681,ALUSEB SHAMPOO DOCCIA 125ML,1,0.33,0,428,8
Papa,931450225,GIBAUD ORTHO MANUGIB 20 SX 2,1,0.33,0,34,
Papa,931468021,IRIDIL GOCCE OCULARI 10ML,1,0.33,16,381,3
Papa,931524615,PIROFER FORTE 30CPR,1,0.33,0,443,6
Papa,931570562,PREXOSAN 30CPR,1,0.33,0,84,
Papa,931571133,LADYGLORIA 12 GAMB PU/A NER 2,1,0.33,0,2,3
Papa,931581449,LADYGLORIA 18 GAMB PU/A SAH 1,1,0.33,0,12,3
Papa,931596492,UROPED 10BUST,1,0.33,0,377,7
Papa,931607966,GL1 M&D SALBE CREMA 75ML,1,0.33,0,478,8
Papa,931609871,AVENT STERILIZZATORE MICROONDE,1,0.33,0,2,4
Papa,931644417,HYDRATEE CR GG RIGEN FOTOP30ML,1,0.33,0,45,2
Papa,931656781,TAE X ACNIS CREMA 60ML,1,0.33,0,153,
Papa,931656805,TAE X ROSE CREMA 60ML,1,0.33,0,252,
Papa,931679258,GIBAUD ORTHO COLL SEMIRIG M3,1,0.33,0,16,5
Papa,931772875,BORSA TERMICA KIT DIABETICI MI,1,0.33,0,32,6
Papa,931938967,"PROFAR ARGOXYN ARGENT ION 2,5%",1,0.33,0,51,
Papa,931938993,UROSYSTEM SAC LETT130 C/SCA30P,1,0.33,1,481,5
Papa,931972754,EUPH FILLER SUPR JALURON 4000,1,0.33,1,14,4
Papa,931983124,BIO ESSENZE OLIO MAND DOL500ML,1,0.33,0,18,3
Papa,931988289,CER MEDS TNT FIX 1000X10CM,1,0.33,0,101,5
Papa,932077415,POLIDENT FREE 40G,1,0.33,9,626,8
Papa,932169105,ACCORDO VIOLA PROFUMO 50ML,1,0.33,0,51,7
Papa,932217072,STEVIA EDULCOR 200CPR,1,0.33,0,78,1
Papa,932220142,FISIOJET MAS AD AEROSOL 1PZ,1,0.33,0,1,4
Papa,932428422,RECONNETTIVAL C RETARD 60CPR,1,0.33,0,158,1
Papa,932437041,FARABELLA FARINA PREP PASTA 1K,1,0.33,0,27,1
Papa,932652365,NATURE'S SOL ACCELERATORE ABBR,1,0.33,0,68,5
Papa,932713605,ACIDO IALURONICO CONT OCCHI,1,0.33,0,35,6
Papa,932720840,ENVICER3 GRASSA FORTE 100ML,1,0.33,0,14,7
Papa,932720903,ENVISUN SPF50 100ML,1,0.33,0,61,1
Papa,932720966,RINOWAY SALI IPERTONICI 15BUST,1,0.33,0,33,4
Papa,932750300,NUTRIPROST ONE 20CPS,1,0.33,0,546,
Papa,932756481,TUSSEVAL FLU 12BUST SOLUBILI,1,0.33,0,168,8
Papa,932770961,STECCA DITA 4285 L OPPO,1,0.33,0,35,2
Papa,933158040,CRUSCA DI AVENA BIO 750G,1,0.33,0,113,1
Papa,933462855,FLEBOGELAR 30CPR,1,0.33,0,52,5
Papa,933869974,LITOCALC 30BUST,1,0.33,0,19,1
Papa,933933362,UNGHIASIL SOS MICOSI 5ML,1,0.33,1,544,6
Papa,933949430,BISENGLUT BISCOTTO GRANULARE,1,0.33,0,306,1
Papa,934036942,MEDISAFE FIT DISCO GLICEMIA 25,1,0.33,0,94,3
Papa,934192168,FIBERPASTA DIET SEDANI 500G,1,0.33,0,79,1
Papa,934232998,MEDS SPRAY ISOT ACQ NASO/ORE,1,0.33,0,75,4
Papa,934317443,CALMADOL CUSCINETTO CALDO-FRED,1,0.33,4,155,4
Papa,934417597,SERIPNOL GOCCE 30ML,1,0.33,0,509,8
Papa,934488329,DHALUX 350 30CPS MOLLI,1,0.33,0,225,5
Papa,934504123,NUTRIDEF ADULTI 20CPR,1,0.33,0,23,2
Papa,934504756,NEW ERA I 240GRANULI,1,0.33,0,0,
Papa,934509757,MATT PHARMA MAGNESIO 30CPR,1,0.33,0,208,1
Papa,934527817,GLUTAREDOX 30CPR OROSOLUBILI,1,0.33,0,664,
Papa,934531043,FEMEQUIL 30CPR,1,0.33,0,45,3
Papa,934545423,PRINCIPIUM EPA-3 FISH 90CPS,1,0.33,0,324,8
Papa,934623671,DONNA SEMPRE PAUSA 30CPR,1,0.33,0,19,8
Papa,934625056,MELAXINA T GOCCE 30ML,1,0.33,0,542,2
Papa,934625827,VITAMINA D3/1000 100TAV,1,0.33,0,25,2
Papa,934635727,LITHOS 60BUST,1,0.33,4,157,4
Papa,934638127,ALKAGIN DET INT LEN ALC 250ML,1,0.33,0,254,3
Papa,934638204,RILASTIL XEROLACT/CR 30% 40ML,1,0.33,0,137,
Papa,934639663,ZERADERM SCAR GEL 20G,1,0.33,0,4,1
Papa,934718432,MIPROVEN 20BUST,1,0.33,0,34,2
Papa,934718774,LONGLIFE L-GLUTATHIONE250MG30C,1,0.33,0,187,2
Papa,934825249,MULTICENTRUM MAMMA 30CPR,1,0.33,1,519,8
Papa,934869658,SELIMA 30CPR,1,0.33,0,295,5
Papa,934871892,THERMACARE VERSATILE FASCIA6PZ,1,0.33,4,0,1
Papa,934902952,CERAMOL BASE LAVANTE SCH 400ML,1,0.33,0,564,
Papa,934981426,IKLEN 50+ CREMA FOTOPROTETTRIC,1,0.33,0,199,
Papa,935008932,UNIFERRO FORTE 30CPS,1,0.33,0,607,8
Papa,935034405,EMACRIT 30CPS,1,0.33,1,1070,7
Papa,935057428,"BIOKAP NUTRIC 8,0 BIO CHIARO",1,0.33,0,107,4
Papa,935214940,MASSIGEN MAGNESIO SUPER 150G,1,0.33,0,323,
Papa,935359962,SANODET DERMOCREMA 250ML,1,0.33,0,6,2
Papa,935382477,5ALFAPROST 30PRL,1,0.33,0,238,1
Papa,935479244,COLEPAN FAST 20CPR,1,0.33,0,161,5
Papa,935485072,NUTRIDEF ALLERGEN 30CPR,1,0.33,0,32,5
Papa,935500138,KERAMINE H BALSAMO LEG DISTRIC,1,0.33,0,3,5
Papa,935513414,GOFERTIL 30CPR,1,0.33,0,32,2
Papa,935520039,LIGADOL EVO 20BUST,1,0.33,0,290,6
Papa,935543001,ROUGJ INTEGR SOLARE 30CPS,1,0.33,0,185,
Papa,935589111,POLIDENT FREE 70G,1,0.33,3,1240,3
Papa,935594604,ARTELAC REACTIVE MULTIDOSE10ML,1,0.33,0,1374,8
Papa,935598793,PLANTER'S AC IAL SIERO PURO CO,1,0.33,0,3,5
Papa,935601157,NATURE'S SOL CREMA SPF50 150ML,1,0.33,0,93,2
Papa,935610358,VENESAN 30CPR,1,0.33,0,47,1
Papa,935627188,RELAXAMIR 60CPR,1,0.33,0,42,1
Papa,935660908,VAPE RICARICA LIQUIDA 480H,1,0.33,0,100,2
Papa,935662611,SUPRADYN RICARICA 60CPR,1,0.33,4,761,
Papa,935671899,COLIDEP JUNIOR GOCCE 20ML,1,0.33,0,94,
Papa,935678918,PERIDO NATURAL FORTE 30CPS MOL,1,0.33,1,1854,6
Papa,935700043,COGNITIVFAST 20CPS GASTRORESIS,1,0.33,0,238,2
Papa,935701375,KOLINAT LNP 30CPS,1,0.33,0,85,1
Papa,935753400,TAUMAG FORTE 50G,1,0.33,0,10,1
Papa,935789735,XNERV 24CPR,1,0.33,0,1906,7
Papa,935790701,M-AID ROLLFLEX A-STOP M10X10CM,1,0.33,0,7,2
Papa,935793075,LONGLIFE MACA 60CPS VEGETALI,1,0.33,0,189,
Papa,935800209,"BLUYAL MONODOSE 15CONT 0,35ML",1,0.33,0,100,6
Papa,935812382,EPACLIN PLUS 30CPS,1,0.33,0,545,7
Papa,935813764,ITRANOX GTT OTOLOGICHE 10ML,1,0.33,0,31,7
Papa,935937110,LONGLIFE INULINA POWDER 240G,1,0.33,0,217,2
Papa,935952919,SOLVHOREN RETARD 60CPR,1,0.33,0,80,7
Papa,936005382,BALAMAL GEL SAPONE INTIMO250ML,1,0.33,0,83,1
Papa,936048178,EUPH COLORPRO XD830 BIO DO,1,0.33,8,72,2
Papa,936048180,EUPH COLORPRO XD900 BI CHS,1,0.33,8,199,2
Papa,936092562,STIMULFOS PET LINE GATTO 30CPR,1,0.33,0,60,
Papa,936092840,CONIFER SHAMPOO COMPLEX 200ML,1,0.33,0,34,6
Papa,937414656,PINZETTA TOGLI ZECCH BLIS SING,1,0.33,0,38,3
Papa,938037037,ANFOGYN MOUSSE GINECOLOG 150ML,1,0.33,0,129,3
Papa,938091410,DRIAMIN ZINCO 10FL 15ML,1,0.33,0,1,4
Papa,938130440,ARMOVITA PLUS 100OPR,1,0.33,0,82,3
Papa,938132192,GASTROTUSS ANTIREFLUSSO 30CPR,1,0.33,0,74,7
Papa,938225366,GEHWOL PROT DITA TUBOL S 2PZ,1,0.33,0,19,
Papa,938251129,FITOCAT 3 50ML GOCCE,1,0.33,0,3,7
Papa,938668961,EDENOX 20CPR,1,0.33,0,205,8
Papa,938766351,ALOE ARBORESCENS PURO SUCCO 1L,1,0.33,0,26,
Papa,938780362,HALODERM CREMA MANI 75ML,1,0.33,0,4,1
Papa,938795921,GLUCOLAB AC GLICEMIA 25STR,1,0.33,0,7,4
Papa,938796036,GLUCOLAB AC GLICEMIA 50STR,1,0.33,0,2,3
Papa,938854104,FRANTUMAPILLOLE,1,0.33,0,3,6
Papa,938911308,FLORABALANCE ACTIVE 30CPS,1,0.33,0,61,8
Papa,938988932,LINFODERMINA 150ML,1,0.33,0,162,
Papa,938993223,URGOCLEAN AG/SILVER 6X6CM 5PZ,1,0.33,0,33,2
Papa,939013811,PROFAR PINZETTA OBLIQUA,1,0.33,0,41,3
Papa,939018230,AGIN DETERGENTE 1000ML,1,0.33,0,120,2
Papa,939029967,NAVIBLEF DAILY CARE 50ML,1,0.33,0,1495,8
Papa,939104840,FITOCLIM PLUS 36CPR,1,0.33,0,14,2
Papa,939197303,FITOBIOTUSS BB 150ML,1,0.33,0,18,1
Papa,939274724,MASSIGEN PRONTO RECUP 14BUST,1,0.33,0,501,
Papa,939284067,MAVALA BOUCLIER ONGLE+EGAL2X10,1,0.33,0,1,8
Papa,939301659,"BIATAIN SIL ADES 7,5X7,5 10PZ",1,0.33,0,8,
Papa,939328732,TAPPI AURIC SIL 8PZ,1,0.33,0,74,5
Papa,939370755,DELTACRIN FIALE PHARCOS 10F 10,1,0.33,0,147,2
Papa,939457204,GLICEROLO 1LT SELLA,1,0.33,0,5,2
Papa,939571574,ZINCO PLUS 60CPS,1,0.33,0,11,6
Papa,939580647,XFLOR 12BUST,1,0.33,0,184,1
Papa,939587376,PLURIGIN OVULI VAGINALI 10PZ,1,0.33,0,221,2
Papa,939674558,ORIONE 4110 SUPP SOTTOROTULEO,1,0.33,0,2,4
Papa,939676843,RESVIS FORTE XR BIOFUTURA 12BU,1,0.33,0,593,
Papa,939981611,EULINE CREMA IDRAT TUBO 50ML,1,0.33,0,3,4
Papa,939989733,SEDIREM GOCCE 30ML,1,0.33,0,64,4
Papa,940085970,LONGLIFE L-GLYCINE500MG 100CPS,1,0.33,0,134,2
Papa,940086337,TANTUM VERDE SOS AFTE SPR 20ML,1,0.33,3,230,
Papa,940089802,PRODIV 20BUST,1,0.33,0,310,8
Papa,940091388,SUNISDIN CAPSULE 30CPS,1,0.33,0,156,
Papa,940115710,PREVALGO VISC 20CPR,1,0.33,0,261,7
Papa,940184587,DERMAFRESH 72H IPERSUD LATTE,1,0.33,2,206,
Papa,940199540,PEPE FONDENTE EDT 50ML,1,0.33,0,17,1
Papa,940206699,MAYADOL 30STICK PACKS OROSOL,1,0.33,0,185,5
Papa,940226323,SUPRADYN DIFESE 15CPR EFFERV,1,0.33,1,245,1
Papa,940274741,LACTIPLUS DLR 30CPS VEGETALI,1,0.33,0,170,1
Papa,940276734,LONGLIFE CENTELLA 20% 60CPS,1,0.33,0,107,
Papa,940326200,LONGLIFE E COMPLEX 60CPS VEGET,1,0.33,0,7,3
Papa,940562539,EUPHIDRA AMIDO CREMA BASE400ML,1,0.33,4,5,1
Papa,940562554,EUPHIDRA AMIDO CR RICCA LENIT,1,0.33,2,29,2
Papa,940612005,AM GEL CUP ACQUAGEL ARA C/E,1,0.33,0,30,1
Papa,940733684,HELAN ELEMI' EDP 50ML,1,0.33,0,3,1
Papa,940762406,FLOSER 10BUSTE,1,0.33,0,145,6
Papa,940830247,AFOMILL SOLLIEVO OCCHI GTT10ML,1,0.33,16,328,2
Papa,941576605,ALMETAX EASY 30STICK OROSOL,1,0.33,0,257,
Papa,941632123,CICAVIT+ DM CICATRICES 15ML,1,0.33,0,136,
Papa,941693691,VITACALM TUTTA NOTTE F/R 30CPR,1,0.33,0,162,6
Papa,941811046,VENOPLUS UNILEN 30CPR,1,0.33,0,0,
Papa,942002546,SOLEOMBRA FLUIDO DOPOS V&C MF,1,0.33,0,4,6
Papa,942003207,FERCFOL NEW GOCCE 20ML,1,0.33,0,235,7
Papa,942061716,MIRAMAG-K 600 20BUST,1,0.33,0,225,6
Papa,942129836,CRUSCANA 500 30CPR,1,0.33,0,140,1
Papa,942138886,DICODRAL LIQUIDO 4X200ML,1,0.33,0,922,
Papa,942257748,FLOGOMED 20CPR,1,0.33,0,0,
Papa,942258854,CLEAN KILL EXTRA MICRO FAST,1,0.33,0,383,6
Papa,942262306,FASTCAP 500 30CPR,1,0.33,0,281,2
Papa,942282359,SIDERAL GOCCE FORTE 30ML,1,0.33,0,231,
Papa,942283300,BAMAK 24BUST,1,0.33,0,98,7
Papa,942283336,BAMAK PLUS 18BUST,1,0.33,0,143,1
Papa,942544887,DEKLIN GOCCE 15ML,1,0.33,0,195,2
Papa,942732583,VITIALGIN 1030MG 60PRL,1,0.33,0,99,6
Papa,942788605,VARISAN ETHERE1520 ATPA PO3C,1,0.33,0,3,
Papa,942819463,PHYTODEPURA FORTE 30BUST CONC,1,0.33,0,154,7
Papa,942826583,RETIZIN 28CPR DEGLUT GASTRORES,1,0.33,0,258,
Papa,942845607,LIVEDREN CREMA 200ML,1,0.33,0,136,1
Papa,942853351,VISUCOMPLEX PLUS 30CPS,1,0.33,0,864,1
Papa,942860279,FILME GYNO V12 12OV,1,0.33,0,254,
Papa,942862451,INOFOLIC COMBI HP 20CPS,1,0.33,0,2065,
Papa,942965981,CAREVIT ULTRA CANE 30BUST,1,0.33,0,194,3
Papa,942968696,RINOSTIL FORTE 10FL MONO 5ML,1,0.33,0,296,2
Papa,942968710,COLLAGENDEP SUN 20CPR,1,0.33,0,87,8
Papa,943008437,EUTRIS PLUS 30CPR,1,0.33,0,411,
Papa,943251761,AFOMILL ANTIARROSSAMENTO SC10M,1,0.33,18,230,2
Papa,943294746,TENDISULFUR RUN 14BUST,1,0.33,0,92,
Papa,943315287,SELAN MICO 250ML,1,0.33,0,164,1
Papa,943328120,LONGLIFE K-2 GOLD 60PRL,1,0.33,0,496,
Papa,943329514,PRINCIPIUM AMINASTEN 14BUST,1,0.33,0,124,5
Papa,943347118,GERMISDIN IGIENE CORPO 500ML,1,0.33,0,62,
Papa,943364644,IREOS ACQUA MICELL STRUCC DEL,1,0.33,0,2,1
Papa,943368148,NEVRALCAR DUO 60CPR DEGLUT,1,0.33,0,114,7
Papa,943370864,FLORAMADRE 14BUST,1,0.33,0,216,7
Papa,943372843,PRINCIPIUM B12 1000 60CPR SUBL,1,0.33,0,922,8
Papa,943791160,RELAXIGEN PET MINI 20CPR,1,0.33,0,267,8
Papa,943806707,EUPH LATTE DET STRUCC 2IN1,1,0.33,3,68,3
Papa,943807255,PRINCIPIUM C1000 TRETARD 60CPR,1,0.33,0,595,8
Papa,943942452,TANNIDIN PLUS 30CPR MAST,1,0.33,0,401,5
Papa,943949507,RADIPET 40CPS,1,0.33,0,48,7
Papa,943954507,MIRAENERGY DONNA 40CPS,1,0.33,0,53,2
Papa,943954723,CONTOUR NEXT GLUCOMETRO,1,0.33,0,51,7
Papa,943967657,ERGYONAGRE 60CPS,1,0.33,0,62,8
Papa,944010255,DONG QUAI 100CPS VEG,1,0.33,0,16,1
Papa,944064498,I SORBETTI LEMONFIZZ ACQUA IDR,1,0.33,0,6,
Papa,944087232,LOGUSGYN OVULI VAGINALI 10PZ,1,0.33,0,162,
Papa,944097652,LINFOVIR IPERWASH SOL SAL IPER,1,0.33,0,507,1
Papa,944137518,GERMISDIN IGIENE CORPO ORIG 1L,1,0.33,0,39,7
Papa,944162256,RIPRISTIN OTO GEL 20ML,1,0.33,0,30,5
Papa,944166103,NANCARE FLORA EQUILIBRIUM 20BS,1,0.33,0,35,4
Papa,944290093,LONGLIFE L-LYSINE 500MG 60TAV,1,0.33,0,196,8
Papa,944313081,DERMOLIVO DETERGENTE OLIO150ML,1,0.33,0,112,1
Papa,944324223,TOPIKA PASTA ALL'ACQUA 250ML,1,0.33,0,78,8
Papa,944596598,SAVEL LATTE BIOS 200ML,1,0.33,0,205,3
Papa,944631643,W OUD OLIO PROFUMATO ILL 50ML,1,0.33,0,10,6
Papa,944631670,G OUD EAU DE PARFUM 50ML,1,0.33,0,11,6
Papa,944631706,G OUD BURRO PROFUMATO CRP200ML,1,0.33,0,22,1
Papa,944652407,ATOREPAIR CREMA IDRATANTE,1,0.33,0,6,4
Papa,944725694,DERMOLIVO OVULI VAGINALI 10PZ,1,0.33,0,180,8
Papa,944841055,LONGLIFE MORINGA BIO 100CPS VE,1,0.33,0,63,1
Papa,944944469,BIOLIVOIL BODYWASH 300ML,1,0.33,0,16,1
Papa,944948153,IDROXIN CREMA 50ML,1,0.33,0,10,1
Papa,944959283,PRINCIPIUM AC IALUR JOINT 60CP,1,0.33,0,203,2
Papa,944978030,SONNORIL GOCCE 20ML,1,0.33,0,120,7
Papa,945008252,MAYASPRINT 10FL,1,0.33,0,774,1
Papa,945025625,OXIMIX VITA B METIL 60CPS,1,0.33,0,16,1
Papa,945025688,I PROFUMI BIANCO D'AMBRA EDP,1,0.33,0,23,
Papa,945136467,PEROGNIDOL FORTE 15ML,1,0.33,0,962,8
Papa,945143372,SUMOR FORTE 20CPR,1,0.33,0,417,2
Papa,947073704,RILASTIL ACNESTIL MICROPEELING,1,0.33,0,561,8
Papa,947090674,ANDROPANT PLUS 30CPR,1,0.33,0,183,2
Papa,947123600,LITOBLOCK 30BUST,1,0.33,0,170,
Papa,947130098,IPNOREM GOCCE 30ML,1,0.33,0,131,2
Papa,947131658,BIOCORTENA BASE LAVANTE 250ML,1,0.33,0,24,2
Papa,947159481,SODIO BICARBONATO ALIM 30CPR,1,0.33,0,274,7
Papa,947194546,FERROSIL PLUS 30CPR,1,0.33,0,54,5
Papa,947194849,HUMANA CREMA DI RISO BIO 200G,1,0.33,0,70,8
Papa,947218703,EUPH KA UVSYS DOPOSOLE TAN,1,0.33,1,0,2
Papa,947218727,OLIGO SEL PLUS 100TAV,1,0.33,0,188,
Papa,947225013,UNGHIASIL BASE INDURENTE 5ML,1,0.33,0,6,8
Papa,947226938,FLOGONOX 10CPR,1,0.33,0,174,
Papa,947236865,ARTIGLIO DEL DIAVOLO CREMA,1,0.33,2,368,4
Papa,947244618,CAROBIN PET FORTE 30CPR,1,0.33,0,779,8
Papa,947256828,FUSION WATER COLOR BRONZE 50ML,1,0.33,0,66,4
Papa,947259558,CER'8 FORMULA TIGRE 36CUSC,1,0.33,0,100,1
Papa,947261994,SKINPROJECT RADIANCE CR VISO,1,0.33,0,44,2
Papa,947282000,DIDI3 K2 30FILM ORODISPERS,1,0.33,0,71,5
Papa,947417073,RIDONNA RELAX 30CPR,1,0.33,0,134,1
Papa,947461291,ENFLOG GEL VAGINALE 7APPL MONO,1,0.33,0,115,1
Papa,947482954,I RIMEDI OLIO RICINO BIO 100ML,1,0.33,0,81,
Papa,948088935,SAUGELLA POLIGYN SALV 15PZ,1,0.33,0,245,
Papa,948162918,MEDILEN POLVERE 100G,1,0.33,0,70,7
Papa,948168493,LONGLIFE L-CITRULLINE PL100CPS,1,0.33,0,220,2
Papa,948186770,PRINCIPIUM REFLUMAX ACI24STICK,1,0.33,0,113,8
Papa,949482727,IDROFOLIC PLUS 500 30CPR,1,0.33,0,50,3
Papa,949499560,NEURO LEVELS SPRAY 50ML,1,0.33,0,65,8
Papa,949499610,GLICOPER LEI 30BUST,1,0.33,0,239,
Papa,949500692,TOTAL DEP 500ML,1,0.33,0,114,7
Papa,949506873,DIXY HAIR 30CPS,1,0.33,0,123,7
Papa,949697318,BUONERBE FORTE 90CPR,1,0.33,0,412,6
Papa,949697609,DAEFNE CREMA PROF CORPO 200ML,1,0.33,0,0,
Papa,949705800,PERELLE UROPAUSA 30CPR,1,0.33,0,265,7
Papa,949725129,CDS22 FORMULA 450MLD 12BUST,1,0.33,0,331,
Papa,949873499,ARMIPELV 20CPR,1,0.33,0,46,1
Papa,949883298,TRADAPROST 60CPS,1,0.33,0,0,
Papa,949963312,PRINCIPIUM ACUMENS COGNIT30CPR,1,0.33,0,286,8
Papa,949965519,SOAGEN TONICO 380ML,1,0.33,0,27,5
Papa,949975977,SAUGELLA ATTIVA VAGINOSI GEL,1,0.33,0,24,8
Papa,949988303,PROBIFIDUM PRL2010 15ML,1,0.33,0,165,3
Papa,949993455,HDLGELAR FREE 45CPS,1,0.33,0,129,8
Papa,949994356,CAREN B12 30CPR OROSOLUBILI,1,0.33,0,0,
Papa,949995726,GAIA OZONOIL 20ML,1,0.33,0,29,5
Papa,950000000,FITOSTEROLI PLUS 180PAST,1,0.33,0,28,2
Papa,950008742,COLONDEF 20STICK PACK,1,0.33,0,194,2
Papa,950020495,THOTALE CREMA RASATURA 2IN1,1,0.33,0,29,4
Papa,950024822,FLOMEL 1000 14BUST,1,0.33,0,368,8
Papa,950032565,GLIFOSAFE 14BUST,1,0.33,0,509,5
Papa,950048645,SUPERMAGNESIO B6 160G,1,0.33,0,4,
Papa,950054522,PERVENE PLUS 30CPR,1,0.33,0,314,
Papa,950054825,PASTA VENEZIA RAV SALS PAT250G,1,0.33,0,0,
Papa,950056844,BUTIRBIOMA RM ORO 20STICK,1,0.33,0,115,4
Papa,950059016,CH BIB PERF EASY UNI SIL 150,1,0.33,0,12,
Papa,950069613,CARNIUM BOT HER BIOTIC 30CPS,1,0.33,0,13,4
Papa,950082356,CLINDERM AKNE DETERGENTE 250ML,1,0.33,0,0,
Papa,950084424,OMNIVEN PROCTO 40G,1,0.33,0,13,
Papa,950125777,EDEMASE 20CPR,1,0.33,0,234,5
Papa,950131728,PAMPERS BD MUT XL SP 13PZ,1,0.33,0,360,4
Papa,950219877,FISIODERM SEPTO SPRAY 100ML,1,0.33,0,27,3
Papa,950220956,FLAVIA ACT 30CPR,1,0.33,0,156,
Papa,950221109,BEALID X TEND 60CPR,1,0.33,0,140,7
Papa,950222556,VITREONORM TASK 20STICK,1,0.33,0,232,6
Papa,950239689,VIVOMIXX 115 NEO 9 10CPS,1,0.33,0,88,1
Papa,950240388,ZUCCARIN ZUCCHERO&COLEST 60CPR,1,0.33,0,26,5
Papa,950246963,TRIDERM IMMU SYSTEM 30CPS,1,0.33,0,109,2
Papa,950305589,REFLEX 30CPR,1,0.33,0,0,
Papa,950306011,ALUNEB SOL ISO SPR NAS 50ML,1,0.33,0,200,7
Papa,950306047,ALUNEB GEL NASALE 10ML,1,0.33,0,151,2
Papa,950355279,CH HM IL MIO PRIMO PIANO ORCH,1,0.33,0,5,8
Papa,950356360,BACTORINOL SPRAY NASALE 15ML,1,0.33,0,151,2
Papa,950375725,LADYGLORIA F 18 M LEG CA NE 5,1,0.33,0,2,3
Papa,950391110,GLUCOTRIS 30CPS,1,0.33,0,33,5
Papa,950404246,ENERVIT PP ELECTROLYTES 16BUST,1,0.33,0,122,
Papa,950405439,URIPYR 30BUST,1,0.33,1,163,7
Papa,950405757,VITREOIAL GOCCE OCULARI 20MONO,1,0.33,0,198,7
Papa,950406607,GUARIGOL BACT SPRAY 20ML,1,0.33,0,72,
Papa,950435545,OMNIA ACT FORM45CPS ETICHSPORT,1,0.33,0,4,7
Papa,950454381,NACARNEX 20BUST,1,0.33,0,74,6
Papa,950480968,AGLUTEN TIGELLE 4PZ 35G,1,0.33,0,93,1
Papa,950497091,ENERGEA+ NF SALUGEA 60CPS,1,0.33,0,41,4
Papa,950566442,LIVERCE' 30CPR,1,0.33,0,85,8
Papa,950612352,GHIACCIO SPR 400ML SOFARMAPIU',1,0.33,0,5,
Papa,950830366,AJSIA LINEAR GUANTO NITR M100P,1,0.33,0,100,1
Papa,950831774,ORALB PRO-SENSITIVE CLINICAL,1,0.33,0,37,8
Papa,950831798,ORALB PRO-3DWHITE CLIN SBIANC,1,0.33,0,114,3
Papa,950831848,PIACERI MEDIT FIOCCHI AVEN250G,1,0.33,0,116,4
Papa,950835520,ERGYPROTECT CONFORT 60CPS,1,0.33,0,32,4
Papa,950835975,FISSAN POLVERE DEL NEW 100G,1,0.33,0,196,8
Papa,950836181,LIOFERRINA 30ML,1,0.33,0,246,6
Papa,950837878,MICOVERS 2% SPRAY 100ML,1,0.33,0,232,7
Papa,950839415,VULNAMIN 6 CREMA 50G,1,0.33,0,3,8
Papa,950844249,BABA' AL RHUM 2PZ 105G,1,0.33,0,2,1
Papa,950851042,PROATOP SPRAY CANI 50ML,1,0.33,0,25,5
Papa,950904577,CH GIOCO S2P ARCOBALENO 2IN1,1,0.33,0,0,
Papa,950911558,ELIXIR MESTRUO 30CPR,1,0.33,0,60,6
Papa,950911560,ELIXIR MENOPAUSA 30CPR,1,0.33,0,80,8
Papa,950912865,EPICUROS 20CPR,1,0.33,0,99,8
Papa,950915468,FIDEK 40CPR 1G DRN,1,0.33,0,347,
Papa,950921231,MYODESONORM 30BUST,1,0.33,0,125,2
Papa,950963215,BONTA' VOSTRA FRUIT IN CIL 4PZ,1,0.33,0,5,3
Papa,950965311,COLLAGENE-T 180PAST,1,0.33,0,91,8
Papa,950978938,TRAMEXAL DECO' 30ML BRADERM,1,0.33,0,54,3
Papa,950991897,MORINGA BIO 60CPS,1,0.33,0,0,
Papa,951028707,CRIPTOGEL GEL UNGUEALE 10ML,1,0.33,0,100,
Papa,951034949,FLUID MOTION 60CPS ETICHSPORT,1,0.33,0,37,8
Papa,951038696,GRAZIOSI BISCUITS 180G,1,0.33,0,79,1
Papa,951048420,THERMOGEL 20X30CM FOD FAS ITC,1,0.33,0,64,8
Papa,951058573,BATTINORM 30STICK,1,0.33,0,171,
Papa,951059789,GOODERE LIBEEDO4HIM 60CPR,1,0.33,0,32,7
Papa,951063698,PHLIFE IONS BOOSTER 120G,1,0.33,0,3,3
Papa,951091711,BIOMAVET CANE 1500MG 12CPR,1,0.33,0,324,6
Papa,951091723,BIOMAVET CANE 750MG 12CPR,1,0.33,0,332,6
Papa,951097839,EUCLORINA GENGIVE GEL 30ML,1,0.33,0,313,3
Papa,951098146,KELUAL DS INTENSIVE SH ANTIFOR,1,0.33,5,202,7
Papa,951099124,DERMOXEN PELVIPLUS 30BUST,1,0.33,0,28,4
Papa,951106018,HEMOPRAN ENDORETTALI 7SUPPOSTE,1,0.33,0,202,1
Papa,951123633,CALCIO PURO POLVERE SOL 150G,1,0.33,0,11,6
Papa,951124458,PODIDRAL AD CREMA 100ML,1,0.33,0,124,1
Papa,951134903,COLLAGEN SUPERDOSE HAIR 300ML,1,0.33,11,65,1
Papa,951144385,RINOSTIL FORTE SPR NAS 150ML,1,0.33,0,211,2
Papa,951144575,LACRIBEN GEL OCULARE 30F,1,0.33,0,215,7
Papa,951145717,ERMET IMMUNO PASTA 30ML,1,0.33,0,1,1
Papa,951149968,AXIGAB 90CPR,1,0.33,0,187,
Papa,951150857,M-AID ELASTINA KIT OMBELICALE,1,0.33,0,114,3
Papa,951161722,BIOCLIN DEO 24H VAPO FRESH NF,1,0.33,0,264,
Papa,951171343,LONGLIFE ASHWAGANDHA BIO 5%,1,0.33,0,224,7
Papa,951171495,OPTIM BUTYRATE 90CPS,1,0.33,0,36,1
Papa,951186206,GESTDAY 30SOFTGEL,1,0.33,0,43,2
Papa,951187754,AGARCID GEL DETERGENTE IGIEN,1,0.33,0,4,5
Papa,951193299,LONGLIFE NADH MAX 60CPR RIVEST,1,0.33,0,160,8
Papa,951201324,FOQUS CLASS COLLARE ELISAB30CM,1,0.33,0,14,4
Papa,951209978,ECUNERV PEA 30CPR,1,0.33,0,437,8
Papa,951210665,SAUBER DEOACTIVE ROLL ON 70ML,1,0.33,0,100,5
Papa,951216252,CUTIMED SORBACT CONT 4X6CM 5PZ,1,0.33,0,131,7
Papa,951220108,SCIENTIA NOVA CREMA IDRAT400ML,1,0.33,0,100,1
Papa,951232103,OMRON SFIGMO BRACCIO M2 ESS,1,0.33,0,7,
Papa,951234386,ZYMEREX GUM MAGNESIO PMS 45GOM,1,0.33,0,0,
Papa,951269531,URELAX FLOGO 60CPR,1,0.33,0,246,
Papa,951269556,GAIA OIL 30ML,1,0.33,0,14,5
Papa,951272640,SALI DI ISCHIA PROF ZAGARA AMB,1,0.33,0,3,1
Papa,951273907,CONDROMAX FORTE 10BUST,1,0.33,0,157,7
Papa,951274378,MEDIDOS PORTAPILLOLE SETTIMAN,1,0.33,0,105,7
Papa,951307786,LOZIONE SAME URTO 100ML,1,0.33,0,392,1
Papa,951313030,MINERALVIS 150PAST,1,0.33,0,14,1
Papa,951316746,REFLUXSAN STICK 20BUST MONOD,1,0.33,0,686,6
Papa,951318207,"TWINS SILVER TRIPLE RO BL+2,50",1,0.33,0,43,1
Papa,951318221,"TWINS SILVER TRIPLE RO BL+3,50",1,0.33,0,36,1
Papa,951318245,UROBERRY 72 10BUST,1,0.33,0,29,8
Papa,951318474,CERAMOL SUN PROTECT STICK 25G,1,0.33,0,21,2
Papa,951330758,CYSTOPHAN 30CPS,1,0.33,0,10,1
Papa,951336977,PYROGASTR 20STICK GEL,1,0.33,0,137,3
Papa,951340595,FISSAN LA PASTA A/PROT 50G NF,1,0.33,0,78,2
Papa,951360522,ERANERV 800 20BUST,1,0.33,0,163,1
Papa,951361120,FLAVIAM CREMA SCHIARENTE 40ML,1,0.33,0,111,6
Papa,951364443,VENAFLUX VITI BUSTE 14BUST,1,0.33,0,43,
Papa,951365307,BAULI FREE PANE CASERECCIO220G,1,0.33,0,151,7
Papa,951365396,BAULI FREE PLUMCAKE CLASSICO6P,1,0.33,0,95,5
Papa,951370840,OSTEODOLOR CREMA 100ML,1,0.33,0,0,
Papa,951372729,MICROLIFE BRACC MORBIDO 4G M/L,1,0.33,0,31,6
Papa,951377504,SOLUZIONE IPERTONICA 3% 20FL,1,0.33,0,1548,4
Papa,951377858,VISCOGEN PLUS 30BUST,1,0.33,0,139,6
Papa,951387517,DICOTUSS JUNIOR 100ML,1,0.33,0,227,6
Papa,951389788,PROPOLI MIX DEFEND SPR AD30ML,1,0.33,1,123,1
Papa,951449216,TIOBEC 40BUST NF,1,0.33,0,267,7
Papa,951450737,LONGLIFE SENOLYTIC 60CPS VEGET,1,0.33,0,21,6
Papa,951456375,MUESLI SOFFIO D'AVENA 250G,1,0.33,0,10,3
Papa,951457718,KUVEN 150ML BRADERM,1,0.33,0,50,5
Papa,951506043,STOMEK SOSPENSIONE 30STICK,1,0.33,0,40,8
Papa,951507449,AQUAVIS DS SHAMPOO 200ML,1,0.33,0,148,2
Papa,951617339,DOLOMY FIBRO 60CPS,1,0.33,0,25,
Papa,951618444,CH AUDIO BABY MONITOR,1,0.33,0,4,
Papa,951621919,LENIVAGIX OVULI VAGINALI 12PZ,1,0.33,0,30,6
Papa,951677374,DESTROFIT REGOLA 21CPR,1,0.33,0,57,1
Papa,951852983,AUTAN DEFENSE FAMIGLIA SPRAY,1,0.33,0,147,
Papa,951869243,LOMBOGIB WORK H26 TG04,1,0.33,0,20,
Papa,951869270,LOMBOGIB WORK H21 TG01,1,0.33,0,0,
Papa,951869698,LACTORELAX TABS CHEW 18CPR APP,1,0.33,0,23,1
Papa,951870462,BUTIR PLUS 15+15CPR,1,0.33,0,151,7
Papa,951874445,CH GIOCO MSDD BUNNY SOFT RING,1,0.33,2,13,1
Papa,951874460,CH GIOCO MSDD CONIGLIETTO,1,0.33,3,15,1
Papa,951878952,RELAXO PET PLUS 30CPR,1,0.33,0,3,5
Papa,951882036,BEPANTHENOL SENSIDERM CREMA50G,1,0.33,0,140,
Papa,951884283,KLORANE SIERO CHININ CRES100ML,1,0.33,0,16,7
Papa,951885540,BWB REST&DIGEST GUT FLOW60CARA,1,0.33,0,18,7
Papa,951989680,BIOLIFTAN GEL MASK 50ML,1,0.33,0,370,2
Papa,951990009,MANUGIB 3D TUTORE POLS DX TG02,1,0.33,0,0,
Papa,951992181,MENOPAUSA/FFS 103H URINE 2PZ,1,0.33,0,4,
Papa,951999349,ISYPAN LACTOZEN 30CPR,1,0.33,0,126,
Papa,952039675,CHILLY DEO INTIMO FRESCO 50ML,1,0.33,0,45,1
Papa,952041022,LEGVEN 20CPR,1,0.33,0,51,5
Papa,952044244,DENSITIUM CREME SPF30 REFILL,1,0.33,0,4,1
Papa,952050654,MACA PLUS 4 60CPS,1,0.33,0,18,1
Papa,952050932,UTIPROF FORTE 14BUST,1,0.33,0,300,7
Papa,952051100,FRESUBIN PRO COMPACT NEU 4FL,1,0.33,0,12,2
Papa,952051579,PROLAC REISHI 90CPR,1,0.33,0,24,
Papa,952056240,PRENIDINA POST 12BOTT 200ML,1,0.33,0,168,4
Papa,952056796,CASTALADIN 45CPS,1,0.33,0,0,
Papa,952058360,VEA OS GEL OLEOSO CAVO ORALE,1,0.33,0,120,
Papa,952070720,GYNEDRAL OVULI VAGINALI 10OV,1,0.33,0,45,7
Papa,952088058,PHYSIOMANCE HEPATOBOOST G500ML,1,0.33,0,8,4
Papa,952094478,DAFNEFLOR 30CPS ACIDORESIST,1,0.33,0,213,8
Papa,952113328,PRONTEX BENDA FIX CM8X20M,1,0.33,0,4,
Papa,952113645,GLUTRED PRO 30BUST,1,0.33,0,1,
Papa,952121628,FOOTCARE CER VESCICHE L 6PZ,1,0.33,0,24,
Papa,952121820,PROBIOTIC+ GSE SYMBIOTIC J15FL,1,0.33,0,7,8
Papa,952126124,ULTRA PEP BRUCIAGRASSI FT NEW,1,0.33,0,118,8
Papa,952132037,TOTALMENTE 20FL,1,0.33,0,151,8
Papa,952132431,SENSURA MIOFLEX ILEO MAXI 70,1,0.33,0,1,
Papa,970150898,NORMAST 600MG 60CPR,1,0.33,0,13387,
Papa,970151989,CH GOMMOTTO SIL BOY 6-16 1PZ,1,0.33,2,0,
Papa,970154631,MODASANA 140 AD PU/A NATURE 2,1,0.33,0,18,2
Papa,970154656,MODASANA 140 AD PU/A NATURE 4,1,0.33,0,15,4
Papa,970174924,OPTREX MULTIAZ BAGNO OCUL300ML,1,0.33,0,126,
Papa,970176513,BIATAIN SIL LITE ADES 5X5CM,1,0.33,0,13,1
Papa,970204196,SEBAK ORAL 30CPS,1,0.33,0,182,6
Papa,970204715,METABOLIK DRENA ANANAS 500ML,1,0.33,0,11,6
Papa,970287696,SNACK QUINOA/MIRTILLI RO 80G,1,0.33,0,40,1
Papa,970330270,TIOMIX DETERGENTE 250ML,1,0.33,0,71,1
Papa,970336398,PEPTIVET OTO GEL 25ML,1,0.33,0,136,6
Papa,970338253,REV COMPLEX S AGE 20CPS,1,0.33,0,152,8
Papa,970341525,DIETOLINEA COFFEE FLAKES 375G,1,0.33,0,161,2
Papa,970357036,AZULENE GTT OCULARI 10ML,1,0.33,0,215,2
Papa,970357669,GIBAUD ORTHO SOSTEGNO DORSO 02,1,0.33,0,13,5
Papa,970358204,VITA IDRA DET INT EMOLLIENTE,1,0.33,0,11,2
Papa,970370413,HYPERMIX SPRAY 30ML,1,0.33,0,199,
Papa,970406613,POLICALM SHOWER GEL 300ML CE,1,0.33,0,228,8
Papa,970418846,HERICIUM GUT 96CPS,1,0.33,0,19,1
Papa,970445348,GLORIAM MCR181 AREG BEI LL,1,0.33,0,2,
Papa,970458360,"ACUVAL AUDIO 14BUST 1,8G OS",1,0.33,1,1119,5
Papa,970489821,FLOCARE SOND NASOG PUR CH06 1,1,0.33,0,7,
Papa,970520906,BUTIRCOL 20CPS,1,0.33,0,74,5
Papa,970523940,CANNELLA ESTR INTEGRALE 200ML,1,0.33,0,1,1
Papa,970706420,MALVA ESTRATTO INTEGRALE 200ML,1,0.33,0,19,7
Papa,970795136,CALENDULA CREMA GEL 60ML CEMON,1,0.33,0,178,
Papa,970930501,PANNOLONE MUT FIT B ULT+AL 30P,1,0.33,0,19,4
Papa,970931996,SIG HLM AD ML PC MARI,1,0.33,0,3,1
Papa,971047814,HAIRGEN SHAMPOO 200ML,1,0.33,0,577,1
Papa,971057955,LENTICCHIE VERDI BIO 400G,1,0.33,0,22,4
Papa,971060898,TENA MEN LEVEL 2 10PZ,1,0.33,0,362,6
Papa,971062652,FLORACID OROSOLUBILE 10STICK,1,0.33,0,176,1
Papa,971063399,PROFICAT LITTER PREL UR GATTI,1,0.33,0,26,7
Papa,971064783,TRIAMAG B6 36CPR,1,0.33,0,226,6
Papa,971072677,ERECTOSAN PLUS 30BUST,1,0.33,0,76,5
Papa,971082490,DIMAVIS 60CPR,1,0.33,0,8,
Papa,971083100,GOLD COLLAGEN FORTE 10FL,1,0.33,0,1709,8
Papa,971114576,ASTRAGALO ESTRATTO INTEGR200ML,1,0.33,0,13,1
Papa,971118866,BARINUTRICS WHEY 21PORZIONI,1,0.33,0,45,
Papa,971130152,MEDI 18 AUTOR PA SAB 5 1404PA/,1,0.33,0,3,7
Papa,971131317,ENULA ESTRATTO INTEGRALE 200ML,1,0.33,0,1,7
Papa,971135025,SPIRULINA MARCUS ROHRER 180CPR,1,0.33,0,268,
Papa,971171741,CLIALEG GAMBAL 70D P/A PLAYA 2,1,0.33,0,19,7
Papa,971242298,IRON FOLIC 30CPS,1,0.33,0,91,3
Papa,971277874,MARIAL 20 ORAL STICK 15ML,1,0.33,0,6681,
Papa,971299944,PERIO AID INTENSIVE CARE GEL,1,0.33,0,279,2
Papa,971305192,SODIO BICARBONATO 500MG 100CPR,1,0.33,0,486,2
Papa,971325244,PEDIATRE FLUOR 7ML,1,0.33,0,135,3
Papa,971325257,PEDIAKAPPA PLUS 5ML,1,0.33,0,383,8
Papa,971373624,MICOLIPID PLUS OLIO DET 250ML,1,0.33,0,12,7
Papa,971390719,RINOWAY3% SALI IPERTON 30BUST,1,0.33,0,97,5
Papa,971399290,INULINA IN POLVERE BIO 100G,1,0.33,0,5,4
Papa,971401447,SERENITY ASS ADV EXTRA 6X10PZ,1,0.33,0,12,
Papa,971483615,ANTHELIOS SPRAY INV VISO 50+,1,0.33,0,1378,
Papa,971484593,DILATATORE NASALE,1,0.33,0,81,
Papa,971534096,ESSENTIA 2TUBI 220GR,1,0.33,0,3,1
Papa,971608157,SCHAR MAXI SORRISI BISC CR CAC,1,0.33,0,144,7
Papa,971620796,BLEFACTIVE LIPOGEL OFTALMICO,1,0.33,1,73,7
Papa,971621937,ACQUA ALLE ROSE TONICO CL300ML,1,0.33,0,373,1
Papa,971635281,FRASSINO MANNA CANNULI 100G,1,0.33,0,1,3
Papa,971636535,CARBITECH 30CPR,1,0.33,0,93,6
Papa,971636547,CORTIX 30CPR MASTIC,1,0.33,0,329,
Papa,971641511,"TWINS SILVER TRIPLE +1,00",1,0.33,0,0,
Papa,971647375,PANE ANNA CROSTINI S/LATTE,1,0.33,0,12,1
Papa,971662477,VIROPA TE VE FORMOSA GUNPOW1KG,1,0.33,0,1,1
Papa,971677087,ARGENTO COLLOID PLUS GEL 100ML,1,0.33,0,15,8
Papa,971678952,POLICALM SPRAY 60ML,1,0.33,0,153,7
Papa,971732490,ESTEEM+ FLEX SAC URO 10/43 10P,1,0.33,0,5,
Papa,971735168,DIVIKEN SPRAY ORALE 21ML,1,0.33,0,122,1
Papa,971737578,SINEFLOG 30ML,1,0.33,0,79,5
Papa,971739798,BEDREN MIRTILLO 500ML,1,0.33,0,6,6
Papa,971744166,FG DOL GEL 125ML,1,0.33,0,102,2
Papa,971754128,MISCELA 3 OLII LASS 500ML MD,1,0.33,0,57,1
Papa,971754142,MISCELA 3 OLII LASS 1L MD,1,0.33,0,13,7
Papa,971754712,MERIDOL PARODONT EXPERT DENTIF,1,0.33,5,369,2
Papa,971955947,SUPPORTO CAVIGLIA 2302 L OPPO,1,0.33,0,16,3
Papa,971970280,GAMMADIS GUANTI NITR S/POLV M,1,0.33,0,288,7
Papa,971970429,EKEEP S2 SHOULDER STABIL TG05,1,0.33,0,1,4
Papa,971974314,SHOYU SALSA SOIA 250G,1,0.33,0,8,4
Papa,971991878,JALUSHAVE 100ML,1,0.33,0,66,3
Papa,972035505,BIOSIL 60CPS,1,0.33,0,2383,
Papa,972036331,"GUM TRAVLER 1618 SCOVO 2,0 6PZ",1,0.33,0,156,
Papa,972049769,DECAPAN 20 UNGUENTO 30ML,1,0.33,0,163,2
Papa,972061396,MEDS TAGLIA PILLOLE,1,0.33,0,221,5
Papa,972061612,FORSKOLIN FORTE 60CPS,1,0.33,0,66,1
Papa,972064632,ANSIRID 60CPS,1,0.33,0,35,8
Papa,972137588,GOLD COLLAGEN ACTIVE 10FL,1,0.33,2,83,2
Papa,972143147,URINET 30CPR FILMATE,1,0.33,0,84,
Papa,972152793,DIETOLINEA FIBRA PLUS 375G,1,0.33,0,121,1
Papa,972165082,LIPIKAR SURGRAS 750ML,1,0.33,0,0,
Papa,972256832,BESAL PLUS 20BUST,1,0.33,0,325,3
Papa,972264636,BLEFASTOP GARZA COT PIE RX 28P,1,0.33,0,1190,2
Papa,972276152,CLOG EVO TPR UNISEX BLUE 41-42,1,0.33,0,20,
Papa,972276582,CLOG EVO TPR UNI EMERALD 37-38,1,0.33,0,10,
Papa,972293498,ACQUA TERMALE ISCHIA SPRAY N/G,1,0.33,0,28,1
Papa,972320980,SALI DI ISCHIA CR MASS TERMOG,1,0.33,0,11,1
Papa,972380214,PLASMON OMOG CAVOLFIORE 2X80G,1,0.33,0,11,6
Papa,972382523,VITAMONO EF LIPOGEL 15ML,1,0.33,0,591,1
Papa,972455113,PSILLIO CUTICOLA POLV BIO 200G,1,0.33,0,0,
Papa,972472841,DUALCOL 30CPR,1,0.33,0,224,7
Papa,972472854,DUALCOL FERMENTI 10CPS,1,0.33,0,190,
Papa,972514160,VITIS SENSITIVE SPAZZOLINO INT,1,0.33,0,86,6
Papa,972516835,SUCCO 100% MELA ARA CAR LIM,1,0.33,0,15,5
Papa,972525152,GIBAUD ORTHO LOMBOGIB LADY26 2,1,0.33,0,30,5
Papa,972525190,GIBAUD ORTHO INTELLISLING 15 1,1,0.33,0,2,
Papa,972532840,OLEA D3 MAX GOCCE 20ML,1,0.33,0,600,
Papa,972596237,LINEAGIN OVULI 10OV,1,0.33,0,343,8
Papa,972602650,IGCOLEST 30CPS,1,0.33,0,17,6
Papa,972659623,CISTIVIS-T 80 PASTIGLIE,1,0.33,0,20,7
Papa,972686265,OTI K VITAMINA K2 GOCCE 20ML,1,0.33,0,4017,
Papa,972724684,NUTRIFREE PANBRUSCHETTA 4X75G,1,0.33,0,138,1
Papa,972725117,VITREOLISINA FORTE 30CPR,1,0.33,0,397,3
Papa,972730586,TOPSPIN CREMA ANTINF DEFATIC,1,0.33,0,0,
Papa,972730600,THYRSEL OX 30CPS,1,0.33,0,184,2
Papa,972730612,BOSKIN CREMA 500ML,1,0.33,0,118,6
Papa,972763559,NIGHT BALM 45ML,1,0.33,0,2,
Papa,972775353,OLIPROX POLVERE LIQ 75ML CE,1,0.33,0,270,5
Papa,972776482,HONOS ALOEZEN 20STICK PACK15ML,1,0.33,0,60,5
Papa,972784755,LA MOLISANA PENNE RIGATE 400G,1,0.33,0,34,4
Papa,972787826,APAXIL SUDOR CONT ASC NTT 25ML,1,0.33,0,358,4
Papa,972790416,NEO MOM SHAMPOO ANTIPARAS150ML,1,0.33,0,238,
Papa,973175502,TEPE UNIVERSAL CARE SPAZZOLINO,1,0.33,0,176,7
Papa,973263282,SELENIO OLIMENTOVIS 200ML VF,1,0.33,0,17,1
Papa,973291925,OSTEORAL 30CPS MOLLI,1,0.33,0,262,
Papa,973351947,ZINCOSEB SPRAY 200ML,1,0.33,0,53,5
Papa,973378159,M-AID RESOLVE CICATR CER 25X4,1,0.33,0,97,
Papa,973384720,NUTRIVA Q10 PRO 30SOFTGEL,1,0.33,0,149,
Papa,973420072,RESOURCE JUNIOR FIBRE FRA 4PZ,1,0.33,0,5,5
Papa,973592429,MACVISION 30CPR,1,0.33,0,23,2
Papa,973622703,VIDLIFE 30CPR,1,0.33,0,20,5
Papa,973622727,GUSTO S/RINUNCE CRACKERS 200G,1,0.33,0,43,1
Papa,973641590,THROMBO-X COSCIA BI S NORM,1,0.33,0,2,1
Papa,973662036,CITILPEA 30BUST,1,0.33,1,168,5
Papa,973716297,MATT BEN OLIO PESCE OMEGA40GEL,1,0.33,0,45,2
Papa,973730029,EUCERIN SUN PHOTOAGING SPF30,1,0.33,3,161,1
Papa,973877830,MIPROREX 5 30CPR,1,0.33,0,62,6
Papa,973914462,BARBABIETOLA POLVERE BIO 200G,1,0.33,0,2,
Papa,974003764,THERAOFTAL PROTECTDROP GTT OFT,1,0.33,0,155,4
Papa,974003776,THERAOFTAL OSMO DROP GTT OFT,1,0.33,0,67,7
Papa,974004792,LITORES 20BUST,1,0.33,0,62,2
Papa,974010530,FASTNAP SPRAY 30ML,1,0.33,0,12,3
Papa,974020428,KLORANE CR SAPONE CUPUACU 100G,1,0.33,0,5,6
Papa,974051296,GUAM FIR FANGHI D'ALGA P/G 1KG,1,0.33,0,11,
Papa,974051625,TORNA IN FORMA METABOLIK ADDOM,1,0.33,0,32,4
Papa,974058176,RIVESCAL SHAMPOO DEL CANOVA,1,0.33,0,206,7
Papa,974058240,ACNELL MASK CANOVA 8BUST 10ML,1,0.33,0,120,8
Papa,974058253,RIVESCAL DS MOUSSE CANOVA100ML,1,0.33,0,156,8
Papa,974059659,LINES CLAS TRAVERSA 60X90 30PZ,1,0.33,0,284,
Papa,974061917,ORG PH BIO MARSIGLIA HAND WASH,1,0.33,0,4,1
Papa,974090019,PIACERI MEDIT CROST ALB 4X50G,1,0.33,0,108,1
Papa,974090159,ADAPT CERARING AN CONV 20MM,1,0.33,0,0,
Papa,974116535,MELA ANNURCA HAIR 30CPS,1,0.33,0,59,7
Papa,974165805,LINES SP MEN LIVELLO 2 14PZ,1,0.33,0,151,1
Papa,974361887,CLOG EVO MEM CUS UNI TAU 37-38,1,0.33,0,20,1
Papa,974361899,CLOG EVO MEM CUS UNI TAU 38-39,1,0.33,0,17,1
Papa,974425439,KELP 300TAV,1,0.33,0,25,6
Papa,974425858,POTENZIA FOR MEN 30TAV,1,0.33,0,1,5
Papa,974477503,TRICORED PLUS 30CPS,1,0.33,0,82,1
Papa,974639128,ID BELT MAXI PANN L N3 14PZ,1,0.33,0,3,1
Papa,974641932,COLLAGENE MARINO POLVERE 60G,1,0.33,0,15,
Papa,974645689,"REBILFAST 20BUST 7,5G",1,0.33,0,12,6
Papa,974655312,ZER% GLUTINE NOVELLINI BIO200G,1,0.33,0,16,1
Papa,974657215,NUTRIFREE LE CIABATTINE 4X50G,1,0.33,0,85,1
Papa,974762801,DARFAX 20CPR DIV,1,0.33,0,467,
Papa,974772980,RECUPERA ENERGY 20BUST,1,0.33,0,186,
Papa,974777346,PRIMA 90 90CPR,1,0.33,0,9,1
Papa,974847648,FUMAZIN CPR,1,0.33,0,28,1
Papa,974851293,EMUNDA SCRUB&MASCHERA 125ML,1,0.33,0,23,4
Papa,974879823,ULIVIS ESTRATTO FOGLIE ULIVO1L,1,0.33,0,11,2
Papa,974893190,LYCIA CREMA ANTIODORE ORIG30ML,1,0.33,0,227,
Papa,974893202,LYCIA CREMA ANTI FRESH THER,1,0.33,0,32,4
Papa,974899407,LINES SP CL PANN SAG MAXI 30PZ,1,0.33,0,151,5
Papa,974948438,REGACTIVE ESSENTIAL ME 3 30CPS,1,0.33,0,1690,8
Papa,974988329,DOAFER 30CPS,1,0.33,0,396,6
Papa,974989776,STAMPELLA CANADESE ADULTI,1,0.33,0,3,2
Papa,975018856,CYTELIUM SPRAY 100ML,1,0.33,0,67,
Papa,975019148,BENDA DAUERBINDE K 10X700 1PZ,1,0.33,0,181,8
Papa,975043973,ALCABASE 20BUST,1,0.33,0,31,8
Papa,975054646,EUCERIN ANTI-PIGMENT CORRETTOR,1,0.33,0,126,
Papa,975063239,CEROTTO SPRAY,1,0.33,0,380,5
Papa,975063470,PROTESCIN RETARD 20CPS,1,0.33,0,127,2
Papa,975067745,IAP PHARMA 66 30ML,1,0.33,0,10,6
Papa,975082165,ICONTROL G STRISCE GLIC 50STR,1,0.33,0,20,5
Papa,975083015,GIBAUD SPORT BRACC TENNIS ELBO,1,0.33,0,32,8
Papa,975184387,PIACERI MEDIT GIRINGIRO 200G,1,0.33,0,129,5
Papa,975189150,FLAVIS GRISSINI 3X50G,1,0.33,0,131,8
Papa,975197726,GULLON BISCOTTI CACAO SQUALI,1,0.33,0,93,1
Papa,975201361,MULTIVITALEX 30CPR,1,0.33,0,159,1
Papa,975430152,FOOTCARE COPRI DITA GEL S2P C1,1,0.33,0,51,
Papa,975430341,FOOTCARE PROT VALGO C/SEPAR D9,1,0.33,0,123,
Papa,975435429,FRESUBIN 2KCAL DRINK VAN 4FL,1,0.33,0,25,8
Papa,975448337,SCHAR SAVOIARDI 200G,1,0.33,0,189,2
Papa,975500873,N5 0 500ML,1,0.33,0,271,5
Papa,975500897,OMIX 400 30CPR RIVESTITE,1,0.33,0,527,
Papa,975516081,KORFIT 30CPR,1,0.33,0,9,5
Papa,975524240,XIOGLICAN GEL 50G,1,0.33,0,165,
Papa,975526587,ORG PH ORGANICS COLOR 9/0 BION,1,0.33,0,9,
Papa,975526803,DAILY COMFORT SENIOR CRP 24PZ,1,0.33,0,0,
Papa,975535384,Q DIET PSYLLIUM PET POLVERE90G,1,0.33,0,3,7
Papa,975591203,LINES COTONE N/ULTRA ANAT 16PZ,1,0.33,0,130,3
Papa,975592940,DRUSENOFF COLLIRIO 10ML,1,0.33,0,167,
Papa,975593068,COLES BEN 60CPR,1,0.33,0,2,5
Papa,975632136,AMIMA 12BUST,1,0.33,0,78,1
Papa,975701069,ALTRIENT LIPOSOMAL GLUT 30BUST,1,0.33,0,29,1
Papa,975701956,CONTROL GEL LUBRIF NATURE 75ML,1,0.33,1,242,
Papa,975761356,POLIDENT AZIONE TOTALE 66CPR,1,0.33,11,656,5
Papa,975893607,CH KIT SVEZZAMENTO MOULINEX,1,0.33,0,8,7
Papa,975896150,TRUDI BABY C SHAMPOOLATTE500ML,1,0.33,0,34,8
Papa,975941636,ONETOUCH DELICA PLUS LANC200PZ,1,0.33,0,218,
Papa,975941752,IALURESP SPRAY IPERTONICO 30ML,1,0.33,0,62,1
Papa,975965676,RETIBEN 20STICK 10ML,1,0.33,0,243,6
Papa,975971728,UROBEN 36CPR,1,0.33,0,106,8
Papa,975972997,GIBAUD ORTHO ACT H35 CORS LS 3,1,0.33,0,25,
Papa,975979358,HYPEROIL TUBO GEL 30ML PROCTO,1,0.33,0,63,8
Papa,975983329,DUALSAN SLIP CONTENITIVO UOMO6,1,0.33,0,13,
Papa,975995743,AUDISPRAY ULTRA SPRAY 20ML,1,0.33,2,162,6
Papa,976015192,XERATOP OLIO DETERGENTE 500ML,1,0.33,0,507,2
Papa,976023907,DELTACRIN DUO PHARCOS 250ML,1,0.33,0,156,8
Papa,976043644,NALKEVIT MAMMA 30CPR,1,0.33,0,259,8
Papa,976100988,NEOSAME 20CPR,1,0.33,0,109,
Papa,976203796,FISSAN PIC MIO SPRAY 50 SOLARE,1,0.33,0,1,2
Papa,976209799,CURAPROX ORTHO WAX 7PZ,1,0.33,0,14,
Papa,976289470,PRUMERIS DETERGENTE OLEOSO,1,0.33,0,153,1
Papa,976310870,FLONAT FAST 20CPR,1,0.33,0,254,6
Papa,976311340,NEURASSIAL DOL 20CPR DEGLUT,1,0.33,0,1539,8
Papa,976322608,VITIS MEDIUM ACCESS+GINGIVAL,1,0.33,0,121,5
Papa,976329235,MISURA CORNETTI FIBRE EX VIOLA,1,0.33,0,4,3
Papa,976335695,KALEIDON PROBIOTIC ACTIVE AGE,1,0.33,0,92,7
Papa,976337927,ALGONERV CREMA 75ML,1,0.33,0,546,3
Papa,976386108,GENERV PLUS 30CPR,1,0.33,0,254,8
Papa,976403877,PISOLINO TRIPTO 50ML,1,0.33,0,163,3
Papa,976404778,TIAN ZHI CEROTTO 4PZ,1,0.33,0,117,7
Papa,976520647,VISAVEN FORTE 16BUST SOLUBILI,1,0.33,0,404,7
Papa,976595090,FIBRONOTTE 60CPR,1,0.33,0,13,6
Papa,976701589,SCHAR CROISSANT 2X110G,1,0.33,0,42,6
Papa,976730996,STIPSIGOL 30BUST,1,0.33,0,221,
Papa,976732141,FLOGASINE 20BUST,1,0.33,0,416,8
Papa,976769226,NUTRIFREE LE BRIOCHE GTT 200G,1,0.33,0,42,1
Papa,976770077,ZEROALL GOCCE 30ML,1,0.33,0,49,6
Papa,976782007,MELURK HAIR 60CPR,1,0.33,0,101,6
Papa,976863946,CURADOL CEROTTO 5PZ,1,0.33,0,42,2
Papa,976967707,EDENIGHT UNG IPERTON HA 5G,1,0.33,0,982,1
Papa,977021260,AMUCHINA 10% SPRAY CUTE 200ML,1,0.33,0,529,
Papa,977254147,EQUIMEL 40CPS,1,0.33,0,74,8
Papa,977254200,COENZIMA Q10 FORTE 60CPS,1,0.33,0,234,
Papa,977254616,FIOR DI LOTO ACETO MELE 1L,1,0.33,0,27,3
Papa,977347412,MOPEDIA RIALZO WC 10CM C/FERMI,1,0.33,0,5,4
Papa,977369836,SPATIAL UP BOCCAGLIO AD MAGENT,1,0.33,0,13,6
Papa,977548611,DANSAC REMOVER ADHESIVE 30SALV,1,0.33,0,0,
Papa,977624271,REMOVER ADAPT ADES MEDIC SPR,1,0.33,0,67,1
Papa,977625387,MICODET POLVERE,1,0.33,0,110,3
Papa,977625894,PROFAR BRACCIALE SFIGMO,1,0.33,0,18,1
Papa,977631706,NUTRIFREE FETTE BISC INT 225G,1,0.33,0,138,1
Papa,977659440,MACCHERONCINI DI RISO 400G,1,0.33,0,83,1
Papa,977662117,VERSET ANDREA FOR HER EDP 50ML,1,0.33,0,107,1
Papa,977676105,BRUDYRETINA 30CPS,1,0.33,0,18,6
Papa,977695218,GLORIA162EVO AD BE MX SC,1,0.33,0,3,
Papa,977695271,GLORIA162EVO AD BE ML,1,0.33,0,29,4
Papa,977701034,AESCULUS HIPP BOIRON MG 60ML,1,0.33,0,49,
Papa,977701059,CARPINUS BET BOIRON MG 60ML,1,0.33,0,13,1
Papa,977770306,SWISSE MULTIVIT RAGAZZA 60CPR,1,0.33,0,139,
Papa,977790690,APROTEN SFILATINI 3X50G,1,0.33,0,135,1
Papa,977804044,VETCARE EUFIBRA POLV 120G,1,0.33,0,1,4
Papa,977828298,FARABELLA INFINITO AVENA/NOCC,1,0.33,0,29,5
Papa,978099695,CH BIB ORIG T 1F GIRL CAUC 150,1,0.33,2,0,1
Papa,978103671,PEYFLOG 120CPS,1,0.33,0,36,
Papa,978115778,LAEVOLAC EQUIFLORA 20CPR,1,0.33,6,446,8
Papa,978244477,ATOP PHARCOS CREMA P SENS400ML,1,0.33,0,155,
Papa,978259378,FIOR DI LOTO OLIO VERG CO950ML,1,0.33,0,62,1
Papa,978305516,VITIS JUNIOR GEL 75ML INTL,1,0.33,0,111,3
Papa,978306393,PODALUX SCARPA POSTOP II L,1,0.33,0,9,5
Papa,978306429,PODALUX SCARPA POSTOP II XL,1,0.33,0,8,4
Papa,978401596,YAMAMOTO R ENZYMASIC 30CPS,1,0.33,0,51,
Papa,978433858,IPROST 320 ESA 30PRL,1,0.33,0,61,2
Papa,978476099,KIJIMEA COLON IRRITAB PRO14CPS,1,0.33,0,335,
Papa,978499857,AVENE SOL TRATTAMENTO A/AGE50+,1,0.33,0,10,
Papa,978500825,ASTAZIN10 30CPR,1,0.33,0,151,7
Papa,978582777,EUCERIN SUN GEL DRY TOUCH 30+,1,0.33,0,51,2
Papa,978840650,PIACERI MEDIT DONUTS WHITE 90G,1,0.33,0,31,1
Papa,978843151,NEOBIANACID 45CPR LIMONE,1,0.33,0,307,
Papa,978850372,NUTRIFREE PANGRATTATO CRISPY,1,0.33,0,112,1
Papa,978867582,CH SPRAY SMACCHIATORE TESSUTI,1,0.33,0,16,8
Papa,978919619,CHROMITRON 40CPS,1,0.33,0,316,
Papa,978981963,BASTONCINO PULIZ CAVO OR 20PZ,1,0.33,0,151,1
Papa,979021843,LENTISCO 30CPS,1,0.33,0,6,1
Papa,979043104,EUFORTYN COLESTEROLO PLUS30CPR,1,0.33,0,2578,
Papa,979049715,PUROREPAIR GAG PLUS 40CPS,1,0.33,0,4,2
Papa,979049739,PUROMAN POLVERE 70G,1,0.33,0,40,
Papa,979095484,NUXE HP FLORALE 50ML OLIO SECC,1,0.33,0,224,5
Papa,979101868,MUESLI ACTIVE 250G,1,0.33,0,24,3
Papa,979175357,BERISTA 30CPR,1,0.33,0,1708,8
Papa,979196173,ISOLA BIO BEVANDA AVENA INTEGR,1,0.33,0,151,4
Papa,979204144,PROXALIPID 30CPS,1,0.33,0,100,5
Papa,979216557,FIBERPASTA TARALLI BASSO INDIC,1,0.33,0,10,4
Papa,979239480,RAGAMED PLUS 75ML,1,0.33,0,2,1
Papa,979258098,GHC MEDICAL SHAMPOO MICELLARE,1,0.33,0,125,7
Papa,979276565,TRIDERM AD CREMA SOL SPF50+,1,0.33,0,241,8
Papa,979367265,VASOPURE CREMA 200ML,1,0.33,0,27,4
Papa,979375425,FORMULA FERMENTI GOCCE 8ML,1,0.33,0,2353,1
Papa,979418872,TRIMIX GOCCE OCULARI 15MONOD,1,0.33,0,170,8
Papa,979657374,YAMAMOTO N CREATINE PRO 150TAV,1,0.33,0,18,4
Papa,979683885,RHEALFLUSS 20STICK PACK 10ML,1,0.33,0,257,
Papa,979796719,CARDIO FLUID 180PAST,1,0.33,0,50,
Papa,979797038,SINCOLIN 20CPS,1,0.33,0,140,1
Papa,979804832,HOMOCYS 30CPS,1,0.33,0,16,1
Papa,979821877,IKEN UP PLUS CANI/GATTI 40CPR,1,0.33,0,135,8
Papa,979841095,TOSSE ACT 150ML,1,0.33,0,38,
Papa,979867330,TRIVAMP CPR,1,0.33,0,8,5
Papa,979944776,MELLIN 4 LATTE 1000ML,1,0.33,0,176,6
Papa,979945538,COLINBRAIN 30STICK,1,0.33,0,30,
Papa,980121545,U-LIFE 30 ECOFOAM 50ML,1,0.33,0,59,2
Papa,980126623,HYDROXIRAM 30BUST,1,0.33,0,221,6
Papa,980141410,PANC MIX 60CPS 750MG,1,0.33,0,16,1
Papa,980182897,VENOLEX 30CPR,1,0.33,0,242,6
Papa,980248987,COLASIL 30CPS,1,0.33,0,60,7
Papa,980252074,MINI FRESELLE GRANO SARAC 100G,1,0.33,0,43,1
Papa,980252860,CENTROVISION COMFORT 28BUST,1,0.33,0,50,1
Papa,980292282,VITAVISION UNGUENTO OFT 5G,1,0.33,0,84,4
Papa,980296279,CANDIDAS T 180PAST,1,0.33,0,37,6
Papa,980299729,"CURASEPT COLL0,05 200MLADS+DNA",1,0.33,17,810,7
Papa,980301156,VISCOVISION GEL OCULARE 10G,1,0.33,0,21,6
Papa,980303313,LEVIDADE CREMA 50ML,1,0.33,0,101,
Papa,980380479,CIAMBELLINE LIMONE/ZENZ S/ZUCC,1,0.33,0,20,1
Papa,980380493,CREMA SPALMABILE CAC/NOC S/ZUC,1,0.33,0,51,2
Papa,980437115,CONCEIVE PLUS SUP FERT F 60CPS,1,0.33,0,21,6
Papa,980445858,SENSIBIO GEL MOUSSANT 100ML,1,0.33,0,20,5
Papa,980445896,VISTIMO POLVERE 150G,1,0.33,0,1,5
Papa,980447989,TRIFOGLIO RO ESTR TIT 60PAST,1,0.33,0,13,1
Papa,980453979,GINESTILL LAVANDA 5FL,1,0.33,0,58,6
Papa,980455240,FLAVIS PIADINA WRAP 3X80G,1,0.33,0,127,1
Papa,980455341,KOURILES BASE LAVANTE 200ML,1,0.33,0,8,1
Papa,980480127,PUROMAN DETERGENTE 200ML,1,0.33,0,1,4
Papa,980483123,HIPP 3 LATTE CRESCITA 500G,1,0.33,0,0,
Papa,980486486,MICROPORE SURG T TA M5X25MM,1,0.33,0,49,7
Papa,980486498,MICROPORE SURG TT M5X25MM D,1,0.33,0,200,4
Papa,980494280,REMESCAR EFF LIFT INST V SHAPE,1,0.33,0,54,4
Papa,980501579,QUEVIR 30CPR,1,0.33,0,255,8
Papa,980512545,MELLIN CREMA SEMOLINO 200G,1,0.33,0,344,4
Papa,980512735,CERAMOL CREMA 311 75ML,1,0.33,0,303,6
Papa,980512786,CERAMOL CREMA BETACOMPLEX 50ML,1,0.33,0,864,7
Papa,980513473,PROSAME 200 30 Cps,1,0.33,0,0,
Papa,980532749,CH GOMMOTTINO BOY SIL2-6M 2PZ,1,0.33,2,0,2
Papa,980534503,MAVOSTEN FORTE 20CPR,1,0.33,0,151,
Papa,980542979,PIACERI MEDIT GRISSINI 160G,1,0.33,0,36,7
Papa,980547451,ISYPAN STITICHEZZA 20BUST,1,0.33,0,72,6
Papa,980550685,ARIES FAST 20BUST STICK,1,0.33,0,9,8
Papa,980553438,MICROLIFE BRACC UNIV MORB L-XL,1,0.33,0,35,5
Papa,980638757,GINEPRO NERO BAGNOSCH ECORICAR,1,0.33,0,8,5
Papa,980644254,MARKEUTICALS FOCAL A/DHT 45CPR,1,0.33,0,196,7
Papa,980681403,PIACERI MEDIT WAFER PISTAC150G,1,0.33,0,30,1
Papa,980770681,PHARMAMENTIS SAP DET IGIE300ML,1,0.33,0,51,1
Papa,980774893,AEDEM GEL 100ML,1,0.33,0,124,2
Papa,980785695,ANNURMETS HAIR FORTE TRI 60CPR,1,0.33,0,434,
Papa,980789869,TEPE EASYPICK XL VIOLA 36PZ,1,0.33,0,0,
Papa,980801260,AGO CAN VENOPIC 2V PUR G22X25,1,0.33,0,151,7
Papa,980804898,MAGNESIO SUPREMO FERRO 150G,1,0.33,2,410,6
Papa,980809343,NUTRIREGULAR UROPROX 30SOFTGEL,1,0.33,0,57,2
Papa,980815207,OMNI BIOTIC STRESS VIT B28BUST,1,0.33,0,160,8
Papa,980817340,THOTALE UNGHIE E CAPELLI 30CPR,1,0.33,0,50,1
Papa,980860302,BETAMUNAL COD 15CPS,1,0.33,0,69,1
Papa,980860694,SAUGELLA CT PROT SLIP 40PZX4,1,0.33,0,14,3
Papa,980922280,ALTEMOR 21STICK 12ML,1,0.33,0,49,8
Papa,981042916,RILASTIL SUN PPT 50+ LATTE VEL,1,0.33,0,174,
Papa,981046283,RIVIERA CREMA OLIO MARMOTTA,1,0.33,0,1,4
Papa,981256389,RECUPERO EXTR 400G ETICHSPORT,1,0.33,0,1,7
Papa,981263763,MIO FLEX SACCA ILEO MX TRP50MM,1,0.33,0,1,
Papa,981265061,ANSIA ACT 21CPS MOLLI,1,0.33,0,274,7
Papa,981346556,OMNI BIOTIC STRESS VIT B14BUST,1,0.33,0,96,5
Papa,981355264,BETA-CAROTENE ESTR TIT 75PAST,1,0.33,0,11,2
Papa,981355668,CAUDALIE ACQUA D'UVA 75ML,1,0.33,0,0,
Papa,981372143,FARABELLA FETTE BISC CLASSICHE,1,0.33,0,73,1
Papa,981385026,VITIS ORTHODONTIC COLLUT 500ML,1,0.33,0,222,
Papa,981391410,AURIDROL GOCCE OTOLOGICHE 15ML,1,0.33,0,31,2
Papa,981399191,GIOIA DOP GOCCE 50ML,1,0.33,0,13,8
Papa,981399936,ORI DI SICILIA MIX ORO PIZZA,1,0.33,0,100,
Papa,981399999,ORI DI SICILIA MIX ORO RUSTICO,1,0.33,0,29,2
Papa,981413418,REGLANDIN EXTRA LOZIONE 100ML,1,0.33,0,19,1
Papa,981446709,MENTA PIPERITA OE NAT 10ML,1,0.33,0,22,2
Papa,981470115,AMICOBOR SOL ACQUOSA 100ML,1,0.33,0,129,1
Papa,981470127,AMICOBOR SOL ALCOLICA 100ML,1,0.33,0,90,7
Papa,981474226,REVARTI 30CPS,1,0.33,0,147,8
Papa,981515861,RILEVANTE SPRAY NASALE 30ML,1,0.33,0,249,
Papa,981536865,VULNAMIN PWD 2STICK PACK,1,0.33,0,115,2
Papa,981566007,DORIA COUS COUS BIO MAIS-RISO,1,0.33,0,14,5
Papa,981579891,PROBIOS COUS COUS GRANO SARAC,1,0.33,0,121,1
Papa,981592254,CEREAL NOCCIOLATO 90G,1,0.33,0,2,1
Papa,981644697,REUMABEST 30CPR,1,0.33,0,211,1
Papa,981645207,ASABIONIC GEL ANTI ACNE VISO,1,0.33,0,191,
Papa,981647807,VITA ACT VIT D 2000UI 60CPR,1,0.33,0,326,
Papa,981907506,PH FORMINIX GEL FORM TRAPP2X2G,1,0.33,0,59,2
Papa,981929211,PERISTEEN PLUS REG CATET RE10P,1,0.33,0,2,1
Papa,981957362,SIR MEDS INS 1ML AGO G25 25MM,1,0.33,0,107,1
Papa,981963301,BUTTERFLAU INTIMA 50ML,1,0.33,0,244,8
Papa,981974355,CLEAN KILL EXTRA MICRO FAST 1L,1,0.33,0,248,7
Papa,981974367,BIOKILL PIRETRO NATURALE 375ML,1,0.33,0,190,6
Papa,981992249,AVENT SCALDABIBERON ELETTRICO,1,0.33,0,3,1
Papa,982010845,ROSMARINO OE NAT 10ML,1,0.33,0,8,
Papa,982012510,SCANDISHAKE CIOCCOLATO 6BUST,1,0.33,0,3,2
Papa,982046070,SG SAS Pane Saltimbocca 250g,1,0.33,0,0,
Papa,982143366,DOAGYN OVULI VAGINALI 10PZ,1,0.33,0,321,8
Papa,982170641,YAMAMOTO R ASHWAGANDHA 60CPR,1,0.33,0,77,8
Papa,982171403,KLORANE SHAMPOO MANGO100ML T21,1,0.33,0,23,5
Papa,982389658,LEUKOPLAST ELASTOFIX TUB TORAC,1,0.33,0,49,6
Papa,982411009,NUTRIREGULAR BARRIERA 20BUST,1,0.33,0,28,
Papa,982446369,UPWIN 20BUST,1,0.33,0,192,2
Papa,982454872,FORMULA D3 ORO 60CPR,1,0.33,0,725,
Papa,982461182,ESTORIAL 20STICK 15ML,1,0.33,0,245,
Papa,982465344,NORICA PROTEZIONE COMPLET300ML,1,0.33,0,273,2
Papa,982466094,HP3 30CPS,1,0.33,0,94,
Papa,982467425,PIACERI MEDIT WRAP INTEGRALE,1,0.33,0,20,2
Papa,982471942,BUTTERFLY PEA TE' DI FIORI 50G,1,0.33,0,7,5
Papa,982475269,SERENITY MUT SD SENS MX M 15PZ,1,0.33,0,197,7
Papa,982475345,SERENITY PANTS SD SENS SUP M12,1,0.33,0,141,6
Papa,982476160,BETAINA CLORIDRATO-T 180PAST,1,0.33,0,4,8
Papa,982476234,MANNOSIO PURO POLV SOLUBILE75G,1,0.33,0,69,2
Papa,982476261,VITAMINA B12 ATTIVATA LIQ100ML,1,0.33,0,38,8
Papa,982483214,LUCA TOMASELLO Merendina Tornado Cioccolato 140g,1,0.33,0,0,
Papa,982489799,EFFEBIO DOCCIASCHIUMA CARBONE,1,0.33,0,2,2
Papa,982497721,EPTA AC DETERGENTE FLUIDO200ML,1,0.33,0,9,1
Papa,982539924,DEODORANTE SPR NAT& REFRESH,1,0.33,0,2,2
Papa,982593648,F CARE APPARECCHIO AEROSOLTER,1,0.33,0,389,4
Papa,982597205,DEUBIOMA 30CPR,1,0.33,0,110,1
Papa,982599250,LAXALOE PROTECT 60CPS VEGETALI,1,0.33,0,27,
Papa,982602753,ENERGISTAR NOFATIK 14STICKPACK,1,0.33,0,121,7
Papa,982695823,BLEPHA EYEBAG MASCHERINA RISC,1,0.33,0,47,3
Papa,982710598,NASOTERAPIA LAVANDA BIO OE10ML,1,0.33,0,3,
Papa,982724104,CH BALANCE BIKE ECO+,1,0.33,0,6,
Papa,982736516,CALCOCYST 30CPR,1,0.33,0,57,
Papa,982902064,GALEGA 60CPS,1,0.33,0,87,3
Papa,982909350,"SURVIMED OPD 1,5KCAL DRINK CAP",1,0.33,0,4,4
Papa,982934010,FITOSTIMOLINE SEPTAGEL GEL VAG,1,0.33,0,540,8
Papa,982945521,ARTELAC NIGHTTIME GEL 10G,1,0.33,0,187,2
Papa,982945622,OPTIVE SOLUZIONE OFTALMICA10ML,1,0.33,0,246,5
Papa,982946675,CERAMOL ACTISEB MOUSSE 150ML,1,0.33,0,390,
Papa,982947816,LEVIDOL 20CPR,1,0.33,0,39,4
Papa,982951396,SALVIA 60CPS,1,0.33,0,46,2
Papa,982951446,"SINOGEL SIR INTRA-ART2,4%/1,6%",1,0.33,0,99,
Papa,982951473,TOCASLIM VANIGLIA 20BUST,1,0.33,0,4,1
Papa,982952259,MELILOTO 60CPS,1,0.33,0,58,2
Papa,983001708,PIACERI MEDIT TORTELLONI FUNGH,1,0.33,0,90,5
Papa,983031749,FARINA AVENA INTEGRALE 375G,1,0.33,0,131,1
Papa,983036397,KELATROX CREMA 100ML,1,0.33,0,163,6
Papa,983036815,INCAROSE HYALUR CR A/AGE 50ML,1,0.33,0,19,3
Papa,983038769,DOLORINA FLACONE 90G,1,0.33,0,238,7
Papa,983168927,M-AID ORTESI FLEX POLLICE S,1,0.33,0,30,1
Papa,983169588,FDC TARALLI FINOCCHIETTO 160G,1,0.33,0,7,4
Papa,983172192,DAFNEFOL 400 90CPR,1,0.33,0,138,2
Papa,983173345,SERENITY PANN MUT SD EX S 30PZ,1,0.33,0,74,6
Papa,983173410,SERENITY PANN MUT SD SUP XL15P,1,0.33,0,144,7
Papa,983173461,SERENITY SAG SD SENS PLUS 30PZ,1,0.33,0,100,5
Papa,983194515,NUTRIFREE CORNETTI CIOC 4X60G,1,0.33,0,100,1
Papa,983280342,CORTI DOL 20CPS,1,0.33,0,67,
Papa,983282880,PASSATA POMODORO ITALIANO 420G,1,0.33,0,9,5
Papa,983282892,CARNIDYN FAST 12BUST,1,0.33,0,120,
Papa,983302884,NAC 225PAST,1,0.33,0,130,
Papa,983307101,VITAMINA C LIPOSOM 60OPR,1,0.33,0,19,5
Papa,983319979,BALNEUM PLUS BATH OIL 500ML,1,0.33,0,14,6
Papa,983356460,TRICOLOR CLASSIC 7 BIONDO,1,0.33,0,146,5
Papa,983356472,TRICOLOR CLASSIC 8 BIONDO CHI,1,0.33,0,113,6
Papa,983358882,NEUROTRIX 30BUST,1,0.33,0,553,
Papa,983360619,OMNI BIOTIC STRESS REPAIR 14BU,1,0.33,0,253,8
Papa,983361623,GIBAUD ORTHO RHIZOGIB ORT SX 1,1,0.33,0,29,6
Papa,983361635,GIBAUD ORTHO RHIZOGIB ORT SX 2,1,0.33,0,68,6
Papa,983364415,MAGNESIO E POTASSIO POLV 360G,1,0.33,0,94,8
Papa,983366701,VEBIX PHYTAMIN SOL LATTE CRP20,1,0.33,0,4,8
Papa,983369024,IALORAL FORTE 10CPR,1,0.33,0,252,3
Papa,983383074,SIG DELILAH 140 FLAT AT SKIN 4,1,0.33,0,2,1
Papa,983429616,DIGESTUM FORTE 20STICK PACK,1,0.33,0,159,2
Papa,983466374,REMINERAL 60CPS,1,0.33,0,4,1
Papa,983513704,KUKIDENT ULTIMATE FRESCO 57G,1,0.33,38,1369,8
Papa,983513716,KUKIDENT PLUS BARRI A/CI FR40G,1,0.33,16,645,5
Papa,983513755,KUKIDENT PLUS BARRI A/CIBO 40G,1,0.33,51,1312,7
Papa,983513767,KUKIDENT PLUS BARRI A/CIBO 57G,1,0.33,24,1518,7
Papa,983513779,KUKIDENT ULTIMATE FRESCO 40G,1,0.33,24,374,7
Papa,983520887,DEPROX HP 15CPS,1,0.33,0,241,6
Papa,983521131,BEURER 50STR GL48/GL49,1,0.33,0,264,1
Papa,983533706,SENSIFINE AR SPF50+ 40ML,1,0.33,0,170,
Papa,983591900,ESI NORMOLIP 5 FORTE 60CPR,1,0.33,0,99,
Papa,983656556,REGGIBRACCIO SEMPLICE PED 1,1,0.33,0,2,3
Papa,983674235,CH ECO+ CAMIONCINO,1,0.33,0,5,5
Papa,983674437,LADY PRESTERIL AS GG ALI RIPIE,1,0.33,0,480,5
Papa,983678133,FERPROSTK 30BUST,1,0.33,0,25,4
Papa,983693589,RELANSIOLAM 30CPR,1,0.33,0,162,7
Papa,983746025,FORMULA COLLAGENE 10FL 12ML,1,0.33,0,650,2
Papa,983746215,HIPP BIO PAPPA LATTEA MELA250G,1,0.33,0,3,
Papa,983747003,APROPOS TUSS SCIR BAMBINI150ML,1,0.33,2,174,5
Papa,983760683,DP VITREO 30BUST,1,0.33,0,234,6
Papa,983837547,CEREAL SG CIAMBELLA 200G,1,0.33,0,22,1
Papa,984098665,REV OILSOFT PSOA 500ML,1,0.33,0,266,6
Papa,984159095,DERMA PROTECTION ZINC 20 200ML,1,0.33,0,5,4
Papa,984178590,STAMINFLUX FAST 20CPR,1,0.33,0,168,7
Papa,984319828,COMBIFOLIC 30CPR,1,0.33,0,200,2
Papa,984327864,EPIGEL TUBO GEL 10G,1,0.33,0,68,7
Papa,984371082,KLORANE SPRAY CAMOMILLA 100ML,1,0.33,0,30,8
Papa,984446548,REKORDSAN COPRIMAT A/ACA 1PIAZ,1,0.33,0,4,
Papa,984462503,PREP CREMA TALLONI 75ML,1,0.33,0,61,7
Papa,984500138,BIOCOLORIST SPR RITOCCO CAS SC,1,0.33,0,44,6
Papa,984502993,VENADREM 30CPR,1,0.33,0,57,1
Papa,984504668,ALOCROSSGEL SOLUZIONE OFT15MON,1,0.33,0,128,5
Papa,984505661,CURALIFE GRANI LUNGA VITA 35G,1,0.33,0,82,1
Papa,984520306,DERMACOTONE SLIP PROT ASS L 8P,1,0.33,0,90,1
Papa,984547137,HANSAPLAST CER FLEXIBLE XXL5PZ,1,0.33,0,11,6
Papa,984554915,GUAM PANTASLIM CRYO+RIC3X100ML,1,0.33,0,67,6
Papa,984557583,ESI LE DIECI ERBE MICROCLISMI,1,0.33,0,69,5
Papa,984560185,FARMEX PREM AIRD PANN SU L15PZ,1,0.33,0,53,
Papa,984594402,CISTILEN 14STICK,1,0.33,0,59,
Papa,984594972,BACTOBLIS SF 30CPR OROSOL,1,0.33,0,34,6
Papa,984621161,WHYSPORT PERFECT WHEY COOKIES,1,0.33,0,2,
Papa,984622528,ACUMAPROST 30CPS MOLLI,1,0.33,0,361,2
Papa,984622718,PEABIOMA 30CPR,1,0.33,0,771,8
Papa,984635387,PLAQTIV+ ORAL CARE ADDITIVO,1,0.33,0,218,4
Papa,984649475,THEALOZ DUO SOLUZIONE OCUL10ML,1,0.33,0,51,6
Papa,984650162,WATERPIK IDROPULSORE WP-300,1,0.33,0,2,1
Papa,984703379,OLEEA LIQUID 60ML,1,0.33,0,52,
Papa,984706491,BI C LULIT FIALE 20X10ML,1,0.33,0,15,5
Papa,984775662,NATURMIL CARDO MARIANO 90CPR,1,0.33,0,0,
Papa,984775736,NATURMIL COENZIMA Q10 PLU60CPS,1,0.33,0,7,8
Papa,984777235,OMEGA 3 SUPREMO 120SOFTGEL,1,0.33,0,138,8
Papa,984780155,MINI CANNOLI 12PZ 10G,1,0.33,0,5,1
Papa,984785105,NICO H MASCHERA CAPELLI 200ML,1,0.33,0,17,1
Papa,984789166,PHYTOCYANE FIALE D CAD TEMPOR,1,0.33,0,110,5
Papa,984790321,KANADOL PASTA 30G,1,0.33,0,182,7
Papa,984805770,BUTIRRISAN 90CPR,1,0.33,0,454,
Papa,984813826,CURASEPT DAYCARE DENTIF HERBAL,1,0.33,0,59,
Papa,984813838,CURASEPT DAYCARE DENTIF FRUIT,1,0.33,0,17,8
Papa,984814145,CURASEPT DAYCARE COLLUT FRO100,1,0.33,0,28,8
Papa,984814778,PIACERI MEDIT GOLOMIX BISCOTTO,1,0.33,0,100,7
Papa,984826747,SOFFISOF LADY AIR DRY SUPER15P,1,0.33,0,100,6
Papa,984829729,TAU MARIN DENTIF MENTA DEL75ML,1,0.33,11,47,4
Papa,984829731,TAU MARIN DENTIF MENTA 75ML,1,0.33,12,48,3
Papa,984861993,SMOCARE FUMATORI SCIROPPO150ML,1,0.33,0,19,
Papa,984862336,PROBIOS BIO CRACKERS AVENA4X35,1,0.33,0,81,1
Papa,984871398,CH QUADR SPUGNA ROSA 0M+,1,0.33,2,0,4
Papa,984881401,AVENE RISTRUTTURANTE DOPO200ML,1,0.33,0,151,
Papa,984892846,GIUSTO EQUIL S/G PAN LEG C250G,1,0.33,0,0,
Papa,984901203,PROBIOS FIOCCHI AVENA INTEGR,1,0.33,0,108,5
Papa,984903322,MITERA 30CPR+30CPS,1,0.33,0,178,6
Papa,984904882,EON-DK2 GOCCE 30ML,1,0.33,0,52,2
Papa,984906002,DIVERTIX 30CPR,1,0.33,0,378,1
Papa,984907737,RISO ROSSO E COENZIMA Q10 30G,1,0.33,0,84,8
Papa,984928073,COLEVIS-T 180PAST,1,0.33,0,14,1
Papa,984950485,CERAMOL GLOBAL DEF 30CPR,1,0.33,0,250,
Papa,984956185,BIGUD ROBORIS GOCCE 16ML,1,0.33,0,42,4
Papa,984984310,EUPHIDRA AMIDO GEL GENG 15ML,1,0.33,0,103,
Papa,984984409,EUPH STICK BLUSH PINKY,1,0.33,0,2,8
Papa,984985034,CH PORTAPAPPA TERMICO PROCIONE,1,0.33,0,5,
Papa,984999007,VERAVIS T SUPREMO GRANI CO 1KG,1,0.33,0,9,1
Papa,985000645,ANTHELIOS FLUIDO OIL C/PROF50+,1,0.33,0,500,7
Papa,985005368,ARKOCPS ASHWAGANDHA BIO 60CPS,1,0.33,0,360,
Papa,985048180,GEAPROST 30CPS,1,0.33,0,82,6
Papa,985124472,ZANZATEN POSTPUNTURA 20ML,1,0.33,0,46,1
Papa,985387998,OMNI BIOTIC COLONIZE 28BUST,1,0.33,0,181,7
Papa,985481011,MELOGRANO PROFUMO 100ML,1,0.33,0,0,
Papa,985499920,GIUSTO S/ZUCCH DENARI 120G,1,0.33,0,3,2
Papa,985501220,CYCLASOL NEW 30CPR,1,0.33,0,88,
Papa,985501461,OMEGA 3 SUPREMO 60SOFTGEL,1,0.33,0,80,3
Papa,985504719,DOREMI CIOCCOLATO 3X35G,1,0.33,0,123,6
Papa,985511157,GRISSINI MEDITERRANEI 100G,1,0.33,0,9,3
Papa,985515384,ENERGINA PLUS 30BUST,1,0.33,0,122,6
Papa,985519887,GIUSTO DIABEL BRIOCHE CACAO4PZ,1,0.33,0,14,1
Papa,985520814,CAPINERV DOL CEROTTI 5PZ,1,0.33,0,151,8
Papa,985574971,STOMEK 16CPR,1,0.33,0,164,
Papa,985580885,BIOMAGERD 20STICKPACK,1,0.33,0,167,4
Papa,985591508,ENTEROBEN 500MLD 10STICK PACK,1,0.33,0,85,8
Papa,985591914,WELL Q10 50CPR,1,0.33,0,9,
Papa,985600129,VEBIX PHYTAMIN PA REP CR VISO,1,0.33,0,42,2
Papa,985630185,OLIVO ESTRATTO INTEGRALE 200ML,1,0.33,0,4,1
Papa,985661507,MAGNESIONORM 14BUST,1,0.33,0,12,6
Papa,985661519,FERRONORM 30CPS,1,0.33,0,51,7
Papa,985671559,COMFEEL PLUS 4X6 30PZ,1,0.33,0,0,
Papa,985713787,PURONERV DOL 60CPS,1,0.33,0,27,6
Papa,985722471,KIJIMEA K53 ADVANCE 28CPS,1,0.33,0,555,
Papa,985766120,VELVET SMOOTH 2IN1 EXPERTCARE,1,0.33,0,0,
Papa,985771777,LACTOFLORENE PANCIA PIAT20BUST,1,0.33,41,1057,6
Papa,985774379,TRIVIS DONNA 30CPS,1,0.33,0,86,3
Papa,985778051,BIATAIN ADES PUR 10X10CM 10PZ,1,0.33,0,3,
Papa,985808258,MIC 1000 20BUST,1,0.33,0,11,8
Papa,985820784,BIOREPAIR PLUS ADVANCED SENS,1,0.33,0,213,
Papa,985823071,REVISION 30CPS,1,0.33,0,149,3
Papa,985823121,ELMEX DENTIF SENSITIVE P COMPL,1,0.33,0,554,
Papa,985826674,ANSIOLIX 30CPR,1,0.33,0,76,2
Papa,985828072,YAMAMOTO R MICROCIRCOLO NF,1,0.33,0,0,
Papa,985830518,SOFFISOF C PANN RET C/BAR 30PZ,1,0.33,0,82,4
Papa,985871918,ABD IMMUNO 30CPR,1,0.33,0,52,6
Papa,985910379,PREP CREMA DEODORANTE 35ML,1,0.33,0,1674,4
Papa,985918729,ZANZARELLA BRACC FAMILY 25PZ,1,0.33,0,101,
Papa,985918871,FARABELLA PAN GRATTATO 400G,1,0.33,0,36,4
Papa,985919253,MACA FORTE 90CPR,1,0.33,0,20,5
Papa,985972013,MICROVENIL FORTE 20BUST,1,0.33,0,453,
Papa,985975972,BISCOTTI PISTACCHIO SICILIA,1,0.33,0,3,2
Papa,985976152,SOFFISOF CLASSIC PANN MUT SU M,1,0.33,0,13,5
Papa,985982798,FORMULA SOLLIEVO ARTICOL CREMA,1,0.33,0,1328,1
Papa,985985542,GUSTO APROTEICO CANDELE TAGLIA,1,0.33,0,16,3
Papa,985991239,FLEBOMIX 1000MG 90CPR,1,0.33,0,100,
Papa,985991924,MOLINO SPADONI Mix Pane/Piz.500g,1,0.33,0,0,
Papa,985992383,DERMACOTONE SPUGNA MARINA,1,0.33,0,10,4
Papa,985993916,DORIA BUCANEVE 200G,1,0.33,0,125,7
Papa,986000406,ALLTEST TEST AG RAP STREPT 20P,1,0.33,0,48,1
Papa,986005460,ELIVID 60CPR,1,0.33,0,122,6
Papa,986012134,TUAMEMOR 15FL 10ML,1,0.33,0,67,6
Papa,986013163,GIBAUD ORTHO LOMBOGIB TECH 1,1,0.33,0,8,2
Papa,986037695,VITAL PROTEINS BEAUTY COLLAGEN,1,0.33,2,70,7
Papa,986075556,MULTICENTRUM DONNA 50+ 30CPR,1,0.33,0,361,3
Papa,986079578,PANTASLIM COLLANT TRATT KIT 4P,1,0.33,0,12,1
Papa,986122188,ARTELAC ULTRA 4S 10ML,1,0.33,0,2295,8
Papa,986179327,REMESCAR BORSE OCCHIAIE III8ML,1,0.33,0,217,
Papa,986179517,DAONIX 60CPS,1,0.33,0,312,
Papa,986582221,CUMAVIS 30STICK PACK,1,0.33,0,69,7
Papa,986585077,REDENA GOCCE OCULARI 10ML,1,0.33,0,3,6
Papa,986622951,"MENTADENT PROF DENT 0,12% CHX",1,0.33,0,103,7
Papa,986700969,Q DIET COMPENSA CAPSULE 120CPS,1,0.33,0,5,4
Papa,986708648,CHILLY NO RINSE FRESCO 100ML,1,0.33,0,1,4
Papa,986709778,TENA LIGHTS SENS NORMAL 16PZ,1,0.33,0,107,5
Papa,986718334,MICO ONCO 300ML+30CPS,1,0.33,0,1,4
Papa,986719476,KURAC MOUSSE DETERGENTE 100ML,1,0.33,0,115,6
Papa,986737866,CARNITEX FORTE 14BUST,1,0.33,0,296,6
Papa,986737930,CUTISEB SHAMPOO 200ML,1,0.33,0,99,5
Papa,986737942,LENDERM OIL SHAMPOO 200ML,1,0.33,0,93,2
Papa,986738793,ORALB PW REFILL CROSSACT BK5PZ,1,0.33,1,174,2
Papa,986782276,DEFENCE COLOR MAT VELV FOND404,1,0.33,0,11,2
Papa,986783126,ESTETIA P CAP UN 30CPS PANAROS,1,0.33,0,32,2
Papa,986791818,BLANX O3X STRISCE 5PZ,1,0.33,0,128,
Papa,986824504,GIUSTO APROT SPAGHETTI 250G,1,0.33,0,18,4
Papa,986830824,THIRODIUM 225MCG 30CPS MOLLI,1,0.33,0,63,6
Papa,986845523,FOLATEX 400 90CPR,1,0.33,0,146,8
Papa,986848834,SILENTE 20BUST,1,0.33,0,214,8
Papa,986852491,MERITENE FORZA/VITAL CIOC5BUST,1,0.33,0,77,1
Papa,986873317,VULVADIN DETERGENTE 150ML,1,0.33,0,2,4
Papa,986873394,ALGASIV PASTA ADESIVA PROMO,1,0.33,0,61,6
Papa,986878371,PRANAROM DIGEST CONFORT 21CPR,1,0.33,0,8,
Papa,986895466,EKEEP H3 MALLEOKEEP CAVIGL 2,1,0.33,0,6,2
Papa,986904439,GIBAUD FASCIA POSTOP CLA H24 1,1,0.33,0,1,4
Papa,986904530,GIBAUD FASCIA POSTOP CLA H30 5,1,0.33,0,9,3
Papa,986956629,PHYTO COL BARRIERA 20CPR,1,0.33,0,30,1
Papa,986971303,GIBAUD ORTHO ARTIGIB 3D GIN 4,1,0.33,0,8,
Papa,986971378,GIBAUD ORTHO Ginocchiera Ligagib Art.1,1,0.33,0,0,
Papa,986971442,GIBAUD ORTHO LIGAGIB OPE GIN2,1,0.33,0,3,
Papa,986971517,GIBAUD ORTHO GIN ZEROG 70CM 4,1,0.33,0,4,1
Papa,986988006,NUTRIFREE BISCOTTI 300G,1,0.33,0,71,2
Papa,986988044,NUTRIFREE GOCCEFROLLA CIOC300G,1,0.33,0,111,2
Papa,987019092,BERGAMON INTIMO LENITIVO 500ML,1,0.33,0,0,
Papa,987020031,PROZEN 20STICK PACK 15ML,1,0.33,0,37,5
Papa,987021437,DERMOVITAMINA CALM NUTRI BALM,1,0.33,0,7,1
Papa,987025665,PIC EASY WASH PERA CAN 224ML,1,0.33,0,104,
Papa,987039132,ZCARE NATURAL CEROTTI 24PZ,1,0.33,0,100,
Papa,987057775,OTOACT PLUS 100ML,1,0.33,0,181,6
Papa,987097019,BENESSERE AVAMPIEDE MEDIUM,1,0.33,0,4,1
Papa,987187186,RIGYDO NATURA 70CPR,1,0.33,0,29,
Papa,987258908,NUTRIFREE SUPER CRUNCH MUE NOC,1,0.33,0,133,1
Papa,987259761,PIACERI MEDIT CIOCOMIX CIOCOR,1,0.33,0,57,7
Papa,987278189,CH GIOCO PALLA MUSICALE,1,0.33,0,57,5
Papa,987294764,MICRONIL DOL 30CPR,1,0.33,0,206,8
Papa,987300252,BI FORTE 30CPS,1,0.33,0,16,
Papa,987303740,SARCHIO FETTE CROCC PROT LENT,1,0.33,0,19,3
Papa,987313412,ZYMEREX REGOLA-IBS 24CPR,1,0.33,0,0,
Papa,987315811,SCREEN TEST CANDIDA SELFTEST1P,1,0.33,0,73,3
Papa,987323235,IRIDINA BAGNO OCULARE 120ML,1,0.33,0,99,
Papa,987329947,COLLAGENE SKIN CARE VAN 309G,1,0.33,0,34,7
Papa,987331004,APROTEN CHICCHI PROMO 500G,1,0.33,0,16,2
Papa,987331081,APROTEN BUCATINI 400G,1,0.33,0,122,1
Papa,987331105,APROTEN Pasta Linguine Promo 500g,1,0.33,0,0,
Papa,987336450,GIBAUD GINOCCH COT SOT BEI 2,1,0.33,0,58,7
Papa,987358759,KIJIMEA REGULARIS 500G,1,0.33,0,20,6
Papa,987369927,AVENE SOL SPR BB50+ 200ML+RIST,1,0.33,0,103,
Papa,987377090,VIDROSOL 1000 30CPR,1,0.33,0,416,1
Papa,987377328,FORTIMEL CREME VANIGLIA 4PZ,1,0.33,0,9,
Papa,987378193,GLUCOMEN AREO GK SET SCMNO VRA,1,0.33,0,37,
Papa,987378609,PEVIX 20BUST,1,0.33,0,90,6
Papa,987383421,PELLISART 30CPR,1,0.33,0,57,4
Papa,987388523,RELYS MONODOSE 20MINICONT,1,0.33,0,209,2
Papa,987390059,NEFRORENAL 100G,1,0.33,0,26,2
Papa,987404249,EXCILOR WARTS DUO POWER,1,0.33,0,116,8
Papa,987417060,CREATINE 300G,1,0.33,0,28,7
Papa,987437175,POLASE ARANCIA 12BUST PROMO 24,1,0.33,38,436,7
Papa,987480098,COASTEN PLUS 20STICK PACK,1,0.33,0,13,1
Papa,987492345,INGLESE BREAD TIME BIANCO 2PZ,1,0.33,0,26,1
Papa,987498793,POLIBERINA 30CPR,1,0.33,0,88,7
Papa,987540299,XYLIMELTS 40PAST NEUTRO,1,0.33,0,186,2
Papa,987650304,SOMAT SKIN EX MASCHERA MUM BE,1,0.33,0,22,1
Papa,987653843,IPNOSIL 28BUST SOLUBILI,1,0.33,0,138,8
Papa,987655608,REDULIP 90CPR,1,0.33,0,50,
Papa,987669468,PARTENO DERMOLIO INTIMO 250ML,1,0.33,0,66,5
Papa,987669506,PARTENO DERMOLIO CORPO 250ML,1,0.33,0,106,5
Papa,987669734,GIBAUD ORTHO WALKER BASSO TIB3,1,0.33,0,8,
Papa,987673605,VALERIANA GOCCE 30ML,1,0.33,0,269,5
Papa,987673617,VALERIANA PASSIFLORA BIANC GTT,1,0.33,0,746,
Papa,987762352,REDEMASE 500 30CPS,1,0.33,0,418,8
Papa,987763380,VITAMINA D 2000UI 28CPR MASTIC,1,0.33,0,51,
Papa,987768999,GINCART 30CPR RIVESTITE,1,0.33,0,155,7
Papa,987770346,CIXID 50ML,1,0.33,0,186,8
Papa,987790856,PLAS ENERGIA 20STICK PACK,1,0.33,0,73,8
Papa,987815166,DOBLEVIT D3+K2 60CPR OROSOLUB,1,0.33,0,21,5
Papa,987841727,MASSIMO ZERO TAGLIOLINI UOVO,1,0.33,0,14,1
Papa,987845068,"IRILENTI LENTI DAILY -1,75",1,0.33,1,10,2
Papa,987845132,"IRILENTI LENTI DAILY -3,50",1,0.33,1,36,1
Papa,987849193,OMOFOLIK 400 30CPR,1,0.33,0,1754,
Papa,987860069,ASTENOMIRT GOCCE OCULARI 10ML,1,0.33,0,158,7
Papa,987860475,GOCCE MAGICHE CONC ILL GLOW,1,0.33,0,3,1
Papa,987864194,DURACELL EASY TAB 675 BLU,1,0.33,0,182,5
Papa,987866555,PRESTERIL CER SILISOFT 10X10 5,1,0.33,0,72,8
Papa,987870336,DOVE Adv Care Invis.Spray 150ml,1,0.33,0,0,
Papa,987870969,NEUTRO ROBERTS DEO STK ALC FBL,1,0.33,0,33,7
Papa,987879929,TEOS 20CPS,1,0.33,0,608,7
Papa,987880147,NUTRITASK BISCOTTO 220G,1,0.33,0,6,3
Papa,987881570,NIZORAL CARE SH CUTE&CAP GRAS,1,0.33,0,366,
Papa,987904707,KALOIDON GEL CICATRICI 75ML,1,0.33,0,140,
Papa,987922440,GIUSTO S/G TORTELLINI PR CRUDO,1,0.33,0,24,4
Papa,988037394,GIBAUD COPRISPALLE ANATOMICO 3,1,0.33,0,15,4
Papa,988050593,"TAZARENE CREMA 0,05% 75ML",1,0.33,0,160,3
Papa,988051847,EQUILIBRA REGOLA FAME 22GUMS,1,0.33,0,86,7
Papa,988054831,CREDO 4512 TAGLIACALLI RASPA,1,0.33,0,151,5
Papa,988063689,ALKAVITA MAG MAGNESIO CLO60CPR,1,0.33,0,22,
Papa,988066953,ENTEROFREE 20FL,1,0.33,0,28,
Papa,988107470,CH GIOCO RODEO GONFIABILE,1,0.33,0,2,5
Papa,988107482,CH GIOCO UNICORNO GONFIABILE,1,0.33,0,5,5
Papa,988118699,REFLUX HERBA DS2 20STICK 80G,1,0.33,0,10,5
Papa,988124172,REPY GEL 30ML NF,1,0.33,0,74,8
Papa,988141343,DERMOVITAMINA CALM CR RICCA,1,0.33,0,71,
Papa,988145987,REGOSTAR CINETIC 20CPS,1,0.33,0,131,8
Papa,988195689,EOS BIOVERDE INTIMO C 300ML,1,0.33,0,207,5
Papa,988212864,RINOREX DOCCIA AERO BIC15F 5ML,1,0.33,0,439,
Papa,988254898,POLASE POCKET 14STICK,1,0.33,17,243,7
Papa,988277354,XERONORM PRX PHARCOS 250ML,1,0.33,0,289,8
Papa,988278418,EKEEP B1 POSTURAL BRA NE 3PLUS,1,0.33,0,1,5
Papa,988332906,FIBRAMET 20BUST,1,0.33,0,7,6
Papa,988342010,BOLOLEVO POCKET 12G NUTRIGEN,1,0.33,0,2,4
Papa,988342147,KUKIDENT ULTIMATE NEUTRO 57G,1,0.33,27,909,4
Papa,988663439,CH SPAZZ 6-36M DPP ROSA GIALLO,1,0.33,0,61,6
Papa,988670079,FLAVIS TAGLIATELLE 200G,1,0.33,0,158,5
Papa,988672162,STARDEA ARTICOLAZIONI COM80CPR,1,0.33,0,8,5
Papa,988712612,DERMOVITAMINA PROCTOC PRUR AN,1,0.33,3,100,2
Papa,988712713,THEISS ARNICA GEL TONIF 200ML,1,0.33,0,58,
Papa,988714135,PODATLET DETERGENTE 100ML,1,0.33,0,39,
Papa,988715544,NUTRIFREE PANINO HOT DOG XL2PZ,1,0.33,0,109,3
Papa,988749382,ASSIOTEN 30CPR,1,0.33,0,168,7
Papa,988754634,HIPP BIO OMOG PROSCIU VER2X80G,1,0.33,0,40,7
Papa,988770273,EARBUDDY ROSSO,1,0.33,0,6,1
Papa,988785402,EUCERIN ULTRASENSITIVE P SECCA,1,0.33,3,8,2
Papa,988803829,VENUS LAME SPA BREEZE 4PZ,1,0.33,0,0,
Papa,988804389,INTRAVIT FORTE 30CPR,1,0.33,0,197,7
Papa,988804567,AMINO 16 PRO POWDER 30BUST,1,0.33,0,69,8
Papa,988827097,MASTER-AID STERIBLOCK TAMP EMO,1,0.33,6,126,9
Papa,988829141,ENERGIA SANA 180PAST,1,0.33,0,15,1
Papa,988830814,AMINO ROSETTE 4X50G,1,0.33,0,100,6
Papa,988832111,YAMAMOTO R VIT K2+D3 60CPR,1,0.33,0,32,3
Papa,988838037,SIDEVIT B12 20STICK,1,0.33,0,1628,
Papa,988922807,EMOFORM DENT CREMA ADES 45G TP,1,0.33,0,18,4
Papa,988927226,BIOFLOGO 20BUST,1,0.33,0,78,5
Papa,988952774,ELLEN SERENA 30CPR,1,0.33,0,181,7
Papa,988954715,MAR-PROST 20CPR,1,0.33,0,11,2
Papa,988991271,FLOXEA 10OV VAGINALI,1,0.33,0,24,1
Papa,988994190,SOLOUNO DRENAGEL 125ML,1,0.33,0,18,3
Papa,989005677,EATSTOP 60CPR,1,0.33,0,0,
Papa,989007657,VENOSTIL 30CPR,1,0.33,0,113,1
Papa,989007695,PIOLIT 30BUST,1,0.33,0,176,4
Papa,989008495,SERENITY MAN SENS LEVEL 2 10PZ,1,0.33,0,156,5
Papa,989014269,LIPIKAR GEL LAVANT 1L,1,0.33,0,78,
Papa,989019183,SUBHELIOS 30CPR,1,0.33,0,45,8
Papa,989021934,APROME' PENNE 500G,1,0.33,0,44,2
Papa,989021946,APROME' PIADINA 180G,1,0.33,0,46,1
Papa,989039591,TECHMADE Bil.Dig.Pet Food,1,0.33,0,0,
Papa,989040668,CREATINA PLUS 180PAST,1,0.33,0,39,6
Papa,989041759,TARANIS COOKIES PEP CIOC 5PZ,1,0.33,0,51,3
Papa,989046762,MASTOCOL 30CPR,1,0.33,0,187,2
Papa,989056092,KLORANE ACQUA MICELL FIORD3IN1,1,0.33,0,15,4
Papa,989085055,ELEVE NIKI QUERCILIP 30STICK,1,0.33,0,24,3
Papa,989171943,EUCERIN EES ANTIPIGM GEL DET,1,0.33,8,118,3
Papa,989234380,VITIS KIDS DENTAL GEL +6M 50ML,1,0.33,0,68,1
Papa,989240775,REPELLENTE EX STRONG50% SOFARM,1,0.33,0,5633,4
Papa,989250105,ZINCO MONODOSE 10STICK BRADERM,1,0.33,0,25,5
Papa,989254255,TENA PANTS PANN MAXI XL 10PZ,1,0.33,0,191,
Papa,989260423,CHICCO Gioco FD Tappeto Gufetto,1,0.33,0,0,
Papa,989260892,KELUAL SQUANORM LOZIONE 200ML,1,0.33,0,43,8
Papa,989264458,ACTIMOVE TENSOB SALVAP 7CMX20M,1,0.33,0,136,1
Papa,989267657,PLAS BROMELINA 20STICK PACK,1,0.33,0,396,8
Papa,989305103,DEMALIPE EMULSIONE 200ML,1,0.33,0,118,6
Papa,989319722,ACUTIL UOMO 30CPR,1,0.33,2,208,
Papa,989322072,ELAGE OLIO DETERGENTE 100ML,1,0.33,0,25,1
Papa,989332390,DERMOVITAMINA CALM SENSIO400ML,1,0.33,2,143,1
Papa,989353368,VIRGINIANA DEO FRESH 100ML,1,0.33,0,100,
Papa,989370539,TRIDERM AD CREMA DET 490ML,1,0.33,0,97,8
Papa,989374246,SANIFLAM 30CPR,1,0.33,0,145,4
Papa,989397599,GUT SUPPORT DUO INTOLERAN60CPS,1,0.33,0,9,2
Papa,989399100,NEOVIGOR 15BUST,1,0.33,0,126,7
Papa,989400318,FLEBOMIX LINFO 30CPR,1,0.33,0,61,6
Papa,989400559,POLIBROM NUOVA FORMULA 20CPR,1,0.33,0,23,4
Papa,989409154,ISOMAR SPRAY NO GAS BABY 30ML,1,0.33,0,202,
Papa,989409634,"FORBICE RETTA P SMUS11,5CM MON",1,0.33,0,41,2
Papa,989413719,FLAVIS RICE 400G,1,0.33,0,251,5
Papa,989414659,MASUROTA JUNIOR 14BUST,1,0.33,0,79,3
Papa,989418381,CA-MI A-100 Sfigmomanometro Aner.Stet.,1,0.33,0,0,
Papa,989467814,DTOPIC PANNOLINI 3 22PZ,1,0.33,0,33,5
Papa,989632017,KAROS REFLUSSO 20STICK,1,0.33,1,198,
Papa,989672062,NAIL CLIPPER SOFARMAPIU',1,0.33,0,323,3
Papa,989672744,MAR-PROST SUPPOSTE 10PZ,1,0.33,0,11,2
Papa,989707777,COLON REGULAR T GRANI 80G,1,0.33,0,67,1
Papa,989707979,HAPPY FARM I DIAMANTI TRIS 45G,1,0.33,0,103,4
Papa,989810104,SENSODYNE EP SOLLIEVO IMMEDIAT,1,0.33,0,867,
Papa,989819976,COLLAGENE ARTICOLAZIONI&MUSCOL,1,0.33,0,360,
Papa,989877737,VISIOCOLINA 50MG/ML SOL ORALE,1,0.33,0,148,6
Papa,989878463,IODIVET SOLUZIONE OFT 10ML,1,0.33,0,100,1
Papa,989884299,PEA 60CPS,1,0.33,0,66,6
Papa,989885809,SOLLIEVO VEN 14BUST,1,0.33,0,10,7
Papa,989896117,GSE DENTIFREE GENGIVITA GEL,1,0.33,0,3,5
Papa,989929450,XELOSTAR 75ML,1,0.33,0,169,5
Papa,989930476,COLLAGENE COLLOIDALE PLUS 1000,1,0.33,0,12,2
Papa,989976802,OHROPAX MINI SOFT TAPPI 10PZ,1,0.33,0,8,
Papa,989983438,PSIPROTO ELISIR 30CPS GASTRORE,1,0.33,0,341,3
Papa,990000325,TIORAN FORTE 16BUST,1,0.33,0,127,1
Papa,990001861,ZZZQUIL SONNO+ ANTISTRESS28CPS,1,0.33,21,151,6
Papa,990001998,MULTILADY 60CPS VEGET NF,1,0.33,0,126,
Papa,990008260,KEBONTA' Cookie XL Cuor Nocc.,1,0.33,0,0,
Papa,990008272,KEBONTA' Cookie XL Ciocc.4x50g,1,0.33,0,0,
Papa,990019287,CAPELLO SANO ANTI AGE 120PAST,1,0.33,0,14,6
Papa,990043996,BIOFLOR 30CPS VEGETALI,1,0.33,0,437,7
Papa,990047072,BIOFLOR MOOD 60CPS VEGETALI,1,0.33,0,60,4
Papa,990064848,DIMAFLOREN 10FL 10ML,1,0.33,0,397,2
Papa,990076960,REUTERIN D3 1000 30CPR,1,0.33,0,13,5
Papa,990078178,IDRORAL 45CPR MUCOADESIVE,1,0.33,0,140,7
Papa,990084509,BEURER PO45 PULSOSSIMETRO,1,0.33,0,20,2
Papa,990284820,TRICOMAGIS 20BUST,1,0.33,0,79,1
Papa,990372346,PIACERI MEDITERRANEI PancaKe 240g,1,0.33,0,0,
Papa,990408369,XERO3 SPRAY ORALE 75ML,1,0.33,0,21,7
Papa,990457879,ORALZOIL COLLUTORIO MILK 250ML,1,0.33,0,64,1
Papa,990460545,GASTRIK PET SOSPENSIONE 60ML,1,0.33,0,167,7
Papa,990542680,GRANIBUONI FRESELLE GRANO SAR,1,0.33,0,88,1
Papa,990546172,BIOLIFE B12 VEGAN 60CPS,1,0.33,0,11,4
Papa,990638850,OMIA BIOTECH MASCHERA NUTR,1,0.33,0,10,2
Papa,990643696,DERMACOTONE ADESIVI CITRON48PZ,1,0.33,0,100,3
Papa,990654853,DELTHA MANNOSIO 14BUST,1,0.33,0,207,1
Papa,990702526,MARIA SALEMME Freselle Lunghe 200g,1,0.33,0,0,
Papa,990849958,DEFLOCEN 20CPR GASTROPROTETTE,1,0.33,0,160,4
SubitoFarma,001578018,EURAX*CREMA DERM 20G 10%,1,0.33,0,37,2
SubitoFarma,003803107,GLICEROVALEROVIT*50CPR RIV,1,0.33,0,23,1
SubitoFarma,004853053,VALERIANA DISPERT*20CPR 125MG,1,0.33,0,165,6
SubitoFarma,004905143,"PLACENTEX*SOL CUT 10F 0,75MG",1,0.33,0,5,1
SubitoFarma,005170028,TRAVELGUM*10GOMME MAST 20MG,1,0.33,0,1301,6
SubitoFarma,005556028,ORTODERMINA*CREMA 10G 5%,1,0.33,0,14,3
SubitoFarma,005638010,"LUAN*GEL 15G 2,5%+APPLICATORE",1,0.33,1,2171,10
SubitoFarma,005647033,BECOZYM*20CPR GASTRORES,1,0.33,0,55,4
SubitoFarma,006570257,MAGNESIA S.PELL*EFF LIM 100G,1,0.33,1,945,7
SubitoFarma,008997025,DULCOLAX*AD 6SUPP 10MG,1,0.33,0,80,4
SubitoFarma,009115041,FITOSTIMOLINE*6 OV 600MG,1,0.33,0,12,1
SubitoFarma,012745055,TACHIPIRINA*BB 10SUPP 500MG,1,0.33,41,310,1
SubitoFarma,014137020,ASCOTODIN*COLL FL 10ML,1,0.33,0,28,2
SubitoFarma,014371037,CORSODYL*SOLUZ 150ML 200MG/100,1,0.33,1,867,
SubitoFarma,017863010,"TETRAMIL*COLL FL10ML 0,3+0,05%",1,0.33,0,80,1
SubitoFarma,017863034,"TETRAMIL*10FL MONOD 0,5ML",1,0.33,0,58,2
SubitoFarma,018554081,POLARAMIN*CREMA 25G 1%,1,0.33,1,1412,8
SubitoFarma,018610067,CARNITENE*10CPR MAST 1G,1,0.33,0,43,2
SubitoFarma,019646049,"FIBRASE*POM 40G 1,5%",1,0.33,0,15,1
SubitoFarma,020942025,"TROFODERMIN*CR DERM30G 0,5+0,5",1,0.33,12,621,2
SubitoFarma,021115023,CTARD*60CPS 500MG RP FL,1,0.33,0,21,7
SubitoFarma,021483146,SINECOD TOSSE SED*200ML3MG/10G,1,0.33,0,37,12
SubitoFarma,022088052,"TANTUM VERDE*COLLUT 120ML0,15%",1,0.33,73,145,8
SubitoFarma,022512014,"DUPHALAC*SCIR 200ML66,7G/100ML",1,0.33,0,71,9
SubitoFarma,023177090,NAPROSYN*OS 30BUST 250MG,1,0.33,0,11,1
SubitoFarma,023185061,LISOMUCIL TOSSE MUC*BB SCIR 2%,1,0.33,1,128,8
SubitoFarma,023198043,VICKS SINEX*SPR NAS FL 10ML,1,0.33,4,202,3
SubitoFarma,023432038,MACMIROR COMPLEX*12 CPS VAG,1,0.33,0,289,3
SubitoFarma,023589043,STREPTOSIL NEOMICINA*UNG 20G,1,0.33,1,110,1
SubitoFarma,023603069,PEVARYL*EMULS CUT 30ML 1%,1,0.33,0,58,2
SubitoFarma,023603145,PEVARYL*SOL CUT 6BUST 10G 1%,1,0.33,1,352,7
SubitoFarma,023694058,DISSENTEN*15CPR 2MG,1,0.33,2,1226,10
SubitoFarma,024625016,MICONAL*CREMA DERM 30G 2%,1,0.33,0,34,4
SubitoFarma,024625042,MICONAL*POLV DERM 20G 2%,1,0.33,0,23,1
SubitoFarma,024782056,KATARFLUID*AD OS SOL 200ML,1,0.33,1,5,1
SubitoFarma,025349109,TRAVOGEN*CREMA DERM 20G 1%,1,0.33,0,41,1
SubitoFarma,025358058,ABIMONO*1 OV VAG 600MG,1,0.33,0,28,2
SubitoFarma,025634015,NUROFEN*12CPR RIV 200MG,1,0.33,0,2109,
SubitoFarma,025833029,GYNOCANESTEN*12CPR VAG 100MG,1,0.33,0,42,2
SubitoFarma,025910047,SURSUM*30CPS MOLLI 400UI,1,0.33,0,38,2
SubitoFarma,026045029,CANESTEN UNIDIE*CREMA 30G 1%,1,0.33,0,375,5
SubitoFarma,026048090,AZOLMEN*CREMA 30G 1%,1,0.33,1,98,2
SubitoFarma,027456033,CLAREMA*CREMA 30G 1%,1,0.33,0,127,1
SubitoFarma,027668019,LATTULOSIO SAND*SCIR 180ML,1,0.33,1,400,3
SubitoFarma,027757032,FLECTOR*5CER MEDIC 180MG,1,0.33,3,207,6
SubitoFarma,028057014,"SOLUMAG*OS 20FL 1,5G 10ML",1,0.33,0,13,1
SubitoFarma,028228106,LORENIL*CREMA 15G 2%,1,0.33,0,19,2
SubitoFarma,028441018,"ALTERGEN*CREMA 25G 0,2%+1%",1,0.33,0,1,1
SubitoFarma,028962013,LACTEOL*20CPS 5MLD,1,0.33,0,344,7
SubitoFarma,029032036,CODEX*10BUST 5MLD 250MG,1,0.33,5,207,
SubitoFarma,029822018,ZINCO OSSIDO*10% UNG 1000G,1,0.33,0,0,
SubitoFarma,030354029,ACIDO SALICILICO MV*5% UNG 30G,1,0.33,0,0,
SubitoFarma,031100011,EOSINA NOVA AR*SOL CUT 2% 100G,1,0.33,0,107,7
SubitoFarma,031103017,ZOLFO E POTASSIO CARBONATO*UNG,1,0.33,0,9,2
SubitoFarma,032154015,VECTAVIR LABIALE*CREMA 2G 1%,1,0.33,0,0,
SubitoFarma,032182077,"SODIO CLORURO EUROS*0,9%1000ML",1,0.33,0,76,1
SubitoFarma,032186013,BIALCOL MED*SOL CUT300ML1MG/ML,1,0.33,3,1423,11
SubitoFarma,032307047,ACICLOVIR EG*CR 3G 5%,1,0.33,1,91,6
SubitoFarma,032773057,"AIRTAL*CREMA 50G 1,5G/100G",1,0.33,0,5,1
SubitoFarma,033765013,NEBIOTIN*30CPR 5MG,1,0.33,0,52,2
SubitoFarma,034246025,NUROFEN INFLUENZA RAFFR*24CPR,1,0.33,1,1904,
SubitoFarma,034373011,ZEROFLOG*COLLUT 1FL 200ML,1,0.33,0,26,1
SubitoFarma,034521043,MASTER AID DISINF*SOLUZ 50ML,1,0.33,0,52,2
SubitoFarma,034548154,VOLTAREN EMULGEL*GEL 100G 2%,1,0.33,0,874,11
SubitoFarma,034603011,VERUNEC*FL 15G+15G/100G COLLOD,1,0.33,0,261,1
SubitoFarma,034842029,SIMECRIN*30CPR MAST 80MG,1,0.33,0,29,1
SubitoFarma,034893014,STIXENIL*20CPR RIV 5MG,1,0.33,1,0,1
SubitoFarma,034927018,"BRUNICROM*COLL 20CONT 0,3ML 2%",1,0.33,0,54,1
SubitoFarma,034936118,FLUIMUCIL MUCOL BB*100MG/5ML,1,0.33,0,209,8
SubitoFarma,034936157,FLUIMUCIL MUCOL*SCIR600MG/15ML,1,0.33,1,821,
SubitoFarma,035530017,"DISINFARM*SOL CUT 200ML 0,1%",1,0.33,0,16,1
SubitoFarma,035598022,ECOCILLIN*6CPS VAG MOLLI,1,0.33,0,23,1
SubitoFarma,035799028,RINOCLENIL*SPRAY 200ER 100MCG,1,0.33,0,176,5
SubitoFarma,036397014,REPARIL*GEL 40G 1%+5%,1,0.33,0,992,
SubitoFarma,036497016,"DOLAUT GOLA*COLLUT 150ML 0,25%",1,0.33,0,8,1
SubitoFarma,037087032,TROSYD DERMATITE SEB*SH120ML2%,1,0.33,0,8,11
SubitoFarma,037184049,DICLOREUM UNIDIE*8CER 136MG24H,1,0.33,0,86,5
SubitoFarma,037629019,CETIRIZINA SAND*7CPR RIV 10MG,1,0.33,0,25,5
SubitoFarma,037899010,"FROBEN RAFFREDDORE*15ML 0,05%",1,0.33,2,74,6
SubitoFarma,038396038,IMODIUM*12CPR OROSOL 2MG,1,0.33,0,24,1
SubitoFarma,038403034,SOBREPIN AEROSOL*10FL 40MG/3ML,1,0.33,0,86,10
SubitoFarma,038663011,IBUPROFENE PEN*12BUST 400MG,1,0.33,0,29,6
SubitoFarma,038864068,BUSCOPAN*30CPR RIV 10MG,1,0.33,0,19,2
SubitoFarma,038933038,ALLI*84CPS 60MG FL,1,0.33,0,7,8
SubitoFarma,039067018,VITANGO*30CPR RIV 200MG,1,0.33,0,9,10
SubitoFarma,039371051,ABIDOL*24CPR RIV200MG,1,0.33,0,5,1
SubitoFarma,039390012,"NIOGERMOX*SMALTO UNGHIE 3,3ML",1,0.33,0,8,4
SubitoFarma,040231019,EUGASTROL REFLUSSO*7CPR 20MG,1,0.33,0,11,1
SubitoFarma,040932079,SOLMUCOL MUCOLITICO*30CPR600MG,1,0.33,0,23,4
SubitoFarma,041467034,PARACETAMOLO EG*20CPR 500MG,1,0.33,0,27,3
SubitoFarma,041536020,NUROFENBABY*10SUPP 60MG,1,0.33,0,561,2
SubitoFarma,041618051,ENTEROGERMINA*OS 10FL 2MLD/5ML,1,0.33,0,18,1
SubitoFarma,041797022,"OKI GOLA*OS SPRAY 15ML 0,16%",1,0.33,0,1724,
SubitoFarma,042028035,OKITASK*10CPR RIV 40MG,1,0.33,0,260,10
SubitoFarma,042685014,DICLOREUM ANT LOC*10CER MED180,1,0.33,0,395,6
SubitoFarma,042922017,NEXIUM CONTROL*7CPR GASTR 20MG,1,0.33,0,14,10
SubitoFarma,043506031,EFFERALGAN FEBBRE E CONG*10BUS,1,0.33,1,15,2
SubitoFarma,044608026,"FLECTORGO*20CPS MOLLI 12,5MG",1,0.33,0,26,3
SubitoFarma,044663019,NUROFEN INFLUENZA RAFFR*12CPR,1,0.33,0,13,2
SubitoFarma,044817017,"POLLIVAL*COLL FL 10ML 0,5MG/ML",1,0.33,0,73,1
SubitoFarma,044958015,FMS CROTALUS COMPLEX*30ML GTT,1,0.33,0,11,1
SubitoFarma,045259013,OCTOSEDAN*UNG RETT 25G 50MG/G,1,0.33,0,44,1
SubitoFarma,045876012,ARNIGEL*7% GEL TUBO 120G,1,0.33,0,124,6
SubitoFarma,045949017,CAMILIA*OS SOLUZ 15FL 1ML,1,0.33,0,167,1
SubitoFarma,046849028,COCCULUS HEEL*50CPR,1,0.33,0,45,1
SubitoFarma,047578012,GUNA T3*D11 OS GTT 30ML,1,0.33,0,9,1
SubitoFarma,047812045,DAFLON*30CPR RIV 500MG,1,0.33,1,472,2
SubitoFarma,048324014,CHIMAPLUS*OS GTT 30ML,1,0.33,0,3,1
SubitoFarma,048922013,ZEFLAVON*30CPR RIV 500MG,1,0.33,0,40,7
SubitoFarma,049232010,BENERVA*20CPR 300MG,1,0.33,0,31,1
SubitoFarma,049420019,PAXABEL*OS POLV 20BUST 10G,1,0.33,0,46,1
SubitoFarma,049528019,IBUPROFENE AUR*10CPS MOL 400MG,1,0.33,0,0,
SubitoFarma,049551017,ARNICA HEEL COMPLEX*INIETT 10F,1,0.33,0,0,
SubitoFarma,049582012,BREXIADVANCE*SPRAY30ML/125EROG,1,0.33,0,41,12
SubitoFarma,049770062,ARTEMIS*120CPR RIV 500MG,1,0.33,0,16,4
SubitoFarma,050332016,BENERVA*20CPR 300MG,1,0.33,0,5,2
SubitoFarma,050400023,ITAMI UNIDIE*5CER MEDIC 140MG,1,0.33,0,24,7
SubitoFarma,050430014,BENERVA*20CPR 300MG,1,0.33,2,29,1
SubitoFarma,050993029,DICOFLORELLE GINEC*6CPS VAG MO,1,0.33,0,60,1
SubitoFarma,101009013,DOBETIN B1 10000 FL 100 ML,1,0.33,0,3,1
SubitoFarma,102468093,DEROXEN SCHIUMA SPRAY*200 ML,1,0.33,0,2,2
SubitoFarma,102510056,SCALIBOR PROTECTOR BAND*BI48CM,1,0.33,0,23,2
SubitoFarma,103626040,ADVANTIX SPOT ON*4PIP 4-10KG,1,0.33,0,125,12
SubitoFarma,103628044,ADVANTIX SPOT ON*4PIP 10-25KG,1,0.33,0,49,11
SubitoFarma,103746044,RINGER LATTATO SALF*SAC 2000ML,1,0.33,0,23,
SubitoFarma,104918026,AMFLEE COMBO*3PIP GATTI/FURETT,1,0.33,0,22,2
SubitoFarma,104971015,ANTHELMIN*2CPR 230+20MG GATTO,1,0.33,0,2,1
SubitoFarma,105392068,DELTATIC*2COLLARI CANI 5-25KG,1,0.33,0,1,1
SubitoFarma,800021014,ARNICA 9CH GR 4G,1,0.33,0,54,12
SubitoFarma,800026472,MEDORRHINUM 30CH GL 1G,1,0.33,0,1,4
SubitoFarma,800106369,NOTAKEHL D5 20CPR SANUM,1,0.33,0,7,1
SubitoFarma,800106597,SANKOMBI D5 10ML GTT SANUM,1,0.33,0,37,1
SubitoFarma,800110696,PHOSPHORUS 200K GL 1G,1,0.33,0,1,8
SubitoFarma,800136145,MELISSA CUPRO CUL D2 50ML GT,1,0.33,0,2,3
SubitoFarma,800144178,BIOCYCLIC PLUS 4G GR,1,0.33,0,1,1
SubitoFarma,800146072,"EUPHORBIUM COMP 10F 2,2ML HEEL",1,0.33,0,1,1
SubitoFarma,800146146,"MUCOSA COMP 10F 2,2ML HEEL",1,0.33,0,4,2
SubitoFarma,800163735,"CUPRUM MET PR 0,4% 23G UNG",1,0.33,0,2,1
SubitoFarma,800164446,"LEDUM COMP 10F 2,2ML HEEL",1,0.33,0,1,2
SubitoFarma,800165526,ANTIAGE CIRC GR 4G,1,0.33,0,1,2
SubitoFarma,800175566,VANDA 56 CREMA 50G,1,0.33,1,1,1
SubitoFarma,800175580,POLLEN HISTAMINE 200PLUS 12CPS,1,0.33,0,89,1
SubitoFarma,800217325,BELLADONNA 5CH GR,1,0.33,0,1,9
SubitoFarma,800217491,ARNICA 6CH GR,1,0.33,0,0,
SubitoFarma,800218048,SILICEA 30CH GR,1,0.33,0,1,2
SubitoFarma,800220612,HOMEOS 8 GL,1,0.33,0,1,5
SubitoFarma,800248104,ARNICA MCH GL,1,0.33,0,2,2
SubitoFarma,800424727,CITOMIX GR,1,0.33,0,57,8
SubitoFarma,800490157,LYMDIARAL 50ML GTT PASCOE,1,0.33,0,131,9
SubitoFarma,800492845,TH2 GLOBULI,1,0.33,0,10,7
SubitoFarma,800586063,UNCASTIM GTT 30ML,1,0.33,0,1,2
SubitoFarma,800591113,FORMULA AL 1 SERIE 1 20F IAL,1,0.33,0,1,4
SubitoFarma,800601041,2LEBV 30CPS,1,0.33,0,0,
SubitoFarma,800601054,2LEID 30CPS,1,0.33,0,0,
SubitoFarma,800601179,2LPAPI 30CPS,1,0.33,0,1,4
SubitoFarma,800622526,CALENDULA OFF 30ML TM,1,0.33,0,0,
SubitoFarma,800623264,PROPOLIS TINTURA MADRE 30ML,1,0.33,0,1,3
SubitoFarma,800623454,THUYA OCCIDENTALIS TM 30ML,1,0.33,0,1,1
SubitoFarma,801064938,BIO AR COMPOSTO GOCCE 50ML,1,0.33,0,1,6
SubitoFarma,801106168,SANUKEHL COLI D6 GTT 10ML,1,0.33,0,2,3
SubitoFarma,801210307,SIN 2 50ML GTT,1,0.33,0,1,1
SubitoFarma,801210877,SIN 58 50ML GTT,1,0.33,0,1,1
SubitoFarma,801211309,RIGE 1 GOCCE 50ML,1,0.33,0,2,1
SubitoFarma,801451345,THUYAPLUS CREMA 50G,1,0.33,0,1,2
SubitoFarma,801462755,BFX CR 2 30CPS 500MG,1,0.33,0,3,2
SubitoFarma,801604846,CRAB APPLE GUN GTT 10ML,1,0.33,0,1,7
SubitoFarma,801846142,GUNA CNTF 4CH GTT 30ML,1,0.33,0,0,
SubitoFarma,808848170,TRAUMEEL S CREMA 50G,1,0.33,0,125,4
SubitoFarma,881092098,PAPIVA 30CPS IMMUNOVANDA,1,0.33,0,2,2
SubitoFarma,881097897,BIOFLUINUM ECHINACEA 1G 30CPS,1,0.33,0,14,12
SubitoFarma,881116267,BIOM COMPOSTO 20F FISX2ML,1,0.33,0,0,
SubitoFarma,881502102,FERRUM SIDEREUM D20 80CPR,1,0.33,0,0,
SubitoFarma,881502138,GLANDULA THYREOIDEA D6 50ML GT,1,0.33,0,0,
SubitoFarma,881508016,ARNICA MONTANA HOMEOPHARM UNG,1,0.33,0,1,1
SubitoFarma,900031978,NOKSAN GEL TALLONI MORB M 2PZ,1,0.33,0,1,6
SubitoFarma,900036284,SALIPIL CREMA VISO CANOVA 50ML,1,0.33,0,12,4
SubitoFarma,900051564,DETSKIN ATTIVO SHAMPOODOCCIA,1,0.33,0,7,1
SubitoFarma,900117831,TSA HIPERICUM PERFORATUM 50ML,1,0.33,0,8,1
SubitoFarma,900119355,TSA UVA URSI 50ML,1,0.33,0,3,2
SubitoFarma,900125550,TRICOSTIMOLINA RINFORZANTE 12F,1,0.33,0,12,5
SubitoFarma,900163763,HOLLI CATET LUBR CH14 40CM 30P,1,0.33,0,1,1
SubitoFarma,900178310,LONGLIFE OMEGA 3 6 9 50PRL,1,0.33,0,59,2
SubitoFarma,900212919,ARTDINAMIC 20BUST,1,0.33,0,48,1
SubitoFarma,900223114,ORTOLUX CER TRASP C/VALVA L 1P,1,0.33,0,0,
SubitoFarma,900247709,NONAK MOUSSE DETERGENTE 100ML,1,0.33,0,54,2
SubitoFarma,900289327,PINEAL 30CPR,1,0.33,0,25,6
SubitoFarma,900299278,CLINDERM OIL DETERGENTE 500ML,1,0.33,0,55,1
SubitoFarma,900314992,PSICOPHYT UNO SOL IAL 50ML,1,0.33,0,20,4
SubitoFarma,900321050,PHYSIOGEL LOZIONE CORPO IDRAT,1,0.33,0,1,3
SubitoFarma,900321530,ORALB 123 INDICATOR SPAZZ S35,1,0.33,1,0,3
SubitoFarma,900329119,DERMAMID OIL OLIO BAGNO 250ML,1,0.33,0,43,4
SubitoFarma,900337510,AVENE COLD CREAM 100ML,1,0.33,0,0,
SubitoFarma,900435518,NICOMPLEX 36CPS,1,0.33,0,2,1
SubitoFarma,900491616,"BENDA ELASTOFIX RETE MANO 2,5M",1,0.33,0,19,6
SubitoFarma,900498460,CHITOSOL LATTE SOL SPF50 125ML,1,0.33,0,4,1
SubitoFarma,900506787,B-VITAL TOTALE ARA 20CPR EFFER,1,0.33,0,32,5
SubitoFarma,900531169,MUTANDA ERNIA C/CUSC 6,1,0.33,0,1,1
SubitoFarma,900532159,CUSCINO ANTIDEC CARROZZINA,1,0.33,0,3,1
SubitoFarma,900538962,MELISSA 17 50ML TM,1,0.33,0,3,6
SubitoFarma,900582495,"BD MICRO INS DEMI0,3ML30G8M",1,0.33,0,21,10
SubitoFarma,900586165,SAUGELLA POLIGYN 50+ 250ML,1,0.33,0,21,6
SubitoFarma,900599895,ESI OLIO MANDORLE DOLCI 500ML,1,0.33,0,17,5
SubitoFarma,900622224,BUSH FUCHSIA GOCCE 15ML,1,0.33,0,1,3
SubitoFarma,900654928,CONVEEN GUA SEC+25MM 30PZ 5225,1,0.33,0,1,1
SubitoFarma,900697970,GARZA 12/8 IDROF 10X10CM 1KG,1,0.33,0,40,1
SubitoFarma,900698440,GARZA 12/8 IDROF 40X40CM 1KG,1,0.33,0,1,1
SubitoFarma,900702782,BETULDEP 20F 10ML,1,0.33,0,65,2
SubitoFarma,900702832,NETTARDEP 20F 10ML,1,0.33,0,15,11
SubitoFarma,900715362,VARISAN ATE 18 AGTRPA BI 3,1,0.33,0,4,1
SubitoFarma,900748462,GEHWOL CREMA FUSSKREM 75ML,1,0.33,0,12,2
SubitoFarma,900750136,P6 NAUSEA CONTROL BRACCIALE BB,1,0.33,179,232,7
SubitoFarma,900754957,ODONTOVAX AT DENTIF AZ TOT75ML,1,0.33,0,10,11
SubitoFarma,900759679,SACCA UR LETTO S/SCAR 90CM 30P,1,0.33,0,10,1
SubitoFarma,900759871,MICOSCHIUMA SOL DET IG INT80ML,1,0.33,0,19,6
SubitoFarma,900761711,REV KERATIN SHAMPOO 250ML,1,0.33,0,5,7
SubitoFarma,900762079,REV DERMOSCHIUMA 125ML,1,0.33,0,3,11
SubitoFarma,900774353,FITTYDENT ANTIBATT PASTA 40G,1,0.33,0,62,3
SubitoFarma,900800069,ARTIGLIO DEL DIAVOLO GEL 100ML,1,0.33,0,21,4
SubitoFarma,900851294,DITRAPSOR SHAMPOO 100ML,1,0.33,0,39,1
SubitoFarma,900883671,COLOPLAST DREN MINI N/STER2240,1,0.33,0,1,1
SubitoFarma,900942436,"ANGELICA ESS 7,4ML CALF",1,0.33,0,1,1
SubitoFarma,900958695,BENUSCLER CR 100ML,1,0.33,0,6,2
SubitoFarma,900975222,VITAMINA B2 RIBOFLAVINA 100,1,0.33,0,1,4
SubitoFarma,900980576,OLIO DI IPERICO 100ML,1,0.33,0,5,1
SubitoFarma,901014884,CATETERE NELATON MASC CH18 30P,1,0.33,0,3,1
SubitoFarma,901078485,FLEBORAL 100 15CPS,1,0.33,0,99,4
SubitoFarma,901098905,EULUX GOCCE OCULARI CAMOM 10ML,1,0.33,0,8,3
SubitoFarma,901165098,BABYVIT MULTIVIT 25ML,1,0.33,0,1,1
SubitoFarma,901168423,LADYGLORIA 18 COL 140 DAINO 4,1,0.33,0,3,1
SubitoFarma,901292096,MALVA 60CPS,1,0.33,0,16,5
SubitoFarma,901296083,PESOFORMA BARR CIOCC CARAM 12P,1,0.33,0,8,6
SubitoFarma,901298341,KERAMINE H A/CAD 12F 6ML,1,0.33,0,13,3
SubitoFarma,901309017,SISTEMA 2S SACCA AP OP MORSE70,1,0.33,0,1,1
SubitoFarma,901310971,DRENASE 60CPR,1,0.33,0,20,6
SubitoFarma,901310995,FITODIET 60CPR,1,0.33,0,44,3
SubitoFarma,901312429,GIBAUD POLS RIGH BEI 6CM 3,1,0.33,0,2,5
SubitoFarma,901312456,GIBAUD POLS RIGH BEI 8CM 3,1,0.33,0,7,5
SubitoFarma,901347613,MYCOGEL GEL DETERGENTE 150ML,1,0.33,0,18,2
SubitoFarma,901374165,TUIA OLIO ESSENZIALE 10ML,1,0.33,0,3,3
SubitoFarma,901456905,BRILLANT PLUS 2V SIL TIE CH16,1,0.33,0,20,1
SubitoFarma,901475311,COVERMARK CONCEALER 6 6G,1,0.33,0,2,1
SubitoFarma,901548723,ACQUA DEPURATA FU 1LT,1,0.33,0,104,6
SubitoFarma,901558320,BRUNEX CREMA 30ML,1,0.33,0,13,2
SubitoFarma,901559649,ARGILLA POLV 1KG,1,0.33,0,6,4
SubitoFarma,901570616,PLAKKONTROL 15 COLLUT SPR 50ML,1,0.33,0,57,8
SubitoFarma,901615120,NOVOFINE AGO G31 6MM 100PZ,1,0.33,0,6,1
SubitoFarma,901674200,VISU Q10 20CPS,1,0.33,0,6,1
SubitoFarma,901684047,NEODETOXERGON 20BUST,1,0.33,0,24,1
SubitoFarma,901704650,UNICO BAGNO NEON BB 10BUST 15G,1,0.33,0,12,2
SubitoFarma,901705448,FORHANS SP DENTIF 2X75ML,1,0.33,0,2,1
SubitoFarma,901708370,RIMUOVIPELO GATTO 50G,1,0.33,0,12,6
SubitoFarma,901730325,GEHWOL BALS GAMBE 125ML,1,0.33,0,8,7
SubitoFarma,901741241,MIGLIOCRES 60CPS,1,0.33,0,4,3
SubitoFarma,901774531,EOS BIOVERDE 500ML,1,0.33,0,45,5
SubitoFarma,902029038,DENTILINE PASTA 2G,1,0.33,0,19,1
SubitoFarma,902044229,SIR PIC 100ML CATETERE S/AGO,1,0.33,0,45,11
SubitoFarma,902048115,MILTON BACINELLA NUOVA 5L,1,0.33,0,1,4
SubitoFarma,902053368,PROJET TUBO ALLUNGABILE 38052,1,0.33,0,0,
SubitoFarma,902060755,ANDROVIR TON 40CPR,1,0.33,0,10,3
SubitoFarma,902068701,EUBOS CREMA NORMALIZZANTE 50ML,1,0.33,0,94,3
SubitoFarma,902068713,"PLAK SPRAY CLOREXIDINA 0,1%",1,0.33,0,47,3
SubitoFarma,902081165,MILCO BEVANDA APROT 500ML,1,0.33,0,167,1
SubitoFarma,902133026,REMEDIUM 02 REDORM 100ML,1,0.33,0,5,4
SubitoFarma,902133127,REMEDIUM 11 REVEN 100ML,1,0.33,0,4,1
SubitoFarma,902178045,EPIGEL OCCHI 10ML,1,0.33,0,16,4
SubitoFarma,902183072,VEA MARSIGLIA SAP NAT 100G,1,0.33,0,68,1
SubitoFarma,902199227,GUAM FANGHI D'ALGA FREDDO 1KG,1,0.33,0,10,7
SubitoFarma,902202148,XEROTIN 100ML,1,0.33,0,44,4
SubitoFarma,902209257,APROTEN GRISSINI 150G,1,0.33,0,4,2
SubitoFarma,902224524,GINOCCHIERA NEOPRENE1022L OPPO,1,0.33,0,1,1
SubitoFarma,902225198,AMIDO FRESH POLVERE ASPERSORIA,1,0.33,0,3,1
SubitoFarma,902229424,MERISTEMO 8 EPA 100ML,1,0.33,0,1,2
SubitoFarma,902229501,MERISTEMO 15 METABOLICO 100ML,1,0.33,0,3,4
SubitoFarma,902229576,MERISTEMO 20 100ML,1,0.33,0,3,8
SubitoFarma,902237128,BIATAIN N/ADES P 10X10 10PZ,1,0.33,0,5,1
SubitoFarma,902244666,CONVEEN SEC+ SACCA500 30CM 8PZ,1,0.33,0,22,1
SubitoFarma,902244692,"CONVEEN SACCA LET 1,5L 90CM 8P",1,0.33,0,12,1
SubitoFarma,902253350,AGO PIC G21 100PZ,1,0.33,1,0,1
SubitoFarma,902279924,GIBAUD CAVIGL CALZINO SOT COT5,1,0.33,0,10,3
SubitoFarma,902298013,MAG 500 60CPR,1,0.33,0,5,4
SubitoFarma,902304361,LIGASANO MEDIC PUR 15X15CM10PZ,1,0.33,0,0,
SubitoFarma,902305440,TRANQUIL TAPPI AURICOLARI 4PZ,1,0.33,0,29,12
SubitoFarma,902332333,EPITALOE GTT OCULARI 10ML,1,0.33,0,27,2
SubitoFarma,902338538,BIOGEL PROT DITA PIC 1PZ,1,0.33,0,0,
SubitoFarma,902338591,BIOGEL PROT DITA M BLIST 1PZ,1,0.33,0,1,1
SubitoFarma,902339237,BIOGEL FASCIA TUBOL PIC BLIS2P,1,0.33,0,1,1
SubitoFarma,902339338,BIOGEL FASCIA TUBOL GR BLIST2P,1,0.33,0,1,2
SubitoFarma,902340177,DICODRAL 60 12BUST,1,0.33,0,37,3
SubitoFarma,902373291,LONGLIFE LECITINA SOIA 60PRL,1,0.33,0,26,3
SubitoFarma,902417625,ELASTOPAD POM 75ML,1,0.33,0,46,4
SubitoFarma,902473317,POMPELMO SEMI ES 60CPR,1,0.33,0,1,1
SubitoFarma,902473329,RODIOLA ESTRATTO SECCO 60CPR,1,0.33,0,3,2
SubitoFarma,902473331,SERENOA ESTRATTO SECCO 60CPR,1,0.33,0,1,1
SubitoFarma,902497142,CLOROFILLA 30CPR MASTICABILI,1,0.33,0,1,5
SubitoFarma,902508744,LIVOMAP 200ML,1,0.33,0,1,1
SubitoFarma,902530563,PILOREX 24CPR,1,0.33,0,115,12
SubitoFarma,902552254,ANONET LIQ 150ML,1,0.33,0,71,4
SubitoFarma,902579123,ECRINAL TOP COAT INDURENTE10ML,1,0.33,0,0,
SubitoFarma,902595519,ALOEPLUS SCIROPPO 100ML GATTI,1,0.33,0,2,1
SubitoFarma,902632417,CERUMINA SILICON 6PZ,1,0.33,0,6,8
SubitoFarma,902652763,TRIOCARBONE PLUS 40CPR,1,0.33,1,334,
SubitoFarma,902660149,GEMMODERIVATO RIBES NERO 50ML,1,0.33,0,9,4
SubitoFarma,902680812,BIODREN M-P 50ML SOL IAL,1,0.33,0,3,1
SubitoFarma,902680952,SPASMOLIT 50ML SOL IAL,1,0.33,0,1,1
SubitoFarma,902689456,NOSTIP SOLUZIONE 200ML,1,0.33,0,196,2
SubitoFarma,902696968,SONNO GOCCE 30ML,1,0.33,0,0,
SubitoFarma,902698152,EPILOBIO PIANTA SOL IAL 50ML,1,0.33,0,3,3
SubitoFarma,902698190,ERISIMO SOMMITA SOL IAL 50ML,1,0.33,0,24,2
SubitoFarma,902699040,PASSIFLORA SOMMITA SOL IAL 50M,1,0.33,0,5,3
SubitoFarma,902711567,BENZOLAIT AB5 EMULGEL 30ML,1,0.33,0,19,1
SubitoFarma,902887140,CLIMASOL LIQUIDO 50ML,1,0.33,0,7,1
SubitoFarma,902890235,EVESTREL GIORNO/NOTTE 60CPR,1,0.33,0,5,11
SubitoFarma,902895832,GSE HERPEX 1 CREMA 15ML,1,0.33,0,5,6
SubitoFarma,902938315,EOS ALOE DERMOGEL 200ML,1,0.33,0,5,7
SubitoFarma,902940891,ORTOPAD GIRLS JUNIOR 20PZ,1,0.33,0,10,2
SubitoFarma,902968217,SCHOLL DEO CONTROL SPR SCARPE,1,0.33,0,67,8
SubitoFarma,903016083,EORED LIQUIDO DERMATOLOGICO,1,0.33,0,0,
SubitoFarma,903022491,ECAMANNAN 36CPS 500MG,1,0.33,0,49,5
SubitoFarma,903024356,LE DODICI ERBE 100TAV,1,0.33,1,81,7
SubitoFarma,903115549,QUIET GOCCE 30ML,1,0.33,0,1,1
SubitoFarma,903144715,SCHOLL GELACTIV SEP/DITA ALLUC,1,0.33,0,79,8
SubitoFarma,903144766,SCHOLL GELACTIV CUSC CALLI 2PZ,1,0.33,0,49,8
SubitoFarma,903180596,CARBONE VEGETALE 25CPR,1,0.33,0,38,5
SubitoFarma,903219931,BRAINIL 30CPR,1,0.33,1,116,7
SubitoFarma,903220491,CIKAFLOGO CREMA GEL GENGIVALE,1,0.33,0,4,1
SubitoFarma,903289041,EPISTAS UNGUENTO NASALE 30G,1,0.33,0,101,2
SubitoFarma,903412435,MIRTILLO PLUS SUCCO CONC 100ML,1,0.33,0,14,
SubitoFarma,903485769,PROB IMMUNAL 20BUST,1,0.33,0,5,5
SubitoFarma,903531818,SAUBER GAMB 140 MICR NE 2,1,0.33,0,1,5
SubitoFarma,903541199,PROTHER 15BUST 20G,1,0.33,0,1,4
SubitoFarma,903546253,DERMANA CP18 CR 50ML,1,0.33,0,9,1
SubitoFarma,903548903,VISIAL GOCCE OCULARI 10ML,1,0.33,0,0,
SubitoFarma,903569287,BLEPHACLEAN GARZE OCULARI 20PZ,1,0.33,0,0,
SubitoFarma,903622088,REUFLOR 20CPR MASTICABILI,1,0.33,0,61,
SubitoFarma,903634044,STANFLEX PLUS 30CPR,1,0.33,0,2,2
SubitoFarma,903676056,NUVIADERME DETERG ACIDO 200ML,1,0.33,0,26,1
SubitoFarma,903768467,VIDERMINA CLX OV 10PZ MD,1,0.33,0,90,10
SubitoFarma,903774444,IDRASTIN GEMME 28PERLE MONOD,1,0.33,0,34,1
SubitoFarma,903779318,ECHIGIN LAVANDA VAG 5FL MONOD,1,0.33,0,2,1
SubitoFarma,903785828,LAXACOL SOL ORALE 200ML,1,0.33,0,13,1
SubitoFarma,903786061,BRUNEX URTO CREMA 30ML,1,0.33,0,58,1
SubitoFarma,903800290,BERGAMOTTO OLIO ESSENZIALE20ML,1,0.33,0,2,1
SubitoFarma,903933149,CLINNIX UOMO VIT E 50CPS,1,0.33,0,14,1
SubitoFarma,903963635,CROMOVIT CREMA PHARCOS 40ML,1,0.33,0,22,9
SubitoFarma,903968105,NUTRAMIGEN 2 LGG POLVERE 400G,1,0.33,0,4,3
SubitoFarma,903969285,MELAFLOR 30CPS,1,0.33,0,27,2
SubitoFarma,903976847,CLINNIX SOLEIL LATTE 250ML,1,0.33,0,5,1
SubitoFarma,903980530,AVENE ACQUA TERMALE SPR 150ML,1,0.33,0,99,
SubitoFarma,903986279,ORTOPAD SIMPATY CER M 50PZ,1,0.33,0,3,1
SubitoFarma,904004936,ZACOL NMX 30CPR,1,0.33,0,6,9
SubitoFarma,904035944,OTODOG 125ML,1,0.33,0,3,7
SubitoFarma,904092956,ORIONE OK PED G115 CUSC DX L,1,0.33,0,0,
SubitoFarma,904094048,ORIONE OK PED 229 CORR ALL S S,1,0.33,0,0,
SubitoFarma,904108368,SHAMPOO DS 200ML BRADERM,1,0.33,0,61,4
SubitoFarma,904108370,VERSIACTIVE DET CORPO BRADERM,1,0.33,0,62,3
SubitoFarma,904186436,CENTELLA COMPLEX FT 20CPR,1,0.33,0,30,1
SubitoFarma,904197011,ENZYSOL 60CPR,1,0.33,0,7,6
SubitoFarma,904212180,CISTILENE 50OPR,1,0.33,0,18,9
SubitoFarma,904232459,IDRASTIN CREMA LINFODREN 500ML,1,0.33,0,6,3
SubitoFarma,904236243,CHETODRAL 10BUST,1,0.33,0,37,1
SubitoFarma,904253818,LENDERM OIL 400ML,1,0.33,0,9,5
SubitoFarma,904296617,WIND AID SCIROPPO 947ML,1,0.33,0,1,2
SubitoFarma,904334834,C20 SYSTEM BOX MASCHERA 5BUST,1,0.33,0,6,1
SubitoFarma,904336447,DUALSAN MONOCOL KKL1 TERAP DX1,1,0.33,0,2,1
SubitoFarma,904336450,DUALSAN MONOCOL KKL1 TERAP DX2,1,0.33,0,2,2
SubitoFarma,904336563,DUALSAN MONOCOL KKL2 TERAP SX1,1,0.33,0,1,1
SubitoFarma,904347097,MERIDOL FILO INTERDENTALE,1,0.33,0,16,9
SubitoFarma,904359989,DILATAN PLUS DIL ANAL 30 1PZ,1,0.33,0,2,3
SubitoFarma,904380983,OTALGAN CERUNEX GOCCE 10ML,1,0.33,0,19,7
SubitoFarma,904417793,GOLAFTIN SPRAY 15ML,1,0.33,0,40,6
SubitoFarma,904420270,CALMI' GOCCE 30ML,1,0.33,0,36,5
SubitoFarma,904421474,IPSO PLUS CREMA TUBO 250ML,1,0.33,0,25,2
SubitoFarma,904422250,REFIX CREMA IDRATANTE CRP 30ML,1,0.33,0,59,1
SubitoFarma,904436110,CONFORM2 PLACCA 55MM R13-40 5P,1,0.33,0,60,1
SubitoFarma,904439371,LIPEROL PLUS OLIO SHAMPOO150ML,1,0.33,0,246,5
SubitoFarma,904441817,REGULOSIO 300ML,1,0.33,0,193,5
SubitoFarma,904452657,OLIO ALIMENTARE LINO SEMI100ML,1,0.33,0,1,1
SubitoFarma,904454651,VIAGAS ENZIMI 30CPR,1,0.33,0,51,6
SubitoFarma,904546037,"ECOCEL PLUS 3,3ML",1,0.33,0,102,8
SubitoFarma,904556711,VITAGYN C CREMA VAG 30G+6APPL,1,0.33,0,32,4
SubitoFarma,904639770,PEDIANASAL SPRAY NASALE 100ML,1,0.33,0,102,1
SubitoFarma,904648058,ESTROMINERAL FIT 40CPR,1,0.33,0,18,11
SubitoFarma,904665534,DER-MYC MOUSSE IDR CUTE MUCOSE,1,0.33,0,98,1
SubitoFarma,904680321,NEUROFAST 30CPR 30G,1,0.33,0,17,1
SubitoFarma,904695044,SEDO CALCIO INALANTE 10F 2ML,1,0.33,0,89,2
SubitoFarma,904705213,EUFORTYN 10FL 15ML,1,0.33,3,266,9
SubitoFarma,904715099,SENSURA SAC CH TR RIT MAXI 30P,1,0.33,0,1,1
SubitoFarma,904734441,DIECI PLUS 20BUST,1,0.33,0,7,7
SubitoFarma,904769332,IDRASTIN GOMMAGE 200ML,1,0.33,0,51,2
SubitoFarma,904794690,DESMODIO 60CPS,1,0.33,0,2,2
SubitoFarma,904917756,SEREVIT 20BUST,1,0.33,0,21,5
SubitoFarma,904934801,IDRASTIN INTIMO 500ML,1,0.33,0,23,1
SubitoFarma,904977980,DEPUR 1000ML,1,0.33,0,14,3
SubitoFarma,904985886,PROLIFE ENZIMI 30CPS,1,0.33,0,194,11
SubitoFarma,904994631,NEUROTONOS 2000 5FL 10ML,1,0.33,0,16,9
SubitoFarma,905028597,PITIREN DET CUTE/CAP 150ML,1,0.33,0,45,2
SubitoFarma,905035453,RHAGADIL SPRAY RAGADI 9ML,1,0.33,0,7,3
SubitoFarma,905041721,VERRUKILL CRIOTERAPICO SPRAY,1,0.33,0,10,4
SubitoFarma,905047849,FLORALBA 12BUST,1,0.33,0,54,2
SubitoFarma,905080230,NIKEDEP PLUS 20BUST,1,0.33,0,61,2
SubitoFarma,905127282,MIURI TANDEM 12BUST+12CPS,1,0.33,0,67,1
SubitoFarma,905163679,OZIDERM POLVERE 75G,1,0.33,0,4,5
SubitoFarma,905164327,PROGERMILA 10 MILIARDI 6FL,1,0.33,0,6,5
SubitoFarma,905171233,TAURETINA 30CPS,1,0.33,0,67,8
SubitoFarma,905171447,ALLEVYN NON ADHESIVE 15X15CM 5,1,0.33,0,12,2
SubitoFarma,905217295,MONOSELECT AGNUS 30CPR,1,0.33,0,11,6
SubitoFarma,905222093,TIOCRONAL 600HR 20CPR,1,0.33,0,45,1
SubitoFarma,905278420,SONDA FOLEY CH16 2VIE SIL 1PZ,1,0.33,4,0,1
SubitoFarma,905294637,DIOSMINA 60CPR,1,0.33,1,7,
SubitoFarma,905316511,AMINOACIDI RAMIFICATI 100CPR,1,0.33,0,1,1
SubitoFarma,905345334,DIFESAN 7CPR VAGINALI,1,0.33,0,8,2
SubitoFarma,905351387,EUMILL PROTECTION GTT OCUL10FL,1,0.33,38,68,9
SubitoFarma,905352732,ALLEVYN SACRUM 17X17CM 10PZ,1,0.33,0,2,9
SubitoFarma,905353823,"PLAKKONTROL MINIGRIP SCOV0,6MM",1,0.33,0,8,9
SubitoFarma,905374714,PHYSIOGEL AI LOZIONE CORPO LEN,1,0.33,0,9,1
SubitoFarma,905387142,VIVIFLOR PLUS POLV 250G,1,0.33,0,3,1
SubitoFarma,905428126,LITHOSOLV GRANULARE 153G,1,0.33,0,8,2
SubitoFarma,905430411,PARAVIR FLU 12CPR FILMATE,1,0.33,0,2,5
SubitoFarma,905435273,DECORTIL C CR VASETTO 250ML,1,0.33,0,15,2
SubitoFarma,905508723,GIBAUD ORTHO REGGIBRACCIO NE 2,1,0.33,0,3,2
SubitoFarma,905517114,PLAKKONTROL BRUSH&CLEAN 40PZ,1,0.33,0,2,2
SubitoFarma,905562346,CLINNER LAVANDA VAG 4FL 140ML,1,0.33,0,0,
SubitoFarma,905562435,PROVITA INTIMO DETERGENTE,1,0.33,0,17,1
SubitoFarma,905677934,DESTROFIT 80 20CPS,1,0.33,0,0,
SubitoFarma,905710721,BIMBONEB AEROSOL BI 400150,1,0.33,0,2,6
SubitoFarma,905734923,CUTAMIR CREMA PROT P SENSIBILI,1,0.33,0,5,1
SubitoFarma,905818631,MIELE DI ACACIA BIO 500G,1,0.33,0,10,1
SubitoFarma,905869119,MONOSELECT MACROCARPON 30CPR,1,0.33,0,10,7
SubitoFarma,905890380,DIMALOSIO COMPLEX 20BUST,1,0.33,0,27,2
SubitoFarma,905897652,MEDILEN IPER CREMA 50ML,1,0.33,0,12,1
SubitoFarma,905916680,FOLACOR PLUS 30CPS,1,0.33,0,1,1
SubitoFarma,905950287,LONGLIFE OLIO RIBES NE 60PRL,1,0.33,0,26,5
SubitoFarma,905954362,GIBAUD ORTHO BRACC ELBOWGIB 3,1,0.33,0,0,
SubitoFarma,905965024,DERMOLUX CR CICATRIZZANTE 30ML,1,0.33,0,2,5
SubitoFarma,905987614,FITOESTRIL 30CPR,1,0.33,0,15,6
SubitoFarma,905989327,TINNIT 30CPS,1,0.33,0,21,5
SubitoFarma,906002098,V VEIN 60TAV,1,0.33,0,3,3
SubitoFarma,906019791,GIBAUD ORTHO BRACC TENN ELBOW,1,0.33,0,13,6
SubitoFarma,906068580,PERILLA ESTRATTO SECCO 60CPR,1,0.33,0,6,1
SubitoFarma,906093442,HAPPETY PIU 50 7FL 50MG,1,0.33,0,2,1
SubitoFarma,906117015,ANSIODEP 30CPS,1,0.33,1,510,5
SubitoFarma,906141825,VISULID CR PALPEBRALE 15ML,1,0.33,0,24,1
SubitoFarma,906154810,EUPHIDRA AMIDO HOFMANN 300G,1,0.33,0,113,9
SubitoFarma,906170891,MAGNESIO+ 200ML,1,0.33,0,9,1
SubitoFarma,906171741,DEPUR H 60CPS,1,0.33,0,2,1
SubitoFarma,906482753,GYNECOLASE DET INT 500ML,1,0.33,0,173,1
SubitoFarma,906482839,ALOPEX OLIO SHAMPOO 250ML,1,0.33,0,35,1
SubitoFarma,906553399,SYKON SCIROPPO 225ML,1,0.33,0,394,5
SubitoFarma,906555230,DRAINOMAP 60CPR,1,0.33,0,2,2
SubitoFarma,906555418,RANJAMAP 60CPR,1,0.33,0,1,1
SubitoFarma,906566094,AROMAP OLIO 10ML,1,0.33,0,1,9
SubitoFarma,906607825,THE VE S/MENTA 20BUST 2G,1,0.33,0,15,3
SubitoFarma,906622129,BIOPHYT PSOR AST 50ML SOL IAL,1,0.33,0,1,1
SubitoFarma,906629821,RAPHANUS DELTA SOL IAL 50ML,1,0.33,0,1,4
SubitoFarma,906630165,QUASSIA DELTA SOL IAL 50ML,1,0.33,0,6,3
SubitoFarma,906661234,SPEEDICATH A/LUB RAG CH12 30PZ,1,0.33,0,2,1
SubitoFarma,906791633,ELASTOVEN CREMA ELASTIC CAPILL,1,0.33,0,11,5
SubitoFarma,906802210,JALMA COLLUTORIO 250ML,1,0.33,0,43,5
SubitoFarma,906810775,RUSCH 850414/1 RACC 2LT STER1P,1,0.33,0,1,10
SubitoFarma,906831680,CARDEPAT ECOSOL GOCCE 50ML,1,0.33,0,16,1
SubitoFarma,906835917,STASIVEN 30CPR,1,0.33,0,7,2
SubitoFarma,906935162,MALVA TISANA 20BUST,1,0.33,0,112,2
SubitoFarma,906985270,ATTIVO TABS 60CPR,1,0.33,0,2,5
SubitoFarma,906985282,CALCIO AD3 PLUS 40CPR APPETIB,1,0.33,0,26,6
SubitoFarma,906989138,FOLINGRAV 60CPR,1,0.33,0,49,1
SubitoFarma,907001642,BIOKCIT FORTE 30BUST,1,0.33,0,35,2
SubitoFarma,907027938,MOM PRE CLEAN 150ML,1,0.33,0,3,1
SubitoFarma,907042485,SYS LUPPOLO GOCCE 50ML,1,0.33,0,2,1
SubitoFarma,907042547,SYS MIRRA GOCCE 50ML,1,0.33,0,1,1
SubitoFarma,907042826,SYS SPACCAPIETRA GOCCE 50ML,1,0.33,0,4,1
SubitoFarma,907052120,AKNICARE TREATMENT LOTION 25ML,1,0.33,0,3,4
SubitoFarma,907058337,RACHIALGIN 50ML SOL IAL,1,0.33,0,0,
SubitoFarma,907058477,BASENPULVER POLV 100G PASCOE,1,0.33,0,6,5
SubitoFarma,907059240,RILASTIL CORPO TRAT SPEC RASSO,1,0.33,120,10,1
SubitoFarma,907082806,NIVEA VISAGE CLEARUP STR ZONAT,1,0.33,0,11,10
SubitoFarma,907084988,IT-IS 80CPR,1,0.33,0,0,
SubitoFarma,907116659,KPHOS 30BUST,1,0.33,0,19,5
SubitoFarma,907136737,RIBES PET PASTA 30G,1,0.33,0,6,1
SubitoFarma,907142943,ESTROMINERAL 20CPR,1,0.33,6,6,1
SubitoFarma,907152882,VASODREN 30CPR FILMATE,1,0.33,0,92,4
SubitoFarma,907156956,BIOGEL TALLONIERA CALZ GEL S,1,0.33,0,0,
SubitoFarma,907159622,QUOTIDIANA ANTIOD STICK 35ML,1,0.33,0,1,5
SubitoFarma,907173823,DELIFAB OLEATO OLIO DETERGENTE,1,0.33,0,2,2
SubitoFarma,907173862,SYS AGNOCASTO GOCCE 50ML,1,0.33,0,1,1
SubitoFarma,907174039,SYS CORIANDOLO GOCCE 50ML,1,0.33,0,5,1
SubitoFarma,907174130,SYS EPILOBIO GOCCE 50ML,1,0.33,0,4,2
SubitoFarma,907174508,SYS RAFANO NERO GOCCE 50ML,1,0.33,0,3,1
SubitoFarma,907181820,LAXODEP 150ML,1,0.33,0,42,5
SubitoFarma,907196392,PAPPA REALE FRESCA 30G,1,0.33,0,27,2
SubitoFarma,907234811,BIODREN S 50ML SOL IAL,1,0.33,0,5,1
SubitoFarma,907252377,RELAXSOL LIQUIDO 100ML,1,0.33,0,4,3
SubitoFarma,907270348,LIGASANO MEDIC 300X10CM 6PZ,1,0.33,0,7,1
SubitoFarma,907286292,PRIMOLATTE CUCCIOLO 250G,1,0.33,0,11,6
SubitoFarma,907287787,EMERALD LIQUIDO 10ML,1,0.33,0,1,1
SubitoFarma,907290528,CARBONATO MAGNESIO 110G STV,1,0.33,0,1,8
SubitoFarma,907297497,MAN SUPPORT 15 GAMB 15 BLU 3,1,0.33,0,1,1
SubitoFarma,907374488,SANOR LIVERON 100TAV 400MG,1,0.33,0,2,1
SubitoFarma,908012659,CARMELITANI SCALZI AC MEL 50ML,1,0.33,0,5,1
SubitoFarma,908019514,MESOFLEX FORTE 30TAV,1,0.33,0,1,8
SubitoFarma,908020252,MESOFLEX JUNIOR 60TAV,1,0.33,0,6,1
SubitoFarma,908031139,OLIO VASEL.LIQ 200M          @,1,0.33,0,32,2
SubitoFarma,908160056,BOTOT CREMA DENTIFRICIA 75ML,1,0.33,0,11,2
SubitoFarma,908166426,SELAN DET LIQ 200ML,1,0.33,0,0,
SubitoFarma,908169333,ELEUTEROCOCCO 20STICK 10ML,1,0.33,0,1,2
SubitoFarma,908220243,GIBAUD CINT NORM 32CM K,1,0.33,0,1,5
SubitoFarma,908220306,GIBAUD CINT LEG 24CM BE,1,0.33,0,1,1
SubitoFarma,908220573,GIBAUD CINT ULTRACONTENIT A/4,1,0.33,0,1,1
SubitoFarma,908220609,GIBAUD CINT ULTRACONTENIT A/7,1,0.33,0,2,2
SubitoFarma,908224431,LONGLIFE MAGNESIUM375 OR100TAV,1,0.33,1,95,
SubitoFarma,908232539,DUODERM CGF 15X15 5PZ 9186,1,0.33,0,16,9
SubitoFarma,908232628,"DUODERM EX S 5MEDIC 7,5X7,5",1,0.33,0,21,1
SubitoFarma,908233152,DERMOCLIN FISIOLOGICA 500ML,1,0.33,0,28,3
SubitoFarma,908243708,CONVEEN GUA STR 25MM 30PZ 5125,1,0.33,0,4,1
SubitoFarma,908306867,DIALBRODO CLASSICO 1KG,1,0.33,0,19,4
SubitoFarma,908340680,PREAFTIR OLIO SHAMPOO 150ML,1,0.33,2,25,2
SubitoFarma,908442383,GEHWOL CEROTTO PROTETTIVO 4PZ,1,0.33,0,0,
SubitoFarma,908478074,GIBAUD POLS RIGH BEI 6CM 2,1,0.33,0,18,6
SubitoFarma,908480852,GIBAUD GINOCCH TUBOL 3,1,0.33,0,5,3
SubitoFarma,908480953,GIBAUD BRACCIALE CAMEL,1,0.33,0,1,1
SubitoFarma,908484367,VITI*GLICERINA FU 1250G,1,0.33,0,4,1
SubitoFarma,908486006,GL1 M&D SALBE CREMA 250ML,1,0.33,0,11,10
SubitoFarma,908486158,GL1 M&D SALBE CREMA 500ML,1,0.33,0,13,7
SubitoFarma,908530506,EUBOS OLIO BAGNO 200ML,1,0.33,0,5,4
SubitoFarma,908530532,EUBOS DETERGENTE LIQUIDO 200ML,1,0.33,0,8,5
SubitoFarma,908530544,EUBOS DETERGENTE SOLIDO 125G,1,0.33,0,14,9
SubitoFarma,908546652,UNGHAISIL INDURENTE UNGHIE,1,0.33,0,26,7
SubitoFarma,908575855,KETOSTIX CHETONURIA 50STR,1,0.33,0,96,11
SubitoFarma,908585298,M-AID ELASTINA OMBELICALE,1,0.33,0,4,7
SubitoFarma,908620812,GEHWOL POLVERE PIEDI 100G,1,0.33,0,19,3
SubitoFarma,908629835,AVOCAD FORBICI PEDICURE,1,0.33,0,2,2
SubitoFarma,908629847,AVOCAD TRONCHESE PROFES UN P,1,0.33,0,0,
SubitoFarma,908650308,LIPOMAN CREMA MANI 40ML,1,0.33,0,28,1
SubitoFarma,908697624,FILODERM POLVERE 75G,1,0.33,0,89,8
SubitoFarma,908755097,EUPHIDRA CF&RS SH COLOR42 BRUN,1,0.33,0,6,3
SubitoFarma,908756152,OLIO VASELINA 200G. MV,1,0.33,0,196,9
SubitoFarma,908775935,LIPASIT MASCHERA P GRAS 50ML,1,0.33,0,7,1
SubitoFarma,908780404,TRICODIN SH HF DELICATO 125ML,1,0.33,0,36,1
SubitoFarma,908830781,PIASTRA PROT STOMIA 10X10 10PZ,1,0.33,0,1,1
SubitoFarma,908858234,PONTEFIX SET FISSAGGIO PONTI,1,0.33,0,104,6
SubitoFarma,908919196,LONGLIFE FOLIC 400MCG 100CPR,1,0.33,0,21,1
SubitoFarma,908919246,LONGLIFE NIACIN 100MG 100CPR,1,0.33,0,9,1
SubitoFarma,908929084,P6 NAUSEA CONTROL BRACCIALE AD,1,0.33,0,104,8
SubitoFarma,908956271,LENZUOLO GOMMA 90X120CM 14120,1,0.33,0,3,5
SubitoFarma,908960457,"SAUGELLA SOLIDO PH3,5 100G",1,0.33,0,8,12
SubitoFarma,908961422,SAUGELLA ATTIVA 250ML,1,0.33,0,32,12
SubitoFarma,908972223,SODIO BICARB POLV 250G,1,0.33,0,1,3
SubitoFarma,908990195,ALCOOL ETILICO DENATURATO 1L,1,0.33,0,24,2
SubitoFarma,909005100,ESI OLIO MANDORLE DOLCI 100ML,1,0.33,0,20,4
SubitoFarma,909040053,OLIO DI VASELINA FARMACOPEA UFFICIALE 1000 ML,1,0.33,1,113,6
SubitoFarma,909065664,M-AID ROLLFLEX CEROTTO 10X15,1,0.33,0,2,5
SubitoFarma,909113122,M-AID ROLLFLEX CER 2X10 1PZ,1,0.33,0,4,5
SubitoFarma,909122549,HERBATINT 4N CAST 150ML,1,0.33,0,0,
SubitoFarma,909124529,HERBATINT 10N PLATIN 150ML,1,0.33,0,0,
SubitoFarma,909126791,VMP CANI 50CPR,1,0.33,0,3,12
SubitoFarma,909137414,RILASTIL INTEN CR NTT 50ML,1,0.33,0,6,9
SubitoFarma,909164461,SCHOLL CER CALLIF CALLI DU 8PZ,1,0.33,1,70,11
SubitoFarma,909191785,TRICODIN BALS 100ML,1,0.33,0,14,2
SubitoFarma,909210128,ALLUME DI ROCCA CUB SAFETY 08300,1,0.33,0,108,5
SubitoFarma,909214191,TRICODIN SH CAP SEC 125ML,1,0.33,0,7,2
SubitoFarma,909248181,MEDS COT IDROF ORO EX 1000G,1,0.33,0,70,1
SubitoFarma,909271025,VITAMINICO LIQUIDO 20ML,1,0.33,0,1,10
SubitoFarma,909366965,ARKOCPS TARASSACO BIO 45CPS,1,0.33,0,9,9
SubitoFarma,909390104,SEBAMED DET LIQ 1000ML,1,0.33,0,76,5
SubitoFarma,909436444,ORALB DENTI E GENGIVE COLLUT,1,0.33,0,46,8
SubitoFarma,909467781,SEPIA 50TAV HEEL,1,0.33,0,0,
SubitoFarma,909467944,ZEEL T POM 50G HEEL,1,0.33,0,9,5
SubitoFarma,909468112,AESCULUS COMP 30ML GTT HEEL,1,0.33,0,2,1
SubitoFarma,909468199,BERBERIS HOMAC 30ML GTT HEEL,1,0.33,0,31,1
SubitoFarma,909475168,PARA G 60CPR,1,0.33,0,1,6
SubitoFarma,909483327,8+2 CANOVA CREMA DEPIGMENTANTE,1,0.33,0,4,9
SubitoFarma,909492528,GIBAUD ORTHO COLL CERV MORB M1,1,0.33,0,4,2
SubitoFarma,909547263,SEEALGEN TAVOLETTE 225G,1,0.33,0,1,1
SubitoFarma,909735399,EULINE ZINC SHAMPOO 200ML,1,0.33,0,3,1
SubitoFarma,909813204,DENTIFRICIO OMEOBITAL 75ML,1,0.33,0,6,9
SubitoFarma,909890713,VEBII*OL VASELINA 1000ML     @,1,0.33,0,18,1
SubitoFarma,909897542,BENDA PIC SELFFIX CM10X20M F,1,0.33,0,131,9
SubitoFarma,909906202,NEO CRILOIDIN BAGNO DETERGENTE,1,0.33,0,7,2
SubitoFarma,909917775,AG LATTE DET DEL RISCIAC 150ML,1,0.33,0,117,3
SubitoFarma,909923928,CONTENITORE UR 24H 50089,1,0.33,0,99,11
SubitoFarma,909927663,GUAM FANGHI D'ALGA 500G,1,0.33,0,5,11
SubitoFarma,909927675,GUAM FANGHI D'ALGA 1KG,1,0.33,0,6,6
SubitoFarma,909971398,RINOPANTEINA UNGUENTO 10G,1,0.33,0,60,4
SubitoFarma,909977643,SIST 2S PLUS 5PLAC 100MM 9406,1,0.33,0,1,1
SubitoFarma,910660493,ERGITIN 10FL 10ML,1,0.33,0,17,1
SubitoFarma,910852755,ENERTONIC 10FL,1,0.33,0,4,4
SubitoFarma,910860865,MONODERMA E5 GEL 30VEGICAPS,1,0.33,0,54,4
SubitoFarma,910878293,ALOEPLUS PASTA ORALE CLASS GAT,1,0.33,0,1,2
SubitoFarma,911002766,ZIMAK 14BUST ARANCIO,1,0.33,0,1,2
SubitoFarma,911033278,MEPILEX MEDIC AS 10X10CM 5PZ,1,0.33,2,0,11
SubitoFarma,911040071,ARKOMAG MAGNESIO24 GG&NTT60CPS,1,0.33,0,8,4
SubitoFarma,911464939,CER ROC SOFT FIX 5X500CM F,1,0.33,0,112,3
SubitoFarma,911464978,"CER ROC CLAS FIX SKIN 1,25X500",1,0.33,0,8,5
SubitoFarma,911974448,CITOGENEX 30CPS,1,0.33,0,46,11
SubitoFarma,912032137,APROTEN MERENDA ALB S/ZUCC180G,1,0.33,0,34,2
SubitoFarma,912251143,VETRAMIL UNGUENTO 30G,1,0.33,0,1,1
SubitoFarma,912255748,OTODINE DET LIQ 50ML,1,0.33,0,97,4
SubitoFarma,912274735,RILASTIL AQUA DET VISO 200ML,1,0.33,0,163,5
SubitoFarma,912275880,"TG1 OCCHI 10MONODOSE 0,5ML",1,0.33,0,26,1
SubitoFarma,912321407,PHYSIO ACQUA MICELL P SEN200ML,1,0.33,0,2,9
SubitoFarma,912323627,REVAMIL GEL 18G,1,0.33,0,9,1
SubitoFarma,912359256,SCREEN TEST MENOPAUSA 2PZ,1,0.33,0,1,1
SubitoFarma,912463813,DIGERLAT 60CPS,1,0.33,0,0,
SubitoFarma,912513571,LOPROFIN LOOPS CEREALI 375G,1,0.33,0,23,3
SubitoFarma,912517923,DEODORANTE PELLE SENS ROLL-ON,1,0.33,0,34,11
SubitoFarma,912532633,DEFENCE BODY ANTICELL 400ML,1,0.33,0,10,9
SubitoFarma,912650239,TRIDERM SAP MARSIGLIA PAN 100G,1,0.33,0,28,3
SubitoFarma,912650342,TRIDERM LENIL+ 50ML,1,0.33,0,24,5
SubitoFarma,912800291,CH CAPPELLINO PARACOLPI,1,0.33,0,3,1
SubitoFarma,912907870,BRONVIS LIQUIDO ANALCO 200ML,1,0.33,0,3,1
SubitoFarma,913020412,APROTEN FETTE TOSTATE MONOPORZ,1,0.33,0,25,7
SubitoFarma,913047940,BIAGLUT FETTE TOST CLASS10X24G,1,0.33,0,18,3
SubitoFarma,913174126,FUCOXANTINA 60CPR,1,0.33,0,1,1
SubitoFarma,913228084,CLEARBLUE RILEVAZIONE RAPIDA2P,1,0.33,0,7,5
SubitoFarma,913228096,CLEARBLUE INDICATORE SETT 1PZ,1,0.33,19,1442,5
SubitoFarma,913230355,NEUROFORTE 30CPR,1,0.33,0,2,1
SubitoFarma,913254658,TEGADERM CER+PAD 9X15CM 5PZ,1,0.33,0,0,
SubitoFarma,913373940,REVAMIL BALM 15G,1,0.33,0,8,1
SubitoFarma,913449361,MODERMA FLEX URO C/AD TR 10PZ,1,0.33,0,3,1
SubitoFarma,913453181,TOLERIANE SILICIUM ROUGE COQUE,1,0.33,0,2,3
SubitoFarma,913500563,DUREX CILIEGIA GEL LUBRIFICANT,1,0.33,0,41,8
SubitoFarma,913516290,FITOBLASTO VACCINIUM VIT 50ML,1,0.33,0,2,1
SubitoFarma,913665927,COREVIN OLOSVITA 50ML,1,0.33,0,5,1
SubitoFarma,913746638,SERENOA REPENS 45VEGICPS,1,0.33,0,22,8
SubitoFarma,913767366,ROGENOL LOZIONE URTO 100ML,1,0.33,0,5,1
SubitoFarma,913769511,FREESTYLE 50 LANCETTE G28,1,0.33,15,50,1
SubitoFarma,913819660,ENTEROMICRO 32CPR 70G,1,0.33,0,79,5
SubitoFarma,913819936,HYPERMIX LES ESTER 100ML,1,0.33,0,1,2
SubitoFarma,913838862,CARDIOQTEN 20CPR,1,0.33,0,10,2
SubitoFarma,913861908,VETRAMIL UNGUENTO 180G,1,0.33,0,1,1
SubitoFarma,913934030,PABAVIT CM CR ANTIVITILIGINE,1,0.33,0,0,
SubitoFarma,915812248,EPITACT ORTESI CORR AL VALGO M,1,0.33,0,18,2
SubitoFarma,915814610,RINOREX FC SOL SALINA 30F 5ML,1,0.33,0,7,2
SubitoFarma,918508856,SPEEDICATH FLEX POCKET CH12 U,1,0.33,0,6,1
SubitoFarma,920045085,MOONCUP COPP MESTR A GR +30ANN,1,0.33,1,18,6
SubitoFarma,920045414,CER LEUKOSAN STRIP 6X38MM 2BX6,1,0.33,0,20,12
SubitoFarma,920187655,PHYSIO DEO ROLL-ON 50ML,1,0.33,0,41,8
SubitoFarma,920375983,DUOCAL SUPERSOLUBLE SHS 400G,1,0.33,0,1,2
SubitoFarma,920411826,CLOREXYDERM OTO LIQ 50ML,1,0.33,0,151,6
SubitoFarma,920586979,PROTECTION SPOTON CANE0-10 5X3,1,0.33,0,1,6
SubitoFarma,920601352,APAXIL ANTITRA ASCELLE GIORNO,1,0.33,0,2,8
SubitoFarma,920890908,MACROCEA SCIROPPO 300ML,1,0.33,0,14,2
SubitoFarma,920966241,NUTILIS POWDER ADDENSANTE 300G,1,0.33,0,608,5
SubitoFarma,921030742,AMINOGLUTAM 30BUST,1,0.33,1,171,7
SubitoFarma,921131746,COENZIMA Q10 FORTE 30CPS,1,0.33,0,71,2
SubitoFarma,921131898,SENSIBIO H2O SOL MICELL 500ML,1,0.33,0,207,5
SubitoFarma,921144426,CERAMOL SHAMPOO DOCCIA 200ML,1,0.33,0,48,4
SubitoFarma,921177642,ERMIDRA' SHAMPOO 250ML,1,0.33,0,24,1
SubitoFarma,921177655,ERMIDRA' SPRAY 300ML,1,0.33,0,12,2
SubitoFarma,921189282,HOLLI SACCA LETTO STD130CM30PZ,1,0.33,2,8,2
SubitoFarma,921189344,HOLLI SACCA L RUB A/REF130CM30,1,0.33,0,0,
SubitoFarma,921192365,PROTINUT 500G,1,0.33,0,6,1
SubitoFarma,921200883,REV KERATIN 30BUST,1,0.33,0,11,2
SubitoFarma,921200919,REV EFFACE KIT 30ML+5FL,1,0.33,0,9,3
SubitoFarma,921222612,REV IDRAX BOTU' 50ML,1,0.33,0,5,7
SubitoFarma,921307258,BLUSPRAY 200ML,1,0.33,0,1,4
SubitoFarma,921319582,SYSTANE BALANCE GOCCE OCUL10ML,1,0.33,0,72,9
SubitoFarma,921395556,CER SUTURA CEROXMED 3X75MM,1,0.33,3,7,1
SubitoFarma,921471708,TRIDERM INTIMATE DET LENITIVO,1,0.33,0,46,6
SubitoFarma,921508596,OMOCIS 30CPR,1,0.33,0,4,5
SubitoFarma,921532848,FIL RIKREA GOCCE 50ML,1,0.33,0,33,1
SubitoFarma,921581916,STRESVIS 80PAST,1,0.33,0,1,1
SubitoFarma,921788422,NUTRIVA GLICEVAL 30CPR,1,0.33,0,7,6
SubitoFarma,921826350,FT 500 PLUS 20BUST,1,0.33,0,3,1
SubitoFarma,921899338,COLIFAGINA PRO 10FL TAPPO SERB,1,0.33,0,25,1
SubitoFarma,922265347,VITAMINA E PURA 60PAST,1,0.33,0,16,6
SubitoFarma,922279904,LEPTIN KOS 60CPR,1,0.33,0,1,1
SubitoFarma,922301940,IDRACHER CREMA VISO 50ML,1,0.33,0,0,
SubitoFarma,922321815,ATODERM GEL DOUCHE 1L,1,0.33,0,5,11
SubitoFarma,922331855,EMOFORM DENT CREMA ADESIVA 45G,1,0.33,0,62,11
SubitoFarma,922332426,CERAMOL FLUIDO LENITIVO 100ML,1,0.33,0,2,6
SubitoFarma,922341514,DIGESVIN 60CPR,1,0.33,0,3,1
SubitoFarma,922352935,PROSTVIN 60CPR,1,0.33,0,3,1
SubitoFarma,922357621,SAPORI DI NAT OMOG MELA 100GX4,1,0.33,0,0,
SubitoFarma,922378385,NOXER EMULSIONE CORPO 300ML,1,0.33,0,24,4
SubitoFarma,922378726,DURAFIBER MEDIC 2X45CM 5PZ,1,0.33,0,2,
SubitoFarma,922397892,SCHOLL CR RIGEN P SEC PIEDI,1,0.33,0,0,
SubitoFarma,922399631,REV IDRAX EPI 50ML,1,0.33,0,26,6
SubitoFarma,922699665,ALLERGVIN 60CPR,1,0.33,0,3,1
SubitoFarma,922702903,NORAD NAIR 60CPR,1,0.33,0,7,5
SubitoFarma,922740345,ANSELAX 14BUST,1,0.33,0,41,5
SubitoFarma,922764283,RETOPIX SPRAY CANE/GATTO 100ML,1,0.33,0,27,6
SubitoFarma,922852494,OLIO DI IPERICO 100ML,1,0.33,0,7,1
SubitoFarma,922852518,OLIO DI RICINO 100ML,1,0.33,0,22,3
SubitoFarma,922864133,ALOEZINC 20 MOUSSE CANOVA,1,0.33,0,5,10
SubitoFarma,922867888,ERBALAX SLIM 12BUST STICK PACK,1,0.33,0,10,3
SubitoFarma,922888286,NUTRIVA NUTRIGENOL 30CPR,1,0.33,0,1,6
SubitoFarma,922903277,"CLIADENT COLLUT 0,10% 200ML",1,0.33,0,10,6
SubitoFarma,922918824,BICARBONATO SODIOZERO 167PAST,1,0.33,0,4,1
SubitoFarma,922918848,BICARBONATO SODIOZERO 500PAST,1,0.33,0,1,1
SubitoFarma,922925779,ALFAMAG 50CPS,1,0.33,0,1,2
SubitoFarma,922925894,ESI ALOE FRESH COLLUTORIO500ML,1,0.33,0,4,3
SubitoFarma,922960986,BIONIKE SHINE ON COL CAP CAST4,1,0.33,0,12,
SubitoFarma,922986827,Q10 GOLD 30CPS,1,0.33,0,5,3
SubitoFarma,923003697,URIAGE DS HAIR LOZIONE SPRAY,1,0.33,0,29,7
SubitoFarma,923135356,REDONYL ULTRA 150MG 60CPS,1,0.33,0,7,
SubitoFarma,923141600,ABILAST BIOGEL DET INTIMO200ML,1,0.33,0,8,1
SubitoFarma,923290009,ESI STEVIA MIDY 400CPR,1,0.33,0,19,6
SubitoFarma,923360200,HYDRALEN LATTE DETERGENTE,1,0.33,0,25,3
SubitoFarma,923376836,SOUVENAID VAN CLUSTER 4X125ML,1,0.33,0,15,4
SubitoFarma,923438485,BIOGENA DERMOLIQUIDO PH5 500ML,1,0.33,0,135,1
SubitoFarma,923443358,URINAT 30CPS,1,0.33,0,8,1
SubitoFarma,923500298,TIMONORM 20CPR,1,0.33,0,24,2
SubitoFarma,923500312,OSTEOKLIP 30CPR,1,0.33,0,22,2
SubitoFarma,923502140,DEODORANTE STRESS RESIST ROLL,1,0.33,0,19,9
SubitoFarma,923507141,XERATOP LIPOCREMA 50ML,1,0.33,0,8,5
SubitoFarma,923507178,DOAGYN DET INTIMO 250ML,1,0.33,0,11,1
SubitoFarma,923509246,ENDOCARE TENSAGE AMPOLLE 10FX2,1,0.33,0,10,6
SubitoFarma,923509614,CARIEX SPRAY DENTALE 50ML,1,0.33,0,1,1
SubitoFarma,923564684,PRONTOSAN WOUND GEL X 50G,1,0.33,1,23,8
SubitoFarma,923564759,CYSTOMAN PROTECTION 20CPS,1,0.33,0,7,10
SubitoFarma,923564886,REISHI ESTRATTO SECCO 60CPS,1,0.33,0,29,1
SubitoFarma,923587428,LOXICOR 30CPR,1,0.33,0,1,1
SubitoFarma,923588483,ALLEVYN ADHESIVE 10CMX10CM 10P,1,0.33,0,129,1
SubitoFarma,923590158,AQUACEL FOAM ADH 8X8CM 10PZ,1,0.33,0,4,2
SubitoFarma,923743292,TONAC PLUS 20BUST,1,0.33,0,2,1
SubitoFarma,923743304,GFM SOLUZIONE TOPICA CAPELLI,1,0.33,0,21,9
SubitoFarma,923744256,IMMUNOTHER 30 BUSTE,1,0.33,0,12,1
SubitoFarma,923745590,BIATAIN SIL LITE ADES 10X10CM,1,0.33,0,8,4
SubitoFarma,923757722,CREMA RASSODANTE FLORE' 200ML,1,0.33,0,11,1
SubitoFarma,923815649,LICOSER PLUS 30CPR,1,0.33,0,5,4
SubitoFarma,924055128,PERVENE CREMA 100ML,1,0.33,0,51,3
SubitoFarma,924055320,"RENILON 7,5 CARAMELLO 4X125ML",1,0.33,0,18,1
SubitoFarma,924055914,SALE ROSA HIMALAYA GROSSO 1KG,1,0.33,0,1,2
SubitoFarma,924110000,CAFFE' VERDE ES 60CPR,1,0.33,0,4,1
SubitoFarma,924120710,APAXIL SALVIETTE ANTITRA10BUST,1,0.33,0,1,2
SubitoFarma,924181112,REGOBASIC POLVERE 250G,1,0.33,0,18,
SubitoFarma,924253141,TROSYD DETERGENTE 150ML,1,0.33,0,45,6
SubitoFarma,924269830,FISSAN ESSENTIALS SHAMPOO BAGN,1,0.33,0,6,6
SubitoFarma,924273648,RIBES NE ANALCO GEMMO10+ 500ML,1,0.33,0,2,3
SubitoFarma,924275023,EPATO 1500 PLUS CANE 16CPR,1,0.33,0,67,3
SubitoFarma,924279464,RHEISHI MONOPLANTA 60CPS,1,0.33,0,3,3
SubitoFarma,924287081,PROTOCOL PLUS 21FL 25ML,1,0.33,0,17,7
SubitoFarma,924289453,EUCERIN HYAL FILL VOL OCCHI,1,0.33,0,0,
SubitoFarma,924289465,EUCERIN HYAL FILL VOL NTT 50ML,1,0.33,0,7,5
SubitoFarma,924291495,ERITROSE 30CPR 500MG,1,0.33,0,4,1
SubitoFarma,924298021,MIRTILLO RO LIQ ANALCO GEMM10+,1,0.33,0,1,1
SubitoFarma,924303415,MAQUI ESTRATTO SECCO 60CPR,1,0.33,0,1,1
SubitoFarma,924317276,INTRAVIT 30CPR,1,0.33,0,48,6
SubitoFarma,924520253,SALINOV 30BUST,1,0.33,0,3,1
SubitoFarma,924526104,LENIVA GARZE OFTALMICHE 20PZ,1,0.33,0,122,5
SubitoFarma,924531116,DEODORANTE BELLEZZA ROLL-ON,1,0.33,0,14,5
SubitoFarma,924549316,FITTYDENT PLUS 40G OFS,1,0.33,0,0,
SubitoFarma,924549342,FITTYDENT CUSCIN MORB 30PZ OFS,1,0.33,0,73,3
SubitoFarma,924600745,NUTRIBOUND GATTO 3X150ML,1,0.33,0,9,5
SubitoFarma,924721323,F5 BIOFER 30CPS,1,0.33,0,3,2
SubitoFarma,924721881,AQUACEL AG FOAM N/ADES 15X15,1,0.33,0,8,2
SubitoFarma,924741186,CH TETT STEPUP NEW 6M+ PAP,1,0.33,0,1,5
SubitoFarma,924824232,DUOMEGA CANI PICCOLI 30CPS,1,0.33,0,18,6
SubitoFarma,924824244,DUOMEGA CANI GRANDI 30CPS,1,0.33,0,13,10
SubitoFarma,924847193,ESI MELATONIN PURA GTT ERBE NT,1,0.33,0,55,7
SubitoFarma,924847229,RADIODERM SPRAY 30ML,1,0.33,0,7,1
SubitoFarma,924861370,IDA 24CPR OROSOLUBILI,1,0.33,0,7,1
SubitoFarma,924874579,ACTINICA LOTION 80ML,1,0.33,0,15,3
SubitoFarma,924892944,FEGATO FORTE 24CPR,1,0.33,0,3,10
SubitoFarma,924910058,LACTEASE 4500 FCC MENTA 30CPR,1,0.33,0,10,2
SubitoFarma,924916442,"EMOFORM PLAKOUT ACT0,12% DENTI",1,0.33,0,50,10
SubitoFarma,924920743,CUBITAN VANIGLIA 4X200ML,1,0.33,15,91,1
SubitoFarma,924931746,SENSURA MIO SAC P 10-55MM 30P,1,0.33,0,1,1
SubitoFarma,924932041,SENSURA MIOCLICK PLAC 50 10-45,1,0.33,0,19,1
SubitoFarma,924932066,SENSURA MIOCLICK PLAC 60 10-55,1,0.33,0,11,1
SubitoFarma,924932460,FLORASE DERMA 40CPS,1,0.33,0,4,4
SubitoFarma,924932472,FLORASE INTEST 40CPS,1,0.33,0,10,3
SubitoFarma,924979406,GUAM CREMA CORPO ANTIETA'200ML,1,0.33,0,3,11
SubitoFarma,924993417,DEFENCE COLOR OMBR TAUPE 411,1,0.33,0,1,2
SubitoFarma,924994736,PULSOXIMETRO OXY-3,1,0.33,0,25,2
SubitoFarma,924995071,VIGORPET GATTI PASTA 50G,1,0.33,0,3,6
SubitoFarma,924997582,CH TIRALATTE MANUALE NATFEEL,1,0.33,0,10,10
SubitoFarma,925005769,SILIVIS 180PAST,1,0.33,0,5,1
SubitoFarma,925008637,"VITADHA 30FIALE MONODOSEX6,5ML",1,0.33,0,7,6
SubitoFarma,925012736,STERILCOL GTT OS SOSP GASTR20M,1,0.33,0,77,1
SubitoFarma,925018436,VITAMINA D 1000 UI 84CPR,1,0.33,0,13,4
SubitoFarma,925038681,DRENADOL CREMAGEL 50ML,1,0.33,0,6,9
SubitoFarma,925329474,ALOEVERA2 GEL INTIMO ULTRADEL,1,0.33,0,15,6
SubitoFarma,925383200,PHYSIOMANCE ACTION DIE 4 30CPR,1,0.33,0,3,2
SubitoFarma,925385003,MAGNESIO MARINO VANDA 60CPS,1,0.33,0,5,11
SubitoFarma,925452599,FLEXIMA 3S URO TRASPARENT 55MM,1,0.33,0,3,1
SubitoFarma,925491678,HYDRA PERFECT LATTE CORPO400ML,1,0.33,0,2,1
SubitoFarma,925498026,EPITACT ORTESI MANO FLEX SX M,1,0.33,0,12,10
SubitoFarma,925498040,EPITACT ORTESI MANO FLEX SX L,1,0.33,0,9,2
SubitoFarma,925513626,ESI TEA TREE REMEDY LAB SPF20,1,0.33,0,26,5
SubitoFarma,925533150,KELLAN CREMA IPOMELANOSI 50ML,1,0.33,0,2,1
SubitoFarma,925606980,WELLION MEDFINE PLUS 4 G32,1,0.33,0,33,1
SubitoFarma,925628190,ESTEEM+ ILEO AP OP 20/30 10PZ,1,0.33,0,1,1
SubitoFarma,925820793,MICRONIL DOL 30BUST,1,0.33,0,7,4
SubitoFarma,925826024,THERAXIDIN SHAMPOO 200ML,1,0.33,0,4,7
SubitoFarma,925830097,GASTROMAAL + 20TAV,1,0.33,0,5,4
SubitoFarma,925832610,MEDI 18 UOMO G.ME NER 1 1850CM,1,0.33,0,0,
SubitoFarma,925852749,REFLUMIL SAVE SOLUZIONE 500ML,1,0.33,0,76,4
SubitoFarma,925856573,LAUFWUNDER HYDROBALM IDRAT75ML,1,0.33,0,1,5
SubitoFarma,925875953,CER HANSAPLAST AQUA PROT 20PZ,1,0.33,0,6,4
SubitoFarma,925894026,EUCERIN ANTIROSE GIORNO SFP25,1,0.33,0,3,10
SubitoFarma,925897314,"TEPE SCOVOLINO ROSSO 0,5MM 6PZ",1,0.33,0,48,9
SubitoFarma,925928350,SPEEDICATH COMP EVE D CH12 30P,1,0.33,0,47,1
SubitoFarma,925928804,IMMUNOSELF 40CPR,1,0.33,0,4,9
SubitoFarma,925942346,CLINNIX CREMA SMAGLIATURE300ML,1,0.33,0,19,2
SubitoFarma,925943565,VIRAFER NEO 200ML,1,0.33,0,7,1
SubitoFarma,926045612,AKNET GEL DETERGENTE PURIF,1,0.33,0,11,11
SubitoFarma,926045687,"BIONIKE SHINE ON5,38 CAST CH C",1,0.33,0,9,6
SubitoFarma,926047426,VALERIANA PLUS 30OPR,1,0.33,0,38,8
SubitoFarma,926048378,PEPTAMEN VANIGLIA 4X200ML,1,0.33,0,14,3
SubitoFarma,926053822,AVENT SET COMPLETO SISTEMA VIA,1,0.33,0,2,2
SubitoFarma,926194263,ROSELIANE CR ANTIARROSS 40ML,1,0.33,0,59,10
SubitoFarma,926201284,CAPIOST 20CPR GASTROPROTETTE,1,0.33,0,2,2
SubitoFarma,926230879,DUREX REAL FEEL GEL LUBRIFICAN,1,0.33,0,13,8
SubitoFarma,926235603,BIO OIL OLIO DERMAT 200ML,1,0.33,0,91,6
SubitoFarma,926236427,ENZITIME 24CPR MASTICABILI,1,0.33,0,23,1
SubitoFarma,926239195,RESTOMYL DENTALCROC 150G,1,0.33,0,11,4
SubitoFarma,926259971,MEDI 18 GAMB P.AP NAT 5 2805PA,1,0.33,0,0,
SubitoFarma,926316441,EUTROSIS 30 ESFOLIANTE 100ML,1,0.33,0,78,4
SubitoFarma,926404462,GIBAUD ORTHO JUNIOR STABIG CAV,1,0.33,0,1,1
SubitoFarma,926425935,PERTRIFOL SHAMPOO ANTICAD 200,1,0.33,0,102,2
SubitoFarma,926442955,DAIGO ENERDAY 14BUSTINE 140G,1,0.33,79,0,2
SubitoFarma,926471828,NUVITA DOSATORE+CONTENITORE VE,1,0.33,0,7,
SubitoFarma,926498849,UROGYN 25CPR,1,0.33,0,43,4
SubitoFarma,926512031,PROREM 30CPR,1,0.33,0,10,3
SubitoFarma,926522095,"CER PIC AQUABLOC D 22,5 20PZ",1,0.33,0,54,1
SubitoFarma,926529468,XAILIN WASH SOL STER OCUL 20F,1,0.33,0,7,6
SubitoFarma,926536448,APAISAC CREMA ANTI-ROSS LENIT,1,0.33,0,1,1
SubitoFarma,926536970,EDEXAN FORTE 100ML,1,0.33,0,6,2
SubitoFarma,926551755,HELIOCARE 360 AIRGEL 50 200ML,1,0.33,0,30,3
SubitoFarma,926561465,PROBACTIOL PLUS 15CPS,1,0.33,0,9,
SubitoFarma,926572518,CH SET DENTALE AZZURRO FLUORO,1,0.33,0,2,1
SubitoFarma,926581467,SEMEL 30CPR,1,0.33,0,29,2
SubitoFarma,926585023,ANTODUR 30CPR,1,0.33,0,1,1
SubitoFarma,926621513,ANGIOKURA 30CPR,1,0.33,0,8,1
SubitoFarma,926687474,BIATAIN SIL AG ADES 15X15 5PZ,1,0.33,0,1,1
SubitoFarma,926744905,EUCERIN AQUAPORIN ACTIVE LIGHT,1,0.33,0,3,11
SubitoFarma,926744917,EUCERIN AQUAPORIN ACTIVE RICH,1,0.33,0,7,10
SubitoFarma,926817469,ALEVICA 20CPR MASTICABILI,1,0.33,0,37,4
SubitoFarma,926846585,REVITALIZ 180G POLVERE,1,0.33,0,1,1
SubitoFarma,926876867,CICABEN 50G,1,0.33,0,14,2
SubitoFarma,927023198,PURYCIST 20BUST,1,0.33,0,0,
SubitoFarma,927028771,PIC EASYRAPID MISUR PRESSIONE,1,0.33,0,18,
SubitoFarma,927040889,D1000 70CPS VEGETALI,1,0.33,0,2,5
SubitoFarma,927042426,PURES SPRAY PURIFICANTE 75ML,1,0.33,1,5,
SubitoFarma,927042717,REFEEL 30CPR,1,0.33,0,22,1
SubitoFarma,927091227,GRINTUSS ADULTI SCIR 180G,1,0.33,0,1589,12
SubitoFarma,927096166,FLEBOKEN 30CPR,1,0.33,0,7,5
SubitoFarma,927099933,SENSURA MIO CL URO MA 15-33,1,0.33,0,4,1
SubitoFarma,927100014,SENSURA MIO CD URO M TRAS15-33,1,0.33,0,1,1
SubitoFarma,927103693,REV ANALLERGIC 500ML,1,0.33,0,4,12
SubitoFarma,927118962,FAIDERM BASE MAGRA 250ML,1,0.33,0,3,1
SubitoFarma,927118974,FAIDERM BASE MAGRA 500ML,1,0.33,0,4,1
SubitoFarma,927124115,HEPILOR LIQUIDO 200ML,1,0.33,0,32,3
SubitoFarma,927145829,VELVET SMOOTH NAIL CARE KIT,1,0.33,0,1,7
SubitoFarma,927167181,KENTOFER FOLICO 20STICKPACK,1,0.33,0,13,1
SubitoFarma,927222315,ALO YAL SOLUZIONE OFTALMICA8ML,1,0.33,0,42,4
SubitoFarma,927257814,KPROTECT 120CPR MASTICABILI,1,0.33,0,3,9
SubitoFarma,927259958,GINKGO BILOBA 60CPR COLOURS,1,0.33,0,1,11
SubitoFarma,927271371,EMORSAN DETERGENTE LIQ 500ML,1,0.33,0,26,5
SubitoFarma,927284265,BLUVENE HD 14BUST,1,0.33,0,7,1
SubitoFarma,927288050,SENSINOL LAT CRP 200ML DUCRAY,1,0.33,0,10,2
SubitoFarma,927292110,CLEARBLUE ADV MONIT FERTIL STI,1,0.33,0,1,9
SubitoFarma,927296879,DIFESA JUNIOR GOCCE ORALI 30ML,1,0.33,0,24,1
SubitoFarma,927300677,INTERPROX4G SUPERMICRO BLISTER,1,0.33,0,8,11
SubitoFarma,927306631,PIC STRISCE GLUCOTEST 25PZ,1,0.33,1,1433,9
SubitoFarma,927384178,RISO SG BEVANDA 1L BIO,1,0.33,0,0,
SubitoFarma,927493179,CALMA ANSIA NATUR MIX 30ML,1,0.33,0,1,2
SubitoFarma,927497180,IDROLITO DI ARTEMISIA ANNUA,1,0.33,2,21,1
SubitoFarma,927505305,FULLFER 20CPR,1,0.33,0,26,2
SubitoFarma,927519280,ERITRITOLO ZERO CAL 500G,1,0.33,0,17,1
SubitoFarma,927592764,"OPTIVE FUSION UD 30FLAC 0,4ML",1,0.33,0,1,1
SubitoFarma,927604518,FIOREGLUT FARINA DOLC+PANE+PIZ,1,0.33,0,0,
SubitoFarma,930010739,MD-NECK ITALIA 10F INIETT 2ML,1,0.33,0,3,1
SubitoFarma,930010804,MD-SHOULDER ITALIA 10FL INI2ML,1,0.33,0,4,3
SubitoFarma,930099559,ALUSEB CREMA 30ML,1,0.33,0,212,3
SubitoFarma,930118714,LOFRIC AUTOLUB CH12 U NEL 30PZ,1,0.33,0,6,1
SubitoFarma,930160508,CALCOREL 20CPR,1,0.33,0,16,1
SubitoFarma,930164708,CHERADERM 10 CREMA CORPO 450ML,1,0.33,0,6,5
SubitoFarma,930171929,TRICOFIL SHAMPOO DOLCE 400ML,1,0.33,0,2,1
SubitoFarma,930175029,NOFLOGO 20CPR,1,0.33,0,46,3
SubitoFarma,930185879,MASSIGEN DAILYVIT 30CPR,1,0.33,0,91,9
SubitoFarma,930186465,PRONTEX PULSE O2 MINISATURIMET,1,0.33,0,8,1
SubitoFarma,930216724,SKAB PLUS EMULSIONE 150ML,1,0.33,0,84,7
SubitoFarma,930242274,NARIVENT SPR NAS ANTIEDEMIGENO,1,0.33,0,30,5
SubitoFarma,930250170,SANA VOCE SPRAY GOLA 30ML,1,0.33,0,20,5
SubitoFarma,930251374,MASSIGEN MAGNESIO 20BUST,1,0.33,0,53,11
SubitoFarma,930274319,FOOTCARE SPR VERRUCHE 50ML E1,1,0.33,0,4,1
SubitoFarma,930373321,ALLGASAN MOBIL CREMA 50ML,1,0.33,0,4,7
SubitoFarma,930402870,DERMANOIL 200ML,1,0.33,0,7,2
SubitoFarma,930405028,SEREM SONNO 14BUST,1,0.33,0,2,6
SubitoFarma,930411032,SINOVIAL 16 SIR INTRA-ART 3PZ,1,0.33,0,4,1
SubitoFarma,930453840,LIETOR 30CPR,1,0.33,0,5,5
SubitoFarma,930492172,SALIPIL MOUSSE CANOVA VISO/CRP,1,0.33,0,25,5
SubitoFarma,930493251,ZANZATEN BRACCIALE ADULTI 1PZ,1,0.33,0,5,2
SubitoFarma,930498187,IDRAVITA ARANCIA 12BUSTINE,1,0.33,0,9,12
SubitoFarma,930501655,OMEGADIN PLUS RETARD 30CPS,1,0.33,0,25,3
SubitoFarma,930517901,MULTIVITAMIX S/ZUCCH 30CPR EFF,1,0.33,0,3,4
SubitoFarma,930532128,BIODERM DERMOCREMA VASO 500ML,1,0.33,0,5,6
SubitoFarma,930533308,SENSOVIT 30CPR,1,0.33,0,1,3
SubitoFarma,930541077,SELENIO VITAMINA C 100ML,1,0.33,0,2,1
SubitoFarma,930550429,VISUCOMPLEX 30CPS,1,0.33,0,32,1
SubitoFarma,930550660,CER ROC ICOPIUMA TNT 5X500CM,1,0.33,0,40,4
SubitoFarma,930577402,ACTENACOL GOCCE 12ML,1,0.33,0,174,4
SubitoFarma,930621901,ALOVEX DENTIZIONE GEL 10ML,1,0.33,0,83,7
SubitoFarma,930624301,ALOVEX PROTEZ ATTIVA COLL120ML,1,0.33,21,254,4
SubitoFarma,930625506,ALOVEX PROTEZ ATTIVA SPR 15ML,1,0.33,30,182,7
SubitoFarma,930629454,MULTIFOLICO DHA 30CPS+30CPR,1,0.33,0,33,6
SubitoFarma,930701469,LONGLIFE KRILL SUPERBA 30CPS,1,0.33,0,18,11
SubitoFarma,930720053,PROTHER SOD 30BUST 10G,1,0.33,0,5,1
SubitoFarma,930768926,PEYRONEX 30CPR,1,0.33,0,19,1
SubitoFarma,930773751,XILOIAL FORTE SOL OFT 10ML,1,0.33,0,42,2
SubitoFarma,930855794,PROCTOGYN DETERGENTE 200ML,1,0.33,0,1,1
SubitoFarma,930856618,CONTACTA GTT OCUL YAL 15ML CE,1,0.33,0,0,
SubitoFarma,930861087,ARTAVIS 30CPR,1,0.33,2,13,3
SubitoFarma,930862317,INOFOLIC NRT 30BUST,1,0.33,0,20,4
SubitoFarma,930874639,ATICARE P 100G,1,0.33,0,5,9
SubitoFarma,930877497,ARDO SET TIRALATTE SINGOLO,1,0.33,0,1,3
SubitoFarma,930880101,SPERMACT 45CPR,1,0.33,0,35,1
SubitoFarma,930880354,BETALEN DET 250ML,1,0.33,0,13,1
SubitoFarma,930884919,ALL B 30CPS,1,0.33,0,2,2
SubitoFarma,930891977,KUPEROS CREMA 50ML,1,0.33,0,3,2
SubitoFarma,930892043,FLOGOCIST 10BUST,1,0.33,0,50,2
SubitoFarma,930924915,MIRTY 180 20BUST,1,0.33,0,4,1
SubitoFarma,930960113,BETOTAL BODY PLUS 20BUST,1,0.33,0,17,12
SubitoFarma,930960760,LINIDOR PANN CINT MAXI M 15PZ,1,0.33,0,1,1
SubitoFarma,930967601,"KAPPAPHYT 1 20BUST GEM2,5G+2,5",1,0.33,0,2,1
SubitoFarma,930987553,ESTEEM+ CH 20/70 OP RIT STD,1,0.33,0,1,1
SubitoFarma,930996412,LIPOMAR CARDIO 60CPS,1,0.33,0,18,1
SubitoFarma,931001440,ZER% GLUTINE SPAGHETTI RISO,1,0.33,0,9,4
SubitoFarma,931001580,ZER% GLUTINE PENNE GRANO SAR I,1,0.33,0,0,
SubitoFarma,931024412,NATUROLI OLIO AGLIO BI 70SOFTG,1,0.33,0,1,4
SubitoFarma,931025605,PUMILENE GOLA MIELE/LIM 24PAST,1,0.33,0,8,
SubitoFarma,931051306,BACTOCARE GEL CICATRIZZANTE,1,0.33,0,13,1
SubitoFarma,931070421,PROVASEN 20CPR,1,0.33,0,4,1
SubitoFarma,931080699,PENTA U10 CREMA 250ML,1,0.33,0,51,2
SubitoFarma,931085411,VISCRIN 20CPR,1,0.33,1,137,4
SubitoFarma,931094472,LONGLIFE MARINE CARTILAGE90CPS,1,0.33,0,12,1
SubitoFarma,931095309,EPAEPA 42CPR,1,0.33,0,49,3
SubitoFarma,931106850,SUPERALA 800 20CPR,1,0.33,8,22,6
SubitoFarma,931114779,IPERICO 100% 60CPR,1,0.33,0,1,3
SubitoFarma,931114983,ETAS TEMPO CREMA 30ML,1,0.33,0,4,1
SubitoFarma,931127993,VALDISPERT GOCCE SONNO RAP30ML,1,0.33,0,29,8
SubitoFarma,931137273,DECONPROCT 10SUPP,1,0.33,0,2,4
SubitoFarma,931152742,OMEGA3 VITI TRIPLA AZIONE60PRL,1,0.33,0,233,11
SubitoFarma,931153074,AQUACEL EXTRA HYDROFIBER 10X10,1,0.33,0,33,3
SubitoFarma,931153098,AQUACEL EXTRA HYDROFIBER 15X15,1,0.33,0,12,1
SubitoFarma,931171060,EIE MELISSA 60ML GTT,1,0.33,0,1,3
SubitoFarma,931171134,EIE WITHANIA 60ML GTT,1,0.33,0,1,2
SubitoFarma,931229708,DUOCIST 10BUST+10CPS,1,0.33,0,43,4
SubitoFarma,931340816,PHYSIOMER CSR OTO SPRAY 115ML,1,0.33,0,16,7
SubitoFarma,931341705,SINOVIAL 50 SIR INTRA-ART 2%,1,0.33,0,8,6
SubitoFarma,931358802,ARL 20BUST,1,0.33,0,3,1
SubitoFarma,931377840,LEVRIL GEL 50ML,1,0.33,0,54,1
SubitoFarma,931389795,NUTRABALM REPARADOR LAB BALS,1,0.33,0,13,8
SubitoFarma,931433104,FLOGANMOUSSE TRATT ANTIFORFORA,1,0.33,0,71,2
SubitoFarma,931437925,EUBOS SHAMPOO 150ML,1,0.33,0,12,1
SubitoFarma,931445148,LIBRAMED FITOMAGRA 138CPR,1,0.33,0,94,12
SubitoFarma,931450151,GIBAUD ORTHO MANUGIB 20 DX 1,1,0.33,0,1,3
SubitoFarma,931467738,NEURONERV 600 30CPS,1,0.33,0,62,1
SubitoFarma,931481408,ENDOCARE TENSAGE SERUM 30ML,1,0.33,0,11,11
SubitoFarma,931487274,NORMAC+ PLUS 30CPR FILMATE,1,0.33,0,11,3
SubitoFarma,931524122,LONGLIFE LIEVITO FORTE 120CPR,1,0.33,0,9,2
SubitoFarma,931525570,ANSIOPHIL 15CPR 850MG,1,0.33,0,21,3
SubitoFarma,931569077,NATURA+ PLAC FLESS IDROC 57 5,1,0.33,0,1,1
SubitoFarma,931577288,AVENE SOL LATTE SCHER SPF50+,1,0.33,0,17,4
SubitoFarma,931578660,FORTILASE CELL 30CPR RIVESTITE,1,0.33,0,1,8
SubitoFarma,931580575,GSE EYE DROPS CLICK GTT 10PIP,1,0.33,0,15,11
SubitoFarma,931586212,GLOBIN PLUS 24CPS,1,0.33,0,12,7
SubitoFarma,931601049,ARTROGEN CREMA 100ML,1,0.33,0,47,4
SubitoFarma,931607269,PRIMA 30CPR,1,0.33,0,16,1
SubitoFarma,931607434,FINDERM FORTE BETA 10CPS MOLLI,1,0.33,0,326,5
SubitoFarma,931608095,PROKTIS-M SUPPOSTE 10PZ 2G,1,0.33,1,46,11
SubitoFarma,931637603,TERMODREN 30CPR,1,0.33,0,33,1
SubitoFarma,931644696,ALANERV ON 20CPS SOFTGEL,1,0.33,0,35,3
SubitoFarma,931645636,HELIOCARE ULTRA-D 30CPS,1,0.33,0,61,4
SubitoFarma,931647628,XINOVIT D3 GOCCE 12ML,1,0.33,1,8,2
SubitoFarma,931647729,XINOVIT POLIVITAMINICO 12ML,1,0.33,0,121,3
SubitoFarma,931651335,CLIMATER NOTTE 20CPR,1,0.33,0,11,1
SubitoFarma,931653113,DESTIOR 30CPR,1,0.33,0,10,4
SubitoFarma,931655171,REFALGIN SCIROPPO PEDIAT 150ML,1,0.33,0,61,3
SubitoFarma,931660979,COLLAGENIL ACTIVE MAT DAILY CR,1,0.33,0,1,6
SubitoFarma,931666756,CB12 TRATTAMENTO ALITOSI 250ML,1,0.33,0,13,12
SubitoFarma,931679245,GIBAUD ORTHO COLL SEMIRIG M2,1,0.33,0,1,1
SubitoFarma,931679308,GIBAUD ORTHO COLL SEMIRIG B1,1,0.33,0,3,3
SubitoFarma,931770693,VISCRIN PLUS SH ANTIFORFORA,1,0.33,0,11,2
SubitoFarma,931770729,VISCRIN SHAMPOO 200ML,1,0.33,0,17,1
SubitoFarma,931772949,FILME OS AFTE 8ML,1,0.33,0,0,
SubitoFarma,931808149,UROLIN SOLUZIONE 150ML,1,0.33,0,38,8
SubitoFarma,931812174,IDRACOL 100 BCH 20CPS,1,0.33,0,37,1
SubitoFarma,931846101,ENZYFORMULA 20CPR DEGLUTIBILI,1,0.33,0,21,10
SubitoFarma,931847432,VOIS 20CPR,1,0.33,0,6,10
SubitoFarma,931933547,ARGA' OLIO PURO BIO 100ML,1,0.33,0,0,
SubitoFarma,931969517,NEBIAL 3% SPRAY NASALE 100ML,1,0.33,0,125,1
SubitoFarma,931972792,WOBENZYM VITAL 40CPR,1,0.33,0,7,2
SubitoFarma,931982906,M-AID HERPES PATCH 15PZ,1,0.33,0,1,4
SubitoFarma,931988428,MEDS PORE MEDIC 10X15CM 5PZ,1,0.33,0,15,6
SubitoFarma,931988455,MEDS PORE MEDIC PUR 5X7CM 5PZ,1,0.33,0,0,
SubitoFarma,931993063,DERMANA AC DETERGENTE 100ML,1,0.33,0,2,3
SubitoFarma,931993075,DERMANA AC INTEGRATORE 12FL,1,0.33,0,0,
SubitoFarma,931994608,TNS NUTRITIVE,1,0.33,0,1,1
SubitoFarma,932000591,EXTRAFINE SANITY CONI AURIC 2P,1,0.33,0,26,3
SubitoFarma,932084890,NORMOIMMUNO 30CPS,1,0.33,0,59,1
SubitoFarma,932085665,TRATTAMENTO VERRUCHE 75ML,1,0.33,0,7,4
SubitoFarma,932085905,AIDE GERMANIO 20STICK,1,0.33,0,5,3
SubitoFarma,932165133,ECHINACEA 400 PLUS 20F 2ML,1,0.33,0,6,1
SubitoFarma,932165588,ARTAVIS 20BUST 8G,1,0.33,0,15,1
SubitoFarma,932178371,INTERPROX PLUS NANO ROSA 6PZ,1,0.33,0,14,6
SubitoFarma,932178419,INTERPROX PLUS MINICONICO RO6P,1,0.33,0,3,8
SubitoFarma,932201142,POLIPHERT 20BUST,1,0.33,0,19,1
SubitoFarma,932201320,ARIFER GOCCE 30ML,1,0.33,0,63,1
SubitoFarma,932212071,WOBENZYM VITAL 120CPR,1,0.33,0,3,11
SubitoFarma,932234750,MICOBAT CREMA 50ML BRADERM,1,0.33,0,40,3
SubitoFarma,932246426,BIATAIN ALGINATE AG 10X10 10PZ,1,0.33,0,10,1
SubitoFarma,932246465,BIATAIN ALGINATE 10X10CM 10PZ,1,0.33,1,7,1
SubitoFarma,932252618,BUONAVIT D3 12ML,1,0.33,0,138,5
SubitoFarma,932460417,PSORAXIL ACTIVE DOCCIA SH250ML,1,0.33,0,4,1
SubitoFarma,932465368,MEDS ENTEROCLISMA PIEGHEVOLE,1,0.33,0,0,
SubitoFarma,932518665,LENIL PRIMO SOCCORSO POLVERE,1,0.33,0,19,8
SubitoFarma,932521228,RESCUE ORIG NIGHT S/ALCOL 10ML,1,0.33,0,6,
SubitoFarma,932654585,DIGERFAST POLVERE 24BUST 2G,1,0.33,0,75,5
SubitoFarma,932681226,CALCOLIT 60BUST,1,0.33,0,6,1
SubitoFarma,932696673,GLUCOJECT LANCETS PLUS G33 25P,1,0.33,0,0,
SubitoFarma,932720840,ENVICER3 GRASSA FORTE 100ML,1,0.33,0,2,2
SubitoFarma,932770100,PREMAVIT MATERNO 30CPR,1,0.33,0,36,1
SubitoFarma,932772421,ABOUND ARANCIA 30BUST 24G,1,0.33,0,8,6
SubitoFarma,932778968,TRICOVEL 45CPR NF,1,0.33,0,18,2
SubitoFarma,932876055,DEPUR 90ML,1,0.33,0,1,3
SubitoFarma,933009401,ROSACURE FAST CREMA 30ML,1,0.33,0,178,4
SubitoFarma,933015238,GUM ORTHO FLOSS FILO SPUGNOSO,1,0.33,0,33,12
SubitoFarma,933060790,VITIS ORTHO DENTIFRICIO 100ML,1,0.33,0,4,7
SubitoFarma,933061982,PREDOLGYN COMPRESSE 20CPR,1,0.33,0,51,1
SubitoFarma,933080196,RESVIS FLUID XR BIOFUTURA 12BU,1,0.33,0,403,
SubitoFarma,933137503,FLEBOTROFINE 20BUST,1,0.33,0,4,5
SubitoFarma,933320640,MELLIS BETA SHAMPOO 200ML,1,0.33,0,203,8
SubitoFarma,933402808,OMOMETIL 30CPS,1,0.33,1,666,5
SubitoFarma,933415097,BIOTAD PLUS 20BUST,1,0.33,1,503,7
SubitoFarma,933422976,ZYXELLE 30CPR,1,0.33,0,28,4
SubitoFarma,933436040,SIMETICARBON 40CPR,1,0.33,0,17,2
SubitoFarma,933441343,MELIVEN CREMA PLUS 100ML,1,0.33,0,30,3
SubitoFarma,933537223,AGIRES 50 30CPR OROSOLUBILI,1,0.33,0,12,8
SubitoFarma,933540724,LEVANSA GOCCE 50ML,1,0.33,0,5,1
SubitoFarma,933646832,VEA MIX OLIO SEC SPR MULTIVIT,1,0.33,0,17,2
SubitoFarma,933767891,TECNIWORK KIT ANTICALLOSITA',1,0.33,0,4,1
SubitoFarma,933780544,COLESAN 60CPS,1,0.33,0,18,6
SubitoFarma,933783944,COLIPEX CR 30X2ML,1,0.33,0,38,1
SubitoFarma,933869986,PROSTASI' 30CPR,1,0.33,0,43,3
SubitoFarma,933886323,NOKSAN CUSC MART C/INFRADITO M,1,0.33,0,0,
SubitoFarma,933904664,CANDINET ACT 2% 150ML,1,0.33,0,92,7
SubitoFarma,933907519,LEGART UP 30CPR,1,0.33,0,14,4
SubitoFarma,933950255,JOY GOCCE 20ML,1,0.33,0,38,2
SubitoFarma,934015102,PRIMOFLUOR 15ML,1,0.33,0,2,4
SubitoFarma,934027044,KURAC 30ML BRADERM,1,0.33,0,16,4
SubitoFarma,934028794,RELAXCOL PLUS 30CPR,1,0.33,3,21,7
SubitoFarma,934029125,XEFERIL 20BUST,1,0.33,0,17,1
SubitoFarma,934036777,MELATONINA SYSTEM 300CPR 1MG,1,0.33,0,62,
SubitoFarma,934124520,GASTROTUSS LIGHT 500ML,1,0.33,0,10,5
SubitoFarma,934131463,LARIS ULTRA DEODORANTE 50ML,1,0.33,0,32,2
SubitoFarma,934179692,DERMANA SHAMPOO PIESSE DELIC,1,0.33,0,5,2
SubitoFarma,934196801,LONGLIFE ONE TAB COMPLETE30TAV,1,0.33,0,15,5
SubitoFarma,934203617,VENOTONIC MONO 20CPR,1,0.33,0,0,
SubitoFarma,934209913,CLINNER CISTOP 14BUST STICK,1,0.33,0,2,1
SubitoFarma,934296310,TIOX PLUS 20CPS,1,0.33,0,19,1
SubitoFarma,934363969,OLIODIDATTERO NATURE'S SH VOL,1,0.33,0,1,1
SubitoFarma,934363983,OLIO DATTERO NATURE'S SH IDRAT,1,0.33,0,1,1
SubitoFarma,934374859,LINFOLIPASE 30CPR GASTRORESIST,1,0.33,0,36,3
SubitoFarma,934393834,NUCLIASKIN S 1F SIR 2ML,1,0.33,0,1,1
SubitoFarma,934406113,SILIGLUT 200 20BUST,1,0.33,0,136,2
SubitoFarma,934408687,BIOTHYMUS AC ACT U SH ENERG,1,0.33,0,34,8
SubitoFarma,934416571,AGLEADERM CREMA 40ML,1,0.33,0,4,1
SubitoFarma,934425784,DANASE 20CPR,1,0.33,1,1944,4
SubitoFarma,934433259,OXIMIX 3+ ALLERGO 40CPS,1,0.33,0,3,1
SubitoFarma,934446206,SILVER BLU T SPRAY TOPICO 50ML,1,0.33,0,0,
SubitoFarma,934481781,ARNICADERM 100ML,1,0.33,0,8,1
SubitoFarma,934486515,ARGA' BALSAMO 150ML,1,0.33,0,1,3
SubitoFarma,934503374,OXAFORT 18BUST,1,0.33,0,22,2
SubitoFarma,934512664,GLUCOJECT AGO PENNA 5MM G31,1,0.33,0,74,1
SubitoFarma,934531043,FEMEQUIL 30CPR,1,0.33,0,4,6
SubitoFarma,934537729,DREAGIN MYC 5FL 140ML,1,0.33,0,16,1
SubitoFarma,934545450,PRINCIPIUM COMPLESSO B FT 60CP,1,0.33,0,15,7
SubitoFarma,934546298,KOALA 50ML,1,0.33,0,0,
SubitoFarma,934552783,DIMAGRA XALIFOM BUSTINE 20BUST,1,0.33,0,9,4
SubitoFarma,934552922,ASTENOR 15CPR,1,0.33,0,80,3
SubitoFarma,934625056,MELAXINA T GOCCE 30ML,1,0.33,0,10,2
SubitoFarma,934625854,GUM HYDRAL SPRAY 50ML,1,0.33,0,27,6
SubitoFarma,934638139,ALKAGIN DET INT LEN ALC 400ML,1,0.33,0,77,4
SubitoFarma,934638230,RILASTIL EAP LIPOGEL 30ML,1,0.33,0,5,5
SubitoFarma,934641477,SAPONETTA ZOLFO BIO,1,0.33,0,28,1
SubitoFarma,934704154,GASNORM ECO 12CPS,1,0.33,0,2,2
SubitoFarma,934726276,ARD COGITON LONG TIME 20CPS,1,0.33,0,29,1
SubitoFarma,934736834,INESTERAN 30CPR,1,0.33,0,7,2
SubitoFarma,934739525,PEDIAPEG 30BUST,1,0.33,0,16,1
SubitoFarma,934747332,LONGLIFE CO EN Q10 200MG 20PRL,1,0.33,0,57,4
SubitoFarma,934784113,EUDIGEST TISANA 20BST BIOSLINE,1,0.33,0,13,1
SubitoFarma,934784493,NUTRATOPIC PRO-AMP CREMA CORPO,1,0.33,0,13,8
SubitoFarma,934791575,POLASE PLUS 24 BUSTE,1,0.33,0,200,11
SubitoFarma,934796590,CRACKDOL FAST SCHIUMA 150ML,1,0.33,0,318,2
SubitoFarma,934812862,"JOINART 3 SIR AC IAL 2ML1,6%",1,0.33,0,2,1
SubitoFarma,934822634,RIBES PET ULTRA EMULSIONE DERM,1,0.33,0,3,
SubitoFarma,934822937,PROSTEL 30CPS BIOSLINE,1,0.33,0,11,6
SubitoFarma,934825237,MULTICENTRUM PRE MAMMA 30CPR,1,0.33,0,46,8
SubitoFarma,934825249,MULTICENTRUM MAMMA 30CPR,1,0.33,0,26,10
SubitoFarma,934828195,EUBOS HYA REPAIR FILLER DAY,1,0.33,0,9,1
SubitoFarma,934835719,EUPHIDRA AMIDO CR SMAGLIATURE,1,0.33,0,9,8
SubitoFarma,934842992,LENIPER 20CPS MOLLI,1,0.33,0,20,2
SubitoFarma,934860495,FLOGOVIS 20CPR GASTRORESIST,1,0.33,0,104,2
SubitoFarma,934862525,ACCU-CHEK MOBILE 50TEST MIC2,1,0.33,0,105,5
SubitoFarma,934863960,CERAMOL BALSAMO CAPELLI 200ML,1,0.33,0,8,10
SubitoFarma,934868807,EUBOS HYA REPAIR&PROTECT SPF20,1,0.33,1,12,1
SubitoFarma,934881133,MORINGA UNICIS 30CPS 620MG,1,0.33,0,10,2
SubitoFarma,934981426,IKLEN 50+ CREMA FOTOPROTETTRIC,1,0.33,0,5,1
SubitoFarma,934981782,AVENE HOMME BALSAMO DOPOBARBA,1,0.33,0,23,4
SubitoFarma,935017285,UROCS 60CPR,1,0.33,0,6,4
SubitoFarma,935035838,FLOGERIL JUNIOR FRAGOLA 20BUST,1,0.33,0,30,2
SubitoFarma,935049231,OXIMIX 8+ METABOLISM 160CPS,1,0.33,0,0,
SubitoFarma,935057253,"BIOKAP NUTRIC 4,4 CST RAMATO",1,0.33,0,10,3
SubitoFarma,935057291,"BIOKAP NUTRIC 5,22 RO PRUGNA",1,0.33,0,6,2
SubitoFarma,935057366,"BIOKAP NUTRIC 7,0 BIO MEDIO",1,0.33,0,22,1
SubitoFarma,935057467,"BIOKAP NUTRICDEL 4,0 CAST NAT",1,0.33,0,35,6
SubitoFarma,935185381,EUBOS SENSITIVE CREMA MANI50ML,1,0.33,0,64,4
SubitoFarma,935185633,RUDRATIN 5000 20BUST,1,0.33,0,15,2
SubitoFarma,935201741,EPATOSAN FORTE FLUID 10FL,1,0.33,0,1,3
SubitoFarma,935205536,DENTOSAN COLLUT TRATT QUO200ML,1,0.33,0,28,6
SubitoFarma,935210726,OTOAIR SPRAY JUNIOR 100ML,1,0.33,0,6,1
SubitoFarma,935214965,VALERIANA VITI COMPLEX GOCCE,1,0.33,0,75,4
SubitoFarma,935228902,XERIAL 30 CREMA PIEDI 50ML,1,0.33,0,108,9
SubitoFarma,935236796,LONGLIFE HERICIUM BIO 60CPS,1,0.33,0,36,3
SubitoFarma,935238941,NARLISIM SPRAY 20ML,1,0.33,0,12,1
SubitoFarma,935271736,XERIAL 50 EXTREME 50ML,1,0.33,0,83,8
SubitoFarma,935272791,LIBERVIS ENERGY ARANCIA 20BUST,1,0.33,0,0,
SubitoFarma,935272827,LIBERVIS ENERGY LIMONE 20BUST,1,0.33,0,7,2
SubitoFarma,935277640,SEBODIANE DS MICRO SIERO 8ML,1,0.33,0,6,1
SubitoFarma,935282006,NOVASID 20CPR,1,0.33,0,11,2
SubitoFarma,935301958,VASODREN G 40CPR,1,0.33,0,21,2
SubitoFarma,935308849,CALENDULA VITI CREMA 100ML,1,0.33,0,1,
SubitoFarma,935342446,BRIOVITASE FORTE 20BUST,1,0.33,0,2,2
SubitoFarma,935343994,ETINERV SMP 30CPR,1,0.33,0,13,5
SubitoFarma,935360646,THINWALL BD AGO G31 5MM 100PZ,1,0.33,0,0,
SubitoFarma,935407433,"SINOVIAL 16 SIR INTRA-ART 0,8%",1,0.33,0,28,3
SubitoFarma,935408702,DEPURATIVO RHEUM 250ML,1,0.33,0,77,7
SubitoFarma,935479244,COLEPAN FAST 20CPR,1,0.33,0,3,3
SubitoFarma,935501395,FILME OLIO IDRATANTE PROT CUTE,1,0.33,0,13,7
SubitoFarma,935529798,CORTIPET MAXI PERLE 60PRL,1,0.33,0,20,1
SubitoFarma,935531549,AVENE SOL COMPATTO 50 SABBIA,1,0.33,0,109,12
SubitoFarma,935538660,BENZOPUR 4 CREMA 30ML,1,0.33,0,55,8
SubitoFarma,935541906,SAMETRIX 30CPS,1,0.33,0,62,2
SubitoFarma,935543470,PEDIAPAX POLVERE 400G,1,0.33,0,318,5
SubitoFarma,935544522,DERMOVITAMINA RAGADI GELONI CR,1,0.33,0,406,11
SubitoFarma,935559981,AFTIR DUO LOZIONE 100ML,1,0.33,0,25,5
SubitoFarma,935560589,ALCOOL PURO 1L RUSSO,1,0.33,0,3,1
SubitoFarma,935567040,MACA PLUS FORTE 50CPR,1,0.33,0,7,4
SubitoFarma,935572988,LICHTENA CREMA COMPL OCTA 25ML,1,0.33,0,307,7
SubitoFarma,935582458,ALGOZYM 60CPR,1,0.33,0,11,5
SubitoFarma,935585618,OSSIDREN 30CPR,1,0.33,0,10,4
SubitoFarma,935590529,ACETYL L-CARNITINE 60CPS,1,0.33,0,16,
SubitoFarma,935594616,ARTELAC REACTIVE MONODOSE 20PZ,1,0.33,0,125,7
SubitoFarma,935595595,CARNITINE Q10 PLUS 30BUST,1,0.33,0,4,1
SubitoFarma,935602262,OFTALDERM SHAMPOO 50ML,1,0.33,0,5,1
SubitoFarma,935607907,MANNOLI POLVERE 20BUST,1,0.33,0,5,1
SubitoFarma,935611107,ENSURE ADVANCE CIOCCOLATO 400G,1,0.33,0,15,6
SubitoFarma,935619419,NALKEFLU 20BUST,1,0.33,0,173,5
SubitoFarma,935621781,5D SLEEVERATO ANANAS 500ML,1,0.33,0,1,6
SubitoFarma,935633976,LONGLIFE BIANCOSPINO 60CPS VEG,1,0.33,0,22,2
SubitoFarma,935666370,VARISTASI PLUS GEL GAMBE 75ML,1,0.33,0,1,1
SubitoFarma,935668513,MINTOIL PLUS 60CPS,1,0.33,0,18,5
SubitoFarma,935682361,"BIOKAP NUTRICOLOR DEL 4,05 CAS",1,0.33,0,19,1
SubitoFarma,935682385,"BIOKAP NUTRICOLOR DEL 5,0 CAST",1,0.33,0,22,2
SubitoFarma,935722114,ENSURE PLUS ADVANCE CAF4X220ML,1,0.33,0,13,5
SubitoFarma,935736025,CESTELLO PORTA-FLEBO,1,0.33,0,42,8
SubitoFarma,935749034,VEGETALLUMINA EMATOGEL 100ML,1,0.33,0,12,3
SubitoFarma,935750760,LONGLIFE MILK FREE ACIDOPHILUS,1,0.33,0,4,1
SubitoFarma,935770899,AQUAREVA CREMA IDRAT 24H LEG,1,0.33,0,3,4
SubitoFarma,935771016,LONGLIFE AGLIO NERO 60CPS VEG,1,0.33,0,18,1
SubitoFarma,935773402,GIBAUD ORTHO GIN LIGAGIB OPEN1,1,0.33,0,1,1
SubitoFarma,935780585,CLARUBIN 20BUST,1,0.33,0,4,7
SubitoFarma,935780597,CRACKVEN CRIO 150ML,1,0.33,0,5,4
SubitoFarma,935784304,DDM NITRICO 20CPR,1,0.33,0,14,1
SubitoFarma,935786739,STIMULFOS PET LINE CANE 30CPR,1,0.33,0,15,4
SubitoFarma,935793036,LONGLIFE DIOSCOREA 60CPS,1,0.33,0,12,2
SubitoFarma,935801656,UREADIN ULTRA 30 50ML,1,0.33,0,15,3
SubitoFarma,935808927,IRIDIL SALV LAVAOCCHI 28PZ,1,0.33,0,82,1
SubitoFarma,935810111,LONGLIFE TARASSACO 60CPS,1,0.33,0,7,1
SubitoFarma,935846093,MASSIGEN MAGNESIO B6 60CPS,1,0.33,0,103,3
SubitoFarma,935848491,BIOKAP NUTRICDEL SPRAY RIT CC,1,0.33,0,10,1
SubitoFarma,935855306,SOLVHOREN 30BUST,1,0.33,0,3,8
SubitoFarma,935858340,EUFILLER GOLD SKIN REPAIR 50ML,1,0.33,0,1,4
SubitoFarma,935860914,FERACHEL FORTE 24CPS,1,0.33,0,74,3
SubitoFarma,935870903,FOOTCARE CER VERR 38MM 12PZ E3,1,0.33,0,9,7
SubitoFarma,935873796,PROSTANOX 30CPR,1,0.33,0,22,7
SubitoFarma,935876971,PERISTIL FAST 10STICK 15ML,1,0.33,0,107,2
SubitoFarma,935899765,LACTIBIANE ATB 10CPS,1,0.33,0,0,
SubitoFarma,935901241,PRIUSFER 60CPS,1,0.33,0,14,2
SubitoFarma,935901292,PRIACOL 30CPS,1,0.33,0,15,1
SubitoFarma,935901316,PRIUSVENA 60CPS,1,0.33,0,9,1
SubitoFarma,935937110,LONGLIFE INULINA POWDER 240G,1,0.33,0,42,1
SubitoFarma,935939708,NORMAST 600MG 20CPR,1,0.33,0,135,7
SubitoFarma,935948048,FRUTDEP MIX GOCCE 30ML,1,0.33,0,14,1
SubitoFarma,935948075,AQUILEA SONNO 30CPR,1,0.33,0,8,4
SubitoFarma,935948101,ANGEL 30CPS,1,0.33,0,4,1
SubitoFarma,935958607,ESTROAGE LOW 30CPR,1,0.33,0,5,3
SubitoFarma,935963102,TIREOAGE LOW 30CPR 850MG,1,0.33,0,9,1
SubitoFarma,935969143,QUIETO CANE 30CPR NUTRIGEN,1,0.33,0,4,2
SubitoFarma,935988156,BARIATRIFAST 30BUST,1,0.33,0,16,7
SubitoFarma,936008349,GELX SPRAY ORAL 100ML,1,0.33,0,7,1
SubitoFarma,936048139,EUPH COLORPRO XD700 BIONDO,1,0.33,0,69,9
SubitoFarma,936048204,EUPH COLORPRO XD300 CAST S,1,0.33,0,77,8
SubitoFarma,937030892,NOVA PROST 30CPS SOFTGEL,1,0.33,0,48,6
SubitoFarma,937210437,VICABIMB JOY 10FL,1,0.33,0,6,1
SubitoFarma,937210591,MAIKOL 30CPR,1,0.33,0,7,3
SubitoFarma,937242232,MEDARGAN PLUS 30CPR,1,0.33,0,70,3
SubitoFarma,937362414,GINEPRO NERO SHAMPOO DOCCIA EN,1,0.33,0,1,10
SubitoFarma,937388472,MULTICARE IN GLUCOSIO 25STR,1,0.33,0,2,1
SubitoFarma,937395642,EUPH MATITA SOPRACCIG BRUN,1,0.33,0,3,2
SubitoFarma,937480198,ALIPOV 20CPR,1,0.33,0,0,
SubitoFarma,937491797,CITINERV 14BUST,1,0.33,0,34,4
SubitoFarma,937492902,SAUGELLA ATTIVA SALV 15PZ,1,0.33,0,0,
SubitoFarma,938025032,HERP 120ML,1,0.33,0,9,1
SubitoFarma,938132800,WASOTONAL CREMA 200ML,1,0.33,0,46,4
SubitoFarma,938146901,VITAMINA D3 5000 UI 60CPS,1,0.33,0,15,4
SubitoFarma,938212370,POLASE ARANCIA 36BUST,1,0.33,1,26,
SubitoFarma,938222104,ALA600 SOD 20CPR,1,0.33,0,70,12
SubitoFarma,938225087,GEHWOL SEPARADITA ALLUCE S 3PZ,1,0.33,0,9,1
SubitoFarma,938225339,GEHWOL SEPARADITA ALLUCE L 3PZ,1,0.33,0,3,3
SubitoFarma,938260813,ANANAS FITOCOMPLESSO 50OPR,1,0.33,0,17,3
SubitoFarma,938272248,VITACALM BUONANOTTE TISANA,1,0.33,0,3,
SubitoFarma,938315203,RUSCOVEN PLUS CONC FLUIDO 200G,1,0.33,0,6,11
SubitoFarma,938355551,TROFO 5 LIQUIDO 400ML,1,0.33,0,13,1
SubitoFarma,938398435,IMMUDEK SH FORTE 15CPS,1,0.33,0,178,6
SubitoFarma,938398450,CYSTOCURE FORTE 30CPR,1,0.33,0,55,9
SubitoFarma,938398512,CYSTOCURE FORTE 30G,1,0.33,0,4,8
SubitoFarma,938420775,LONGLIFE OLIO LINO BIO 50PRL,1,0.33,0,13,2
SubitoFarma,938426412,CALENDUDERM GEL 50ML,1,0.33,0,1,3
SubitoFarma,938466947,KUZIK 30CPS,1,0.33,0,28,2
SubitoFarma,938467281,BROMELINA 100CPR,1,0.33,0,25,1
SubitoFarma,938467545,MAGNESIO CLORURO POLV 500G,1,0.33,0,9,1
SubitoFarma,938468978,NEEM OLIO 50ML SEMI,1,0.33,0,19,1
SubitoFarma,938490455,VITIPROST 30SOFT GEL,1,0.33,0,37,6
SubitoFarma,938528724,BIPROST 30CPS MOLLI,1,0.33,0,3,1
SubitoFarma,938632460,DERMASOL GCC SYS CR PR M 100ML,1,0.33,0,0,
SubitoFarma,938685272,COGNIVEL 40SOFTGEL,1,0.33,0,37,2
SubitoFarma,938685789,SEDO CALCIO PLUS AEROSOL SOL,1,0.33,0,28,2
SubitoFarma,938712332,EVITA MICO DET SCHIUM 200ML,1,0.33,0,2,1
SubitoFarma,938747971,ANGIOKRYM LIPOGEL 100ML,1,0.33,0,19,3
SubitoFarma,938749052,RINOAIR ISO 10F 5ML,1,0.33,0,7,2
SubitoFarma,938749975,SENSURA SAC URO 10/76 MAXI 30P,1,0.33,0,2,1
SubitoFarma,938751599,PSORISDIN DETERGENTE 520G,1,0.33,0,10,4
SubitoFarma,938751942,LONGLIFE OLIO BORRAG BIO 60PRL,1,0.33,0,15,1
SubitoFarma,938752235,TANTUM VERDE NATURA PAST EU&MI,1,0.33,0,9,11
SubitoFarma,938766538,GLUCOMEN AREO SENSOR STR 25PZ,1,0.33,0,320,5
SubitoFarma,938766565,GLUCOMEN AREO B-KETONE SEN10PZ,1,0.33,0,60,1
SubitoFarma,938766793,GLUCOFIX TECH SENSOR 25STR,1,0.33,0,4,6
SubitoFarma,938778887,AVENE HYDRANCE CREMA RICCA40ML,1,0.33,0,17,10
SubitoFarma,938805405,"YABRO AEROSOL 0,18% 5ML 10FL",1,0.33,0,29,1
SubitoFarma,938826310,BUONA CIRCADIEM MELATONINA20ML,1,0.33,0,104,3
SubitoFarma,938841893,LONGLIFE C 1000 POWDER 75G,1,0.33,0,12,1
SubitoFarma,938854054,LENIFREN GOCCE 50ML,1,0.33,0,198,3
SubitoFarma,938854914,PESOFORMA NATURE SMOOT MEL/AVE,1,0.33,0,5,1
SubitoFarma,938858735,LIPOSKIN DS PHARCOS 40ML,1,0.33,0,94,2
SubitoFarma,938858762,DELTACRIN DS PHARCOS 125ML,1,0.33,0,91,3
SubitoFarma,938909443,FLEBODIN 500 24CPR,1,0.33,0,228,2
SubitoFarma,938910243,HENNE COLOR CAP RO NAT EX FT,1,0.33,0,2,1
SubitoFarma,938947722,CLORURO MAGNESIO 200CPR,1,0.33,0,11,5
SubitoFarma,938952847,PHYTODEPURA FORTE 500ML,1,0.33,0,8,2
SubitoFarma,938957925,FASTCAP SHAMPOO 200ML,1,0.33,0,7,1
SubitoFarma,938968702,KORESOAP SAP DETERGENTE 300ML,1,0.33,0,17,2
SubitoFarma,939000422,AGPEG PLUS ESSE 4BUST,1,0.33,0,65,4
SubitoFarma,939007187,SMART D3 GOCCE 15ML BANANA,1,0.33,0,33,2
SubitoFarma,939016806,EUPHIDRA AMIDO CREMA CORPO,1,0.33,0,17,11
SubitoFarma,939025995,SPIRIAL EXTREME 20ML,1,0.33,0,24,11
SubitoFarma,939034625,TRICOVEL LOZIONE SPRAY 125ML,1,0.33,0,8,4
SubitoFarma,939034637,MICOFF GOCCE OTOLOGICHE 10ML,1,0.33,0,24,8
SubitoFarma,939037103,ACNIBEN BODY SPRAY ANTIACNE,1,0.33,0,27,10
SubitoFarma,939058311,ANSIOREM 20CPR,1,0.33,0,15,4
SubitoFarma,939135733,ACCU-CHEK FASTCLIX 24LANC,1,0.33,0,1314,8
SubitoFarma,939260574,TROFO 5 PASTA 100ML,1,0.33,0,75,6
SubitoFarma,939266589,IRIDIUM BABY GARZA OCUL 28PZ,1,0.33,0,65,12
SubitoFarma,939278976,LACTOFLORENE DIFESA BB 10FL,1,0.33,0,27,7
SubitoFarma,939312878,OMNISKIN 500 OLIO 500ML,1,0.33,0,31,5
SubitoFarma,939361275,NEW TOPEXAN A/IMPURITA 3IN1,1,0.33,0,2,1
SubitoFarma,939386090,LUXFLUIRES BUST 14PZ,1,0.33,0,48,11
SubitoFarma,939392522,RILASTIL LIPOFUSION NTT CR 200,1,0.33,0,1,10
SubitoFarma,939464424,CLIAXIN SPRAY S/GAS 100ML,1,0.33,1,54,4
SubitoFarma,939469084,ENDOCARE TENSAGE CREMA 30ML,1,0.33,0,19,6
SubitoFarma,939471544,BIOXTRA LIQUID SPRAY 50ML,1,0.33,0,1,10
SubitoFarma,939499190,"SOLUZIONE FISIO 0,9% NACL500ML",1,0.33,0,31,8
SubitoFarma,939580647,XFLOR 12BUST,1,0.33,0,8,5
SubitoFarma,939582793,CARDIOLIPIDSHEDIR 30CPS,1,0.33,0,38,4
SubitoFarma,939588556,NEOVIDERM EMULS CUTANEA 100ML,1,0.33,0,348,9
SubitoFarma,939588594,VIDERMINA DELIGYN GEL 6FL 5ML,1,0.33,0,13,6
SubitoFarma,939590143,CAPIDOL 600 30CPR,1,0.33,0,4,2
SubitoFarma,939635292,"MACULIFE 20CPS 24,28G",1,0.33,0,39,1
SubitoFarma,939757910,COLLAGENDEP BEAU COCKT 20DRINK,1,0.33,0,22,4
SubitoFarma,939885772,BLEFARETTE MED SALV OCUL 14PZ,1,0.33,0,5,4
SubitoFarma,939888083,SENSIVINIL GUANTO S/POLV L,1,0.33,0,22,1
SubitoFarma,939901613,PRONTEX SYNTESI MISUR PRESS DI,1,0.33,0,6,2
SubitoFarma,939920031,ARTELAC REBALANCE GTT OCULARI,1,0.33,0,249,7
SubitoFarma,939942393,INOSIFAST 4 21BUST,1,0.33,0,12,3
SubitoFarma,939983351,CLINDERM OVULI VAGINALI 15PZ,1,0.33,0,12,1
SubitoFarma,939983363,CLINNIX OVULI VAGINALI 15PZ,1,0.33,0,46,1
SubitoFarma,939985471,FLORETRIX 50MLD 10BUST,1,0.33,0,29,5
SubitoFarma,940005438,GUNAENTERO 50G,1,0.33,0,1,2
SubitoFarma,940037548,FUSION WATER MAGIC SPF50 50ML,1,0.33,0,77,10
SubitoFarma,940086337,TANTUM VERDE SOS AFTE SPR 20ML,1,0.33,74,40,7
SubitoFarma,940089802,PRODIV 20BUST,1,0.33,0,16,3
SubitoFarma,940127766,MAGNESIO BISGLICINATO 60CPS,1,0.33,0,66,1
SubitoFarma,940225004,MONODERMA ET10 XL LIPOGEL30ML,1,0.33,0,21,4
SubitoFarma,940301827,AROSMART VASCOLARE 45CPR,1,0.33,0,45,1
SubitoFarma,940337710,ESTER C PLUS 1000 30TAV,1,0.33,0,5,8
SubitoFarma,940372105,ISDINCEUTICS RETINAL INTENSE,1,0.33,0,8,8
SubitoFarma,940372170,REUMADEP GEL ARTRITE E DOLORE,1,0.33,0,13,1
SubitoFarma,940386117,PEGASO GONFIORE 30CPS,1,0.33,0,22,7
SubitoFarma,940431012,VITA B7 50CPS VEGETALI,1,0.33,0,11,1
SubitoFarma,940471980,"BIOKAP NUTRIC DEL RAP 2,9 CAST",1,0.33,0,7,1
SubitoFarma,940481839,NOVA H 6TUBETTI 5ML,1,0.33,0,15,3
SubitoFarma,940524186,POLIDAL 75 20CPR,1,0.33,0,12,1
SubitoFarma,940592494,PLENUM SALVIETTE DETERS 30PZ,1,0.33,0,4,1
SubitoFarma,940742911,DERMOVITAMINA RAGADI NA/LA VAS,1,0.33,0,13,11
SubitoFarma,940742935,DERMOVITAMINA RAGADI NA/LA STI,1,0.33,0,5,6
SubitoFarma,940884671,BIOLIFTAN EYE CONTOUR CR 15ML,1,0.33,0,7,6
SubitoFarma,940885801,AVENE BODY GEL DOCCIA 200ML,1,0.33,0,0,
SubitoFarma,940941937,FPR CREMA RICOMP A/AGE 50ML,1,0.33,3,0,1
SubitoFarma,940942028,FPR DERMO DET ATTIVO 400ML,1,0.33,5,0,1
SubitoFarma,940989433,LONGLIFE GLUCOSAMINE S 100CPS,1,0.33,0,11,1
SubitoFarma,941029682,SIGAL 40CPR 16G,1,0.33,0,207,1
SubitoFarma,941113300,VENAPLUS 30CPR,1,0.33,0,0,
SubitoFarma,941181911,UV OFTAL SOL OFT LUB FOTOP10ML,1,0.33,0,139,8
SubitoFarma,941181950,CARBOEYE TEA SOL OFT LUBR 10ML,1,0.33,0,4,1
SubitoFarma,941318558,YALOCELL 40CPS,1,0.33,0,212,1
SubitoFarma,941495347,EUPHIDRA KA LATTE SOLARE 30,1,0.33,0,0,
SubitoFarma,941516647,AMBLICOL 15FL 10ML,1,0.33,0,72,4
SubitoFarma,941577482,LACTOFLORENE CIST 10BUST,1,0.33,0,46,7
SubitoFarma,941614885,MAGFOR D3 14BUST,1,0.33,0,184,1
SubitoFarma,941617363,CORNEIAL GOCCE 10ML,1,0.33,0,87,3
SubitoFarma,941617449,QUADRIFOL 30CPR OROSOLUBILI,1,0.33,0,118,2
SubitoFarma,941617476,RIDUVEN G 20CPS,1,0.33,0,111,1
SubitoFarma,941735437,EUMILL PROTECTION GTT OCUL20FL,1,0.33,0,9,7
SubitoFarma,941771141,MICRONORM SCRUB VISO-CORPO,1,0.33,0,7,2
SubitoFarma,941788465,FARINGEL PLUS 20STICK PACK 7ML,1,0.33,0,1120,5
SubitoFarma,941798959,IDRALUX 18BUST,1,0.33,0,1,2
SubitoFarma,941800524,VITACALM MELATONINA 120CPR,1,0.33,0,7,1
SubitoFarma,941801779,EVAN 60CPR,1,0.33,0,5,4
SubitoFarma,941807644,SECRILPLUS 30CPR,1,0.33,1,26,
SubitoFarma,941844286,NUTRILEN GOCCE OCULARI 10ML,1,0.33,0,1,1
SubitoFarma,941870457,DIFENSIL ATOPIC 30ML,1,0.33,0,11,7
SubitoFarma,941970802,ANIVAL BETA 30CPR,1,0.33,0,24,1
SubitoFarma,941971564,TONIMER LAB GOCCE OCULARI MONO,1,0.33,0,6,9
SubitoFarma,941972251,CHIROFOL 1000 16CPR GASTRORESI,1,0.33,0,43,3
SubitoFarma,941988507,UNGHIASIL LEVASMALTO PROT A-OX,1,0.33,0,0,
SubitoFarma,941992339,NICOTINAMIDE DS CREMA 30G,1,0.33,0,61,3
SubitoFarma,942056452,SINCROREM PLUS GOCCE 15ML,1,0.33,0,6,10
SubitoFarma,942138886,DICODRAL LIQUIDO 4X200ML,1,0.33,0,358,6
SubitoFarma,942166366,MAYAFER 30 COMPLEX 30CPS,1,0.33,0,54,1
SubitoFarma,942167572,NICOTINAMIDE DS SHAMPOO 100ML,1,0.33,0,25,4
SubitoFarma,942211057,GAIAVIT 20BUST,1,0.33,0,2,1
SubitoFarma,942263613,FASTCAP SHAMPOO CAP GRAS/FORF,1,0.33,0,3,2
SubitoFarma,942263714,FASTCAP SHAMPOO USO FREQUENTE,1,0.33,0,5,4
SubitoFarma,942270428,ALVENEX GEL 100ML,1,0.33,0,3,1
SubitoFarma,942296536,MICONICON PHARCOS 4ML,1,0.33,0,85,2
SubitoFarma,942297159,CITIZIN 20BUST DA 15ML,1,0.33,0,125,6
SubitoFarma,942304054,CARECYST INTIMO MOUSSE 150ML,1,0.33,0,2,1
SubitoFarma,942390004,FINDERM FORTE BETA CR VAGINALE,1,0.33,0,443,9
SubitoFarma,942483239,MELATONINA SUPERIOR 30CPR,1,0.33,0,63,1
SubitoFarma,942578446,MICOSTOP PLUS CREMA VAG+6 APPL,1,0.33,0,375,5
SubitoFarma,942584917,OLEOSKIN BAGNODOC PHARCOS400ML,1,0.33,0,24,2
SubitoFarma,942602956,UREADIN LOTION 10 400ML,1,0.33,0,14,4
SubitoFarma,942610128,CALCOREL CCS 20BUST,1,0.33,0,8,1
SubitoFarma,942620131,RESCUE ORIG REMEDY GOCCE 10ML,1,0.33,0,56,10
SubitoFarma,942639042,NEVRIDOL 600 30CPR,1,0.33,0,25,6
SubitoFarma,942694959,OSMIN IDRA 250ML,1,0.33,0,54,4
SubitoFarma,942709991,IMMUNACTIVE PHARCOS 15F 10ML,1,0.33,0,48,2
SubitoFarma,942732557,VITI GEL ARNICA COMPOSTA 100ML,1,0.33,0,28,3
SubitoFarma,942733357,BRONCOSITOL SOL AEROS 10F 3ML,1,0.33,0,28,1
SubitoFarma,942802378,PRICARNIL 60CPS,1,0.33,1,15,1
SubitoFarma,942808167,ALTIAL PLUS GOCCE OCULARI 10ML,1,0.33,0,105,2
SubitoFarma,942827229,LACTIBIANE CND 10M 30CPS,1,0.33,0,2,2
SubitoFarma,942831330,NEDEMAX TRAUMI 14CPR,1,0.33,0,102,3
SubitoFarma,942844527,VISUXL SOLUZIONE OFT 20MONOD,1,0.33,0,68,2
SubitoFarma,942845532,DIOSMIR 1000 16 BUST,1,0.33,0,14,1
SubitoFarma,942845557,DIOSMIR 500 30CPR,1,0.33,0,7,11
SubitoFarma,942845571,NEVAFIN CRONO 30CPR,1,0.33,0,8,1
SubitoFarma,942845607,LIVEDREN CREMA 200ML,1,0.33,0,61,6
SubitoFarma,942859238,GENTIAN BACH ORIG 20ML,1,0.33,0,2,9
SubitoFarma,942861586,ANADREN 30CPR,1,0.33,0,8,1
SubitoFarma,942873504,NEVRIDOL 800 20CPR,1,0.33,0,20,4
SubitoFarma,942873617,CELEVIS PLUS 30ML,1,0.33,0,92,5
SubitoFarma,942894751,AKNICARE SPRAY 100ML,1,0.33,0,43,5
SubitoFarma,942921065,FOTOPROTECTOR LOTION SPRAY,1,0.33,0,9,1
SubitoFarma,942937943,EUPH SH CAPELLI NORM 250ML,1,0.33,0,15,9
SubitoFarma,942937956,EUPH SH CAPELLI SOTT 250ML,1,0.33,0,5,7
SubitoFarma,942937982,EUPH BALS IDR AMMORB 200ML,1,0.33,0,8,
SubitoFarma,942938034,OLIO DI VASELINA C/ASTUCCIO,1,0.33,2,128,9
SubitoFarma,942943073,MASSIGEN DOCCIASH ANTIFUNGINO,1,0.33,0,10,10
SubitoFarma,942943097,MASSIGEN DOCCIAGEL TONIF,1,0.33,0,1,11
SubitoFarma,942943123,TUSSEVAL GOLA ADULTI 24CPR MAS,1,0.33,0,12,8
SubitoFarma,942978053,RECURYC POLV 14BUST,1,0.33,0,11,3
SubitoFarma,943008540,"SUPARTZ SIR INTRA-ART 2,5ML 1P",1,0.33,0,121,8
SubitoFarma,943008577,"SUPARTZ SIR INTRA-ART 2,5ML 3P",1,0.33,0,41,9
SubitoFarma,943060614,REDESTOP FORTE 20CPR,1,0.33,0,2,2
SubitoFarma,943066151,CISTIX BIOTIC 7BUST,1,0.33,0,72,2
SubitoFarma,943072583,GLICOLIP 120CPR,1,0.33,0,0,
SubitoFarma,943083218,YPSODOL 30CPR RIVESTITE,1,0.33,0,12,1
SubitoFarma,943101067,LARIMUCIL TOSSE GOLA 12BUST,1,0.33,0,17,1
SubitoFarma,943129458,VISUEVO SOLUZIONE OFT 10ML,1,0.33,0,142,4
SubitoFarma,943179150,LIPO COLINA 100CPS VEGETALI,1,0.33,0,5,2
SubitoFarma,943181469,CIAK 15STICK OROSOLUBILI,1,0.33,0,3,4
SubitoFarma,943214179,DOREX URTO 6BUST OROSOL,1,0.33,0,5,1
SubitoFarma,943227381,OZODROP IVT LIPOZONEYE SOL15PZ,1,0.33,0,75,4
SubitoFarma,943249209,ANEVRIL RETARD 30CPR,1,0.33,0,18,1
SubitoFarma,943257713,NOVA ENERGY+ 24BUST,1,0.33,1,0,7
SubitoFarma,943268565,ALOFIN UOMO 60CPR,1,0.33,0,12,2
SubitoFarma,943284048,RUPIFRON 30CPR DIVISIBILI,1,0.33,0,48,1
SubitoFarma,943287452,BIOKAP B BIO SHAMPOO DOCCIA,1,0.33,0,4,1
SubitoFarma,943287464,BIOKAP B BIO SHAMPOO FORTIF,1,0.33,0,5,4
SubitoFarma,943287514,FPR SHAMPOO RINFORZANTE 200ML,1,0.33,12,0,1
SubitoFarma,943297871,KARDINAL V 20CPR,1,0.33,0,6,11
SubitoFarma,943299937,TRICOVEL SEBO SHAMPOO 150ML,1,0.33,0,3,1
SubitoFarma,943301275,FLOGERIL BREATH FORTE 18BUST,1,0.33,0,9,3
SubitoFarma,943302772,MACUPREV 20BUST,1,0.33,0,35,1
SubitoFarma,943303949,DIVERTIKUR DOLORE 30CPR,1,0.33,0,6,3
SubitoFarma,943313611,EUDIAMET 40:1 30BUST,1,0.33,0,26,6
SubitoFarma,943314183,"CAPELVENERE TINTA CAP 7,3N BIO",1,0.33,0,1,3
SubitoFarma,943314765,ANURC REFLUX 20STICK,1,0.33,0,15,2
SubitoFarma,943322418,AKNICARE MASK HIDDEN MASK 50ML,1,0.33,0,7,2
SubitoFarma,943324487,COLLAGENDEP PINK BEAUTY20STICK,1,0.33,0,33,7
SubitoFarma,943353971,MESAFAG 30CPR,1,0.33,0,9,3
SubitoFarma,943358489,VIRVIS PLUS 30CPR,1,0.33,0,75,2
SubitoFarma,943360166,NEOXENE AB 300 LAVANDA VAG 5FL,1,0.33,0,110,6
SubitoFarma,943375752,COLICALT 15ML,1,0.33,0,22,2
SubitoFarma,943508503,UNCADEP SED 20DRINK STICK,1,0.33,0,128,3
SubitoFarma,943513642,ROSACURE CLEANSING MILK 200ML,1,0.33,0,8,1
SubitoFarma,943606487,ALLERDEP SPRAY NASALE 30ML,1,0.33,0,44,1
SubitoFarma,943713685,MELACRON SPRAY ORALE 15ML,1,0.33,0,35,4
SubitoFarma,943731366,UTICOMBO GEL 50ML,1,0.33,0,10,2
SubitoFarma,943774075,SMART FLUORO GOCCE 10ML CR VAN,1,0.33,0,6,3
SubitoFarma,943778187,SIMBIDOL ASSET PASTA 15G SIR,1,0.33,0,7,2
SubitoFarma,943791160,RELAXIGEN PET MINI 20CPR,1,0.33,0,28,5
SubitoFarma,943791210,DOLIXIN GEL 100ML,1,0.33,0,7,1
SubitoFarma,943796108,MUNATORIL SPRAY NASALE 20ML,1,0.33,0,3,1
SubitoFarma,943797314,POST PUNGELLO SALVIETTE 15PZ,1,0.33,0,12,3
SubitoFarma,943872996,CICATRIDINA FORTE 30CPR,1,0.33,0,131,2
SubitoFarma,943891592,BUONERBE FORTE SCIR 180ML,1,0.33,0,26,7
SubitoFarma,943908929,OZOGIN HYDRA OVULI VAG 8PZ,1,0.33,0,41,5
SubitoFarma,943911228,EUVITASE ADVANCE 60CPS CAREINN,1,0.33,0,0,
SubitoFarma,943941258,FLOSIL 20BUST,1,0.33,0,23,1
SubitoFarma,943941613,PROBIOBASE 20CPS,1,0.33,0,20,5
SubitoFarma,943941664,PROBIOBENE 30CPS,1,0.33,0,19,4
SubitoFarma,943949420,COLPLATIR 30CPR RIVESTITE,1,0.33,0,5,1
SubitoFarma,943966426,PANTAREI 16BUST OROSOLUBILI,1,0.33,0,40,4
SubitoFarma,944007879,DISMICHEL CREMA 50ML,1,0.33,0,31,1
SubitoFarma,944028859,SONNORIL SPRAY ORALE 15ML,1,0.33,0,66,2
SubitoFarma,944131162,RIBES PET ULTRA CANE GEL 30BUS,1,0.33,0,9,3
SubitoFarma,944136302,PROTECTIN 30CPR 850MG,1,0.33,0,9,4
SubitoFarma,944136377,ARMONIUM 20BUST 3G,1,0.33,0,19,3
SubitoFarma,944137506,GERMISDIN IGIENE CORPO ALOE V,1,0.33,0,10,6
SubitoFarma,944159084,DULCOSOFT IRREGOLAR/GONF 200G,1,0.33,0,7,4
SubitoFarma,944178312,BIOKAP SHAMPOO RINFOR ANTICAD,1,0.33,0,1,1
SubitoFarma,944183209,CONAN CREMA PROCTOLOGICA 30G,1,0.33,0,78,4
SubitoFarma,944249059,OCUDOX SOL PERIOCULARE 60ML,1,0.33,0,19,2
SubitoFarma,944252004,INOSAVANCE 30BUST,1,0.33,0,25,1
SubitoFarma,944260544,BIODELTA ENERGIA 20BUST,1,0.33,0,20,1
SubitoFarma,944294685,DIZILEN 20CPR,1,0.33,1,28,2
SubitoFarma,944307925,EUMILL NASO BABY SOL FISIOL20M,1,0.33,0,10,10
SubitoFarma,944324209,PREFOLIC MAMMA 30CPR,1,0.33,0,31,7
SubitoFarma,944424288,OXIMIX D3K2 60CPS,1,0.33,0,4,11
SubitoFarma,944435104,MITOFAST 30STICK OROSOLUBILI,1,0.33,0,6,1
SubitoFarma,944440534,DIFENSIL IMMUNO BUSTINE,1,0.33,0,27,4
SubitoFarma,944446588,TUBESCOLON TARGET 30CPR NF,1,0.33,0,2,3
SubitoFarma,944493271,NEW PURELAN CREMA CAPEZZOLI 7G,1,0.33,0,7,5
SubitoFarma,944596600,SAVEL HYDRA BIOS 60ML,1,0.33,0,30,4
SubitoFarma,944612581,RUCEN CREMA GEL 50ML,1,0.33,0,17,2
SubitoFarma,944630021,ONLIFE CREMA 50ML,1,0.33,0,4,3
SubitoFarma,944686221,FLUISI 10BUST,1,0.33,0,65,1
SubitoFarma,944686551,ANONET SALVIETTE 60PZ,1,0.33,0,23,8
SubitoFarma,944700614,BABYGELLA PREBIOTIC BAGNO500ML,1,0.33,0,6,
SubitoFarma,944778796,LICHTENA PEDIATRICA CREMA 50ML,1,0.33,5,41,1
SubitoFarma,944779091,EUPH SMALTO SEMI+TL F SP02,1,0.33,0,1,4
SubitoFarma,944779723,EUPH SMALTO RINFOR SR08,1,0.33,0,2,7
SubitoFarma,944786983,PSYLLOGEL GONFIORE PESCA10BUST,1,0.33,0,199,11
SubitoFarma,944790258,SERONAL REM GOCCE 50ML,1,0.33,0,9,1
SubitoFarma,944799232,SALIVIT MG 30STICK,1,0.33,0,14,2
SubitoFarma,944800984,LONGLIFE QUERCETINA 200 60CPR,1,0.33,0,15,3
SubitoFarma,944840661,NATURE'S SOL STICK SPF50+ NF,1,0.33,0,2,2
SubitoFarma,944873759,EMORTROFINE H GEL PROCTOLOGICO,1,0.33,0,90,5
SubitoFarma,944876693,POLIVIT IMMUNO MATRIX 10FL,1,0.33,0,27,6
SubitoFarma,944881580,SPIRULINA 80CPS VEG,1,0.33,0,1,2
SubitoFarma,944891454,ANDROAGE 60CPR,1,0.33,0,4,2
SubitoFarma,944898143,CETILAR PATCH CEROTTO 5PZ,1,0.33,0,209,12
SubitoFarma,944940853,DINAMIC PLUS 30CPS MOLLI,1,0.33,0,705,2
SubitoFarma,944944976,DREAGIN REACT GEL 30ML,1,0.33,0,12,1
SubitoFarma,944956818,DIFESAN+ 7CPR VAGINALI,1,0.33,0,57,1
SubitoFarma,945008252,MAYASPRINT 10FL,1,0.33,0,32,1
SubitoFarma,945026615,PROMENSIL ADVANCE 30CPR,1,0.33,0,24,2
SubitoFarma,945046290,FRASSILAX 12BUST,1,0.33,0,38,4
SubitoFarma,945046579,PICOCROMO SUPERCONCENTR 90CPS,1,0.33,0,7,7
SubitoFarma,945085239,ANSIOREVE ORO 20CPR,1,0.33,0,11,1
SubitoFarma,945100978,DIGERFAST GOCCE 30ML,1,0.33,0,6,1
SubitoFarma,945101083,CICATRIDINA EMULSIONE CRP180ML,1,0.33,0,30,9
SubitoFarma,945101780,LUBRIGYN HYDRA GEL DUO 400+400,1,0.33,0,43,7
SubitoFarma,945104747,MASSIGEN SPORT PW ISOL CIOC,1,0.33,0,0,
SubitoFarma,945110930,PSORISDIN EMOLLIENT LOTION,1,0.33,0,9,3
SubitoFarma,945140135,EUPH COLORPRO XD 407 CAST,1,0.33,0,34,
SubitoFarma,945140147,EUPH COLORPRO XD 507 CAST,1,0.33,0,4,9
SubitoFarma,945140150,EUPH COLORPRO XD 707 BIOND,1,0.33,0,1,12
SubitoFarma,945150377,ESTETIC FORMULA 60TAV,1,0.33,0,8,10
SubitoFarma,945172409,EUPH MR GEL RASATURA TRASP,1,0.33,0,0,
SubitoFarma,945235467,ENSURE ADVANCE FRAGOLA 400G,1,0.33,0,34,3
SubitoFarma,945238448,MIDACOLINA 30BUST,1,0.33,0,18,1
SubitoFarma,945251128,ISDINCEUTICS MELACLEAR REFILL,1,0.33,0,4,4
SubitoFarma,945356499,VITADEP OSTEO 30STICK,1,0.33,0,128,1
SubitoFarma,946442441,ITYOLATE POMATA 50ML,1,0.33,0,197,1
SubitoFarma,946459702,DICOGEL GASTRO 200ML,1,0.33,0,103,6
SubitoFarma,946484894,FLUGENIL SOLUZIONE DELICATA,1,0.33,0,32,3
SubitoFarma,946871252,VITA FOLIC 400 100TAV,1,0.33,0,9,6
SubitoFarma,947022036,PICOCROMO 90TAV,1,0.33,0,17,4
SubitoFarma,947038269,ACIDOPHILUS 50CPS VEGETALI,1,0.33,0,6,11
SubitoFarma,947050858,FLAVONIL 600 30CPR,1,0.33,0,51,6
SubitoFarma,947069819,OTIZON SOL OTOLOGICA 12ML,1,0.33,0,22,2
SubitoFarma,947073704,RILASTIL ACNESTIL MICROPEELING,1,0.33,0,119,3
SubitoFarma,947073894,RILASTIL SUN SYS D CLAR L 50+,1,0.33,0,23,10
SubitoFarma,947073920,RILASTIL SUN SYS WT COL SPF50+,1,0.33,0,9,11
SubitoFarma,947073995,RILASTIL SUN SYS TRANSP SPF30,1,0.33,0,25,12
SubitoFarma,947074074,RILASTIL SUN SYS INTENSIF200ML,1,0.33,0,12,11
SubitoFarma,947090698,BUONERBE LIBERA POLVERE 100G,1,0.33,0,13,7
SubitoFarma,947091245,DEFLUX BIMBO 150ML,1,0.33,0,17,2
SubitoFarma,947101061,AGPEG ESSE 400G,1,0.33,0,41,3
SubitoFarma,947101224,DIFENSIL FLU SPRAY NASO 30ML,1,0.33,0,27,11
SubitoFarma,947116529,MISTICK CEROTTI CITRONELLA30PZ,1,0.33,0,4,5
SubitoFarma,947116644,MELLIS BIO SHAMPOO 400ML,1,0.33,0,29,7
SubitoFarma,947117949,LONGLIFE COPPER 2MG 100CPR RIV,1,0.33,0,14,2
SubitoFarma,947123600,LITOBLOCK 30BUST,1,0.33,0,4,1
SubitoFarma,947125124,GINKGO BILOBA 60 60VEGICPS,1,0.33,0,0,
SubitoFarma,947127662,NEFROKRILL CANE 60PRL,1,0.33,0,8,10
SubitoFarma,947134197,PEAPROSTIL NEX 30CPR TRISTRATO,1,0.33,0,78,4
SubitoFarma,947134488,DERMOLIVO OLIO DERMAT SPRAY,1,0.33,0,14,1
SubitoFarma,947140479,SOAVEMIN 300 OVULI 10PZ,1,0.33,0,50,8
SubitoFarma,947140505,CLOMEVAL PLUS GEL VAGINALE35ML,1,0.33,0,26,2
SubitoFarma,947159481,SODIO BICARBONATO ALIM 30CPR,1,0.33,0,57,5
SubitoFarma,947194546,FERROSIL PLUS 30CPR,1,0.33,0,9,2
SubitoFarma,947194597,LONGLIFE ESTER C 1000MG 60TAV,1,0.33,0,14,6
SubitoFarma,947213157,ST23 SERUM 18ML,1,0.33,1,41,1
SubitoFarma,947219616,FITOCLORELLA 100CPS,1,0.33,0,0,
SubitoFarma,947219820,CELLPLUS AD FANGO CR ULTRA ATT,1,0.33,0,1,1
SubitoFarma,947222232,WOMAN SUPPORT 45+ 30MINITAV,1,0.33,0,3,3
SubitoFarma,947226611,VALERIANA 100CPS VEGETALI,1,0.33,0,1,1
SubitoFarma,947226938,FLOGONOX 10CPR,1,0.33,0,5,4
SubitoFarma,947228173,MIRLIFLOG 20CPR NF,1,0.33,0,49,1
SubitoFarma,947228387,IDISOLE-IT SPF30 200ML,1,0.33,0,3,
SubitoFarma,947228957,SPECIAL BYO DIFESA 30CPR,1,0.33,0,1,1
SubitoFarma,947236853,IPPOCASTANO GEL 100ML,1,0.33,0,8,1
SubitoFarma,947241016,DER-MYC ROSA DETERGENTE INTIMO,1,0.33,0,18,2
SubitoFarma,947246930,EUPHIDRA AMIDO CREMA RASSOD,1,0.33,0,4,3
SubitoFarma,947252060,ISDINCEUTICS ESSENTIAL CLEAN,1,0.33,0,9,7
SubitoFarma,947273049,ENNEBIDOL 20SOFTGEL,1,0.33,0,70,4
SubitoFarma,947281085,MULTIQUIET BALANCE 240ML,1,0.33,0,56,4
SubitoFarma,947322032,OSMIN TOPIC PROLABIAL 15ML,1,0.33,0,48,5
SubitoFarma,947322069,INOSIT U20 150ML,1,0.33,0,69,3
SubitoFarma,947323832,FLEBOMIX MICROCIRCOLO 30CPR,1,0.33,0,62,1
SubitoFarma,947328605,KILOCAL BRUCIA GRAS CARBO30CPR,1,0.33,0,14,9
SubitoFarma,947383752,FLUGENIL LACT ORAL 15CPS,1,0.33,0,68,6
SubitoFarma,947387229,AUDIFRIX GOCCE AURICOLARI100ML,1,0.33,0,14,1
SubitoFarma,947389615,OFTAROS GARZE 16PZ,1,0.33,0,55,1
SubitoFarma,947390441,BENEXOL SPRAY B12 15ML,1,0.33,0,34,6
SubitoFarma,947394603,APOPTOSIS 14BUST,1,0.33,0,19,1
SubitoFarma,947395620,LICHTENA CREMA 200ML NF,1,0.33,0,63,2
SubitoFarma,947418846,AMINO TAURINA 500 50CPS VEG,1,0.33,0,4,1
SubitoFarma,947434926,GOLDEN CRIN B+C 100TAV,1,0.33,0,12,8
SubitoFarma,947455958,BIOVIT 3 MULTI GOCCE 30ML,1,0.33,0,50,3
SubitoFarma,947455972,MANNOX 2TM 20STICK OROSOLUBILI,1,0.33,0,19,7
SubitoFarma,947461291,ENFLOG GEL VAGINALE 7APPL MONO,1,0.33,0,22,9
SubitoFarma,947480719,SYALOX 150 30CPS,1,0.33,0,19,2
SubitoFarma,947493641,NEURO PESCE 50PRL SOFTGELS,1,0.33,0,21,6
SubitoFarma,947495913,OCIO SPRAY 10ML,1,0.33,0,21,1
SubitoFarma,947499012,ROSE VITA C 1000 100TAV,1,0.33,0,7,12
SubitoFarma,948013507,LENITINA PLUS 50ML,1,0.33,0,60,2
SubitoFarma,948013558,BIOKAP B MASCHERA VIOLA ANTIGI,1,0.33,0,4,2
SubitoFarma,948015108,ENSURE ADVANCE BASE VEG 400G,1,0.33,0,0,
SubitoFarma,948162882,NEFROKRILL GATTO 60PRL,1,0.33,0,1,8
SubitoFarma,948179395,IDROSEK 30CPS,1,0.33,0,0,
SubitoFarma,948186010,FISIOCREM CREAM CANNABIS 100ML,1,0.33,0,3,10
SubitoFarma,948242247,PROBINUL 5 OROSOLUBILE 12STICK,1,0.33,0,40,3
SubitoFarma,949426504,ASTENALT 30F 25ML,1,0.33,0,81,1
SubitoFarma,949477451,ARMOLIPID DONNA 50+ 30CPS,1,0.33,0,7,
SubitoFarma,949494999,PEIRONIMEV PLUS 30CPR,1,0.33,0,41,5
SubitoFarma,949502049,DICOFLOR 30 AAD 30CPS,1,0.33,0,34,6
SubitoFarma,949502785,APIX SEDIGOLA ACTIV SPRAY 30ML,1,0.33,0,10,1
SubitoFarma,949505073,LARIMUCIL FLUIDIFIC 600 10BUST,1,0.33,0,30,2
SubitoFarma,949506873,DIXY HAIR 30CPS,1,0.33,0,20,1
SubitoFarma,949514867,LEVUDIN DETERGENTE INTIMO150ML,1,0.33,0,13,2
SubitoFarma,949535900,PROLIFE 10 FORTE 20CPS,1,0.33,0,213,11
SubitoFarma,949645408,DR VITI DRENANTE MIRTILLO500ML,1,0.33,0,7,12
SubitoFarma,949703793,REXOFLUS 200ML,1,0.33,0,3,2
SubitoFarma,949733822,FERTYSOD UOMO 30CPS,1,0.33,0,0,
SubitoFarma,949842328,DICOVIT PLUS GOCCE 15ML,1,0.33,0,38,2
SubitoFarma,949862383,NEDEMAX 30CPR,1,0.33,0,10,10
SubitoFarma,949869349,MACULVIST 20CPR RIVESTITE,1,0.33,0,28,1
SubitoFarma,949870000,DERMOLIVO LUBRIFICANTE INT12BU,1,0.33,0,7,1
SubitoFarma,949883072,FERFOLIX FORTE 20BUST,1,0.33,0,19,1
SubitoFarma,949887032,UTILEN 14BUST,1,0.33,0,14,2
SubitoFarma,949897882,PRONTEX BRACCIALE COMFORT,1,0.33,0,1,1
SubitoFarma,949922114,DRENALASE PET 30CPR,1,0.33,0,13,5
SubitoFarma,949923229,PENTA OZ OLIO LENITIVO 50ML,1,0.33,0,1,
SubitoFarma,949924928,ACNIBEN FACIA CREAM 40ML,1,0.33,0,15,7
SubitoFarma,949963134,LUXFLUIRES AEROSOL 10F 5ML,1,0.33,0,11,2
SubitoFarma,949970558,UREADIN CREAM10 300ML,1,0.33,0,10,6
SubitoFarma,949973503,DIABEC 60CPS MOLLI,1,0.33,0,11,4
SubitoFarma,949975546,HUMANA 1 5HMO 1100G MP,1,0.33,0,42,1
SubitoFarma,949976245,SAUGELLA MEDIT DERMOLIQ+POCH,1,0.33,32,52,8
SubitoFarma,949976866,PRONTEX SOFT PAD MEDIC 10X8,1,0.33,0,25,6
SubitoFarma,949976878,"PRONTEX SOFT PAD MEDIC 10X12,5",1,0.33,0,49,5
SubitoFarma,949993479,RALAVIS 30CPR,1,0.33,0,9,1
SubitoFarma,949994178,ACICARE 30CPR GASTROPROTETTE,1,0.33,0,3,1
SubitoFarma,950028593,STITICOL 20BUST 20ML,1,0.33,0,29,2
SubitoFarma,950036956,AVENE ANTIROUGEURS ROSAMED 50+,1,0.33,0,83,8
SubitoFarma,950045031,SENSIBIO AR+ CREAM 40ML,1,0.33,0,14,
SubitoFarma,950045056,SENSIBIO AR+ SOS SPRAY 70ML,1,0.33,0,6,
SubitoFarma,950055210,CH TAZZA ACTIVE AZZURRA 14M+,1,0.33,0,6,1
SubitoFarma,950055323,CH CIOTOLA PIAT PIANO 12M+ RA,1,0.33,0,3,2
SubitoFarma,950055400,CH SET PAPPA 12M+ ROSA,1,0.33,0,1,3
SubitoFarma,950059776,PAXABELGO 12BUST,1,0.33,0,23,8
SubitoFarma,950061414,ADFQ10 30CPS,1,0.33,0,253,1
SubitoFarma,950063471,SONNOMEL 20STICK,1,0.33,0,2,4
SubitoFarma,950065957,MITOCOLIN 30CPR DIVISIBILI,1,0.33,0,3,3
SubitoFarma,950073700,VEMAG IDRA BOCCA GOLA MEN40CPR,1,0.33,0,20,2
SubitoFarma,950125791,MEGAN 1000 60SOFTGEL,1,0.33,0,4,2
SubitoFarma,950150680,BIOSCALIN TOTAL CARE ATT CA2PZ,1,0.33,0,26,5
SubitoFarma,950152405,NOFLOGO EMULGEL 100G,1,0.33,0,44,1
SubitoFarma,950211666,NHCO AMINOPERIOD 45CPR,1,0.33,0,1,3
SubitoFarma,950219562,APOVARY 20CPS,1,0.33,0,4,2
SubitoFarma,950225971,DIETFORMPIC 30CPS VEGETALI,1,0.33,0,16,3
SubitoFarma,950239400,FPR PIU' FLORA PANCIA PI10BUST,1,0.33,4,0,1
SubitoFarma,950247940,HIPP AN 30ML,1,0.33,0,73,4
SubitoFarma,950268730,PEACTIVE 14STICK,1,0.33,0,2,
SubitoFarma,950276737,GIBAUD ORTHO CORS LOMB ACT V 4,1,0.33,0,2,2
SubitoFarma,950298873,ORALB MAN FILO SUPERFLOSS NEW,1,0.33,0,246,12
SubitoFarma,950304117,PODOKER 40 GEL 40ML,1,0.33,2,28,5
SubitoFarma,950406520,SOMADIN 30SOFTGEL,1,0.33,0,17,1
SubitoFarma,950406898,DR FILLERMAST SPRAY 50+ 100ML,1,0.33,0,2,1
SubitoFarma,950407609,MOONILA COLLANA ORO SYLVIA,1,0.33,1,0,1
SubitoFarma,950456362,SPIRIAL ROLL ON REFILL 50ML,1,0.33,0,6,8
SubitoFarma,950456766,POPULEO POMATA 50ML,1,0.33,0,0,
SubitoFarma,950478127,GSH-VA GLUTATIONE 60CPS ACIDO,1,0.33,0,87,7
SubitoFarma,950479244,COMPLESSO B SPRAY 20ML,1,0.33,0,3,1
SubitoFarma,950479257,MELATONINA LIPOSOMIALE 20ML,1,0.33,0,3,1
SubitoFarma,950497368,IALARTI 20CPS,1,0.33,0,2,2
SubitoFarma,950577395,SCHAR PITA 150G,1,0.33,0,10,5
SubitoFarma,950612034,DEFLUX FAST 30CPR MASTIC,1,0.33,0,63,1
SubitoFarma,950832055,BIOREPAIR ADV PROT COMPLETA50+,1,0.33,0,45,
SubitoFarma,950836181,LIOFERRINA 30ML,1,0.33,0,5,1
SubitoFarma,950836205,MAVOSTEN MAGNESIO 60CPS,1,0.33,2,16,4
SubitoFarma,950837195,KIJIMEA K53 ADVANCE 10CPS,1,0.33,0,1,9
SubitoFarma,950841712,CRIOCUT EMULSIONE 30ML,1,0.33,0,62,3
SubitoFarma,950849885,TIOBEC 40CPR,1,0.33,0,28,1
SubitoFarma,950909871,CROTAMITON PLUS 10% + 5% LOZ,1,0.33,0,1,8
SubitoFarma,950913588,VINOPURE FLUIDO MAT IDRAT 60ML,1,0.33,0,4,1
SubitoFarma,950944773,TENDINART TRIACT 20BUST,1,0.33,0,15,1
SubitoFarma,950953669,PEDIAKD PLUS 150 5ML,1,0.33,0,11,1
SubitoFarma,950975654,RESOURCE ENERGY VANIGLIA 200ML,1,0.33,0,0,
SubitoFarma,950975678,RESOURCE ENERGY FRAGOLA LAMPON,1,0.33,0,0,
SubitoFarma,950980856,ESI ARTIGLIO DIAVOLO GEL 100ML,1,0.33,0,59,6
SubitoFarma,950990150,REGOLART 30CPR,1,0.33,0,6,5
SubitoFarma,951029305,SINCROLIPID 20CPR,1,0.33,0,3,1
SubitoFarma,951034952,BYOMIND PRO 10FL 15ML,1,0.33,0,6,1
SubitoFarma,951034990,BYOARTRO BOOSTER 20BUST,1,0.33,0,3,3
SubitoFarma,951035029,BYOSPRINT POWER 14BUST,1,0.33,0,6,1
SubitoFarma,951035031,BYONERV PAIN SOSTENIUM 30CPS,1,0.33,0,6,1
SubitoFarma,951035056,BYOFORCE PLUS 20STICK,1,0.33,0,6,1
SubitoFarma,951038746,KROMIA FB LIPOSOMIALE 15ML,1,0.33,0,14,3
SubitoFarma,951044421,SOLUZIONE SCHOUM ADVANCE 500ML,1,0.33,0,190,5
SubitoFarma,951044433,SOLUZIONE SCHOUM ADVANCE FORTE,1,0.33,1,447,
SubitoFarma,951064524,CERAVE SKIN RENEWING SIERO VIT,1,0.33,0,17,11
SubitoFarma,951064551,CERAVE SKIN RENEWING CONT OCCH,1,0.33,0,4,6
SubitoFarma,951084957,NUTRIREGULAR REFLUX 20STICKGEL,1,0.33,0,15,4
SubitoFarma,951091913,EUCERIN DC SIERO TRIPLA AZ40ML,1,0.33,0,9,7
SubitoFarma,951094376,VERODOL TAPE 250X4CM,1,0.33,0,6,2
SubitoFarma,951094388,AGLUTEN COUS COUS RISO INTEGR,1,0.33,0,5,2
SubitoFarma,951105840,AVENE CLEANANCE COMEDOMED+,1,0.33,0,107,11
SubitoFarma,951118862,ZENTRON 30BUST,1,0.33,0,44,1
SubitoFarma,951124458,PODIDRAL AD CREMA 100ML,1,0.33,0,16,1
SubitoFarma,951176231,PLAS RELAX 20STICK PACK,1,0.33,0,2,3
SubitoFarma,951176243,PLAS SONNO 20STICK PACK,1,0.33,0,3,2
SubitoFarma,951211642,SARCO MU 140CPR,1,0.33,0,0,
SubitoFarma,951216252,CUTIMED SORBACT CONT 4X6CM 5PZ,1,0.33,0,8,7
SubitoFarma,951241900,GLICEM STOP COMPLETE 60CPS,1,0.33,0,3,
SubitoFarma,951246457,GINELUX 30CPR,1,0.33,0,4,1
SubitoFarma,951305046,HIPP*COMBIOTIC 2 500ML B O   @,1,0.33,0,11,6
SubitoFarma,951306531,MEDEL ONE MISURATORE PRESSIONE,1,0.33,27,0,1
SubitoFarma,951330657,VIT D3+K2 56CPR,1,0.33,0,18,4
SubitoFarma,951334729,KERATRENE 14BUST,1,0.33,0,9,3
SubitoFarma,951337866,MIOAPP 20BUST,1,0.33,0,1,2
SubitoFarma,951358290,SALIPIL BIOME 50ML,1,0.33,0,37,2
SubitoFarma,951360522,ERANERV 800 20BUST,1,0.33,0,6,1
SubitoFarma,951364811,GLAUCOCIT PRO 20CPR DIVISIBILI,1,0.33,0,15,2
SubitoFarma,951366778,DICOFLOR GOCCE 6ML,1,0.33,0,582,10
SubitoFarma,951367174,COBAFOL+ 30CPR,1,0.33,0,31,1
SubitoFarma,951375601,LINFOBACTER 30CPR,1,0.33,0,52,1
SubitoFarma,951378076,XANTOPIX AD CREMA 250ML,1,0.33,0,10,1
SubitoFarma,951378506,VITA C MASTICABILE 90CPR MAST,1,0.33,0,1,12
SubitoFarma,951383049,IGLOO UTS1034/03 OCCHIALE SOLE,1,0.33,2,0,1
SubitoFarma,951384116,TONIMER ISOTONIC 300 NORM100ML,1,0.33,0,2,1
SubitoFarma,951385208,THEALOZ GEL GOCCE OCULARI 15G,1,0.33,0,4,4
SubitoFarma,951455551,UTILISSIMI 0193 C01 D+3,1,0.33,1,0,1
SubitoFarma,951456817,SENSIFINE HYDRA CREME 40ML,1,0.33,0,5,2
SubitoFarma,951457629,ERITRIL PRO 20CPS,1,0.33,0,6,1
SubitoFarma,951459231,PSICOBIOTIC 20CPS GASTRORESIST,1,0.33,0,6,2
SubitoFarma,951459243,COLOBUTIR 30CPS GASTRORESISTEN,1,0.33,0,2,2
SubitoFarma,951464320,DERMOLIVO METABOLICO 30STICK,1,0.33,0,14,1
SubitoFarma,951468711,PELVIXAN 12SUPP,1,0.33,0,11,1
SubitoFarma,951484625,NEUROTRIX ALA 14BUST,1,0.33,0,14,1
SubitoFarma,951486214,PEDIATRICS BODY LOTION SPF50,1,0.33,0,0,
SubitoFarma,951500836,AVENE XERACALM AD BALS LI200ML,1,0.33,0,58,4
SubitoFarma,951501408,ADCMYFOLIC 30CPR,1,0.33,0,73,1
SubitoFarma,951506043,STOMEK SOSPENSIONE 30STICK,1,0.33,0,3,2
SubitoFarma,951507425,ESENTA STOMAHESIVE PASTA 60G,1,0.33,2,35,1
SubitoFarma,951551302,ENTONIL CREMA 10ML,1,0.33,0,6,6
SubitoFarma,951800794,STEROZEN FORTE 60CPS,1,0.33,0,0,
SubitoFarma,951873189,DICLOREUM JOINT PLUS 20BUST,1,0.33,0,6,11
SubitoFarma,951881539,ADIPROX FLUIDO CS 1+1,1,0.33,0,0,
SubitoFarma,951890209,AGIPROST FORTE 90CPS,1,0.33,0,5,1
SubitoFarma,951998968,DICOELLE REPAIR 10OV,1,0.33,0,137,11
SubitoFarma,952004099,TELEANGYL PROTECT SPF50+ PHARC,1,0.33,0,52,1
SubitoFarma,952050678,GASTROVOM 30STICK PACK,1,0.33,0,7,6
SubitoFarma,952058358,VEA OFT GEL OLEOSO CONT OCCHI,1,0.33,0,0,
SubitoFarma,952070720,GYNEDRAL OVULI VAGINALI 10OV,1,0.33,0,0,
SubitoFarma,952108544,TROFINIX 10FL,1,0.33,0,3,1
SubitoFarma,970148894,GLUCOMANNANO 90CPR 500MG,1,0.33,0,23,3
SubitoFarma,970155711,TRICOLOR BIOND CH 8          @,1,0.33,0,6,1
SubitoFarma,970175598,SERBLEND 60CPR,1,0.33,0,4,6
SubitoFarma,970176513,BIATAIN SIL LITE ADES 5X5CM,1,0.33,0,1,1
SubitoFarma,970216089,OMEOST 30CPR,1,0.33,0,23,1
SubitoFarma,970224313,AUXILIE IMMUPLUS J SOLU30STICK,1,0.33,0,1,4
SubitoFarma,970281782,DISABITUANTE SPRAY 300ML,1,0.33,0,2,1
SubitoFarma,970283952,MELATONINA ZN-S PIERPAOLI60CPR,1,0.33,0,105,5
SubitoFarma,970283964,PROVISION PIERPAOLI 60CPR,1,0.33,0,15,7
SubitoFarma,970326841,CISTAVIT 30CPS,1,0.33,0,3,1
SubitoFarma,970326930,PROMOVIA SIRINGA*INTRA-ART 4 @,1,0.33,0,3,1
SubitoFarma,970378574,THERAMICOTIC SPRAY 200ML,1,0.33,0,16,1
SubitoFarma,970385314,AVIUR RETARD 10CPS,1,0.33,0,1,1
SubitoFarma,970408062,NEO MINERALSALZ REINTEGRANTE,1,0.33,0,3,3
SubitoFarma,970424368,TREGORD 20STICK PACK 10ML,1,0.33,0,24,3
SubitoFarma,970429700,DEFENCE COLOR OMBR MONO 415,1,0.33,0,1,1
SubitoFarma,970429902,DEFENCE SUN 30 BAB&KID LAT P/A,1,0.33,0,0,
SubitoFarma,970432795,RUMMO LINGUINE N13 RISO I/MAIS,1,0.33,0,41,4
SubitoFarma,970439838,SENNAB 60CPR,1,0.33,0,27,2
SubitoFarma,970441844,XEMOSE C8+ CR 200ML,1,0.33,0,16,7
SubitoFarma,970443329,NEOGALENO PASTA L-MOD 250ML,1,0.33,0,3,
SubitoFarma,970444877,VELVET SOFT RICAR ROLL EX ESFO,1,0.33,0,2,7
SubitoFarma,970448700,BETBERRY 80 10BUST,1,0.33,0,9,2
SubitoFarma,970448849,CARCIOFO ESTRATTO INTEGR 200ML,1,0.33,0,6,3
SubitoFarma,970450235,VISCHIO ESTRATTO INTEGR 200ML,1,0.33,0,5,10
SubitoFarma,970451124,OCTILIA LACRIMA 10ML,1,0.33,0,62,10
SubitoFarma,970452049,VITAMINA D 2000 UI 168CPR MAST,1,0.33,0,30,11
SubitoFarma,970454346,PIC BRACCIALE RIG MISUR PRESS,1,0.33,0,1,2
SubitoFarma,970484818,SEROMILK PLUS 15CPR,1,0.33,0,53,1
SubitoFarma,970487219,LEUKOPLAST ELASTIC 1MX6CM,1,0.33,0,15,1
SubitoFarma,970488197,CRONASSIAL 30CPR,1,0.33,0,28,2
SubitoFarma,970488868,HYDRO FUEL ARANCIA 480G,1,0.33,0,8,6
SubitoFarma,970503114,TIAGIN FAST 10CPS VAGINALI SOF,1,0.33,0,234,4
SubitoFarma,970524942,PROVITA MAMMA 50CPS,1,0.33,0,6,1
SubitoFarma,970525705,SANISPIRA ALLERGIA NAS S 10PZ,1,0.33,0,9,2
SubitoFarma,970538551,VETRAMIL DERMASHAMPOO 150ML,1,0.33,0,0,
SubitoFarma,970702054,STERILIZZATORE PORT BLU/VE,1,0.33,0,10,1
SubitoFarma,970708119,FITOSTILL PLUS GTT OCUL 10F MO,1,0.33,0,74,7
SubitoFarma,970726574,MIRRA ESTRATTO INTEGRALE 200ML,1,0.33,0,1,1
SubitoFarma,970771390,CLOREXYDERM OTO PIU' 150ML,1,0.33,0,60,2
SubitoFarma,970795100,RENAL P 70G,1,0.33,0,12,2
SubitoFarma,970795175,RENAL N 70G,1,0.33,0,15,9
SubitoFarma,970802512,EOS BIOVERDE 1000ML,1,0.33,0,11,5
SubitoFarma,970928178,SPEEDICATH FLEX AUTOLUB CH12 N,1,0.33,0,35,1
SubitoFarma,970936403,REPLANA ANTIAGE 50ML,1,0.33,0,3,1
SubitoFarma,970982892,MELISSA ESTRATTO INTEGR 200ML,1,0.33,0,1,2
SubitoFarma,970988059,STERI STRIP SKIN 6X75MM 6STR,1,0.33,0,7,9
SubitoFarma,970991826,ESI GARCINIA CAMBOGIA 60CPR,1,0.33,0,52,11
SubitoFarma,970996841,WINTUSS SCIROPPO 170ML,1,0.33,0,83,4
SubitoFarma,971010653,BIO ESSENZE ALLUME POTASSIO SP,1,0.33,0,12,3
SubitoFarma,971051281,LEVIOR FLORA10 100CPR,1,0.33,0,1,1
SubitoFarma,971052042,SANISPIRA ALLERGIA NAS L 10PZ,1,0.33,0,5,4
SubitoFarma,971055468,EAU THERMALE LAIT CORPO 500ML,1,0.33,0,0,
SubitoFarma,971055470,EAU THERMALE BALSAMO CORPO,1,0.33,0,13,5
SubitoFarma,971060456,AURICULARIA GHEOS 90CPS,1,0.33,0,3,1
SubitoFarma,971060898,TENA MEN LEVEL 2 10PZ,1,0.33,3,97,
SubitoFarma,971061902,FUMARIA ESTRATTO INTEGR 200ML,1,0.33,0,1,1
SubitoFarma,971064225,METARELAX NEW 40BUST,1,0.33,0,5,
SubitoFarma,971068871,OMEGOR KIDS 60CPS MASTICABILI,1,0.33,0,24,1
SubitoFarma,971086273,KIT PAPPA 6 MESI+ AZZURRO,1,0.33,0,6,1
SubitoFarma,971086285,KIT PAPPA 6 MESI+ ROSA,1,0.33,0,1,1
SubitoFarma,971086297,KIT PAPPA 12 MESI+ AZZURRO,1,0.33,0,2,
SubitoFarma,971086309,KIT PAPPA 12 MESI+ ROSA,1,0.33,0,5,1
SubitoFarma,971092248,PROCOMBO 10CPS,1,0.33,0,32,6
SubitoFarma,971101706,IALURASE PLUS 48CPR,1,0.33,0,7,
SubitoFarma,971114590,PILOSELLA ESTRATTO INTEGR200ML,1,0.33,0,1,2
SubitoFarma,971170699,PROXERA DOCCIA CREMA 300ML,1,0.33,0,23,4
SubitoFarma,971179989,BIOCARBONE RAPIDO 8FL,1,0.33,0,12,7
SubitoFarma,971192859,TIGLIO ESTRATTO INTEGRALE200ML,1,0.33,0,5,1
SubitoFarma,971197177,EQUISETO ESTRATTO TIT 60PAST,1,0.33,0,1,1
SubitoFarma,971197292,MACA PERUVIANA ESTR TIT 60PAST,1,0.33,0,4,1
SubitoFarma,971256122,SERENICUM GOCCE 30ML,1,0.33,0,2,1
SubitoFarma,971260308,CLEARBLUE RILEVAZIONE PRECOCE,1,0.33,1,585,
SubitoFarma,971262542,BABYSTAR PANN 16/30KG T6 14PZ,1,0.33,0,69,5
SubitoFarma,971268937,ATODERM HUILE DE DOUCHE 200ML,1,0.33,0,8,11
SubitoFarma,971272481,BARIEDERM CICA-CREMA 40ML,1,0.33,0,27,6
SubitoFarma,971272594,ESI MELATONIN PURA RETARD90TAV,1,0.33,0,65,7
SubitoFarma,971298803,ANSIMEL 40CPS,1,0.33,0,5,6
SubitoFarma,971299944,PERIO AID INTENSIVE CARE GEL,1,0.33,0,20,1
SubitoFarma,971302005,FLOXEA GEL VAGINALE 6 APPLIC,1,0.33,0,10,1
SubitoFarma,971325220,PEDIATRE GOCCE 7ML,1,0.33,0,45,1
SubitoFarma,971325232,PEDIAFLUOR 7ML,1,0.33,0,76,1
SubitoFarma,971325271,PEDIAKD PLUS 5ML,1,0.33,0,11,7
SubitoFarma,971333620,ERITROSE CREMA 50ML,1,0.33,0,9,6
SubitoFarma,971337403,DOLAREN EMULGEL 200ML,1,0.33,0,6,1
SubitoFarma,971338037,NUCRON PASTA 30G,1,0.33,0,23,3
SubitoFarma,971347606,GEHWOL CUSC CALCAGNO L PAIO,1,0.33,0,0,
SubitoFarma,971347620,BIOREPAIR PLUS DENTI SENSIBILI,1,0.33,0,151,
SubitoFarma,971347657,BIOREPAIR PLUS PROT TOTALE75ML,1,0.33,0,74,
SubitoFarma,971357013,OTTOCID PLUS 300ML,1,0.33,1,159,6
SubitoFarma,971369513,PHITOCREMA PRURISTOP 30ML,1,0.33,0,1,1
SubitoFarma,971373182,ANSIOTEN OROSOLUBILE 30CPR,1,0.33,0,99,4
SubitoFarma,971373954,ICROSS GEL GOCCE OCUL 15PZ,1,0.33,0,11,2
SubitoFarma,971377559,BASE LAVANTE 273 300ML,1,0.33,0,18,3
SubitoFarma,971393931,REFEEL CREMA 30ML,1,0.33,0,190,3
SubitoFarma,971399617,INTENSIVE HYALURONIC MASQUE,1,0.33,0,1,1
SubitoFarma,971484593,DILATATORE NASALE,1,0.33,0,19,1
SubitoFarma,971485901,ANGSTROM PROT CREMA SOL SPF15,1,0.33,0,19,4
SubitoFarma,971486105,ANGSTROM PROT LATTE DOPOS200ML,1,0.33,0,6,1
SubitoFarma,971550900,EISENACT 20CPR,1,0.33,0,9,1
SubitoFarma,971559479,AVEENO BABY SR BAGNETTO CREMA,1,0.33,0,2,1
SubitoFarma,971621937,ACQUA ALLE ROSE TONICO CL300ML,1,0.33,0,51,9
SubitoFarma,971635089,OLIO DI COCCO BIO 500ML,1,0.33,0,4,3
SubitoFarma,971655067,BARIEDERM UNGUENTO 40G,1,0.33,0,128,7
SubitoFarma,971664533,STREP A ANTIGEN HOME TEST 2PZ,1,0.33,0,32,4
SubitoFarma,971664558,SCREEN TEST NICOTINA/COTIN UR,1,0.33,0,1,1
SubitoFarma,971695515,EUCERIN UREAREP 10% CREMA PIED,1,0.33,0,136,11
SubitoFarma,971724265,CURCUMINASOL 185 30CPS,1,0.33,0,1,3
SubitoFarma,971735408,NALKEVIT D GOCCE 9ML,1,0.33,0,5,1
SubitoFarma,971737566,AXIMAGNESIO 100CPR,1,0.33,0,36,12
SubitoFarma,971739798,BEDREN MIRTILLO 500ML,1,0.33,0,3,1
SubitoFarma,971739800,BEDREN ACE 500ML,1,0.33,0,1,1
SubitoFarma,971741754,PEDIAPEG 400G,1,0.33,0,12,3
SubitoFarma,971748429,NUCRON PASTA 15G,1,0.33,0,41,4
SubitoFarma,971752112,VITA ACT CALCIO+VIT D 60CPR,1,0.33,0,31,12
SubitoFarma,971752264,B-VITAL TOTALE SOLUZIONE 100ML,1,0.33,0,33,5
SubitoFarma,971754128,MISCELA 3 OLII LASS 500ML MD,1,0.33,0,6,8
SubitoFarma,971755018,FILORIN GOLA SPRAY ORALE 50ML,1,0.33,0,14,1
SubitoFarma,971755792,ICOPIUMA BENDA AD TNT 10X25 2P,1,0.33,1,16,4
SubitoFarma,971804568,PROTOCOL BONE 30BUST,1,0.33,0,29,5
SubitoFarma,971811308,PRIMO CONFORTO 20ML,1,0.33,0,1,2
SubitoFarma,971931997,REFLUREX 20BUST MONODOSE 15ML,1,0.33,0,6,1
SubitoFarma,971952763,CH PARACAPEZZOLI SIL SMALL,1,0.33,0,43,1
SubitoFarma,971957446,ARNICA 10% GEL F 50 72ML,1,0.33,0,9,12
SubitoFarma,971979113,SAUBER AREG OPTOE 70 LIS NEU 5,1,0.33,0,2,3
SubitoFarma,971980469,NUXE HP ORO 50ML OLIO SECCO,1,0.33,0,5,11
SubitoFarma,972001503,KAMILLA 400ML,1,0.33,38,454,1
SubitoFarma,972035416,FLOGOSPIR ACT 10CPS,1,0.33,0,11,2
SubitoFarma,972036331,"GUM TRAVLER 1618 SCOVO 2,0 6PZ",1,0.33,0,55,12
SubitoFarma,972036750,EUCERIN PH5 SOFT CREAM 450ML,1,0.33,0,5,12
SubitoFarma,972133262,LACRIVET GTT OCUL STRIP 10FL,1,0.33,0,23,5
SubitoFarma,972150445,ROSELIANE CR SPF30 40ML,1,0.33,0,33,12
SubitoFarma,972254167,ZIMER 20BUST 3G ARANCIA,1,0.33,0,3,1
SubitoFarma,972260614,RIGEAVIT 30CPR,1,0.33,0,11,2
SubitoFarma,972264410,YOVIS STICK 10BUST,1,0.33,0,977,
SubitoFarma,972264648,BLEFASTOP PLUS GARZA COT RX28P,1,0.33,0,35,2
SubitoFarma,972269599,ONYCOPHASE K SOLUZ UNGHIE 15ML,1,0.33,0,11,5
SubitoFarma,972293169,LEVASTEN 10FL 10ML,1,0.33,0,48,1
SubitoFarma,972300091,RESCUE ORIG SPRAY S/ALCOL 20ML,1,0.33,0,25,6
SubitoFarma,972320574,PREMIERE CREME MIN SPF50+ 50ML,1,0.33,0,9,9
SubitoFarma,972320776,COLLAGENE MARINO LIQUIDO 500ML,1,0.33,0,3,12
SubitoFarma,972352470,BEBE C SLIP USA E GETTA 38/42,1,0.33,0,22,1
SubitoFarma,972394668,MAVENDREN 20CPR,1,0.33,0,23,1
SubitoFarma,972455036,MACA NERA POLVERE BIO 200G,1,0.33,0,5,1
SubitoFarma,972458083,MINERAL 89 SIERO 50ML,1,0.33,0,7,12
SubitoFarma,972462749,CLINNIX CREMAGEL 5X25ML,1,0.33,0,1,1
SubitoFarma,972495550,PRIOVIT 12 FORTE 36CARAM,1,0.33,0,14,3
SubitoFarma,972501047,AZN CREMA 30ML BRADERM,1,0.33,0,119,2
SubitoFarma,972509018,XEMOSE C8+ OLIO DET 500ML,1,0.33,0,79,
SubitoFarma,972515314,PROBIOTIC P-450 12STICK MONOD,1,0.33,0,3,1
SubitoFarma,972532651,PEPTIVIS LIMONE 20BUST,1,0.33,0,6,6
SubitoFarma,972539872,FLOGOX 30CPS,1,0.33,0,36,2
SubitoFarma,972591806,ACTIV MU 45CPS,1,0.33,0,3,2
SubitoFarma,972592238,ARKOCPS GRIFFONIA 45CPS,1,0.33,0,5,7
SubitoFarma,972594182,PIC MISUR PRES MOBILERAPID,1,0.33,0,5,8
SubitoFarma,972680918,INULINA DA CICORIA 200G,1,0.33,0,11,1
SubitoFarma,972730562,IBLADOL 20BUST,1,0.33,0,0,
SubitoFarma,972760425,MANGANESE OLIMENTOVIS 200ML,1,0.33,0,4,1
SubitoFarma,972790416,NEO MOM SHAMPOO ANTIPARAS150ML,1,0.33,0,46,3
SubitoFarma,973076223,FANPROST TEVA 30CPS SOFTGEL,1,0.33,0,28,9
SubitoFarma,973078621,DOCCIA&SHAMPOO ARANCIA 150ML,1,0.33,0,1,6
SubitoFarma,973147818,PROXIAN 30STICK,1,0.33,0,248,6
SubitoFarma,973148707,RISALIX 20BUST 3G,1,0.33,0,81,1
SubitoFarma,973188067,OVOFERT FAST CPS,1,0.33,0,5,2
SubitoFarma,973191479,NEOVADIOL ROSE PLATINIUM 50ML,1,0.33,0,17,10
SubitoFarma,973257456,MURNIL SENSITIVE DERMA 40CPR,1,0.33,0,2,2
SubitoFarma,973260312,TIMOGLICAN CAPELLI UNGHIE GRAN,1,0.33,0,13,5
SubitoFarma,973292954,ACNAID CE SAPONE LIQUIDO 300ML,1,0.33,0,1,
SubitoFarma,973293145,FIXOMULL STRETCH M10X10CM,1,0.33,0,0,
SubitoFarma,973321906,METACLEAR 30CPR,1,0.33,0,9,6
SubitoFarma,973321920,CANDEX 45CPS,1,0.33,0,15,7
SubitoFarma,973344157,ARNICA ECHINACEA POLVERE 20G,1,0.33,0,12,11
SubitoFarma,973344450,IALOZON GEL 15ML,1,0.33,0,47,2
SubitoFarma,973353016,CLINNIX COLESTEROLO 60CPS,1,0.33,0,3,1
SubitoFarma,973363652,REV ACNOSAL ORAL 30CPS,1,0.33,0,8,3
SubitoFarma,973476498,BLANX WHITE SHOCK TRATTAMENTO,1,0.33,0,0,
SubitoFarma,973476575,ERAVEN EMO 20BUST,1,0.33,0,11,3
SubitoFarma,973609528,CH IL MANGIAPANNOLINI 2017,1,0.33,0,2,4
SubitoFarma,973622703,VIDLIFE 30CPR,1,0.33,0,72,1
SubitoFarma,973623869,FORTIF3 30CPS,1,0.33,0,34,4
SubitoFarma,973641095,LYSOFORM PROT MANI CLASS 250ML,1,0.33,0,3,6
SubitoFarma,973648886,LENET MICO 400ML,1,0.33,0,8,4
SubitoFarma,973650308,TOLERIANE SENSITIVE CREMA VISO,1,0.33,0,75,9
SubitoFarma,973652151,CISTOPIU' 30CPR,1,0.33,0,67,3
SubitoFarma,973652201,NEFROPIU' 60CPR,1,0.33,0,18,
SubitoFarma,973653189,VASOX FORTE 20BUST,1,0.33,0,5,5
SubitoFarma,973655436,SPIRULINA 400PASTIGLIE,1,0.33,0,0,
SubitoFarma,973656059,VENOLEN IDROGEL 100ML,1,0.33,0,0,
SubitoFarma,973662137,FERRO OLIMENTOVIS 200ML,1,0.33,0,2,1
SubitoFarma,973713528,ESTEEM+ CHIUSO RIT20-70 TRA GR,1,0.33,0,4,2
SubitoFarma,973713593,ESTEEM+ CHIUSO PRET50MM FIN ST,1,0.33,0,2,1
SubitoFarma,973726538,LIEVITOSOHN ADVANCED 30BUST,1,0.33,0,7,10
SubitoFarma,973729510,EAU THERMALE MASCHERA NOTTE,1,0.33,0,2,12
SubitoFarma,973915818,CICAPLAST GEL B5 40ML,1,0.33,0,42,9
SubitoFarma,973916380,BBMILK 1-3 LIQUIDO 500ML,1,0.33,0,110,8
SubitoFarma,973996150,CANDIREX FORTE 20BUST,1,0.33,0,4,3
SubitoFarma,974003764,THERAOFTAL PROTECTDROP GTT OFT,1,0.33,0,13,1
SubitoFarma,974008106,IBSOLV 30CPS,1,0.33,0,62,2
SubitoFarma,974010516,SONOTIX DETERGENTE AURIC 120ML,1,0.33,0,22,2
SubitoFarma,974035824,RESURFACE MD 15 PEEL CANOVA,1,0.33,0,1,4
SubitoFarma,974039962,ELETTRODO PE FOAM MON 40MM PED,1,0.33,0,10,2
SubitoFarma,974051296,GUAM FIR FANGHI D'ALGA P/G 1KG,1,0.33,0,3,4
SubitoFarma,974058099,REOXALL 100S CREMA CANOVA 50ML,1,0.33,0,8,7
SubitoFarma,974058238,SALIPIL MASK CANOVA 8BUST 10ML,1,0.33,0,52,2
SubitoFarma,974059317,UMBREX 30 CREMA 50ML,1,0.33,0,6,8
SubitoFarma,974059329,UMBREX 50 CREMA 50ML,1,0.33,0,5,3
SubitoFarma,974059331,PODOVAL UR30 VELLUTANTE 50ML,1,0.33,0,20,3
SubitoFarma,974059343,PODOVAL UR50 LEVIGANTE 50ML,1,0.33,0,6,1
SubitoFarma,974082000,"REVISCON MONO 2,0% 48MG 2,4ML^",1,0.33,0,5,1
SubitoFarma,974090122,CONFORM2 PLACCA CONV B/A CE70,1,0.33,0,4,1
SubitoFarma,974097572,RESTIVOIL RINFORZANTE 250ML,1,0.33,0,41,11
SubitoFarma,974107777,GLUCOSAMINA COMPOSTA VEG 90CPR,1,0.33,0,14,5
SubitoFarma,974109225,CERAVE DETERGENTE IDRAT 88ML,1,0.33,0,10,
SubitoFarma,974109290,CERAVE CREMA VISO IDRAT 50ML,1,0.33,0,88,
SubitoFarma,974111130,CHETOGERD ORO 20BUST,1,0.33,0,25,3
SubitoFarma,974161869,GIBAUD ORTHO LOMBOGIB SENIOR 0,1,0.33,0,1,1
SubitoFarma,974161883,GIBAUD ORTHO LOMBOGIB SENIOR 2,1,0.33,0,2,1
SubitoFarma,974161895,GIBAUD ORTHO LOMBOGIB SENIOR 3,1,0.33,0,1,3
SubitoFarma,974362497,SCHOLL PARTY FEET GEL ACT R/TA,1,0.33,0,18,8
SubitoFarma,974368072,SFERAFER 20STICK PACK,1,0.33,0,1,2
SubitoFarma,974369542,MICOTIROSOLO 30CPR,1,0.33,0,3,2
SubitoFarma,974373476,ASABIONIC DET DEPURATIVO 125ML,1,0.33,0,21,5
SubitoFarma,974373488,PRUMERIS CREMA IDRAT EMOL400ML,1,0.33,0,13,4
SubitoFarma,974376131,METEOGAS POLVERE 20STICK ORO,1,0.33,0,12,6
SubitoFarma,974381257,REV IDRAX CONTOUR 15ML,1,0.33,0,10,2
SubitoFarma,974382754,DUPROVIT 30CPR,1,0.33,0,10,2
SubitoFarma,974641944,VITAMINA B12 1000MCG 40CPR,1,0.33,0,11,1
SubitoFarma,974644609,MELLIN 0 POST LATTE 400G,1,0.33,0,3,4
SubitoFarma,974648584,DENTO3 DENTIFRICIO OZONO 75ML,1,0.33,0,7,2
SubitoFarma,974655387,DEPIDERM SOIN DE JOUR SPF50,1,0.33,0,8,
SubitoFarma,974761746,NATURA+ SACCA CH STAND OP 45MM,1,0.33,0,1,3
SubitoFarma,974772980,RECUPERA ENERGY 20BUST,1,0.33,0,50,3
SubitoFarma,974848362,EUTOPLAC 7CPS SPREMIBILI,1,0.33,0,8,4
SubitoFarma,974848590,BIOSCALIN NUTRICOL IST NERO,1,0.33,0,3,3
SubitoFarma,974877300,CRONICIS 30CPR,1,0.33,0,3,1
SubitoFarma,974877654,EXCILOR FORTE MICOSI UNGHIA,1,0.33,0,4,7
SubitoFarma,974895599,DEPEND COMFORT D MUT S/M SUPER,1,0.33,0,0,
SubitoFarma,974895702,ERAFER+++ 30BUST,1,0.33,0,15,2
SubitoFarma,974908333,PERLAFLOR 10FL 10ML,1,0.33,0,14,2
SubitoFarma,974966689,CH TERMOMETRO VETRO,1,0.33,0,1,1
SubitoFarma,974966691,CH TERMOMETRO EASY 2 IN 1,1,0.33,0,2,1
SubitoFarma,974989271,SMART D3 MATRIX GOCCE 15ML,1,0.33,1,109,4
SubitoFarma,974991580,VIAFLOG 200ML,1,0.33,0,26,2
SubitoFarma,974997456,TERMOMETRO 2IN1 BALENA,1,0.33,0,4,1
SubitoFarma,975000819,ALOEVERA2 ALOEGYN CREMA 50ML,1,0.33,0,15,4
SubitoFarma,975003726,EUCERIN PH5 PANE DERMATOLOGICO,1,0.33,0,15,7
SubitoFarma,975003738,EUCERIN PH5 OLIO DET MANI250ML,1,0.33,0,10,5
SubitoFarma,975010253,MELACOL 60CPS,1,0.33,0,8,3
SubitoFarma,975018843,CYTELIUM LOZIONE 100ML NF,1,0.33,0,7,6
SubitoFarma,975025053,BIOCLIN BIO COLORIST 8,1,0.33,0,3,4
SubitoFarma,975026170,HYALU B5 OCCHI 15ML,1,0.33,0,0,
SubitoFarma,975027487,PERLAFLOR GOCCE 10ML,1,0.33,0,26,1
SubitoFarma,975027499,CALMALU' SCIROPPO 150ML,1,0.33,0,219,1
SubitoFarma,975027905,MEMORY ACT 50CPR,1,0.33,0,50,12
SubitoFarma,975037755,AUSILIUM B9 VET ACIDO FOLICO,1,0.33,0,2,1
SubitoFarma,975039153,ANSIOPHIL QUICK SPRAY 20ML,1,0.33,0,7,5
SubitoFarma,975039165,ENDACYD 20CPR MAST,1,0.33,0,15,2
SubitoFarma,975039177,RUSSOFF SPRAY 20ML,1,0.33,0,5,3
SubitoFarma,975039191,MACROVYT VITAMINA D3 VEG 60CPR,1,0.33,0,22,9
SubitoFarma,975049255,FISSAN PIC MIO ACQ MICELLARE,1,0.33,0,4,2
SubitoFarma,975054608,EUCERIN ANTI-PIGMENT GG SPF30,1,0.33,0,26,7
SubitoFarma,975054622,EUCERIN ANTI-PIGMENT NOTTE50ML,1,0.33,0,36,8
SubitoFarma,975054735,EUCERIN AQUAPHOR TRATT RIPA,1,0.33,0,32,8
SubitoFarma,975054798,RUMMO PENNE RIG N66 CECI/RISO,1,0.33,0,1,5
SubitoFarma,975061692,PROLISET DUO 15CPR,1,0.33,0,42,2
SubitoFarma,975062860,SOLTUX PLUS 14BUST,1,0.33,0,36,2
SubitoFarma,975063381,FLEVADREN 30CPR,1,0.33,0,7,1
SubitoFarma,975063443,IMMUNOSICK 30ML,1,0.33,0,12,1
SubitoFarma,975063874,SINUSTOP 20CPR 1190 MG,1,0.33,1,20,9
SubitoFarma,975066147,AQUACEL FOAM ADES 15X15 10PZ,1,0.33,0,5,1
SubitoFarma,975067657,SEBIACLEAR SERUM 30ML,1,0.33,0,33,8
SubitoFarma,975082862,GIBAUD SPORT POLPACCERA 1,1,0.33,0,1,4
SubitoFarma,975082924,GIBAUD SPORT GINOCCHIERA 2,1,0.33,0,1,2
SubitoFarma,975083054,PROGINESSE 20CPS,1,0.33,1,166,1
SubitoFarma,975083433,ACTIVE MEMORY SOLETTA BAMBOO38,1,0.33,0,1,1
SubitoFarma,975083763,WECAREYU FEVER FAST TERM DISPL,1,0.33,0,3,2
SubitoFarma,975084777,PIC INSUPEN ADV AGO G31X5MM,1,0.33,0,644,5
SubitoFarma,975089893,NUXE ULTRA SERUM 30ML,1,0.33,0,3,4
SubitoFarma,975095605,GINESTILL DETERGENTE LIQ 250ML,1,0.33,0,0,
SubitoFarma,975173725,JANE PINZA PORTASUCCHIO,1,0.33,0,11,1
SubitoFarma,975189186,FLAVIS MAGDALENAS ALB 4X50G,1,0.33,0,44,4
SubitoFarma,975189198,FLAVIS FRUIT BAR 5X25G,1,0.33,0,81,11
SubitoFarma,975189301,FLAVIS BREAD MIX 500G,1,0.33,0,71,3
SubitoFarma,975189313,FLAVIS CAKE MIX 500G,1,0.33,0,28,3
SubitoFarma,975200799,CLAROGIN GEL IDRATANTE 40ML,1,0.33,0,2,1
SubitoFarma,975255439,ABIVISOR 12BUSTINE,1,0.33,0,158,4
SubitoFarma,975296043,FEMORAL 30SOFTGELS,1,0.33,0,38,5
SubitoFarma,975359670,MINIMAS ADVANCED 60CPS,1,0.33,0,40,11
SubitoFarma,975388214,CLIATAKE DETERGENTE INTIMO SCH,1,0.33,0,30,1
SubitoFarma,975428222,BARIEDERM CICA-CREMA SPF50+,1,0.33,0,8,
SubitoFarma,975435239,AKNET DERMOCONTROL 40ML,1,0.33,0,28,2
SubitoFarma,975437625,OMEGOR VITALITY 1000 60CPS MOL,1,0.33,0,25,3
SubitoFarma,975447475,TOLERIANE SENSITIVE FLUIDO VIS,1,0.33,0,5,9
SubitoFarma,975450800,MAYDAY 24BUST 10ML,1,0.33,0,41,6
SubitoFarma,975453844,ANSIRENS GOCCE 50ML,1,0.33,0,6,4
SubitoFarma,975454430,RASPA PLATINUM,1,0.33,0,0,
SubitoFarma,975455609,CURADERM ACETONE UNGHIE 50ML,1,0.33,0,1,1
SubitoFarma,975459532,PEGINPOL 20BUST,1,0.33,0,139,2
SubitoFarma,975500873,N5 0 500ML,1,0.33,0,43,5
SubitoFarma,975508666,EUCERIN UREAREP EMULS10% 400ML,1,0.33,0,85,5
SubitoFarma,975508793,NEOREPAIR CREMA 75ML,1,0.33,0,156,1
SubitoFarma,975514050,BAGNO DI HOFFMANN 300ML,1,0.33,0,6,2
SubitoFarma,975519240,MAVOSTEN 20CPR,1,0.33,0,42,10
SubitoFarma,975532159,FOVEASANA 20CPR,1,0.33,0,9,1
SubitoFarma,975576341,LABELLO SUN PROTECT SPF30,1,0.33,1,15,8
SubitoFarma,975585480,GLIALIA SOSPENSIONE ORALE200ML,1,0.33,0,23,4
SubitoFarma,975596204,SOMAT SKIN EX SNEL 7NTT G250ML,1,0.33,0,1,
SubitoFarma,975597156,SWISSE ACIDO IALUR/COLLAG30CPR,1,0.33,0,42,5
SubitoFarma,975645565,LETIBALM JUNIOR 10ML,1,0.33,0,1,1
SubitoFarma,975699442,PROSTAFLOR 30CPS,1,0.33,0,7,6
SubitoFarma,975734132,RILASTIL XEROLACT GEL DET400ML,1,0.33,0,9,7
SubitoFarma,975743081,"ERART 20BUSTE 4,8G",1,0.33,0,14,4
SubitoFarma,975760986,TUSSAID 200ML NUTRIGEN,1,0.33,0,9,2
SubitoFarma,975761521,BORO OLIMENTOVIS 200ML,1,0.33,0,1,8
SubitoFarma,975815832,KLORANE SPRAY MENTA ACQ 100ML,1,0.33,0,1,1
SubitoFarma,975817786,NUVITA SET ASTUCCIO POSATE RA,1,0.33,0,5,1
SubitoFarma,975864620,LIPIKAR HUILE LAVANTE AP 750ML,1,0.33,0,0,
SubitoFarma,975866308,ENTOFLORIS 10FL 10ML,1,0.33,0,19,1
SubitoFarma,975896426,GIBAUD ORTHO DORSOLOMBOGIB 2,1,0.33,0,1,2
SubitoFarma,975908462,SPIRIAL SPRAY REFORMULATION,1,0.33,0,67,7
SubitoFarma,975941840,INTENSIVE HYALURONIC SER YEUX,1,0.33,0,5,3
SubitoFarma,975961739,NATURA MIX ADVANCED ENERG 20BU,1,0.33,0,15,12
SubitoFarma,975971755,IDRAMETIC SPRAY 30ML,1,0.33,0,119,1
SubitoFarma,975973001,GIBAUD ORTHO ACT H35 CORS LS 4,1,0.33,0,1,1
SubitoFarma,975983432,DUALSAN SLIP CONTENITIVO D 5,1,0.33,0,1,1
SubitoFarma,975984598,VERTIWIN 30CPR,1,0.33,0,1,8
SubitoFarma,975995743,AUDISPRAY ULTRA SPRAY 20ML,1,0.33,0,18,11
SubitoFarma,975997863,EKEEP B1 POSTURAL BRA 2,1,0.33,0,1,2
SubitoFarma,976013300,DEXYANE CREMA EMOL A/GRAT200ML,1,0.33,0,5,4
SubitoFarma,976013449,ZEROGRANO BISCOTTO PANNA/CIOC,1,0.33,1,0,2
SubitoFarma,976202743,LACRIVET SALVIETTINE 15PZ,1,0.33,0,3,2
SubitoFarma,976203238,NERVATIL 60CPR,1,0.33,0,2,1
SubitoFarma,976204851,SWISSE VITAMINA D 100CPS,1,0.33,0,49,11
SubitoFarma,976206262,CERAMOL MB 30 50ML,1,0.33,0,11,4
SubitoFarma,976207985,OROBEN GEL ORALE 15ML,1,0.33,0,27,7
SubitoFarma,976209876,CURAPROX CS 5460 ORTHO 1UN,1,0.33,0,3,12
SubitoFarma,976218204,CALMA PETS 100ML,1,0.33,0,0,
SubitoFarma,976276648,REDERMIC RETINOL 30ML,1,0.33,0,1,7
SubitoFarma,976278325,FDE GEL PURO ALOE VERA 150ML,1,0.33,0,1,4
SubitoFarma,976294393,NORSAN OMEGA 3 120CPS,1,0.33,0,15,6
SubitoFarma,976296653,CONVEEN SEC SACCA LETT2L 140CM,1,0.33,0,77,1
SubitoFarma,976304699,OLIO DI COCCO 100ML,1,0.33,0,3,2
SubitoFarma,976310666,BABYSTAR MEGASCORTA TG 6 42PZ,1,0.33,0,154,3
SubitoFarma,976311302,CLEARBLUE FLIP&CLICK 1PZ,1,0.33,0,0,
SubitoFarma,976322762,FLEXADIN ADVANCED CANE 30TAV,1,0.33,0,32,5
SubitoFarma,976323067,NEUROCUR 30CPR GASTRORESIST,1,0.33,0,7,10
SubitoFarma,976332940,VASOMED MAMMA 30CPR,1,0.33,0,5,1
SubitoFarma,976387629,ARGENTO COLLOID PET SPR 50PPM,1,0.33,0,1,4
SubitoFarma,976391197,REOXALL 100S FLUIDO FOTOPR50ML,1,0.33,0,2,1
SubitoFarma,976395020,N5 2 LATTE LIQ 6/12M 500ML,1,0.33,0,178,4
SubitoFarma,976397265,NUTRIVA ARTIFLEX ARTI 50CPR,1,0.33,0,1,5
SubitoFarma,976399156,EPITACT CARPAL'GO SX TG S,1,0.33,0,3,1
SubitoFarma,976399535,FLUISTAR SINU 20CPR,1,0.33,0,43,7
SubitoFarma,976399865,HEDRIN SHAMPOO ANTIPEDICULOSI,1,0.33,3,19,1
SubitoFarma,976520559,CH MY SWEET DOUDOU TEDDY BEAR,1,0.33,0,11,1
SubitoFarma,976520647,VISAVEN FORTE 16BUST SOLUBILI,1,0.33,0,49,1
SubitoFarma,976598464,AGO HARMOFINE G32 4MM 100PZ,1,0.33,0,1,1
SubitoFarma,976679833,NORMALIA EXTRA 30STICK ORALI,1,0.33,0,27,4
SubitoFarma,976732329,CICAVIT+ SPF50+ 40ML,1,0.33,0,86,9
SubitoFarma,976768275,MEPILEX BORDER FLEX 10X10 5PZ,1,0.33,1,12,1
SubitoFarma,976769606,VEMAG SPRAY 30ML,1,0.33,0,2,2
SubitoFarma,976797340,KLAMEXTRA 30BUST,1,0.33,0,23,7
SubitoFarma,976840948,LACTIS B-COMPLEX 14STICK PACK,1,0.33,0,5,1
SubitoFarma,976920708,LIQUICK X-TREME P ERG43CM CH12,1,0.33,0,20,1
SubitoFarma,977021258,AMUCHINA GEL X-GERM 250ML,1,0.33,0,77,
SubitoFarma,977175886,ALKAGIN DETERGENTE FRESH INT,1,0.33,0,2,4
SubitoFarma,977175912,ALKAGIN DETERGENTE INT LENIT,1,0.33,0,0,
SubitoFarma,977176205,PERICLIM FORTE 60STICK,1,0.33,0,3,6
SubitoFarma,977258894,MANGANESE COBALT OLIMENT 200ML,1,0.33,0,2,1
SubitoFarma,977348123,OMEGOR ANTIAGE 60CPS,1,0.33,0,4,10
SubitoFarma,977368253,DERMOVITAMINA FILM SPR 30ML,1,0.33,0,0,
SubitoFarma,977445903,FOLICVET 15CPR,1,0.33,0,1,
SubitoFarma,977546249,SCHAR CRACKERS 10X35G,1,0.33,0,108,10
SubitoFarma,977548926,STIPLEVO 30CPS VEGETALI,1,0.33,0,17,1
SubitoFarma,977610827,EUCERIN ACUTE LIP BALM 10ML,1,0.33,0,40,8
SubitoFarma,977624269,VIROPA MALVA SYLVESTRIS 15FILT,1,0.33,0,13,6
SubitoFarma,977624271,REMOVER ADAPT ADES MEDIC SPR,1,0.33,0,10,1
SubitoFarma,977632001,AVENA SATIVA BOIRON EI 60ML,1,0.33,0,22,2
SubitoFarma,977636810,RUSCUS ACULEAT BOIRON EI 60ML,1,0.33,0,20,3
SubitoFarma,977658032,"CERAMOL CERAMOL AG  13,1 ML",1,0.33,0,2,1
SubitoFarma,977662143,VERSET CHARM EDP 50ML,1,0.33,0,3,1
SubitoFarma,977671243,DERMOVITAMINA VERRUCHE 2ML,1,0.33,0,2,9
SubitoFarma,977676129,BRUDYSEC 30CPS,1,0.33,0,0,
SubitoFarma,977702327,ENDOFIT COLON SENS 30CPR GASTR,1,0.33,0,31,3
SubitoFarma,977702962,PROGENORM 20CPR,1,0.33,0,9,4
SubitoFarma,977703432,FLORMIDABIL STOP 6BUST C/STEV,1,0.33,0,23,2
SubitoFarma,977703457,FLORMIDABIL DAILY 10BUST C/STE,1,0.33,0,6,7
SubitoFarma,977705918,UVA URSINA BOIRON EI 60ML,1,0.33,0,11,4
SubitoFarma,977709955,CYTAFU BOIRON EI 60ML,1,0.33,0,13,6
SubitoFarma,977709979,PINUS MONTANA BOIRON MG 60ML,1,0.33,0,9,1
SubitoFarma,977790688,APROTEN PANINI 2X100G,1,0.33,0,24,7
SubitoFarma,977790690,APROTEN SFILATINI 3X50G,1,0.33,0,0,
SubitoFarma,977793470,LEIS COLLARE BARRI CANE 35CM S,1,0.33,0,0,
SubitoFarma,977803586,YMEA PANCIA PIATTA 64CPS NF,1,0.33,0,19,12
SubitoFarma,977803612,YMEA SILHOUETTE 64CPS NF,1,0.33,0,53,12
SubitoFarma,977823196,GIOVINA 30BUST,1,0.33,0,7,6
SubitoFarma,977962240,GIBAUD ORTHO MALLEOCROSS CAV 2,1,0.33,0,1,2
SubitoFarma,977962265,GIBAUD ORTHO MALLEOCROSS CAV 3,1,0.33,0,1,2
SubitoFarma,978115968,AMPOULE B 30ML,1,0.33,0,6,10
SubitoFarma,978241178,SOLLIEVO 60CPS,1,0.33,0,1,2
SubitoFarma,978254961,PANDA PEDIATRICA MAS AEROSOL,1,0.33,0,1,1
SubitoFarma,978269153,DERCOS KERASOL SHAMPOO 250ML,1,0.33,0,4,5
SubitoFarma,978279976,ORALB ESSENTIALFLOSS FILO CE2P,1,0.33,0,1,4
SubitoFarma,978305530,VITIS KIDS GEL 50ML INTL,1,0.33,0,2,3
SubitoFarma,978305555,OVERLUZ 60PRL,1,0.33,0,2,11
SubitoFarma,978316382,LENIBEN SILVER 15ML,1,0.33,0,10,2
SubitoFarma,978401558,YAMAMOTO R DIURICELL 1000ML,1,0.33,0,14,2
SubitoFarma,978434126,PEDIAFLU' 150ML,1,0.33,0,61,1
SubitoFarma,978436083,JALURONIUS CREAM 50ML,1,0.33,0,41,5
SubitoFarma,978476669,VITREOMAX 20BUST,1,0.33,0,52,5
SubitoFarma,978494906,DERMOVITAMINA PROCTOC FAST,1,0.33,0,3,11
SubitoFarma,978507224,ECOTONIC 1000 14STICK PACK,1,0.33,0,17,1
SubitoFarma,978508137,NUTRIREGULAR CAPELLI&UN 30CPR,1,0.33,0,4,12
SubitoFarma,978546974,CITICOLSERINA 12FL 10ML,1,0.33,0,6,1
SubitoFarma,978573830,PROBACTIOL STIPS 40BUST,1,0.33,0,8,8
SubitoFarma,978573842,VITAMINA D LIQUIDO 30ML,1,0.33,0,5,10
SubitoFarma,978576940,EULINE BIODETERGENTE LIQUIDO,1,0.33,0,21,1
SubitoFarma,978595650,"EMODIL 1000 30CPR 1,6G",1,0.33,0,11,4
SubitoFarma,978595724,"VMAG 60CPR OROSOL 1,5G",1,0.33,0,12,1
SubitoFarma,978845586,ANANAS 1000 30CPR TERRANATA,1,0.33,0,5,2
SubitoFarma,978845636,CARBONE VEG 90CPR TERRANATA,1,0.33,0,2,1
SubitoFarma,978845788,LIEVITO BIRRA 200CPR TERRANATA,1,0.33,0,1,1
SubitoFarma,978861565,U-LIFE 5 CREMA 50ML,1,0.33,0,15,1
SubitoFarma,978861615,U-LIFE 30 CREMA 50ML,1,0.33,0,10,3
SubitoFarma,978862326,ANTHELIOS SHAKA SPRAY 30 200ML,1,0.33,0,7,
SubitoFarma,978867760,CONVAMAX SUPERAB N/A 10X10 10,1,0.33,0,14,1
SubitoFarma,978868038,CONNETTIVINASOLE SPRAY 50ML,1,0.33,0,12,7
SubitoFarma,978868040,OLIO MASSAGGIO PERINEALE 50ML,1,0.33,0,4,9
SubitoFarma,978869865,CONNETTIVINA CER HITECH 10X10,1,0.33,0,40,7
SubitoFarma,978919239,NEVAMAST GEL 5MONOD 3ML,1,0.33,1,56,6
SubitoFarma,978919532,RESTOMYL SUPPLEMENTO CANE 60G,1,0.33,0,4,6
SubitoFarma,978939938,LAVONASE SIR 20ML IRRIG NASALE,1,0.33,0,4,5
SubitoFarma,978973978,OLIO RILASSANTE LAVANDA 100ML,1,0.33,0,3,8
SubitoFarma,978982763,OFTALMOVIT A 5G,1,0.33,0,1,1
SubitoFarma,979049828,FLOGASE DOA 20CPR,1,0.33,0,62,2
SubitoFarma,979051618,PIGMERISE 50ML,1,0.33,0,7,2
SubitoFarma,979051721,MELLIN COMFORT 1 LATTE 800G,1,0.33,0,19,1
SubitoFarma,979052091,TALLONIERA FORO REMOV S 1 PAIO,1,0.33,0,1,1
SubitoFarma,979082738,CH BRACCIALE SILICONE,1,0.33,0,0,
SubitoFarma,979092424,FILAGRIN-A OLIO DET 200ML,1,0.33,0,2,1
SubitoFarma,979175546,SERENIL BUONUMORE 100CPS,1,0.33,0,21,12
SubitoFarma,979196577,DEMODOL GEL ANTIDOLORIFICO,1,0.33,0,4,1
SubitoFarma,979214691,CITINERV PLUS 30PRL,1,0.33,2,152,8
SubitoFarma,979237118,"CONTROL NATURE 2,0 XL 6PZ",1,0.33,0,96,12
SubitoFarma,979276514,DEFENCE EYE CREMA ANTIR 15ML,1,0.33,0,3,4
SubitoFarma,979278140,MIOXIN 4G 30BUSTE,1,0.33,0,12,5
SubitoFarma,979321395,DERMOVITAMINA CALM PSO/CARE TQ,1,0.33,0,1,8
SubitoFarma,979323084,TRIDERM INTIMATE LENITIVO250ML,1,0.33,0,9,11
SubitoFarma,979357480,SENSIFINE BAUME DEMAQ 100ML,1,0.33,0,17,5
SubitoFarma,979357528,HYDRA INTENSIF MASQUE B3 12ML,1,0.33,0,19,8
SubitoFarma,979358672,SOLAVIR 20BUST,1,0.33,0,0,
SubitoFarma,979369840,NUTRIAGE EYE BALM 15ML,1,0.33,0,11,
SubitoFarma,979373089,WELLION LUNA TRIO BIANCO KIT,1,0.33,0,0,
SubitoFarma,979400850,FLOGOSPIR FORTE EMULGEL 100ML,1,0.33,0,9,1
SubitoFarma,979406699,PERSPIREX ORIGINAL ANTITR ROLL,1,0.33,0,214,
SubitoFarma,979406802,DENTIFRICIO RATANIA 75ML,1,0.33,0,3,9
SubitoFarma,979406838,DENTIFRICIO VEGETALE 75ML,1,0.33,0,9,2
SubitoFarma,979413832,ATODERM INTENSIVE BAUME 500ML,1,0.33,0,10,6
SubitoFarma,979420369,FORMULA Z R-ON P/PUNT S/AMMON,1,0.33,0,0,
SubitoFarma,979660952,DERMASSENTIEL CELLULITE 30CPR,1,0.33,0,5,1
SubitoFarma,979683442,EUTROSIS AR CREMA 30G,1,0.33,0,7,2
SubitoFarma,979683467,"ECOCEL UREA KR 6,6ML",1,0.33,0,48,12
SubitoFarma,979683695,EBERLIFE IMMUNO 16BUST,1,0.33,0,53,4
SubitoFarma,979683760,IPERLEON 12FL 10ML,1,0.33,0,10,3
SubitoFarma,979683784,MIXMAG 30BUST,1,0.33,0,2,4
SubitoFarma,979683885,RHEALFLUSS 20STICK PACK 10ML,1,0.33,0,73,1
SubitoFarma,979683962,UROFRESH DONNA 500ML,1,0.33,0,15,1
SubitoFarma,979779814,CH GIOCO BS FAMIGLIA DEL KOALA,1,0.33,0,6,3
SubitoFarma,979780018,VERSALIS 10BUST,1,0.33,0,1,1
SubitoFarma,979788268,ZAVOMEL GOCCE 25ML,1,0.33,0,70,1
SubitoFarma,979794070,MULTICENTRUM ADULTI 30CPR,1,0.33,0,16,2
SubitoFarma,979795782,COMPEED VESCICHE STICK 8ML,1,0.33,0,120,10
SubitoFarma,979796214,VENOFLEB GEL GAMBE 100ML,1,0.33,0,2,2
SubitoFarma,979802764,RICOCELL 40CPR,1,0.33,0,9,1
SubitoFarma,979809997,BERTELLI CEROTTO TERMO-ATT 3PZ,1,0.33,0,1,10
SubitoFarma,979813666,AVEENO PN CREMA IDRAT CRP300ML,1,0.33,0,16,7
SubitoFarma,979847100,ELSA 16BUST,1,0.33,0,6,3
SubitoFarma,979944333,REGULOSIO FIBRE 20BUST,1,0.33,0,17,2
SubitoFarma,979944752,MELLIN 3 LATTE 1000ML,1,0.33,0,26,7
SubitoFarma,979945678,MACROCEA HP 20BUST,1,0.33,0,37,1
SubitoFarma,979945932,COLON CLEANSE 180PAST,1,0.33,0,1,2
SubitoFarma,979946821,JAMIESON AGLIO INODORE 100SOFT,1,0.33,0,1,3
SubitoFarma,980125633,BIOSCALIN TRICOAGE SH 100ML,1,0.33,0,2,2
SubitoFarma,980125785,NOSICKVIR 150ML,1,0.33,0,10,1
SubitoFarma,980133425,MARIAL GEL 300ML,1,0.33,0,190,4
SubitoFarma,980135139,N5 DG LAT POLV 400G,1,0.33,0,53,1
SubitoFarma,980136461,JUNGLE FORMULA MOLTO FT ROLL-O,1,0.33,0,14,10
SubitoFarma,980137158,GAVIREPAIR 20BUST 10 ML,1,0.33,0,10,10
SubitoFarma,980140519,NEOCOLINA OFTA 20BUST,1,0.33,0,8,1
SubitoFarma,980142956,EUCERIN HYAL FILL+EL SPF30,1,0.33,0,18,
SubitoFarma,980182238,TENA DISCREET NORMAL NIGHT10PZ,1,0.33,0,129,
SubitoFarma,980197343,SWISSE MEMORIA 60CPS,1,0.33,0,6,4
SubitoFarma,980247112,LECIVIS 100G 80SOFTGEL,1,0.33,0,1,2
SubitoFarma,980252872,CENTROVISION COMFORT 84BUST,1,0.33,0,5,1
SubitoFarma,980253088,GYNEXELLE HYALO-DUO GEL 50ML,1,0.33,0,21,6
SubitoFarma,980258192,BBMILK AR POLVERE 400G,1,0.33,0,26,11
SubitoFarma,980258432,ACMED CREMA 75ML,1,0.33,0,8,10
SubitoFarma,980258964,PIC CER POSTOP SIL 10X15 5PZ,1,0.33,0,14,4
SubitoFarma,980261275,TENA PANTS NIGHT M 10PZ,1,0.33,0,3,3
SubitoFarma,980286304,NHCO AMINOACT 70CPS,1,0.33,0,1,3
SubitoFarma,980287092,DEFENCE HAIR SHAMPOO RIDENSIF,1,0.33,0,6,11
SubitoFarma,980295341,ENDOCARE TENSAGE DAY SPF30,1,0.33,0,10,9
SubitoFarma,980295354,ENDOCARE TENSAGE NUTRITIVA50ML,1,0.33,0,12,4
SubitoFarma,980301511,ATEROSTAR LIPID 20CPS MOLLI,1,0.33,0,38,5
SubitoFarma,980400826,NIDROX ONE 50ML,1,0.33,0,20,1
SubitoFarma,980406678,VIT D3/VIT K2 1000 UI 90CPS,1,0.33,0,5,2
SubitoFarma,980430918,APROPOS DISSOLMUCO BUST SOLUB,1,0.33,0,19,8
SubitoFarma,980430932,APROPOS CARAMELLE DURE LIM/ZEN,1,0.33,0,30,9
SubitoFarma,980432330,CH SOL PHYSIOCLEAN 5ML 25PZ,1,0.33,0,6,1
SubitoFarma,980434803,AUDISPRAY DOLO GOCCE AURIC 7G,1,0.33,0,1,4
SubitoFarma,980435085,INVERNOSANO LIQ ANALCO 100ML,1,0.33,0,1,1
SubitoFarma,980436416,AMELAN CREMA 30ML,1,0.33,0,6,1
SubitoFarma,980446049,GASTERMAX 20ML,1,0.33,0,33,6
SubitoFarma,980454045,FORTIF PLUS 30CPS,1,0.33,0,30,2
SubitoFarma,980454502,REUMACUR NEW 30CPR,1,0.33,0,9,2
SubitoFarma,980454627,ALOVEX FERITE SPRAY 125ML,1,0.33,0,86,10
SubitoFarma,980463943,BASEMED 30BUST,1,0.33,0,1,2
SubitoFarma,980475382,FUCUS VESICULOS BOIRON EI 60ML,1,0.33,0,1,5
SubitoFarma,980475432,LINFA DI BETULLA BOIRON EI60ML,1,0.33,0,16,1
SubitoFarma,980475949,BROWELL 30CPR,1,0.33,0,25,1
SubitoFarma,980483655,GRUPPO B PLUS 30CPR,1,0.33,0,1,3
SubitoFarma,980483679,FASTUM EMAZERO EMULS GEL 100ML,1,0.33,0,51,5
SubitoFarma,980484861,MEDICARE TECH SATURIMETRO PROF,1,0.33,2,0,3
SubitoFarma,980485662,KURAFER PLUS 30CPS,1,0.33,0,31,2
SubitoFarma,980489049,OLIO ZERO 125ML,1,0.33,3,0,1
SubitoFarma,980490635,BARIEDERM CICA-OLIO DERMAT,1,0.33,0,4,8
SubitoFarma,980493631,BIOGLUTASE 18BUST 5G,1,0.33,0,0,
SubitoFarma,980504308,STERILVIT POLIVIT GOCCE 5ML,1,0.33,0,179,3
SubitoFarma,980506392,SWISSE CAPELLI FORTI D 30CPR,1,0.33,0,17,9
SubitoFarma,980512762,CERAMOL LIPOCREMA 311 100ML,1,0.33,0,11,7
SubitoFarma,980517318,THERCRON CANE GATTO POLVERE80G,1,0.33,0,15,2
SubitoFarma,980518993,EUCERIN HYAL FILL+EL 3D SERUM,1,0.33,0,10,12
SubitoFarma,980527269,ESI ARNICA FORTE GEL,1,0.33,0,57,4
SubitoFarma,980543298,ATEROSTAR FORTE DUO 20CPR,1,0.33,0,121,7
SubitoFarma,980544314,MODERMA FLEX AP CONV SM T13-55,1,0.33,0,1,1
SubitoFarma,980556056,FISIORAM 30BUST,1,0.33,0,3,2
SubitoFarma,980627487,BBMILK RISO PRO 0-12 400G,1,0.33,0,11,3
SubitoFarma,980628200,BUONA DIFESA FLACONCINI14X10ML,1,0.33,0,61,3
SubitoFarma,980633200,INTENSIVE PROPOLIS+ CREME 50ML,1,0.33,0,3,1
SubitoFarma,980641765,CH DENTIFRICIO TUTTIFRUTTI1-5A,1,0.33,0,5,
SubitoFarma,980771974,CLX WIPES 40SALV,1,0.33,0,61,2
SubitoFarma,980774412,UNICO OLIO SECCO SPRAY 100ML,1,0.33,0,4,1
SubitoFarma,980777039,EMULCEA 20 CREMA 200ML,1,0.33,0,1,8
SubitoFarma,980783258,DENTINALE NATURAL 20ML,1,0.33,0,56,3
SubitoFarma,980783625,MUSTELA HYDRA BB CORPO 300ML,1,0.33,0,7,4
SubitoFarma,980784399,REFLUDOL 60CPR,1,0.33,0,3,10
SubitoFarma,980784805,FERMENTFLOR FORTE 10F,1,0.33,0,1,1
SubitoFarma,980793513,ESI IMMUNILFLOR CPS FT 30NCPS,1,0.33,0,40,7
SubitoFarma,980801260,AGO CAN VENOPIC 2V PUR G22X25,1,0.33,3,0,3
SubitoFarma,980810485,KINEDIN 14BUST,1,0.33,0,4,1
SubitoFarma,980815474,EDEMBLOCK 30CPR,1,0.33,0,6,
SubitoFarma,980835502,VITIS CPC PROTECT COLLUT 500ML,1,0.33,0,0,
SubitoFarma,980857813,FPR GEL DETERGENTE PURIF 200ML,1,0.33,6,0,1
SubitoFarma,980857849,FPR LOZ ESFOLIANTE AC SAL100ML,1,0.33,0,0,
SubitoFarma,980914257,MEDIREFLUX 20STICK DM,1,0.33,0,185,12
SubitoFarma,980918445,ARGENIAL SHAMPOO 200ML,1,0.33,0,1,1
SubitoFarma,980923243,DIANAZEN 30CPR,1,0.33,0,199,5
SubitoFarma,980925008,FERRAMINA FORTE 30CPS,1,0.33,0,30,1
SubitoFarma,980925743,COLLUTORIO 500ML,1,0.33,0,2,1
SubitoFarma,980926202,OPTIVE ADVANCE SOL OFT 10ML,1,0.33,0,0,
SubitoFarma,980928749,ALOVEX PROTEZIONE MANI 500ML,1,0.33,0,1,4
SubitoFarma,981042854,RILASTIL SUN PPT 30 CR VEL50ML,1,0.33,19,16,3
SubitoFarma,981042916,RILASTIL SUN PPT 50+ LATTE VEL,1,0.33,0,19,12
SubitoFarma,981042928,RILASTIL SUN PPT 50+ STICK TRA,1,0.33,16,20,3
SubitoFarma,981044124,NORSAN OMEGA 3 KIDS 150ML,1,0.33,0,9,1
SubitoFarma,981046978,ZYMEREX DIGESTIVO FORTE 20CPR,1,0.33,0,26,6
SubitoFarma,981061599,HAIR NATURE SH TRATT ANTICAD,1,0.33,0,10,1
SubitoFarma,981061637,HAIR NATURE SH TRATT SEBO REG,1,0.33,9,11,
SubitoFarma,981061652,HAIR NATURE MAS NUTR CAP 250ML,1,0.33,0,4,1
SubitoFarma,981078684,GFM DENSACTIVE GEL 4TUBI,1,0.33,0,9,5
SubitoFarma,981079116,ALGOREST CREMA 100ML,1,0.33,0,4,1
SubitoFarma,981110366,CURASEPT WHITENING DENTIF 75ML,1,0.33,0,24,11
SubitoFarma,981111925,MUSTELA DETERGENTE DEL 500ML,1,0.33,0,55,8
SubitoFarma,981113069,SCUDO LATTOFERRINA+QUERCE30CPR,1,0.33,0,51,3
SubitoFarma,981113309,ZYMECOL 30CPR GASTRORESISTENTI,1,0.33,0,16,7
SubitoFarma,981114073,BIOSCALIN NUTRICOL PL 6 BIO SC,1,0.33,0,132,9
SubitoFarma,981152616,DISTROFYD 15ML BRADERM,1,0.33,0,11,12
SubitoFarma,981239383,ESPERIVIT Q 100 30TAV,1,0.33,0,54,6
SubitoFarma,981248255,TOPIALYSE GEL LAVANT 400ML NF,1,0.33,0,19,4
SubitoFarma,981248279,TOPIALYSE HUILE LAV 200ML NF,1,0.33,0,6,7
SubitoFarma,981248317,TOPIALYSE BAUME PROTECT 400ML,1,0.33,0,179,4
SubitoFarma,981256389,RECUPERO EXTR 400G ETICHSPORT,1,0.33,0,1,3
SubitoFarma,981262203,LEVAREFLUX 30CPS VEG,1,0.33,0,20,2
SubitoFarma,981263890,MIO FLEX SACCA ILEO MX W/W70MM,1,0.33,0,1,1
SubitoFarma,981354335,ACQUA DI BELLEZZA 100ML,1,0.33,0,4,6
SubitoFarma,981365416,ENTERELLE PLUS 24BUST STICK,1,0.33,0,105,9
SubitoFarma,981397843,ESI NO DOL CREMA 100ML,1,0.33,0,47,8
SubitoFarma,981399203,POTERE TES GOCCE 50ML,1,0.33,0,4,1
SubitoFarma,981405210,GIBAUD ORTHO MANUGIB 3D SX 3,1,0.33,1,0,3
SubitoFarma,981410208,PREBIOLIANS IMMUNOACT 10F 25ML,1,0.33,0,17,1
SubitoFarma,981432560,VENEGOLD 30CPR,1,0.33,0,7,2
SubitoFarma,981438056,DEBROX SPRAY NASO ORECCHIE,1,0.33,5,22,2
SubitoFarma,981448968,EXOMEGA CONTROL GEL 2IN1 200ML,1,0.33,0,10,5
SubitoFarma,981451848,VIVILASE 30CPR,1,0.33,0,10,12
SubitoFarma,981459439,NEURODINE ACT 12FL 10ML,1,0.33,0,510,4
SubitoFarma,981464720,LATTASI 30CPR,1,0.33,0,15,8
SubitoFarma,981470014,PEA 30CPS,1,0.33,0,5,3
SubitoFarma,981471853,DIFLASELIN 20CPR GASTROPROTETT,1,0.33,0,68,5
SubitoFarma,981475647,CERAVE OLIO DET IDRAT SCH236ML,1,0.33,0,48,9
SubitoFarma,981485461,PHYSIOMANCE OMEGA 3+ 30PRL,1,0.33,0,6,2
SubitoFarma,981485562,TOLEDERM CONTROL CREMA 40ML,1,0.33,0,13,11
SubitoFarma,981485574,TOLEDERM CONTROL CREMA RICCA,1,0.33,0,2,
SubitoFarma,981492010,SKIN FOOD BURRO CORPO 150ML,1,0.33,0,1,4
SubitoFarma,981498797,TANTUM VERDE NATURA J SPR 25ML,1,0.33,0,8,10
SubitoFarma,981498898,ROC KEOPS DEOD ROLL-ON 48H,1,0.33,0,108,7
SubitoFarma,981498963,ROC SOLARE CORPO 50+ ELEV TOLL,1,0.33,0,1,1
SubitoFarma,981498987,ROC SOLARE CORPO 30 IDRATANTE,1,0.33,0,2,10
SubitoFarma,981499256,SANODET INOSIPLUS 20BUST,1,0.33,0,6,1
SubitoFarma,981505175,ESI FIT ATTIVA C/CAFFEINA40CPR,1,0.33,0,4,1
SubitoFarma,981505314,ESI FIT DRENA 24POCKET DRINK,1,0.33,0,0,
SubitoFarma,981516127,"RILASTIL ELASTIC 10FX1,5ML",1,0.33,0,10,11
SubitoFarma,981517598,VAGISIL FLUIDO IDRAT INTIMO,1,0.33,0,45,8
SubitoFarma,981536473,CH GIOCO MOLLY TEETHER,1,0.33,0,3,4
SubitoFarma,981539733,OTORIG SPRAY ORALE 20ML,1,0.33,0,3,3
SubitoFarma,981545294,CH MAMMY GUAINA GRAVIDANZA 6,1,0.33,0,2,5
SubitoFarma,981545460,GSE INTIMO SYMGINE SCHIUMA DET,1,0.33,0,15,
SubitoFarma,981559040,EVIVA DROPS 10ML,1,0.33,0,86,8
SubitoFarma,981580297,ESI IMMUNILFLOR LATTOFERR20CPS,1,0.33,0,20,4
SubitoFarma,981592227,CEREAL PANE FIBRE PROTEINE240G,1,0.33,0,0,
SubitoFarma,981647023,SNS TED 30BUST,1,0.33,0,79,5
SubitoFarma,981920919,SOLLIEVO FISIOLAX 27CPR,1,0.33,0,13,
SubitoFarma,981930720,ANFLAMED 30BUST,1,0.33,0,14,4
SubitoFarma,981954757,FITOSTIMOLINE PLUS SPRAY 75ML,1,0.33,0,115,8
SubitoFarma,981977539,THERAIDRA MICROBIOMA SPR 200ML,1,0.33,0,10,2
SubitoFarma,981979216,GIBAUD ORTHO MALLEOGIB 3D CAV5,1,0.33,0,2,2
SubitoFarma,981996198,BACTORINOL GOCCE NASALI 15ML,1,0.33,0,67,3
SubitoFarma,982000592,ACAI BIO SUCCO SALUGEA 500ML,1,0.33,0,3,2
SubitoFarma,982008005,KLORANE SHAMPOO CENTAUREA400ML,1,0.33,0,4,9
SubitoFarma,982008029,KLORANE SHAMPOO MELOGRANO200ML,1,0.33,0,6,8
SubitoFarma,982011847,NOVALAC 1 800G NEW FORMULA,1,0.33,0,79,4
SubitoFarma,982090146,LIPODREINOL 240ML,1,0.33,0,12,5
SubitoFarma,982145029,AMIOIL CEROTTI 12PZ,1,0.33,0,4,3
SubitoFarma,982145132,ENTEROFLEGIN 30CPR,1,0.33,0,34,1
SubitoFarma,982146704,BIOSCALIN NOVA GENINA 30BUS CP,1,0.33,0,12,1
SubitoFarma,982178093,ESI SERENESI GOCCE 50ML,1,0.33,0,2,4
SubitoFarma,982182495,MEDIPRESTERIL IALUPRO DITA 4PZ,1,0.33,0,9,8
SubitoFarma,982389710,LEUKOPLAST ELASTOFIX TUB DITO,1,0.33,0,4,5
SubitoFarma,982391652,EKEEP H1 HALLUX VALGUS DIURNO2,1,0.33,0,3,4
SubitoFarma,982407924,RILASSANDO 30CPR MELATONINA,1,0.33,0,47,2
SubitoFarma,982411225,VISPEROL 20BUST,1,0.33,0,25,3
SubitoFarma,982466094,HP3 30CPS,1,0.33,0,7,12
SubitoFarma,982466409,ALLY BARRIER FILM 28ML,1,0.33,0,27,2
SubitoFarma,982468009,CURAPROX CPS 08 PRIME STA PINK,1,0.33,0,7,6
SubitoFarma,982471385,URIXANA 21BUST,1,0.33,0,366,2
SubitoFarma,982476121,ACIDO FOLICO PURO ANALC 30ML,1,0.33,0,12,2
SubitoFarma,982476234,MANNOSIO PURO POLV SOLUBILE75G,1,0.33,0,0,
SubitoFarma,982483582,BREATHE RIGHT CLASSICI GR 30PZ,1,0.33,0,240,10
SubitoFarma,982483618,BREATHE RIGHT EXTRA FORTI 30PZ,1,0.33,0,36,7
SubitoFarma,982483796,INOGLUT 30CPR,1,0.33,0,83,3
SubitoFarma,982489231,ARTONORM 15STICKPACK,1,0.33,0,2,6
SubitoFarma,982491058,NUTRAMIGEN 3 LGG POLVERE 400G,1,0.33,0,11,1
SubitoFarma,982510861,CONDROART 30BUST,1,0.33,0,1,4
SubitoFarma,982512485,AVENE TOLERANCE LOZ DET 400ML,1,0.33,0,4,7
SubitoFarma,982516484,FLORAP SMART 11 10FL SDC 10ML,1,0.33,0,2,5
SubitoFarma,982526701,RESTAX SHAMPOO AF UOMO 200ML,1,0.33,0,4,
SubitoFarma,982528921,DOLORINA 100CPR MASTIC,1,0.33,0,6,6
SubitoFarma,982532867,TOLERIANE DERMALLERGO OCCH20ML,1,0.33,0,14,5
SubitoFarma,982541512,GALATTO D 2000 90CPR,1,0.33,0,3,4
SubitoFarma,982541827,NEFRINA 60G FLACONE BUONAPET,1,0.33,0,4,
SubitoFarma,982593156,"OCUTEARS HYDRO+ 0,4% 10ML",1,0.33,0,15,5
SubitoFarma,982612234,ESI ALOE VERA GEL VIT/TEA200ML,1,0.33,0,34,9
SubitoFarma,982614568,SAFORELLE DETERGENTE IDRA250ML,1,0.33,0,2,1
SubitoFarma,982614671,DEFENCE MY AGE GOLD CREMA INT,1,0.33,0,5,10
SubitoFarma,982653166,XANACID 20STICK PACK,1,0.33,0,102,6
SubitoFarma,982653723,VIDERMINA FITORMIL MD 10OV,1,0.33,0,25,11
SubitoFarma,982682130,VOLTANATURA GEL NON MEDICATED,1,0.33,0,21,9
SubitoFarma,982684413,CH TIRALATTE ELETTRICO,1,0.33,0,2,6
SubitoFarma,982738142,OMNI BIOTIC FLORA PLUS+ 14BUST,1,0.33,0,1,12
SubitoFarma,982750061,BETAFOLIC AGE 30CPR,1,0.33,0,4,5
SubitoFarma,982751303,TRISAME 20CPR,1,0.33,0,84,1
SubitoFarma,982752432,BUONA DIFESA BABY 20ML,1,0.33,0,76,2
SubitoFarma,982754273,ERGOGEN 18BUST,1,0.33,0,5,1
SubitoFarma,982754830,RILASTIL HYDROTENSEUR 7FLX1ML,1,0.33,0,11,7
SubitoFarma,982755353,GABAPRAL 30STICKPACK,1,0.33,0,8,3
SubitoFarma,982772954,TRICOREAL PLUS 30CPS,1,0.33,0,4,1
SubitoFarma,982845063,ADEGUA ACTIVE ARNICA91% FORTE,1,0.33,0,0,
SubitoFarma,982881714,PIROMAL GEL 20STICK,1,0.33,0,609,5
SubitoFarma,982882666,AVENE STICK LABBRA IDRATANTE4G,1,0.33,0,5,
SubitoFarma,982895296,IMOPRO 3 MAGNESIA 90CPR,1,0.33,0,11,7
SubitoFarma,982919957,AMUCHINA GEL X-GERM 600ML IT,1,0.33,0,57,3
SubitoFarma,982935292,"DIFORAL MED 0,20 COLLUTORIO",1,0.33,0,11,1
SubitoFarma,982941890,BARIESUN SPF50+ CREME CLAIRE T,1,0.33,0,0,
SubitoFarma,982941926,BARIESUN SPF50+ CREME S/PARF,1,0.33,0,4,2
SubitoFarma,982945521,ARTELAC NIGHTTIME GEL 10G,1,0.33,0,17,9
SubitoFarma,982945572,CATIONORM MULTI GOCCE 10ML,1,0.33,0,44,3
SubitoFarma,982945608,OPTIVE FUSION 10ML,1,0.33,0,84,3
SubitoFarma,982946129,PROCUTASE CICA PLUS GEL 40ML,1,0.33,0,7,5
SubitoFarma,982946713,CERAMOL SUN PROT CREAM SPF50+,1,0.33,0,0,
SubitoFarma,982951055,FPR CONTORNO OCCHI ANTI ETA',1,0.33,5,0,1
SubitoFarma,982951067,FPR CREMA GEL RINNOVATRICE50ML,1,0.33,4,0,1
SubitoFarma,982951269,KERTYOL PSO BALSAMO IDRAT QUOT,1,0.33,0,3,
SubitoFarma,982951459,SINOVIAL HL64 SIR INTRA-ART2ML,1,0.33,0,54,10
SubitoFarma,982952246,CENTELLA 60CPS,1,0.33,0,9,10
SubitoFarma,982953705,ESI ALOE VERA GEL PURO 200ML,1,0.33,0,155,11
SubitoFarma,982981615,ANTHELIOS CREMA IDRAT UVM50+SP,1,0.33,0,118,
SubitoFarma,982981641,ANTHELIOS CREMA IDRAT UVM50+AP,1,0.33,0,30,
SubitoFarma,982983900,KLORANE SH VOLUME FINE HAIR LI,1,0.33,0,4,10
SubitoFarma,983031509,AMARO GIULIANI ELISIR BENESSER,1,0.33,0,36,11
SubitoFarma,983035977,PREMIER CRU CREMA RICCA 22,1,0.33,0,2,1
SubitoFarma,983036258,SOFARGEN REPAIR GEL MEDIC 25G,1,0.33,0,36,7
SubitoFarma,983039936,AVENE SOL CREMA SPF50+ S/PROF,1,0.33,0,44,
SubitoFarma,983040116,EPILOBIO 60CPS,1,0.33,0,63,4
SubitoFarma,983190669,COLODETOX 10BUST,1,0.33,0,0,
SubitoFarma,983191432,AUTAN DEFENSE LONG PROT 100ML,1,0.33,0,150,9
SubitoFarma,983194440,TIME EXCELLAGE BAUME 50ML,1,0.33,0,3,2
SubitoFarma,983196700,NOENE OVERSOLE DAILY AC C36/39,1,0.33,1,0,
SubitoFarma,983198793,EUCERIN SUN PIGMENT TINTED 50+,1,0.33,0,24,
SubitoFarma,983280342,CORTI DOL 20CPS,1,0.33,0,3,5
SubitoFarma,983282397,SPASMINA IBS DM 30CPR RIVEST,1,0.33,0,109,1
SubitoFarma,983282789,FOILLE INSETTI REPELLENTE EX,1,0.33,0,82,10
SubitoFarma,983302884,NAC 225PAST,1,0.33,0,1,3
SubitoFarma,983304369,MICRONIL ACT 30BUST,1,0.33,0,4,1
SubitoFarma,983305893,LISTERINE NATURALS PROT GENGIV,1,0.33,0,8,1
SubitoFarma,983305905,LISTERINE NATURALS PROT SMALTO,1,0.33,0,4,1
SubitoFarma,983325679,DR FILLERMAST CR HYALUR NUTRI,1,0.33,1,0,1
SubitoFarma,983360645,LATTE SOLARE BB SPF50+ FDR,1,0.33,0,0,
SubitoFarma,983361647,GIBAUD ORTHO RHIZOGIB ORT SX 3,1,0.33,0,3,1
SubitoFarma,983361662,GIBAUD ORTHO MANUGIB TRAU DX 2,1,0.33,0,3,1
SubitoFarma,983361763,GIBAUD ORTHO RHIZACTIVE ORTES1,1,0.33,0,2,2
SubitoFarma,983361775,GIBAUD ORTHO RHIZACTIVE ORTES2,1,0.33,0,2,2
SubitoFarma,983366939,CEROXMED STRISCIA DEL 50X8CM,1,0.33,6,34,3
SubitoFarma,983370572,RHINODORON SPR NAS ALOE VERA,1,0.33,0,1,4
SubitoFarma,983381346,EUCERIN UREAREP 5% IDRAT 400ML,1,0.33,0,2,7
SubitoFarma,983388378,GASTROLARYN 20STICK,1,0.33,0,93,1
SubitoFarma,983389521,DIVIAL X GOCCE OCULARI 30F,1,0.33,0,75,2
SubitoFarma,983391032,GHEOS SUPERCELL NIGHT 60CPS,1,0.33,0,6,1
SubitoFarma,983391259,EKEEP B3 SURGICAL BRA POST 02,1,0.33,0,1,1
SubitoFarma,983392224,ZEN GHEOS FUNCTIONAL 30BUST,1,0.33,0,1,1
SubitoFarma,983430012,NIAC CREMA 30ML,1,0.33,0,3,1
SubitoFarma,983441849,AVENE HOMME GEL BARBA 150ML,1,0.33,0,3,8
SubitoFarma,983513704,KUKIDENT ULTIMATE FRESCO 57G,1,0.33,24,679,8
SubitoFarma,983513716,KUKIDENT PLUS BARRI A/CI FR40G,1,0.33,7,301,5
SubitoFarma,983513742,KUKIDENT PLUS DOPPIA AZIONE65G,1,0.33,0,38,1
SubitoFarma,983513779,KUKIDENT ULTIMATE FRESCO 40G,1,0.33,3,358,7
SubitoFarma,983520887,DEPROX HP 15CPS,1,0.33,0,85,4
SubitoFarma,983531599,DERMORELIZEMA ULTRA IDRATANTE,1,0.33,0,13,3
SubitoFarma,983533769,TOPIALYSE CREME 200ML,1,0.33,0,23,
SubitoFarma,983586393,KOURILES SPRAY LENITIVO 75ML,1,0.33,0,1,1
SubitoFarma,983591621,NATURA MIX ADVANCED SOST 10FL,1,0.33,0,26,8
SubitoFarma,983591912,VADO SCIROPPO FICHI MAN30STICK,1,0.33,0,41,5
SubitoFarma,983665441,EUCERIN ANTI-PIGMENT GG LIGHT,1,0.33,0,3,
SubitoFarma,983674666,EXOMEGA CONTROL CR EMOL 200ML,1,0.33,0,64,5
SubitoFarma,983674692,EXOMEGA CONTROL BALS EMOL200ML,1,0.33,0,3,7
SubitoFarma,983674779,EXOMEGA ALLERGO CS 200ML,1,0.33,0,63,4
SubitoFarma,983679566,CERAVE SA DETERGENTE LEV 473ML,1,0.33,0,6,5
SubitoFarma,983697741,VICHY HOMME DEO CC 96H ROLL 50,1,0.33,0,2,10
SubitoFarma,983699962,OVOSICARE FERTILITY 30CPS,1,0.33,0,12,3
SubitoFarma,983700725,ENDOCARE RADIANCE EYE CONTOUR,1,0.33,0,23,3
SubitoFarma,983706502,BARIEDERM CICA GEL NETTOY200ML,1,0.33,0,1,11
SubitoFarma,983721729,LIFTACTIV SUPREME VIT C 20ML,1,0.33,0,2,11
SubitoFarma,983745365,LORIS 40CPR MASTICABILI,1,0.33,0,20,
SubitoFarma,983761394,PP FORTIFLORA CANE ORIG 7BUST,1,0.33,0,16,1
SubitoFarma,983773553,REGACTIVE ESSENTIAL ME 3 60CPS,1,0.33,0,2,2
SubitoFarma,983777513,ESI BIOCOLLAGENIX CR A/ETA' PL,1,0.33,0,14,10
SubitoFarma,983789696,KRIN UP LEI 30CPR,1,0.33,0,36,6
SubitoFarma,983794138,SPASMOXIDE60 60CPR,1,0.33,0,7,4
SubitoFarma,983831494,MEDICIST 20BUST,1,0.33,0,86,1
SubitoFarma,984098689,REV DEOMED PLUS CREMA 80ML,1,0.33,0,20,2
SubitoFarma,984099022,VITAMINA K2 100CPR,1,0.33,0,15,9
SubitoFarma,984099693,FLAVIS CRACKER 4X30G,1,0.33,0,128,9
SubitoFarma,984177636,SERCOMPLEX 20BUST,1,0.33,0,11,4
SubitoFarma,984203606,NUTRIZYM 30CPR MASTICABILI,1,0.33,0,16,3
SubitoFarma,984207098,MENOVAMP CIMICIFUGA 60CPS,1,0.33,0,27,8
SubitoFarma,984207340,SCHAR TRAMEZZINO 200G,1,0.33,0,45,6
SubitoFarma,984320263,CLIADENT GEL OZONOIL 20ML,1,0.33,0,10,1
SubitoFarma,984324083,LIPOSAN FORTE NF SALUGEA 60CPS,1,0.33,0,7,6
SubitoFarma,984327837,SICCOSTIL CROSS GOCCE OCUL10ML,1,0.33,0,6,4
SubitoFarma,984327864,EPIGEL TUBO GEL 10G,1,0.33,0,2,1
SubitoFarma,984328652,AVENE CICALFATE+ GEL DET 200ML,1,0.33,0,14,8
SubitoFarma,984353072,BENZAC SKINCARE MICROBIOME50ML,1,0.33,0,2,12
SubitoFarma,984356966,CETAPHIL EMULSIONE DET 250ML,1,0.33,0,21,7
SubitoFarma,984357006,CETAPHIL CREMA IDRATANTE 450G,1,0.33,0,125,12
SubitoFarma,984359012,FISIOCREM CANNABIS CREMA 60ML,1,0.33,0,60,12
SubitoFarma,984412332,CERAMOL CREMABASE XR 311 450ML,1,0.33,0,27,4
SubitoFarma,984412458,RADICALIA STICK 9ML,1,0.33,0,44,1
SubitoFarma,984462097,HIPP BIO CREMA CRL SEMOLIN200G,1,0.33,0,19,8
SubitoFarma,984498788,"CER PIC CICATRIZZANTE 5X7,5 5P",1,0.33,0,12,8
SubitoFarma,984498840,ADMIORIL 14BUST,1,0.33,0,19,1
SubitoFarma,984500886,EBERJOINT D3 20STICK PACK,1,0.33,0,4,4
SubitoFarma,984501205,OPTREX ACTIMIST OCCHI SEC STAN,1,0.33,0,14,9
SubitoFarma,984502435,GYNEXELLE HYALO-DUO GEL 10PZ,1,0.33,0,13,5
SubitoFarma,984513895,TROSPATA 500 20BUST,1,0.33,0,9,1
SubitoFarma,984546287,AQUILEA SONNO FORTE 30CPR,1,0.33,0,12,4
SubitoFarma,984557583,ESI LE DIECI ERBE MICROCLISMI,1,0.33,0,14,
SubitoFarma,984558179,NUTRIMAGNESIUM 300+ 80CPR,1,0.33,0,19,7
SubitoFarma,984564967,CONVEEN PROTACT PASTA 100G,1,0.33,0,24,1
SubitoFarma,984569842,"SHINE ON HSPLUS BIONDO 7,00",1,0.33,0,9,11
SubitoFarma,984577041,SEBIUM KERATO+ 30ML,1,0.33,0,5,5
SubitoFarma,984598502,ARTICOLINA FORTE 30CPR,1,0.33,0,8,1
SubitoFarma,984599744,ALTRAPELLE MEDICAL ONICO SOLUZ,1,0.33,0,1,8
SubitoFarma,984618088,ATERONORM PLUS 60CPR,1,0.33,0,2,
SubitoFarma,984618102,VITA D-K2 60CPR,1,0.33,0,55,6
SubitoFarma,984620892,EOS LIPOKOLIN 90CPR,1,0.33,0,10,3
SubitoFarma,984621300,SWISSE MULTIVITAMINICO D 50+,1,0.33,0,25,5
SubitoFarma,984621351,LEGART POWER 20CPR,1,0.33,0,5,6
SubitoFarma,984634927,LACTOFLORENE COLESTEROLO 30CPR,1,0.33,0,7,
SubitoFarma,984636086,RESTAX SHAMPOO SEBO CARE DONNA,1,0.33,0,5,1
SubitoFarma,984638306,CLIAUP 14BUST,1,0.33,0,14,4
SubitoFarma,984642569,UNIPRIL COLESTEROLO 30CPS GAST,1,0.33,0,22,10
SubitoFarma,984654424,DEXERYL OLIO LAVANTE 500ML,1,0.33,0,29,11
SubitoFarma,984705653,ATODERM CREME ULTRA 500ML,1,0.33,0,6,12
SubitoFarma,984733550,MONURELLE PLUS AF 30CPS,1,0.33,0,20,11
SubitoFarma,984734590,AVENE HYALURON A B3 CREMA NTT,1,0.33,0,4,11
SubitoFarma,984734943,GIBAUD ORTHO HALLUX VALGUS SX,1,0.33,0,1,1
SubitoFarma,984787541,FLOGO FLEB 30CPR,1,0.33,0,1,6
SubitoFarma,984789887,EUPHRALIA OCCHI ROSSI 10ML,1,0.33,0,52,6
SubitoFarma,984794406,THEISS ARNICA&ARTIGLIO CR 50ML,1,0.33,0,1,1
SubitoFarma,984812382,ALENIL Q 30CPR,1,0.33,0,21,5
SubitoFarma,984819781,KE SALI HYPOTONIC 10BUST,1,0.33,0,14,2
SubitoFarma,984822472,BIOSCALIN SH ANTIFORF SEC CUT,1,0.33,66,1,2
SubitoFarma,984829705,TAU MARIN SPAZZOLINO BABY,1,0.33,0,19,11
SubitoFarma,984832788,NEUTRO ROBERTS SAP SOLIDO TRIS,1,0.33,0,30,4
SubitoFarma,984838728,ISYPAN INTOLLERANZA LATT 30CPR,1,0.33,0,15,3
SubitoFarma,984845925,VITAMINA D3 IBSA 1000UI 30FILM,1,0.33,1,272,5
SubitoFarma,984852828,RILASTIL PROGRES SIERO ANTIR,1,0.33,0,30,8
SubitoFarma,984852830,RILASTIL PROGRES CREMA ANTIR,1,0.33,0,29,9
SubitoFarma,984863908,CONDROCUR 20BUST,1,0.33,0,1,3
SubitoFarma,984865410,VERAVIS-T SUPREMO GRANI LU 90G,1,0.33,0,31,4
SubitoFarma,984867299,LENISIL 20CPR,1,0.33,0,7,1
SubitoFarma,984871259,PROREUTER PLUS 30CPS,1,0.33,0,99,1
SubitoFarma,984888053,CH SET PRIMI MESI ORAL CARE,1,0.33,0,10,2
SubitoFarma,984902686,RUSCOVEN BIOGEL 100ML,1,0.33,0,22,9
SubitoFarma,984910190,FOILLE INSETTI REPELLENTE ACT,1,0.33,0,12,4
SubitoFarma,984925747,ADCARDIO STOP 50G,1,0.33,0,45,2
SubitoFarma,984926749,AGEX SERUM SPOT PHARCOS 30ML,1,0.33,0,15,3
SubitoFarma,984952756,KERYNE ORO 30BUST,1,0.33,1,58,5
SubitoFarma,984966630,FERTYLOR PLUS 20BUST,1,0.33,0,16,1
SubitoFarma,984968370,NEUROLIP 20CPR,1,0.33,0,23,4
SubitoFarma,984984308,MASSIGEN VITAMINA B12 14FL,1,0.33,0,112,10
SubitoFarma,984984942,CH TRAVEL CUP 2Y+ ROSA,1,0.33,0,4,3
SubitoFarma,985000809,ANTHELIOS GEL P BAGN BB 50+,1,0.33,0,1,8
SubitoFarma,985005368,ARKOCPS ASHWAGANDHA BIO 60CPS,1,0.33,0,6,9
SubitoFarma,985007653,DIMASAL NF SALUGEA 60CPS VEG,1,0.33,0,18,6
SubitoFarma,985047758,SENSIQUELL PALPEBRALE 15ML,1,0.33,0,3,12
SubitoFarma,985124332,VAGISIL DETERGENTE ODOR B500ML,1,0.33,0,5,7
SubitoFarma,985483142,BENZONIC CREMA 30ML,1,0.33,0,12,7
SubitoFarma,985501028,PREP CREMA FOR LADIES 75ML,1,0.33,0,0,
SubitoFarma,985505155,DIGESTYL LACT 30CPS,1,0.33,0,9,1
SubitoFarma,985512312,GLUTATIONE LIPOSOMIALE 20STICK,1,0.33,0,0,
SubitoFarma,985513074,PHYSIOPURE GELEE MOUSSANT400ML,1,0.33,0,0,
SubitoFarma,985574971,STOMEK 16CPR,1,0.33,0,70,2
SubitoFarma,985577865,WALDIMMUN ADULTI 10STICK,1,0.33,0,11,4
SubitoFarma,985581887,LACRISUN TONIC 5% 10ML,1,0.33,0,50,5
SubitoFarma,985593779,RENAL COMBI PASTA 30ML,1,0.33,0,4,4
SubitoFarma,985593781,RENAL COMBI POLVERE 70G,1,0.33,0,14,5
SubitoFarma,985661317,EUCERIN PH5 OLIO DOCCIA REFILL,1,0.33,0,1,4
SubitoFarma,985668540,PSYLLOGEL FAST F 10STICK,1,0.33,0,207,8
SubitoFarma,985671217,DOLEMYR 30CPR,1,0.33,0,20,2
SubitoFarma,985714195,BIOTINA 5000MCG LAMPONE 60GOMM,1,0.33,0,3,1
SubitoFarma,985723117,RILASTIL DIFESA CREMA VISO DET,1,0.33,0,13,10
SubitoFarma,985821141,BIOSCALIN TRICOAGE SH 200ML,1,0.33,0,37,4
SubitoFarma,985830746,TOLERIANE FOAMING GEL CLEANSER,1,0.33,1,4,
SubitoFarma,985909201,VERSET ENZI EAU DE PARFUM100ML,1,0.33,1,0,1
SubitoFarma,985918768,ZANZARELLA BRACC UNDER THE SEA,1,0.33,0,16,6
SubitoFarma,985918844,"ASTAXCARE 30CPS 18,6G",1,0.33,0,7,1
SubitoFarma,985919657,NUXE SUPER SERUM 10 50ML,1,0.33,0,4,9
SubitoFarma,985979184,ANSIVOR 30CPR FAST,1,0.33,0,16,3
SubitoFarma,985988005,CAROTENE COMPLEX 40CPS,1,0.33,0,1,2
SubitoFarma,985990706,MATRICIUM 30F 1ML,1,0.33,0,2,6
SubitoFarma,985990720,MENTADENT PROF DENTIF PROT+SEN,1,0.33,0,0,
SubitoFarma,985992522,VITIWIKEN VISO 30ML,1,0.33,0,10,2
SubitoFarma,985999453,PROBIOTICO ACT 15CPS VEGETALI,1,0.33,0,110,10
SubitoFarma,985999693,THERAGYN SOLUZIONE LAVANDA 5FL,1,0.33,0,8,6
SubitoFarma,986007639,GLOBAL DERM STICK POST RASATUR,1,0.33,0,3,1
SubitoFarma,986008439,ARNICA GEL 98% 100ML,1,0.33,0,2,9
SubitoFarma,986011740,NEURANIA 30CPR,1,0.33,1,43,9
SubitoFarma,986012134,TUAMEMOR 15FL 10ML,1,0.33,0,5,1
SubitoFarma,986036073,IALOZON ROSA DENTIFRICIO 75ML,1,0.33,0,1,
SubitoFarma,986075188,CONNETTIVINASKIN 50ML,1,0.33,0,34,10
SubitoFarma,986075582,RILASTIL AQUA INTENSE 72H NF,1,0.33,0,18,10
SubitoFarma,986078119,OTALGAN SPRAY AURICOLARE 50ML,1,0.33,0,17,8
SubitoFarma,986080099,EUCERIN SUN SPRAY TOCCO SECC30,1,0.33,0,2,3
SubitoFarma,986087904,MARGUTTA BRACCIALE ASTERIA,1,0.33,1,0,
SubitoFarma,986091268,PHYSIOMANCE GLUCO 3 30CPR,1,0.33,0,3,1
SubitoFarma,986112845,ASTENOMIRT CVS 20CPR,1,0.33,0,10,4
SubitoFarma,986116743,HERBOSOL FOLIC 30CPR,1,0.33,0,8,9
SubitoFarma,986117190,TRIVIS AGA DONNA LOZIONE 100ML,1,0.33,0,4,1
SubitoFarma,986117339,EPATORIL PRO 20CPS,1,0.33,0,5,6
SubitoFarma,986129031,ENAVIT SUDAMIN 10+10BUST,1,0.33,0,0,
SubitoFarma,986150757,FLOMEL PLUS 20BUST,1,0.33,0,15,6
SubitoFarma,986286918,ENTEROLACTIS BEVIBILE 6FL,1,0.33,0,34,7
SubitoFarma,986395616,SERENPLUS GOCCE 50ML,1,0.33,0,46,4
SubitoFarma,986395782,ANACAPS EXPERT 90CPS,1,0.33,0,10,3
SubitoFarma,986395794,KERACNYL CR REPAIR 50ML,1,0.33,0,21,7
SubitoFarma,986464826,BIOKILL PIRETRO NATURALE 1L,1,0.33,0,1,7
SubitoFarma,986464992,HYDRAPHASE HA UV RICHE 40ML,1,0.33,0,4,4
SubitoFarma,986466391,NUTRIREGULAR MACRO LAX 4000,1,0.33,0,6,6
SubitoFarma,986470666,FORMALIFE PLUS FERM LATT 30CPR,1,0.33,0,5,6
SubitoFarma,986473027,FLOR INTOLLERANCE EQUILI 240ML,1,0.33,0,4,5
SubitoFarma,986496659,ENTEROLACTIS OS 8MD 12BUST,1,0.33,1,18,
SubitoFarma,986497218,RILASTIL AQUA LATTE CORPO NF,1,0.33,0,3,5
SubitoFarma,986585139,BLUE PERFORMA 40CPS,1,0.33,0,14,1
SubitoFarma,986625818,OILFREE ATTIVO 300ML,1,0.33,0,89,4
SubitoFarma,986626036,ACNEFFE BODY SPRAY 120ML,1,0.33,0,36,4
SubitoFarma,986699546,MULTICENTRUM BOOST OMEGA 60CPS,1,0.33,0,13,9
SubitoFarma,986699573,MULTICENTRUM NEO MAMMA DHA,1,0.33,0,94,8
SubitoFarma,986708093,NOCIST INTIMATE DAILY DET INT,1,0.33,0,9,9
SubitoFarma,986708701,CHILLY DETERGENTE DELIC 300ML,1,0.33,0,11,9
SubitoFarma,986711493,RINOFLUX HYPER PIC SOL IPER,1,0.33,0,20,2
SubitoFarma,986736369,HIPP AC 30ML,1,0.33,0,164,9
SubitoFarma,986738843,ORALB PW REFILL CROSS BLACK3PZ,1,0.33,0,17,2
SubitoFarma,986738856,ORALB PW REFILL PREC CLEAN 3PZ,1,0.33,0,0,
SubitoFarma,986791958,RILASTIL XEROLACT OLIO 1000ML,1,0.33,0,58,
SubitoFarma,986819237,ENERZONA OMEGA 3RX 60CPS,1,0.33,0,4,7
SubitoFarma,986821991,SFIGMO DIGIT BRACC SOFARMAPIU',1,0.33,0,516,10
SubitoFarma,986824973,ACETILCISTEINA ACT PLUS NAC600,1,0.33,0,69,
SubitoFarma,986844417,BRUX COLLUTORIO 250ML,1,0.33,5,0,1
SubitoFarma,986845523,FOLATEX 400 90CPR,1,0.33,0,16,1
SubitoFarma,986845889,RINOLYSYAL 15ML,1,0.33,0,98,2
SubitoFarma,986857340,CERAVE BALSAMO RIPA AVANZ 50ML,1,0.33,0,7,10
SubitoFarma,986864864,TROSYD REPAIR 25ML,1,0.33,0,39,9
SubitoFarma,986884601,PHYSIOMANCE D-NAT 1000 20ML,1,0.33,0,0,
SubitoFarma,986885376,SELFTEST HELICOBAC SOFARMAPIU',1,0.33,0,70,3
SubitoFarma,986885388,SELFTEST OVULAZIONE SOFARMAPIU,1,0.33,0,0,
SubitoFarma,986895492,DEKORO SPRAY 20ML,1,0.33,0,144,8
SubitoFarma,986895795,KELUAL DS CREMA 40ML 23,1,0.33,0,17,9
SubitoFarma,986899437,AVENE XERACALM AD CR LIPO200ML,1,0.33,0,7,2
SubitoFarma,986903084,SILBONE 20BUST,1,0.33,0,1,3
SubitoFarma,986903110,"EROXON 4TUB M-DOS 0,3ML",1,0.33,0,19,
SubitoFarma,986904136,TENDERMYR 30SOFTGEL,1,0.33,0,13,3
SubitoFarma,986913756,SEBIUM HYDRA CLEANSER 200ML,1,0.33,0,1,10
SubitoFarma,986955870,LINFOSTAX PLUS 30CPR,1,0.33,0,2,4
SubitoFarma,986958181,VET AQUADENT FR3SH 250ML,1,0.33,0,11,6
SubitoFarma,986958193,VET AQUADENT FR3SH 500ML,1,0.33,0,3,3
SubitoFarma,986971289,GIBAUD ORTHO ARTIGIB 3D GIN 2,1,0.33,0,1,1
SubitoFarma,986971339,GIBAUD ORTHO ROTULGIB 3D GIN2,1,0.33,0,2,1
SubitoFarma,986971366,GIBAUD ORTHO ROTULGIB 3D GIN5,1,0.33,0,6,1
SubitoFarma,986971974,"OCUTEARS ALO+UD 0,4% 15X0,35ML",1,0.33,0,39,4
SubitoFarma,986987675,AVENE CLEANANCE MASCHERA DETOX,1,0.33,0,60,11
SubitoFarma,986987865,NOVERAL 30CPS 580MG,1,0.33,0,6,1
SubitoFarma,986991723,LESSPAIN 30BUST OROSOLUBILI,1,0.33,0,27,2
SubitoFarma,987019751,TEN 10 10BUST,1,0.33,0,0,
SubitoFarma,987023595,SAMBUCOL IMMUNOFORTE 30CPS,1,0.33,0,2,7
SubitoFarma,987025626,RILASTIL SIERO PORE MINIMIZER,1,0.33,0,6,7
SubitoFarma,987025689,PIC EASY WASH PERA CAN 483ML,1,0.33,0,6,6
SubitoFarma,987025703,PIC SOFT WASH SCHIZZETTO 35ML,1,0.33,0,0,
SubitoFarma,987025739,PIC SOFT WASH SCHIZZETTO 175ML,1,0.33,0,13,11
SubitoFarma,987025778,PIC INTIMWASH DOCCIA VAG 347ML,1,0.33,0,1,9
SubitoFarma,987026224,TOLERIANE ROSALIAC AR SPF30,1,0.33,0,12,5
SubitoFarma,987057712,CONDROSTIM 20STICK PACK 20ML,1,0.33,0,8,1
SubitoFarma,987057775,OTOACT PLUS 100ML,1,0.33,0,13,2
SubitoFarma,987066952,ROC MULTI CORREXION EVEN EYE,1,0.33,0,1,2
SubitoFarma,987165848,PRENAN POST 400G LTT POLV,1,0.33,0,0,
SubitoFarma,987166079,PRIMAK DIAKON AID 50ML,1,0.33,0,36,1
SubitoFarma,987219779,VALDISPERT SONNO COMPLETO30CPR,1,0.33,0,35,8
SubitoFarma,987247741,MAGNESIO ADVANCE 400 20POUCH,1,0.33,0,10,9
SubitoFarma,987249950,BENDIAR PASTA 30G,1,0.33,0,18,3
SubitoFarma,987259660,PROBIOTICO ACT GONFIORE 10BUST,1,0.33,0,11,6
SubitoFarma,987279243,HUGGIES EXTRA CARE GR 4 33PZ,1,0.33,0,0,
SubitoFarma,987292618,DERMATESS COT GARZA 10X10 100V,1,0.33,0,0,
SubitoFarma,987304868,TENDOGENIAL 14FL 15ML,1,0.33,0,155,5
SubitoFarma,987314046,INMOOD ATTIVAMENTE 30CPR,1,0.33,0,4,11
SubitoFarma,987314073,INMOOD NUOVAMENTE 15CPS,1,0.33,0,3,10
SubitoFarma,987314515,HIPP IMMUNO 20STICK PACK,1,0.33,0,121,8
SubitoFarma,987315823,SCREEN TEST CELIACHIA SELFTEST,1,0.33,0,1,1
SubitoFarma,987318072,GUM SOFT PICK PRO SMALL 30PZ,1,0.33,2,120,
SubitoFarma,987320355,APROTEN DITALINI 500G,1,0.33,0,59,1
SubitoFarma,987320381,APROTEN GRANDINE 500G,1,0.33,0,2,9
SubitoFarma,987320936,ADEGUA ACTIVE ARNICA91% FT75ML,1,0.33,0,0,
SubitoFarma,987333438,NEUROLIPOIC MG 30CPR,1,0.33,0,31,2
SubitoFarma,987336450,GIBAUD GINOCCH COT SOT BEI 2,1,0.33,0,10,2
SubitoFarma,987336462,GIBAUD GINOCCH COT SOT BEI 3,1,0.33,0,15,3
SubitoFarma,987336474,GIBAUD GINOCCH COT SOT BEI 4,1,0.33,0,1,1
SubitoFarma,987358660,NEURONYX 30CPR,1,0.33,0,4,1
SubitoFarma,987367594,DERMALIBOUR + CR BARRIERA100ML,1,0.33,0,9,6
SubitoFarma,987369143,SENSURA MIO SACCA SCAR ADES30P,1,0.33,0,1,1
SubitoFarma,987388509,LIPIKAR UREA 10% 200ML,1,0.33,0,1,10
SubitoFarma,987388535,PHOTODERM SPRAY 30+ 300ML,1,0.33,0,2,2
SubitoFarma,987406384,KBIS CBD CREMA 60ML,1,0.33,0,58,2
SubitoFarma,987409000,ECHIPREVENT 20STICK PACK,1,0.33,0,41,1
SubitoFarma,987411446,MIOSAR 24BUST,1,0.33,0,67,1
SubitoFarma,987411826,MELA B3 CREMA SPF30 40ML,1,0.33,0,11,12
SubitoFarma,987414327,ANGSTROM SPRAY TRASP SPF30,1,0.33,0,0,
SubitoFarma,987417058,ATEROLIP PLUS 79% 30CPR+30PRL,1,0.33,0,0,
SubitoFarma,987425360,TENA PANTS SUPER L 12PZ,1,0.33,0,1,2
SubitoFarma,987437213,POLASE PLUS 24BUST PROMO,1,0.33,0,20,
SubitoFarma,987449802,RIPAGEL VET GOCCE OCULARI 10ML,1,0.33,0,11,4
SubitoFarma,987479615,GASTRONORM 16CPR NUTRIGEN,1,0.33,0,3,1
SubitoFarma,987540287,XYLIMELTS 40PAST MENTA DEL,1,0.33,0,11,7
SubitoFarma,987540299,XYLIMELTS 40PAST NEUTRO,1,0.33,0,26,1
SubitoFarma,987540655,AMINO MINI CAKE CACAO 4PZ,1,0.33,0,8,5
SubitoFarma,987654353,LUSTRAS MOUSSE DET PURIFICANTE,1,0.33,0,2,1
SubitoFarma,987654718,CH ASSORBENTI POSTPARTO COT10P,1,0.33,0,2,3
SubitoFarma,987658820,B-SMART GOCCE OCULARI 10ML,1,0.33,0,12,5
SubitoFarma,987669734,GIBAUD ORTHO WALKER BASSO TIB3,1,0.33,0,0,
SubitoFarma,987669809,GIBAUD ORTHO WALKER TUT TIBIA5,1,0.33,0,2,1
SubitoFarma,987678505,PEAMAG TENS 1200 14STICK,1,0.33,0,63,3
SubitoFarma,987681475,ATICARE DERMOCOLLAR CANI,1,0.33,0,6,3
SubitoFarma,987711456,PLASMON LATTE 12-36 MESI 1L,1,0.33,0,0,
SubitoFarma,987715291,ARTENNUA 90CPS,1,0.33,0,24,2
SubitoFarma,987719198,BABYSTAR AMIDO RISO NAT BIO,1,0.33,0,4,4
SubitoFarma,987744923,DUALSAN MONOCOLLANT A/TRO STD3,1,0.33,0,2,1
SubitoFarma,987746219,PLASMON STAGE 0-12 800G,1,0.33,0,1,1
SubitoFarma,987747829,LIFTACTIV COLLAGEN S CONT OCCH,1,0.33,0,0,
SubitoFarma,987749138,GSE ENTERO COLIT 40CPR,1,0.33,0,6,
SubitoFarma,987772542,COENZIMA Q10 100PAST,1,0.33,0,0,
SubitoFarma,987775487,TENDOACTIVE PLUS 20STICKS,1,0.33,0,5,7
SubitoFarma,987777202,PODOPED NERV,1,0.33,0,7,1
SubitoFarma,987790021,ARORED LOZIONE 100ML,1,0.33,0,12,1
SubitoFarma,987790870,PLAS POSTBIOTICO 20STICK PACK,1,0.33,0,1,3
SubitoFarma,987805520,SUNISSIME CAPSULE PREPA DUO,1,0.33,0,2,10
SubitoFarma,987838202,FILNERV 30CPR,1,0.33,0,9,1
SubitoFarma,987842212,DEXYANE MED 30ML,1,0.33,0,23,7
SubitoFarma,987843758,SINCROLIPID 60CPR,1,0.33,0,25,1
SubitoFarma,987844204,BIOTRANSIT 30STICK 15ML,1,0.33,0,81,1
SubitoFarma,987859511,CICABIO CREME+ SPF50 40ML,1,0.33,0,5,12
SubitoFarma,987866187,ESOXX ONE 20BUST STICK 10ML,1,0.33,1,267,1
SubitoFarma,987870363,HELIOCARE 360 OILFREE COMP BEI,1,0.33,0,6,4
SubitoFarma,987905407,AVENE VITAMIN ACTIV C CR REFIL,1,0.33,0,6,6
SubitoFarma,987905888,NOKSAN CEROTTO CALLIFUGO 6PZ,1,0.33,0,16,11
SubitoFarma,988011920,PYODERM SHAMPOO 250ML,1,0.33,0,2,5
SubitoFarma,988011944,ALLERMYL SIS SHAMPOO 250ML,1,0.33,0,2,4
SubitoFarma,988013823,EMOFORM SCOVOLINO ISO 4 GIALLO,1,0.33,0,7,12
SubitoFarma,988024586,CICAPLAST BAUME B5+ SPF50 40ML,1,0.33,1,68,
SubitoFarma,988024903,RESOURCE REFRESH LIMONE 4BOTT,1,0.33,0,6,2
SubitoFarma,988026884,TRIDERM AD OLIO DETERGENTE,1,0.33,0,8,6
SubitoFarma,988027660,BIOTON MEMORIA COMPLEX 14FL,1,0.33,0,18,6
SubitoFarma,988027850,PSORIASIS XERIAL DM 200ML,1,0.33,0,23,7
SubitoFarma,988032761,DERMATINA D FLUIDA 100ML,1,0.33,0,21,2
SubitoFarma,988038992,PESO STOP DRENA 20STICK,1,0.33,0,7,9
SubitoFarma,988050098,OMRON SFIGMO BRACCIO M7 INTELL,1,0.33,0,4,8
SubitoFarma,988050581,"TAZARENE CREMA 0,1% 40ML",1,0.33,0,4,6
SubitoFarma,988053676,PHYTOPODAL CREMA RIGEN UREA10%,1,0.33,0,2,2
SubitoFarma,988053726,GASTROERRE 210ML,1,0.33,0,13,1
SubitoFarma,988123004,GLICEGARD 30CPR NUTRIGEN,1,0.33,0,1,1
SubitoFarma,988143638,PROSURE BANANA 4BOTT 220ML,1,0.33,0,0,
SubitoFarma,988153235,AQUAVIS PSOREASY AUTOGEL 75ML,1,0.33,0,5,7
SubitoFarma,988248466,DIGESTYL PRE 30CPR,1,0.33,0,10,1
SubitoFarma,988288623,PROZINC SIR INS VETE 1ML 120PZ,1,0.33,0,3,1
SubitoFarma,988288953,VITRA FORTE GOCCE 30ML,1,0.33,0,12,4
SubitoFarma,988303083,LIACRON 60CPR,1,0.33,0,3,6
SubitoFarma,988339091,GFM SHAMPOO IRALTONE 400ML,1,0.33,0,11,10
SubitoFarma,988660888,NIDINA OPTIPRO 1 LIQUIDO 500ML,1,0.33,0,286,7
SubitoFarma,988660902,NIDINA OPTIPRO 1 POLV 2PZ 600G,1,0.33,0,0,
SubitoFarma,988665600,DEFASIL 30STICK,1,0.33,0,37,8
SubitoFarma,988665648,TENA BED PLUS WINGS TRAV80X180,1,0.33,0,85,11
SubitoFarma,988665980,CONNETTIVINAMANI CREMA 75ML,1,0.33,32,109,5
SubitoFarma,988669370,ALKAGIN DET INT PH7 LEN + RIC,1,0.33,0,0,
SubitoFarma,988670030,SOLACIST 14BUST,1,0.33,0,1,2
SubitoFarma,988712612,DERMOVITAMINA PROCTOC PRUR AN,1,0.33,0,1,8
SubitoFarma,988714123,BROMIPOD DETERGENTE 250ML,1,0.33,0,23,1
SubitoFarma,988715975,FERBOX 30CPS,1,0.33,0,6,1
SubitoFarma,988717500,BROMACETIL SPRAY 20ML,1,0.33,0,20,1
SubitoFarma,988771960,ZYMEREX REGOLA M4000 20BUST,1,0.33,0,3,2
SubitoFarma,988804124,CARDIONAM Q10 60CPS,1,0.33,1,0,8
SubitoFarma,988897296,PROFAR PIDOFF SHAMPOO 150ML,1,0.33,0,1,1
SubitoFarma,988909899,CARTIJOINT PRO 15CPR,1,0.33,0,144,12
SubitoFarma,988925487,YOVIS STICK 20STICK,1,0.33,0,36,
SubitoFarma,988988539,HYSEAC TONIQUE PURIFIANT 250ML,1,0.33,0,3,
SubitoFarma,988988554,HYSEAC GEL NETTOYANT 150ML,1,0.33,0,8,7
SubitoFarma,988998213,COLISTAX DIGEST 30CPR,1,0.33,0,0,
SubitoFarma,989005335,CONDROTIDE MOVEO 20CPR DIV,1,0.33,0,11,3
SubitoFarma,989021011,"JONEXA UP 2% SIR 4,4ML",1,0.33,0,18,10
SubitoFarma,989021668,AURIA GOCCE AURICOLARI 10ML,1,0.33,0,34,2
SubitoFarma,989022191,ESI BIOCOLLAGENIX FT 10DRINK,1,0.33,0,33,6
SubitoFarma,989022215,GSE EYE OFTAL CREMA 8ML,1,0.33,0,16,
SubitoFarma,989022963,BIOCLIN PRO SHAMPOO FORF SECCA,1,0.33,8,1,3
SubitoFarma,989026152,VITAMINA C 1000 60CPR,1,0.33,0,9,3
SubitoFarma,989040668,CREATINA PLUS 180PAST,1,0.33,0,1,2
SubitoFarma,989042383,KELASTIC CREMA CICATRICI 30ML,1,0.33,0,7,4
SubitoFarma,989042522,CURASEPT SPRAY 30ML ADS NEW,1,0.33,0,135,5
SubitoFarma,989046863,HERPASO ORAL 30ML,1,0.33,0,26,2
SubitoFarma,989047699,KIJIMEA FLORACARE 56CPS,1,0.33,0,6,2
SubitoFarma,989048398,PODOPED CREMA BARRIERA,1,0.33,0,16,3
SubitoFarma,989048424,VULVOVAGI CREMA,1,0.33,0,12,6
SubitoFarma,989052028,WOUND SKIN HYGIENE SOL SALINA,1,0.33,0,27,1
SubitoFarma,989171943,EUCERIN EES ANTIPIGM GEL DET,1,0.33,0,6,3
SubitoFarma,989172061,ARTIDOL 60CPS,1,0.33,0,8,3
SubitoFarma,989240799,ROLL ON DOPO PUNT 20ML SOFARMA,1,0.33,0,119,6
SubitoFarma,989241082,ESAPROST PLUS 30CPR,1,0.33,0,0,
SubitoFarma,989243504,IAP FLEURS D'AGRUMES CITR 150M,1,0.33,1,0,1
SubitoFarma,989243516,IAP FLEURS D'AGRUMES MAND 150M,1,0.33,3,0,1
SubitoFarma,989260892,KELUAL SQUANORM LOZIONE 200ML,1,0.33,0,12,6
SubitoFarma,989264080,RIGENUR 14BUST,1,0.33,0,3,1
SubitoFarma,989264179,MICONAL MOUSSE IGIENIZZANTE,1,0.33,0,18,1
SubitoFarma,989267669,PLAS NATURAL LINEA 120CPS,1,0.33,0,3,4
SubitoFarma,989319773,VALBROM 10BUST,1,0.33,0,108,1
SubitoFarma,989353305,SYNBIOPET THERAPET 10CPS,1,0.33,0,26,2
SubitoFarma,989355781,MARKEUTICALS MENOCORT 60CPR,1,0.33,0,8,2
SubitoFarma,989362619,CONDROSTRESS MOBILITY 30CHEWS,1,0.33,1,40,
SubitoFarma,989362660,FRUTIN GASTRO GEL 60CPR MASTIC,1,0.33,0,1,1
SubitoFarma,989366291,RILASTIL ACNESTIL ATT+ 30 40ML,1,0.33,0,25,9
SubitoFarma,989370539,TRIDERM AD CREMA DET 490ML,1,0.33,0,29,3
SubitoFarma,989373016,TRIDERM LENIL AG CR PROT 30ML,1,0.33,0,0,
SubitoFarma,989399795,CURASEPT DRYMOUTH DENTIF 75ML,1,0.33,0,10,6
SubitoFarma,989399872,PROTOCOLE IL PEEL A/IMPER100ML,1,0.33,0,3,10
SubitoFarma,989400318,FLEBOMIX LINFO 30CPR,1,0.33,1,39,4
SubitoFarma,989400888,GINGEMYR 24GUMM,1,0.33,0,15,3
SubitoFarma,989412426,DEXERYL LATTE NUTRITIVO 200ML,1,0.33,0,11,4
SubitoFarma,989412729,SPIRULINA MARCUS 540CPR,1,0.33,0,1,3
SubitoFarma,989417819,HERBATINT 1N NERO 170ML,1,0.33,0,70,5
SubitoFarma,989417961,HERBATINT 4N CASTANO 170ML,1,0.33,0,100,6
SubitoFarma,989418049,HERBATINT 5D CASTANO CHI DOR,1,0.33,0,30,1
SubitoFarma,989467814,DTOPIC PANNOLINI 3 22PZ,1,0.33,0,18,3
SubitoFarma,989467853,DTOPIC PANNOLINI 5 18PZ,1,0.33,0,10,6
SubitoFarma,989467903,BARIESUN SPF50+ OLIO SEC 200ML,1,0.33,0,0,
SubitoFarma,989634009,KALUCY LATTE CORPO 500ML,1,0.33,0,22,1
SubitoFarma,989634124,BBMILK DG LIQUIDO 500ML,1,0.33,0,157,5
SubitoFarma,989663075,CYSTIPHANE DS LOZIONE ANTIFORF,1,0.33,0,3,1
SubitoFarma,989663582,KIJIMEA HYPO 18CPS,1,0.33,0,9,2
SubitoFarma,989663923,FPR CREMA DEPIGMENTANTE 50ML,1,0.33,1,0,1
SubitoFarma,989663950,FPR RAGAD REPAIR 75ML,1,0.33,5,0,1
SubitoFarma,989665359,NIDINA OPTIPRO 1 POLV 800G,1,0.33,0,10,3
SubitoFarma,989667567,TRICAPSURES PHYSIO SH 250ML,1,0.33,0,2,3
SubitoFarma,989677479,EVEXIA FAST 30CPR,1,0.33,0,124,7
SubitoFarma,989687975,FORMOLINE L112 64CPR,1,0.33,0,9,1
SubitoFarma,989813415,GLOBIFER 40CPR,1,0.33,0,194,5
SubitoFarma,989814456,CERAVE REFILL SCHIUMA DET473ML,1,0.33,0,0,
SubitoFarma,989816412,VESVEIN GAMBE SOLLIEVO 30CPR,1,0.33,0,0,
SubitoFarma,989850514,KIJIMEA COMPLETE 111CPS,1,0.33,0,1,5
SubitoFarma,989894504,PREMIER CRU CREMA 50ML,1,0.33,0,3,7
SubitoFarma,989894516,PREMIER CRU CREMA RIC 50ML,1,0.33,0,2,4
SubitoFarma,989896105,LITOPSOR GEL GENGIVALE 15ML,1,0.33,0,16,3
SubitoFarma,989897347,PUELLAE 30CPS MOLLI,1,0.33,0,31,1
SubitoFarma,989929207,POL CALM DET 400ML+FLUIDO100ML,1,0.33,0,6,1
SubitoFarma,989979745,FLOGOCARE 30CPR,1,0.33,0,16,1
SubitoFarma,989982451,WELLION NEWTON GDH-FAD 25STR,1,0.33,0,34,1
SubitoFarma,990018350,VEINCE' 30CPR,1,0.33,0,1,6
SubitoFarma,990064952,RAME ORO ARGENTO OLIMENT 200ML,1,0.33,0,1,1
SubitoFarma,990078178,IDRORAL 45CPR MUCOADESIVE,1,0.33,0,7,3
SubitoFarma,990080071,CLIADONNA MASCHERA INTIMA3BUST,1,0.33,0,3,2
SubitoFarma,990087393,LONGLIFE BETACAROTENE 30CPR,1,0.33,0,11,1
SubitoFarma,990102345,DIVERCOLIN 50CPR,1,0.33,0,0,
SubitoFarma,990149647,TIOBEC 40CPR NF,1,0.33,0,43,1
SubitoFarma,990312985,SOMATOLINE COLLAG B TROP 216G,1,0.33,0,6,1
SubitoFarma,990313037,SOMATOLINE COLLAG MARINO 258G,1,0.33,0,6,1
SubitoFarma,990377424,RENIMAX ADVANCED 30BUST,1,0.33,0,3,1
SubitoFarma,990408294,CH SUCCH LIGHT LUM SIL16-36 2P,1,0.33,0,5,1
SubitoFarma,990452878,LIPIBIOM 30CPR MASTIC,1,0.33,0,4,4
SubitoFarma,990540890,BBCOLIC GOCCE 30ML,1,0.33,0,29,1
SubitoFarma,990551071,UNA10 SMALL 10CPR DRN,1,0.33,0,26,2
SubitoFarma,990559775,VITABENIMMUNO BABY GOCCE 12ML,1,0.33,0,24,1
SubitoFarma,990611473,PHYSIOMANNA ANGIO 14BUST,1,0.33,0,3,1
SubitoFarma,990652846,TEST GRAVIDANZA SANGUE SOFARMA,1,0.33,0,178,1
SubitoFarma,990690214,CLIADONNA CREMA INTIMA RIGEN,1,0.33,0,3,2
