minsan,prodotto,erp_stock,supplier_stock,click_30g,costo_storico_30g,primo_retest,provenienza
000367072,TISANA KELEMATA*20BUST 1 3G,7,88,3,0.99,2026-08-07,magazzino
003452012,VALONTAN*AD 4CPR RIV 100MG,0,77,1,0.33,2026-08-07,grossista
004763153,ASPIRINA*OS GRAT 10BUST400+240,0,118,1,0.33,2026-08-12,grossista
004905143,PLACENTEX*SOL CUT 10F 0 75MG,0,14,2,0.66,2026-08-13,grossista
007312010,OTOMIDONE*GTT OTO 10ML,26,123,1,0.33,2026-08-16,magazzino
009262015,ALAXA*20CPR GASTR 5MG,5,161,1,0.33,2026-08-11,magazzino
010130021,BIODERMATIN*30CPR 5MG,0,119,1,0.33,2026-08-14,grossista
013868043,PROCTOSEDYL*6SUPPOSTE,0,192,1,0.33,2026-08-14,grossista
018610042,CARNITENE*OS 10FL 1G/10ML,0,200,4,1.32,2026-08-09,grossista
020702270,MAALOX PLUS*OS SOSP 4+3 5+0 5%,5,213,1,0.33,2026-08-14,magazzino
023475080,ACETAMOL*BB 10SUPP 250MG,6,23,1,0.33,2026-08-07,magazzino
023491172,MICOTEF*CREMA CUT 30G 2%,0,13,1,0.33,2026-08-15,grossista
023834144,FLUIFORT*SCIR 12BUST 2 7G/10ML,11,437,3,0.99,2026-08-13,magazzino
023907037,BETADINE*10CPR VAG 200MG,0,59,1,0.33,2026-08-05,grossista
024596037,FLUIBRON*SCIR 200ML 15MG/5ML,80,1004,1,0.33,2026-08-13,magazzino
024625016,MICONAL*CREMA DERM 30G 2%,0,134,1,0.33,2026-08-11,grossista
025055029,TROSYD GINECOL*CR VAG 78G 1%,0,139,1,0.33,2026-08-11,grossista
025218102,MICLAST*SOL CUT FL 30ML 10MG/G,0,194,1,0.33,2026-08-14,grossista
025273095,RECOTUSS SEDATIVO*SCIR 100ML,0,20,1,0.33,2026-08-16,grossista
025319043,NEOOPTALIDON*8CPR RIV,0,208,1,0.33,2026-08-15,grossista
025647037,TROSYD*POLV CUT 30G 1%,4,208,1,0.33,2026-08-10,magazzino
025647049,TROSYD*EMULS CUT 30G 1%,0,159,1,0.33,2026-08-16,grossista
025950080,ECOREX*6 OVULI VAGINALI 150MG,0,20,2,0.66,2026-08-16,grossista
025982202,FALVIN*2CPS VAG MOLLI 1000MG,0,120,1,0.33,2026-08-17,grossista
026729018,MINOXIMEN*SOLUZ FL 60ML 2%,0,53,1,0.33,2026-08-17,grossista
027032059,NAAXIA*COLL 10ML 4 9%,0,186,2,0.66,2026-08-18,grossista
027077015,NTR*GTT NASALI 15ML,0,6,2,0.66,2026-08-05,grossista
027077027,NTR*SPRAY NASALE 15ML,0,59,3,0.99,2026-08-06,grossista
028424012,FLEBOSTASIN R*30CPS 50MG RM,0,25,1,0.33,2026-08-18,grossista
028467076,ACICLOVIR DOROM*CREMA 3G 5%,0,195,2,0.66,2026-08-07,grossista
028480010,SUADIAN*CREMA TUBO 30G 1%,0,27,2,0.66,2026-08-08,grossista
029032036,CODEX*10BUST 5MLD 250MG,8,314,1,0.33,2026-08-05,magazzino
029134018,PRIVITUSS*OS SOSP FL 200ML,15,184,1,0.33,2026-08-06,magazzino
029305012,YOVIS*OS GRAT 10BUST 1G,0,754,1,0.33,2026-08-07,grossista
029851173,MOVICOL*SENZA AROMA BB 20BUST,0,176,15,4.94,2026-08-08,grossista
030649267,ACQUA PI SALF*5F 5ML,0,158,1,0.33,2026-08-09,grossista
031066020,ICTAMMOLO NEW F*10% UNG 1000G,0,24,1,0.33,2026-08-09,grossista
031103029,ZOLFO E POT CARB NEW F*UNG 1KG,0,55,1,0.33,2026-08-10,grossista
032036028,BROXODIN*COLLUT 250ML 0 2%,0,17,2,0.66,2026-08-06,grossista
032056020,EUCLORINA*POLV SOL 10BUST 2 5G,9,753,4,1.32,2026-08-09,magazzino
032072050,HYALISTIL*COLL 20D 0 25ML,0,110,1,0.33,2026-08-10,grossista
032072062,HYALISTIL*0 2% COLL FL 5ML,0,110,2,0.66,2026-08-08,grossista
033222023,ACULAR*COLL FL 5ML 0 5%,0,115,1,0.33,2026-08-08,grossista
033470016,DICLOFENAC ZENTIVA*GEL 50G 1%,0,22,2,0.66,2026-08-17,grossista
033656214,ENANTYUM*10BUST OS GRAT 25MG,6,112,3,0.99,2026-08-07,magazzino
034220032,CRYSTACIDE*CREMA 25G 1%,0,151,2,0.66,2026-08-11,grossista
034283869,NIQUITIN*7CER TRANSD 21MG/24H,0,133,1,0.33,2026-08-12,grossista
034329110,TACHIPIRINA FLASHTAB*12CPR 125,5,100,2,0.66,2026-08-08,magazzino
034343018,BACTOCIN*6CPS VAG MOLLI 3G,0,13,1,0.33,2026-08-12,grossista
034447019,CELLUVISC*COLL30F 0 4ML10MG/ML,0,81,1,0.33,2026-08-11,grossista
034740035,NEOBOROCIL FLUID TOS*SCIR200ML,23,80,1,0.33,2026-08-09,magazzino
035760040,NEOBORO GOLADO*16PST MENTA S/Z,31,268,1,0.33,2026-08-12,magazzino
035953025,LAXIPEG*OS POLV 20BUST 9 7G,11,150,2,0.66,2026-08-18,magazzino
036397014,REPARIL*GEL 40G 1%+5%,20,397,2,0.66,2026-08-13,magazzino
037028026,EDEVEN CM*GEL TUBO 40G 2%+5%,0,17,1,0.33,2026-08-14,grossista
037291010,CAREXIDIL*SOLUZ CUT 60ML 5%,0,206,2,0.66,2026-08-05,grossista
037291046,CAREXIDIL*SOLUZ CUT 60ML 2%,0,113,2,0.66,2026-08-16,grossista
037291097,CAREXIDIL*3FL SOLUZ CUT 60ML2%,0,28,1,0.33,2026-08-15,grossista
038052015,ALVENEX*20CPR 450MG,5,100,2,0.66,2026-08-09,magazzino
038081042,LISOMUCIL TOSSE MUC UNID*10BS,0,16,1,0.33,2026-08-12,grossista
038135087,KALOBA*OS GRAT 21BUST 800MG,0,13,1,0.33,2026-08-13,grossista
038204032,REGOLINT*OS POLV200G 973 6MG/G,0,114,1,0.33,2026-08-14,grossista
038370019,BREXIDOL UNIDIE*4CER MED 14MG,4,112,1,0.33,2026-08-16,magazzino
038721015,DICLOFENAC TE*5CER MED 140MG,0,90,1,0.33,2026-08-15,grossista
039436023,EUSTAMYL*COLL 25FL 0 5ML 0 05%,0,36,1,0.33,2026-08-15,grossista
041174020,RINAZINA ANTIAL*SPRAY NAS 10ML,6,334,3,0.99,2026-08-18,magazzino
041239195,ZERINOL GOLA LIMO*18PAST 20MG,3,1,1,0.33,2026-08-12,magazzino
041512029,LISOMUCIL GOLA*OS SPRAY 15ML,0,87,1,0.33,2026-08-13,grossista
042901013,BETADINE*SOLUZ CUT 125ML 10%,1,0,1,0.33,2026-08-16,magazzino
042922017,NEXIUM CONTROL*7CPR GASTR 20MG,33,138,6,1.98,2026-08-17,magazzino
044140010,BETADINE*SOLUZ CUT 125ML 10%,0,779,2,0.66,2026-08-13,grossista
044460018,LAILA*14CPS MOLLI,20,182,1,0.33,2026-08-06,magazzino
044947024,ARNITHEI*GEL 100G,0,37,1,0.33,2026-08-17,grossista
045952013,FASTUFLEX*5CER MEDIC 180MG,0,105,2,0.66,2026-08-17,grossista
046058018,EVANTE*1CPR RIV 30MG,0,70,1,0.33,2026-08-18,grossista
046254013,GELSEMIUM COMPLEXE L70*1FL30ML,0,1,1,0.33,2026-08-05,grossista
046545012,VICKS FLU GIORNO NOTTE*12+4CPR,0,129,1,0.33,2026-08-06,grossista
047521024,MAALOX*OS SOSP 250ML 4%+3 5%,0,391,1,0.33,2026-08-09,grossista
047656347,NUX VOMICA DYN*30CH GR,6,0,1,0.33,2026-08-15,magazzino
047657275,NUX VOMICA DYN*200CH GL,3,0,2,0.66,2026-08-18,magazzino
047748797,RHUS TOX DYN*30CH GL,0,16,1,0.33,2026-08-18,grossista
048813012,FEXALLEGRA*10CPR RIV 120MG,15,0,1,0.33,2026-08-07,magazzino
049060318,IGNATIA AMARA DYN*30CH GR,0,11,1,0.33,2026-08-05,grossista
049103017,MELATONINA NOXAREM*10CPR 3MG,0,150,2,0.66,2026-08-12,grossista
049406046,VISIOFEN*COLL 30FL 0 25MG/ML,0,21,1,0.33,2026-08-08,grossista
049985017,CANDAZOL*CREMA VAG 30G 2%,0,80,1,0.33,2026-08-08,grossista
050375245,ACONITUM NAPELLUS DYN*30CH GR,5,15,1,0.33,2026-08-09,magazzino
050574033,DICLOFENAC EG*GEL 60G 20MG/G,0,310,1,0.33,2026-08-10,grossista
051378014,MUSCORIL DOLORE*GEL 60G 20MG/G,0,606,1,0.33,2026-08-16,grossista
800112361,CRATAEGUS OXYA 60ML TM,0,115,1,0.33,2026-08-16,grossista
800112411,RIBES NIGRUM 60ML TM,0,62,1,0.33,2026-08-10,grossista
800217857,ARNICA 30CH GR,6,5,2,0.66,2026-08-15,magazzino
800218075,THUYA OCCIDENT 30CH GR,3,4,5,1.65,2026-08-10,magazzino
800423562,EUPHRASIA COLL STILLDO 10F 0 4,18,1,1,0.33,2026-08-18,magazzino
800588485,BIOACID COMPOSTO 60CPS,0,5,1,0.33,2026-08-06,grossista
800597066,GAMMA VIROTI GOCCE 50ML,0,18,2,0.66,2026-08-09,grossista
800597130,SILICEA COMP 20G GL WALA,0,10,1,0.33,2026-08-07,grossista
800601015,2LC1 30CPS,0,4,1,0.33,2026-08-11,grossista
800601837,CARTILAGO COMP 20G GL WALA,0,6,1,0.33,2026-08-06,grossista
800602359,MELISSA SEPIA COM 20G GL WALA,0,4,2,0.66,2026-08-07,grossista
801210307,SIN 2 50ML GTT,0,1,2,0.66,2026-08-07,grossista
801210776,SIN 48 50ML GTT,0,7,3,0.99,2026-08-11,grossista
801210966,DRE 6 50ML GTT,0,3,1,0.33,2026-08-08,grossista
801379215,SINALIA 2TUBI GRAN 160G,0,130,1,0.33,2026-08-11,grossista
802108985,ECHINACEA QUARZ COMP COLL SOL,0,6,1,0.33,2026-08-09,grossista
881018752,CUPRUM MET MK GTT 20M 18%,0,12,1,0.33,2026-08-12,grossista
881073670,FEE DETOX-A 15ML,0,6,1,0.33,2026-08-13,grossista
881073959,FEE TIGLIO 15ML,0,14,1,0.33,2026-08-08,grossista
881116343,ARNICA OTI COMPOSTO 20F FIS,0,7,2,0.66,2026-08-11,grossista
900058482,CER ROC LEUKOFIX 5X500CM,0,15,1,0.33,2026-08-10,grossista
900059977,RIDUCAL GRASSI 30CPR,0,61,1,0.33,2026-08-11,grossista
900095427,AR POMATA 100ML,0,14,5,1.65,2026-08-16,grossista
900095581,ALOE POMATA ECZEMI 100ML,0,11,1,0.33,2026-08-12,grossista
900095631,BALSAMO TAILANDESE 50ML,0,8,3,0.99,2026-08-12,grossista
900128897,GEMMOSOL 36 RIBES NERO 100ML,0,24,1,0.33,2026-08-13,grossista
900146073,EVASEN DISCH RAGADI SENO 60PZ,0,8,1,0.33,2026-08-13,grossista
900176227,LONGLIFE AMINO COMPLEX 60TAV,0,86,1,0.33,2026-08-14,grossista
900178233,LONGLIFE L-TAURINE 100CPS,0,119,4,1.32,2026-08-16,grossista
900179627,PERIPLO SHAMPOO DOCCIA 250ML,0,89,2,0.66,2026-08-14,grossista
900204520,NOMABIT WILD OAT GL 6G,0,4,1,0.33,2026-08-15,grossista
900215536,SOURCE OF LIFE 90TAV,0,6,1,0.33,2026-08-14,grossista
900215601,NEW TOPEXAN DERMOLAV P SENS150,0,46,1,0.33,2026-08-16,grossista
900217389,INV OREC IN014 PALLINA 3MM,9,0,2,0.66,2026-08-05,magazzino
900217415,INV OREC IN017 CRYSTAL TITANIO,6,0,1,0.33,2026-08-14,magazzino
900280037,BENPED DITA A MARTELLO SX GR 1,0,7,1,0.33,2026-08-15,grossista
900283944,LIEVITO DI BIRRA 120CPR,0,101,1,0.33,2026-08-07,grossista
900284074,TARALLI MANDORLE 250G,0,49,1,0.33,2026-08-17,grossista
900284353,EAU THERMALE 150ML,5,6,2,0.66,2026-08-12,magazzino
900285065,PHYSIOGEL AI CREMA LENITIVA,0,798,1,0.33,2026-08-18,grossista
900288299,CER ROC LEUKOPOR 2 50X920CM,0,136,2,0.66,2026-08-16,grossista
900289327,PINEAL 30CPR,0,237,1,0.33,2026-08-05,grossista
900291790,LIPIKAR SURGRAS PANE FISIOL,3,1,1,0.33,2026-08-09,magazzino
900292210,STAMPELLA CANADESE 1COPPIA,0,21,1,0.33,2026-08-17,grossista
900299153,CLINNIX OIL DETERGENTE 500ML,0,95,2,0.66,2026-08-08,grossista
900315108,LINFAVENIX 30CPS,0,105,1,0.33,2026-08-06,grossista
900327139,MIRTILUX 200ML,0,81,1,0.33,2026-08-07,grossista
900350657,EMERGENCY ESS AUSTRALIAN 30ML,0,321,1,0.33,2026-08-08,grossista
900351521,EQUILIBRIO D ESS AUSTRALIAN 30,0,424,1,0.33,2026-08-09,grossista
900411238,MOST CREMA 2S 50ML,0,387,2,0.66,2026-08-10,grossista
900414588,INV OREC IN120 FIORE CRY/ROSA,7,0,1,0.33,2026-08-15,magazzino
900469711,NIKE CK ASCORB K 200BUST,0,217,2,0.66,2026-08-11,grossista
900498813,CLOREXYDERM SOL 4% SCHIUMA,0,103,4,1.32,2026-08-12,grossista
900520091,FORBICI RETTA PUNTA TONDA 14CM,0,15,1,0.33,2026-08-17,grossista
900520596,BILANCIA PESA-ALIMENTI DIGIT,0,5,1,0.33,2026-08-13,grossista
900531118,MUTANDA ERNIA C/CUSC 5,0,6,3,0.99,2026-08-18,grossista
900539331,GRAMIGNA 37 50ML TM,0,11,1,0.33,2026-08-14,grossista
900589666,NEO CRILOIDIN SHAMPOO DOLCE,0,80,1,0.33,2026-08-05,grossista
900647241,BROMIPOD SPR RINF 100ML,0,114,1,0.33,2026-08-17,grossista
900690090,OLIO DI GERME DI GRANO 200PRL,0,23,1,0.33,2026-08-06,grossista
900748462,GEHWOL CREMA FUSSKREM 75ML,0,68,2,0.66,2026-08-07,grossista
900750136,P6 NAUSEA CONTROL BRACCIALE BB,6,1044,2,0.66,2026-08-08,magazzino
900751963,AMIDO FRESH BAGNO DOCCIA SH,0,12,1,0.33,2026-08-15,grossista
900761711,REV KERATIN SHAMPOO 250ML,0,94,1,0.33,2026-08-09,grossista
900762079,REV DERMOSCHIUMA 125ML,0,108,1,0.33,2026-08-09,grossista
900764325,GEHWOL PEDILUVIO POLVERE 400G,0,180,1,0.33,2026-08-10,grossista
900862982,GINSENG IL HWA ESTRATTO 50G,0,116,1,0.33,2026-08-16,grossista
900889991,LADYGLORIA 12 GAMB 70 SAHARA 1,0,2,1,0.33,2026-08-08,grossista
900890043,LADYGLORIA 12 GAMB 70 SAHARA 4,0,10,1,0.33,2026-08-17,grossista
900890082,LADYGLORIA 12 GAMB 70 SAHARA 5,0,5,1,0.33,2026-08-18,grossista
900925595,BRAVA CINTURA PLACCA CONV 1PZ,0,8,1,0.33,2026-08-05,grossista
900975121,VITAMINA A 10000 IDRO,0,42,1,0.33,2026-08-06,grossista
900978685,ULTRA ZYME MULTIENZIMI,0,5,1,0.33,2026-08-07,grossista
900980513,OLEOLITO DI CALENDULA ESTR CON,0,6,1,0.33,2026-08-08,grossista
901062620,ESI PROPOLAID CAPSULE FT 30NCP,25,29,1,0.33,2026-08-18,magazzino
901062758,LADYGLORIA 12 AREG 70 SAHARA 3,0,10,1,0.33,2026-08-09,grossista
901062760,LADYGLORIA 12 AREG 70 SAHARA 4,0,8,3,0.99,2026-08-09,grossista
901062772,LADYGLORIA 12 AREG 70 SAHARA 5,0,5,2,0.66,2026-08-07,grossista
901069310,BRACCIALE OBESI H 60CM,0,19,2,0.66,2026-08-06,grossista
901155628,LADYGLORIA 12 COL 70 DAINO 3,0,6,1,0.33,2026-08-10,grossista
901156758,ALKAGIN POLVERE INTIMA 100G,0,93,5,1.65,2026-08-12,grossista
901178879,CALLIFUGO CICCARELLI +PENNELLO,8,996,1,0.33,2026-08-10,magazzino
901218343,CLOREXYDERM SHAMPOO FORTE200ML,0,60,1,0.33,2026-08-15,grossista
901229068,COMFEEL PURILON GEL 25G,0,33,1,0.33,2026-08-11,grossista
901239576,DENTOSAN COLLUT TRATT MES200ML,7,179,2,0.66,2026-08-18,magazzino
901289367,LONGLIFE MAGNESIUM 188 100CPR,0,70,1,0.33,2026-08-16,grossista
901292146,MIRTILLO BACCHE 60CPS,0,84,1,0.33,2026-08-18,grossista
901292223,PSYLLIO 60CPS,0,167,1,0.33,2026-08-12,grossista
901335404,MAN SUPPORT 18 GAMB 18 NE 2,0,5,1,0.33,2026-08-11,grossista
901352056,SINEAMIN FUSILLI 500G,5,140,1,0.33,2026-08-06,magazzino
901373718,MENTA OLIO ESSENZIALE 10ML,0,157,1,0.33,2026-08-13,grossista
901374912,MALVA MUCILLAGINE 200ML,0,225,1,0.33,2026-08-17,grossista
901397796,FICO COMPOSTO ECOSOL GTT 50ML,0,8,1,0.33,2026-08-14,grossista
901453908,STERADENT TA PLUS 60CPR,0,665,1,0.33,2026-08-15,grossista
901456020,POTASSIO BICARBONATO 100 BUST,0,7,1,0.33,2026-08-14,grossista
901510836,PHYTOSOYA 17 5MG 60CPS,0,24,6,1.98,2026-08-06,grossista
901529673,STIPROX SHAMPOO URTO 100ML,0,89,1,0.33,2026-08-16,grossista
901539294,DEODORANTE AQUASALVIA 100ML,0,2,1,0.33,2026-08-14,grossista
901543684,INTRASITE GEL 15G 5PZ,0,14,1,0.33,2026-08-16,grossista
901558320,BRUNEX CREMA 30ML,0,80,1,0.33,2026-08-17,grossista
901559649,ARGILLA POLV 1KG,0,33,1,0.33,2026-08-18,grossista
901570616,PLAKKONTROL 15 COLLUT SPR 50ML,0,80,1,0.33,2026-08-12,grossista
901581429,MEDIPRESTERIL DOCCIA NAS MICRO,0,6,1,0.33,2026-08-05,grossista
901607008,OLIGOMIR EPID CARAM SFUSE 3KG,0,14,2,0.66,2026-08-13,grossista
901634485,LADYGLORIA 24 COL 240 DAINO 4,0,10,2,0.66,2026-08-18,grossista
901713646,LADYGLORIA 18 COLGEST 140 DAI3,0,3,1,0.33,2026-08-06,grossista
901713723,LADYGLORIA 18 COLGEST 140 NE 5,0,3,1,0.33,2026-08-07,grossista
901713990,PASTA EUROSPITAL PROT 100ML,0,25,1,0.33,2026-08-08,grossista
901730313,GEHWOL CR ANTISCREPOLATURE75ML,0,306,3,0.99,2026-08-06,grossista
901735062,CREDO TAGLIACALLI SICUREZZA,0,4,2,0.66,2026-08-17,grossista
901773580,STOMODINE GEL GENG CANI 30ML,0,2747,2,0.66,2026-08-14,grossista
901794370,CIAMBELLA GOMMA 40CM,0,100,1,0.33,2026-08-09,grossista
901811846,ORIONE 9333 REGGIBRACCIO COT M,0,4,1,0.33,2026-08-10,grossista
901872287,ALKA FLOR NEW MIRABILIS 200G,0,46,1,0.33,2026-08-11,grossista
901890689,IRIDIL MASCHERA RIPOSO OCCHI,0,119,2,0.66,2026-08-12,grossista
901993651,INADINE MEDIC STER 9 5X9 5 10P,0,387,1,0.33,2026-08-13,grossista
902015888,MELLIN PAPPA COMPL POLLO2X250G,0,77,1,0.33,2026-08-15,grossista
902050653,PEDIARGIN 10FL 10ML,0,167,1,0.33,2026-08-14,grossista
902085594,WILD YAM 300 50CPS,0,75,1,0.33,2026-08-17,grossista
902091368,MANOPOLA MON LAV PARZIALI 20PZ,0,74,1,0.33,2026-08-15,grossista
902170149,SCHAR MIX B PREP PANE 1KG+20G,0,222,1,0.33,2026-08-14,grossista
902170164,SCHAR MIX C FARINA TORTE/BISC,0,153,1,0.33,2026-08-16,grossista
902183072,VEA MARSIGLIA SAP NAT 100G,0,175,1,0.33,2026-08-06,grossista
902191713,PHYTOGAMBE CREMA GEL 100ML,0,8,1,0.33,2026-08-17,grossista
902224753,SUPPORTO POLSO/POLLICE 1089 L,0,6,1,0.33,2026-08-18,grossista
902235340,STERIMAR IGIENE/BENESSERE NAS,0,129,1,0.33,2026-08-05,grossista
902243474,SCUDOVARIS GAMB TROM M 4,0,9,1,0.33,2026-08-16,grossista
902243738,NAOMI 140 COL MODEL NE 1,0,3,1,0.33,2026-08-06,grossista
902244666,CONVEEN SEC+ SACCA500 30CM 8PZ,0,1,1,0.33,2026-08-07,grossista
902262500,TONIMER LAB SOFT SPRAY 125ML,0,224,1,0.33,2026-08-08,grossista
902263262,EOS INTIMO LUBRIGEL 50ML,0,121,1,0.33,2026-08-12,grossista
902270697,NORMON K CR BARR MANI 75ML,0,19,1,0.33,2026-08-17,grossista
902297973,AGLIO COMPLEX 60CPS,0,33,1,0.33,2026-08-18,grossista
902299155,DUALSAN GAMB TERAP K1 PA BEI 3,3,15,1,0.33,2026-08-05,magazzino
902299940,VARIEZE 60CPR,0,13,3,0.99,2026-08-08,grossista
902305453,PIC SPORT TAPPO AURIC SIL BB2P,6,126,6,1.98,2026-08-14,magazzino
902309095,SFIGMOMANOMETRO ANER C/FONE 1P,4,0,2,0.66,2026-08-07,magazzino
902319829,NASOCLEAN SOLUZIONE SPRAY150ML,0,90,1,0.33,2026-08-09,grossista
902340140,DICODRAL FORTE 12BUST,0,156,3,0.99,2026-08-09,grossista
902373721,SHAMPOO PURIFICANTE MENTA/VIT,0,10,1,0.33,2026-08-10,grossista
902373846,UNGUENTO SUPERABBR CAR/MAL/ALO,0,6,1,0.33,2026-08-11,grossista
902418615,CER PRONTEX SURGEY STRETCH5X10,0,248,1,0.33,2026-08-11,grossista
902445651,HOLLI ADATTATORE SAC URO 10PZ,0,6,1,0.33,2026-08-06,grossista
902465893,PROTEFIX CUSCINETTO INFER 30PZ,0,25,2,0.66,2026-08-07,grossista
902468267,SPEEDICATH D CH14 30PZ 28514,0,10,1,0.33,2026-08-08,grossista
902475298,CREDO TAGLIACALLI CROM ALB,0,27,1,0.33,2026-08-12,grossista
902497142,CLOROFILLA 30CPR MASTICABILI,0,49,1,0.33,2026-08-07,grossista
902508528,COLESMAP 60CPR,0,43,1,0.33,2026-08-13,grossista
902508530,DETOXIMAP 60CPR,0,30,1,0.33,2026-08-15,grossista
902541768,TSA ARTEMISIA VULGARIS 50ML,0,15,2,0.66,2026-08-13,grossista
902608280,CHITOSANO 100CPS 330MG,0,16,1,0.33,2026-08-14,grossista
902652763,TRIOCARBONE PLUS 40CPR,0,675,1,0.33,2026-08-09,grossista
902680812,BIODREN M-P 50ML SOL IAL,0,44,1,0.33,2026-08-15,grossista
902696968,SONNO GOCCE 30ML,0,43,1,0.33,2026-08-16,grossista
902755178,SANASKIN CREMA 50ML,0,9,1,0.33,2026-08-17,grossista
902877036,SOLETTA MORBIDA SIL5406 L OPPO,0,7,1,0.33,2026-08-10,grossista
902880083,NUTRA C 1000 60CPR,0,24,1,0.33,2026-08-11,grossista
902887140,CLIMASOL LIQUIDO 50ML,0,11,1,0.33,2026-08-16,grossista
902904832,NEOXIDE 100ML,0,152,2,0.66,2026-08-09,grossista
902940891,ORTOPAD GIRLS JUNIOR 20PZ,0,77,1,0.33,2026-08-18,grossista
902956364,CASSETTA PRONTO SOCCORSO ALL 1 +2 PERSONE,2,16,1,0.33,2026-08-05,magazzino
902965464,SAUGELLA LAVANDA VAG 140ML,0,78,1,0.33,2026-08-17,grossista
902965591,SAUGELLA LAVANDA VAG 140ML 4FL,0,338,1,0.33,2026-08-12,grossista
902988765,SARODERM SHAMPOO DELICATO,0,188,1,0.33,2026-08-06,grossista
902988803,SARODERM SHAMPOO ANTIFORFORA,0,112,1,0.33,2026-08-07,grossista
902994817,STOPPER GRANULARE 20BUST,0,98,4,1.32,2026-08-08,grossista
902996584,NEUROTON IRIS PX15 10F 2ML,0,3,1,0.33,2026-08-09,grossista
903009633,BENDA COMPRILAN 8X500CM,0,3,2,0.66,2026-08-18,grossista
903015826,PROFESSIONAL R1/R2 PALLA S/VAL,0,3,1,0.33,2026-08-10,grossista
903052138,OLIGOLITO OSTEUM 20F 2ML,0,16,1,0.33,2026-08-13,grossista
903069514,LONGLIFE KELP ALGA BRUNA180CPR,0,58,1,0.33,2026-08-14,grossista
903144626,SCHOLL PUNTI DOLENTI CER CAL/D,0,219,1,0.33,2026-08-11,grossista
903144677,SCHOLL EXPERT S SEPARADITA PIE,0,266,1,0.33,2026-08-08,grossista
903152229,SANAGOL TUSSIS ARANCIA 24CAR,0,143,1,0.33,2026-08-15,grossista
903204131,EUPHIDRA SKIN REVEIL CR RID RI,0,27,1,0.33,2026-08-16,grossista
903289041,EPISTAS UNGUENTO NASALE 30G,4,205,1,0.33,2026-08-17,magazzino
903340863,BAYGON SCARAFAGGI/FORMICHE PLU,0,25,1,0.33,2026-08-09,grossista
903352615,OPPO CINTI ERN DX 2149R 70/81C,0,4,1,0.33,2026-08-12,grossista
903393686,SALTRATI SALI TONIFICANTI 400G,12,100,3,0.99,2026-08-16,magazzino
903457024,ALCOOL ISOPROPILICO DENATURATO,0,22,1,0.33,2026-08-13,grossista
903459042,NEOMAG 240ML,0,83,1,0.33,2026-08-05,grossista
903519357,SILVER WAVE LONG NE S,0,5,1,0.33,2026-08-14,grossista
903527176,BARKRIM CREMA BARRIERA 75ML,0,15,1,0.33,2026-08-18,grossista
903529511,THIOSPOT INTENSIVE CREAM 30ML,0,164,4,1.32,2026-08-15,grossista
903530715,CALENDULA POMATA 75ML,0,21,1,0.33,2026-08-17,grossista
903531578,SAUBER GAMBALETTO 70 LIS NE 3,4,26,2,0.66,2026-08-08,magazzino
903541439,JOBST REL 20/30MMHG MON SX S,0,5,1,0.33,2026-08-16,grossista
903570481,SERENITY PANN SD MAXI L 15PZ,0,107,1,0.33,2026-08-17,grossista
903570505,SINEAMIN SEDANI LUNGHI 500G,0,140,1,0.33,2026-08-18,grossista
903634044,STANFLEX PLUS 30CPR,0,39,1,0.33,2026-08-05,grossista
903647598,ONE DROP ONLY COLLUTORIO CONC,0,100,1,0.33,2026-08-06,grossista
903675977,SNOREEZE SPRAY GOLA 23 5ML,0,297,2,0.66,2026-08-11,grossista
903693253,SOS PELLE L'OFFICINALE 25ML,0,133,1,0.33,2026-08-05,grossista
903701720,DERMABLEND FLUIDO 15 30ML,0,82,1,0.33,2026-08-06,grossista
903701769,DERMABLEND FLUIDO 45 30ML,0,122,1,0.33,2026-08-05,grossista
903701771,DERMABLEND FLUIDO 55 30ML,3,58,1,0.33,2026-08-13,magazzino
903704219,ALGINATO STERILE 5X5CM 10PZ,0,3,2,0.66,2026-08-06,grossista
903704221,FARMACTIVE ALGINATO 10X10CM 10,0,12,1,0.33,2026-08-06,grossista
903721153,SPUGNA MARE NATURALE M,0,7,1,0.33,2026-08-07,grossista
903761296,AFLOXIDERM LOZIONE 100ML,0,115,1,0.33,2026-08-06,grossista
903761308,OXIVEN LOZIONE 100ML,0,7,1,0.33,2026-08-05,grossista
903786453,ANTITROMBO SOLIDEA CALZA BI M,0,50,1,0.33,2026-08-08,grossista
903887230,MAGNESIO MARINO 30BUST,0,529,1,0.33,2026-08-14,grossista
903930877,EUBOS SENSITIVE CREMA MANI75ML,0,99,1,0.33,2026-08-09,grossista
903939433,LITHOS 100CPR,0,317,1,0.33,2026-08-09,grossista
903958852,BETOTAL 20CPR RIVESTITE,21,1111,5,1.65,2026-08-07,magazzino
903963635,CROMOVIT CREMA PHARCOS 40ML,0,179,2,0.66,2026-08-18,grossista
903973295,PSICOPHYT REMEDY 25B 4TUB 1 2G,0,5,1,0.33,2026-08-09,grossista
903976759,SANODET SOLEIL LATTE SOLARE,0,21,2,0.66,2026-08-07,grossista
903982445,BIMBI TALCO LIQUIDO 100ML,0,42,1,0.33,2026-08-07,grossista
903987459,VEA DETERGENTE PROT/LENIT 250M,0,533,3,0.99,2026-08-16,grossista
903991382,PC 28 PLUS 20TAV 410MG,0,76,1,0.33,2026-08-09,grossista
904008137,GAMMA CALENDULA CREMA 75ML,0,10,1,0.33,2026-08-18,grossista
904011525,BIOLASTIC T5 CR DERMOELAST50ML,0,43,1,0.33,2026-08-10,grossista
904060478,M-AID OPTOMED TAMPONI SIMP 6PZ,0,80,2,0.66,2026-08-11,grossista
904092222,ORIONE OK PED G100 SEPAR ALL L,0,5,1,0.33,2026-08-08,grossista
904103304,ALFACTIV 30CPR,0,66,1,0.33,2026-08-05,grossista
904180623,DAUMFIX GUANTINO PROT S,0,4,1,0.33,2026-08-11,grossista
904186855,SAUBER COL 140 MICR MAR B 5,0,3,1,0.33,2026-08-08,grossista
904212180,CISTILENE 50OPR,0,38,3,0.99,2026-08-12,grossista
904242878,ORTOLUX AIR L 1PZ,10,102,2,0.66,2026-08-14,magazzino
904258074,DUREX FEEL GEL LUBRIFICANTE,0,517,1,0.33,2026-08-12,grossista
904305012,EASYGLUT PREPA PIZZA 400G,0,9,1,0.33,2026-08-13,grossista
904326562,SOMATIX 30CPS,0,126,1,0.33,2026-08-09,grossista
904334834,C20 SYSTEM BOX MASCHERA 5BUST,0,119,1,0.33,2026-08-14,grossista
904336462,DUALSAN MONOCOL KKL1 TERAP DX3,1,8,2,0.66,2026-08-12,magazzino
904336563,DUALSAN MONOCOL KKL2 TERAP SX1,1,0,1,0.33,2026-08-15,magazzino
904336575,DUALSAN MONOCOL KKL2 TERAP SX2,0,11,1,0.33,2026-08-16,grossista
904343439,MONOI BURRO SUPERABBRONZANTE,0,16,1,0.33,2026-08-17,grossista
904361211,BIOTTA SUCCO MIRTILLO RO 500ML,0,32,1,0.33,2026-08-18,grossista
904365830,GIOIL SHAMPOO 200ML,0,39,1,0.33,2026-08-09,grossista
904425244,BIOCEPHAL 30CPS,0,38,1,0.33,2026-08-10,grossista
904428481,SEDACOL 30CPS,0,160,1,0.33,2026-08-11,grossista
904545795,ALOE VERA SUCCO 1L,0,13,1,0.33,2026-08-05,grossista
904558640,VULNAMIN CREMA 50G,0,213,2,0.66,2026-08-06,grossista
904560428,QUILENE GEL 50ML,0,2,1,0.33,2026-08-10,grossista
904578871,OMEGALID POMATA OFTALMICA 20ML,0,102,1,0.33,2026-08-07,grossista
904594076,REALMIL PAPPA REALE 20F 10ML,0,26,1,0.33,2026-08-08,grossista
904643158,IDRO YAL 0 2% SOL OFT 15ML,0,320,1,0.33,2026-08-10,grossista
904643780,ILE' DOPOPUNTURA 15ML,4,148,2,0.66,2026-08-12,magazzino
904643917,TOCOLIPID 40CPR,0,5,1,0.33,2026-08-09,grossista
904651698,SALIMAX 14BUST,0,140,1,0.33,2026-08-10,grossista
904656384,VENAID 30CPR,0,14,2,0.66,2026-08-07,grossista
904682984,GEHWOL BALS RISCALDANTE 75ML,0,10,1,0.33,2026-08-11,grossista
904684228,CH ZANZARIERA LETTINO,0,81,1,0.33,2026-08-11,grossista
904690753,IDROPEEL IDRATANTE 100ML,0,14,1,0.33,2026-08-12,grossista
904695234,PROPOL2 EMF SPRAY FORTE 30ML,0,161,2,0.66,2026-08-12,grossista
904718398,REHA 24 AREG MLU,0,5,1,0.33,2026-08-09,grossista
904793609,PHYTOYAM 60CPS,0,15,1,0.33,2026-08-08,grossista
904794043,IMMUNOPED 14FL 10ML,0,260,1,0.33,2026-08-13,grossista
904862998,BENDA MOLLELAST HAFT10X2000,0,6,1,0.33,2026-08-14,grossista
904864170,DETSKIN LATTICOPLUS 45CPS,0,22,1,0.33,2026-08-15,grossista
904994098,GLYCOSAN PLUS BIODERM 10% 50ML,0,7,2,0.66,2026-08-08,grossista
905029120,EUTROSIS ORO GEL ORALE 20ML,0,50,1,0.33,2026-08-10,grossista
905042192,PROVITA INTEGRATORE 50CPS,0,19,1,0.33,2026-08-13,grossista
905075863,EUXEED 10FL 25ML,1,367,1,0.33,2026-08-16,magazzino
905089278,ORTOPAD GIRLS CER M 20PZ,0,128,1,0.33,2026-08-16,grossista
905096323,EOSOL LATTE SOLARE 50+ 125ML,0,21,1,0.33,2026-08-17,grossista
905123954,PULMOGAIN INCENTIVAT RESPIRO,2,36,2,0.66,2026-08-12,magazzino
905134894,COLD SPRAY GHIACCIO ISTAN150ML,0,50,1,0.33,2026-08-18,grossista
905167728,CREMA VISO ANTIR RIDENSIFICANT,0,11,1,0.33,2026-08-05,grossista
905283166,NATUROLI OLIO BORRAGINE 70SOFT,0,38,1,0.33,2026-08-06,grossista
905318895,PLAKKONTROL 30GG COLLUTORIO,3,51,1,0.33,2026-08-14,magazzino
905345334,DIFESAN 7CPR VAGINALI,0,58,1,0.33,2026-08-11,grossista
905352528,ALLEVYN ADHESIVE 12 5X12 5 10P,0,86,1,0.33,2026-08-07,grossista
905368763,MEDILEN GLOVE CREMA 50ML,0,54,2,0.66,2026-08-11,grossista
905373876,SOS PELLE L'OFFICINALE 75ML,5,148,1,0.33,2026-08-14,magazzino
905374841,CREATINA 100CPR,0,136,1,0.33,2026-08-08,grossista
905387066,COLONFIT ADVANCE ARANCIA20BUST,0,613,1,0.33,2026-08-09,grossista
905420384,SIDERAL BIMBI 20BUST,0,242,1,0.33,2026-08-10,grossista
905507760,ESI IMMUNILFLOR CAPSULE 30NCPS,0,307,1,0.33,2026-08-11,grossista
905562411,SKINSAN LAVANDA VAG 4FL 140ML,0,7,1,0.33,2026-08-15,grossista
905562435,PROVITA INTIMO DETERGENTE,0,1,1,0.33,2026-08-12,grossista
905598429,ESI NO DOL 5 CEROTTI,0,141,1,0.33,2026-08-16,grossista
905630620,TIMOIL SHAMPOO 150ML,0,12,1,0.33,2026-08-13,grossista
905682961,MUCOSYTE FLUID SOL CONC 180ML,0,144,1,0.33,2026-08-09,grossista
905683330,SUPRAVIT OVER 50 60CPR,0,6,1,0.33,2026-08-17,grossista
905683443,SUPRAVIT CREATINA GRAN 20BUST,0,95,10,3.29,2026-08-18,grossista
905683722,OLIGO 3 MAGNESIO 3F 100CPR,0,7,1,0.33,2026-08-16,grossista
905713614,ULTRA TAN SPF6 CREMA MULTIFUNZ,0,18,1,0.33,2026-08-14,grossista
905717245,EUBOS UREA 5% DETERGENTE 200ML,0,5,1,0.33,2026-08-07,grossista
905724288,ARGILETZ ARGILLA VERDE ULTRA,0,26,1,0.33,2026-08-15,grossista
905727374,L'ESPACE DISTANZ NEO C/MAS AR,0,223,1,0.33,2026-08-16,grossista
905733731,GRAM DETERGENTE 150ML,0,241,1,0.33,2026-08-17,grossista
905851489,PROCTOCELLA COMPLEX CR 40ML,0,48,1,0.33,2026-08-18,grossista
905856492,MELLIN MELISSA CAMOM VERB 200G,0,23,2,0.66,2026-08-17,grossista
905857165,VETRAMIL UNGUENTO 10G,0,64,1,0.33,2026-08-05,grossista
905901070,ORIONE 9696 REGG POSTOP BI XL,0,1,1,0.33,2026-08-06,grossista
905943508,BIOCLYM UNO 30CPS 550MG,0,41,1,0.33,2026-08-05,grossista
905950287,LONGLIFE OLIO RIBES NE 60PRL,0,119,1,0.33,2026-08-07,grossista
905973626,BENEPOD CR PIEDI MENTOLATA 250,0,15,1,0.33,2026-08-08,grossista
905974844,RINOGEL SPRAY NASALE 10ML,0,29,1,0.33,2026-08-09,grossista
905987614,FITOESTRIL 30CPR,0,102,1,0.33,2026-08-05,grossista
905990863,CIMICIFUGA 50TAV 500MG,0,29,1,0.33,2026-08-10,grossista
906015235,LADYGLORIA 24 GAMB 240 DAI 3,0,9,1,0.33,2026-08-11,grossista
906038536,SANOTINT LIGHT CAST DOR 75,0,41,1,0.33,2026-08-12,grossista
906039348,SERENITY MUTANDINA RETE XL 3P,0,40,6,1.98,2026-08-06,grossista
906103611,AFLOVAG CREMA PH NEUTRO 30G,0,475,2,0.66,2026-08-05,grossista
906114297,OLIO FEGATO MERL 100PRL 453MG,0,81,1,0.33,2026-08-13,grossista
906128323,ZANZHELAN SPRAY 100ML,0,66,1,0.33,2026-08-14,grossista
906148871,ULTRA HAIR PLUS 60TAV,0,82,1,0.33,2026-08-15,grossista
906170182,DRIACELL 1000ML,0,20,1,0.33,2026-08-16,grossista
906194624,MAGNESIO CLORURO 1KG,0,11,2,0.66,2026-08-10,grossista
906210366,OLIO MASSAGGIO VATA 200ML,0,6,1,0.33,2026-08-17,grossista
906244431,MEDI ANTITROMBO H914 AG L,6,15,1,0.33,2026-08-07,magazzino
906269535,MEDI 9007 INFILA CALZE,0,4,10,3.29,2026-08-08,grossista
906355425,UVA URSINA ESTRATTO T 30ML,0,10,1,0.33,2026-08-09,grossista
906367887,SENSIBIO FORTE CREMA 40ML,0,80,2,0.66,2026-08-12,grossista
906468931,CUSCINO ANTIDEC FIBRA CAVA SIL,0,34,1,0.33,2026-08-18,grossista
906496928,PROXEED NF 20BUST,0,100,2,0.66,2026-08-15,grossista
906561663,OLIO BORRAGINE 30ML,0,13,2,0.66,2026-08-13,grossista
906561725,OLIO JOJOBA 100ML,0,109,1,0.33,2026-08-05,grossista
906561966,EDERA OLIO MASSAGGIO 250ML,0,23,1,0.33,2026-08-10,grossista
906565546,LINFOMAP 60CPR,0,123,1,0.33,2026-08-14,grossista
906569862,DENTALPET DENTIFRICIO 50ML,0,60,1,0.33,2026-08-07,grossista
906579952,M-AID TENDIFORTE BENDA EL 6X7,0,16,2,0.66,2026-08-06,grossista
906579988,M-AID TENDIFORTE BENDA EL 8X7,0,34,1,0.33,2026-08-07,grossista
906588658,BIOKCIT 30BUST,0,91,1,0.33,2026-08-13,grossista
906595475,SESAMO BIO 500G,0,4,1,0.33,2026-08-08,grossista
906595715,TAHIN SUNITA 340G BIO,0,13,1,0.33,2026-08-11,grossista
906601253,FANTOMALT POLVERE 400G,0,222,1,0.33,2026-08-09,grossista
906626484,CARBO PLUS 60CPR,0,11,1,0.33,2026-08-10,grossista
906630165,QUASSIA DELTA SOL IAL 50ML,0,20,1,0.33,2026-08-08,grossista
906686302,ESI DIURERBE FORTE 40TAV,0,71,1,0.33,2026-08-11,grossista
906700923,FLORAGYN OVULI VAG 2G 6PZ,0,180,1,0.33,2026-08-15,grossista
906702067,HYDRAL MASCHERA DERMOPUR 50ML,0,21,1,0.33,2026-08-12,grossista
906706027,FLORADIX 250ML,0,70,1,0.33,2026-08-13,grossista
906807540,OLIO COCCO ALIM 100ML,0,2,1,0.33,2026-08-14,grossista
906808124,BALSAMO TIGRE ROSSO 30ML,0,43,1,0.33,2026-08-12,grossista
906835590,ATEROFOLIN 60CPR,0,10,1,0.33,2026-08-05,grossista
906935162,MALVA TISANA 20BUST,0,174,1,0.33,2026-08-15,grossista
906953575,GEHWOL BALS PIEDI P/SEC 75ML,4,24,2,0.66,2026-08-07,magazzino
906979291,VITAMINA B12 1000 MCG SUBL,0,63,1,0.33,2026-08-16,grossista
906985282,CALCIO AD3 PLUS 40CPR APPETIB,0,171,1,0.33,2026-08-17,grossista
906989138,FOLINGRAV 60CPR,0,121,1,0.33,2026-08-12,grossista
906995776,INTAKE 10FL 10ML,0,175,1,0.33,2026-08-13,grossista
907058895,EPATOSAN 60CPR,0,122,1,0.33,2026-08-08,grossista
907063123,M-AID CUTIFLEXMED 10X12CM 5PZ,4,120,1,0.33,2026-08-13,magazzino
907100996,SAUGELLA DERMOLATTE VISO 200ML,0,867,1,0.33,2026-08-18,grossista
907106241,GLORIAM GAMB 142AD COT BEI SC,0,5,2,0.66,2026-08-14,grossista
907113486,FLORAVITAL 250ML,0,14,1,0.33,2026-08-05,grossista
907116659,KPHOS 30BUST,0,182,1,0.33,2026-08-16,grossista
907123350,SANODET DETERGENTE DERMAT,0,16,1,0.33,2026-08-15,grossista
907139935,SOWASH IDROGETTO IGIENE ORALE,0,72,1,0.33,2026-08-16,grossista
907156335,SANODET INTEGRATORE 50CPS,0,18,1,0.33,2026-08-06,grossista
907156347,SKINSAN MAMMA 50CPS,0,9,4,1.32,2026-08-07,grossista
907174270,SYS IPERICO GOCCE 50ML,0,3,2,0.66,2026-08-17,grossista
907260741,SAUBER COL 70 MICR BISQ 4,0,5,1,0.33,2026-08-08,grossista
907260855,SAUBER COL 140 MICR BISQUIT 4,3,9,1,0.33,2026-08-11,magazzino
907267710,RADDRIZZALLUCE GEL CICCARELLI,0,15,1,0.33,2026-08-09,grossista
907280352,ALLEVYN NON ADHESIVE 10X10CM 3,0,36,1,0.33,2026-08-09,grossista
907284145,PENTA Z SPRAY 50ML,0,59,1,0.33,2026-08-10,grossista
907296204,LADYGLORIA 12 AREG 70 DAINO 4,0,6,4,1.32,2026-08-08,grossista
907315790,SANODET INTIMO DET GINECOLOG,0,19,1,0.33,2026-08-17,grossista
907589915,CAGLIO CLERICI TIPO C LIQ 100G,0,56,2,0.66,2026-08-08,grossista
908012659,CARMELITANI SCALZI AC MEL 50ML,0,73,1,0.33,2026-08-06,grossista
908017775,ALGASIV ADES PROTESI INF 15PZ,0,704,1,0.33,2026-08-11,grossista
908019363,BIOTIN FORTE 60TAV,0,7,1,0.33,2026-08-12,grossista
908044112,ANFO 3 200ML,0,162,1,0.33,2026-08-10,grossista
908052121,ARKOCPS OLIVO BIO 45CPS,0,4,1,0.33,2026-08-14,grossista
908147034,BIOLASTIC SHAMPOO ANTIFORFORA,0,20,1,0.33,2026-08-13,grossista
908169333,ELEUTEROCOCCO 20STICK 10ML,0,24,1,0.33,2026-08-14,grossista
908178054,CANDINET SOLIDO 100G,1,0,1,0.33,2026-08-16,magazzino
908223997,LONGLIFE C 500 TR 60TAV RIVEST,0,79,1,0.33,2026-08-11,grossista
908224266,LONGLIFE LIPOTROPIC 60TAV RIV,0,11,1,0.33,2026-08-18,grossista
908232681,DUODERM EX S 5MEDIC 15X15 9196,0,27,2,0.66,2026-08-08,grossista
908232693,DUODERM EX S 10MEDIC 10X5 9198,0,79,1,0.33,2026-08-14,grossista
908306323,DILATAN CREMA VEGETALE 50ML,0,215,1,0.33,2026-08-10,grossista
908318189,DILATAN DILAT CRIOTERM 3PZ,0,111,5,1.65,2026-08-15,grossista
908390812,ARGILLA VE SUPERVENTILATA 500G,0,9,1,0.33,2026-08-05,grossista
908395027,ENERGEN 9 PLUS 10FL 10ML,0,105,1,0.33,2026-08-07,grossista
908426568,FILMOGEN SAME CREMA 50G,0,106,1,0.33,2026-08-15,grossista
908442383,GEHWOL CEROTTO PROTETTIVO 4PZ,0,54,3,0.99,2026-08-16,grossista
908486158,GL1 M&D SALBE CREMA 500ML,0,157,1,0.33,2026-08-13,grossista
908571906,TERPROLINE BODY 250ML,0,21,1,0.33,2026-08-16,grossista
908574635,KERATOPLASTICA LABIALE 10G,0,131,1,0.33,2026-08-13,grossista
908575107,KERODEX CREMA IDROREPELLENTE,0,12,1,0.33,2026-08-11,grossista
908575855,KETOSTIX CHETONURIA 50STR,0,375,1,0.33,2026-08-07,grossista
908620800,GEHWOL AMMORBIDENTE UNGHIE,2,256,1,0.33,2026-08-08,magazzino
908620949,DUALSAN PELOTA ERNIA DX,1,17,2,0.66,2026-08-16,magazzino
908620952,DUALSAN PELOTA ERNIA SX,1,28,2,0.66,2026-08-05,magazzino
908621194,GEHWOL BALS RINFRESCANTE 75ML,0,88,2,0.66,2026-08-05,grossista
908622386,CASSETTA PRONTO SOCCORSO DINAM,0,1,2,0.66,2026-08-18,grossista
908630864,SERENITY MUTANDINA RETE L 3PZ,0,52,1,0.33,2026-08-17,grossista
908646944,VITAMINDERMINA OSSIDO ZINC50ML,0,336,2,0.66,2026-08-18,grossista
908689540,M-AID ROLLFLEX CER 5X5,0,111,1,0.33,2026-08-06,grossista
908691227,MEDIKER SH ANTIPEDICULOSI 100M,0,179,1,0.33,2026-08-16,grossista
908726843,NEO MOM POLVERE 20G,0,384,1,0.33,2026-08-05,grossista
908740739,NOKSAN PARACALLI 9PZ,0,184,1,0.33,2026-08-07,grossista
908755097,EUPHIDRA CF&RS SH COLOR42 BRUN,0,4,2,0.66,2026-08-07,grossista
908756012,EUPHIDRA CF&RS SH COLOR55 CAST,0,18,1,0.33,2026-08-06,grossista
908758067,MAVALA 002 BASE RINFOR UN 10ML,3,0,5,1.65,2026-08-08,magazzino
908784349,JUST FOR MEN SH COLOR H35 CAST,0,98,2,0.66,2026-08-05,grossista
908784364,JUST FOR MEN SH COLOR H45 CAST,0,100,1,0.33,2026-08-11,grossista
908792296,V10 OLEOGEL 50ML,0,85,1,0.33,2026-08-07,grossista
908792409,M-AID ROLLTEX SKIN CER 5X5,0,78,1,0.33,2026-08-09,grossista
908819295,OSMIN CAP CREMA CROSTA LATTEA,0,183,1,0.33,2026-08-08,grossista
908845100,BIANCARDI POMATA NORMALE 40ML,0,35,1,0.33,2026-08-14,grossista
908862244,CRYOS SPRAY GHIACCIO SINT400ML,0,100,1,0.33,2026-08-08,grossista
908922370,SEDILE VASCA BAGNO,0,4,1,0.33,2026-08-18,grossista
908924350,PERA CANNULA 8 275ML,0,38,1,0.33,2026-08-12,grossista
908924501,SCHIZZETTO GOMMA 12,0,36,1,0.33,2026-08-09,grossista
908925086,CASSETTA PS VUOTA PL,0,25,2,0.66,2026-08-17,grossista
908925795,SAUBER COL 140 MICR NE 4,3,18,1,0.33,2026-08-12,magazzino
908929084,P6 NAUSEA CONTROL BRACCIALE AD,6,957,2,0.66,2026-08-09,magazzino
908960558,SAUGELLA SOLIDO ZOLFO 100G,3,144,2,0.66,2026-08-10,magazzino
908961244,SAUBER COL 140 MICR MEDIO 4,3,12,2,0.66,2026-08-13,magazzino
908971740,SELAN SAP ZOLFO 100G,0,27,1,0.33,2026-08-08,grossista
909015859,SOAGEN IDRATANTE 50ML,0,97,1,0.33,2026-08-10,grossista
909029011,REBIOGER CREMA 50ML,0,45,1,0.33,2026-08-11,grossista
909061297,ORTOPAD CER REGULAR 20PZ,0,96,1,0.33,2026-08-11,grossista
909065664,M-AID ROLLFLEX CEROTTO 10X15,0,33,1,0.33,2026-08-12,grossista
909070690,PASTA STOMIA C/ALCOL 60G,0,7,2,0.66,2026-08-18,grossista
909070714,CONVEEN GUA AUT 30MM 30PZ 5205,0,14,1,0.33,2026-08-13,grossista
909113122,M-AID ROLLFLEX CER 2X10 1PZ,0,158,1,0.33,2026-08-18,grossista
909137414,RILASTIL INTEN CR NTT 50ML,0,132,2,0.66,2026-08-17,grossista
909210167,CATETERE ESTERNO 25MM 30PZ,0,108,1,0.33,2026-08-15,grossista
909216499,TRYSAN SHAMPOO ZOLFO 125ML,0,25,1,0.33,2026-08-14,grossista
909253193,CIAMBELLA GOMMA RO 45,0,53,1,0.33,2026-08-15,grossista
909264424,POMATA VERDE 450G,0,83,1,0.33,2026-08-06,grossista
909302503,CIAMBELLA POLIURETANO ESPANSO,0,11,2,0.66,2026-08-18,grossista
909369047,JOLIE MAMAN 1570 GUAIN POS-P 4,0,3,1,0.33,2026-08-15,grossista
909410957,PROPOLI OROSPRAY 20ML,0,16,1,0.33,2026-08-05,grossista
909412227,RILASTIL INTEN CR GG 50ML,0,101,1,0.33,2026-08-16,grossista
909429262,SPUGNA NAT MARE 3 GRANDE,0,88,2,0.66,2026-08-18,grossista
909462208,RECKEWEG R5 GOCCE 22ML,0,16,1,0.33,2026-08-17,grossista
909462400,RECKEWEG R27 GOCCE 22ML,0,12,1,0.33,2026-08-18,grossista
909462576,RECKEWEG R45 GOCCE 22ML,0,15,1,0.33,2026-08-18,grossista
909462754,RECKEWEG R64 GOCCE 22ML,0,29,1,0.33,2026-08-12,grossista
909467401,TILIA TOMENTOSA 60ML TM,0,109,1,0.33,2026-08-05,grossista
909468112,AESCULUS COMP 30ML GTT HEEL,0,19,1,0.33,2026-08-06,grossista
909469138,ENGYSTOL N 10Fl.1 1ml,0,8,1,0.33,2026-08-06,grossista
909472058,LEHNING L52 30ML GTT,0,4,1,0.33,2026-08-06,grossista
909494383,MAN SUPPORT 15COT GAMB15 ANTR5,0,5,1,0.33,2026-08-11,grossista
909728711,MAN SUPPORT 18 GAMB 18 ANTR 2,0,4,1,0.33,2026-08-13,grossista
909749412,ESI PROPOLAID ESTRATTO ANALC,11,68,1,0.33,2026-08-17,magazzino
909752370,RILASTIL INTEN CR CONT OCCHI,0,56,2,0.66,2026-08-17,grossista
909760492,IDROVEL LENITIVO 150ML,0,236,1,0.33,2026-08-07,grossista
909769010,M-AID DROP MED MED 10 5X30 3PZ,0,149,1,0.33,2026-08-08,grossista
909773234,HOMEOBRITE DENTIF CLOROFILLA,0,67,1,0.33,2026-08-14,grossista
909790281,NORMALINE 60CPR,0,407,1,0.33,2026-08-15,grossista
909812481,DENTIFRICIO ALLA SALVIA 75G,0,133,1,0.33,2026-08-09,grossista
909812669,DENTIFRICIO ALLA MENTA 75ML,0,175,1,0.33,2026-08-05,grossista
909837914,SANISOP SAPONE LIQUIDO 200ML,0,70,1,0.33,2026-08-10,grossista
909838548,SKEMA SOLE EMULSIONE DOPO150ML,0,1,1,0.33,2026-08-16,grossista
909869164,GUAM CREMA RASSODANTE 250ML,0,45,1,0.33,2026-08-11,grossista
909870065,GUAM BAGNO MARE NORD-EST 250ML,0,4,1,0.33,2026-08-14,grossista
909876031,MATERASSO ANTIDEC ARIA C/COMPR,0,24,1,0.33,2026-08-11,grossista
909889331,SACCA UR GAMBA 35CM 10PZ,0,192,2,0.66,2026-08-16,grossista
909916987,SALVAGESSO GAMBA 6PZ BUST,3,0,1,0.33,2026-08-17,magazzino
909917383,OLIODERBE 200ML,0,14,1,0.33,2026-08-12,grossista
909917852,OTOMER ACQUA MARE ISOTON 100ML,0,187,1,0.33,2026-08-12,grossista
909923928,CONTENITORE UR 24H 50089,0,249,1,0.33,2026-08-09,grossista
909946319,EUBOS DETERGENTE LIQ RIC 400ML,0,43,2,0.66,2026-08-08,grossista
910023213,STABILIUM 200 30CPS,0,28,1,0.33,2026-08-13,grossista
910069564,COLLARE ELISABETTA CLASS 40CM,0,3,1,0.33,2026-08-18,grossista
910071479,TOP PROSTATA 40CPS,0,92,2,0.66,2026-08-14,grossista
910071505,MIRTILLO 60PRL,0,78,1,0.33,2026-08-13,grossista
910143332,CAUSTIC PENCIL MATITA CAUTERIZ,0,18,1,0.33,2026-08-05,grossista
910544699,EQUISETO SUCCO 200ML,0,14,1,0.33,2026-08-11,grossista
910569983,SENAPE OLIO ESSENZIALE 10ML,0,42,1,0.33,2026-08-15,grossista
910633623,KERIUM SH ANTIFORF CAP GRASS,0,117,2,0.66,2026-08-05,grossista
910738006,ALOE VERA DERMO GEL ALOE 3+,0,16,3,0.99,2026-08-16,grossista
910828146,MISS RELAX 70 SHEER NERO 2 M,0,3,1,0.33,2026-08-10,grossista
910828235,MISS RELAX 70 SHEER CAMEL 2 M,0,9,1,0.33,2026-08-06,grossista
910836624,R&R RISO FRUIT FRU ROSSI 6X33G,0,24,3,0.99,2026-08-15,grossista
910860865,MONODERMA E5 GEL 30VEGICAPS,0,2560,1,0.33,2026-08-06,grossista
910893344,INOSITOLO 60CPS,0,6,1,0.33,2026-08-17,grossista
911002273,GASTROMIL CONC FLUIDO 500ML,0,14,1,0.33,2026-08-18,grossista
911007514,VETRAP FASCIA ELASTICA BL 10CM,0,11,1,0.33,2026-08-07,grossista
911157865,SAUBER COL 70 PREM MICR NBEI 5,0,5,1,0.33,2026-08-08,grossista
911169668,CAMOMILLA ROMANA 100ML TM,0,5,1,0.33,2026-08-16,grossista
911171801,ELEUTEROCOCCO 100ML TM,0,2,1,0.33,2026-08-05,grossista
911173060,GALIUM 60ML TM,0,10,1,0.33,2026-08-18,grossista
911175026,MIRRA 60ML TM,0,1,1,0.33,2026-08-06,grossista
911178059,SERENOA 100ML TM,0,4,1,0.33,2026-08-09,grossista
911188694,TILIA TOMENTOSA 60ML MG,0,8,1,0.33,2026-08-07,grossista
911189999,FICUS CARICA GEMME 60ML MG,0,8,1,0.33,2026-08-08,grossista
911190763,AESCULUS HIPPOCASTANUM 60ML MG,0,7,1,0.33,2026-08-07,grossista
911430181,MISO ORZO 300G BIO,0,4,2,0.66,2026-08-05,grossista
911961098,EPATO 1500 PLUS 120CPR CANE,0,80,1,0.33,2026-08-09,grossista
911974855,REV DEOMED DEOD SPRAY LIQ 125M,0,128,1,0.33,2026-08-08,grossista
911974881,REV ACNOSAL SPRAY 125ML,0,207,4,1.32,2026-08-10,grossista
912051657,RAPUNZEL BRODO VEG POLV 500G,0,37,1,0.33,2026-08-10,grossista
912124981,NASIR SOL FISIOL RIC 6SAC,0,31,1,0.33,2026-08-11,grossista
912125022,NASIR SOL FISIOL RIC 10SAC,0,21,1,0.33,2026-08-12,grossista
912255662,HAIRVIT 30CPS MOLLI,0,60,1,0.33,2026-08-17,grossista
912255698,LIVERCARE 60CPS,0,29,1,0.33,2026-08-13,grossista
912255748,OTODINE DET LIQ 50ML,0,469,2,0.66,2026-08-14,grossista
912283658,SENSIBIO MASK 75ML,1,0,2,0.66,2026-08-10,magazzino
912293836,ARPADOL GLAUBER 45CPR,0,26,1,0.33,2026-08-15,grossista
912306836,REBEL SCIROPPO 150ML,0,69,1,0.33,2026-08-09,grossista
912312129,LIEVITO ALIMEN FIOCCHI 200G,0,16,1,0.33,2026-08-11,grossista
912320924,GHIACCIO PIC ICE SPRAY 400ML,0,95,2,0.66,2026-08-16,grossista
912321407,PHYSIO ACQUA MICELL P SEN200ML,0,16,1,0.33,2026-08-16,grossista
912323627,REVAMIL GEL 18G,0,67,1,0.33,2026-08-10,grossista
912344734,MENOCOMPLEX 60CPS,0,100,3,0.99,2026-08-14,grossista
912455173,ARKOCPS VITE ROSSA BIO 45CPS,0,2,1,0.33,2026-08-13,grossista
912532633,DEFENCE BODY ANTICELL 400ML,0,38,1,0.33,2026-08-17,grossista
912534548,AIRCAST AIR-STIRRUP CAVIGL UNI,0,3,1,0.33,2026-08-12,grossista
912650342,TRIDERM LENIL+ 50ML,0,250,1,0.33,2026-08-07,grossista
912799398,URIAGE DS EMULSIONE 40ML,0,210,1,0.33,2026-08-18,grossista
912827108,DR RUSS BITE ANTIRUSSAMENTO 1P,0,7,1,0.33,2026-08-05,grossista
912940879,PROSTAFORCE 60CPS VOGEL,0,45,1,0.33,2026-08-13,grossista
912953179,SYNVISC ONE SIR AC IALUR 1X6ML,0,44,1,0.33,2026-08-12,grossista
913086171,LIPO FOSFATIDILCOLINA 10F 10ML,0,8,2,0.66,2026-08-10,grossista
913108609,RHALAX GRANI 25G,0,288,1,0.33,2026-08-14,grossista
913175598,LEUKOTAPE K TAPING 2 5X500 BLU,0,104,1,0.33,2026-08-15,grossista
913209159,SKINDET INTIMO DETERGENTE,0,9,1,0.33,2026-08-06,grossista
913213740,SKINSAN AKNE CR 30ML,0,1,1,0.33,2026-08-16,grossista
913213841,SANODET AKNE CREMA 30ML,0,3,1,0.33,2026-08-07,grossista
913226015,SCHOLL CR TAL ACTIVE REPAIR K+,0,221,1,0.33,2026-08-05,grossista
913228072,CLEARBLUE RILEVAZIONE RAPIDA1P,15,150,3,0.99,2026-08-07,magazzino
913254658,TEGADERM CER+PAD 9X15CM 5PZ,0,66,1,0.33,2026-08-09,grossista
913453104,TOLERIANE SILICIUM MAT,0,12,1,0.33,2026-08-08,grossista
913493716,SYNVISC SIR AC IALUR 3SIR 2ML 3P,0,62,1,0.33,2026-08-09,grossista
913512291,STICK LABBRA PROTEZIONE SPF50+,0,1,1,0.33,2026-08-07,grossista
913587960,LUMBOFIT 70 BUST ORTO XL,0,3,1,0.33,2026-08-10,grossista
913664544,NERVIS 80PAST,0,9,1,0.33,2026-08-11,grossista
913665980,RENVIN OLOSVITA 50ML,0,9,1,0.33,2026-08-12,grossista
913759256,OMRON FLEX TEMP SMART,0,60,1,0.33,2026-08-13,grossista
913861706,LIFTACTIV FLEXITEINT 45 30ML,0,60,3,0.99,2026-08-14,grossista
913934030,PABAVIT CM CR ANTIVITILIGINE,0,45,3,0.99,2026-08-08,grossista
915448789,E GAUGE26 LUNGHEZZA 13 MM CODICE COLORE MARRONE,3,100,1,0.33,2026-08-10,magazzino
915812248,EPITACT ORTESI CORR AL VALGO M,0,159,1,0.33,2026-08-14,grossista
920010422,FORHANS COLLUTORIO 250ML,0,162,1,0.33,2026-08-15,grossista
920014077,SOMNOLIS ANTIRUSSAMENTO 1PZ,0,14,1,0.33,2026-08-17,grossista
920015599,KERATOSANE 30 CREME 75ML,0,43,1,0.33,2026-08-16,grossista
920045085,MOONCUP COPP MESTR A GR +30ANN,0,1,1,0.33,2026-08-06,grossista
920045109,ANUREX CRIOTERAPIA EMORROIDI,0,57,1,0.33,2026-08-17,grossista
920177817,ANSIA INQUIETUDINE APPREN 30CA,0,4,1,0.33,2026-08-18,grossista
920313160,ULTIMATE WHEY GOLD100 VAN 750G,0,10,1,0.33,2026-08-11,grossista
920313196,ULTIMATE WHEY GOLD100 CAC 750G,0,12,1,0.33,2026-08-18,grossista
920324997,BIOREKORD 10FL,0,14,1,0.33,2026-08-05,grossista
920373735,NUTRIFREE MIX PANE 1000G,0,100,1,0.33,2026-08-14,grossista
920417312,EAU THERMALE URIAGE SPR 50ML,0,105,1,0.33,2026-08-05,grossista
920583756,H2+O CREMA 50ML,0,48,1,0.33,2026-08-06,grossista
920586880,PROTECTION COLLARE BARR CANE,0,52,1,0.33,2026-08-07,grossista
920800392,PROXERA EMULSIONE CORPO 200ML,0,77,1,0.33,2026-08-08,grossista
920801255,ALIANT MICO SPRAY 80ML,0,72,1,0.33,2026-08-05,grossista
920891607,EAU DE PHILAE EDT 100ML,0,131,1,0.33,2026-08-09,grossista
920891734,IDEAL SOLEIL LATTE SPF50 300ML,12,148,1,0.33,2026-08-15,magazzino
921034498,ALPECIN ENERGIZER TON DOPOSH,0,675,1,0.33,2026-08-11,grossista
921113419,FETTE BISC FARRO S/ZUCCH 270G,0,5,1,0.33,2026-08-10,grossista
921115820,DERCOS SH DOLCEZZA MIN 400ML,4,273,2,0.66,2026-08-11,magazzino
921116315,SCUDOTEX GAMB 70 EX NATURE 3,0,4,1,0.33,2026-08-13,grossista
921116327,SCUDOTEX GAMB 70 EX NATURE 4,0,5,1,0.33,2026-08-06,grossista
921129716,BIANCOSPINO ES 60CPR,0,19,1,0.33,2026-08-11,grossista
921177655,ERMIDRA' SPRAY 300ML,0,570,3,0.99,2026-08-05,grossista
921189243,OXILIFE 30CPS,0,117,5,1.65,2026-08-07,grossista
921232385,PESCURA FLAT ORIG BYCAST SAB37,0,4,1,0.33,2026-08-12,grossista
921232409,PESCURA FLAT ORIG BYCAST SAB38,0,6,3,0.99,2026-08-12,grossista
921232676,PESCURA HEEL ORIG BYCAST SAB40,0,35,4,1.32,2026-08-08,grossista
921319582,SYSTANE BALANCE GOCCE OCUL10ML,2,242,1,0.33,2026-08-05,magazzino
921456378,MELURA 14BUST,0,506,1,0.33,2026-08-16,grossista
921471708,TRIDERM INTIMATE DET LENITIVO,0,7,1,0.33,2026-08-13,grossista
921563565,ACE E SELENIO 24CPS VEGETALI,0,30,1,0.33,2026-08-14,grossista
921577680,RHODIOLA 50CPS VEG,0,33,1,0.33,2026-08-15,grossista
921728059,NEXCARE STERISTRIP 6+3X75MM,0,375,2,0.66,2026-08-11,grossista
921732222,NATRUX CREMA FLUIDA 200ML,0,19,1,0.33,2026-08-06,grossista
921788422,NUTRIVA GLICEVAL 30CPR,0,102,1,0.33,2026-08-08,grossista
921810750,SGONFIABEN 60CPS,0,48,1,0.33,2026-08-18,grossista
921810786,TURGIFLEX 60CPS,0,16,2,0.66,2026-08-09,grossista
921830511,OMEGA 3-6 32CPS,0,123,4,1.32,2026-08-14,grossista
921890354,CREMA ARTIGLIO&ARNICA 87%,0,45,1,0.33,2026-08-14,grossista
921890366,ARNICA GEL 90% 100ML,0,29,1,0.33,2026-08-13,grossista
921903086,COMPOSTA MIRTILLI BIO 270G,0,38,1,0.33,2026-08-16,grossista
921903264,SUCCO 100% PERA BIO 500ML,0,7,1,0.33,2026-08-17,grossista
922075852,TUSSIMMUN SCIROPPO 200ML,0,46,1,0.33,2026-08-13,grossista
922194461,DUREX VIBRAT.ERGONOM.PLAY DELIGH,0,43,2,0.66,2026-08-18,grossista
922251121,SCHAR CEREAL FLAKES 300G,0,106,1,0.33,2026-08-05,grossista
922284726,VISAN GOCCE OCULARI 15F 0 5ML,0,165,1,0.33,2026-08-06,grossista
922316740,TEGADERM ROLL CM10X2M 1PZ,0,12,6,1.98,2026-08-09,grossista
922317716,EUROSORB MEDIC ALGIN 5X5CM 10P,0,12,1,0.33,2026-08-07,grossista
922318338,FORTIMEL POWDER NEUTRO 335G,0,37,16,5.27,2026-08-13,grossista
922319381,TALUFIT52 TALLONETTA R3,0,5,1,0.33,2026-08-11,grossista
922321486,ELASTICUS 180PAST,0,26,1,0.33,2026-08-18,grossista
922352923,OSSEOVIN 60CPR,0,56,1,0.33,2026-08-18,grossista
922354143,AMICO SOLUZIONE UNGUEALE 10ML,0,89,1,0.33,2026-08-10,grossista
922363662,BARIESUN BALS DOPOSOLE 150ML,0,24,2,0.66,2026-08-09,grossista
922363674,BARIESUN BRUME DOPOSOLE 150ML,0,59,1,0.33,2026-08-06,grossista
922364524,ACIDO IALURONICO 24CPS,0,40,1,0.33,2026-08-14,grossista
922364563,THE VERDE 20BUST FILTRO,0,88,1,0.33,2026-08-10,grossista
922365820,BIOFLAVONOIDI C 24CPR,0,26,1,0.33,2026-08-08,grossista
922373117,VACCINIUM VITIS IDAEA BIO 50ML,0,14,1,0.33,2026-08-11,grossista
922373749,CENTELLA 50OPR,0,41,1,0.33,2026-08-09,grossista
922373764,ELEUTEROCOCCO 50OPR,0,34,1,0.33,2026-08-10,grossista
922374347,FORTE PLUS 14FL MONOD 10ML,0,45,2,0.66,2026-08-09,grossista
922378625,FUTURO POLSINO ELAST UNIV BEI,0,13,2,0.66,2026-08-06,grossista
922388703,COMBIART 30CPR,0,64,1,0.33,2026-08-11,grossista
922399314,PILOSELLA COMPOSITUM GTT 100ML,0,52,1,0.33,2026-08-12,grossista
922399631,REV IDRAX EPI 50ML,0,100,1,0.33,2026-08-06,grossista
922403389,SYNTHETIC DRUG TEST 7 1PZ,0,8,1,0.33,2026-08-13,grossista
922540721,SCHULTZ LOZIONE SCHIARENTE,0,18,1,0.33,2026-08-14,grossista
922546888,FLEE SPRAY DOMESTICO ANTIPULCI,0,61,1,0.33,2026-08-05,grossista
922555382,R&R FIORI DI RISO YOGURT 250G,0,12,1,0.33,2026-08-15,grossista
922740345,ANSELAX 14BUST,0,216,1,0.33,2026-08-15,grossista
922764283,RETOPIX SPRAY CANE/GATTO 100ML,0,197,1,0.33,2026-08-16,grossista
922860097,AQUACEL FOAM ADH SACRAL 5PZ,0,10,1,0.33,2026-08-17,grossista
922918786,AGEFLUS 30CPR,0,127,1,0.33,2026-08-18,grossista
922948322,KAMILA GAMB BAS EASY 70D PLAY3,8,2,1,0.33,2026-08-15,magazzino
922948411,KAMILA GAMB BAS EASY 140D NE 4,4,1,1,0.33,2026-08-12,magazzino
922948423,KAMILA GAMB BAS EASY 140D PLA4,8,0,1,0.33,2026-08-13,magazzino
923006670,NEOCATE SPOON 400G,0,8,1,0.33,2026-08-18,grossista
923043222,BIOSTARTER KEFIR D'ACQUA,0,12,1,0.33,2026-08-13,grossista
923055800,NEBUVIS REIDRATANTE OCCHI 10ML,0,16,1,0.33,2026-08-05,grossista
923133197,MICRONIL DOL 14BUST,2,0,1,0.33,2026-08-10,magazzino
923139303,POTASSIO ASCORBATO 60PAST,0,18,1,0.33,2026-08-06,grossista
923211674,B-APPORT PLUS FLUIDO 200ML,0,20,1,0.33,2026-08-05,grossista
923289324,BEURER BM40 MISURATORE PRESS,0,12,1,0.33,2026-08-18,grossista
923301600,RIDERMA CREMA MANI/UNGHIE,0,12,1,0.33,2026-08-07,grossista
923324711,PASTA ACQUA C/ZINCO 25% 100G,0,68,2,0.66,2026-08-08,grossista
923327896,BENDA EUROZINC 10CMX5M 1PZ,0,33,1,0.33,2026-08-09,grossista
923352785,HARPAGOPHYTUM PRO TM GTT 100ML,0,5,1,0.33,2026-08-17,grossista
923360200,HYDRALEN LATTE DETERGENTE,0,155,1,0.33,2026-08-10,grossista
923363788,POLAR FROST GEL 150ML,0,71,1,0.33,2026-08-11,grossista
923363903,KAMILA GAMB BAS NEW 70D NE 4,4,0,1,0.33,2026-08-06,magazzino
923364347,LENUS XL 500ML,0,17,1,0.33,2026-08-12,grossista
923372179,DETOXIGEN 125PAST,0,16,1,0.33,2026-08-13,grossista
923395026,VISAVEN CRIOGEL 100ML,0,108,1,0.33,2026-08-14,grossista
923400345,MODASANA 70 AGH NATURE 4,0,4,1,0.33,2026-08-11,grossista
923400699,MODASANA 140 AT NATURE 4,0,6,1,0.33,2026-08-15,grossista
923401513,MODASANA 14 COT AD ANT L,0,3,1,0.33,2026-08-16,grossista
923425577,NUTRIVA NUTRICURCUMA 30CPR,0,39,1,0.33,2026-08-17,grossista
923429296,RED WELLNESS 70 LEGG NE 2M,0,12,1,0.33,2026-08-18,grossista
923438485,BIOGENA DERMOLIQUIDO PH5 500ML,0,288,1,0.33,2026-08-05,grossista
923451987,OLIO DI COCCO 200G,0,38,1,0.33,2026-08-14,grossista
923487021,VO3 ACTIVE SPRAY 20ML,0,100,1,0.33,2026-08-06,grossista
923500312,OSTEOKLIP 30CPR,0,107,1,0.33,2026-08-14,grossista
923550418,BRAUN PRT1000 TERMOMETRO DIGIT,23,32,1,0.33,2026-08-05,magazzino
923582136,LINFO MICOTHERAPY 90CPS,0,16,1,0.33,2026-08-07,grossista
923587428,LOXICOR 30CPR,0,42,1,0.33,2026-08-15,grossista
923588483,ALLEVYN ADHESIVE 10CMX10CM 10P,0,10,1,0.33,2026-08-08,grossista
923588709,XERATOP LIPOCREMA 200ML,0,181,1,0.33,2026-08-16,grossista
923676290,HIPP TISANA CAMOMILLA 200G,0,151,1,0.33,2026-08-16,grossista
923745970,KAMILA AUTOR UP EASY 70D PLA 3,5,0,1,0.33,2026-08-17,magazzino
923746022,KAMILA AUTOR UP EASY 140D NE 3,4,0,1,0.33,2026-08-13,magazzino
923746073,KAMILA AUTOR UP EASY 140D PL 3,11,0,1,0.33,2026-08-18,magazzino
923758991,HOLLI ADAPT PASTA STOMIA 60G,0,150,2,0.66,2026-08-06,grossista
923785695,STRUVIPET PASTA 100G,0,19,1,0.33,2026-08-06,grossista
923786887,SAUBER CALZA U70 COT BLU S/M,6,34,2,0.66,2026-08-18,magazzino
923813683,FLOGOREX 20CPR,0,89,7,2.31,2026-08-13,grossista
923824496,MODASANA 18 COT AD BLU L,0,9,3,0.99,2026-08-17,grossista
924041256,OLIO PURO SALMONE ROSSO 120CPS,0,28,1,0.33,2026-08-09,grossista
924171667,ANANAS COMPOSITUM 180PAST,0,10,1,0.33,2026-08-10,grossista
924178003,AKTUVA CREAM TUBO 75ML,0,12,1,0.33,2026-08-11,grossista
924217856,ANELLO PLASMABILE STOMIA 2MM,0,24,2,0.66,2026-08-07,grossista
924253141,TROSYD DETERGENTE 150ML,0,621,2,0.66,2026-08-12,grossista
924266760,FICO 100ML LIQ ANALCO GEMMO10+,0,54,1,0.33,2026-08-13,grossista
924277306,CURASEPT COLL 0 05 TRAVEL ADS,0,22,2,0.66,2026-08-07,grossista
924295987,MOM COMBI EMULSIONE 100G,0,52,1,0.33,2026-08-14,grossista
924297930,IPPOCASTANO LIQ ANAL GEMMO 10+,0,12,1,0.33,2026-08-05,grossista
924300940,THERMOGEL COMFORT CUSC 10X26CM,0,71,1,0.33,2026-08-16,grossista
924456977,TEA TREE CREMA 75ML,0,6,1,0.33,2026-08-15,grossista
924526357,BIO OIL OLIO DERMAT 125ML,0,426,1,0.33,2026-08-12,grossista
924531116,DEODORANTE BELLEZZA ROLL-ON,14,332,5,1.65,2026-08-09,magazzino
924549328,FITTYDENT ULTRA3 SENS ADES OFS,0,56,1,0.33,2026-08-16,grossista
924587266,PSYLLIUM FIBRA GEL 20BUST,0,90,6,1.98,2026-08-12,grossista
924601646,DERMOXEN DET INTIMO DIABETICI,0,9,1,0.33,2026-08-05,grossista
924686924,SCHOLL CER CALLIF TRATT R/PROT,0,281,1,0.33,2026-08-17,grossista
924729268,CH FORBICINE ARANCIO,0,80,1,0.33,2026-08-18,grossista
924741097,CH PORTABIBERON TERM STEP UP,0,4,2,0.66,2026-08-11,grossista
924760984,SAGINIL OVULI VAGINALI 10PZ,0,247,3,0.99,2026-08-06,grossista
924765314,VERRUPOR BRUCIAPORRI 12ML NF,0,15,1,0.33,2026-08-07,grossista
924784933,NUTRIFLOR 60CPS NF,0,33,1,0.33,2026-08-05,grossista
924786231,FIBERPASTA FARINA 1KG,0,33,1,0.33,2026-08-12,grossista
924786344,DACRIOSOLMED UD COLL LUBR 30PZ,0,213,1,0.33,2026-08-06,grossista
924801160,OLEVANOIL SHAMPOO 250ML,0,1,1,0.33,2026-08-07,grossista
924834169,LIPIOL OLIO DETERGENTE 400ML,0,17,1,0.33,2026-08-08,grossista
924847231,AMINOGAM SPRAY 15ML,0,147,1,0.33,2026-08-11,grossista
924847751,MOSQUETA ROSA OLIO PURO BIO,0,32,1,0.33,2026-08-06,grossista
924862802,P'ANTICELL LEGG FAS/A GRI L/XL,0,4,1,0.33,2026-08-12,grossista
924870544,TRANSPORE CER 2 5X500CM DISP,0,115,1,0.33,2026-08-09,grossista
924874579,ACTINICA LOTION 80ML,0,153,1,0.33,2026-08-10,grossista
924875204,SPASMINA PLUS 30OPERCOLI,0,137,3,0.99,2026-08-11,grossista
924880786,ERBADONNA CICLO 24CPR,0,65,1,0.33,2026-08-08,grossista
924907355,IMMOBILIZZATORE BRA PR28412 UN,0,7,1,0.33,2026-08-12,grossista
924932080,SENSURA MIOCLICK PLAC 70 10-65,0,10,2,0.66,2026-08-10,grossista
924932179,SENSURA MIO BELT STANDARD 1PZ,0,13,5,1.65,2026-08-13,grossista
924948502,WIQO SMOOTHING FLUID 30ML,0,17,2,0.66,2026-08-14,grossista
924960887,HERICIUM MICOTHERAPY 30CPS,0,30,1,0.33,2026-08-15,grossista
924961675,BAMICID 30CPS,0,3,1,0.33,2026-08-16,grossista
924979406,GUAM CREMA CORPO ANTIETA'200ML,0,19,2,0.66,2026-08-17,grossista
924994294,ECOPHANE SHAMPOO DELICATO500ML,0,32,1,0.33,2026-08-05,grossista
924994736,PULSOXIMETRO OXY-3,0,126,1,0.33,2026-08-17,grossista
924998851,HAIR COLOR REPAIR CASTANO 8ML,0,18,1,0.33,2026-08-18,grossista
924998863,HAIR COLOR REPAIR CAST SCU 8ML,0,21,1,0.33,2026-08-05,grossista
925018424,VITAMINA D 400 UI 168CPR MAST,0,59,1,0.33,2026-08-06,grossista
925047843,OLIO NUTRIENTE CAPELLI 50ML,0,10,1,0.33,2026-08-07,grossista
925200166,AGARVIS 400PAST,0,11,3,0.99,2026-08-13,grossista
925329361,ALOEVERA2 ALOE OIL,0,18,1,0.33,2026-08-14,grossista
925329524,ALOEVERA2 CREMA GEL D'ALOE,0,175,1,0.33,2026-08-08,grossista
925329536,ALOEVERA2 GEL PRIMITIVO D'ALOE,0,402,3,0.99,2026-08-10,grossista
925336428,AQUACEL AG+ EXTRA 10X10CM 10P,0,437,1,0.33,2026-08-09,grossista
925336430,AQUACEL AG+ EXTRA 15X15CM 5PZ,0,85,1,0.33,2026-08-10,grossista
925369100,THROMBOSIS 18 ISP GAMB M CORTO,0,5,1,0.33,2026-08-16,grossista
925369631,THROMBOSIS 18 ISP AREG L LUNGO,0,45,1,0.33,2026-08-11,grossista
925379190,SLIPPERS VALENTINE MOUSE,0,4,1,0.33,2026-08-09,grossista
925386423,ACIDO FOLICO 120CPR COLOURS,0,255,1,0.33,2026-08-12,grossista
925411528,STRAPPAL CM2 5X10MT FARMACIA,0,92,1,0.33,2026-08-13,grossista
925486250,HELIOCARE 360 GEL SPF50+ 50ML,0,5,1,0.33,2026-08-14,grossista
925498014,EPITACT ORTESI MANO FLEX DX M,0,118,1,0.33,2026-08-15,grossista
925504767,MELATONINA COMPLEX 1MG 90CPR,0,996,3,0.99,2026-08-16,grossista
925513893,DUALSAN CALZA A/TROMB S/TASS 3,6,0,3,0.99,2026-08-10,magazzino
925513905,DUALSAN CALZA A/TROMB S/TASS 4,5,0,8,2.64,2026-08-11,magazzino
925513931,DUALSAN CALZA A/TROMB C/TASS 3,3,0,1,0.33,2026-08-07,magazzino
925596898,APROPOS FLUPROTECT EFF C 20CPR,7,2791,1,0.33,2026-08-09,magazzino
925599286,LENDINOUT ACT AZIONE PREVENTIV,0,109,1,0.33,2026-08-12,grossista
925606079,CURASEPT COLLUT ECOBIO 300ML,0,155,1,0.33,2026-08-15,grossista
925618542,REFLUMIL 30CPR BLISTER,0,40,2,0.66,2026-08-17,grossista
925630725,BARDANADREN MACERATO CAIRA GTT,0,14,1,0.33,2026-08-18,grossista
925630802,MOM PETTINE ACCIAIO,0,71,1,0.33,2026-08-17,grossista
925633048,PERSONAL TEST PIC 1PZ,27,118,17,5.60,2026-08-13,magazzino
925654321,VITAMINE B COMPL 60CPR COLOURS,0,121,1,0.33,2026-08-14,grossista
925702906,PURES MISCELA SONNI 30ML,0,9,2,0.66,2026-08-05,grossista
925820793,MICRONIL DOL 30BUST,0,134,1,0.33,2026-08-18,grossista
925852028,SUCCO DI MIRTILLO 500ML,0,17,2,0.66,2026-08-08,grossista
925856472,AMINOTROFIC 14BUST,0,191,4,1.32,2026-08-06,grossista
925856650,TAGLIAUNGHIE PIEDI,0,11,1,0.33,2026-08-06,grossista
925898708,SPLUS FAST 20BUST,0,30,1,0.33,2026-08-07,grossista
925899433,CREMA PANTENOLO 75ML,0,22,1,0.33,2026-08-06,grossista
925928350,SPEEDICATH COMP EVE D CH12 30P,0,12,6,1.98,2026-08-12,grossista
925942346,CLINNIX CREMA SMAGLIATURE300ML,0,36,2,0.66,2026-08-15,grossista
925943565,VIRAFER NEO 200ML,0,21,1,0.33,2026-08-18,grossista
926022789,IAP PHARMA 9 DONNA 150ML,4,6,1,0.33,2026-08-16,magazzino
926041500,FLODERM PRURITO 100ML,0,5,3,0.99,2026-08-07,grossista
926045574,DEFENCE B-LUCENT A/MACCH SPF50,0,54,1,0.33,2026-08-15,grossista
926045675,BIONIKE SHINE ON COL BIO CIOCC,0,55,1,0.33,2026-08-08,grossista
926054127,MERIDOL WHITENING DENTIF 75ML,13,0,2,0.66,2026-08-17,magazzino
926063367,LES INDISPENSABLES PANE SUR100,0,6,1,0.33,2026-08-09,grossista
926080298,D MANNOSIO MAXI 90CPS,0,31,1,0.33,2026-08-12,grossista
926115092,FORTIMEL CIOCCOLATO 4X200ML,0,84,1,0.33,2026-08-17,grossista
926116815,ANTITROMBO SOLIDEA CALZA BI XL,0,8,2,0.66,2026-08-10,grossista
926117060,ACTEA ORAL GEL STOMATOLOG 15ML,0,13,1,0.33,2026-08-10,grossista
926194465,SEMI DI LINO MACINATI 200G,0,57,2,0.66,2026-08-18,grossista
926228735,SUSTENIUM ENERGY SPORT 10BUST,0,36,1,0.33,2026-08-11,grossista
926231349,SOMAT SKIN EX SNEL 7NTT C250ML,0,760,1,0.33,2026-08-09,grossista
926231756,BIOKERATIN ACH8 SH PRODIGE,0,16,1,0.33,2026-08-12,grossista
926235502,TENA SHAMPOO CAP CUFFIA UMIDIF,5,164,1,0.33,2026-08-17,magazzino
926236427,ENZITIME 24CPR MASTICABILI,0,41,1,0.33,2026-08-13,grossista
926252139,MANOPOLA IMPERM NON SAP 100PZ,0,136,1,0.33,2026-08-05,grossista
926259969,MEDI 18 GAMB P.AP NAT 4 2805PA,0,9,1,0.33,2026-08-06,grossista
926267764,CORDYCEPS 24CPS VEGETALI,0,22,1,0.33,2026-08-18,grossista
926310741,CURCUMA COMPLEX 30CPR,0,148,1,0.33,2026-08-11,grossista
926419538,NUTRIFREE MIX PASTA FRESCA 1KG,0,100,2,0.66,2026-08-13,grossista
926421684,PURES GEL FRESC CIRC 125ML,0,46,1,0.33,2026-08-16,grossista
926426091,CICALEINE CREMA 50ML,0,13,1,0.33,2026-08-14,grossista
926429515,BAVA LUMACA CREMA EUDERMICA,0,5,2,0.66,2026-08-13,grossista
926461068,NATURAL ACT UMORE 60CPS,0,7,1,0.33,2026-08-11,grossista
926461839,MTS10 GANODERMA GTT 20ML,0,55,3,0.99,2026-08-07,grossista
926461841,MTS11 HERICIUM GOCCE 20ML,0,20,1,0.33,2026-08-15,grossista
926461878,MTS14 PHELLINUS GOCCE 20ML,0,3,3,0.99,2026-08-06,grossista
926509872,CAVILON CREMA BARRIERA 92G,0,21,1,0.33,2026-08-05,grossista
926522741,CER PIC AQUABLOC 10X12 5PZ,0,141,1,0.33,2026-08-16,grossista
926536564,CLORETRIX DETERGENTE 500ML,0,80,1,0.33,2026-08-17,grossista
926548278,LIPOTECH 400 30CPR,0,115,4,1.32,2026-08-12,grossista
926548280,LYNFASE FITOMAGRA 12FL 15G,2,0,1,0.33,2026-08-11,magazzino
926558685,COPRISONDA PIC VAG-RET 144PZ,0,76,1,0.33,2026-08-06,grossista
926562101,PULSOXIMETRO DA DITO OXY-5,0,14,1,0.33,2026-08-18,grossista
926563420,NAMAS LOZIONE TRICOLOGICA 60ML,0,330,1,0.33,2026-08-07,grossista
926568167,DERCOS SH ANTIFORFORA SECCHI,61,590,3,0.99,2026-08-09,magazzino
926568876,OMEGA 3 ACT 540MG 60PRL MINI,0,198,1,0.33,2026-08-05,grossista
926571922,EXCILOR SOL UNGUEALE 3 3ML,0,116,1,0.33,2026-08-06,grossista
926575301,NUTRIDRINK COMPACT CAF 4X125ML,0,14,1,0.33,2026-08-07,grossista
926581467,SEMEL 30CPR,0,181,1,0.33,2026-08-05,grossista
926583360,ROYAL REGIME TEA 25BUSTE,0,136,1,0.33,2026-08-08,grossista
926585062,NEVRADIN 20CPR,0,216,1,0.33,2026-08-09,grossista
926593233,ESI ERBAVEN POCKET DRINK16POCK,0,42,1,0.33,2026-08-08,grossista
926621020,ALOEVERA2 COLLUT ALOE 250ML,0,251,1,0.33,2026-08-10,grossista
926646237,IDU' SCIROPPO 150ML,0,25,1,0.33,2026-08-11,grossista
926674704,CRESKO 10F,0,149,1,0.33,2026-08-12,grossista
926740743,EUPIN AEROSOL 10F,0,3,1,0.33,2026-08-13,grossista
926819133,OLIPROST 30PRL,0,48,2,0.66,2026-08-09,grossista
926819158,SCREEN TEST TIROIDE/TSH,0,16,1,0.33,2026-08-08,grossista
926819184,SCREEN TEST INFEZ URINE 3PZ,0,59,2,0.66,2026-08-18,grossista
926825744,BIO-GEL ANELLO SEPARA ALLU M/L,0,5,1,0.33,2026-08-17,grossista
926825757,BIOGEL PROTEZIONE SOT MIGNO UN,0,6,1,0.33,2026-08-14,grossista
926826266,FORHANS CLEXIDIN 0 20 S/ALCOOL,0,125,1,0.33,2026-08-09,grossista
926828498,FELIWAY CLASSIC SPRAY 60ML,0,45,1,0.33,2026-08-15,grossista
926829553,DIUVIS LIQ ANALCOLICO 200ML,0,21,1,0.33,2026-08-16,grossista
926829641,RESVERATROLO SUPREMO 60PAST,0,37,1,0.33,2026-08-15,grossista
926830050,AKSUN 30CPS,0,50,1,0.33,2026-08-17,grossista
926830074,DOMINA OVULI VAGINALI 30OV,0,14,1,0.33,2026-08-16,grossista
926830668,GEL ELETTROCONDUTTIVO 1000ML,0,94,1,0.33,2026-08-10,grossista
926846395,STERILFER LIPO GTT 30ML,0,123,1,0.33,2026-08-18,grossista
926858667,PURES MENTA PIPER OE BIO10ML,0,32,1,0.33,2026-08-11,grossista
926858984,OLIO DI SEMI ZUCCA BIO 250ML,0,39,4,1.32,2026-08-10,grossista
926888746,FORTINI SMOOTHIE MF FRUTTI RO,0,45,1,0.33,2026-08-05,grossista
926888761,FORTINI CREAMY FRUIT FR RO 4PZ,0,57,1,0.33,2026-08-06,grossista
926891971,RESTIVOIL A/FORF ZERO 150ML,0,177,1,0.33,2026-08-10,grossista
926962592,ZEOLITHMED DETOX POLV 120G,0,6,1,0.33,2026-08-07,grossista
926988080,CER PIC CLASSIC STR 10X8CM 10P,0,79,1,0.33,2026-08-12,grossista
927025421,LADY PRESTERIL DPIU'EXTRA 10PZ,0,223,1,0.33,2026-08-08,grossista
927042426,PURES SPRAY PURIFICANTE 75ML,0,295,1,0.33,2026-08-13,grossista
927049041,TRIFOGLIO ROSSO 30CPS 15G,0,15,1,0.33,2026-08-09,grossista
927050981,OLIO DEL RE EMULSIONE FT 25ML,0,21,1,0.33,2026-08-10,grossista
927092419,ARTIGLIO FORTE CAPSULE 60CPS,0,395,1,0.33,2026-08-11,grossista
927099933,SENSURA MIO CL URO MA 15-33,0,9,1,0.33,2026-08-14,grossista
927100267,SENSURA MIO CL PLAC 60MM 15-40,0,3,3,0.99,2026-08-17,grossista
927117729,CH GIOCO PANNELLO TRAMONTO R,0,19,1,0.33,2026-08-15,grossista
927123481,AMINOGAM COLLUTORIO 200ML,0,195,1,0.33,2026-08-14,grossista
927130031,JOBST FOR MEN 15-20 BLU 4,5,3,3,0.99,2026-08-16,magazzino
927143370,ALTRICEREALI BISC AVENA/NOCC,0,56,1,0.33,2026-08-08,grossista
927159158,SKIN FP30 CREMA SOLARE 150ML,0,23,1,0.33,2026-08-12,grossista
927170492,CLENNY A SOLUZIONE FISIOL 25FL,32,430,1,0.33,2026-08-10,magazzino
927171088,VITAFLOREX GOCCE 5ML,0,107,1,0.33,2026-08-17,grossista
927173854,PERVIRAL GOLA SPRAY ORALE 30ML,0,67,1,0.33,2026-08-13,grossista
927221263,FLUISTAR 600 14BUST,0,2817,2,0.66,2026-08-16,grossista
927222315,ALO YAL SOLUZIONE OFTALMICA8ML,0,93,1,0.33,2026-08-10,grossista
927237040,POLYBACTUM 3 OVULI VAGINALI,0,15,1,0.33,2026-08-14,grossista
927254591,MISURATORE PRESSIONE DS-11,0,1,1,0.33,2026-08-18,grossista
927259996,NEUROCORTEX 30CPR,0,128,9,2.96,2026-08-12,grossista
927287452,DRENA LEVEL 1 GTT 50ML,0,113,1,0.33,2026-08-15,grossista
927288151,CATALITIC CU-AU-AG 20AMP,0,197,1,0.33,2026-08-16,grossista
927288163,CATALITIC FE 20AMP,0,25,2,0.66,2026-08-17,grossista
927288252,CATALITIC ZN 20AMP,0,45,1,0.33,2026-08-08,grossista
927292108,CLEARBLUE ADV MONITOR FERTILIT,0,42,1,0.33,2026-08-18,grossista
927292110,CLEARBLUE ADV MONIT FERTIL STI,0,85,1,0.33,2026-08-05,grossista
927296867,SEBOMIX 30CPR RIVESTITE,0,34,2,0.66,2026-08-06,grossista
927300689,INTERPROX4G NANO BLISTER 6U 6L,3,230,4,1.32,2026-08-13,magazzino
927307379,ONONE GOCCE OCULARI 10ML,0,128,1,0.33,2026-08-06,grossista
927383822,RESPECTISSIME MATITA SOPRA BIO,3,4,2,0.66,2026-08-11,magazzino
927493039,TENA WET WASH GLOVE 8PZ,0,61,1,0.33,2026-08-05,grossista
927604518,FIOREGLUT FARINA DOLC+PANE+PIZ,0,286,1,0.33,2026-08-07,grossista
927762587,BIOKERATIN ACH8 6/CF BION S CA,0,13,1,0.33,2026-08-06,grossista
930010653,MD-LUMBAR ITALIA 10FL INIET2ML,0,13,1,0.33,2026-08-08,grossista
930010828,MD-SMALL JOINTS ITALIA 10FL IN,0,5,1,0.33,2026-08-09,grossista
930048107,STERI-STRIP CER 3X75MM 10PZ,0,502,1,0.33,2026-08-07,grossista
930169228,BIOBI 14BUSTINE,0,23,1,0.33,2026-08-10,grossista
930184650,RIBES NERO CONCEN TOTALE 50OPR,0,89,1,0.33,2026-08-08,grossista
930204894,ENASON MELISSA MELATONINA 10ML,0,183,7,2.31,2026-08-10,grossista
930206091,ISODERMA DETERGENTE LIQ 200ML,0,73,1,0.33,2026-08-11,grossista
930213006,SKINDET OIL OLIO DETERGENTE,0,10,1,0.33,2026-08-16,grossista
930224403,EPTA PSO 10 EMULS RICCA 200ML,0,4,1,0.33,2026-08-12,grossista
930241967,URGOTUL 10X12 3PZ,0,110,1,0.33,2026-08-13,grossista
930244672,PESSARIO LATEX FREE DIAM 90MM,0,34,1,0.33,2026-08-14,grossista
930256211,CUTELIFE SPRAY OSSIDO ZINCO,0,34,1,0.33,2026-08-15,grossista
930259054,SOFTHAIR 40CPS,0,31,3,0.99,2026-08-07,grossista
930267695,NICOTINAMIDE REDERMA CREMA40ML,0,188,1,0.33,2026-08-18,grossista
930270273,SEDANAM 30CPR,1,0,1,0.33,2026-08-08,magazzino
930276769,YABRO 10F 3ML AC IALUR 0 3%,0,125,3,0.99,2026-08-16,grossista
930362494,DERMOVITAMINA HERPESCARE 8ML,0,147,2,0.66,2026-08-12,grossista
930381417,FARINA FARRO TIPO 0 BIOLOGICA,0,7,1,0.33,2026-08-16,grossista
930398488,ESI NO DOL GEL TERMICO 280G,34,118,3,0.99,2026-08-09,magazzino
930404239,GELARFERRO 20BUST,0,5,1,0.33,2026-08-17,grossista
930405028,SEREM SONNO 14BUST,0,119,1,0.33,2026-08-18,grossista
930410903,TEPE SCOVOLINI MISTI RA/VE 6PZ,0,63,2,0.66,2026-08-10,grossista
930411145,SINOVIAL 32 SIR INTRA-ART 3PZ,0,399,1,0.33,2026-08-05,grossista
930480886,BIOCULT PLUS 20BUST,0,16,1,0.33,2026-08-06,grossista
930502051,DOLORI FANGO MINER 5BUST 150G,0,17,1,0.33,2026-08-07,grossista
930503343,FISIOTON 20FL 15ML,0,347,1,0.33,2026-08-08,grossista
930503723,ACILIP 600 INTEGRAT 20CPR,0,24,1,0.33,2026-08-10,grossista
930507367,BIRETIX GEL 50ML,0,398,1,0.33,2026-08-09,grossista
930517875,MULTIVITAMIX CRONO 30CPR,24,261,1,0.33,2026-08-11,magazzino
930517925,CODEFLOR 15CPR,0,37,1,0.33,2026-08-08,grossista
930541077,SELENIO VITAMINA C 100ML,0,63,1,0.33,2026-08-16,grossista
930552942,GUAM DUO UOMO RIDUCENTE CR RIS,0,13,1,0.33,2026-08-12,grossista
930574292,OMEGA 3 6 9 60PRL,0,22,1,0.33,2026-08-12,grossista
930617535,MEN RASAYANA 60CPR,0,8,1,0.33,2026-08-13,grossista
930640444,EPAPSOR POMATA 150ML,0,8,1,0.33,2026-08-10,grossista
930669890,LONGLIFE L-CARNITINE 60CPS,0,186,2,0.66,2026-08-11,grossista
930700644,LONGLIFE SOD 2000 60CPR RIVES,0,50,2,0.66,2026-08-14,grossista
930720053,PROTHER SOD 30BUST 10G,0,14,1,0.33,2026-08-12,grossista
930860426,FLOGERIL 30CPS,0,269,1,0.33,2026-08-13,grossista
930861570,V2 CREMA ANTIRUGHE 50ML,0,15,1,0.33,2026-08-13,grossista
930861594,V PASTA LENITIVA 150ML,0,22,1,0.33,2026-08-14,grossista
930864879,SCIROPPO BALSAMICO EUCALIPTO,0,6,1,0.33,2026-08-15,grossista
930880101,SPERMACT 45CPR,0,85,1,0.33,2026-08-08,grossista
930889439,HYIODINE AC IALURONICO IOD 50G,0,50,1,0.33,2026-08-15,grossista
930890468,RAFANO NERO BIO 20AMPOLLE,0,30,1,0.33,2026-08-16,grossista
930923634,ACTITUSS SCIROPPO 140ML,0,95,1,0.33,2026-08-07,grossista
930956836,EUTROSIS 641 TUBO 400ML,0,338,1,0.33,2026-08-13,grossista
930967688,KAPPAPHYT 7 20BUST 8 5G,0,10,1,0.33,2026-08-14,grossista
930993252,COLLAGENIL RE-PULP HYAL 30ML,0,15,1,0.33,2026-08-17,grossista
931002176,STIPFIT BIMBI 150ML,0,54,2,0.66,2026-08-10,grossista
931015046,BOLO VIA 20BOCCONCINI,0,850,1,0.33,2026-08-08,grossista
931035568,DETSKIN UREA30 CREMA TRATT,0,15,1,0.33,2026-08-18,grossista
931035570,SKINSAN UREA30 CREMA TRATT,0,6,1,0.33,2026-08-10,grossista
931047878,MAGNESIO B6+BAOBAB 60CPS,0,66,1,0.33,2026-08-05,grossista
931070092,FIBNESS 500ML,0,12,1,0.33,2026-08-15,grossista
931070421,PROVASEN 20CPR,0,155,3,0.99,2026-08-06,grossista
931086971,PROFAR GHIACCIO SPRAY 400ML,3,0,1,0.33,2026-08-16,magazzino
931091680,BIOPULVER POLVERE 180G,0,135,1,0.33,2026-08-07,grossista
931092340,LENITUX 100ML,0,169,1,0.33,2026-08-16,grossista
931094421,CANDINET Ovuli Vag.6pz,0,31,1,0.33,2026-08-13,grossista
931094472,LONGLIFE MARINE CARTILAGE90CPS,0,83,1,0.33,2026-08-07,grossista
931095778,SANSTIME TRATTAMENTO VISO 30ML,0,13,2,0.66,2026-08-08,grossista
931096008,HYDRATEE FILLER INSTANT 15ML,0,23,1,0.33,2026-08-07,grossista
931096681,VIVIFLUX 20CPR,0,200,1,0.33,2026-08-09,grossista
931100150,GARZA PRONTEX AQUA PAD 10X8CM,0,41,1,0.33,2026-08-10,grossista
931127993,VALDISPERT GOCCE SONNO RAP30ML,0,118,1,0.33,2026-08-11,grossista
931144481,MIRAFERRUM JUNIOR GOCCE 30ML,0,170,1,0.33,2026-08-12,grossista
931151397,DICOSTIP 100ML,0,127,1,0.33,2026-08-13,grossista
931153098,AQUACEL EXTRA HYDROFIBER 15X15,0,23,1,0.33,2026-08-09,grossista
931153100,GUAM DUO CREMA PANCIA/GIROVITA,0,14,1,0.33,2026-08-14,grossista
931156018,KUTECUR SPRAY 125ML,0,198,1,0.33,2026-08-17,grossista
931171060,EIE MELISSA 60ML GTT,0,19,1,0.33,2026-08-13,grossista
931204200,IALOCLEAN 30CPR OROSOLUBILI,1,1697,1,0.33,2026-08-15,magazzino
931341705,SINOVIAL 50 SIR INTRA-ART 2%,0,54,1,0.33,2026-08-16,grossista
931352215,KAMILA GAMB COTTON 18 BLU L,4,0,1,0.33,2026-08-13,magazzino
931356909,TAMPAX COMPAX REG 24PZ,0,7,1,0.33,2026-08-17,grossista
931358802,ARL 20BUST,0,34,1,0.33,2026-08-06,grossista
931376077,3 ROSA CREMA CORPO 200ML,0,110,1,0.33,2026-08-18,grossista
931432506,FLOGANDET CREMA DETERGENTE,0,296,2,0.66,2026-08-06,grossista
931433104,FLOGANMOUSSE TRATT ANTIFORFORA,0,249,1,0.33,2026-08-18,grossista
931437899,FUTURO CAVIGLIERA ELASTICA L,0,19,1,0.33,2026-08-05,grossista
931477261,PAPPYLAIT GATTO 150G C/BIBERON,0,78,1,0.33,2026-08-06,grossista
931503611,DERMAGEN CREMA BASE 50ML,0,12,1,0.33,2026-08-07,grossista
931509044,FERFOLC GOCCE 15ML,0,9,2,0.66,2026-08-17,grossista
931524122,LONGLIFE LIEVITO FORTE 120CPR,0,18,1,0.33,2026-08-16,grossista
931525113,RILASTIL LIPOREDUCER CREMA 200,0,68,2,0.66,2026-08-17,grossista
931543639,LEGART MAXI 60CPR,0,253,1,0.33,2026-08-18,grossista
931571095,LADYGLORIA 12 GAMB PU/A DAI 3,0,6,2,0.66,2026-08-06,grossista
931571386,LADYGLORIA 18 GAMB PU/A DAI 2,0,48,1,0.33,2026-08-08,grossista
931571475,LADYGLORIA 18 AREG PU/A DAI 1,0,3,1,0.33,2026-08-09,grossista
931581146,LADYGLORIA 12 AREG PU/A SAH 3,0,15,1,0.33,2026-08-16,grossista
931581211,LADYGLORIA 12 GAMB PU/A SAH 3,0,20,1,0.33,2026-08-18,grossista
931581363,LADYGLORIA 12 COL PU/A SAH 3,0,10,1,0.33,2026-08-10,grossista
931581490,LADYGLORIA 18 COL PU/A SAH 3,0,35,2,0.66,2026-08-05,grossista
931581538,LADYGLORIA 18 GAMB PU/A SAH 5,0,4,2,0.66,2026-08-18,grossista
931600631,STILVEN SMP 30CPR,0,10,1,0.33,2026-08-05,grossista
931600997,MASSIGEN GRAVIDANZA ALLATTAMEN,0,133,1,0.33,2026-08-10,grossista
931642033,KALEIDON PROBIOTIC 60 12BUST,0,502,1,0.33,2026-08-11,grossista
931645485,VERSIACTIVE SPRAY100ML BRADERM,0,410,2,0.66,2026-08-17,grossista
931645636,HELIOCARE ULTRA-D 30CPS,0,110,4,1.32,2026-08-06,grossista
931742225,ACTYNODERM CR RIPA AREE FOTOES,0,131,1,0.33,2026-08-10,grossista
931770693,VISCRIN PLUS SH ANTIFORFORA,0,283,1,0.33,2026-08-07,grossista
931852178,OZONIA 15 LIPOGEL OZONO 35ML,0,195,4,1.32,2026-08-10,grossista
931855757,CREMA BARRIERA STOMIA 60G,0,41,5,1.65,2026-08-05,grossista
931925453,CISTOMIN 50CPS,0,1,1,0.33,2026-08-12,grossista
931937888,GLORIA TRAVEL&WORK GAMB NER 3,0,4,2,0.66,2026-08-11,grossista
931937940,GLORIA TRAVEL&WORK GAMB BLU 4,0,13,1,0.33,2026-08-13,grossista
931938791,UROSYSTEM SAC GAMBA 35CM 30PZ,12,26,1,0.33,2026-08-07,magazzino
931938967,PROFAR ARGOXYN ARGENT ION 2 5%,7,0,1,0.33,2026-08-10,magazzino
931950479,LONGLIFE OKG 100CPS,0,9,1,0.33,2026-08-08,grossista
931961484,ANAURETTE SPRAY 30ML,0,364,1,0.33,2026-08-12,grossista
931972210,CER MEDS TNT FIX SSR 500X5CM,0,17,1,0.33,2026-08-14,grossista
931975546,ONAILS ONIX SOLUZIONE ONICOFAG,0,59,1,0.33,2026-08-15,grossista
931987960,FORTEND 20CPR,0,3,1,0.33,2026-08-11,grossista
931988289,CER MEDS TNT FIX 1000X10CM,0,50,5,1.65,2026-08-07,grossista
931988481,MEDS PORE MEDIC PUR 10X12CM5PZ,0,12,1,0.33,2026-08-09,grossista
931991309,FLEBOSTAX 30CPR,0,41,2,0.66,2026-08-10,grossista
931994608,TNS NUTRITIVE,0,6,1,0.33,2026-08-06,grossista
932029388,DICOFARM PASTA 100ML,0,231,2,0.66,2026-08-16,grossista
932042979,SPRINT DOCCIA NASALE A PILE,0,11,2,0.66,2026-08-17,grossista
932086996,DELICLIN SOAP 200ML,0,116,2,0.66,2026-08-12,grossista
932160498,EIE ROSMARINO 30ML GTT,0,23,1,0.33,2026-08-11,grossista
932160676,SALI THALASSO TERMALI 10BUST,7,0,3,0.99,2026-08-16,magazzino
932165158,ANDROLEN 30CPR,0,2,1,0.33,2026-08-18,grossista
932167683,ACIDO IALURONICO MOUSSE DET,0,13,1,0.33,2026-08-05,grossista
932178371,INTERPROX PLUS NANO ROSA 6PZ,4,722,9,2.96,2026-08-11,magazzino
932178395,INTERPROX PLUS SUPERMICRO 6PZ,6,882,1,0.33,2026-08-07,magazzino
932178407,INTERPROX PLUS MICRO VERDE 6PZ,6,559,1,0.33,2026-08-14,magazzino
932178484,INTERPROX PLUS XX MAXI NERO 4P,0,29,1,0.33,2026-08-06,grossista
932201320,ARIFER GOCCE 30ML,0,13,1,0.33,2026-08-12,grossista
932210988,BRAVA PASTA STOMIA S/ALCOL 60G,0,100,1,0.33,2026-08-07,grossista
932216245,BENDA PRESSOFLEX 10X700CM C/AS,0,19,2,0.66,2026-08-13,grossista
932217072,STEVIA EDULCOR 200CPR,0,27,1,0.33,2026-08-06,grossista
932217666,CORTI RIBES COMPLEX 30CPS,0,152,1,0.33,2026-08-12,grossista
932234750,MICOBAT CREMA 50ML BRADERM,0,67,1,0.33,2026-08-14,grossista
932246426,BIATAIN ALGINATE AG 10X10 10PZ,0,32,5,1.65,2026-08-10,grossista
932246440,BIATAIN ALGINATE 3X44CM 6PZ,0,9,1,0.33,2026-08-13,grossista
932252620,BUONAVIT D3K 12ML,0,126,1,0.33,2026-08-09,grossista
932348725,NASALIN SPRAY NASALE 20ML,0,25,2,0.66,2026-08-13,grossista
932437041,FARABELLA FARINA PREP PASTA 1K,0,27,1,0.33,2026-08-09,grossista
932465368,MEDS ENTEROCLISMA PIEGHEVOLE,0,131,4,1.32,2026-08-08,grossista
932504398,EOFOLIN GOCCE 12ML,0,181,2,0.66,2026-08-17,grossista
932519186,CISTIGELAR DUO 24CPS,0,22,1,0.33,2026-08-14,grossista
932524162,ARGA' GOCCE VISO AUTOABBR 30ML,0,52,1,0.33,2026-08-17,grossista
932707565,ACCU-CHEK AVIVA 25STR,0,1008,1,0.33,2026-08-05,grossista
932709809,PLURAMIN12 ADVANCED 14BUST,1,413,2,0.66,2026-08-18,magazzino
932711740,GUNAMINOFORMULA 50CPR,0,85,3,0.99,2026-08-15,grossista
932713605,ACIDO IALURONICO CONT OCCHI,0,35,1,0.33,2026-08-14,grossista
932714759,FLEBEN 1000 10FL 15ML,0,304,3,0.99,2026-08-09,grossista
932720840,ENVICER3 GRASSA FORTE 100ML,0,14,1,0.33,2026-08-06,grossista
932720915,ENVISUN DOPOS REPELLENTE 100ML,0,48,2,0.66,2026-08-10,grossista
932720954,RINOWAY SALI ISOTONICI 15BUST,0,139,5,1.65,2026-08-12,grossista
932720966,RINOWAY SALI IPERTONICI 15BUST,0,26,2,0.66,2026-08-10,grossista
932720980,IDROCRISTALLI ENVICON 400G,0,9,1,0.33,2026-08-11,grossista
932732213,ESCINA PLUS 20CPR,0,104,1,0.33,2026-08-12,grossista
932736642,L'ARGAN SHAMPOO 200ML,0,3,1,0.33,2026-08-13,grossista
932821883,TANTUM ROSA LENITIVA CREMA30ML,0,118,4,1.32,2026-08-13,grossista
933009401,ROSACURE FAST CREMA 30ML,0,1049,2,0.66,2026-08-14,grossista
933012926,HJDRATA FILLER SUPERIDRATANTE,0,16,3,0.99,2026-08-16,grossista
933059798,VITIS SPAZZOLINO SURGICAL BLIS,0,13,1,0.33,2026-08-15,grossista
933061881,ARGA' CC CREAM MEDIO SCURA,0,25,2,0.66,2026-08-16,grossista
933064471,AGO PENNA G31 5MM 100PZ,0,36,1,0.33,2026-08-13,grossista
933081515,PHYSIC LEVEL 5 CERVICAL 30CPR,0,21,1,0.33,2026-08-17,grossista
933158040,CRUSCA DI AVENA BIO 750G,0,109,1,0.33,2026-08-15,grossista
933161820,CONTACTA DAILY LENS 15 -2 75,0,33,1,0.33,2026-08-14,grossista
933162632,CONTACTA DAILY LENS Y 30 -2 00,6,3,1,0.33,2026-08-18,magazzino
933259879,ESI PROPOLAID ESTRATTO PURO,0,110,3,0.99,2026-08-16,grossista
933328243,BIOKAP B SH NUTRIENTE RIPA,0,95,1,0.33,2026-08-05,grossista
933423737,ACNE DEPURATO PSC GOCCE 50ML,0,3,1,0.33,2026-08-05,grossista
933440531,NEPRO LP VANIGLIA 220ML,0,100,1,0.33,2026-08-17,grossista
933486538,NOMABIT BASE GOCCE 20ML,0,43,1,0.33,2026-08-17,grossista
933533958,RILASTIL CAMOUFL FOND FL H C50,0,13,3,0.99,2026-08-15,grossista
933541916,MELASIN FORTE 1MG 30CPR,0,365,2,0.66,2026-08-05,grossista
933779098,ORACOL SPRAY ORALE 15ML,0,86,1,0.33,2026-08-18,grossista
933784997,RILASTIL DAILY C MIC LEN 250ML,0,70,1,0.33,2026-08-05,grossista
933872739,RINOWASH KIT RICAMBIO,0,27,1,0.33,2026-08-06,grossista
933915086,EYVET CREMA 15ML,0,149,1,0.33,2026-08-07,grossista
933933285,LIPVIS NATURE 40CPS,0,6,1,0.33,2026-08-07,grossista
933943262,FLEBOSMINA CREMAGEL 150ML,0,2,1,0.33,2026-08-06,grossista
933943286,PERFLO DROPS 10F MONOD 0 5ML,0,96,1,0.33,2026-08-07,grossista
933953578,CORTIPET 50ML,0,217,2,0.66,2026-08-17,grossista
934027044,KURAC 30ML BRADERM,0,109,1,0.33,2026-08-08,grossista
934036789,MOLLUSKIN SOLUZIONE 5ML,0,301,1,0.33,2026-08-09,grossista
934038858,LONGLIFE B12 50MCG SUBL 100TAV,0,678,1,0.33,2026-08-10,grossista
934203617,VENOTONIC MONO 20CPR,0,109,1,0.33,2026-08-11,grossista
934276116,GO-MILK 30CPR,0,62,1,0.33,2026-08-17,grossista
934296753,HAUSCHKA CURA BELLEZ NOTTE 50F<,0,3,2,0.66,2026-08-12,grossista
934297122,DR HAUSCHKA CREMA ROSA GG 30ML,0,14,1,0.33,2026-08-13,grossista
934406226,ORTOPAD SOFT BOYS CER J 20PZ,0,45,1,0.33,2026-08-14,grossista
934406265,ORTOPAD SOFT GIRL CER M 20PZ,0,75,1,0.33,2026-08-15,grossista
934406277,ORTOPAD SOFT GIRL CER REG 20PZ,0,72,1,0.33,2026-08-16,grossista
934408663,BIOTHYMUS AC ACT D SH VOL200ML,4,199,4,1.32,2026-08-05,magazzino
934408941,REGINE PRATI PROFUMO 50ML,0,3,1,0.33,2026-08-16,grossista
934423993,NOCIST INTENSIVE 7BUST,0,453,2,0.66,2026-08-14,grossista
934424490,DERMOVITAMINA FOTOCLIN SCO30ML,4,0,3,0.99,2026-08-11,magazzino
934446206,SILVER BLU T SPRAY TOPICO 50ML,0,36,1,0.33,2026-08-17,grossista
934481336,M-AID TECH PRO MISUR PRESSIONE,8,8,1,0.33,2026-08-14,magazzino
934481680,MICETRIN 30BUST,0,36,1,0.33,2026-08-18,grossista
934504871,ANTAFLOX 20CPR,0,103,1,0.33,2026-08-05,grossista
934509694,MATT BEN VIGORE 20CPR EFFERV,0,46,1,0.33,2026-08-07,grossista
934509757,MATT PHARMA MAGNESIO 30CPR,0,208,3,0.99,2026-08-06,grossista
934512625,GLUCOJECT AGO PENNA 6MM G31,0,35,1,0.33,2026-08-08,grossista
934512637,GLUCOJECT AGO PENNA 8MM G31,0,8,1,0.33,2026-08-07,grossista
934537717,DREAGIN BACT 5FL 140ML,0,159,1,0.33,2026-08-08,grossista
934553672,MEDS MEDIC ADES ST 15X15CM 5PZ,0,67,1,0.33,2026-08-09,grossista
934625056,MELAXINA T GOCCE 30ML,0,493,2,0.66,2026-08-17,grossista
934625854,GUM HYDRAL SPRAY 50ML,0,84,2,0.66,2026-08-08,grossista
934638077,ALKAGIN DET INTIMO ATT 250ML,0,109,1,0.33,2026-08-06,grossista
934638127,ALKAGIN DET INT LEN ALC 250ML,0,253,1,0.33,2026-08-18,grossista
934638141,ALKAGIN GEL INTIMO LENIT 30ML,0,505,1,0.33,2026-08-17,grossista
934638154,ALKAGIN DET INT GIRL 250ML,0,65,2,0.66,2026-08-10,grossista
934638230,RILASTIL EAP LIPOGEL 30ML,0,27,2,0.66,2026-08-18,grossista
934638242,RILASTIL RE-SLEEP BALSAMO 50ML,0,24,1,0.33,2026-08-09,grossista
934711351,SACCA URINA GAMBA 750ML SCAR,0,88,1,0.33,2026-08-10,grossista
934720311,IMMUNOTROFINA D 30CPR,0,61,1,0.33,2026-08-15,grossista
934723418,XANADEPUR 300ML,0,41,1,0.33,2026-08-11,grossista
934784493,NUTRATOPIC PRO-AMP CREMA CORPO,0,29,1,0.33,2026-08-09,grossista
934786447,SIRINGA INS VET 40UI/ML 30PZ,0,152,1,0.33,2026-08-18,grossista
934794773,CARDIOMEGA SHEDIR 30CPS MOLLI,0,208,1,0.33,2026-08-13,grossista
934815477,MENKAFT GEL JUNIOR 15ML,0,99,1,0.33,2026-08-12,grossista
934822899,PRINCIPIUM VITAMINA C MAST 60C,0,1146,1,0.33,2026-08-05,grossista
934824804,ALOE PIU SUCCO FRESCO 1L,0,39,1,0.33,2026-08-13,grossista
934830783,ARTROGELARD 30CPR 1200MG,0,117,3,0.99,2026-08-14,grossista
934831102,OLIO VASELINA 500ML,0,52,1,0.33,2026-08-14,grossista
934836673,MICRAVEN AP 30CPR GASTRORESIST,0,9,1,0.33,2026-08-05,grossista
934857867,LACRIMALFA SOL OFTALMICA 10ML,0,256,2,0.66,2026-08-14,grossista
934862525,ACCU-CHEK MOBILE 50TEST MIC2,0,215,1,0.33,2026-08-15,grossista
934864644,DESTIOR BRIDGE 30CPR,0,168,1,0.33,2026-08-17,grossista
934868845,PERLAVOMIT GOCCE 15ML,8,118,1,0.33,2026-08-11,magazzino
934872755,PRONTEX COTONE IDROFILO 500G,0,15,1,0.33,2026-08-09,grossista
934888684,PRINCIPIUM Q10 MAX 60CPS,0,282,1,0.33,2026-08-16,grossista
935057366,BIOKAP NUTRIC 7 0 BIO MEDIO,0,61,1,0.33,2026-08-11,grossista
935057392,BIOKAP NUTRIC 7 4 BIO RAMATO,0,30,1,0.33,2026-08-12,grossista
935093599,MILICE PIDOKO SPRAY PREVENTIVO,15,143,1,0.33,2026-08-13,magazzino
935128672,EMICRA 15CPR,0,88,1,0.33,2026-08-14,grossista
935160352,CELL INTEGRITY BRAIN 40CPR,0,225,10,3.29,2026-08-12,grossista
935168765,AGGRESSIVE 30ML,0,3,1,0.33,2026-08-17,grossista
935168777,AGITATION & CALM 30ML,0,242,2,0.66,2026-08-18,grossista
935184337,VITALIFE C 240CPR,0,91,1,0.33,2026-08-14,grossista
935184527,SINOVIAL HL32 SIR INTRA-ART,0,84,1,0.33,2026-08-05,grossista
935223875,UTIBIS 14BUST,0,417,1,0.33,2026-08-06,grossista
935236265,GUM TRAV-LER 0 8 SCOVOLINO PRO,0,545,1,0.33,2026-08-07,grossista
935236760,LONGLIFE CORDYCEPS BIO 60CPS,0,48,1,0.33,2026-08-15,grossista
935253613,IALUTEC RED 50ML,0,221,1,0.33,2026-08-08,grossista
935258537,LARIMUCIL TOSSE ADULTI SCIR,0,68,1,0.33,2026-08-06,grossista
935272791,LIBERVIS ENERGY ARANCIA 20BUST,0,148,1,0.33,2026-08-12,grossista
935272841,VICABIMB 200ML,0,156,2,0.66,2026-08-14,grossista
935272892,VITASOHN JUNIOR FRUTTINE 60CAR,0,124,1,0.33,2026-08-15,grossista
935308849,CALENDULA VITI CREMA 100ML,1,540,1,0.33,2026-08-12,magazzino
935329223,ESPERSOL SPRAY NASALE 100ML,0,2255,1,0.33,2026-08-13,grossista
935334363,SYNCHROLEVELS SPRAY 30ML,0,324,2,0.66,2026-08-09,grossista
935559981,AFTIR DUO LOZIONE 100ML,0,153,2,0.66,2026-08-10,grossista
935566594,COUPEROSE CREMA GIORNO BASE,0,3,1,0.33,2026-08-11,grossista
935572988,LICHTENA CREMA COMPL OCTA 25ML,0,614,2,0.66,2026-08-07,grossista
935585758,PROFAR CER IDR VESCICHE ASSORT,4,0,1,0.33,2026-08-10,magazzino
935586331,MOLLUSKIN 10 GEL 5ML,0,148,2,0.66,2026-08-16,grossista
935586483,MERCUROCROMO MEDUSE SPRAY 50ML,0,210,1,0.33,2026-08-10,grossista
935602247,DELTACRIN WNT SHAMPOO PHARCOS,0,131,1,0.33,2026-08-10,grossista
935605459,VADO LAX PLUS 100CPR,15,145,1,0.33,2026-08-16,magazzino
935611119,ENSURE ADVANCE VANIGLIA 400G,0,139,1,0.33,2026-08-17,grossista
935611121,ENSURE ADVANCE CIOCCOLATO 850G,0,118,4,1.32,2026-08-12,grossista
935612477,CALMADOL FASCIA RISCALDANT 6PZ,4,50,1,0.33,2026-08-17,magazzino
935612782,SENSIFINE DERMO NETTOYANT400ML,0,162,2,0.66,2026-08-05,grossista
935660908,VAPE RICARICA LIQUIDA 480H,0,100,1,0.33,2026-08-13,grossista
935677803,DERMAZEN CREMA LENITIVA 100ML,0,145,1,0.33,2026-08-11,grossista
935682397,BIOKAP NUTRICOLOR DEL 7 0 BIO,0,14,1,0.33,2026-08-14,grossista
935682411,BIOKAP NUTRICOLOR DEL 8 03 BIO,0,28,1,0.33,2026-08-15,grossista
935686966,VASOFLOX 30CPR,0,142,1,0.33,2026-08-11,grossista
935696916,AROE' 20STICK PACK MONOD,0,1316,1,0.33,2026-08-16,grossista
935749034,VEGETALLUMINA EMATOGEL 100ML,0,154,3,0.99,2026-08-07,grossista
935750986,LONGLIFE SX FACTORS 60CPS,0,28,1,0.33,2026-08-17,grossista
935760619,EUMILL NASO BABY SPRAY 100ML,0,10,1,0.33,2026-08-18,grossista
935768616,NAUSIL IDRA 12BUST,0,38,1,0.33,2026-08-18,grossista
935768693,NUTRIREGULAR NAUXEN 20CPR,0,22,1,0.33,2026-08-12,grossista
935771055,BERBERED PLUS 60CPR,0,23,1,0.33,2026-08-05,grossista
935780585,CLARUBIN 20BUST,0,127,1,0.33,2026-08-12,grossista
935784001,DDM FERRO 30CPR,0,75,1,0.33,2026-08-11,grossista
935790701,M-AID ROLLFLEX A-STOP M10X10CM,0,7,3,0.99,2026-08-06,grossista
935793063,LONGLIFE ISOFLAVONI SOIA 60PRL,0,96,1,0.33,2026-08-07,grossista
935793861,LONGLIFE TRIFOGLIO ROSSO 60CPS,0,89,2,0.66,2026-08-16,grossista
935798102,MOST DERMICTIOL SHAMPOO 150ML,0,22,1,0.33,2026-08-05,grossista
935836712,ACNIBEN REPAIR LABIALE BALSAMO,0,64,2,0.66,2026-08-09,grossista
935836825,ACNIBEN REPAIR DET 180ML 2018,0,15,1,0.33,2026-08-05,grossista
935870903,FOOTCARE CER VERR 38MM 12PZ E3,0,46,1,0.33,2026-08-15,grossista
935876971,PERISTIL FAST 10STICK 15ML,0,84,1,0.33,2026-08-08,grossista
935896807,ANATROFINE SHAMPOO 200ML,0,49,1,0.33,2026-08-09,grossista
935901292,PRIACOL 30CPS,0,18,1,0.33,2026-08-10,grossista
935905719,POTASSIO 60CPR,0,15,1,0.33,2026-08-11,grossista
935913309,TIROAGE AXIS 50ML SOL IAL,0,25,1,0.33,2026-08-12,grossista
935937096,LONGLIFE L-GLUTAMINE POWDER,0,68,1,0.33,2026-08-13,grossista
935952919,SOLVHOREN RETARD 60CPR,0,80,4,1.32,2026-08-11,grossista
935987976,FISIOCREM 60ML,0,219,1,0.33,2026-08-14,grossista
936005519,MASSIGEN C VITI 500MG 60CPS,0,169,1,0.33,2026-08-06,grossista
936008299,CHETOSIL REPAIR SPRAY 125ML,0,356,1,0.33,2026-08-15,grossista
936008349,GELX SPRAY ORAL 100ML,0,11,1,0.33,2026-08-07,grossista
936024936,IODIM GOCCE OCULARI 10ML STER,0,17,1,0.33,2026-08-13,grossista
936048065,EUPH COLORPRO XD435 CAST F,4,154,1,0.33,2026-08-06,magazzino
936048166,EUPH COLORPRO XD800 BIO CH,4,127,1,0.33,2026-08-08,magazzino
936048178,EUPH COLORPRO XD830 BIO DO,4,41,4,1.32,2026-08-08,magazzino
936048204,EUPH COLORPRO XD300 CAST S,4,470,1,0.33,2026-08-13,magazzino
936065604,NUTRIREGULAR FLORA 10FL 8ML,0,97,1,0.33,2026-08-08,grossista
937106781,DESMODIO 15AMPOLLE,0,30,1,0.33,2026-08-05,grossista
937363048,GINEPRO NERO LOZIONE DEOD ENER,0,25,1,0.33,2026-08-16,grossista
937388472,MULTICARE IN GLUCOSIO 25STR,0,123,1,0.33,2026-08-17,grossista
937396493,MEMOSINE 30CPR,0,125,3,0.99,2026-08-14,grossista
937480073,OLIO DI ROSA MOSQUETA ANTIOS,0,58,1,0.33,2026-08-18,grossista
937494425,CONVEEN OPTIMA GUAINA 25MM 30P,0,25,1,0.33,2026-08-09,grossista
938025095,CODEFLOR SMP GOCCE 7ML,0,13,1,0.33,2026-08-06,grossista
938058118,VIDERMINA GEL INT MONOD 6F 5ML,0,23,1,0.33,2026-08-10,grossista
938061177,SAMEFAST UP 20CPR,6,220,2,0.66,2026-08-11,magazzino
938124373,CLEBOLIDER CREMA IDRAT 150ML,0,186,2,0.66,2026-08-14,grossista
938141191,UTICRAN MONO MAXI 60CPR,0,123,1,0.33,2026-08-05,grossista
938222128,BRONCOPUMILENE 200ML,0,90,1,0.33,2026-08-06,grossista
938224654,GEHWOL ANELLO CORRETTORE 3PZ,0,81,1,0.33,2026-08-18,grossista
938224843,GEHWOL CAPP PROT DITA S 2PZ,0,30,1,0.33,2026-08-07,grossista
938225339,GEHWOL SEPARADITA ALLUCE L 3PZ,0,6,1,0.33,2026-08-08,grossista
938225430,GEHWOL CUSC AVAMPIEDE S,0,10,1,0.33,2026-08-15,grossista
938251129,FITOCAT 3 50ML GOCCE,0,3,1,0.33,2026-08-15,grossista
938260813,ANANAS FITOCOMPLESSO 50OPR,0,50,1,0.33,2026-08-09,grossista
938283001,MGK VIS POCKET STICK ARA 12BST,0,138,1,0.33,2026-08-12,grossista
938457823,BD MICROFINE AGO PENTA G32 4MM,0,3914,5,1.65,2026-08-13,grossista
938467281,BROMELINA 100CPR,0,192,2,0.66,2026-08-14,grossista
938467545,MAGNESIO CLORURO POLV 500G,0,110,3,0.99,2026-08-09,grossista
938473372,MALLO VERDE NOCE TM 50ML,0,1,1,0.33,2026-08-10,grossista
938501715,PATCHOULY PROFUMO 50ML,0,14,1,0.33,2026-08-11,grossista
938544083,PURES ROLL STRESS 5ML,0,51,1,0.33,2026-08-12,grossista
938569326,HAIR 30 60 CPS 28 2 G,0,4,1,0.33,2026-08-13,grossista
938597059,MIRAGYN OLIO SPRAY 100ML,0,136,1,0.33,2026-08-15,grossista
938602570,AGEDIN SIERO IDROTENSORE 30ML,0,60,1,0.33,2026-08-14,grossista
938616176,GUARIGOL SPRAY 20ML,0,240,1,0.33,2026-08-14,grossista
938657677,SEDACOL GOCCE 30ML,0,19,1,0.33,2026-08-15,grossista
938685789,SEDO CALCIO PLUS AEROSOL SOL,0,82,1,0.33,2026-08-16,grossista
938751599,PSORISDIN DETERGENTE 520G,0,30,1,0.33,2026-08-17,grossista
938757857,UNIDERMO LIQUIDO 400ML,0,95,1,0.33,2026-08-12,grossista
938766526,GLUCOMEN AREO SENSOR STR 10PZ,0,28,1,0.33,2026-08-16,grossista
938769698,LONGLIFE SPIRULINA BIO 100CPS,0,177,1,0.33,2026-08-08,grossista
938776883,COLLAGENIL LIFTENSIVE PERFECT,0,9,1,0.33,2026-08-09,grossista
938805405,YABRO AEROSOL 0 18% 5ML 10FL,0,114,2,0.66,2026-08-16,grossista
938805633,DERMOVITAMINA CALM SENSIC500ML,3,116,1,0.33,2026-08-14,magazzino
938807599,ACCU-CHEK GUIDE KIT MG/DL,0,18,1,0.33,2026-08-18,grossista
938827805,TERMODREN EVO TE' LIMONE 500ML,0,33,1,0.33,2026-08-05,grossista
938865110,DERMOVITAMINA IRR CUTANEE 30ML,0,128,3,0.99,2026-08-18,grossista
938881176,MACA POLV 100G,0,18,1,0.33,2026-08-06,grossista
938881935,SALI MAR MORTO PEDILUVIO 500G,0,6,1,0.33,2026-08-07,grossista
938896279,PSILLO CUTICOLA P 100G,0,84,1,0.33,2026-08-07,grossista
938910243,HENNE COLOR CAP RO NAT EX FT,0,2,1,0.33,2026-08-15,grossista
938915170,SENOTOP CREMA 125ML,0,25,2,0.66,2026-08-08,grossista
938947722,CLORURO MAGNESIO 200CPR,0,353,1,0.33,2026-08-12,grossista
938948825,MOST PEG UNGUENTO 100ML,0,104,1,0.33,2026-08-09,grossista
938957887,VIMI UP 14BUST,0,160,1,0.33,2026-08-10,grossista
938971761,TEGADERM FILM TRASP10X12CM 5PZ,0,173,3,0.99,2026-08-11,grossista
938993250,URGOCLEAN AG/SILVER 10X10 10PZ,0,22,1,0.33,2026-08-16,grossista
939014039,PROFAR TRONCHESE PELLE,4,0,2,0.66,2026-08-17,magazzino
939014041,PROFAR TRONCHESE UNGHIE,1,0,1,0.33,2026-08-15,magazzino
939016806,EUPHIDRA AMIDO CREMA CORPO,0,56,1,0.33,2026-08-13,grossista
939018230,AGIN DETERGENTE 1000ML,0,116,1,0.33,2026-08-12,grossista
939029981,NAVIBLEF INTENSIVE CARE 50ML,0,70,2,0.66,2026-08-17,grossista
939034637,MICOFF GOCCE OTOLOGICHE 10ML,0,570,1,0.33,2026-08-18,grossista
939062725,TAE X INVERSE VITILIGO SUNCARE,0,62,4,1.32,2026-08-18,grossista
939193064,MASTER-AID IDRACARE IDROGEL,0,2,2,0.66,2026-08-13,grossista
939203889,STERIPOD PROTEGGISPAZZOL 2PZ,0,138,1,0.33,2026-08-14,grossista
939218588,DRENACOMPLEX 20CPS,0,140,1,0.33,2026-08-07,grossista
939223943,CALENDULA CREMA APRILIA 60ML,0,42,1,0.33,2026-08-15,grossista
939226433,FARMABED TELO SALVA MAT 90X140,0,25,1,0.33,2026-08-16,grossista
939236093,NEXCARE CER SOFT STRISC 100X80,10,85,2,0.66,2026-08-05,magazzino
939301661,BIATAIN SIL ADES 12 5X12 5 10P,0,3,3,0.99,2026-08-07,grossista
939385771,VALDYMA FAST 30CPS,0,60,1,0.33,2026-08-17,grossista
939393171,PODIDRAL FAS CR RAGADI PIED100,0,119,1,0.33,2026-08-06,grossista
939434181,DUALSAN GAMB KKL1 NE P CH 2,3,4,1,0.33,2026-08-07,magazzino
939468753,FIBRAID POLVERE 20BUST,0,90,1,0.33,2026-08-05,grossista
939471544,BIOXTRA LIQUID SPRAY 50ML,0,162,1,0.33,2026-08-18,grossista
939478400,CLEAR BRAIN 60CPR,0,47,1,0.33,2026-08-06,grossista
939493488,ALIATOP CREMA 100ML,0,73,1,0.33,2026-08-08,grossista
939563526,MY SNACK SALATINI 70G,0,84,1,0.33,2026-08-08,grossista
939573972,OMEGALIP -R 30CPR RIVESTITE,0,28,1,0.33,2026-08-09,grossista
939585877,ESI RETIN ACTIVE 10ML,0,58,1,0.33,2026-08-05,grossista
939587376,PLURIGIN OVULI VAGINALI 10PZ,0,202,1,0.33,2026-08-17,grossista
939588570,VIDERMINA DELIGYN DET 300ML,1,0,1,0.33,2026-08-15,magazzino
939635292,MACULIFE 20CPS 24 28G,0,75,1,0.33,2026-08-06,grossista
939676843,RESVIS FORTE XR BIOFUTURA 12BU,13,593,1,0.33,2026-08-18,magazzino
939766642,TECLOSEB LOZIONE SPRAY 100ML,0,113,1,0.33,2026-08-06,grossista
939779930,CARDIORIL 14BUST,0,45,1,0.33,2026-08-07,grossista
939886216,HELAN FIOR DI TALCO ACQ IDRAT,0,12,1,0.33,2026-08-10,grossista
939926390,SINIX PLUS INTEGRATORE 30CPR,0,6,1,0.33,2026-08-08,grossista
939928317,NUTRIVA MAGNESIO CITRATO 50CPR,0,66,1,0.33,2026-08-09,grossista
939929877,RIGENOMA CREMA 100ML,0,148,1,0.33,2026-08-09,grossista
939985471,FLORETRIX 50MLD 10BUST,0,55,1,0.33,2026-08-10,grossista
939989733,SEDIREM GOCCE 30ML,0,13,1,0.33,2026-08-07,grossista
940098623,MYCLI LIFTABLE EXOSERUM 30ML,6,0,5,1.65,2026-08-11,magazzino
940144215,NAUSELASE GOCCE 20ML,8,116,2,0.66,2026-08-12,magazzino
940161161,RIPARO VOCE ERISIMO 20CPR,0,79,1,0.33,2026-08-08,grossista
940226323,SUPRADYN DIFESE 15CPR EFFERV,0,194,1,0.33,2026-08-11,grossista
940275035,NEOVADIOL LONGEVITY REV CR RIC,3,0,1,0.33,2026-08-10,magazzino
940276734,LONGLIFE CENTELLA 20% 60CPS,0,107,1,0.33,2026-08-07,grossista
940324650,CHELARMET PLUS 150CPR,0,1,1,0.33,2026-08-12,grossista
940386434,LONGLIFE SAMBUCO FORTE 60CPS,0,12,1,0.33,2026-08-13,grossista
940424765,DICOFLOR COMPLEX 12FL 10ML,0,482,1,0.33,2026-08-09,grossista
940481866,PUNTUALE 6MICROCLISMI 10G,0,27,1,0.33,2026-08-14,grossista
940489507,DENTIFRICIO MULTIACTION MASTIH,0,5,1,0.33,2026-08-13,grossista
940533262,FITOLADY 50CPS VEGETALI,0,75,1,0.33,2026-08-14,grossista
940536675,LESSTAT FORTE 30CPR,0,15,1,0.33,2026-08-15,grossista
940562933,DERMAFRESH 24H P/SENS LAT100ML,0,454,1,0.33,2026-08-18,grossista
940694971,GOLDEN DREAMS 60TAV,0,78,1,0.33,2026-08-16,grossista
940742911,DERMOVITAMINA RAGADI NA/LA VAS,0,136,1,0.33,2026-08-15,grossista
940884721,BIOLIFTAN CONCENTRATE 14ML,0,3,1,0.33,2026-08-17,grossista
941078267,CISTEXX SHEDIR 14CPS,0,169,1,0.33,2026-08-18,grossista
941113300,VENAPLUS 30CPR,0,99,1,0.33,2026-08-16,grossista
941159232,PERFORMIND 15CPR,0,5,1,0.33,2026-08-05,grossista
941166365,NOVA MGKB 30BUST,0,142,1,0.33,2026-08-06,grossista
941435962,SEPARATORE DOPPIO ANELLO 3/4/5,0,43,2,0.66,2026-08-17,grossista
941554507,GEL RIFLESSANTE CAFFE' CAST SC,0,37,1,0.33,2026-08-07,grossista
941577912,ENOXOFTAL SOLUZIONE OFTALMICA,0,140,1,0.33,2026-08-08,grossista
941617538,ACCU-FINE AGO G31 8MM 100PZ,0,111,1,0.33,2026-08-13,grossista
941632008,LACTICHOC 20CPS,0,333,1,0.33,2026-08-08,grossista
941693691,VITACALM TUTTA NOTTE F/R 30CPR,0,111,1,0.33,2026-08-18,grossista
941802290,TAUMAG FORTE 60CPS,0,18,1,0.33,2026-08-09,grossista
941824688,CELL INTEGRITY AGE 40CPR,0,103,3,0.99,2026-08-09,grossista
941836773,UROGERMIN PROSTATA 15SOFTGEL,0,590,2,0.66,2026-08-10,grossista
941839995,ACARICIDA PET SCHIUMA 150ML,0,20,1,0.33,2026-08-07,grossista
941872158,FAMIGLIA B 100TAV,0,1,1,0.33,2026-08-11,grossista
941986996,NEOBOROCILLINA GOLA J COLA 15P,0,199,1,0.33,2026-08-18,grossista
941988558,DHA RICHOIL SCIR 25% MANDORLA,0,1,2,0.66,2026-08-12,grossista
941991010,FLOGOREST 10CPS,0,49,1,0.33,2026-08-06,grossista
941992808,TUSSEVAL TOSSE PLUS 24CPR,0,131,1,0.33,2026-08-13,grossista
942002686,GEL RIFLESSANTE HENNE' ROSSO H,0,7,1,0.33,2026-08-14,grossista
942007663,PRONTEX PHYSIO ISOTON 5ML 20F,0,128,2,0.66,2026-08-05,grossista
942062148,ESPERSOL OTO GOCCE 20ML,0,186,1,0.33,2026-08-08,grossista
942120332,LONGLIFE ARTIGLIO DIAV2% 60CPS,0,58,1,0.33,2026-08-11,grossista
942138886,DICODRAL LIQUIDO 4X200ML,0,873,1,0.33,2026-08-06,grossista
942210168,PICNOVEN DREN 50CPR,0,119,1,0.33,2026-08-15,grossista
942260326,EUPHIDRA AMIDO INTIMO GEL,0,72,2,0.66,2026-08-06,grossista
942260338,EUPH COLORPRO XD610 BION S,0,74,1,0.33,2026-08-16,grossista
942263599,CRACKDOL OIL MASSAGE 200ML,0,18,1,0.33,2026-08-07,grossista
942264957,KERAMINE H BALSAMO EXPRESS,0,4,1,0.33,2026-08-17,grossista
942283336,BAMAK PLUS 18BUST,0,136,1,0.33,2026-08-18,grossista
942296536,MICONICON PHARCOS 4ML,0,107,1,0.33,2026-08-05,grossista
942311972,MULTIPET COMBO CANI/GATTI30CPR,0,17,1,0.33,2026-08-06,grossista
942314283,DICOSON GOCCE 25ML,0,333,1,0.33,2026-08-12,grossista
942316466,LIDERM BARRIERA CREMA 50ML,0,1,1,0.33,2026-08-07,grossista
942502004,NOKSAN CREMA PIEDI DEODORANTE,0,5,1,0.33,2026-08-08,grossista
942602640,MGK VIS ORANGE ZERO ZUCC15BUST,0,242,7,2.31,2026-08-18,grossista
942607577,DECONFLOG 20CPR,4,128,1,0.33,2026-08-09,magazzino
942607639,CALCOLFREE 30BUST,0,37,1,0.33,2026-08-09,grossista
942609330,SIMOPLIR REGOLA POLVERE 14BUST,0,189,1,0.33,2026-08-10,grossista
942679770,OXIFOLIC 160CPR,0,4,1,0.33,2026-08-18,grossista
942687880,ARNICA SALBE CREMA 50G,0,11,1,0.33,2026-08-10,grossista
942732583,VITIALGIN 1030MG 60PRL,0,48,1,0.33,2026-08-10,grossista
942735832,VIA LATTEA 20CPR,0,44,1,0.33,2026-08-11,grossista
942819448,BIOSCALIN SH ANTIFORF NORM-GRA,0,113,2,0.66,2026-08-08,grossista
942819463,PHYTODEPURA FORTE 30BUST CONC,0,112,1,0.33,2026-08-12,grossista
942844224,ARMORES NATURA 10 GIORNI DETOX,0,34,1,0.33,2026-08-15,grossista
942844527,VISUXL SOLUZIONE OFT 20MONOD,0,164,2,0.66,2026-08-18,grossista
942845532,DIOSMIR 1000 16 BUST,0,67,1,0.33,2026-08-13,grossista
942845595,LIVEDREN CREMA 40ML,0,8,2,0.66,2026-08-14,grossista
942848957,DRENAXIL 500ML,0,116,1,0.33,2026-08-05,grossista
942853286,NUTRISPRINT MAGNESIO 156G,0,3,1,0.33,2026-08-15,grossista
942860038,STAR OF BETHL ORIG 20ML,0,23,1,0.33,2026-08-17,grossista
942868504,HYLO FRESH COLLIRIO 10ML,0,75,1,0.33,2026-08-16,grossista
942891286,NUTRIREGULAR VEN CREMA 100ML,0,7,1,0.33,2026-08-17,grossista
942891312,NUTRIREGULAR VEN 30CPR,0,52,1,0.33,2026-08-18,grossista
942895020,LONGLIFE E SELENIUM 45TAV,0,6,1,0.33,2026-08-08,grossista
942937982,EUPH BALS IDR AMMORB 200ML,0,21,1,0.33,2026-08-05,grossista
942943097,MASSIGEN DOCCIAGEL TONIF,0,8,1,0.33,2026-08-09,grossista
942943123,TUSSEVAL GOLA ADULTI 24CPR MAS,0,51,1,0.33,2026-08-06,grossista
942943933,ENTERO MIRTO 10BUST,0,64,1,0.33,2026-08-07,grossista
942975487,CARDIORIL MYO 30CPR,0,71,1,0.33,2026-08-08,grossista
943065995,DREAGIN PLUS OVULI VAGINALI10P,0,124,5,1.65,2026-08-16,grossista
943101067,LARIMUCIL TOSSE GOLA 12BUST,0,304,1,0.33,2026-08-09,grossista
943186294,TRIO DIGERACID 24CPR,0,30,2,0.66,2026-08-10,grossista
943187512,FLUORX GTT 15ML,0,1,1,0.33,2026-08-11,grossista
943201754,INTESTINAL RESET 30CPS,0,20,2,0.66,2026-08-12,grossista
943247965,ORPHEA FOGLIETTI LAVANDA DISPL,0,18,1,0.33,2026-08-10,grossista
943257713,NOVA ENERGY+ 24BUST,0,33,1,0.33,2026-08-11,grossista
943294746,TENDISULFUR RUN 14BUST,0,41,3,0.99,2026-08-12,grossista
943315299,SELAN OLEUM 250ML,0,83,2,0.66,2026-08-13,grossista
943347118,GERMISDIN IGIENE CORPO 500ML,0,43,1,0.33,2026-08-14,grossista
943360166,NEOXENE AB 300 LAVANDA VAG 5FL,0,385,1,0.33,2026-08-05,grossista
943372843,PRINCIPIUM B12 1000 60CPR SUBL,0,873,7,2.31,2026-08-10,grossista
943384887,MULTINUTRIENT 30TAV,0,307,1,0.33,2026-08-15,grossista
943469926,VEA TOPICOVIT 10ML,0,31,1,0.33,2026-08-16,grossista
943513679,ROSACURE INTENSIVE TEINT CLAIR,0,29,1,0.33,2026-08-17,grossista
943778276,ANDROPROST 60CPS,0,33,1,0.33,2026-08-18,grossista
943779001,ASTAR 3D 20CPS MOLLI,0,110,8,2.64,2026-08-07,grossista
943795726,MECLON IDRA EMULGEL 7MONOD 5ML,11,260,1,0.33,2026-08-13,magazzino
943796110,LUXFLUIRES SPRAY NASALE 20ML,0,263,1,0.33,2026-08-12,grossista
943796197,MAGNESIO B6 NUIT 60CPS,0,13,1,0.33,2026-08-05,grossista
943798759,LENURAMIL GOCCE OCULARI 20F,0,86,1,0.33,2026-08-06,grossista
943816645,NOKSAN SPUGNA BIFACCIALE,0,99,2,0.66,2026-08-14,grossista
943880649,SINFLOGO ORO 30BUST OROSOL,0,99,5,1.65,2026-08-07,grossista
943921914,VOGLIA SOLE CREMA SOL SPF50+,0,15,1,0.33,2026-08-15,grossista
943992774,BIOKAP NUTRIC DEL RAP 5 15 CAS,0,36,1,0.33,2026-08-08,grossista
943992800,BIOKAP NUTRIC DEL RAP 6 30 BIO,0,21,2,0.66,2026-08-10,grossista
944010255,DONG QUAI 100CPS VEG,0,16,1,0.33,2026-08-09,grossista
944020801,DOLOMY CREMA 75ML,0,36,1,0.33,2026-08-10,grossista
944100445,TAU MARIN DENT GEL BB 2-6A50ML,9,7,1,0.33,2026-08-08,magazzino
944111222,MIRAFERRUM 20BUST,0,217,2,0.66,2026-08-06,grossista
944131162,RIBES PET ULTRA CANE GEL 30BUS,0,170,5,1.65,2026-08-11,grossista
944149879,LONGLIFE VITAMIN K 100CPR,0,177,2,0.66,2026-08-11,grossista
944162357,NOVA SANIGEL ACTIVE MANI 400ML,497,0,1,0.33,2026-08-16,magazzino
944181989,VITACALM PROPOSITIV 30CPR,0,212,2,0.66,2026-08-17,grossista
944268566,KURAFLU SPRAY ARIA PURA NO GAS,0,3,2,0.66,2026-08-12,grossista
944290093,LONGLIFE L-LYSINE 500MG 60TAV,0,147,1,0.33,2026-08-13,grossista
944313081,DERMOLIVO DETERGENTE OLIO150ML,0,101,1,0.33,2026-08-07,grossista
944435104,MITOFAST 30STICK OROSOLUBILI,0,74,1,0.33,2026-08-14,grossista
944435130,UREADIN CR MANOS PROTECT 50ML,0,64,1,0.33,2026-08-15,grossista
944473774,LONGLIFE LATTOFERRINA200 30CPS,0,84,2,0.66,2026-08-18,grossista
944596598,SAVEL LATTE BIOS 200ML,0,157,1,0.33,2026-08-15,grossista
944625983,EXOCOMPLEX ANTIAGE 30CPS,0,57,1,0.33,2026-08-05,grossista
944633611,LONGLIFE OLIO ORIGANO BIO60PRL,0,107,1,0.33,2026-08-08,grossista
944651165,GLUCERNA ADVANCE 1 6 VAN 220ML,0,104,1,0.33,2026-08-12,grossista
944702125,BABYGELLA PREBIOTIC PASTA100ML,0,40,2,0.66,2026-08-12,grossista
944725922,BIOGEL 100 10FL,0,51,1,0.33,2026-08-05,grossista
944775713,LONGLIFE ACEROLA C100 FRUT BOS,0,22,1,0.33,2026-08-05,grossista
944778101,ROUGJ SOLARE SPF15 100ML,5,0,6,1.98,2026-08-15,magazzino
944779242,VITI COLESTEROLO 90PRL,0,13,1,0.33,2026-08-16,grossista
944800984,LONGLIFE QUERCETINA 200 60CPR,0,107,2,0.66,2026-08-12,grossista
944828666,CARE FOR YOU GOCCE OCULARI15ML,0,38,1,0.33,2026-08-18,grossista
944886353,QZU 30CPR,0,53,1,0.33,2026-08-17,grossista
944889068,PROGENY PET 60BUST,0,146,1,0.33,2026-08-06,grossista
944908868,ANURC COMPLEX 30STICK,0,11,1,0.33,2026-08-06,grossista
944909199,AGENO GEL INTIMO 100ML,0,30,1,0.33,2026-08-18,grossista
944936412,CUTEBIO 30CPR GASTRORESISTENTI,0,128,2,0.66,2026-08-05,grossista
944944469,BIOLIVOIL BODYWASH 300ML,0,16,1,0.33,2026-08-06,grossista
944957378,FLODERM IDRATANTE 200ML,0,12,1,0.33,2026-08-16,grossista
944959257,PRINCIPIUM COMPLESSO B FT24CPS,0,75,1,0.33,2026-08-07,grossista
944959271,PRINCIPIUM AC IALUR SKIN 60CPR,0,2,1,0.33,2026-08-11,grossista
945015143,CALEMA NIGHT 30CPS MOLLI,0,149,2,0.66,2026-08-12,grossista
945026615,PROMENSIL ADVANCE 30CPR,0,127,1,0.33,2026-08-10,grossista
945030702,VITICIST MIRTILLO S/FRUTTOSIO,0,488,1,0.33,2026-08-14,grossista
945032175,LONGLIFE MAGNESIUM 375 RELAX,0,12,1,0.33,2026-08-07,grossista
945097994,PEACIST LACTO 20CPR,0,242,1,0.33,2026-08-08,grossista
945100598,CICAWUND SPRAY 125ML,0,140,1,0.33,2026-08-09,grossista
945119055,PULMOGUNA 30CPS,0,19,1,0.33,2026-08-10,grossista
945122632,PROBIOGINECK 20CPS VEG DEGLUT,0,130,1,0.33,2026-08-06,grossista
945140174,EUPH COLORPRO XD 907 BIOND,4,63,2,0.66,2026-08-08,magazzino
945185724,SOLO TIRALATTE ELETTRICO SINGO,0,17,2,0.66,2026-08-16,grossista
945205298,NEVRALIP 600 RETARD 30CPR,0,161,1,0.33,2026-08-09,grossista
947022051,OSTEO SUPPLEMENT 120TAV,0,213,1,0.33,2026-08-11,grossista
947022226,ANTAGON 30 CREMA 50ML,0,23,1,0.33,2026-08-16,grossista
947070975,LONGLIFE COLLAGEN 5000 POWDER,0,191,2,0.66,2026-08-11,grossista
947071015,LONGLIFE SKIN FACTORS 60TAV,0,38,1,0.33,2026-08-10,grossista
947073019,AVEC 30CPR MASTICABILI,0,180,2,0.66,2026-08-06,grossista
947073920,RILASTIL SUN SYS WT COL SPF50+,0,99,2,0.66,2026-08-12,grossista
947075798,ACNHYDRAL MICROPEEL 200ML,0,16,1,0.33,2026-08-13,grossista
947101224,DIFENSIL FLU SPRAY NASO 30ML,0,214,1,0.33,2026-08-14,grossista
947105969,LONGLIFE LIPO ACTIVATOR P60TAV,0,37,2,0.66,2026-08-12,grossista
947134197,PEAPROSTIL NEX 30CPR TRISTRATO,0,546,2,0.66,2026-08-13,grossista
947138107,MONOI TIKI FONDOTINTA COMPATTO,0,10,1,0.33,2026-08-10,grossista
947153971,BALNEUM BASIS OLIO BAGNO 500ML,0,10,1,0.33,2026-08-14,grossista
947224984,ARNICA VITI 90% 100ML,12,741,34,11.20,2026-08-11,magazzino
947225393,LONGLIFE KLAMATH BIO 60CPS VEG,0,5,1,0.33,2026-08-12,grossista
947226611,VALERIANA 100CPS VEGETALI,0,45,2,0.66,2026-08-13,grossista
947236865,ARTIGLIO DEL DIAVOLO CREMA,12,317,1,0.33,2026-08-13,magazzino
947242537,FISIOREVE TENS 12BUST,0,74,1,0.33,2026-08-15,grossista
947246652,ZENASINIL SPRAY 50ML,0,214,1,0.33,2026-08-16,grossista
947246688,ZOLYC BAMBINI 150ML,0,210,1,0.33,2026-08-17,grossista
947256285,BIOCORTENA CREMA PELLI SENS,0,170,1,0.33,2026-08-18,grossista
947260497,OLIGO ZIN PLUS 50TAV,0,115,1,0.33,2026-08-14,grossista
947260535,VITFORMULA ACEROLA 30STICK,0,542,1,0.33,2026-08-14,grossista
947267668,XD3 PLUS 30CPS SOFTGEL,0,602,1,0.33,2026-08-11,grossista
947322032,OSMIN TOPIC PROLABIAL 15ML,0,20,1,0.33,2026-08-05,grossista
947322069,INOSIT U20 150ML,0,264,1,0.33,2026-08-06,grossista
947330700,MELASIN NATURAL SONNO 1MG 30GO,0,27,2,0.66,2026-08-08,grossista
947333353,LONGLIFE PROSTA-10 30PRL,0,103,1,0.33,2026-08-05,grossista
947356301,TRICOVEL PROTEZIONE ULTRA SPR,0,24,1,0.33,2026-08-15,grossista
947381176,GOLDEN BETA-GLUCANI 60TAV,0,10,4,1.32,2026-08-16,grossista
947426084,IARINEB SOLUZIONE 100ML,0,13,1,0.33,2026-08-07,grossista
947428064,IAP PHARMA 32+ EDP D 150ML,3,0,1,0.33,2026-08-16,magazzino
947455958,BIOVIT 3 MULTI GOCCE 30ML,0,296,1,0.33,2026-08-09,grossista
947466660,EPIDERSAN MOUSSE 150ML,0,31,1,0.33,2026-08-14,grossista
947499354,CISTIDEP JUNIOR SOL ORALE150ML,0,76,1,0.33,2026-08-06,grossista
948006541,SIBEN FLU 14BUST,8,379,6,1.98,2026-08-17,magazzino
948011818,NATURAL OCEANIC BETACARO 60PRL,0,93,1,0.33,2026-08-08,grossista
948088935,SAUGELLA POLIGYN SALV 15PZ,3,295,5,1.65,2026-08-18,magazzino
948169774,GYNO-CANESFLORA 30CPS OS,0,29,1,0.33,2026-08-09,grossista
949477451,ARMOLIPID DONNA 50+ 30CPS,7,325,5,1.65,2026-08-07,magazzino
949500692,TOTAL DEP 500ML,0,114,3,0.99,2026-08-15,grossista
949503395,BRAINSTRESS PLUS 30CPR,0,19,2,0.66,2026-08-12,grossista
949645333,VITI INTIMO QUOTIDIANO ALOE,24,30,2,0.66,2026-08-18,magazzino
949705406,IMMUNO ESTER-C PLUS 60PRL,0,276,1,0.33,2026-08-10,grossista
949733822,FERTYSOD UOMO 30CPS,0,180,2,0.66,2026-08-09,grossista
949893150,CELLPLUS BOOSTER ANTICELLUL,0,36,1,0.33,2026-08-13,grossista
949924118,LONGLIFE A BASIC 60TAV RIVEST,0,66,1,0.33,2026-08-16,grossista
949925147,MONALIP 30CPS,0,39,2,0.66,2026-08-11,grossista
949925162,MONALIP COMBI 20CPS A+20CPS B,0,107,1,0.33,2026-08-12,grossista
949966927,FOTOULTRA100 SOLAR ALLERGY 50+,0,124,1,0.33,2026-08-13,grossista
949970697,DR VITI COLLAGENE CR CRP 200ML,0,28,1,0.33,2026-08-05,grossista
949976866,PRONTEX SOFT PAD MEDIC 10X8,0,107,1,0.33,2026-08-06,grossista
950026260,KLORANE BALSAMO FORTIF CHININA,3,56,3,0.99,2026-08-11,magazzino
950027449,BROMELINA COLLOIDALE PLUS100ML,0,13,1,0.33,2026-08-18,grossista
950038493,DERMOVITAMINA RAGADI PIEDE75ML,0,145,2,0.66,2026-08-18,grossista
950041741,RINOFLUX WASH SIRINGHE LAV NAS,0,618,1,0.33,2026-08-05,grossista
950055436,CH CUCCHIAIO ANGOL 8M+ AZZ,0,4,1,0.33,2026-08-07,grossista
950055487,CH TAZZA TRANSITION AZZ 4M+,0,41,1,0.33,2026-08-09,grossista
950059788,TIAL D DETERGENTE 250ML,0,184,1,0.33,2026-08-08,grossista
950060689,ADIPOL 30BUST,0,45,1,0.33,2026-08-09,grossista
950063661,ANTIOSSIDANTE SUPREMO 60PAST,0,10,8,2.64,2026-08-15,grossista
950084424,OMNIVEN PROCTO 40G,0,13,1,0.33,2026-08-14,grossista
950088486,DOLOMIA MU OMBRETTO82 CHALET,1,0,1,0.33,2026-08-17,magazzino
950088498,DOLOMIA MU OMBRETTO83 BOTANIC,3,0,1,0.33,2026-08-12,magazzino
950088575,DOLOMIA SC BF REF BURRO 170ML,4,0,1,0.33,2026-08-07,magazzino
950088601,DOLOMIA MU OSE 25 BLUSH01 COR,3,0,13,4.28,2026-08-10,magazzino
950101737,LARIBEN 30STICK,0,116,1,0.33,2026-08-07,grossista
950150577,BIOSCALIN MENOPAUSA SH RI200ML,0,310,1,0.33,2026-08-17,grossista
950211680,KEYLIFE KPRO BAR BANANA SPL45G,20,0,1,0.33,2026-08-08,magazzino
950216414,MECLON INTIMA QUOTIDIANO DET,12,156,3,0.99,2026-08-11,magazzino
950221135,BONAMI' PASTICCIOTTO CR NOCC,5,22,1,0.33,2026-08-12,magazzino
950223040,ALOVEX AFTE E MUCOSITI 20BUST,3,118,1,0.33,2026-08-08,magazzino
950247991,SINERCI VITAMINA C SINER 2VASI,6,58,4,1.32,2026-08-17,magazzino
950266041,ESI BIOCOLLAGENIX 15AMP,15,20,8,2.64,2026-08-06,magazzino
950302784,CH GIOCO BAMB MFD PICC CUORI,0,4,1,0.33,2026-08-16,grossista
950304511,PAPERMINTS 60 COOL CAPS,20,0,1,0.33,2026-08-13,magazzino
950404398,ESI ERBAVEN FRESH GEL 100ML,0,32,1,0.33,2026-08-08,grossista
950407041,MARGUTTA ORECCHINO IULIA ARG,4,0,1,0.33,2026-08-16,magazzino
950407460,MOONILA BRACCIALE ORO ORIONE,3,0,1,0.33,2026-08-17,magazzino
950407534,MOONILA COLLANA ARGENTO PSYCHE,4,0,1,0.33,2026-08-13,magazzino
950425708,PIC GOCCE OCULARI OCCHIO STANC,4,45,2,0.66,2026-08-05,magazzino
950457224,ID COMFY PANTS NIGHT24-47 S14P,0,100,1,0.33,2026-08-07,grossista
950457820,BILANCIA BABY DIGITAL MEDIFIT,0,22,1,0.33,2026-08-14,grossista
950612352,GHIACCIO SPR 400ML SOFARMAPIU',0,5,1,0.33,2026-08-15,grossista
950613442,MYVARIATIONS SPAZZ ELET SON NE,3,3,1,0.33,2026-08-18,magazzino
950831711,ORALB ADVANCED PROT GENG 75ML,6,76,2,0.66,2026-08-05,magazzino
950831750,ORALB PRO-SENSITIVE ADVANCE,12,55,1,0.33,2026-08-13,magazzino
950841712,CRIOCUT EMULSIONE 30ML,0,122,1,0.33,2026-08-15,grossista
950911560,ELIXIR MENOPAUSA 30CPR,0,80,1,0.33,2026-08-06,grossista
950915114,DOLOMIA MU FONDOT SIERO 91,3,0,11,3.62,2026-08-16,magazzino
950915227,DOLOMIA MU OSI JELLY LIP OIL02,5,0,1,0.33,2026-08-09,magazzino
950915239,DOLOMIA MU OSI JELLY LIP OIL03,5,0,1,0.33,2026-08-09,magazzino
950915241,DOLOMIA MU OSI JELLY LIP OIL04,4,0,1,0.33,2026-08-16,magazzino
950915292,DOLOMIA SC PD+ BRUMA SPR 100ML,4,0,7,2.31,2026-08-17,magazzino
950928717,HERPES OIL OLIO SANT'ANTONIO,0,11,4,1.32,2026-08-17,grossista
950939088,CHROMACTIVE CREMA 75ML,0,44,1,0.33,2026-08-16,grossista
950965297,ZINCO RAME OLIMENTOVIS 200ML,0,19,1,0.33,2026-08-10,grossista
950966198,URGO UNGHIE FRAGILI 2ML,0,14,1,0.33,2026-08-18,grossista
950984878,ESI FERROLIN C 30NATURCAPS,0,102,1,0.33,2026-08-14,grossista
951033176,FLAVIS PIZZA BASE 2X170G,0,113,1,0.33,2026-08-07,grossista
951043494,HYALU B5 CREMA RICARICA 50ML,3,81,3,0.99,2026-08-05,magazzino
951059029,VIDERMINA CLX DET 500ML NF SP,0,25,1,0.33,2026-08-13,grossista
951139385,POLIDENT LUNGA TENUTA 2X70G,69,0,21,6.92,2026-08-06,magazzino
951189644,PERIOAID PROTECT GEL CLX+IALUR,6,156,4,1.32,2026-08-07,magazzino
951273022,SUSTENIUM PLUS 60GOMM,5,134,2,0.66,2026-08-10,magazzino
951306240,PSIPROTO FERT 30BUST,0,158,1,0.33,2026-08-10,grossista
951318536,DOLOMIA MU BOX 6 NATALE 2025,4,0,1,0.33,2026-08-08,magazzino
951318841,LFP PRO MOUSSE DETERGENTE 50ML,40,0,3,0.99,2026-08-07,magazzino
951318930,LFP SOL SPRAY CORPO 30 200ML,21,0,3,0.99,2026-08-11,magazzino
951318942,LFP SOL SPRAY CORPO 50 200ML,14,0,1,0.33,2026-08-10,magazzino
951318967,LFP SOL SPRAY INVISIBILE SPF50,13,0,1,0.33,2026-08-15,magazzino
951364482,MISTICK STRONG PROTECTION 75ML,22,0,5,1.65,2026-08-08,magazzino
951377516,BAKEL LIP TREATMENT BALM 15ML,1,0,3,0.99,2026-08-09,magazzino
951378215,BAKEL THE ONE CREAM 15ML,2,0,3,0.99,2026-08-11,magazzino
951378254,BAKEL AGE LESS CR HYDR CAS&REF,1,0,2,0.66,2026-08-17,magazzino
951381449,CERAVE FLUIDO PROT SOL OIL50+,10,44,1,0.33,2026-08-06,magazzino
951553484,ENRICO COVERI CONT GIRL VL EDP,5,0,1,0.33,2026-08-08,magazzino
951882760,KELUAL DS INTENSIVE SPRAY100ML,12,36,7,2.31,2026-08-13,magazzino
952001182,SAUBER DEO 72H SENSITIVE SPRAY,52,0,1,0.33,2026-08-08,magazzino
952003681,DOLOMIA SC PD+ SIERO ILL 30ML,3,0,2,0.66,2026-08-17,magazzino
952052114,NOVA ENTERO 4MILIARDI 10FL,36,44,2,0.66,2026-08-05,magazzino
952114318,JADE PATCH OCCHI RINF 10PAIA,5,0,2,0.66,2026-08-09,magazzino
970154643,MODASANA 140 AD PU/A NATURE 3,0,29,1,0.33,2026-08-09,grossista
970154668,MODASANA 140 AD PU/A NATURE 5,0,8,1,0.33,2026-08-18,grossista
970154706,MODASANA 140 AGH PU/A NATURE 4,0,15,1,0.33,2026-08-10,grossista
970176323,WIQO NOURISHING CREAM NC SKIN,0,3,1,0.33,2026-08-10,grossista
970201986,TEA TREE POMATA 100ML,0,189,1,0.33,2026-08-11,grossista
970231991,EOS BOSWELLIA PH S 30CPR,0,56,1,0.33,2026-08-06,grossista
970257376,DERMABLEND 3D 15 30ML,7,5,1,0.33,2026-08-11,magazzino
970257388,DERMABLEND 3D 25 30ML,0,168,1,0.33,2026-08-07,grossista
970257402,DERMABLEND 3D 45 30ML,2,32,2,0.66,2026-08-05,magazzino
970278394,KINESIOTAPING M5X5CM BEIGE,0,89,1,0.33,2026-08-17,grossista
970278406,KINESIOTAPING M5X5CM BLU,0,124,1,0.33,2026-08-18,grossista
970336398,PEPTIVET OTO GEL 25ML,0,123,2,0.66,2026-08-07,grossista
970336400,SUNNERSKIN 40ML,0,65,2,0.66,2026-08-12,grossista
970336855,ABIORAL 24CPR,0,50,1,0.33,2026-08-11,grossista
970337438,REV RESOLVE KIT,0,38,2,0.66,2026-08-05,grossista
970358180,VITA D DETERGENTE INTIMO DEL,0,18,1,0.33,2026-08-06,grossista
970370413,HYPERMIX SPRAY 30ML,0,148,1,0.33,2026-08-12,grossista
970371187,LADYGLORIA 24 AREG PU/A DAI 3,0,4,1,0.33,2026-08-07,grossista
970375945,EPATOSTAR FORTE 20CPR RIVEST,0,156,1,0.33,2026-08-12,grossista
970378574,THERAMICOTIC SPRAY 200ML,0,113,1,0.33,2026-08-08,grossista
970406613,POLICALM SHOWER GEL 300ML CE,0,206,1,0.33,2026-08-17,grossista
970428708,BIOPUR MAMMA DHA 30CPR,0,69,1,0.33,2026-08-09,grossista
970428948,CALENDULA ESTRATTO INTEGRALE,0,16,1,0.33,2026-08-10,grossista
970429724,DEFENCE COLOR MAT OCCHI K&K109,0,11,1,0.33,2026-08-11,grossista
970434852,CLIAVIT D3 GOCCE,3,202,2,0.66,2026-08-11,magazzino
970445185,SAUBER ANTITRASP 72ORE ROLL-ON,6,0,1,0.33,2026-08-13,magazzino
970447850,ECOSDOL 30CPR,0,28,1,0.33,2026-08-13,grossista
970448724,ERISIMO ESTRATTO INTEGR 200ML,0,32,1,0.33,2026-08-12,grossista
970448813,CRESCIONE ESTRATTO INTEGR200ML,0,6,1,0.33,2026-08-13,grossista
970448825,BORSA PAS ESTR INTEGR 200ML,0,18,1,0.33,2026-08-14,grossista
970449334,TENA WASH MOUSSE 400ML,0,116,1,0.33,2026-08-14,grossista
970451124,OCTILIA LACRIMA 10ML,0,302,1,0.33,2026-08-15,grossista
970489858,FLOCARE SOND NASOG PUR CH12 1,0,102,1,0.33,2026-08-15,grossista
970489860,FLOCARE SOND NASOG PUR CH14 1,0,7,1,0.33,2026-08-16,grossista
970489908,FLOCARE G-TUBE SONDA ENT CH20,0,2,2,0.66,2026-08-08,grossista
970495521,TARASSACO ESTRATTO INTEGR200ML,0,52,2,0.66,2026-08-09,grossista
970501678,BETOSILE 50 CREMA 75ML,0,9,1,0.33,2026-08-17,grossista
970508964,ESI PROPOLAID SPR GOLA MIELE,22,89,1,0.33,2026-08-06,magazzino
970517975,COLON REGULAR 50 GRANI,0,14,1,0.33,2026-08-18,grossista
970524916,CLINDERM MAMMA 50CPS,0,23,1,0.33,2026-08-05,grossista
970526784,ADIPECAL 45+ 30CPR,0,15,1,0.33,2026-08-14,grossista
970538791,PASSIFLORA ESTR INTEGRALE200ML,0,41,1,0.33,2026-08-06,grossista
970540365,BIONIKE SHINE ON SHAMPOO RISTR,0,84,4,1.32,2026-08-14,grossista
970540910,ORTICA ESTRATTO INTEGRALE200ML,0,28,2,0.66,2026-08-13,grossista
970684700,SINCRONASE 20CPR,0,100,1,0.33,2026-08-07,grossista
970701684,COLLAGEN DRINK VANIGLIA 295G,0,104,1,0.33,2026-08-08,grossista
970701696,COLLAGEN DRINK LIMONE 295G,0,196,1,0.33,2026-08-15,grossista
970706812,GEHWOL PEDILUVIO RINFRESCANTE,0,129,1,0.33,2026-08-09,grossista
970777532,LUPPOLO ESTR INTEGRALE 200ML,0,26,1,0.33,2026-08-16,grossista
970778546,KERACNYL SIERO 30ML DUCRAY,0,298,2,0.66,2026-08-10,grossista
970800393,EIE BRONCALL GTT 30ML,0,29,1,0.33,2026-08-10,grossista
970869525,PROMASE 60CPR 950MG,0,63,1,0.33,2026-08-09,grossista
970970947,BARIESUN BALS DOPOSOLE 500ML,0,349,5,1.65,2026-08-16,grossista
970973475,IAP PHARMA 13 DONNA 150ML,5,0,1,0.33,2026-08-05,magazzino
970988097,MICROPORE CER SIL 2 5X500CM,0,528,1,0.33,2026-08-11,grossista
970991168,BARDANA ESTRATTO INTEGR 200ML,0,9,2,0.66,2026-08-17,grossista
970994962,CURASEPT BIOSMALTO COLLUT SENS,4,747,1,0.33,2026-08-09,magazzino
971047814,HAIRGEN SHAMPOO 200ML,0,572,1,0.33,2026-08-12,grossista
971047826,HAIRGEN SPRAY ANTICADUTA 125ML,0,94,3,0.99,2026-08-10,grossista
971055468,EAU THERMALE LAIT CORPO 500ML,0,114,1,0.33,2026-08-07,grossista
971057094,KALEVIS-K 20BUST,0,370,2,0.66,2026-08-17,grossista
971058060,QUINOA MIX BIO 400G,0,16,1,0.33,2026-08-13,grossista
971058134,SEMI DI SESAMO BIO 400G,0,9,1,0.33,2026-08-14,grossista
971064783,TRIAMAG B6 36CPR,0,175,2,0.66,2026-08-18,grossista
971068628,MOM BIPACK TERAPIA 250ML+100G,18,0,1,0.33,2026-08-16,magazzino
971068871,OMEGOR KIDS 60CPS MASTICABILI,0,136,1,0.33,2026-08-15,grossista
971088582,QUINOA REAL 400G,0,21,2,0.66,2026-08-18,grossista
971090434,Q-ON STIMOLATORE MAGNETICO,0,10,1,0.33,2026-08-05,grossista
971092236,LIVE VITAMINS 30CPS,0,60,1,0.33,2026-08-08,grossista
971096452,COMFEEL PLUS 20X20 5PZ,0,4,1,0.33,2026-08-06,grossista
971096488,COMFEEL PLUS TRASP 5X7 10PZ,0,106,1,0.33,2026-08-15,grossista
971117914,ESI FERMENTAL MAX 20NATURCAPS,0,36,1,0.33,2026-08-13,grossista
971120264,ALTEA ESTRATTO INTEGRALE 200ML,0,36,2,0.66,2026-08-16,grossista
971120302,GENZIANA ESTRATTO INTEGR 200ML,0,12,1,0.33,2026-08-06,grossista
971169382,SAUBER COL 70 LIS N BEIG 5,0,11,1,0.33,2026-08-16,grossista
971169976,SAUBER COL 140 LIS NE 3,6,28,1,0.33,2026-08-07,magazzino
971170600,HYDRABIO CREME 50ML,0,97,6,1.98,2026-08-17,grossista
971173455,FITOSTIMOLINE SPRAY 75ML,9,354,1,0.33,2026-08-15,magazzino
971193697,MERIDOL PARODONT EXPERT SPAZZ,15,210,1,0.33,2026-08-05,magazzino
971196959,AGAR-AGAR POLVERE 100G,0,18,1,0.33,2026-08-08,grossista
971197191,FINOCCHIO ESTRATTO TIT 60PAST,0,10,1,0.33,2026-08-16,grossista
971223767,ARNICA 100'S GEL EX FT RAFF500,0,15,1,0.33,2026-08-17,grossista
971251160,KAMILA GAMB BAS NEW 70D VIS 5,3,0,1,0.33,2026-08-05,magazzino
971258037,TUSSALT 10BUSTE,0,4,1,0.33,2026-08-09,grossista
971263379,SINALGAN 20BUST,0,321,1,0.33,2026-08-18,grossista
971272481,BARIEDERM CICA-CREMA 40ML,0,160,3,0.99,2026-08-06,grossista
971279601,CINGAL SIRINGA PRERIEMP 4ML,0,100,10,3.29,2026-08-06,grossista
971298815,PROCOVIT-PLUS 200ML,0,282,1,0.33,2026-08-05,grossista
971299932,PERIO AID ACTIVE CONTROL 500ML,6,157,1,0.33,2026-08-09,magazzino
971309935,INTRAFLOOR 30CPS,0,109,1,0.33,2026-08-11,grossista
971325257,PEDIAKAPPA PLUS 5ML,0,317,1,0.33,2026-08-06,grossista
971325271,PEDIAKD PLUS 5ML,0,90,1,0.33,2026-08-10,grossista
971337454,GASTRO ENZYME 30CPS VEGETALI,0,84,1,0.33,2026-08-11,grossista
971339193,SALSAPARIGLIA ESTR INTEGR200ML,0,15,1,0.33,2026-08-07,grossista
971347606,GEHWOL CUSC CALCAGNO L PAIO,0,8,1,0.33,2026-08-12,grossista
971357393,MEDI 18 COLL P AP NAT 6 1405PA,5,2,3,0.99,2026-08-07,magazzino
971373624,MICOLIPID PLUS OLIO DET 250ML,0,22,1,0.33,2026-08-08,grossista
971377559,BASE LAVANTE 273 300ML,0,300,1,0.33,2026-08-18,grossista
971390695,RINOWAY SALI ISOTONICI 30BUST,0,97,1,0.33,2026-08-09,grossista
971390719,RINOWAY3% SALI IPERTON 30BUST,0,77,1,0.33,2026-08-12,grossista
971391697,MERITENE VITACHOCO FOND 75G,0,137,2,0.66,2026-08-08,grossista
971394933,SAGINIL SOLUZIONE VAGINALE,0,104,1,0.33,2026-08-10,grossista
971399249,FARINA DI CARRUBE BIO 250G,0,24,1,0.33,2026-08-11,grossista
971399290,INULINA IN POLVERE BIO 100G,0,5,1,0.33,2026-08-12,grossista
971477169,RIFLOG CM 10SUPP 2G,0,323,1,0.33,2026-08-13,grossista
971484340,LACTOFER FERMENTI 12BUST,0,32,1,0.33,2026-08-13,grossista
971534096,ESSENTIA 2TUBI 220GR,0,3,1,0.33,2026-08-11,grossista
971661766,ACLINE MASK 75ML,0,117,1,0.33,2026-08-14,grossista
971664560,ARTELAC COMPLETE 10UNITA',0,41,1,0.33,2026-08-15,grossista
971667264,CH LATTE SOLARE SPRAY SPF30,0,11,2,0.66,2026-08-14,grossista
971669763,ORALDRY SENSITIVE COLLUTORIO,0,11,1,0.33,2026-08-16,grossista
971678420,FICUS CARICA GEMME MG 60ML,0,13,1,0.33,2026-08-07,grossista
971682923,PARAOSSIMIX 60CPS 510MG,0,43,1,0.33,2026-08-15,grossista
971687203,NODROPS 30CPR,0,14,1,0.33,2026-08-17,grossista
971696327,CICORIA TOSTATA MACINATA BIO,0,17,1,0.33,2026-08-18,grossista
971731219,CRATAEGUS OX GETTI MG 30ML,0,3,1,0.33,2026-08-05,grossista
971739988,BIGNE DA FARCIRE 100G,0,32,1,0.33,2026-08-09,grossista
971744646,SYALOSET PLUS SIR 1 5% 4ML,0,29,1,0.33,2026-08-16,grossista
971746704,SERANS GOCCE 30G,0,140,1,0.33,2026-08-17,grossista
971748429,NUCRON PASTA 15G,0,183,1,0.33,2026-08-18,grossista
971751096,ESSENTIAL CANE ADULT 150G,0,32,3,0.99,2026-08-07,grossista
971755335,SEDAGOLA 200ML,0,24,1,0.33,2026-08-17,grossista
971796899,VERTISTOP D 20CPR,0,158,2,0.66,2026-08-18,grossista
971952609,GLOBINAX 30CPS,0,17,1,0.33,2026-08-05,grossista
971953029,NUTRIFREE FETTE BISC 225G,0,67,1,0.33,2026-08-06,grossista
971966484,CLIAORTHO FASCIA POSTOP 7,1,3,1,0.33,2026-08-05,magazzino
971966510,RODIOLA ROSEA 50CPS VEG,0,135,1,0.33,2026-08-10,grossista
971968122,VICHY HOMME DEO ANTI-MACCHIE,8,157,2,0.66,2026-08-06,magazzino
971970215,GAMMADIS GUANTI LATT S/POLV L,0,68,1,0.33,2026-08-05,grossista
971970239,GAMMADIS GUANTI LATT S/POLV S,0,64,1,0.33,2026-08-07,grossista
971970266,GAMMADIS GUANTI VINIL S/P S,0,7,1,0.33,2026-08-06,grossista
971978541,UOMO Q SKIN 70 NERO P PROMO,1,0,3,0.99,2026-08-08,magazzino
971979190,SAUBER AREG OPTOE 140 LIS NEU5,0,4,1,0.33,2026-08-07,grossista
971980697,MEDIPRESTERIL MED POSTOP 10X30,0,119,1,0.33,2026-08-13,grossista
971980723,MEDIPRESTERIL CUSC CA/FR 11X11,0,23,1,0.33,2026-08-08,grossista
971992401,XERON COLLUTORIO 50ML,0,4,1,0.33,2026-08-15,grossista
971998265,EKEEP K1 POSTURE KEEPER U 1,1,0,6,1.98,2026-08-08,magazzino
971998277,EKEEP K1 POSTURE KEEPER U 2,1,1,1,0.33,2026-08-09,magazzino
971998339,EKEEP K1 POSTURE KEEPER D 1,1,4,5,1.65,2026-08-08,magazzino
972001046,RIGEDERM CREMA 100ML,0,40,1,0.33,2026-08-13,grossista
972058679,SANODET DS SHAMPOO 200ML,0,27,1,0.33,2026-08-08,grossista
972059707,FLOCARE DEFLUSSORE PRER+BOT GR,0,15,1,0.33,2026-08-10,grossista
972059784,FLOCARE SACCA C/DEFLU 1 3L INF,0,16,1,0.33,2026-08-11,grossista
972059796,FLOCARE SACCA C/DEFLUS 2L INF,0,41,1,0.33,2026-08-09,grossista
972063388,GHEOS FOCUS 60CPS,0,12,1,0.33,2026-08-12,grossista
972141877,SNELLIFE EVOLUTION CPR,0,559,1,0.33,2026-08-10,grossista
972147918,ALUS O&L SAPONE ALEPPO55% 200G,0,14,1,0.33,2026-08-13,grossista
972198283,SEDIX 600 TOSSE 12BUST,0,102,1,0.33,2026-08-14,grossista
972254534,DEAFLOG COMPRESSE,0,78,1,0.33,2026-08-14,grossista
972260590,EMORSAN RAG 2 TUBI 30+30ML,0,240,1,0.33,2026-08-18,grossista
972260614,RIGEAVIT 30CPR,0,116,1,0.33,2026-08-10,grossista
972264636,BLEFASTOP GARZA COT PIE RX 28P,0,1140,1,0.33,2026-08-09,grossista
972264648,BLEFASTOP PLUS GARZA COT RX28P,0,489,2,0.66,2026-08-15,grossista
972269599,ONYCOPHASE K SOLUZ UNGHIE 15ML,0,98,1,0.33,2026-08-08,grossista
972269738,RITMOLAX FLUIDO CONCENTRA200ML,0,52,1,0.33,2026-08-11,grossista
972276137,CLOG EVO TPR UNISEX BLUE 39-40,0,12,1,0.33,2026-08-09,grossista
972276570,CLOG EVO TPR UNI EMERALD 36-37,0,6,1,0.33,2026-08-16,grossista
972276594,CLOG EVO TPR UNI EMERALD 38-39,0,19,1,0.33,2026-08-17,grossista
972276606,CLOG EVO TPR UNI EMERALD 39-40,0,3,1,0.33,2026-08-10,grossista
972288171,VITASTICK PASTA 15G,0,3,1,0.33,2026-08-12,grossista
972349029,ZEOLITE 60CPS,0,86,2,0.66,2026-08-18,grossista
972353193,STRIAVEN CREMA GEL 100G,0,125,1,0.33,2026-08-13,grossista
972354258,AGLIO OLIO ESSENZIALE NATURALE,0,3,2,0.66,2026-08-15,grossista
972457992,ESI ERBE DELLA NOTTE50NATURCPS,0,44,2,0.66,2026-08-18,grossista
972468197,TOTAL NEEM PROTECTION SPRAY MU,0,178,1,0.33,2026-08-14,grossista
972471902,BOWELL 14STICK OROSOLUBILI,0,304,1,0.33,2026-08-05,grossista
972472841,DUALCOL 30CPR,0,173,1,0.33,2026-08-17,grossista
972472854,DUALCOL FERMENTI 10CPS,0,154,2,0.66,2026-08-15,grossista
972499444,DRYUP DEPURATIVO FORTE 300ML,0,8,1,0.33,2026-08-06,grossista
972516835,SUCCO 100% MELA ARA CAR LIM,0,15,1,0.33,2026-08-16,grossista
972532651,PEPTIVIS LIMONE 20BUST,0,177,1,0.33,2026-08-07,grossista
972532699,FIXOMULL GENTLE TOUCH 10X200CM,0,132,1,0.33,2026-08-08,grossista
972533549,REDOX S 30CPS,0,147,2,0.66,2026-08-17,grossista
972539872,FLOGOX 30CPS,0,37,1,0.33,2026-08-09,grossista
972554505,BRUCIA FAST DONNA 90PAST,0,45,1,0.33,2026-08-12,grossista
972594182,PIC MISUR PRES MOBILERAPID,0,20,2,0.66,2026-08-18,grossista
972691733,ALLUXCARE SEPARATORE DIVAR S,0,6,1,0.33,2026-08-05,grossista
972725840,VIRGIN LAVANDA VAG 4FL 140ML,0,125,1,0.33,2026-08-10,grossista
972730600,THYRSEL OX 30CPS,0,165,1,0.33,2026-08-11,grossista
972765402,IAP PHARMA 31 DONNA 150ML,3,6,2,0.66,2026-08-11,magazzino
972786255,LASSIBEN 30CPR,0,6,7,2.31,2026-08-18,grossista
972787701,MIONYTE ORO 30CPR,0,11,1,0.33,2026-08-08,grossista
972790416,NEO MOM SHAMPOO ANTIPARAS150ML,0,187,2,0.66,2026-08-12,grossista
972869287,SNOREEZE DISP INTRAORALE,0,7,3,0.99,2026-08-13,grossista
973013980,SAUBER CLASSICO ARE 140D ML N2,0,15,1,0.33,2026-08-14,grossista
973014006,SAUBER CLASSICO ARE 140D ML N4,0,11,1,0.33,2026-08-15,grossista
973031216,SAUBER CLASSICO AT 140D ML C3,0,7,1,0.33,2026-08-16,grossista
973147818,PROXIAN 30STICK,0,231,1,0.33,2026-08-17,grossista
973178813,ERA MGK D3 20BUST,0,71,1,0.33,2026-08-15,grossista
973191289,TRICODERM CAPS 30CPR,0,103,1,0.33,2026-08-15,grossista
973197876,MELATONIN COMPLEX 180CPR,0,33,1,0.33,2026-08-18,grossista
973198219,IODIO OLIMENTOVIS 200ML,0,16,6,1.98,2026-08-05,grossista
973204290,ERBEROS 30CPR,0,40,1,0.33,2026-08-06,grossista
973204593,FERROLIP 20BUST OROSOLUBILI,0,185,1,0.33,2026-08-07,grossista
973207499,RIDERMA MOUSSE DETERGENTE150ML,0,4,1,0.33,2026-08-13,grossista
973257494,VITAVEN 60CPS 550MG,0,1,1,0.33,2026-08-17,grossista
973289352,JOWAE CREMA COLOR IDRAT CHIARA,0,3,1,0.33,2026-08-06,grossista
973293210,DETOX WHITE GOCCE 50ML,0,11,1,0.33,2026-08-16,grossista
973327644,POTASSIO OLIMENTOVIS 200ML,0,12,2,0.66,2026-08-06,grossista
973335007,NUTRICERAT SHAMPOO200ML DUCRAY,4,0,1,0.33,2026-08-08,magazzino
973336783,IAP PHARMA 65 UOMO 150ML,4,0,1,0.33,2026-08-12,magazzino
973351758,MAG 6 RAPID 20STICK 1 5G,0,165,1,0.33,2026-08-11,grossista
973351947,ZINCOSEB SPRAY 200ML,0,4,3,0.99,2026-08-08,grossista
973352091,NABUTIR 1000 40CPR,0,11,2,0.66,2026-08-07,grossista
973378159,M-AID RESOLVE CICATR CER 25X4,0,97,4,1.32,2026-08-12,grossista
973499852,OLIO DEL RE SPRAY NASALE 30ML,0,23,2,0.66,2026-08-09,grossista
973605266,GASTRINAC 20STICK,0,3,3,0.99,2026-08-13,grossista
973608589,DERMORELIZEMA DET LIPORESTITUT,0,66,1,0.33,2026-08-07,grossista
973622640,BIOCARTILAGO 30BUST,0,135,1,0.33,2026-08-08,grossista
973623008,MAVALA SCIENTIFIQUE K+ 5ML,0,19,1,0.33,2026-08-15,grossista
973650765,COLLAGENAT NO-AGE 10FL,0,27,1,0.33,2026-08-17,grossista
973652199,NEFROPIU' 30CPR,0,132,1,0.33,2026-08-14,grossista
973652201,NEFROPIU' 60CPR,0,320,1,0.33,2026-08-09,grossista
973652908,CEREBRAIN 12FL 15ML,6,613,21,6.92,2026-08-13,magazzino
973662137,FERRO OLIMENTOVIS 200ML,0,23,1,0.33,2026-08-10,grossista
973719709,NUTRIAGE CREAM 50ML,0,374,1,0.33,2026-08-10,grossista
973719735,NUTRIAGE OLEOSERUM 30ML,0,77,1,0.33,2026-08-11,grossista
973726755,SPACCAPIETRA TINTURA MAGEN50ML,0,17,1,0.33,2026-08-12,grossista
973916909,ARNICA BIANCARDI GEL EXF 200ML,0,48,3,0.99,2026-08-11,grossista
973924119,NOVOPROX 30CPS,0,474,1,0.33,2026-08-14,grossista
974012991,DEFENCE COLOR LUMINIZER 101,0,22,1,0.33,2026-08-12,grossista
974024958,SUBRANS 20CPR,0,151,1,0.33,2026-08-12,grossista
974032599,CROMO PICOLINATO BOTANIC 30CPS,0,35,1,0.33,2026-08-13,grossista
974036131,PLASMON BISCOTTI BIBERON 600G,0,38,1,0.33,2026-08-14,grossista
974036675,MIODOL 20CPR BLISTER 10G,0,55,1,0.33,2026-08-13,grossista
974036687,MIODOL 60CPR BLISTER 30G,0,53,1,0.33,2026-08-15,grossista
974047969,SAUBER GAMB OPTOE 140 MIC NE 2,0,7,1,0.33,2026-08-16,grossista
974053427,DERMOVITAMINA GEL VAGINALE IDR,0,144,1,0.33,2026-08-17,grossista
974058051,ECLADERM CREMA CANOVA 50ML,0,41,1,0.33,2026-08-14,grossista
974058099,REOXALL 100S CREMA CANOVA 50ML,0,240,1,0.33,2026-08-18,grossista
974058149,15 GLYCO CANOVA 150ML,0,56,1,0.33,2026-08-05,grossista
974058176,RIVESCAL SHAMPOO DEL CANOVA,0,183,1,0.33,2026-08-05,grossista
974058202,SENSIQUELL XERO CANOVA 400ML,0,40,1,0.33,2026-08-17,grossista
974058339,SENSIQUELL CR DET CANOVA 250ML,0,131,1,0.33,2026-08-15,grossista
974058341,SENSIQUELL CR DET CANOVA 400ML,0,181,1,0.33,2026-08-16,grossista
974059329,UMBREX 50 CREMA 50ML,0,160,1,0.33,2026-08-06,grossista
974088825,EKEEP K1 POSTURE KEEPER D BI 1,1,3,1,0.33,2026-08-09,magazzino
974088837,EKEEP K1 POSTURE KEEPER D BI 2,4,0,5,1.65,2026-08-17,magazzino
974088876,EKEEP K1 POSTURE KEEPER D BI 5,3,0,5,1.65,2026-08-15,magazzino
974089017,SKINSAN TRATTAMENTO UNGH2X15ML,0,7,1,0.33,2026-08-07,grossista
974109264,CERAVE LOZIONE IDRATANTE 88ML,0,29,1,0.33,2026-08-16,grossista
974109276,CERAVE CREMA IDRATANTE 50ML,0,205,2,0.66,2026-08-08,grossista
974111763,TRICHOLOGY LAB SIERO CAPIL CAP,0,1,2,0.66,2026-08-15,grossista
974157467,BOSWELLIA 60CPS,0,56,1,0.33,2026-08-09,grossista
974362143,CH TOY FD NEXT2DREAMS MOB PINK,0,2,1,0.33,2026-08-10,grossista
974362485,SCHOLL PARTY FEET GEL ACTIV US,0,712,2,0.66,2026-08-09,grossista
974373476,ASABIONIC DET DEPURATIVO 125ML,1,188,2,0.66,2026-08-18,magazzino
974384354,ENERVIT SPORT ISOTONIC LIM420G,0,107,3,0.99,2026-08-12,grossista
974425516,CANDIDOPHILUS 30CPS,0,27,1,0.33,2026-08-18,grossista
974479317,CH GIOCO MSD ORSETTO DOU DOU,0,43,1,0.33,2026-08-11,grossista
974513994,BIOSON GOCCE 30ML,0,47,1,0.33,2026-08-17,grossista
974514337,IAP PHARMA 37 DONNA 150ML,1,6,1,0.33,2026-08-06,magazzino
974646135,PIACERI MEDIT PIADINA WRAP180G,0,22,3,0.99,2026-08-05,grossista
974646325,SKUDO PROTEZIONE OCCHI TR 1PZ,0,319,3,0.99,2026-08-12,grossista
974651972,CICAVIT SOS GRATTAGE 40ML,0,19,1,0.33,2026-08-13,grossista
974655387,DEPIDERM SOIN DE JOUR SPF50,0,164,3,0.99,2026-08-12,grossista
974655401,ALGEM MANUKA MIKO LEN GEL 15ML,0,9,1,0.33,2026-08-06,grossista
974758637,ATODERM HUILE DE DOUCHE 100ML,0,3,1,0.33,2026-08-14,grossista
974758688,NUXE SUN ACQUA PROF DELIZ 30ML,0,112,2,0.66,2026-08-05,grossista
974761761,NATURA+ SACCA CH STAND OP 70MM,0,10,1,0.33,2026-08-15,grossista
974762724,MAGNESIO E POTASSIO 30BUST,0,38,1,0.33,2026-08-07,grossista
974846065,ICONTROL G AGO G32 4MM 100PZ,0,24,1,0.33,2026-08-16,grossista
974885307,ANNURMETS HDL+ 30CPR,0,116,2,0.66,2026-08-13,grossista
974887743,NUTRIVA VEGAN B12 60CPR 1000MC,0,117,1,0.33,2026-08-05,grossista
974890612,GARZA MEDS FARMACTIVE ST 10X10,0,23,2,0.66,2026-08-05,grossista
974897504,ALKAGIN GEL INTIMO PROT PH 4 5,0,42,1,0.33,2026-08-13,grossista
974908333,PERLAFLOR 10FL 10ML,0,153,2,0.66,2026-08-17,grossista
974920480,GSE HERPEX 1 CREMA LABBRA7 5ML,0,35,1,0.33,2026-08-17,grossista
974947158,GEL'CLEAR ADDENSANTE NEU 240G,0,29,1,0.33,2026-08-18,grossista
974967681,ACIRONIC FORTE 20CPR FAST-SLOW,0,256,1,0.33,2026-08-18,grossista
974989028,BIONAIF PLANTARE ATT RELA34-38,0,3,1,0.33,2026-08-07,grossista
975004654,CURASEPT SPAZZ SPEC MONO TUFTS,0,13,1,0.33,2026-08-05,grossista
975017219,LIFTACTIV LIFT COLLAGEN SPEC,13,131,1,0.33,2026-08-06,magazzino
975017221,OXICIST 15CPS,0,163,1,0.33,2026-08-06,grossista
975020052,PROVASEN CRIOGEL 100ML,0,107,1,0.33,2026-08-07,grossista
975025053,BIOCLIN BIO COLORIST 8,0,8,1,0.33,2026-08-10,grossista
975025204,BIOCLIN BIO COLORIST 4 5,0,5,1,0.33,2026-08-08,grossista
975027499,CALMALU' SCIROPPO 150ML,0,248,2,0.66,2026-08-05,grossista
975040510,BARILIFE BIDODICI 1000MCG 5CPR,0,66,1,0.33,2026-08-06,grossista
975052503,ZEOLITE ATTIVATA 100CPS 54G,0,17,1,0.33,2026-08-09,grossista
975053176,CALENDULA 100ML CREMA COLOURS,0,3,1,0.33,2026-08-09,grossista
975056223,MEAQUOR 1000 30CPS,0,117,1,0.33,2026-08-10,grossista
975063239,CEROTTO SPRAY,0,385,1,0.33,2026-08-11,grossista
975067695,SEMI DI ZUCCA DECORTICATI 200G,0,17,1,0.33,2026-08-08,grossista
975067758,IAP PHARMA 38 150ML,6,0,1,0.33,2026-08-15,magazzino
975075755,RIGEVITA SIERO ANTI AGE ERBAGI,0,4,1,0.33,2026-08-12,grossista
975076884,PERLAMUNAL 200 GOCCE 30ML,0,148,1,0.33,2026-08-13,grossista
975083484,ACTIVE MEMORY SOLETTA BAMBOO42,0,4,2,0.66,2026-08-09,grossista
975083837,NUXE PROD BOOST GEL BALS OCCHI,0,5,1,0.33,2026-08-14,grossista
975084690,GYN PHY BRUMA DETERGENTE 50ML,0,14,1,0.33,2026-08-15,grossista
975084740,PIC INSUPEN ADV AGO G32X4MM,0,6986,1,0.33,2026-08-15,grossista
975189212,FLAVIS CHOCOTINO 4X25G,9,287,1,0.33,2026-08-07,magazzino
975189301,FLAVIS BREAD MIX 500G,5,122,2,0.66,2026-08-12,magazzino
975197450,FIBERPASTA FARINAPRO 30% PROT,0,27,3,0.99,2026-08-18,grossista
975201361,MULTIVITALEX 30CPR,0,161,1,0.33,2026-08-10,grossista
975253586,SAUBER UOMO FANT 140NE DENIM P,1,0,1,0.33,2026-08-17,magazzino
975255439,ABIVISOR 12BUSTINE,0,403,2,0.66,2026-08-07,grossista
975347079,COLLAGENE CARE NEUTRO 300G,0,49,1,0.33,2026-08-16,grossista
975347081,COLLAGENE CARE VANIGLIA 300G,0,23,1,0.33,2026-08-17,grossista
975350986,RESOURCE INSTANT PROTEIN 400G,0,23,1,0.33,2026-08-16,grossista
975354921,PROBACTIOL STIPS ITA 20BUST,0,15,1,0.33,2026-08-11,grossista
975399243,LAPIREN 20BUST,0,196,2,0.66,2026-08-05,grossista
975418409,MUSTELA STELATOPIA CREMA 40ML,0,38,1,0.33,2026-08-18,grossista
975427459,FISIOCHAMBER VISION PLUS BOCC,0,124,2,0.66,2026-08-08,grossista
975429806,CLIADENT SCOVOLINO 5PZ 0 9MM,0,81,1,0.33,2026-08-05,grossista
975429818,CLIADENT SCOVOLINO 5PZ 1 1MM,0,30,1,0.33,2026-08-06,grossista
975430125,SOLFAC AUTOMATIC FORTE NF150ML,0,53,1,0.33,2026-08-13,grossista
975430341,FOOTCARE PROT VALGO C/SEPAR D9,0,123,1,0.33,2026-08-13,grossista
975435470,FRESUBIN RENAL VANIGLIA 4FL,0,52,1,0.33,2026-08-07,grossista
975435557,GLICEMIR 30CPR,0,73,1,0.33,2026-08-08,grossista
975446055,ACTINORM PRO 60CPR,0,159,1,0.33,2026-08-09,grossista
975448337,SCHAR SAVOIARDI 200G,0,189,1,0.33,2026-08-12,grossista
975451156,GASTROINTESTINAL PASTE 50G,0,16,2,0.66,2026-08-14,grossista
975494648,TIRECOL COL 30BUST,0,17,1,0.33,2026-08-10,grossista
975524240,XIOGLICAN GEL 50G,3,145,1,0.33,2026-08-13,magazzino
975585480,GLIALIA SOSPENSIONE ORALE200ML,0,1131,2,0.66,2026-08-11,grossista
975606308,GINSENG INDIANO ASHWAGAND60CPS,0,58,1,0.33,2026-08-12,grossista
975611649,PURES SPRAY INSETTI PMC 75ML,0,52,1,0.33,2026-08-10,grossista
975699657,FYLLADERM POLVERE SPRAY 125ML,0,20,3,0.99,2026-08-12,grossista
975734132,RILASTIL XEROLACT GEL DET400ML,0,70,1,0.33,2026-08-09,grossista
975734207,SWISSE DIFESA IMMUNITARIA60CPR,0,125,1,0.33,2026-08-13,grossista
975743081,ERART 20BUSTE 4 8G,0,103,1,0.33,2026-08-17,grossista
975744119,VICKS UMIDIFICATORE PERSONALE,0,3,1,0.33,2026-08-14,grossista
975761521,BORO OLIMENTOVIS 200ML,0,45,1,0.33,2026-08-05,grossista
975813813,SWISSE MAXI COENZIMA Q10 30CPS,0,311,1,0.33,2026-08-15,grossista
975816164,SAUBER ANTITRASP 72ORE CREMA,7,0,5,1.65,2026-08-14,magazzino
975816315,COLPHARMA MAGNETO CARE HOME,0,9,2,0.66,2026-08-14,grossista
975866308,ENTOFLORIS 10FL 10ML,0,248,1,0.33,2026-08-15,grossista
975867767,PAUSANORM FORTE SALUGEA 60CPS,0,155,2,0.66,2026-08-16,grossista
975867817,SANURIL FORM POT SALUGEA 60CPS,0,59,1,0.33,2026-08-17,grossista
975906684,HERBATINT 3DOSI 4N 300ML,0,47,1,0.33,2026-08-06,grossista
975922218,COLLAGENE BEAUTY 10STICK MONOD,0,46,1,0.33,2026-08-18,grossista
975922295,PERDITA DI PESO 60CPS,0,95,7,2.31,2026-08-07,grossista
975952161,CRNOVE PLUS 10FL 10ML,0,91,1,0.33,2026-08-05,grossista
975975691,PIPERINA & CURCUMA PIU' 60CPS,0,64,2,0.66,2026-08-16,grossista
975983394,DUALSAN SLIP SOSPENSORIO UOMO7,4,16,1,0.33,2026-08-17,magazzino
975996760,SVETIFLOG 15CPR,0,29,1,0.33,2026-08-06,grossista
975997457,BABY FOILLE PASTA PROT LEN145G,0,121,1,0.33,2026-08-07,grossista
975997851,EKEEP B1 POSTURAL BRA 1,2,2,1,0.33,2026-08-08,magazzino
975997901,EKEEP B1 POSTURAL BRA 6,1,0,5,1.65,2026-08-15,magazzino
976006421,SIG 581 COLLA SPECIALE,0,5,1,0.33,2026-08-09,grossista
976006458,PLUSOL CREMA SOLARE SPF50 50ML,0,23,1,0.33,2026-08-16,grossista
976008122,CURASEPT PROXI MIX PREVENTION,0,5,1,0.33,2026-08-10,grossista
976013298,ICTYANE CREMA MANI 50ML,0,101,1,0.33,2026-08-11,grossista
976013324,DEXYANE CREMA BALS A/GRAT200ML,0,41,1,0.33,2026-08-10,grossista
976014668,SYNOQUIN EFA M BREED 30CPR,0,68,1,0.33,2026-08-17,grossista
976014670,SYNOQUIN EFA SMALL BREED 30CPR,0,46,2,0.66,2026-08-12,grossista
976192070,ALEVICA 200CPR MASTICABILI,0,14,1,0.33,2026-08-15,grossista
976209775,CURAPROX CPS 457 POCKET SET 1,0,82,1,0.33,2026-08-11,grossista
976209813,CURAPROX CS 3960 SUP SOFT 1UN,0,322,1,0.33,2026-08-18,grossista
976209876,CURAPROX CS 5460 ORTHO 1UN,0,58,1,0.33,2026-08-13,grossista
976276333,MAMMABEN 15STICKPACK,0,59,1,0.33,2026-08-12,grossista
976289076,ORALB PRO5 LABORATORY SPAZZ EL,0,50,4,1.32,2026-08-14,grossista
976289470,PRUMERIS DETERGENTE OLEOSO,0,118,1,0.33,2026-08-14,grossista
976289645,LIERAC SUPRA RADIANCE SIERO DE,0,6,1,0.33,2026-08-15,grossista
976295408,OLIO DI ARNICA 100ML,0,23,2,0.66,2026-08-12,grossista
976306454,NUTRICAP PLUS 30COMPRESSE,0,21,1,0.33,2026-08-06,grossista
976307948,REABILAX 16BUST,0,170,1,0.33,2026-08-05,grossista
976309904,GUAM ALGASCRUB DREN CELL 420G,0,42,1,0.33,2026-08-16,grossista
976310870,FLONAT FAST 20CPR,0,203,1,0.33,2026-08-10,grossista
976322608,VITIS MEDIUM ACCESS+GINGIVAL,6,70,1,0.33,2026-08-16,magazzino
976326417,CH GIOCO TRILLINO CELL CANE,0,23,1,0.33,2026-08-05,grossista
976329387,EMOFORM DENT FORTE CREMA ADES,10,155,2,0.66,2026-08-07,magazzino
976335695,KALEIDON PROBIOTIC ACTIVE AGE,0,70,1,0.33,2026-08-18,grossista
976337701,FARMABED TELO IMP 90X150 S/OCC,0,13,1,0.33,2026-08-17,grossista
976340339,ARNICA GEL 90% 250ML,0,1392,1,0.33,2026-08-05,grossista
976345785,COLPHARMA LAMP LED A/ZANZ 11W,9,0,1,0.33,2026-08-12,magazzino
976386108,GENERV PLUS 30CPR,0,215,1,0.33,2026-08-13,grossista
976395350,PHYSIOMANNA KIDS 6PZ,0,18,1,0.33,2026-08-14,grossista
976395677,RIDUCELL TRATTAMENTO MIR 30CPR,0,55,2,0.66,2026-08-18,grossista
976396592,OMEGOR TWINEFA 60CPS NEW,0,22,2,0.66,2026-08-06,grossista
976399182,EPITACT CARPAL'GO DX TG L,0,3,1,0.33,2026-08-07,grossista
976399535,FLUISTAR SINU 20CPR,0,115,1,0.33,2026-08-05,grossista
976401354,AVEENO BAGNO DOCCIA 300ML,0,26,1,0.33,2026-08-06,grossista
976403713,CAPRIGYN 7BUST,0,216,1,0.33,2026-08-07,grossista
976403877,PISOLINO TRIPTO 50ML,0,154,1,0.33,2026-08-15,grossista
976404778,TIAN ZHI CEROTTO 4PZ,0,66,1,0.33,2026-08-11,grossista
976679833,NORMALIA EXTRA 30STICK ORALI,0,451,1,0.33,2026-08-09,grossista
976769226,NUTRIFREE LE BRIOCHE GTT 200G,0,42,1,0.33,2026-08-14,grossista
976770077,ZEROALL GOCCE 30ML,0,25,2,0.66,2026-08-08,grossista
976784114,SCHAR FETTE BISCOTTATE 3X86 7G,0,151,1,0.33,2026-08-08,grossista
976785459,OMNI BIOTIC METABOLIC 30BUST,0,94,1,0.33,2026-08-09,grossista
976785511,OMNI BIOTIC STRESS REPAIR 7BUS,0,56,1,0.33,2026-08-09,grossista
976785562,OMNI BIOTIC 6 7BUST,0,161,1,0.33,2026-08-10,grossista
976785790,KINIDREN 300ML,0,212,3,0.99,2026-08-10,grossista
976828133,SERIPNOL CRONO 28STICK POLVERE,0,187,1,0.33,2026-08-11,grossista
976863946,CURADOL CEROTTO 5PZ,0,42,1,0.33,2026-08-12,grossista
976864328,ARKOCPS GLUCOMANNANO BIO130CPS,0,27,1,0.33,2026-08-13,grossista
976864355,ARKOCPS PROPOLI BIO 40CPS,0,63,2,0.66,2026-08-10,grossista
976864443,OMNI BIOTIC 10 AAD 30BUST,0,543,1,0.33,2026-08-11,grossista
976906988,COLON REGULAR LIQ ANALCO 200ML,0,26,1,0.33,2026-08-14,grossista
977021258,AMUCHINA GEL X-GERM 250ML,0,229,1,0.33,2026-08-08,grossista
977021260,AMUCHINA 10% SPRAY CUTE 200ML,0,486,5,1.65,2026-08-12,grossista
977099213,DERMOVITAMINA MICO SMALTO RO,8,213,1,0.33,2026-08-07,magazzino
977254147,EQUIMEL 40CPS,0,56,1,0.33,2026-08-07,grossista
977346927,PROFAR COMPRESSE PULIZIA 56PZ,11,0,1,0.33,2026-08-18,magazzino
977347412,MOPEDIA RIALZO WC 10CM C/FERMI,0,5,1,0.33,2026-08-14,grossista
977404882,BIOCALM FITOGOCCE 30ML,0,66,1,0.33,2026-08-17,grossista
977466642,BERGAMON ALFA COSMETIC 500ML,4,129,3,0.99,2026-08-12,magazzino
977610587,TONICO ENERGIZZANTE ACT 12FL,21,6,21,6.92,2026-08-13,magazzino
977627975,CH SUCCH LIGHT GRL SIL 2-6M 2P,0,17,1,0.33,2026-08-15,grossista
977628066,CH SCOVOLINO SILICONE,0,15,2,0.66,2026-08-16,grossista
977629219,VITIS SENSITIVE DENTIF 100ML,6,320,2,0.66,2026-08-17,magazzino
977629587,AVEENO SKIN RELIEF LOTION500ML,0,26,1,0.33,2026-08-17,grossista
977631706,NUTRIFREE FETTE BISC INT 225G,0,100,1,0.33,2026-08-15,grossista
977631858,CISTATTIVA PLUS 24CPR,0,25,1,0.33,2026-08-18,grossista
977662030,AVENE CICALFATE+CR RISTRUT40ML,0,1022,4,1.32,2026-08-11,grossista
977662117,VERSET ANDREA FOR HER EDP 50ML,0,107,1,0.33,2026-08-05,grossista
977662422,VERSET STONE EDP 50ML,0,28,1,0.33,2026-08-06,grossista
977667916,PEABROLIN DOL 60CPS,0,9,2,0.66,2026-08-14,grossista
977695271,GLORIA162EVO AD BE ML,0,12,1,0.33,2026-08-07,grossista
977696285,GLORIA162EVO MONDX BE LL,0,2,1,0.33,2026-08-08,grossista
977697186,GLORIA262EVO AD BE LC,0,3,2,0.66,2026-08-12,grossista
977697275,GLORIA262EVO AD BE ML,0,5,1,0.33,2026-08-09,grossista
977699673,CO Q 10 200 30CPR,0,49,1,0.33,2026-08-10,grossista
977699925,LINES SP MATERNITY L 10PZ,0,123,1,0.33,2026-08-11,grossista
977701034,AESCULUS HIPP BOIRON MG 60ML,0,17,1,0.33,2026-08-16,grossista
977701061,CRATAEGUS BOIRON MG 60ML,0,75,1,0.33,2026-08-12,grossista
977701109,OLEA EUROPAEA BOIRON MG 60ML,0,15,1,0.33,2026-08-13,grossista
977702493,STICK LABBRA 4G,0,20,1,0.33,2026-08-14,grossista
977705882,PILOSELLA BOIRON EI 60ML,0,205,1,0.33,2026-08-15,grossista
977705906,TILIA TOMENTOSA BOIRON MG 60ML,0,79,2,0.66,2026-08-15,grossista
977705918,UVA URSINA BOIRON EI 60ML,0,75,6,1.98,2026-08-16,grossista
977705920,VALERIANA BOIRON EI 60ML,0,46,1,0.33,2026-08-14,grossista
977706959,POMATA EUDERMICA CALENDULA50ML,0,16,2,0.66,2026-08-14,grossista
977709017,PIACERI MEDIT CEREALORO ANELL,0,111,1,0.33,2026-08-15,grossista
977709955,CYTAFU BOIRON EI 60ML,0,17,1,0.33,2026-08-17,grossista
977732561,TENSIOPRAM GOCCE 30ML,0,337,1,0.33,2026-08-08,grossista
977733221,ESI NO DOL GLUCOSAMINA PURA90O,6,107,2,0.66,2026-08-16,magazzino
977803992,UTIFREE 30CPR+30STICK,0,23,2,0.66,2026-08-14,grossista
977809173,PAPIL-OFF OVULI VAGINALI 10PZ,0,86,2,0.66,2026-08-17,grossista
977823196,GIOVINA 30BUST,0,37,1,0.33,2026-08-18,grossista
977823653,GELINA PROCTO 40ML,0,45,2,0.66,2026-08-05,grossista
977962226,GIBAUD ORTHO MALLEOCROSS CAV 1,1,0,4,1.32,2026-08-17,magazzino
977962265,GIBAUD ORTHO MALLEOCROSS CAV 3,1,6,2,0.66,2026-08-18,magazzino
978103950,TRIRELAX CF 24CPR,0,31,1,0.33,2026-08-06,grossista
978115792,LAEVOLAC REGOLA 20BUSTE,0,235,1,0.33,2026-08-09,grossista
978244919,LUBRISANA COLL FL 10ML,0,10,1,0.33,2026-08-07,grossista
978253464,EPATO24 60CPR,0,19,2,0.66,2026-08-10,grossista
978269153,DERCOS KERASOL SHAMPOO 250ML,24,116,8,2.64,2026-08-05,magazzino
978305516,VITIS JUNIOR GEL 75ML INTL,7,60,3,0.99,2026-08-06,magazzino
978306417,PODALUX SCARPA POSTOP II S,0,5,2,0.66,2026-08-15,grossista
978399350,CISTIDUO 14BUST,0,323,1,0.33,2026-08-08,grossista
978433858,IPROST 320 ESA 30PRL,0,61,2,0.66,2026-08-06,grossista
978436739,GICAR CREMA 50ML,0,314,2,0.66,2026-08-07,grossista
978463747,DECONOVA 20CPR,0,43,1,0.33,2026-08-09,grossista
978473674,ANNURKOLEST 60CPS,0,710,1,0.33,2026-08-08,grossista
978473698,SCUDOMED 1PZ,0,8,3,0.99,2026-08-18,grossista
978474183,CISTITASK 14BUST,0,234,2,0.66,2026-08-10,grossista
978477471,GYNE' OVULI VAGINALI 10OV,6,23,1,0.33,2026-08-13,magazzino
978494906,DERMOVITAMINA PROCTOC FAST,0,135,1,0.33,2026-08-09,grossista
978503201,COLINORM PLUS 30CPS,0,36,1,0.33,2026-08-11,grossista
978508341,KALANIT LIMONE 30BUST,0,645,1,0.33,2026-08-14,grossista
978573879,METADIGEST LACTO 15CPS,0,103,1,0.33,2026-08-17,grossista
978575621,OMEGOR KIDS 140ML,0,70,1,0.33,2026-08-10,grossista
978594582,TRIDERM BABY SHAMPOO ULTRADEL,0,100,1,0.33,2026-08-11,grossista
978594606,TRIDERM BABY CREMA LENITIVA,0,104,2,0.66,2026-08-12,grossista
978598389,MEDI 14 COLL-XL NAT 4 7005XL,3,2,1,0.33,2026-08-12,magazzino
978598821,FOOTCARE CORR VALGO NTT2PZ D10,0,37,1,0.33,2026-08-13,grossista
978598845,FOOTCARE PROT GEL 5 DITO C15,0,11,2,0.66,2026-08-13,grossista
978598884,FOOTCARE DIVARIC ALLUCE S D11,0,4,1,0.33,2026-08-14,grossista
978598896,FOOTCARE DIVARIC ALLUCE L D12,0,10,1,0.33,2026-08-15,grossista
978607164,AMINOLIFE PLUS 600G,0,39,1,0.33,2026-08-16,grossista
978625337,CLENNY A DOCCIA NASALE IT,0,2,1,0.33,2026-08-17,grossista
978625349,CLENNY A FAMILY PACK ACCES COM,0,22,1,0.33,2026-08-18,grossista
978625352,CLENNY 4EVOLUTION PACK ACCES C,0,19,1,0.33,2026-08-05,grossista
978832006,COLON REGULAR LIQ ANALCO 500ML,0,9,1,0.33,2026-08-06,grossista
978837425,CS ACQUA SOLARE ABBRONZ SPF50,6,12,1,0.33,2026-08-05,magazzino
978837716,FDR BURRO VISO/MANI 30ML,0,44,1,0.33,2026-08-13,grossista
978843555,DRENAX FORTE ANANAS 15BUST,0,129,1,0.33,2026-08-07,grossista
978845648,CARDO MAR 60CPR TERRANATA,0,10,1,0.33,2026-08-14,grossista
978861565,U-LIFE 5 CREMA 50ML,0,36,1,0.33,2026-08-08,grossista
978861591,U-LIFE 20 CREMA 100ML,0,65,1,0.33,2026-08-08,grossista
978861615,U-LIFE 30 CREMA 50ML,0,64,1,0.33,2026-08-06,grossista
978862439,AVEENO BAGNO DOCC VAN&AVE300ML,0,11,1,0.33,2026-08-15,grossista
978870893,ACCORDO EBANO SHAMPOO DOCCIA,0,30,1,0.33,2026-08-13,grossista
978919619,CHROMITRON 40CPS,0,265,1,0.33,2026-08-16,grossista
978919761,SPIRUVIT BIO 225CPR,0,7,1,0.33,2026-08-09,grossista
978939938,LAVONASE SIR 20ML IRRIG NASALE,0,27,1,0.33,2026-08-11,grossista
978939940,LAVONASE SIR 60ML IRRIG NASALE,0,5,1,0.33,2026-08-12,grossista
978981963,BASTONCINO PULIZ CAVO OR 20PZ,0,100,1,0.33,2026-08-12,grossista
979011071,DERMAFFINE AI CREMA 50ML,0,210,1,0.33,2026-08-17,grossista
979012085,CAPELLI ACT FORTE 30CPR,13,34,3,0.99,2026-08-12,magazzino
979015308,PEAMAG 1200 14STICK,0,620,1,0.33,2026-08-09,grossista
979021375,PEDIAFER SOLUZIONE ORALE 30ML,0,29,1,0.33,2026-08-06,grossista
979044789,RELAX UNI 70 PA BLU SC M,0,12,1,0.33,2026-08-10,grossista
979051568,ALUSAC MASCHERA 75ML,0,15,1,0.33,2026-08-17,grossista
979051669,ALOEVERA2 ALOE PICKY 12ML,1,0,1,0.33,2026-08-07,magazzino
979055338,ONCOS DETERGENTE VISO 100ML,0,9,1,0.33,2026-08-15,grossista
979082690,D MANNOSIO ULTRA 2000 10STICK,0,26,1,0.33,2026-08-14,grossista
979095484,NUXE HP FLORALE 50ML OLIO SECC,0,229,3,0.99,2026-08-15,grossista
979095609,RIPOSI' GEL GENGIVALE 20ML,0,54,1,0.33,2026-08-10,grossista
979101870,MUESLI ENERGY 250G,0,28,1,0.33,2026-08-11,grossista
979114511,EKEEP B2 ACTIVE BRA NERO/FUN 2,1,3,1,0.33,2026-08-07,magazzino
979178290,NUTRAMET FIBRA 20BUST,0,145,1,0.33,2026-08-12,grossista
979213170,ALOE BETA LENODOL 60CPS VEG,0,9,1,0.33,2026-08-13,grossista
979258100,GHC MEDICAL SHAMPOO DEFORFORAN,1,87,1,0.33,2026-08-14,magazzino
979276502,DEFENCE EYE GEL ANTI-BORSE15ML,0,175,1,0.33,2026-08-10,grossista
979276553,AKNET SUN PMA SPF50+ 50ML,0,215,1,0.33,2026-08-14,grossista
979276577,TRIDERM AK TRATT PREV SPF50+,0,150,1,0.33,2026-08-15,grossista
979321332,DERMOVITAMINA MICO SMALTO FUCS,3,0,5,1.65,2026-08-12,magazzino
979356019,REPIGMA CREAM 100ML,0,8,3,0.99,2026-08-13,grossista
979359332,HYDROXIRAM D 30BUST,0,50,1,0.33,2026-08-15,grossista
979373976,BRONCHENOLO TOSSE DOPP AZ 10B,0,312,1,0.33,2026-08-13,grossista
979375300,FORMULA COENZIMA Q10 30CPR,0,24,1,0.33,2026-08-16,grossista
979375704,FORMULA VENUM 60CPR,0,508,1,0.33,2026-08-15,grossista
979390566,PURO DRENANTE 5 AZ C/BAOB ANAN,0,6,1,0.33,2026-08-17,grossista
979392798,DEFENCE HYDRACTIVE BB CR MED,0,78,1,0.33,2026-08-18,grossista
979393648,DOLOMIA OSX 20 03 SMALTO MARGH,8,0,2,0.66,2026-08-08,magazzino
979406752,CAPELLI LOZIONE CAPELLI RIVIT,0,213,2,0.66,2026-08-05,grossista
979406840,DEODORANTE SPRAY LIMONE 100ML,0,15,1,0.33,2026-08-06,grossista
979418821,BILIARIS LIQUIDO ANALC 200ML,0,35,2,0.66,2026-08-09,grossista
979683758,FLOGIMIX BIMBI 200ML,0,77,1,0.33,2026-08-05,grossista
979796719,CARDIO FLUID 180PAST,0,50,1,0.33,2026-08-10,grossista
979802093,SILVANA EMOTIONAL BAGNOD SOAVE,0,15,1,0.33,2026-08-17,grossista
979805405,LOVREN ACIDO IALURONICO BIOMOL,0,64,1,0.33,2026-08-10,grossista
979809997,BERTELLI CEROTTO TERMO-ATT 3PZ,0,62,1,0.33,2026-08-07,grossista
979810064,SINEAMIN I SORRISI 500G,0,56,1,0.33,2026-08-08,grossista
979810102,REV IDRAX BOTU' MEDICAL 30BUST,0,25,1,0.33,2026-08-16,grossista
979810126,REV EFFACE ACQUA 100ML,0,20,1,0.33,2026-08-17,grossista
979840980,ENERVIT VEGETAL PROTEIN 230G,0,83,1,0.33,2026-08-09,grossista
979841828,CURASEPT PROXI ANGLE T10 FUXIA,0,39,2,0.66,2026-08-10,grossista
979843632,CANDIDAX MED 30CPR,0,51,2,0.66,2026-08-13,grossista
979925195,CAPELLI ACT FORTE 90CPR,0,31,1,0.33,2026-08-11,grossista
979944333,REGULOSIO FIBRE 20BUST,0,174,1,0.33,2026-08-18,grossista
979946478,CONTROL SENSUAL INTENSE DOTS6P,19,0,1,0.33,2026-08-16,magazzino
979946492,CONTROL LATEX FREE 5PZ,0,169,1,0.33,2026-08-12,grossista
980000006,CAMOMILLA SOLUBILE MELAT/MAGN,0,191,1,0.33,2026-08-12,grossista
980078810,NEO EMOFORM WHIT DENTIF 100ML,0,103,3,0.99,2026-08-18,grossista
980082794,MAM SPORTS 330ML 12+ RIG NEU,0,10,1,0.33,2026-08-10,grossista
980121545,U-LIFE 30 ECOFOAM 50ML,0,36,1,0.33,2026-08-13,grossista
980135139,N5 DG Polvere 400g,0,88,1,0.33,2026-08-05,grossista
980135141,CH SET IGIENE ORALE BOY 36M+,0,16,1,0.33,2026-08-14,grossista
980141511,MELURK HAIR LOZIONE 100ML,0,74,1,0.33,2026-08-15,grossista
980141814,BERGAMON GEL LUBRIFICANTE 50ML,0,11,1,0.33,2026-08-16,grossista
980144962,KORFF COMPLETE NIGHT R SIERO N,3,0,1,0.33,2026-08-16,magazzino
980182479,BILIXIR FORTE 40CPR,0,138,1,0.33,2026-08-17,grossista
980185730,HYALOTEND 3 SIR 20MG/2ML,0,40,1,0.33,2026-08-18,grossista
980192417,CATALITIC CU-AU-AG 250ML,0,25,1,0.33,2026-08-13,grossista
980197343,SWISSE MEMORIA 60CPS,0,134,1,0.33,2026-08-05,grossista
980247112,LECIVIS 100G 80SOFTGEL,0,23,1,0.33,2026-08-15,grossista
980253088,GYNEXELLE HYALO-DUO GEL 50ML,0,178,1,0.33,2026-08-06,grossista
980255311,LACTEOL BABY 10ML,0,86,1,0.33,2026-08-07,grossista
980258964,PIC CER POSTOP SIL 10X15 5PZ,0,33,1,0.33,2026-08-08,grossista
980286266,NHCO AMINOHAIR 168CPS,0,30,1,0.33,2026-08-09,grossista
980286280,NHCO MAGNESIUM 84CPS,18,72,10,3.29,2026-08-13,magazzino
980295442,CALENDULA EXTRACT PLUS 100ML,0,12,1,0.33,2026-08-09,grossista
980295455,ARTIGLIO DIAVOLO EXTRACT PLUS,0,50,3,0.99,2026-08-05,grossista
980296279,CANDIDAS T 180PAST,0,37,1,0.33,2026-08-06,grossista
980299491,SIG SET DOFF N'DONNER,0,6,7,2.31,2026-08-07,grossista
980299515,STERILVIT DK GOCCE 5ML,0,119,3,0.99,2026-08-10,grossista
980340261,CH NUOVO MINI ASCIUGACAPELLI,0,6,1,0.33,2026-08-14,grossista
980370326,DERMOVITAMINA CICATRICI GEL,0,52,7,2.31,2026-08-08,grossista
980379085,SAUBER COLL OPTOE 70D LIS NE 2,0,16,1,0.33,2026-08-11,grossista
980379135,SAUBER COLL OPTOE 140D LIS NE3,0,10,1,0.33,2026-08-12,grossista
980400826,NIDROX ONE 50ML,0,70,1,0.33,2026-08-08,grossista
980427759,LEUKOMED T PLUS SS MEDIC 8X10,0,9,2,0.66,2026-08-14,grossista
980430540,CERULISINA FAST ADULTI BAMBINI,0,166,11,3.62,2026-08-08,grossista
980430906,APROPOS SEDITUSS SPR AD/BB,21,72,5,1.65,2026-08-18,magazzino
980431151,DICLOREUM EMATOSOLL GEL 50ML,38,136,12,3.95,2026-08-09,magazzino
980434803,AUDISPRAY DOLO GOCCE AURIC 7G,0,1,1,0.33,2026-08-06,grossista
980436416,AMELAN CREMA 30ML,0,65,2,0.66,2026-08-11,grossista
980437115,CONCEIVE PLUS SUP FERT F 60CPS,0,21,3,0.99,2026-08-10,grossista
980438497,CONCEIVE PLUS SUP FERT M 60CPS,0,19,1,0.33,2026-08-13,grossista
980445858,SENSIBIO GEL MOUSSANT 100ML,0,21,5,1.65,2026-08-11,grossista
980454146,RILASTIL XEROLACT BALSAMO LABB,0,119,1,0.33,2026-08-13,grossista
980456281,MEDS BRACCIALE SFIGMO FZ507B P,0,2,1,0.33,2026-08-08,grossista
980457168,NEOVADIOL ROSE PLATINUM OCCHI,4,0,2,0.66,2026-08-13,magazzino
980459729,EUCLORINA AFTE COLLUT 120ML,35,0,5,1.65,2026-08-11,magazzino
980459743,EUCLORINA AFTE SPRAY 15ML,18,0,1,0.33,2026-08-16,magazzino
980462663,REV BENZONIACIN 3 CREMA 30ML,0,105,2,0.66,2026-08-14,grossista
980462713,IALUGEN GOCCE OCULARI 10ML,38,5,1,0.33,2026-08-12,magazzino
980463448,FORZAMAS VITAMINA C PURA 30BUS,0,137,1,0.33,2026-08-12,grossista
980497059,IAP PHARMA 47,5,0,1,0.33,2026-08-07,magazzino
980503751,RECUPERA C RETARD 60CPR,0,11,1,0.33,2026-08-06,grossista
980504308,STERILVIT POLIVIT GOCCE 5ML,0,267,1,0.33,2026-08-13,grossista
980512204,D NOBILE 30ML,0,217,1,0.33,2026-08-15,grossista
980514741,XEMOSE C8+ TRATT PALPEBRAL LEN,0,124,1,0.33,2026-08-16,grossista
980519007,MULTIVITAMINE&MINERALI 30CPR,0,107,1,0.33,2026-08-17,grossista
980519019,MULTIVITAMINE&MINERALI50+30CPR,0,92,2,0.66,2026-08-18,grossista
980523462,MYOOPS 15CPR,4,0,1,0.33,2026-08-12,magazzino
980523916,ESI MULTICOMPLEX JUNIOR 42TAV,0,32,1,0.33,2026-08-05,grossista
980525188,ACNO' DETERGENTE 200ML,0,82,1,0.33,2026-08-11,grossista
980526065,ALIGASTRIL POLVERE 20STICK,0,10,1,0.33,2026-08-06,grossista
980532333,DEFENCE COLOR KHOL MAT HD 304,0,22,1,0.33,2026-08-07,grossista
980532574,CH GIOCO ABC NUOVA FATTORIA PA,0,4,1,0.33,2026-08-08,grossista
980534503,MAVOSTEN FORTE 20CPR,0,100,9,2.96,2026-08-09,grossista
980553426,MICROLIFE BRACC UNIV MORB M-L,1,0,1,0.33,2026-08-07,magazzino
980555801,GASTRO DOLOR 30CPR,0,66,1,0.33,2026-08-10,grossista
980626105,CHICCO Bottiglia Inox 500ml,0,5,4,1.32,2026-08-15,grossista
980628046,HERBOSOL C PLUS 60CPR,0,125,1,0.33,2026-08-11,grossista
980628200,BUONA DIFESA FLACONCINI14X10ML,0,182,1,0.33,2026-08-08,grossista
980631790,HELP-TH1 PASTA SIRINGA 30G,0,19,1,0.33,2026-08-12,grossista
980634202,COOLCAPS SPRAY 12ML ALITOSI,15,13,1,0.33,2026-08-11,magazzino
980682936,BIRETIX TRIACTIVE SPRAY 100ML,0,303,1,0.33,2026-08-15,grossista
980767697,NEOSTRATA HIGHT POTENCY CREAM,0,9,1,0.33,2026-08-13,grossista
980770414,ZENTIVA GOOD NIGHT 30CPR,0,212,1,0.33,2026-08-17,grossista
980774412,UNICO OLIO SECCO SPRAY 100ML,0,84,1,0.33,2026-08-14,grossista
980776936,VITAMINE MAXIMUM B 180PAST,0,1,1,0.33,2026-08-15,grossista
980776951,VITAMINA B1 MASTICABILE100PAST,0,12,5,1.65,2026-08-08,grossista
980783245,NEO PINSELINA DOL 20ML,0,137,1,0.33,2026-08-14,grossista
980783625,MUSTELA HYDRA BB CORPO 300ML,0,91,1,0.33,2026-08-09,grossista
980784134,VAGISIL DEODORANTE INT SPRAY,12,225,24,7.91,2026-08-15,magazzino
980802033,BUTIRRATO PURO LIQ ANALCO500ML,0,62,1,0.33,2026-08-16,grossista
980807224,MAGNESIO MIX 60CPS,0,134,2,0.66,2026-08-09,grossista
980813733,ESI BIOCOLLAGENIX HYDRO FACE M,0,25,1,0.33,2026-08-17,grossista
980817201,THOTALE OLIO 31 100ML,6,25,3,0.99,2026-08-05,magazzino
980833913,DOLOMIA MU OMBRETTO 05 MONO,4,0,3,0.99,2026-08-16,magazzino
980833937,DOLOMIA MU OMBRETTO 07 MONO,3,0,2,0.66,2026-08-13,magazzino
980908103,RAMESKIN 50ML,0,207,3,0.99,2026-08-15,grossista
980916074,LATTOSTIL GOCCE 16ML,0,36,6,1.98,2026-08-18,grossista
980924866,LEVANSIA CPR,0,16,1,0.33,2026-08-05,grossista
980926570,BARILIFE CALCIOLIQUIDO 15STICK,0,143,1,0.33,2026-08-06,grossista
980928776,ESI BIOCOLLAGENIX 30AMP,0,75,2,0.66,2026-08-07,grossista
981041888,BERTELLI CEROTTO MED MEDIO,1,0,1,0.33,2026-08-08,magazzino
981043351,ENERVIT C2 1 ISOCARB 650G,0,145,1,0.33,2026-08-16,grossista
981046283,RIVIERA CREMA OLIO MARMOTTA,0,1,1,0.33,2026-08-10,grossista
981047196,ISIDE HPV 14OV,0,309,1,0.33,2026-08-17,grossista
981048010,BOUQUET ORO PROFUMO 50ML,0,14,2,0.66,2026-08-11,grossista
981068998,MELLIN BRODO VERDURE 10X8G,0,101,1,0.33,2026-08-08,grossista
981069002,MISURID POLVERE 100G,1,117,1,0.33,2026-08-09,magazzino
981070889,CICATRIOIL 5F 5ML,0,9,1,0.33,2026-08-18,grossista
981071602,LATTOFERRINA AMPURA 30CPR,0,23,1,0.33,2026-08-10,grossista
981110226,CONTROL HOT PASSION 10PZ,11,0,3,0.99,2026-08-08,magazzino
981112461,EPILOBIO ESTRATTO INTEGR SECCO,0,35,1,0.33,2026-08-05,grossista
981113309,ZYMECOL 30CPR GASTRORESISTENTI,0,53,1,0.33,2026-08-06,grossista
981114061,BIOSCALIN NUTRICOL PL 5 CAS CH,8,512,1,0.33,2026-08-18,magazzino
981114073,BIOSCALIN NUTRICOL PL 6 BIO SC,7,479,1,0.33,2026-08-07,magazzino
981114085,BIOSCALIN NUTRICOL PL 6 43 BIO,11,62,2,0.66,2026-08-08,magazzino
981124302,DERMOPLASMINE MOUSSE 20G,0,117,3,0.99,2026-08-09,grossista
981212501,SOMAT SKIN EX VISO 4D FILL OC,9,0,3,0.99,2026-08-06,magazzino
981239383,ESPERIVIT Q 100 30TAV,0,2996,1,0.33,2026-08-16,grossista
981248255,TOPIALYSE GEL LAVANT 400ML NF,0,34,1,0.33,2026-08-11,grossista
981248305,TOPIALYSE BAUME PROTECT 200ML,0,77,1,0.33,2026-08-12,grossista
981263585,MIO FLEX PLACCA PIAN10-48 50MM,0,13,2,0.66,2026-08-13,grossista
981281355,PSORACTIVE SALI MAR MORTO 1KG,0,6,1,0.33,2026-08-14,grossista
981294147,KIALUSEC PLUS COLLIRIO 10ML,0,13,2,0.66,2026-08-17,grossista
981346556,OMNI BIOTIC STRESS VIT B14BUST,0,87,1,0.33,2026-08-09,grossista
981353651,SELIOD 30CPR ORODISPERSIBILI,0,198,1,0.33,2026-08-15,grossista
981355225,QUERCETINA 75PAST,0,86,1,0.33,2026-08-16,grossista
981358599,PERFECT 15FX25ML,0,42,1,0.33,2026-08-17,grossista
981362407,PIACERI MEDIT TORTELLINI PROSC,0,142,1,0.33,2026-08-15,grossista
981369554,COLON 20BUST,0,44,1,0.33,2026-08-06,grossista
981377221,BALSAMO CAPEZZOLI 25G,0,23,1,0.33,2026-08-10,grossista
981389380,DERMON IDRATANTE CORPO 100ML,21,0,1,0.33,2026-08-14,magazzino
981389416,DERMON IDRATANTE MANI EFF BARR,22,0,1,0.33,2026-08-11,magazzino
981391182,KLORANE CREMA DOCCIA FIORE CUP,0,16,1,0.33,2026-08-11,grossista
981391206,KLORANE CREMA DOCCIA FIORE FRA,0,16,1,0.33,2026-08-18,grossista
981391410,AURIDROL GOCCE OTOLOGICHE 15ML,0,31,5,1.65,2026-08-11,grossista
981399987,ORI DI SICILIA MIX ORO BRIOCHE,0,47,1,0.33,2026-08-17,grossista
981400005,ORI DI SICILIA MIX ORO GR LIEV,0,35,1,0.33,2026-08-05,grossista
981423914,RIGENSKIN CREMA IDRATANTE 50ML,0,96,1,0.33,2026-08-06,grossista
981432711,SWISSE COLLAGENE DIAMOND 10FL,24,164,3,0.99,2026-08-16,magazzino
981441963,ARKOCPS OLIO ENOTERA BIO 60CPS,0,30,1,0.33,2026-08-07,grossista
981443120,ARKOVITAL ACEROLA 1000 20CPR,0,54,1,0.33,2026-08-12,grossista
981448386,FOR FARMA GEL IDRATANTE INTIMO,0,30,1,0.33,2026-08-13,grossista
981448590,TRIDERM DS TRATTAMENTO NORMAL,0,193,1,0.33,2026-08-14,grossista
981448968,EXOMEGA CONTROL GEL 2IN1 200ML,0,53,1,0.33,2026-08-11,grossista
981452612,NATUR UNIQUE IALU XXXL TONICO,0,13,1,0.33,2026-08-08,grossista
981453362,EKINAVIS 200ML,0,46,1,0.33,2026-08-12,grossista
981464720,LATTASI 30CPR,0,51,2,0.66,2026-08-09,grossista
981466271,MANDORLI VANIGLIA OLIO CORPO,0,101,1,0.33,2026-08-10,grossista
981466485,CEROTTO ANTIMICOSI UREA 24PZ,0,23,1,0.33,2026-08-15,grossista
981470127,AMICOBOR SOL ALCOLICA 100ML,0,58,2,0.66,2026-08-16,grossista
981475647,CERAVE OLIO DET IDRAT SCH236ML,11,181,5,1.65,2026-08-16,magazzino
981485838,PHYTO CORRECTIVE ESSENCE MIST,0,4,2,0.66,2026-08-09,grossista
981495652,EOS D3 K2 ADVANCE 60CPR MASTIC,0,223,1,0.33,2026-08-17,grossista
981499231,PROVITA INOSIPLUS 20BUST,0,17,1,0.33,2026-08-11,grossista
981502053,FLORADIX KIDS 250ML,0,61,1,0.33,2026-08-10,grossista
981504691,ECZEANE BAUME FLA 400ML,0,29,1,0.33,2026-08-14,grossista
981508930,LIQUISOL 20BUST,0,57,1,0.33,2026-08-12,grossista
981510112,ASHWAGANDHA BIO 60CPS,0,29,1,0.33,2026-08-18,grossista
981512623,THOTALE CREMA CORPO LTT ASINA,0,6,1,0.33,2026-08-13,grossista
981515467,FIBRAXEN 18BUST,0,317,1,0.33,2026-08-09,grossista
981516545,DIVA TOP SPR PEPERONCINO MIMET,0,15,2,0.66,2026-08-07,grossista
981516661,VAGISIL GEL INTIMO IDRAT CALOR,0,268,1,0.33,2026-08-05,grossista
981535483,NEOVADIOL PERI-MENOPAU DAY PNM,3,107,1,0.33,2026-08-05,magazzino
981545294,CH MAMMY GUAINA GRAVIDANZA 6,0,25,2,0.66,2026-08-10,grossista
981565928,BAULI FREE TORTA CIOC 400G,0,43,1,0.33,2026-08-14,grossista
981647860,NEOBOROCILLINA PROPOLMIELE+ EU,10,147,1,0.33,2026-08-14,magazzino
981907470,FASTION GEL SCARAFAGGI 5G,0,37,1,0.33,2026-08-15,grossista
981928866,LEGART POWER 60CPR,0,75,1,0.33,2026-08-05,grossista
981929211,PERISTEEN PLUS REG CATET RE10P,0,2,1,0.33,2026-08-16,grossista
981931761,KENFAY ESFOLIANTE VISO 75ML,0,40,1,0.33,2026-08-06,grossista
981950963,FRONTLINE HOMEGARD SPR INSETT,0,76,1,0.33,2026-08-17,grossista
981951787,LADYGLORIA 18 COL PU/A MIE 3,0,15,1,0.33,2026-08-14,grossista
981987783,GASTRO COMPRESSE 60CPR,0,81,1,0.33,2026-08-13,grossista
981992237,AVENT KIT TIRALATTE ELET DOPPI,0,3,3,0.99,2026-08-16,grossista
982008587,ANSIOVIT NO STRESS 30CPR,0,105,1,0.33,2026-08-18,grossista
982012066,NATAWELL 30CPS,0,68,1,0.33,2026-08-13,grossista
982134138,DEFENCE GEL DET RIEQUIL 200ML,0,28,1,0.33,2026-08-05,grossista
982134177,SHINE ON CASTANO CIOCCOLATO FO,0,72,1,0.33,2026-08-06,grossista
982145029,AMIOIL CEROTTI 12PZ,0,138,2,0.66,2026-08-09,grossista
982176380,DELISOL 100ML,0,252,1,0.33,2026-08-07,grossista
982177863,DOLOMIA MU FOND 21 HLIFTING,6,0,4,1.32,2026-08-14,magazzino
982177925,DOLOMIA MU FOND 32 COL IDEA,5,0,3,0.99,2026-08-06,magazzino
982177937,DOLOMIA MU FOND 33 COL IDEA,3,0,1,0.33,2026-08-07,magazzino
982177990,DOLOMIA MU FOND 43 OIL FREE,3,0,1,0.33,2026-08-07,magazzino
982178016,DOLOMIA MU FOND 44 OIL FREE,5,0,4,1.32,2026-08-08,magazzino
982178042,DOLOMIA MU FOND 52 HD,4,0,2,0.66,2026-08-09,magazzino
982178055,DOLOMIA MU FOND 53 HD,8,0,1,0.33,2026-08-07,magazzino
982178067,DOLOMIA MU FOND 54 HD,3,0,1,0.33,2026-08-16,magazzino
982178079,DOLOMIA MU FOND 55 HD,7,0,1,0.33,2026-08-15,magazzino
982178093,ESI SERENESI GOCCE 50ML,17,0,5,1.65,2026-08-16,magazzino
982178117,ESI SERENESI NOTTE GOCCE 50ML,0,11,1,0.33,2026-08-08,grossista
982178206,DOLOMIA MU CORR 63 HD OCCH,6,0,2,0.66,2026-08-17,magazzino
982179210,FLEBOWIN 30CPR,0,125,1,0.33,2026-08-12,grossista
982391664,EKEEP H1 HALLUX VALGUS DIURNO3,4,3,1,0.33,2026-08-10,magazzino
982396513,CH SCALDABIBERON MULTIFUNZIONE,0,14,1,0.33,2026-08-09,grossista
982407924,RILASSANDO 30CPR MELATONINA,0,84,2,0.66,2026-08-10,grossista
982411237,NADRAL 16BUST,0,86,1,0.33,2026-08-11,grossista
982447157,CH BM ACQUA PROFUMATA DEL100ML,0,5,1,0.33,2026-08-09,grossista
982454807,JUST FOR MEN CONTROL GX SH2IN1,1,142,2,0.66,2026-08-06,magazzino
982454872,FORMULA D3 ORO 60CPR,0,655,1,0.33,2026-08-10,grossista
982465344,NORICA PROTEZIONE COMPLET300ML,0,225,1,0.33,2026-08-07,grossista
982466082,AMINOLIFE 20BUST,0,141,2,0.66,2026-08-12,grossista
982466169,MEDIPHARMA OLIVENOL MOISTUR CR,0,9,1,0.33,2026-08-17,grossista
982467932,CURAPROX CPS 06 PRIME REF TURQ,2,55,1,0.33,2026-08-18,magazzino
982468441,ALPINO LIQUIDO BRUCIA PORRI VE,0,167,2,0.66,2026-08-13,grossista
982468819,DINORM 400 GOCCE 10ML,0,1,1,0.33,2026-08-09,grossista
982473391,NUTRIFREE CORNETTI CLASSICI4PZ,0,100,1,0.33,2026-08-14,grossista
982475333,SERENITY PANTS SD SENS EX L 12,0,150,4,1.32,2026-08-11,grossista
982476121,ACIDO FOLICO PURO ANALC 30ML,0,13,1,0.33,2026-08-15,grossista
982478517,JOVENGEN NATURINCAS COLLA 390G,0,257,1,0.33,2026-08-09,grossista
982482073,ASPERSINA BARCODE SIERO 15ML,0,55,1,0.33,2026-08-08,grossista
982485435,SERENOTTE GOCCE 20ML,0,118,1,0.33,2026-08-11,grossista
982497784,PIACERI MEDIT MORDIMIX 4PZ 40G,0,63,1,0.33,2026-08-16,grossista
982514364,BIOREM GOCCE 30ML,0,129,3,0.99,2026-08-07,grossista
982515696,VITAMINDERMINA GEL ANTI SFREG,0,39,2,0.66,2026-08-17,grossista
982526699,RESTAX SHAMPOO AF DONNA 200ML,0,42,1,0.33,2026-08-18,grossista
982529606,ATOP 7 SPOT-ON D&C 10KG 4PIP,0,7,2,0.66,2026-08-07,grossista
982529822,MAIOLICHE SAPONE ADRIATIC500ML,5,0,1,0.33,2026-08-16,magazzino
982530659,GRIFFONIA FORTE 30CPR,0,148,1,0.33,2026-08-05,grossista
982531485,DIZEROUNO MOUSSE 100ML,0,33,1,0.33,2026-08-11,grossista
982532398,ADERMA A-D BIOLOGY CR LEGG40ML,0,2,1,0.33,2026-08-06,grossista
982532436,FLAVIS PAN RUSTICO 300G,0,233,2,0.66,2026-08-17,grossista
982532487,TELO STER MON TNT 50X50CM 20PZ,0,96,1,0.33,2026-08-07,grossista
982532855,TOLERIANE DERMALLERGO FLUI40ML,3,90,1,0.33,2026-08-12,magazzino
982544316,CH GIOCO ALL AROUND ACQUAMARIN,0,1,1,0.33,2026-08-13,grossista
982597205,DEUBIOMA 30CPR,0,80,1,0.33,2026-08-08,grossista
982599274,FITOSERA 30CPR,0,26,1,0.33,2026-08-09,grossista
982603449,CREMA PIEDI RIGENERANTE 75ML,0,6,2,0.66,2026-08-18,grossista
982615953,CH CONCHIGLIE RACCOGLILATTE,0,30,1,0.33,2026-08-10,grossista
982671428,MCT OLIO C8 BIO 500ML,0,60,1,0.33,2026-08-06,grossista
982682130,VOLTANATURA GEL NON MEDICATED,12,221,14,4.61,2026-08-16,magazzino
982683334,RIGENERA CREMA RISTRUTT 50ML,0,42,2,0.66,2026-08-13,grossista
982684413,CH TIRALATTE ELETTRICO,0,60,3,0.99,2026-08-11,grossista
982696700,BEBE SALVIETTINE DET ACQUA70PZ,0,44,1,0.33,2026-08-12,grossista
982716805,PASSIFLORA 60CPS,0,52,1,0.33,2026-08-14,grossista
982718746,LAMUSELAB ELISIR 30ML,0,38,1,0.33,2026-08-13,grossista
982724231,PULSOSSIMETRO PEDIATRICO M70A,0,1,1,0.33,2026-08-14,grossista
982736542,EPTA AC DETERGENTE SCRUB 150ML,0,26,1,0.33,2026-08-06,grossista
982752368,PROPOLI TITOLATA 30TAV MASTIC,0,37,1,0.33,2026-08-15,grossista
982752875,DUALSAN GAMB TERAP KKL1 RAL 3,1,2,1,0.33,2026-08-15,magazzino
982752887,DUALSAN GAMB TERAP KKL1 RAL 4,1,0,2,0.66,2026-08-16,magazzino
982815894,EPITACT QUERV'ACTIV DESTRO L,0,3,1,0.33,2026-08-16,grossista
982816276,FENOYAL GOCCE OCULARI 30CONT,0,180,1,0.33,2026-08-17,grossista
982821086,EKEEP N2 ELBOWKEEP ROM GOM DX,3,3,5,1.65,2026-08-17,magazzino
982931370,ESI DONNA LIFE CICLO MESTRUALE,0,30,1,0.33,2026-08-18,grossista
982935292,DIFORAL MED 0 20 COLLUTORIO,0,96,1,0.33,2026-08-18,grossista
982935316,FILORIN SPRAY NASALE IPER 3%,0,82,1,0.33,2026-08-05,grossista
982935355,FILORIN GOCCE 20ML,0,39,1,0.33,2026-08-13,grossista
982941686,ESENTA FILM PROT SALV 30PZ,0,57,1,0.33,2026-08-12,grossista
982941698,ESENTA FILM PROT SPRAY 50ML,0,73,2,0.66,2026-08-05,grossista
982942258,HAIR VOLUME SHAMPOO 250ML,0,4,1,0.33,2026-08-06,grossista
982945521,ARTELAC NIGHTTIME GEL 10G,0,136,1,0.33,2026-08-18,grossista
982945622,OPTIVE SOLUZIONE OFTALMICA10ML,0,246,2,0.66,2026-08-09,grossista
982949479,SAUBER FRESH DEO ROLL-ON 50ML,5,0,2,0.66,2026-08-08,magazzino
982951218,MACOLEN 20CPR 1000MG,0,7,1,0.33,2026-08-05,grossista
982951459,SINOVIAL HL64 SIR INTRA-ART2ML,0,152,2,0.66,2026-08-06,grossista
982953655,ZYMEREX GONFIORE GAS DOPPIA AZ,0,172,1,0.33,2026-08-17,grossista
982981589,PUMILENE RESPIRO SPRAY NASALE,0,10,1,0.33,2026-08-07,grossista
982984229,MUSTELA SPRAY SOLARE 200ML,0,77,3,0.99,2026-08-08,grossista
982990285,NUTRIREGULAR VEN URTO 20CPR,0,21,1,0.33,2026-08-09,grossista
982999132,DEFENCE SUN LATTE 30 200ML,0,234,2,0.66,2026-08-06,grossista
982999169,DEFENCE SUN CREMA MINERALE 30,0,1,1,0.33,2026-08-10,grossista
983040546,ERISIMO 60CPS,0,19,1,0.33,2026-08-07,grossista
983173345,SERENITY PANN MUT SD EX S 30PZ,0,46,1,0.33,2026-08-18,grossista
983199884,BIRIBO' CIOCCOLATO FONDENTE,0,37,1,0.33,2026-08-11,grossista
983273780,AMIN 21K BAR CIOCCOLATO 20BAR,0,8,1,0.33,2026-08-18,grossista
983278197,RINOMAST SPRAY NASALE 30ML,0,26,5,1.65,2026-08-12,grossista
983278209,METILBEN 30CPR,0,51,3,0.99,2026-08-11,grossista
983282397,SPASMINA IBS DM 30CPR RIVEST,0,55,2,0.66,2026-08-06,grossista
983283615,BRONCHIFLU 14BUST,0,337,1,0.33,2026-08-13,grossista
983301589,IDRASTIN LIQUIDO 500ML,0,60,1,0.33,2026-08-14,grossista
983304369,MICRONIL ACT 30BUST,0,7,1,0.33,2026-08-15,grossista
983321302,INFEVIS LIQUIDO ANALCO 100ML,0,3,2,0.66,2026-08-05,grossista
983322431,HERPASORIN IDROGEL PROT NASALE,0,21,1,0.33,2026-08-16,grossista
983356458,TRICOLOR CLASSIC 6 BIONDO SCU,0,125,1,0.33,2026-08-07,grossista
983356472,TRICOLOR CLASSIC 8 BIONDO CHI,0,71,2,0.66,2026-08-05,grossista
983356496,TRICOLOR CLASSIC 5 3 CACAO,0,14,1,0.33,2026-08-08,grossista
983364415,MAGNESIO E POTASSIO POLV 360G,0,96,1,0.33,2026-08-09,grossista
983365040,DERMOVITAMINA CALM XT CR PALP,0,137,1,0.33,2026-08-08,grossista
983372956,ESI LE DIECI ERBE LATTULOSIO,0,5,1,0.33,2026-08-17,grossista
983373010,ESI BIOCOLLAGENIX AMPOLLA SING,28,222,1,0.33,2026-08-13,magazzino
983373061,PARODONTAX GENGIVE+ALITO EXTRA,1,0,1,0.33,2026-08-18,magazzino
983374063,PHOTODERM CREME CLAIRE SPF50+,0,58,4,1.32,2026-08-10,grossista
983391208,EKEEP B3 SURGICAL BRA POST 01,1,2,1,0.33,2026-08-05,magazzino
983391261,EKEEP B3 SURGICAL BRA POST 03,1,12,1,0.33,2026-08-14,magazzino
983391297,EKEEP B3 SURGICAL BRA POST 06,1,3,3,0.99,2026-08-11,magazzino
983441849,AVENE HOMME GEL BARBA 150ML,0,38,1,0.33,2026-08-16,grossista
983450192,PAIDINIL 30CPR,0,315,1,0.33,2026-08-06,grossista
983466362,DONNA PIU' 60CPS,0,12,4,1.32,2026-08-17,grossista
983510191,HERICIUM 180PAST,0,27,1,0.33,2026-08-12,grossista
983513755,KUKIDENT PLUS BARRI A/CIBO 40G,37,1282,1,0.33,2026-08-06,magazzino
983531221,PURES SPRAY ACARICID PMC 150ML,0,175,1,0.33,2026-08-13,grossista
983531599,DERMORELIZEMA ULTRA IDRATANTE,0,214,1,0.33,2026-08-07,grossista
983533643,ERIGO 20STICK,0,101,1,0.33,2026-08-08,grossista
983533718,SPIRIAL DEODORANTE CREMA 50ML,0,207,1,0.33,2026-08-09,grossista
983542010,BIOTINA ANALCOOLICO 200ML,0,24,1,0.33,2026-08-12,grossista
983542109,MIOINOSITOLO 120G,0,41,1,0.33,2026-08-10,grossista
983587989,OCOCO ACQUA DI COCCO 500ML,0,48,1,0.33,2026-08-11,grossista
983588183,SUPREMO 20BUST,0,163,1,0.33,2026-08-12,grossista
983592357,KLORANE SHAMPOO CEDRO 200ML,0,35,1,0.33,2026-08-08,grossista
983592369,KLORANE SH PURIFYING CEDRO,0,30,1,0.33,2026-08-12,grossista
983660933,SERENAMENTE 30CPS,0,236,1,0.33,2026-08-14,grossista
983661543,THOTALE SH RINFORZANTE 200ML,0,1,2,0.66,2026-08-15,grossista
983674209,CH GIOCO MSDD CHAMELEON DO PL,0,25,1,0.33,2026-08-13,grossista
983674615,EXOMEGA SPRAY EMOLLIENTE 50ML,0,3,1,0.33,2026-08-13,grossista
983674779,EXOMEGA ALLERGO CS 200ML,0,253,1,0.33,2026-08-09,grossista
983679046,OLIO MANDORLE DOLCI PROF FIORI,0,7,1,0.33,2026-08-15,grossista
983679059,OLIO MANDORLE DOLCI NATURALE,0,35,1,0.33,2026-08-14,grossista
983689163,DOLOMIA SC RT SIERO 30ML,3,0,4,1.32,2026-08-18,magazzino
983689225,DOLOMIA OSE 22 01 OMBRETTO LIQ,3,0,1,0.33,2026-08-10,magazzino
983689237,DOLOMIA OSE 22 02 OMBRETTO LIQ,4,0,2,0.66,2026-08-11,magazzino
983689340,DOLOMIA OSX 22 SMALTO 5 LEA,5,0,1,0.33,2026-08-17,magazzino
983696079,MAGSOL 5 EXTRA 60CPR,0,648,1,0.33,2026-08-16,grossista
983696826,ALFARE' POLVERE 400G,0,1,1,0.33,2026-08-15,grossista
983701386,THEISS MUCOPLANT SPRAY TOSSE,0,51,2,0.66,2026-08-13,grossista
983701501,CH BIBERON NF PP 0M+ 150ML UNI,0,52,1,0.33,2026-08-16,grossista
983701513,CH BIBERON NF PP 0M+ 150ML BBA,0,26,2,0.66,2026-08-17,grossista
983701576,CH BIBERON NF PP 6M+ 330ML BBA,0,38,1,0.33,2026-08-17,grossista
983705005,MILLEDI' 30SOFTGEL,0,90,1,0.33,2026-08-18,grossista
983750377,NUTRAMET FIBRA 320G,0,176,1,0.33,2026-08-15,grossista
983750454,FILORGA HYDRA HYAL CREME 50ML,0,89,1,0.33,2026-08-05,grossista
983754019,CURASEPT PROXI T14 OCR/DGOLD6P,0,39,1,0.33,2026-08-06,grossista
983754084,CURASEPT PROXI T13 CONE BORD6P,0,62,1,0.33,2026-08-07,grossista
983757461,AVEENO BABY FLUID 400ML BUNDLE,6,0,2,0.66,2026-08-10,magazzino
983760784,SPACE UP SENO 100ML,6,0,2,0.66,2026-08-06,magazzino
983773615,BEPANTHENOL TATTOO DETERGENTE,0,142,1,0.33,2026-08-08,grossista
983773704,LISTERINE ADVANCED WHITE DEL,3,146,1,0.33,2026-08-16,magazzino
983773781,NEUTROGENA CORPO FLUIDA S/PROF,0,33,1,0.33,2026-08-09,grossista
983782665,ALTRAPELLE MEDICAL RAGADI 7ML,0,23,1,0.33,2026-08-10,grossista
983784024,CLIVON CIST 20CPS,0,21,1,0.33,2026-08-17,grossista
983791221,DELTACRIN WNT SPR PHARCOS125ML,0,126,1,0.33,2026-08-11,grossista
983794049,MOTIX-D 60CPR,0,11,1,0.33,2026-08-12,grossista
983801630,ZYMEREX COLON E STRESS 24CPR,0,196,2,0.66,2026-08-13,grossista
983810666,FDC FRESELLE INTEGRALI MIN220G,0,42,1,0.33,2026-08-18,grossista
983837194,FLOMEL CREMA GEL 200ML,0,176,1,0.33,2026-08-09,grossista
983842055,DENTOSAN COLLUT BIP0 12%+0 05%,22,7,1,0.33,2026-08-16,magazzino
984026548,NORICA PROT COMPLETA ESS BALS,0,327,4,1.32,2026-08-12,grossista
984098691,REV EFFACE JOUR PLUS 30ML,0,31,1,0.33,2026-08-05,grossista
984099147,ACUSEPT 40STICK PACK,0,175,1,0.33,2026-08-14,grossista
984099630,PEYROCUR FORTE 14BUST,0,393,1,0.33,2026-08-16,grossista
984143747,DUODET PHARCOS 400ML,0,29,1,0.33,2026-08-06,grossista
984152088,DERMOZOIL DETERGENTE A RISCIAC,0,45,1,0.33,2026-08-15,grossista
984155251,VISED 30CPS,0,26,1,0.33,2026-08-16,grossista
984158307,DEPURLAX 12BUST,0,40,1,0.33,2026-08-05,grossista
984158461,LOVREN BLUSH COLOR BOOSTER,0,26,3,0.99,2026-08-14,grossista
984178739,RILASTIL DAILY C TONICO 200ML,0,181,4,1.32,2026-08-17,grossista
984206274,EQUILIBRA PUNTUALITA' QUO30CPR,0,66,1,0.33,2026-08-18,grossista
984211161,ROC KEOPS DEO STICK 40ML,0,530,3,0.99,2026-08-05,grossista
984320251,CLIADENT COLLUTORIO OZONOIL,14,242,1,0.33,2026-08-07,magazzino
984320364,BLUE BRAIN 10BUST 2G,0,41,2,0.66,2026-08-16,grossista
984327864,EPIGEL TUBO GEL 10G,0,68,2,0.66,2026-08-06,grossista
984328979,EKEEP M1 NEUROWRIST TUT SX 3,1,0,1,0.33,2026-08-07,magazzino
984330252,INFILA CALZE SPECIALE,0,20,1,0.33,2026-08-08,grossista
984330441,ONCE A DAY 30CPS INTOLERAN,0,13,1,0.33,2026-08-07,grossista
984356194,GLICEFIT ACTIVE 30CPR,0,50,1,0.33,2026-08-09,grossista
984356966,CETAPHIL EMULSIONE DET 250ML,0,113,1,0.33,2026-08-10,grossista
984356992,CETAPHIL CREMA IDRATANTE 100G,0,455,1,0.33,2026-08-18,grossista
984358883,LOVREN OMBRETTO DUO BROWN,0,8,1,0.33,2026-08-12,grossista
984359164,URIAGE EAU MICELLAIRE PS 250ML,0,18,1,0.33,2026-08-11,grossista
984361028,TRICOX 20TAV+20GELL+20CPS NF,0,52,1,0.33,2026-08-12,grossista
984414502,XAZEPIN ORO FAST RELEASE20BUST,0,187,1,0.33,2026-08-08,grossista
984462150,HIPP BIO CREMA CRL FARRO 200G,0,16,1,0.33,2026-08-09,grossista
984462679,MEDS OFTAMED'S SALV STER PERIO,0,64,1,0.33,2026-08-13,grossista
984498802,CER PIC CICATRIZZANTE 10X12 5P,5,12,2,0.66,2026-08-13,magazzino
984499222,FRESCASCHIUMA AGRUMI DET MAN&C,0,4,1,0.33,2026-08-14,grossista
984499261,ACTIVE PET ARTICOLAZIONI 60CPR,0,69,1,0.33,2026-08-08,grossista
984500138,BIOCOLORIST SPR RITOCCO CAS SC,0,21,2,0.66,2026-08-15,grossista
984502993,VENADREM 30CPR,0,57,1,0.33,2026-08-15,grossista
984513895,TROSPATA 500 20BUST,0,26,1,0.33,2026-08-16,grossista
984515205,DONAVIT SUPRA 30CPS,0,194,2,0.66,2026-08-08,grossista
984515888,SCHOLL CER VESCICHE TALLONE,0,18,1,0.33,2026-08-10,grossista
984520306,DERMACOTONE SLIP PROT ASS L 8P,0,83,1,0.33,2026-08-11,grossista
984520332,DERMACOTONE PANN MUT L 12PZ,0,66,3,0.99,2026-08-17,grossista
984554915,GUAM PANTASLIM CRYO+RIC3X100ML,0,67,2,0.66,2026-08-10,grossista
984559726,RILASTIL SMAGLIAT CREMA 75ML,0,36,1,0.33,2026-08-18,grossista
984561605,LYCIA VAPO BEAUTY CARE 75ML,0,65,4,1.32,2026-08-11,grossista
984561908,ASCIUGACAPELLI TRAVEL PIEGHEV,0,105,1,0.33,2026-08-12,grossista
984569842,SHINE ON HSPLUS BIONDO 7 00,0,46,1,0.33,2026-08-05,grossista
984575528,VITAL PROTEINS COLLAG PEP 10ST,0,39,1,0.33,2026-08-06,grossista
984592384,MICROSTAX 30CPR,0,40,1,0.33,2026-08-12,grossista
984618102,VITA D-K2 60CPR,0,257,1,0.33,2026-08-07,grossista
984619041,CENTROVISION 4 PLUS 30TAV,0,218,1,0.33,2026-08-15,grossista
984621298,SWISSE MULTIVITAMINICO D 30CPR,4,106,9,2.96,2026-08-13,magazzino
984649386,REMOREX 30CPR,0,39,1,0.33,2026-08-08,grossista
984649828,VENOFLEB 30CPR,0,40,1,0.33,2026-08-14,grossista
984654285,FERROSTICK 30STICK,0,19,1,0.33,2026-08-09,grossista
984705107,MANUVA CIST FORTE 7BUST,0,43,1,0.33,2026-08-10,grossista
984708038,COLPHARMA BRACCIALETTI ANTIZAN,0,9,1,0.33,2026-08-11,grossista
984733648,BAKEL NUTRI-REMEDY CASE&REFILL,3,0,9,2.96,2026-08-14,magazzino
984744870,BARILIFE PROTEINE 450G,0,53,1,0.33,2026-08-08,grossista
984744882,MECOLIN 1200 14BUST,0,518,2,0.66,2026-08-11,grossista
984767436,DEPILZERO CREMA ASCELLE/BIKINI,0,95,1,0.33,2026-08-12,grossista
984767448,DEPILZERO CREMA GAMBE/BRACCIA,0,137,1,0.33,2026-08-15,grossista
984776637,CH SCUOLABUS ABC,0,9,1,0.33,2026-08-13,grossista
984780128,PROMODERM ACNE 400ML,0,85,1,0.33,2026-08-08,grossista
984785016,CETAPHIL OPTIMAL H LOZ 237ML,0,23,1,0.33,2026-08-14,grossista
984785105,NICO H MASCHERA CAPELLI 200ML,0,17,1,0.33,2026-08-16,grossista
984785156,NEO PECIA FT 60CPR DIETALINEA,0,84,1,0.33,2026-08-10,grossista
984785168,SONNOK MELATONINA RAPID 60CPR,0,87,1,0.33,2026-08-15,grossista
984787996,MELATONINA ACT +CAMOMIL 30BUST,35,301,1,0.33,2026-08-17,magazzino
984789166,PHYTOCYANE FIALE D CAD TEMPOR,0,110,1,0.33,2026-08-18,grossista
984789901,EUPHRALIA IGIENE BABY MONO10PZ,0,108,1,0.33,2026-08-15,grossista
984794457,CYSTIFREE 60CPS REALE 1870,0,15,2,0.66,2026-08-10,grossista
984794697,ARKOCPS FIENO GRECO 40CPS,0,5,2,0.66,2026-08-11,grossista
984796197,ORALB VITALITY ADULT SPAZZ ELE,0,254,4,1.32,2026-08-05,grossista
984800906,FERTIVIR PLUS 60CPS,0,46,1,0.33,2026-08-16,grossista
984802722,RACCHETTA ANTIZANZARE,0,1,1,0.33,2026-08-16,grossista
984805174,VISTA SANA 100PAST,0,84,1,0.33,2026-08-11,grossista
984813725,CURASEPT DAYCARE COLLUT FRO250,0,157,1,0.33,2026-08-17,grossista
984813749,VITAMINA A PURA 150PAST,0,62,3,0.99,2026-08-05,grossista
984815593,SERENITY CLASSIC TRAV SUP40X60,0,61,1,0.33,2026-08-18,grossista
984818839,ISYPAN PESANTEZZA GONFIOR20CPR,0,163,2,0.66,2026-08-05,grossista
984825861,GLUTEN ALARM CELIACHIA TEST,0,5,1,0.33,2026-08-06,grossista
984834515,MICO POLYPOR 70CPS,0,4,1,0.33,2026-08-07,grossista
984834731,VELAPROST 20CPR,0,137,1,0.33,2026-08-08,grossista
984836306,HERPASORIN SPRAY NASALE 15ML,0,116,1,0.33,2026-08-09,grossista
984845038,SOFFISOF LADY CLASSIC SUPER15P,0,89,1,0.33,2026-08-18,grossista
984851410,FLOGOART PLUS 20CPR,0,119,1,0.33,2026-08-10,grossista
984852828,RILASTIL PROGRES SIERO ANTIR,0,121,3,0.99,2026-08-11,grossista
984862312,PROBIOS BIO AVENA BOWL FRU BOS,0,61,1,0.33,2026-08-17,grossista
984862324,PROBIOS BIO CRISPY 3CE MUESLI,0,23,1,0.33,2026-08-06,grossista
984867325,BAKEL RELIEF-THER CASE&REFILL,1,0,9,2.96,2026-08-07,magazzino
984867945,VERAVIS T SUPREMO GRANI CO 90G,0,34,1,0.33,2026-08-12,grossista
984867958,VERAVIS PLUS SUPR FER LAT PAST,0,102,2,0.66,2026-08-18,grossista
984867960,OLIVIS LIQUIDO ALCOOLICO 200ML,0,44,1,0.33,2026-08-11,grossista
984891717,MEDIPRESTERIL TERMO ECOL CLASS,0,61,1,0.33,2026-08-08,grossista
984897583,QUINTON HYPERTONIC 30F 10ML,0,25,1,0.33,2026-08-13,grossista
984925139,OLIVIS LIQUIDO ALCOOLICO 100ML,0,33,1,0.33,2026-08-14,grossista
984952679,VITINIX VENE 30CPR,0,82,1,0.33,2026-08-09,grossista
984966022,NOVA ENTERO 2 MILIARDI 10FL,16,89,2,0.66,2026-08-06,magazzino
984967024,FOOTCARE CORR DITA MART AN C14,0,33,1,0.33,2026-08-15,grossista
985000645,ANTHELIOS FLUIDO OIL C/PROF50+,0,503,1,0.33,2026-08-16,grossista
985002005,ZYLKENE PLUS CANI/GATTI 10KG,0,134,1,0.33,2026-08-17,grossista
985009416,PHOTODERM AQUAFLUID SPF50+40ML,0,38,1,0.33,2026-08-18,grossista
985025295,DEFLOGO DOL 30CPR MP 1050MG,0,152,1,0.33,2026-08-05,grossista
985323029,PLUSGAR 30CPR,0,122,1,0.33,2026-08-10,grossista
985480920,FRANGIPANI CREMA PROF CORPO,0,13,1,0.33,2026-08-06,grossista
985495199,LIFTACTIV R SERUM 30ML,6,13,4,1.32,2026-08-11,magazzino
985495718,AKTIVAIT SMALL BREED 60CPR,0,42,1,0.33,2026-08-07,grossista
985501028,PREP CREMA FOR LADIES 75ML,0,25,4,1.32,2026-08-07,grossista
985501713,SOS OCCHI 0 5% GEL OFTALMICO,0,27,1,0.33,2026-08-07,grossista
985505748,GUAM PANTACELL RICARICA 3BUST,0,44,1,0.33,2026-08-08,grossista
985509304,VITD3+K2 30SOFTGELS,0,551,1,0.33,2026-08-10,grossista
985513100,PALPEBRAL BAUME 30ML,0,194,5,1.65,2026-08-15,grossista
985516246,CLENNY TERMO GREEN S/MERCURIO,60,237,1,0.33,2026-08-15,magazzino
985549587,BAKEL F-DESIGNER DRY CASE&REFI,3,0,6,1.98,2026-08-12,magazzino
985571215,TOLERIANE TEINT FLUIDO 9,0,12,1,0.33,2026-08-18,grossista
985571278,TOLERIANE TEINT FLUIDO 14,3,24,2,0.66,2026-08-13,magazzino
985574591,SENSITIV EVO SPRAY 200ML,0,157,5,1.65,2026-08-05,grossista
985581887,LACRISUN TONIC 5% 10ML,0,59,1,0.33,2026-08-13,grossista
985591508,ENTEROBEN 500MLD 10STICK PACK,0,85,1,0.33,2026-08-09,grossista
985621349,MUSTELA STELATOPIA+ CREMA150ML,0,25,1,0.33,2026-08-14,grossista
985625464,SENSINITRYL PRO GUANTO NITR S,0,75,1,0.33,2026-08-17,grossista
985656495,PURES MISCELA SOS PUNTURE 30ML,0,37,2,0.66,2026-08-14,grossista
985656521,PURES STICK TROPICAL 20ML,0,29,1,0.33,2026-08-10,grossista
985661507,MAGNESIONORM 14BUST,0,3,1,0.33,2026-08-11,grossista
985668084,ONTHERAPY STICK FOTOPROT TRASP,0,49,1,0.33,2026-08-12,grossista
985668363,ADERMA BIOLOGY AC GLOBAL TRATT,0,69,1,0.33,2026-08-13,grossista
985670847,COLOR KIT 8 BIONDO CHIARO,0,51,1,0.33,2026-08-15,grossista
985670898,MICO FIVE 70CPS,0,4,1,0.33,2026-08-16,grossista
985713787,PURONERV DOL 60CPS,0,27,3,0.99,2026-08-09,grossista
985723675,PEDIAVIT GOCCE 15ML,0,366,3,0.99,2026-08-10,grossista
985724362,NOSTASS 150ML,0,46,2,0.66,2026-08-14,grossista
985725946,PROBIOS KETO BREAD S/GLUT 200G,0,100,3,0.99,2026-08-17,grossista
985769696,VITGASE CREMA 100ML,0,57,2,0.66,2026-08-15,grossista
985773201,ALOE VERA CREMA 3IN1 BIO AIAB,0,10,2,0.66,2026-08-14,grossista
985778341,DOLOMIA MU MASCH OCCHI ANTIFAT,7,0,1,0.33,2026-08-12,magazzino
985778428,DOLOMIA OSX 23 05 SMALTO BEA,5,0,1,0.33,2026-08-18,magazzino
985778430,DOLOMIA OSX 23 06 SMALTO LUCE,6,0,2,0.66,2026-08-11,magazzino
985778455,DOLOMIA MU NAIL 15 LEVASMALTO,7,0,4,1.32,2026-08-18,magazzino
985794458,SOFFISOF CLAS TRAV 8GTT 60X60,0,28,2,0.66,2026-08-17,grossista
985797442,CH FASCIA GRAVIDANZA S,0,14,1,0.33,2026-08-16,grossista
985797455,CH FASCIA GRAVIDANZA M,0,26,2,0.66,2026-08-14,grossista
985825470,AVENE XERACALM NUTR LATTE200ML,0,27,1,0.33,2026-08-17,grossista
985827791,ECZEANE OLIO DETERGENTE 1L,0,82,1,0.33,2026-08-09,grossista
985830583,M2 MANUKEEP TUT POLS SX TG03,1,0,2,0.66,2026-08-07,magazzino
985830621,M3 THUMBKEEP TUT POLS/PO DX 03,1,3,1,0.33,2026-08-11,magazzino
985830633,M3 THUMBKEEP TUT POLS/PO SX 01,1,2,1,0.33,2026-08-18,magazzino
985871918,ABD IMMUNO 30CPR,0,52,1,0.33,2026-08-18,grossista
985872377,LEVANTHIOL GOCCE 30ML,0,25,1,0.33,2026-08-05,grossista
985872555,DT MINERAL SHAMPOO 200ML,17,41,3,0.99,2026-08-06,magazzino
985917956,POLIDENT POWER MAX SUPER 70G,9,224,11,3.62,2026-08-05,magazzino
985918515,PREP LATTE SOLARE P SENS 50+,0,30,1,0.33,2026-08-06,grossista
985918592,PREP SCHIUMA BARBA CLASS 300ML,10,26,1,0.33,2026-08-16,magazzino
985918768,ZANZARELLA BRACC UNDER THE SEA,0,55,1,0.33,2026-08-07,grossista
985919125,FORZA VIT 60CPR MICROCARE,0,133,1,0.33,2026-08-11,grossista
985919188,CH VASINO PAPER PLAST RICICLAB,0,17,1,0.33,2026-08-08,grossista
985978497,AKNET AZEROSE TRATT INTENS30ML,0,140,1,0.33,2026-08-09,grossista
985985593,GUSTO APROTEICO MACCHERONI RIG,0,58,1,0.33,2026-08-06,grossista
985988548,CUSCINETTO DOPPIA PROTEZIONE M,0,1,1,0.33,2026-08-10,grossista
985990213,EPTA PSO 50 PLUS CR CALLOS50ML,0,7,1,0.33,2026-08-11,grossista
985995657,PAMPERS BD NEWBORN 24PZ,0,146,1,0.33,2026-08-18,grossista
985999541,VETRAMIL SPRAY 20ML,0,23,1,0.33,2026-08-12,grossista
986004861,NUTRIVA COLLAGENAST 225ML,0,18,2,0.66,2026-08-05,grossista
986065833,HYLOVISION GEL SINE FM 20FL,0,132,1,0.33,2026-08-13,grossista
986105777,BENDIAR MINI 10CPR,0,47,1,0.33,2026-08-14,grossista
986112276,FERACHEL PRO 24CPS,3,56,2,0.66,2026-08-17,magazzino
986112720,CARTILAGEA SALUGEA 18FL,0,45,1,0.33,2026-08-15,grossista
986117190,TRIVIS AGA DONNA LOZIONE 100ML,0,6,1,0.33,2026-08-13,grossista
986117582,ENERVIT PR KETO CR CIOC 180G,0,65,1,0.33,2026-08-16,grossista
986118204,CARESENS N GLICEMIA 25STR,14,3224,1,0.33,2026-08-08,magazzino
986128623,REMOVE SALVIETTE 50PZ,0,36,3,0.99,2026-08-11,grossista
986129031,ENAVIT SUDAMIN 10+10BUST,0,445,1,0.33,2026-08-06,grossista
986286918,ENTEROLACTIS BEVIBILE 6FL,0,112,1,0.33,2026-08-17,grossista
986328437,VIRILBOOST UP 60CPR,0,55,1,0.33,2026-08-05,grossista
986395770,ANACAPS REACTIV GEL 90U 90CPS,21,71,11,3.62,2026-08-08,magazzino
986432870,COLPHARMA THERMO GREEN TERMO,21,0,2,0.66,2026-08-14,magazzino
986464826,BIOKILL PIRETRO NATURALE 1L,0,100,1,0.33,2026-08-07,grossista
986466377,PROBIOS MAGIC PILLOW EX DARK,0,31,1,0.33,2026-08-10,grossista
986470704,OTI B12 VITAMINA B12 GTT 20ML,0,287,2,0.66,2026-08-18,grossista
986472963,OCULVET GEL 10ML,0,92,1,0.33,2026-08-05,grossista
986473864,DERMOVITAMINA CALM GEL ALOE,5,17,3,0.99,2026-08-08,magazzino
986478713,DIGEST EV ENZYME 30CPR,0,34,1,0.33,2026-08-15,grossista
986480364,VASOTONIK EMULGEL 150ML,0,120,1,0.33,2026-08-09,grossista
986496976,MARINOTROFINE CREMA GEL 100ML,0,37,1,0.33,2026-08-09,grossista
986497220,RILASTIL SMAGLIATURE 10FX5ML,0,224,2,0.66,2026-08-06,grossista
986497687,ANNURMETS HAIR BALSAMO 200ML,0,8,1,0.33,2026-08-10,grossista
986581876,CICLOLEN EQUILIBRIO 30CPR,0,35,1,0.33,2026-08-07,grossista
986582221,CUMAVIS 30STICK PACK,0,47,1,0.33,2026-08-11,grossista
986624765,DERMOVITAMINA MICO SMALTO TRAS,0,100,2,0.66,2026-08-15,grossista
986624981,SWISSE FERRO 40GOMMOSE,0,56,1,0.33,2026-08-12,grossista
986625299,COLORS TISANIERA LADY LAVANDER,1,0,1,0.33,2026-08-09,magazzino
986626024,HYDRALEN SIERO 30ML,0,56,1,0.33,2026-08-13,grossista
986629297,CURAPROX PULISCI LINGUA CTC203,0,45,1,0.33,2026-08-14,grossista
986705489,ELIFRI 30CPS,12,54,5,1.65,2026-08-14,magazzino
986708194,TRICOMNIA OLIO RISTRUTTURANTE,0,39,3,0.99,2026-08-15,grossista
986708446,OPCLYM 30CPS+30CPR,0,2,1,0.33,2026-08-08,grossista
986708600,CHILLY DETERGENTE FRESCO 300ML,0,56,1,0.33,2026-08-09,grossista
986708980,CARDIONAM NO COLEST 30CPR,0,234,1,0.33,2026-08-08,grossista
986709335,DOLOMIA CIPRIA ANTIETA' 82 WAT,3,0,1,0.33,2026-08-07,magazzino
986709448,DOLOMIA PENNELLO 03 FARD,3,0,1,0.33,2026-08-06,magazzino
986710832,PRESVIS T 75PAST,0,10,1,0.33,2026-08-07,grossista
986736458,PERVIRAL 20BUST,0,788,1,0.33,2026-08-10,grossista
986826307,NEUTROGENA RETINOL B CR VISO,10,19,1,0.33,2026-08-12,magazzino
986826319,NEUTROGENA RETINOL B SIERO30ML,7,24,1,0.33,2026-08-09,magazzino
986857340,CERAVE BALSAMO RIPA AVANZ 50ML,5,49,1,0.33,2026-08-15,magazzino
986860601,TENA SILHOUETTE P WHITE L 10PZ,0,101,1,0.33,2026-08-14,grossista
986861870,DTOPIC CREMA LIPOFILA 30ML,0,160,1,0.33,2026-08-16,grossista
986864522,NUTILIS AQUA GEL LIM 4PZ,0,179,3,0.99,2026-08-13,grossista
986873305,ABBRONZATURA SANA 80PAST RM,0,4,1,0.33,2026-08-18,grossista
986873394,ALGASIV PASTA ADESIVA PROMO,43,61,1,0.33,2026-08-17,magazzino
986887471,SELFTEST HIV 1/2 SOFARMAPIU',0,84,1,0.33,2026-08-18,grossista
986894069,CH GIOCO HAPPY HIPPY WALKER 23,0,4,1,0.33,2026-08-08,grossista
986895454,EKEEP H3 MALLEOKEEP CAVIGL 1,2,0,1,0.33,2026-08-11,magazzino
986895480,EKEEP H3 MALLEOKEEP CAVIGL 4,2,1,3,0.99,2026-08-05,magazzino
986903084,SILBONE 20BUST,0,45,1,0.33,2026-08-12,grossista
986904656,COLESTEROL ACT 70+ 30CPR,0,254,2,0.66,2026-08-09,grossista
986913756,SEBIUM HYDRA CLEANSER 200ML,0,50,2,0.66,2026-08-11,grossista
986917781,MARGUTTA ORECCHINO IOLE,3,0,1,0.33,2026-08-11,magazzino
986921740,FLAVIS DELIZIA ALLE ERBE 130G,0,100,2,0.66,2026-08-06,grossista
986956629,PHYTO COL BARRIERA 20CPR,0,30,2,0.66,2026-08-07,grossista
986965061,CH GOMM LUXE 2-6 GIRL 1PZ,0,63,1,0.33,2026-08-13,grossista
986965109,CH GOMMOTTINO 0-2 SIL 1PZ,0,25,2,0.66,2026-08-18,grossista
986988158,MARKEUTICALS MENOCORT 60BUST,0,22,1,0.33,2026-08-09,grossista
987025626,RILASTIL SIERO PORE MINIMIZER,0,45,1,0.33,2026-08-14,grossista
987025653,PIC EASY WASH PERA CAN 143ML,0,128,1,0.33,2026-08-09,grossista
987025665,PIC EASY WASH PERA CAN 224ML,0,53,3,0.99,2026-08-05,grossista
987025703,PIC SOFT WASH SCHIZZETTO 35ML,0,128,1,0.33,2026-08-12,grossista
987025741,PIC SOFT WASH SCHIZZETTO 250ML,0,161,1,0.33,2026-08-15,grossista
987033204,CREMA GIORNO RASS MELOGR/MACA,0,18,1,0.33,2026-08-08,grossista
987038294,BAKEL PEP TECH CASE&REFILL30ML,2,0,8,2.64,2026-08-09,magazzino
987039132,ZCARE NATURAL CEROTTI 24PZ,0,100,1,0.33,2026-08-16,grossista
987054893,DERMACOTONE BAGNO SHAMPOO 2IN1,0,30,1,0.33,2026-08-11,grossista
987057775,OTOACT PLUS 100ML,0,181,1,0.33,2026-08-10,grossista
987166966,BRUX ANTISTRESS CHEWING GUM,0,129,1,0.33,2026-08-17,grossista
987219779,VALDISPERT SONNO COMPLETO30CPR,0,458,1,0.33,2026-08-18,grossista
987221456,CUMAVIS CREMA 100ML,0,30,3,0.99,2026-08-14,grossista
987248503,VADO NO GAS 20CPS,0,14,1,0.33,2026-08-05,grossista
987249950,BENDIAR PASTA 30G,0,105,1,0.33,2026-08-06,grossista
987251081,CETAPHIL FLUIDO IDRAT 237ML,0,76,1,0.33,2026-08-07,grossista
987251093,CETAPHIL DETERGENTE QUOT 237ML,0,66,1,0.33,2026-08-08,grossista
987253414,SCHAR INTEGRALE MASTRO PAN330G,0,148,1,0.33,2026-08-10,grossista
987257692,ACTIVE LIVER 60PAST GOMMOSE,0,60,1,0.33,2026-08-11,grossista
987258872,KRINESIA LOZIONE CAPELLI 60ML,0,16,1,0.33,2026-08-09,grossista
987258908,NUTRIFREE SUPER CRUNCH MUE NOC,0,100,3,0.99,2026-08-12,grossista
987264203,SERENITY CARE ZINCO SPRAY250ML,0,294,1,0.33,2026-08-10,grossista
987264215,SERENITY CARE CR BARRIERA ZINC,0,73,2,0.66,2026-08-11,grossista
987278189,CH GIOCO PALLA MUSICALE,0,41,2,0.66,2026-08-11,grossista
987289307,BAKEL SUPER ACT WATER 150ML,2,0,1,0.33,2026-08-10,magazzino
987289648,ADMUCOSOL 20BUST,0,5,1,0.33,2026-08-12,grossista
987290362,AVENT SET CURA BAMBINO 6PZ,0,4,1,0.33,2026-08-13,grossista
987290741,ORALB PRO 1 CROSS SPAZZ+1REF,0,12,1,0.33,2026-08-14,grossista
987295639,MY SELF SKINCARE CREMA CORPO,0,103,1,0.33,2026-08-15,grossista
987303791,SACCA URINA GAMBA 750ML 10 10P,0,143,1,0.33,2026-08-13,grossista
987315811,SCREEN TEST CANDIDA SELFTEST1P,0,73,2,0.66,2026-08-11,grossista
987317031,OCULVET GOCCE 10ML,0,212,1,0.33,2026-08-12,grossista
987317955,APROPOS MAGNESIO/POTASSIO S/ZU,0,6,1,0.33,2026-08-16,grossista
987320254,BIAGLUT FARINA CLASSICA 1KG,0,169,1,0.33,2026-08-16,grossista
987320379,APROTEN GEMMINE 500G,0,174,1,0.33,2026-08-17,grossista
987320443,APROTEN SEDANINI 500G,0,60,2,0.66,2026-08-12,grossista
987327083,BAKEL BHA SOLUTION 50ML,1,0,1,0.33,2026-08-13,magazzino
987330661,APROTEN LINGUINE 500G,0,178,1,0.33,2026-08-18,grossista
987330673,APROTEN SPAGHETTI 500G,0,172,1,0.33,2026-08-17,grossista
987333616,DERMOVITAMINA CALM BURRO CORPO,3,65,5,1.65,2026-08-14,magazzino
987362009,DOLOMIA SC FL CREMA DET 125ML,3,0,8,2.64,2026-08-14,magazzino
987362011,DOLOMIA SC FL CREMA RICCA 50ML,2,0,1,0.33,2026-08-14,magazzino
987362035,DOLOMIA SC FL SIERO 30ML,3,0,3,0.99,2026-08-08,magazzino
987362391,BAKEL THE ONE CASE&REFILL 50ML,3,0,10,3.29,2026-08-14,magazzino
987369345,ANSIOTEN BIOTIC 30CPS,0,271,1,0.33,2026-08-18,grossista
987376896,COLICRON REGOLA 20BUST,0,22,1,0.33,2026-08-05,grossista
987383421,PELLISART 30CPR,0,57,1,0.33,2026-08-15,grossista
987388028,BARIESUN SPF50+ LAIT 100ML,0,45,1,0.33,2026-08-06,grossista
987390061,PHYTOLAX 100G,0,2,1,0.33,2026-08-07,grossista
987390782,ALTRAPELLE NUTRISKO FL IDR 400,0,2,1,0.33,2026-08-16,grossista
987405685,GOOVI MATITA OCCHI LINER 01 NE,0,23,2,0.66,2026-08-17,grossista
987406307,ERGOVIS MG+K VIT B S/ZUC12BUST,0,102,1,0.33,2026-08-07,grossista
987408414,NUXE VROSE LATTE CORPO 400ML,0,1,2,0.66,2026-08-18,grossista
987411903,VIDERMINA 3-12 DET INT 250ML,4,401,2,0.66,2026-08-05,magazzino
987414758,BRUX CLEAN 56CPR EFFERVESCENTI,11,121,2,0.66,2026-08-06,magazzino
987417793,CH SET PAPPA SIL 6M+ ROSA,0,8,1,0.33,2026-08-08,grossista
987418225,AQUAVIS SHAMPOO ANTICAD 150ML,0,65,1,0.33,2026-08-06,grossista
987419518,YMEA PANCIA PIATTA 64CPS PROMO,4,0,3,0.99,2026-08-15,magazzino
987437009,IMPROVE ENERGIA 14BUST,0,89,1,0.33,2026-08-15,grossista
987442845,CH SUCCH AIR GRI LUMI16-36M 2P,0,74,1,0.33,2026-08-09,grossista
987478450,EFFERDENT EFFERVESCENTI 92CPR,48,371,1,0.33,2026-08-18,magazzino
987478955,PHYSIOMANCE MAGNESIUM B6+90CPR,0,12,1,0.33,2026-08-15,grossista
987483916,AKKERMANSIA INTESTINO 30CPR,0,29,2,0.66,2026-08-16,grossista
987498728,NORMOCIS CARDIO 28BUST OROSOL,0,139,1,0.33,2026-08-10,grossista
987646991,NOTROBEN 500 20STICK PACK OROS,0,302,1,0.33,2026-08-07,grossista
987649744,NUTRIVA NEUROLEV COMPLEX30BUST,0,4,9,2.96,2026-08-08,grossista
987649783,NUTRIVA VITAMINE B 50CPR,0,98,1,0.33,2026-08-11,grossista
987654718,CH ASSORBENTI POSTPARTO COT10P,0,72,1,0.33,2026-08-09,grossista
987655166,PIC AGO IPODERMICO G30 1/2,0,77,2,0.66,2026-08-15,grossista
987655204,THOTALE CRIOGEL A/CEL,13,0,1,0.33,2026-08-16,magazzino
987656737,PIC AGO IPODERMICO G22 1 1/4,4,90,1,0.33,2026-08-17,magazzino
987656749,PIC AGO IPODERMICO G23 1 1/4,6,339,19,6.26,2026-08-10,magazzino
987665751,SAZIOSANO 16BUST,0,175,1,0.33,2026-08-14,grossista
987669506,PARTENO DERMOLIO CORPO 250ML,0,106,1,0.33,2026-08-12,grossista
987670015,NORMADERM NO PEEL CLEANSE125ML,6,50,1,0.33,2026-08-11,magazzino
987670888,BRUCIA FAST UOMO 120PAST,0,27,1,0.33,2026-08-18,grossista
987681463,ATICARE DERMOCOLLAR CANI/GATTI,0,29,1,0.33,2026-08-13,grossista
987714336,BAKEL NIA TECH SERUM CASE&REF,2,0,1,0.33,2026-08-08,magazzino
987718792,ORALB POWER ORAL CENTER+IO6,0,69,3,0.99,2026-08-05,grossista
987743871,EKEEP B3 SURGICAL BRA POST BI1,1,1,8,2.64,2026-08-15,magazzino
987743895,EKEEP B3 SURGICAL BRA POST BI2,4,1,10,3.29,2026-08-12,magazzino
987743919,EKEEP B3 SURGICAL BRA POST BI3,1,5,23,7.58,2026-08-17,magazzino
987743945,EKEEP B3 SURGICAL BRA POST BI6,3,0,4,1.32,2026-08-16,magazzino
987747831,LIFTACTIV B3 CREMA NTT RETINOL,2,16,1,0.33,2026-08-07,magazzino
987747856,EVISAGE CREMA SOLARE VISO 50+,0,47,1,0.33,2026-08-14,grossista
987755117,MC EVOLUTION MISURATORE PRESS,0,3,1,0.33,2026-08-15,grossista
987758810,VEBIX DERMOLINE CALENDULA SAP,0,22,1,0.33,2026-08-16,grossista
987758822,VEBIX DERMOLINE CALENDULA SH,0,65,1,0.33,2026-08-17,grossista
987776743,HERBATINT COLOR SAFE SHAMPOO,0,10,1,0.33,2026-08-18,grossista
987776794,HERBATINT ROYAL CONDITIONER,0,54,1,0.33,2026-08-05,grossista
987801394,MICOSKIN PLUS PHARCOS 250ML,0,34,1,0.33,2026-08-13,grossista
987805443,SUNISSIME FLUIDO SOLARE SPF50,0,106,1,0.33,2026-08-06,grossista
987813944,NATUR UNIQUE LIP VOLUME 3XL NU,0,70,1,0.33,2026-08-07,grossista
987815065,DERMOVITAMINA CALM MOUSSE DET,3,50,2,0.66,2026-08-05,magazzino
987842200,SENSINOL SPRAY SOS 30ML,0,237,3,0.99,2026-08-15,grossista
987850789,VITAMINDERMINA GEL A/SFR PROMO,6,0,3,0.99,2026-08-05,magazzino
987853494,SPACE UP NASTRO TRASPARENTE,4,0,1,0.33,2026-08-06,magazzino
987858343,XANANORM 40CPS,0,23,1,0.33,2026-08-08,grossista
987859966,SONNO NATURALE PHYTO30CPR OROS,0,25,1,0.33,2026-08-09,grossista
987864170,DURACELL EASY TAB 13 ARANCIO,0,82,1,0.33,2026-08-13,grossista
987864194,DURACELL EASY TAB 675 BLU,0,160,1,0.33,2026-08-14,grossista
987879309,NUVENIA IW HEAVY HIPSTER BLK L,6,0,1,0.33,2026-08-15,magazzino
987880224,SCHAR FETTE BISCOTTATE INTEGR,0,235,1,0.33,2026-08-10,grossista
987881772,DOLOMIA OSX 24 01 SMALTO,6,0,3,0.99,2026-08-11,magazzino
987881784,DOLOMIA OSX 24 02 SMALTO,6,0,1,0.33,2026-08-05,magazzino
987881808,DOLOMIA OSX 24 04 SMALTO,6,0,1,0.33,2026-08-10,magazzino
987881822,DOLOMIA OSX 24 06 SMALTO,3,0,1,0.33,2026-08-16,magazzino
987881834,DOLOMIA OSX 24 07 SMALTO,5,0,5,1.65,2026-08-10,magazzino
987881846,DOLOMIA OSX 24 08 SMALTO,12,0,6,1.98,2026-08-17,magazzino
987881859,DOLOMIA OSX 24 09 SMALTO,6,0,15,4.94,2026-08-18,magazzino
987881861,DOLOMIA OSX 24 10 SMALTO,5,0,27,8.89,2026-08-05,magazzino
987921172,CH GOMMOTTO SIL RA 2-6 1PZ,0,4,2,0.66,2026-08-05,grossista
988008658,ORALB SPAZZ PW IO4 TEENS BLUE,0,4,1,0.33,2026-08-11,grossista
988027850,PSORIASIS XERIAL DM 200ML,0,84,1,0.33,2026-08-12,grossista
988033078,ENOVE' DERMOIL SPRAY INTIMO,0,127,1,0.33,2026-08-13,grossista
988038105,GUAM ALGACOLLAGEN PATCHES PANC,0,18,2,0.66,2026-08-05,grossista
988043244,ALTRAPELLE MEDICAL DOCCIA SH,0,24,1,0.33,2026-08-14,grossista
988049829,ALTRAPELLE NUTRISKO DET 500ML,0,21,1,0.33,2026-08-06,grossista
988049983,DT ANTI DAND SERUM 90ML,3,8,1,0.33,2026-08-15,magazzino
988053726,GASTROERRE 210ML,0,161,1,0.33,2026-08-15,grossista
988053892,TRIDERM OLIO DETERGENTE 400ML,0,74,2,0.66,2026-08-07,grossista
988058424,ZARBEE'S TOSSE GOLA SCIROPPO,50,104,1,0.33,2026-08-18,magazzino
988066217,BIOSCALIN PRO DENSITY CERA MOD,1,168,1,0.33,2026-08-11,magazzino
988066890,IDRASTIN CREMA MULTIATTIVA75ML,0,113,1,0.33,2026-08-14,grossista
988124246,SOMAT GLUTEI MASCHERA LEVIG,3,2,1,0.33,2026-08-11,magazzino
988134401,FORHANS PER IMPI&ORTOD 30STICK,0,9,1,0.33,2026-08-05,grossista
988141343,DERMOVITAMINA CALM CR RICCA,0,71,1,0.33,2026-08-08,grossista
988146864,CREMA SOLARE ESTR PAPAV SPF50,0,3,2,0.66,2026-08-17,grossista
988148540,BIOSCALIN SHAMPOO ANTIFORF NOR,9,100,3,0.99,2026-08-16,magazzino
988153211,AQUAVIS GEL PURO 75ML,0,117,1,0.33,2026-08-16,grossista
988159188,COLPHARMA ANEROID KIT C/FONEND,7,0,2,0.66,2026-08-14,magazzino
988160519,ESI MULTICOMPLEX UOMO 30CPR,3,12,3,0.99,2026-08-09,magazzino
988160521,ESI MULTICOMPLEX DONNA 30CPR,1,66,1,0.33,2026-08-12,magazzino
988160533,ESI MULTICOMPLEX U 50+ 30CPR,1,44,1,0.33,2026-08-14,magazzino
988175170,AKILEINE ROSSA BALS RIL A/FATI,0,10,3,0.99,2026-08-10,grossista
988175194,AKILEINE VERDE CREMA A/TRA75ML,0,29,1,0.33,2026-08-17,grossista
988331029,FIT THERAPY CER GOMITO 2PZ,0,6,2,0.66,2026-08-06,grossista
988331031,FIT THERAPY CER LOMBARE 2PZ,0,31,1,0.33,2026-08-18,grossista
988656981,DISBIOLINE DIGENZYM AB 30CPR,0,297,1,0.33,2026-08-05,grossista
988657134,KYMAX 15BUST,0,148,1,0.33,2026-08-17,grossista
988660561,APROPOS EFFERV C FLUPROT 20CPR,0,100,1,0.33,2026-08-06,grossista
988663492,CH SPAZZ ELETTR PANDA ROSA,0,18,1,0.33,2026-08-07,grossista
988666044,GLUCOSAMINA GEL 125ML,0,72,1,0.33,2026-08-08,grossista
988712473,ZERINOMUCIL 10BUST,5,35,1,0.33,2026-08-06,magazzino
988712713,THEISS ARNICA GEL TONIF 200ML,0,58,1,0.33,2026-08-09,grossista
988714364,BIOVALE KRIPTON 30CPR,0,22,1,0.33,2026-08-10,grossista
988746614,PURES SINUS SPRAY RESP 15 ML,0,18,1,0.33,2026-08-11,grossista
988753214,PEVARYL MICOSI UNGHIA 14ML,0,144,3,0.99,2026-08-07,grossista
988754545,FASTO3 EMULGEL 100G,0,120,1,0.33,2026-08-12,grossista
988754558,FASTO3 CEROTTI A/DOLORIFICI12P,0,119,1,0.33,2026-08-06,grossista
988754800,SCHOLL TALLONIERA GEL LARGE,0,239,2,0.66,2026-08-08,grossista
988768192,SENSIDONNA GEL INTIMO 75ML,0,24,1,0.33,2026-08-13,grossista
988785539,DOLOMIA SC LX CONCENT NOT 25ML,3,0,3,0.99,2026-08-06,magazzino
988785566,DOLOMIA SC LX ROLL ON OCC 15ML,3,0,8,2.64,2026-08-09,magazzino
988785729,DOLOMIA OSI 24 04 OMBRETTO NIN,7,0,3,0.99,2026-08-15,magazzino
988807766,LIVERCUR 30CPR,0,30,1,0.33,2026-08-13,grossista
988827097,MASTER-AID STERIBLOCK TAMP EMO,0,126,1,0.33,2026-08-10,grossista
988830814,AMINO ROSETTE 4X50G,7,100,1,0.33,2026-08-09,magazzino
988896825,GSE EYE BABY SPRAY 10ML,9,3,4,1.32,2026-08-15,magazzino
988897409,NEUTROGENA PROMO HYDRO LTT+SIE,3,14,3,0.99,2026-08-11,magazzino
988899860,VEBIX DEO PERF CR 7G PROF 30ML,0,3,1,0.33,2026-08-14,grossista
988939397,VOIS PLUS 14STICK OROSOLUBILI,0,170,1,0.33,2026-08-12,grossista
988958070,PROFAR LADY/C TEST GRAVID 1PZ,12,0,1,0.33,2026-08-13,magazzino
988985014,ARKOCPS RODIOLA BIO 45CPS,0,62,1,0.33,2026-08-15,grossista
988988554,HYSEAC GEL NETTOYANT 150ML,0,143,1,0.33,2026-08-16,grossista
989005386,ESI PROPOLAID TAV GOLA ZENZERO,3,22,1,0.33,2026-08-07,magazzino
989014244,EFFACLAR DUO +M UNIF DEEP 40ML,0,102,1,0.33,2026-08-11,grossista
989021009,MELATONINA ACT FORTE SPRAY15ML,10,34,1,0.33,2026-08-18,magazzino
989021011,JONEXA UP 2% SIR 4 4ML,0,135,1,0.33,2026-08-17,grossista
989021934,APROME' PENNE 500G,0,44,1,0.33,2026-08-07,grossista
989021946,APROME' PIADINA 180G,0,46,1,0.33,2026-08-18,grossista
989028473,ACMED PRO 30STICK,0,201,1,0.33,2026-08-07,grossista
989047687,KIJIMEA FLORACARE 28CPS,0,87,1,0.33,2026-08-15,grossista
989048970,AVENE CLEANANCE COMEDOMED PEEL,3,153,1,0.33,2026-08-06,magazzino
989050416,CONDRONIL IALQUATTRO SIR2% 4ML,0,3,1,0.33,2026-08-05,grossista
989051735,TENA PANTS EXTRA PLUS S 10PZ,0,161,3,0.99,2026-08-06,grossista
989051976,TENA PANTS NIGHT SUPER L 10PZ,0,100,1,0.33,2026-08-07,grossista
989052699,SEAL PROT COPERT AVAMBRACC AD,1,0,1,0.33,2026-08-10,magazzino
989054958,RESVERATROLO PURO 30CPR,0,84,2,0.66,2026-08-10,grossista
989068958,EXOMEGA CONTROL OLIO 750ML,3,0,1,0.33,2026-08-05,magazzino
989085030,ELEVE NIKI FITO SUGAR CON90CPS,0,42,1,0.33,2026-08-08,grossista
989172008,RESOLVE CER SIL SENO 32X4CM 2P,0,6,1,0.33,2026-08-09,grossista
989234378,VITIS GENGIVE SANE DENTIF100ML,6,736,9,2.96,2026-08-15,magazzino
989240775,REPELLENTE EX STRONG50% SOFARM,0,5000,1,0.33,2026-08-10,grossista
989243389,KEYLIFE KTRENETTE 100G,4,0,1,0.33,2026-08-08,magazzino
989264039,VAGISIL DETERGENTE PH BAL OFS,1,0,1,0.33,2026-08-09,magazzino
989264066,VAGISIL DETERGENTE ODOR OFS,11,0,4,1.32,2026-08-08,magazzino
989266198,CH GIOCO QUAD RC,0,3,1,0.33,2026-08-11,grossista
989322072,ELAGE OLIO DETERGENTE 100ML,0,25,1,0.33,2026-08-14,grossista
989332907,AVENE SOL FLUIDO A/IMPER SPF50,5,268,2,0.66,2026-08-10,magazzino
989353368,VIRGINIANA DEO FRESH 100ML,0,100,1,0.33,2026-08-15,grossista
989369917,NAUSIL FORTE SPRAY 24ML,3,108,2,0.66,2026-08-12,magazzino
989391394,EUCERIN SUN FLUIDO ULT LEGG50+,3,30,2,0.66,2026-08-10,magazzino
989397599,GUT SUPPORT DUO INTOLERAN60CPS,0,9,1,0.33,2026-08-12,grossista
989401106,FILD MORE EMULGEL EXTRA STIMOL,0,13,1,0.33,2026-08-13,grossista
989405244,ESI FERMENTAL GONFIORE 10STICK,13,17,1,0.33,2026-08-16,magazzino
989406741,INTERPROX PLUS 2G SUPERCONIC4P,0,3,1,0.33,2026-08-17,grossista
989408568,DOLOMIA MU TWIST LUMIERE 2 RO,6,0,2,0.66,2026-08-14,magazzino
989408707,DOLOMIA SC PATCH OCCHI MONO,17,0,2,0.66,2026-08-17,magazzino
989412275,COLPHARMA AIR 50 CARE C/DOCCIA,7,1,2,0.66,2026-08-10,magazzino
989417819,HERBATINT 1N NERO 170ML,0,261,1,0.33,2026-08-08,grossista
989634124,BBMILK DG LIQUIDO 500ML,0,622,1,0.33,2026-08-18,grossista
989634516,L'ANGELICA TISANA DRENA 20FILT,0,16,2,0.66,2026-08-05,grossista
989638743,CARNITINA SUPREMA 180PASTIGLIE,0,42,1,0.33,2026-08-13,grossista
989657010,VITAMINDERMINA SEBO DET 240ML,7,77,1,0.33,2026-08-06,magazzino
989665447,BRAUN EXACTFIT 2,9,0,2,0.66,2026-08-06,magazzino
989666526,DUALSAN SLIP U CONTENIT GRI 2,2,1,1,0.33,2026-08-07,magazzino
989666538,DUALSAN SLIP U CONTENIT GRI 3,3,12,3,0.99,2026-08-17,magazzino
989666540,DUALSAN SLIP U CONTENIT GRI 4,2,8,2,0.66,2026-08-08,magazzino
989666565,DUALSAN SLIP U CONTENIT GRI 6,1,2,1,0.33,2026-08-09,magazzino
989707777,COLON REGULAR T GRANI 80G,0,67,1,0.33,2026-08-14,grossista
989814470,NG HB NIACINAMIDE SIERO 30ML,5,0,1,0.33,2026-08-10,magazzino
989820079,DENTALPRO DENTIFRICIO REMINER,11,0,2,0.66,2026-08-10,magazzino
989820105,DENTALPRO REMINERAL SMALT30CPR,6,0,2,0.66,2026-08-16,magazzino
989824002,SCHOLL GELACTIV SCA CAS L 2025,0,451,2,0.66,2026-08-15,grossista
989852900,MARGUTTA BRACCIALE AG CRISEIDE,4,0,4,1.32,2026-08-16,magazzino
989869108,DEO PRO ALLERGY VAPO100G PROMO,6,0,3,0.99,2026-08-09,magazzino
989874185,SOMAT SKIN EX RASS SENO 75ML,3,220,2,0.66,2026-08-15,magazzino
989874197,SOMAT SKIN EX DRENANTE BODY,4,40,1,0.33,2026-08-13,magazzino
989875505,CEF REIMAG BIPACCO 40STICKPACK,25,0,3,0.99,2026-08-11,magazzino
989876317,HIFAS LENTINAN 30ML,0,91,2,0.66,2026-08-15,grossista
989878703,DUALDRY ASSORBENTE UOMO,2,0,1,0.33,2026-08-18,magazzino
989887613,BABYSTAR SPUGNA MARE NAT 12CM,0,75,1,0.33,2026-08-16,grossista
989888654,FLAMINAL FORTE 50G,0,68,1,0.33,2026-08-17,grossista
989888983,FLAMINAL FORTE 25G,1,34,1,0.33,2026-08-10,magazzino
989896105,LITOPSOR GEL GENGIVALE 15ML,0,112,1,0.33,2026-08-12,grossista
989929260,JALURONIUS CREAM C 50ML,0,156,1,0.33,2026-08-18,grossista
989983325,REVIANAL EMULGEL 50ML,0,56,1,0.33,2026-08-13,grossista
990040990,VITA ACT MULTIVIT 20CPR EFFERV,12,0,8,2.64,2026-08-14,magazzino
990152668,CLEARBLUE TEST GRAVIDANZA 2PZ,9,14,2,0.66,2026-08-05,magazzino
990312946,MULTICENTRUM D50+ 30CPR PROM26,3,0,3,0.99,2026-08-17,magazzino
990312961,MULTICENTRUM U50+ 30CPR PROM26,3,0,5,1.65,2026-08-15,magazzino
990407785,EKEEP B4 MASTOBAND FASCIA 02,2,0,1,0.33,2026-08-05,magazzino
990455343,DOLOMIA SC FR SPRAY ENERG 50ML,3,0,10,3.29,2026-08-10,magazzino
990455356,DOLOMIA SC FR SPRAY GIOIA 50ML,3,0,1,0.33,2026-08-15,magazzino
990455368,DOLOMIA SC GEL DOCC FLOWE200ML,12,0,1,0.33,2026-08-12,magazzino
