sku,prod,brand,rev90,n_ten,n_ord,fonte,erp_stock,supplier_stock,pos,costo,prezzo,comp_min,n_comp,floor_price,target_price,ricarico_target_pct,verdetto,cut_needed
042176038,BEACITA*84CPS 60MG,B2A,65047.46,5,1135,grossista,0,65,,26.44,31.20,,,30.14,,,NO_SCRAPER_48h,0
988166029,CARDIORITMON COLESTEROLO 60CPS,"",25894.21,8,448,grossista,0,5120,,30.82,34.71,36.36,54,34.52,36.35,17.9,STANDALONE,0
941079055,ARTIKRILL DOL CANE 200PRL,1R2,11907.97,5,202,grossista,0,180,,52.16,59.99,57.35,46,58.42,57.34,9.9,NON_POSIZIONABILE,0
023356076,DAFLON*120CPR RIV 500MG,DAF,11312.56,10,300,MAGAZZINO,2,153,,35.43,39.05,34.90,69,39.68,34.89,-1.5,NON_POSIZIONABILE,0
943702668,MELIVEN TOP 20CPR,MLV,11135.95,8,244,grossista,0,2517,,16.72,19.56,21.49,45,19.06,21.48,28.5,STANDALONE,0
942224383,APPORTAL 14BUST,PHU,10712.18,9,256,grossista,0,2655,,17.77,20.79,18.56,79,20.26,18.55,4.4,NON_POSIZIONABILE,0
952052898,KALANIT DOL LIMONE 14BUST,"",9293.75,8,169,MAGAZZINO,1,249,,22.95,0.00,30.83,24,26.16,30.82,34.3,REINSERISCI_prezzo_fb,0
949503229,ASTROCIT PEA 10STICK PACK,"",7964.14,2,112,grossista,0,466,11,23.11,28.13,27.89,33,26.35,27.88,20.6,VIA_PC,0.25
975454998,HYALOSILVER PLUS SPRAY 125ML,HYR,6941.94,7,196,MAGAZZINO,1,3194,,10.15,12.08,11.28,56,11.57,11.27,11.0,NON_POSIZIONABILE,0
952110029,TIOBEC LAC 30CPR,0W1,6701.73,4,121,grossista,0,138,,22.63,0.00,29.23,34,25.80,29.22,29.1,REINSERISCI_prezzo_fb,0
943324487,COLLAGENDEP PINK BEAUTY20STICK,ERZ,6696.76,1,87,grossista,0,387,,33.51,39.20,35.93,34,37.53,35.92,7.2,NON_POSIZIONABILE,0
938980188,SIDERAL FORTE 20CPS,0Y4,6658.91,10,194,MAGAZZINO,13,10430,,17.85,20.89,20.77,77,20.35,20.76,16.3,VIA_PC,0.13
952125920,GLIALIA 700MG+70MG 30BUST,"",6370.13,7,113,grossista,0,3317,,27.08,0.00,32.80,30,30.87,32.79,21.1,REINSERISCI_prezzo_fb,0
979232648,METARECOD 40BUST GRAN,ABO,6172.15,7,127,grossista,0,1789,,20.94,24.50,21.12,79,23.87,21.11,0.8,NON_POSIZIONABILE,0
989013685,GOLD COLLAGEN FT AGELESS 10FL,"",5959.64,3,60,grossista,0,237,,49.35,59.22,42.59,43,55.27,42.58,-13.7,NON_POSIZIONABILE,0
904104193,SIDERAL 20CPS,0Y4,5886.24,6,124,MAGAZZINO,3,794,,15.61,18.26,17.49,62,17.79,17.48,12.0,NON_POSIZIONABILE,0
985991239,FLEBOMIX 1000MG 90CPR,"",5703.61,5,120,grossista,0,100,,36.65,0.00,45.00,26,41.05,44.99,22.8,REINSERISCI_prezzo_fb,0
930525771,CARNIDYN PLUS 20BUST,CNY,5677.68,10,224,MAGAZZINO,169,1901,,12.32,14.17,15.39,85,14.04,15.38,24.8,STANDALONE,0
905972081,MAGNESIO SUPREMO 300G,NPO,4881.49,10,234,MAGAZZINO,24,5057,,16.91,19.78,18.59,95,19.27,18.58,9.9,NON_POSIZIONABILE,0
023198029,"VICKS SINEX ALOE*NEB 15ML0,05%",VCK,4835.24,8,233,grossista,0,750,,6.77,7.98,8.05,67,7.99,8.04,18.8,STANDALONE,0
951618154,SYNUCLID 30BUST,"",4477.70,6,85,grossista,0,218,,30.34,0.00,36.86,26,33.98,36.85,21.5,REINSERISCI_prezzo_fb,0
912619487,PROTOCOL 10G 30FL 25ML,P1L,4330.29,3,69,grossista,0,908,8,31.05,36.02,34.88,36,34.78,34.87,12.3,VIA_PC,1.15
980258913,SYSACOL 20F 25ML,HZN,4106.40,7,70,grossista,0,443,7,23.08,26.13,24.43,37,26.31,24.42,5.8,NON_POSIZIONABILE,0
971116951,SYNAPSINE 10FL 10ML,ABH,3944.47,7,45,grossista,0,997,9,18.66,21.87,22.04,44,21.27,22.03,18.1,STANDALONE,0
989022191,ESI BIOCOLLAGENIX FT 10DRINK,ESI,3690.19,6,47,grossista,0,198,,27.52,33.03,30.33,45,31.37,30.32,10.2,NON_POSIZIONABILE,0
021925060,PROCTOLYN*CR RETT 30G,PTY,3677.02,8,206,MAGAZZINO,45,1672,,7.05,8.60,8.53,66,8.32,8.52,20.9,VIA_PC,0.08
984746103,COGNIZANT 10FL 10ML,MC4,3672.44,8,81,grossista,0,561,7,14.28,16.74,18.91,46,16.28,18.90,32.4,STANDALONE,0
931660981,ESOXX ONE 20BUST STICK 10ML,ESX,3664.71,10,150,MAGAZZINO,222,4783,,13.53,16.64,15.45,92,15.42,15.44,14.1,VIA_PC,1.20
989467776,XLS MEDICAL PRO 7 180CPS TP,XLS,3590.53,4,52,grossista,0,99,,48.19,57.83,45.04,41,53.97,45.03,-6.6,NON_POSIZIONABILE,0
034548230,VOLTAREN EMULGEL*GEL 180G 2%,VLT,3562.98,8,122,MAGAZZINO,101,150,,16.70,20.37,20.12,57,19.04,20.11,20.4,VIA_PC,0.26
947096626,REUTERAL PET GATTO GOCCE 10ML,"",3447.47,7,101,MAGAZZINO,1,611,,11.47,14.11,13.84,49,13.08,13.83,20.6,VIA_PC,0.28
023356049,DAFLON*60CPR RIV 500MG,DAF,3420.61,10,154,MAGAZZINO,3,100,,17.79,21.70,19.96,75,20.28,19.95,12.1,NON_POSIZIONABILE,0
947127662,NEFROKRILL CANE 60PRL,"",3375.29,7,83,grossista,0,183,7,25.39,29.49,31.97,42,28.94,31.96,25.9,STANDALONE,0
984825075,ORALB IO 6 BLACK SPAZZ+2REFILL,ORA,3372.26,5,39,grossista,0,100,,123.35,148.03,100.89,40,138.15,100.88,-18.2,NON_POSIZIONABILE,0
978476113,KIJIMEA COLON IRRITAB PRO84CPS,KJI,3344.37,7,45,grossista,0,363,,67.40,78.85,70.48,45,75.49,70.47,4.6,NON_POSIZIONABILE,0
950024810,FLOMEL 500 40BUST,"",3132.64,6,78,grossista,0,363,,27.45,0.00,35.44,20,31.29,35.43,29.1,REINSERISCI_prezzo_fb,0
935688945,ARMOLIPID PLUS 60CPR,ARM,3125.72,10,102,MAGAZZINO,3,2128,,30.07,35.19,24.96,76,33.68,24.95,-17.0,NON_POSIZIONABILE,0
950913006,PLENITY KIT,"",3117.53,5,34,grossista,0,87,,96.35,110.80,85.79,32,107.91,85.78,-11.0,NON_POSIZIONABILE,0
951269289,CITIZIN Q10 ORO 30STICK-PACK,"",3019.40,7,41,grossista,0,336,,36.71,0.00,45.50,29,41.12,45.49,23.9,REINSERISCI_prezzo_fb,0
983775851,KALANIT FORTE LIM 14BUST S/ZUC,KKA,3019.25,7,51,MAGAZZINO,1,4033,,22.24,24.84,24.85,51,25.36,24.84,11.7,NON_POSIZIONABILE,0
945108785,DECLINEX 30CPR,"",2918.55,6,39,MAGAZZINO,1,230,,34.61,37.04,40.31,37,38.76,40.30,16.4,STANDALONE,0
944905153,UMORPLUS 20CPR,"",2849.90,3,56,grossista,0,597,,19.84,23.02,24.52,38,22.62,24.51,23.5,STANDALONE,0
944775042,PROMENSIL MENOPAUSA FORTE60CPR,"",2837.38,9,50,grossista,0,884,,49.14,57.49,50.60,38,55.04,50.59,3.0,NON_POSIZIONABILE,0
987875921,NORMALENE MACROGOL 4000 20BUST,"",2760.05,5,87,MAGAZZINO,14,170,,8.09,9.62,8.14,42,9.54,8.13,0.5,NON_POSIZIONABILE,0
951195369,HYALONE INTRA-ART 60MG 4ML 1PZ,"",2733.09,6,24,grossista,0,17,11,98.32,116.01,74.90,21,110.12,74.89,-23.8,NON_POSIZIONABILE,0
984789646,BIOLIFE IMMUNOPET STRONG 60CPS,OF1,2722.89,4,37,grossista,0,132,,68.67,0.00,76.81,22,76.91,76.80,11.8,NON_POSIZIONABILE,0
988227308,LINFOCINETIC PLUS 60CPR,UP6,2651.07,9,55,MAGAZZINO,1,1652,,36.22,37.60,36.99,38,40.57,36.98,2.1,NON_POSIZIONABILE,0
951032871,SYNAPSINE L 1000 10FL,"",2621.73,7,39,grossista,0,313,,25.78,0.00,33.00,26,29.39,32.99,28.0,REINSERISCI_prezzo_fb,0
921030742,AMINOGLUTAM 30BUST,ERK,2598.49,4,29,grossista,0,104,8,54.07,63.27,58.87,31,60.56,58.86,8.9,NON_POSIZIONABILE,0
985722495,KIJIMEA K53 ADVANCE 84CPS,KJI,2596.63,7,41,grossista,0,119,8,59.13,68.48,65.35,40,66.23,65.34,10.5,NON_POSIZIONABILE,0
986130363,ENTEROLACTIS PLUS 30CPS,ENO,2593.01,9,109,MAGAZZINO,38,2124,,17.74,20.76,19.00,76,20.23,18.99,7.0,NON_POSIZIONABILE,0
938586563,LIQUIPEF 60CPR,UBL,2573.70,8,82,MAGAZZINO,1,960,,18.00,21.06,20.63,46,20.52,20.62,14.6,VIA_PC,0.44
988838037,SIDEVIT B12 20STICK,PHU,2557.46,6,74,MAGAZZINO,2,1639,,16.18,19.66,17.68,59,18.45,17.67,9.2,NON_POSIZIONABILE,0
990004071,PROINTEX 14BUST,"",2476.18,6,41,grossista,0,108,,30.78,0.00,39.43,27,34.47,39.42,28.1,REINSERISCI_prezzo_fb,0
013046089,ENTEROGERMINA*OS 20FL 4MLD 5ML,ENT,2453.53,9,119,MAGAZZINO,122,1489,,14.19,17.31,17.99,68,16.18,17.98,26.7,STANDALONE,0
989678863,SIBOSOLV 60CPS ACIDORESIST,EBL,2451.12,5,66,grossista,0,318,,26.20,30.39,31.64,33,29.87,31.63,20.7,STANDALONE,0
985387632,PERLAPROST 15PRL SOFTGEL,6NK,2397.95,6,40,MAGAZZINO,2,928,,16.47,19.27,21.39,51,18.77,21.38,29.8,STANDALONE,0
977219462,RESTAX DONNA 30CPS,RTX,2390.60,5,46,MAGAZZINO,1,590,,23.13,28.11,27.41,42,26.37,27.40,18.5,VIA_PC,0.71
989015185,KALANIT 3 60CPR S/ZUCCHERI,KKA,2377.97,7,52,grossista,0,240,,32.58,37.47,39.87,43,36.49,39.86,22.3,STANDALONE,0
976103945,ARNISTIL SOL OFTALMICA 8ML,0RR,2356.87,6,63,MAGAZZINO,2,304,,14.26,17.54,18.66,50,16.25,18.65,30.8,STANDALONE,0
980302537,MAGNESIO SUPREMO DONNA 150G,NPO,2356.78,10,126,grossista,0,5451,,13.28,17.55,14.20,94,15.14,14.19,6.9,NON_POSIZIONABILE,0
942774148,CETILAR CREMA 50ML,CE9,2338.19,8,108,MAGAZZINO,6,2459,,14.09,17.33,15.33,75,16.06,15.32,8.7,NON_POSIZIONABILE,0
975588056,SUPRADYN MAGNESIO/POT 24BUST,SPY,2293.01,9,195,grossista,0,2745,,6.70,8.24,7.94,71,7.91,7.93,18.4,VIA_PC,0.31
984357119,REBONE 20F,HZN,2289.13,6,37,grossista,0,244,8,23.60,27.39,25.13,32,26.90,25.12,6.4,NON_POSIZIONABILE,0
950361992,NODONE 30CPR,"",2281.62,6,48,grossista,0,377,7,18.52,21.84,24.62,31,21.11,24.61,32.9,STANDALONE,0
978936781,LENIREF 24STICK PACK 15ML,PHN,2168.28,8,69,MAGAZZINO,1,538,,16.19,18.95,19.35,45,18.46,19.34,19.5,STANDALONE,0
982011177,DARFAX PLUS 30CPR 1425MG IT,DFX,2161.75,6,51,MAGAZZINO,1,2275,,22.53,27.37,25.94,46,25.68,25.93,15.1,VIA_PC,1.44
988784955,POLYCURC 15STICKPACK,"",2155.09,5,34,MAGAZZINO,1,143,,26.74,29.95,27.86,35,30.48,27.85,4.2,NON_POSIZIONABILE,0
981441987,REDIPEG 20STICK PACK 30ML,2L4,2134.08,7,53,grossista,0,739,,15.82,18.51,19.29,58,18.03,19.28,21.9,STANDALONE,0
942802772,COGNIDEP 14BUST,ERZ,2101.16,7,31,grossista,0,468,,21.42,24.84,25.79,43,24.42,25.78,20.4,STANDALONE,0
930530732,DERMAFRESH IPERSUD ROLL ON DEO,DEF,2100.85,8,151,grossista,0,691,,7.09,8.72,7.29,40,8.37,7.28,2.7,NON_POSIZIONABILE,0
940037548,FUSION WATER MAGIC SPF50 50ML,ISD,2093.86,7,102,grossista,0,2097,,21.20,25.44,23.12,43,24.17,23.11,9.0,NON_POSIZIONABILE,0
983376359,RILASTIL SMAGLIATURE CR E/I/E,RIL,2079.99,4,71,MAGAZZINO,2,683,,23.24,26.49,27.89,44,26.49,27.88,20.0,STANDALONE,0
925373110,BUTYROSE LSC 30MICROCPS,"",2015.69,7,53,MAGAZZINO,1,157,,19.46,22.77,23.77,44,22.18,23.76,22.1,STANDALONE,0
986479133,"AMINOTROFIC HDE 30BUST 6,5G",A3O,2007.36,7,39,MAGAZZINO,1,590,,29.85,34.93,30.84,44,34.03,30.83,3.3,NON_POSIZIONABILE,0
940532548,SYALOX 300 PLUS 30CPR TRIPLO S,"",1989.48,7,41,MAGAZZINO,1,852,6,27.27,31.63,31.99,43,31.09,31.98,17.3,STANDALONE,0
978844470,SUPRADYN MAGN/P LIMITED 38BUST,SPY,1982.07,8,116,MAGAZZINO,3,168,,10.53,12.11,9.94,28,12.00,9.93,-5.7,NON_POSIZIONABILE,0
951387873,NORMAST 600MG MICROGR 30BUST,0U9,1919.79,6,45,grossista,0,2109,,22.31,0.00,29.11,35,25.43,29.10,30.4,REINSERISCI_prezzo_fb,0
935801922,KAROS GOLA PASTIGLIE 20PAST,KAO,1913.93,6,60,MAGAZZINO,14,665,,7.00,9.04,9.05,59,8.26,9.04,29.1,STANDALONE,0
980423610,NEOBIANACID 70CPR MASTICABILI,NE1,1865.68,10,97,MAGAZZINO,1,4379,,17.66,20.66,17.99,82,20.13,17.98,1.8,NON_POSIZIONABILE,0
988925487,YOVIS STICK 20STICK,YOV,1854.05,7,77,MAGAZZINO,13,294,,13.21,15.72,16.37,58,15.06,16.36,23.8,STANDALONE,0
012745168,TACHIPIRINA*30CPR DIV 500MG,TCH,1853.23,10,215,MAGAZZINO,78,1023,,4.91,6.17,6.27,57,5.79,6.26,27.5,STANDALONE,0
950915468,FIDEK 40CPR 1G DRN,"",1844.14,6,55,grossista,0,347,9,20.14,23.09,26.43,29,22.96,26.42,31.2,STANDALONE,0
988654657,GOLD COLLAGEN FORTE PLUS 10FL,GOC,1822.98,4,20,grossista,0,889,,37.50,43.87,34.86,51,42.00,34.85,-7.1,NON_POSIZIONABILE,0
947432389,ZETA COLEST 30CPS,ERZ,1779.75,4,34,grossista,0,916,,15.53,18.17,15.12,50,17.70,15.11,-2.7,NON_POSIZIONABILE,0
989812173,EVAGYN GEL VAGINALE 8TUB 5ML,"",1776.19,6,54,MAGAZZINO,1,220,,15.79,18.47,20.46,29,17.99,20.45,29.5,STANDALONE,0
975816190,OLEA D3 PLUS GOCCE 20ML,HN0,1772.63,9,96,MAGAZZINO,1,5740,,16.43,19.23,17.30,62,18.73,17.29,5.2,NON_POSIZIONABILE,0
971277874,MARIAL 20 ORAL STICK 15ML,2L4,1771.98,10,68,MAGAZZINO,1,5223,,15.82,18.51,17.70,72,18.03,17.69,11.8,NON_POSIZIONABILE,0
951841408,MAVOSTEN MAGNEGIO 180CPS,5MO,1755.93,4,36,grossista,0,58,,44.99,0.00,53.09,20,50.39,53.08,18.0,REINSERISCI_prezzo_fb,0
931647236,RESTAX 30CPS+30CPS SOFTGEL,RTX,1748.05,6,33,grossista,0,1523,10,22.00,25.75,24.75,50,25.08,24.74,12.5,NON_POSIZIONABILE,0
015598016,RINAADVANCE*GTT RINOL 10ML,NAR,1744.81,6,37,MAGAZZINO,6,100,,8.24,10.05,9.35,29,9.72,9.34,13.3,NON_POSIZIONABILE,0
982526687,RESTAX EFFLUVIUM 30CPR,WIK,1733.04,6,40,grossista,0,686,7,22.08,25.70,25.33,42,25.17,25.32,14.7,VIA_PC,0.38
971559745,NEUROTIDINE 50MG/ML SOL ORALE,"",1732.10,5,24,grossista,0,2337,,44.86,53.83,47.80,43,50.24,47.79,6.5,NON_POSIZIONABILE,0
945136467,PEROGNIDOL FORTE 15ML,NBF,1720.10,6,46,grossista,0,912,10,19.67,22.68,23.82,52,22.42,23.81,21.0,STANDALONE,0
922017811,CONDRONIL COMPLEX 30BUST,CNI,1715.08,5,35,MAGAZZINO,1,139,,26.27,30.73,29.90,42,29.95,29.89,13.8,NON_POSIZIONABILE,0
027261027,ALOXIDIL*2% SOLUZ CUTANEA 3FL,ADL,1712.53,1,39,grossista,0,30,,36.38,42.93,36.43,24,40.75,36.42,0.1,NON_POSIZIONABILE,0
979418860,TRIMIX GOCCE OCULARI 8ML,OFH,1706.44,9,61,MAGAZZINO,1,168,,15.25,17.84,19.11,52,17.38,19.10,25.2,STANDALONE,0
984805731,BERBEROL K 30CPR,PHX,1692.71,9,58,grossista,0,319,,17.91,20.95,19.52,56,20.42,19.51,8.9,NON_POSIZIONABILE,0
978659264,IMPROMUNE 40CPR APPETIBILI,BBC,1690.68,3,34,grossista,0,131,,48.91,56.25,50.76,45,54.78,50.75,3.8,NON_POSIZIONABILE,0
975908221,BIOARGININA ORALE 20FL 20ML,"",1667.88,5,36,MAGAZZINO,6,1519,6,14.40,16.53,18.72,57,16.41,18.71,29.9,STANDALONE,0
973145838,CALCIOBASE 30STICK 10ML,ABG,1667.27,9,69,MAGAZZINO,1,1166,,11.98,14.26,12.79,69,13.66,12.78,6.7,NON_POSIZIONABILE,0
025669185,MOMENT*36CPR RIV 200MG,MMT,1657.46,10,157,MAGAZZINO,41,564,,8.53,10.40,10.38,69,10.06,10.37,21.6,VIA_PC,0.03
982003600,BETOTAL 60CPR,BET,1643.78,10,69,MAGAZZINO,16,1624,,16.42,18.88,19.29,67,18.72,19.28,17.4,STANDALONE,0
984515458,HYALUBRIX SIR 30MG 2ML N/E,HYX,1637.33,6,17,grossista,0,100,,44.59,53.51,30.84,30,49.94,30.83,-30.9,NON_POSIZIONABILE,0
973472943,MICROLIFE AFIB ADVANCED EASY,MCL,1636.24,3,23,MAGAZZINO,6,7,,79.37,87.13,81.33,26,88.90,81.32,2.5,NON_POSIZIONABILE,0
942820515,BARIATRIFAST 30CPR,"",1621.09,5,39,MAGAZZINO,1,448,,18.36,21.48,21.86,46,20.93,21.85,19.0,STANDALONE,0
930327008,ONLIGOL MACROGOL 4000 20BUST,OG1,1613.48,10,84,MAGAZZINO,37,1567,,8.25,9.41,11.66,82,9.74,11.65,41.2,STANDALONE,0
950965071,FLEBONORM H 40CPR,"",1610.00,4,39,MAGAZZINO,1,193,,18.07,0.00,24.03,30,20.60,24.02,32.9,REINSERISCI_prezzo_fb,0
931809952,AMEDIAL PLUS 20BUST,AMD,1606.25,8,44,MAGAZZINO,1,3584,,15.66,19.03,19.49,60,17.86,19.48,24.4,STANDALONE,0
974159446,COLILEN IBS 60OPR,ABO,1605.05,4,60,MAGAZZINO,1,824,,20.72,25.18,20.99,68,23.63,20.98,1.3,NON_POSIZIONABILE,0
978476380,COBAXIL B12 5000MCG 5CPR SUNBL,HLL,1594.07,6,35,grossista,0,755,6,23.19,27.21,24.43,40,26.44,24.42,5.3,NON_POSIZIONABILE,0
943285635,RIBES PET SOLLIEVO 60PRL,NBF,1585.62,7,38,grossista,0,527,9,23.22,26.94,29.02,51,26.47,29.01,24.9,STANDALONE,0
950220956,FLAVIA ACT 30CPR,"",1573.29,4,30,grossista,0,108,,24.33,0.00,30.61,28,27.74,30.60,25.8,REINSERISCI_prezzo_fb,0
930285008,ONLIGOL MACROGOL 4000 400G,OG1,1572.71,9,66,grossista,0,654,,12.23,14.31,15.29,76,13.94,15.28,24.9,STANDALONE,0
923139505,LIPOSCUDIL PLUS 30CPS,0S5,1558.84,8,52,MAGAZZINO,1,2973,,15.32,17.93,18.36,64,17.47,18.35,19.8,STANDALONE,0
017076074,VENORUTON*OS 30BUST 1000MG,VEN,1551.25,8,71,MAGAZZINO,2,609,,14.38,17.54,,,16.39,,,NO_SCRAPER_48h,0
983702313,ZALTON DOL 15CPS,ZAL,1549.86,6,29,grossista,0,305,,24.93,28.91,31.36,39,28.42,31.35,25.8,STANDALONE,0
024964140,NIZORAL*SHAMPOO FL 100G 20MG/G,NIZ,1544.50,7,60,MAGAZZINO,2,706,,14.66,17.89,14.39,58,16.72,14.38,-1.9,NON_POSIZIONABILE,0
935662611,SUPRADYN RICARICA 60CPR,SPY,1544.33,6,59,MAGAZZINO,2,715,,14.89,18.32,16.87,55,16.98,16.86,13.2,NON_POSIZIONABILE,0
990377400,FORTEND MAX 20BUST,"",1525.66,5,27,grossista,0,170,,23.54,0.00,30.16,28,26.84,30.15,28.1,REINSERISCI_prezzo_fb,0
980534515,MAVOSTEN FORTE 60CPR,5MO,1512.23,5,26,MAGAZZINO,1,478,,48.93,57.25,50.44,45,54.80,50.43,3.1,NON_POSIZIONABILE,0
949922227,GLICOPER 30CPS,HLU,1508.86,6,35,grossista,0,1171,,18.03,20.91,19.56,44,20.55,19.55,8.4,NON_POSIZIONABILE,0
941657645,SIDERAL FOLICO 30MG 20BUST,0Y4,1496.85,9,53,MAGAZZINO,3,1904,,17.85,21.69,21.14,76,20.35,21.13,18.4,VIA_PC,0.56
951135781,MAGNESIO BISGLICINATO 180PAST,GIO,1495.82,8,35,grossista,0,124,,29.19,0.00,37.02,27,33.28,37.01,26.8,REINSERISCI_prezzo_fb,0
987762352,REDEMASE 500 30CPS,"",1493.10,3,28,MAGAZZINO,1,370,,18.73,22.76,20.58,31,21.36,20.57,9.8,NON_POSIZIONABILE,0
985823741,FERRO IBSA 20FILM ORODISPERSIB,0BS,1491.45,9,55,MAGAZZINO,6,1214,,15.37,17.98,16.06,61,17.52,16.05,4.4,NON_POSIZIONABILE,0
931771289,TIOBEC 800 20CPR FAST-SLOW,0W1,1491.44,6,32,grossista,0,1015,,22.46,26.06,24.60,60,25.60,24.59,9.5,NON_POSIZIONABILE,0
938872191,FORPROST 400 FLOGO 15CPS MOLLI,FRR,1491.23,7,33,MAGAZZINO,1,4035,,17.63,20.63,19.56,48,20.10,19.55,10.9,NON_POSIZIONABILE,0
982941662,ESENTA RIMUOVI ADES SPRAY 50ML,CNC,1485.87,4,43,grossista,0,228,7,8.58,10.24,11.41,37,10.12,11.40,32.9,STANDALONE,0
930204843,NORMOCIS 400 30CPR,PH7,1452.50,9,53,grossista,0,2804,,16.48,19.28,18.29,50,18.79,18.28,10.9,NON_POSIZIONABILE,0
989690716,NEOBIANACID 70CPR LIMONE,NE1,1440.71,8,61,grossista,0,463,,15.43,0.00,17.85,48,17.59,17.84,15.6,REINSERISCI_prezzo_fb,0
942859149,HEPATIKRILL CANI E GATTI 30PRL,NBF,1436.25,5,31,grossista,0,120,,22.30,25.87,29.19,49,25.42,29.18,30.9,STANDALONE,0
930062245,PROJOINT COMPLEX 60TAV,SLG,1426.58,4,28,MAGAZZINO,1,356,,40.46,49.16,41.27,51,45.31,41.26,2.0,NON_POSIZIONABILE,0
970150898,NORMAST 600MG 60CPR,0U9,1425.77,8,34,grossista,0,5154,,37.98,43.86,40.27,56,42.54,40.26,6.0,NON_POSIZIONABILE,0
945030171,JOHYA OS 15FL,MC4,1418.81,6,27,grossista,0,286,7,17.50,21.25,23.28,41,19.95,23.27,33.0,STANDALONE,0
989362595,CONDROGEN PUPPY 90CPR,1N2,1418.17,6,31,grossista,0,117,5,42.63,49.32,50.00,28,47.75,49.99,17.3,STANDALONE,0
904234325,COLONIR 15CPR,OHP,1403.03,4,38,MAGAZZINO,1,190,,15.19,18.46,17.29,47,17.32,17.28,13.8,NON_POSIZIONABILE,0
952049359,ARTERION K2ME 30CPS,HN0,1393.36,4,26,grossista,0,162,,20.15,0.00,23.54,20,22.97,23.53,16.8,REINSERISCI_prezzo_fb,0
988925475,YOVIS CAPS 20CPS,YOV,1374.40,7,56,MAGAZZINO,2,473,,16.03,19.47,18.72,60,18.27,18.71,16.7,VIA_PC,0.76
972471597,RUBAXX ARTICOLAZIONI 30BUST,"",1370.23,5,19,grossista,0,200,10,40.50,46.56,43.95,44,45.36,43.94,8.5,NON_POSIZIONABILE,0
940012762,ELYANNA 30STICK PACK,"",1350.54,3,25,grossista,0,306,,23.29,0.00,30.87,22,26.55,30.86,32.5,REINSERISCI_prezzo_fb,0
986486088,UROIAL PLUS 14BUST,"",1343.53,6,31,grossista,0,1354,12,20.78,24.32,23.54,43,23.69,23.53,13.2,NON_POSIZIONABILE,0
945155380,VISURETIN 30CPS,VIU,1339.52,5,28,MAGAZZINO,1,695,,21.27,24.89,24.80,37,24.25,24.79,16.5,VIA_PC,0.10
912321080,PHYTO CORRECTIVE 30ML,SKI,1336.32,1,13,grossista,0,11,,75.15,90.18,67.21,27,84.17,67.20,-10.6,NON_POSIZIONABILE,0
941079042,ARTIKRILL DOL CANE 60PRL,1R2,1330.56,8,47,grossista,0,1141,10,21.15,24.87,25.48,51,24.11,25.47,20.4,STANDALONE,0
940005212,MATERPLUS 1 90CPS,"",1325.48,6,34,grossista,0,147,,33.66,0.00,40.28,28,37.70,40.27,19.6,REINSERISCI_prezzo_fb,0
931160485,AUSILIUM FORTE 300G,0I5,1324.36,4,20,grossista,0,105,7,63.82,74.02,73.17,30,71.48,73.16,14.6,VIA_PC,0.86
986117570,CARDIORITMON COLESTEROLO 30CPS,"",1320.95,8,49,MAGAZZINO,1,3397,,19.80,23.17,19.77,68,22.57,19.76,-0.2,NON_POSIZIONABILE,0
984790319,KANADOL 50CPR,"",1319.56,5,34,grossista,0,1734,,25.26,30.31,27.65,39,28.80,27.64,9.4,NON_POSIZIONABILE,0
950453997,CITICOOS 1000 15FL,"",1311.23,4,16,grossista,0,101,,28.06,0.00,34.89,20,31.99,34.88,24.3,REINSERISCI_prezzo_fb,0
938650025,BIONECT START UNGUENTO 30G,BPT,1310.98,5,35,grossista,0,846,,15.13,18.15,18.64,46,17.25,18.63,23.1,STANDALONE,0
977668134,INOFERT HP 20BUST,I00,1301.05,3,29,MAGAZZINO,1,759,,16.89,19.76,19.43,45,19.25,19.42,15.0,VIA_PC,0.34
947073969,RILASTIL SUN SYS TRANSP SPF50+,RIL,1291.12,8,89,MAGAZZINO,1,194,,14.92,17.76,14.48,47,17.01,14.47,-3.0,NON_POSIZIONABILE,0
900095769,MELIVEN PLUS 20SOFTGEL,MLV,1284.90,4,27,grossista,0,443,,14.50,16.53,18.18,47,16.53,18.17,25.3,STANDALONE,0
945150668,OLIGO MAG PLUS 100TAV,SLG,1277.88,10,46,grossista,0,961,,18.37,21.59,21.25,60,20.94,21.24,15.6,VIA_PC,0.35
949793374,PROSTADEP PLUS 60SOFTGEL,"",1264.90,3,22,grossista,0,16,,34.71,0.00,40.22,25,38.88,40.21,15.8,REINSERISCI_prezzo_fb,0
934510381,FERPROST FORTE 15CPS MOLLI,"",1263.23,6,25,grossista,0,802,10,17.23,19.85,21.30,42,19.64,21.29,23.6,STANDALONE,0
951036173,MARIAL PLUS 20STICK 15ML,"",1258.95,7,38,grossista,0,248,,15.19,0.00,20.70,34,17.32,20.69,36.2,REINSERISCI_prezzo_fb,0
029032087,CODEX*30CPS 5MLD 250MG,CDX,1254.36,8,76,MAGAZZINO,2,890,,13.48,16.44,13.89,61,15.36,13.88,3.0,NON_POSIZIONABILE,0
904932163,LUTEIN OMEGA3 30CPS,LUI,1251.51,5,23,grossista,0,616,,16.61,19.93,20.50,42,18.94,20.49,23.4,STANDALONE,0
981920933,SOLLIEVO FISIOLAX 90CPR,SVO,1251.38,10,62,MAGAZZINO,1,3820,,13.52,16.09,15.19,77,15.41,15.18,12.3,NON_POSIZIONABILE,0
943942452,TANNIDIN PLUS 30CPR MAST,"",1235.58,5,26,grossista,0,345,5,23.79,27.88,28.77,39,27.12,28.76,20.9,STANDALONE,0
935513390,VIVIFAST 20CPR,NZH,1224.23,5,16,grossista,0,313,7,26.80,31.08,31.10,40,30.55,31.09,16.0,STANDALONE,0
941999094,PROLIFE 10 FORTE 12FL 8ML,PRL,1205.19,8,115,MAGAZZINO,17,414,,4.51,5.37,6.08,63,5.32,6.07,34.6,STANDALONE,0
984896656,SYREL 30CPS MOLLI,0BS,1204.65,8,38,MAGAZZINO,1,540,,14.99,18.44,18.20,46,17.09,18.19,21.3,VIA_PC,0.25
905603066,AMINOTROFIC 30BUSTE,A3O,1198.42,7,31,MAGAZZINO,1,2296,,26.27,30.45,19.39,59,29.95,19.38,-26.2,NON_POSIZIONABILE,0
951343856,NERADIN 112CPS,"",1190.11,4,17,grossista,0,81,,63.18,0.00,69.40,26,70.76,69.39,9.8,NON_POSIZIONABILE,0
042386348,BRUFEN ANALGESICO*12CPR 400MG,BFE,1188.34,9,158,MAGAZZINO,79,1101,,5.70,6.95,5.52,54,6.72,5.51,-3.3,NON_POSIZIONABILE,0
981248293,TOPIALYSE HUILE LAV 1L NF,SVR,1188.09,6,73,grossista,0,809,,13.36,15.90,12.90,61,15.23,12.89,-3.5,NON_POSIZIONABILE,0
988829305,COLLAGE SKIN 30STICK,BRD,1184.27,2,26,grossista,0,100,,22.36,0.00,29.69,15,25.49,29.68,32.7,REINSERISCI_prezzo_fb,0
933302147,EZIMEGA PLUS 20CPS MOLLI,EZI,1181.91,7,25,grossista,0,627,,17.05,20.46,18.69,54,19.44,18.68,9.6,NON_POSIZIONABILE,0
930503343,FISIOTON 20FL 15ML,"",1181.60,4,21,grossista,0,373,9,25.56,29.67,29.61,35,29.14,29.60,15.8,VIA_PC,0.07
023358068,GEFFER*OS GRAT EFF 24BUST 5G,GFF,1178.11,9,84,MAGAZZINO,26,2051,,9.79,11.94,12.39,65,11.55,12.38,26.5,STANDALONE,0
950909996,IALUTEC RED 20 FIALE MONODOSE,"",1171.85,4,20,grossista,0,107,,24.00,0.00,31.17,30,27.36,31.16,29.8,REINSERISCI_prezzo_fb,0
951122276,"PEROVIAL 0,8% 16MG 2ML AGO G27","",1166.81,1,8,grossista,0,6,,68.43,0.00,80.74,10,76.64,80.73,18.0,REINSERISCI_prezzo_fb,0
975359720,ASUDYN 60CPR,TBF,1164.92,6,23,grossista,0,106,8,32.21,37.05,32.90,34,36.08,32.89,2.1,NON_POSIZIONABILE,0
022816021,"SOMATOLINE*EMULS 30BS 0,1+0,3%",SOM,1163.30,5,31,grossista,0,216,,38.74,45.72,39.54,68,43.39,39.53,2.0,NON_POSIZIONABILE,0
970489593,COLILEN IBS 96OPR,ABO,1161.69,8,36,grossista,0,439,,24.29,29.15,27.62,73,27.69,27.61,13.7,NON_POSIZIONABILE,0
951038746,KROMIA FB LIPOSOMIALE 15ML,"",1157.72,2,22,grossista,0,110,,50.13,0.00,59.14,23,56.15,59.13,18.0,REINSERISCI_prezzo_fb,0
975867755,OMEGA 3 KRILL OIL SALUGEA60PRL,S0U,1147.73,5,18,grossista,0,238,8,31.71,36.66,38.32,34,35.52,38.31,20.8,STANDALONE,0
938796733,MACULAR B FORTE 20CPR,MUA,1144.04,6,28,grossista,0,717,,16.62,19.95,21.89,54,18.95,21.88,31.6,STANDALONE,0
950991923,GLIALIA SOSPENSIONE ORAL20BUST,"",1136.32,4,17,grossista,0,249,9,25.07,29.93,31.65,23,28.58,31.64,26.2,STANDALONE,0
949697318,BUONERBE FORTE 90CPR,BSL,1112.79,6,31,grossista,0,365,,12.55,0.00,15.73,27,14.31,15.72,25.3,REINSERISCI_prezzo_fb,0
986173437,ENTEROLACTIS DUO INUL 20BUST,ENO,1092.16,8,45,grossista,0,1062,,14.41,17.72,16.87,63,16.43,16.86,17.0,VIA_PC,0.86
942980588,MICRONAM 30CPR,"",1072.63,3,26,MAGAZZINO,1,188,,21.29,25.86,23.92,34,24.26,23.91,12.3,NON_POSIZIONABILE,0
943303279,GASTROVOM CANE GATTO GEL 50ML,"",1064.85,7,54,grossista,0,1337,,11.75,13.42,14.05,55,13.40,14.04,19.5,STANDALONE,0
971528195,BLUYAL 10ML,BLY,1063.22,7,35,MAGAZZINO,3,100,,13.96,16.05,13.52,54,15.91,13.51,-3.2,NON_POSIZIONABILE,0
934388620,MILESAX 14BUST,ONH,1057.09,8,33,MAGAZZINO,1,3714,,16.65,19.49,20.77,61,18.99,20.76,24.7,STANDALONE,0
947462432,ADVANCED OMEGA D3 120PRL SOFT,SLG,1055.38,5,21,grossista,0,945,,28.60,34.32,32.57,51,32.60,32.56,13.8,NON_POSIZIONABILE,0
971635735,DULCOSOFT POLVERE 20BUST,DCX,1049.40,8,51,MAGAZZINO,24,995,,7.59,9.03,10.29,76,8.96,10.28,35.4,STANDALONE,0
042583029,CASENLAX*OS POLV 20BUST 10G,XJJ,1039.78,4,25,MAGAZZINO,1,348,,10.91,13.31,12.49,48,12.44,12.48,14.4,VIA_PC,0.83
945075935,ARTROSULFUR VISC 16BUST,UCH,1036.35,3,18,MAGAZZINO,1,1005,,20.09,23.50,24.82,50,22.90,24.81,23.5,STANDALONE,0
028742031,RINOCALYPTOL*SPRAY NAS FL 15ML,RYN,1032.40,6,74,MAGAZZINO,5,278,,4.95,6.04,4.96,48,5.84,4.95,0.0,NON_POSIZIONABILE,0
942579309,NEUROGEN PET ULTRA 30CPR,NBF,1029.93,6,27,grossista,0,650,,18.51,21.48,23.42,49,21.10,23.41,26.5,STANDALONE,0
986741357,POLASE CLASSICO 60CPR,POE,1028.40,8,38,MAGAZZINO,67,1490,,10.54,12.13,14.70,74,12.01,14.69,39.4,STANDALONE,0
989894530,PREMIER CRU CREMA RICCA RIC,CAU,1027.70,5,21,grossista,0,41,,61.48,73.77,50.50,28,68.86,50.49,-17.9,NON_POSIZIONABILE,0
980126318,VITREOBEN 20BUST,OAA,1027.51,5,27,MAGAZZINO,1,296,,18.95,23.03,21.93,45,21.61,21.92,15.7,VIA_PC,1.11
947228209,ERYFOTONA AK-NMSC FLUID 50ML,"",1026.78,7,35,grossista,0,334,,23.81,27.86,26.91,54,27.14,26.90,13.0,NON_POSIZIONABILE,0
981928171,OLEA K2 GOCCE 20ML,HN0,1026.44,6,39,grossista,0,4497,,17.88,21.45,19.43,41,20.38,19.42,8.6,NON_POSIZIONABILE,0
979945540,RIPANERV 45CPR,HPE,1025.98,6,14,MAGAZZINO,1,69,,44.50,54.06,45.12,26,49.83,45.11,1.4,NON_POSIZIONABILE,0
976392225,PHYSIOMANCE GLUCO 3 90CPR,"",1022.63,2,24,grossista,0,112,,36.45,41.92,44.97,30,40.82,44.96,23.3,STANDALONE,0
976335291,YOVIS FLACONCINI 10FL OS,YOV,1020.18,10,69,MAGAZZINO,169,4052,,6.83,8.40,9.84,87,8.06,9.83,43.9,STANDALONE,0
925205256,PHYTO PHYTOPHANERE 1+1,PHY,997.40,5,31,grossista,0,1134,,23.76,28.51,24.90,52,27.09,24.89,4.8,NON_POSIZIONABILE,0
931774119,CLIN 4000 30BUST,"",993.84,5,26,grossista,0,722,10,14.98,17.64,19.92,45,17.08,19.91,32.9,STANDALONE,0
940037601,FUSION WATER MAGIC REP SPF50,ISD,992.61,5,33,grossista,0,175,,23.73,27.76,26.23,38,27.05,26.22,10.5,NON_POSIZIONABILE,0
950082065,ENTERELLE PLUS 48CPS,"",992.12,7,38,MAGAZZINO,1,213,,25.14,30.54,25.45,45,28.65,25.44,1.2,NON_POSIZIONABILE,0
927385219,CONVEEN OPTIMA GUAINA 28MM 30P,CNV,987.45,1,19,grossista,0,12,7,48.65,58.03,58.04,29,54.49,58.03,19.3,STANDALONE,0
015784097,BIOCHETASI*OS GRAT EFF 18BUST,BCH,981.93,10,81,MAGAZZINO,72,1595,,9.39,11.46,12.33,63,11.08,12.32,31.2,STANDALONE,0
920014040,SOMNOFIT ANTIRUSSAMENTO 1PZ,"",980.26,2,19,grossista,0,29,8,47.00,53.70,58.27,24,52.64,58.26,24.0,STANDALONE,0
909317479,APTODIN PLUS RETARD 30CPR,"",974.32,4,23,grossista,0,1022,9,25.10,29.43,29.61,46,28.61,29.60,17.9,STANDALONE,0
950222556,VITREONORM TASK 20STICK,"",967.36,3,21,grossista,0,187,,12.35,0.00,16.43,25,14.08,16.42,33.0,REINSERISCI_prezzo_fb,0
987681448,SARCOBASE 30BUST,ABG,965.19,5,25,MAGAZZINO,1,257,,33.07,40.18,36.07,33,37.03,36.06,9.0,NON_POSIZIONABILE,0
934322280,MELIVEN 3 30CPR,MLV,964.36,4,24,MAGAZZINO,1,511,,16.74,20.34,19.08,44,19.09,19.07,13.9,NON_POSIZIONABILE,0
974021418,PROSTYM 30CPS,0TF,963.08,5,20,grossista,0,157,8,20.52,23.86,27.27,38,23.39,27.26,32.8,STANDALONE,0
937494502,CONVEEN OPTIMA GUAINA 35MM 30P,CNV,962.76,2,17,grossista,0,28,11,48.65,58.35,53.80,34,54.49,53.79,10.6,NON_POSIZIONABILE,0
944898105,CETILAR TAPE STRISCIA ADES ANE,CE9,957.66,4,43,MAGAZZINO,3,545,,20.11,23.52,18.38,60,22.92,18.37,-8.7,NON_POSIZIONABILE,0
978476101,KIJIMEA COLON IRRITAB PRO28CPS,KJI,952.73,6,31,grossista,0,517,,27.68,32.38,30.43,45,31.56,30.42,9.9,NON_POSIZIONABILE,0
952089175,ATEROSTAR COLESTEROLO 30CPR,EA9,944.82,6,21,grossista,0,228,,15.90,0.00,20.59,31,18.13,20.58,29.4,REINSERISCI_prezzo_fb,0
989319746,RESPECTA 10CPS,"",944.26,6,28,grossista,0,426,8,12.97,15.29,17.25,34,14.79,17.24,32.9,STANDALONE,0
986286932,CISTIFLUX PLUS 14BUST,CFX,942.15,10,53,MAGAZZINO,1,2468,,12.13,13.95,14.19,73,13.83,14.18,16.9,STANDALONE,0
972525240,FOLAMET 30CPR 500MG,ABH,934.30,4,26,grossista,0,532,9,20.90,24.57,26.29,39,23.83,26.28,25.7,STANDALONE,0
987822069,EUREKOL MACULA 30CPS ACIDORES,"",932.34,6,17,grossista,0,145,,20.59,23.89,24.00,39,23.47,23.99,16.5,STANDALONE,0
940037649,TRANSPARENT SPRAY WET SKIN 30,ISD,928.93,3,33,grossista,0,114,,22.22,25.77,24.53,36,25.33,24.52,10.4,NON_POSIZIONABILE,0
930957067,OMK1 SOLUZIONE OFT STER 10ML,OK1,925.75,7,26,grossista,0,1002,9,12.58,14.65,16.73,45,14.34,16.72,32.9,STANDALONE,0
983742976,VITAMINA B12 IBSA 30FILM ORALI,0BS,923.41,8,35,MAGAZZINO,1,1044,,16.27,19.84,15.83,71,18.55,15.82,-2.8,NON_POSIZIONABILE,0
976202717,CRISPACT 30STICK OROSOLUBILI,PHX,922.57,4,27,grossista,0,670,9,21.87,25.57,26.80,35,24.93,26.79,22.5,STANDALONE,0
983364959,DINAMINA FLACONE 60G BUONAPET,VJS,922.47,1,25,grossista,0,184,,22.34,26.81,25.76,35,25.47,25.75,15.3,VIA_PC,1.06
970150900,GLIALIA 400MG+40MG 60CPR,0P9,917.70,4,26,MAGAZZINO,1,5213,,28.06,32.83,30.41,49,31.99,30.40,8.3,NON_POSIZIONABILE,0
982946182,GENESI DOL 14BUST MONODOSE,FHH,915.86,5,18,grossista,0,418,9,18.22,21.37,23.49,33,20.77,23.48,28.9,STANDALONE,0
926025913,MERITENE FORZA/VITAL CIOC 270G,MER,911.79,6,26,grossista,0,1985,,11.48,14.13,13.56,60,13.09,13.55,18.0,VIA_PC,0.58
945150377,ESTETIC FORMULA 60TAV,SLG,903.96,6,31,MAGAZZINO,1,723,,24.05,29.94,26.88,58,27.41,26.87,11.7,NON_POSIZIONABILE,0
974109338,CERAVE CREMA IDRATANTE 454G,CV9,900.51,10,51,MAGAZZINO,13,626,,12.55,14.86,16.79,75,14.31,16.78,33.7,STANDALONE,0
951150022,DIKIROGEN ZERO 30CPR,"",899.53,4,25,MAGAZZINO,1,200,,16.61,0.00,21.75,34,18.94,21.74,30.9,REINSERISCI_prezzo_fb,0
951552557,TIMOB 30STICKPACK 10ML,"",897.61,3,20,grossista,0,149,,26.25,0.00,34.52,23,29.93,34.51,31.5,REINSERISCI_prezzo_fb,0
940536016,AMINOMS 30BUST,"",897.05,2,17,MAGAZZINO,1,252,,26.53,32.24,30.78,34,30.25,30.77,16.0,VIA_PC,1.47
912111111,PHYSIOMANNA LAXDEPUR MANNITE,YP4,895.97,5,20,grossista,0,490,,10.57,12.26,13.94,40,12.05,13.93,31.8,STANDALONE,0
932501392,MELILAX ADULTI 6MICROCLISMI,ABO,895.82,9,38,MAGAZZINO,1,1147,,7.34,9.03,8.88,72,8.66,8.87,20.8,VIA_PC,0.16
940037637,TRANSPARENT SPRAY WET PEDIAT50,ISD,886.08,3,36,grossista,0,150,9,21.68,25.57,24.87,33,24.72,24.86,14.7,VIA_PC,0.71
974058327,VISCAPLUS CANOVA 60CPS,CA1,884.40,7,18,grossista,0,294,7,33.30,38.64,34.93,39,37.30,34.92,4.9,NON_POSIZIONABILE,0
950956817,COLIPRAL 30CPS,"",881.01,5,25,grossista,0,135,,14.54,0.00,17.91,24,16.58,17.90,23.1,REINSERISCI_prezzo_fb,0
982182331,YMEA 8IN1 30CPR,YME,880.60,4,27,grossista,0,335,,26.07,31.28,28.35,48,29.72,28.34,8.7,NON_POSIZIONABILE,0
987656194,GOLD COLLAGEN ARTRON EXTR 10FL,"",880.17,2,11,grossista,0,112,,33.79,40.55,31.80,36,37.84,31.79,-5.9,NON_POSIZIONABILE,0
986106817,ZIMER 1200 30BUST,"",878.75,5,22,grossista,0,558,6,23.99,28.03,30.71,23,27.35,30.70,28.0,STANDALONE,0
904239910,PSYLLOGEL FIBRA ARA ROS VASO,PSY,876.62,9,53,MAGAZZINO,6,976,,9.33,11.47,12.13,80,11.01,12.12,29.9,STANDALONE,0
951149968,AXIGAB 90CPR,"",874.66,3,30,grossista,0,186,,23.29,0.00,30.90,31,26.55,30.89,32.6,REINSERISCI_prezzo_fb,0
942002926,ISDINCEUTICS AGE REVERSE 50ML,ISD,869.38,2,15,grossista,0,3,,71.04,85.25,62.63,38,79.56,62.62,-11.9,NON_POSIZIONABILE,0
979043104,EUFORTYN COLESTEROLO PLUS30CPR,1EU,865.38,6,27,MAGAZZINO,1,2754,,16.19,19.67,18.95,52,18.46,18.94,17.0,VIA_PC,0.73
035618204,MOMENTACT*30CPR RIV 400MG,MMT,863.66,9,84,MAGAZZINO,25,865,,9.23,11.26,11.49,48,10.89,11.48,24.4,STANDALONE,0
943911469,ISDINCEUTICS AGE REVERSE NIGHT,ISD,856.22,2,15,grossista,0,14,,72.99,87.59,70.74,36,81.75,70.73,-3.1,NON_POSIZIONABILE,0
934416619,DICOFLOR ELLE 28CPS,DLL,847.39,4,24,grossista,0,1005,,21.68,25.15,20.94,55,24.72,20.93,-3.5,NON_POSIZIONABILE,0
985826243,VITAMINA D3 IBSA 2000UI 30FILM,0BS,844.85,10,50,MAGAZZINO,5,1610,,9.30,11.43,10.88,83,10.97,10.87,16.9,NON_POSIZIONABILE,0
903204941,RELAXCOL 36CPS,CR3,842.15,8,33,MAGAZZINO,1,697,,15.40,18.71,19.02,48,17.56,19.01,23.4,STANDALONE,0
935034405,EMACRIT 30CPS,PHN,833.57,8,29,MAGAZZINO,1,1083,,14.60,17.37,19.11,51,16.64,19.10,30.8,STANDALONE,0
987842251,PROEVO 500 CRONO 15CPS,"",831.41,4,13,grossista,0,194,7,15.92,18.69,19.58,33,18.15,19.57,22.9,STANDALONE,0
947073716,RILASTIL XEROLACT BALS SP400ML,RIL,824.37,3,36,grossista,0,66,,16.40,0.00,13.80,38,18.70,13.79,-15.9,NON_POSIZIONABILE,0
041545031,GAVISCON BRUCIORE IND*24BS ME,GVN,820.68,8,82,MAGAZZINO,1,980,,9.08,11.07,10.46,59,10.71,10.45,15.1,NON_POSIZIONABILE,0
990043996,BIOFLOR 30CPS VEGETALI,"",816.13,4,19,grossista,0,390,,21.18,0.00,26.29,30,24.15,26.28,24.1,REINSERISCI_prezzo_fb,0
023673092,IMODIUM*12CPR OROSOL 2MG,IMD,814.51,4,54,MAGAZZINO,9,750,,9.79,11.94,10.46,54,11.55,10.45,6.7,NON_POSIZIONABILE,0
977790854,DISCOLORATION DEFENSE SERUM,SKI,811.82,2,8,MAGAZZINO,1,0,,98.83,115.63,87.44,25,110.69,87.43,-11.5,NON_POSIZIONABILE,0
989687999,FORMOLINE L112 EXTRA 64CPR,BFC,811.52,4,11,grossista,0,101,,39.34,0.00,48.40,23,44.06,48.39,23.0,REINSERISCI_prezzo_fb,0
943804082,ZETA ARTRO CUR 30CPR,ERZ,811.00,5,22,grossista,0,760,,17.17,19.92,20.96,46,19.57,20.95,22.0,STANDALONE,0
979795933,ACCU-CHEK INSTANT 25 STRIPS,ACK,808.17,1,36,MAGAZZINO,1,1234,,11.05,13.15,13.02,38,12.60,13.01,17.7,VIA_PC,0.14
972264408,YOVIS CAPS 10CPS,YOV,807.48,8,59,MAGAZZINO,85,2977,,6.78,8.33,9.49,89,8.00,9.48,39.8,STANDALONE,0
943256659,TIOCRONAL REDOX 20CPR,TCN,805.16,3,16,grossista,0,239,9,21.21,24.72,25.90,43,24.18,25.89,22.1,STANDALONE,0
987718792,ORALB POWER ORAL CENTER+IO6,ORA,803.89,2,7,grossista,0,69,7,153.05,180.23,139.84,24,171.42,139.83,-8.6,NON_POSIZIONABILE,0
942644321,LACTOFLORENE CIST 20BUST,LCF,803.63,9,43,MAGAZZINO,1,803,,9.44,11.61,12.77,69,11.14,12.76,35.2,STANDALONE,0
971268949,ATODERM HUILE DE DOUCHE 1L,BDM,796.74,6,42,MAGAZZINO,1,1869,,14.49,17.25,13.85,55,16.52,13.84,-4.5,NON_POSIZIONABILE,0
951375625,CARDIOL FORTE 30SOFTGEL NF,"",796.28,5,16,grossista,0,575,,17.22,0.00,20.22,33,19.63,20.21,17.4,REINSERISCI_prezzo_fb,0
980635142,KELUAL DS SHAMPOO FORFORA SEV,DUC,795.72,10,53,MAGAZZINO,14,3879,,10.94,13.46,12.89,56,12.48,12.88,17.7,VIA_PC,0.58
909468389,GALIUM 30ML GTT HEEL,GNA,794.88,4,39,MAGAZZINO,1,281,,14.84,17.66,17.18,53,16.92,17.17,15.7,VIA_PC,0.49
925820793,MICRONIL DOL 30BUST,0T1,794.28,4,15,grossista,0,137,7,37.62,44.14,45.58,42,42.13,45.57,21.1,STANDALONE,0
982981680,ANTHELIOS FAMILY SPR 50+ 300ML,LAR,794.24,7,44,grossista,0,640,,15.84,19.00,16.58,54,18.06,16.57,4.6,NON_POSIZIONABILE,0
950912865,EPICUROS 20CPR,"",794.11,3,13,grossista,0,24,,20.66,0.00,27.85,21,23.55,27.84,34.8,REINSERISCI_prezzo_fb,0
943372843,PRINCIPIUM B12 1000 60CPR SUBL,PCM,793.62,4,38,grossista,0,873,5,11.00,12.97,15.30,46,12.54,15.29,39.0,STANDALONE,0
930880632,LEVIAPROST 30CPS,E0F,790.63,5,16,grossista,0,344,8,22.04,25.78,26.87,49,25.13,26.86,21.9,STANDALONE,0
947485746,CARDIOLIPID 10 PLUS 30CPR,SHD,790.13,7,26,MAGAZZINO,1,5248,,18.96,20.37,19.66,50,21.62,19.65,3.6,NON_POSIZIONABILE,0
931118158,ENTEROSGEL SOSP ORALE 225G,GNA,789.48,6,30,MAGAZZINO,1,556,,18.06,20.77,19.12,63,20.59,19.11,5.8,NON_POSIZIONABILE,0
942210170,PICNOVEN DREN 100CPR,BID,787.80,5,20,grossista,0,147,,26.47,30.25,34.51,37,30.18,34.50,30.3,STANDALONE,0
950082053,SEROBIOMA 48CPS,"",787.51,6,25,grossista,0,192,,23.73,28.47,25.45,40,27.05,25.44,7.2,NON_POSIZIONABILE,0
951273907,CONDROMAX FORTE 10BUST,"",784.68,3,16,grossista,0,106,,19.11,0.00,25.35,26,21.79,25.34,32.6,REINSERISCI_prezzo_fb,0
042822027,"FROBEN GOLA*NEBUL 15ML 0,25%",FRO,783.56,10,104,MAGAZZINO,19,150,,4.79,5.84,6.65,64,5.65,6.64,38.6,STANDALONE,0
984872756,DAOSIN 30CPR,3C6,782.49,5,18,grossista,0,274,,23.84,28.60,23.86,42,27.18,23.85,0.0,NON_POSIZIONABILE,0
922378221,FLOGOPROST 30CPR,"",780.88,6,14,grossista,0,75,,21.34,24.75,28.25,26,24.33,28.24,32.3,STANDALONE,0
943319273,PRINCIPIUM COLLAGENE MAR20BUST,PCM,780.11,5,14,MAGAZZINO,1,273,,24.26,29.47,27.37,41,27.65,27.36,12.8,NON_POSIZIONABILE,0
988948497,GABADIN 30CPR,"",776.85,3,10,grossista,0,335,9,22.22,25.59,25.60,37,25.33,25.59,15.2,STANDALONE,0
943317937,LILITH CREMA VAGINALE 30ML,UDM,776.00,7,32,grossista,0,627,,16.13,18.87,19.40,42,18.39,19.39,20.2,STANDALONE,0
947434914,ESTER C PLUS 1000 90TAV,SLG,769.11,4,18,grossista,0,853,,28.56,34.27,31.42,53,32.56,31.41,10.0,NON_POSIZIONABILE,0
987437187,POLASE ARANCIA 36BUST PROMO,"",768.98,6,44,MAGAZZINO,31,325,,9.90,12.18,14.84,62,11.68,14.83,49.8,STANDALONE,0
951590431,FILORGA TIME FILLER INTENS 5XP,F1G,765.43,1,19,grossista,0,45,,50.56,0.00,39.57,25,56.63,39.56,-21.8,NON_POSIZIONABILE,0
902549652,PSYLLOGEL FIBRA ARA RO 20BUST,PSY,764.30,9,50,grossista,0,2193,,8.35,10.27,9.47,77,9.85,9.46,13.3,NON_POSIZIONABILE,0
974373159,ENTERELLE PLUS 24CPS,ERL,763.20,8,53,MAGAZZINO,1,418,,12.74,15.67,13.99,68,14.52,13.98,9.7,NON_POSIZIONABILE,0
985575430,INAD 30CPR,OFH,759.05,4,15,grossista,0,437,6,18.41,21.62,20.29,36,20.99,20.28,10.2,NON_POSIZIONABILE,0
944781487,CURCUMINA REDOX 30CPS,SLG,756.48,3,12,grossista,0,163,,37.76,45.32,36.25,38,42.29,36.24,-4.0,NON_POSIZIONABILE,0
984906002,DIVERTIX 30CPR,NAD,751.52,4,15,grossista,0,328,9,16.10,18.99,21.32,38,18.35,21.31,32.4,STANDALONE,0
931345589,RISCHIARIL FORTE 10BUST,0Z8,749.43,6,12,grossista,0,3299,,17.09,20.17,19.75,60,19.48,19.74,15.5,VIA_PC,0.43
949993873,COLLAGENDEP INTENSE FIL INTENS,ERZ,747.10,2,10,grossista,0,30,,73.47,0.00,79.90,24,82.29,79.89,8.7,NON_POSIZIONABILE,0
984812382,ALENIL Q 30CPR,"",746.99,4,16,grossista,0,320,7,19.11,22.38,24.29,37,21.79,24.28,27.1,STANDALONE,0
943802052,BROMELINA PLUS 60CPS,SLG,744.99,7,29,grossista,0,1591,,20.93,25.12,25.39,57,23.86,25.38,21.3,STANDALONE,0
973076247,MILL&JOY TEVA 100CPR,MJJ,744.87,5,33,MAGAZZINO,8,783,,14.14,17.62,15.75,42,16.11,15.74,11.3,NON_POSIZIONABILE,0
970458360,"ACUVAL AUDIO 14BUST 1,8G OS",ACV,744.72,6,16,MAGAZZINO,1,1123,,16.14,18.88,18.19,49,18.40,18.18,12.6,NON_POSIZIONABILE,0
974034439,BIOCHETASI DIGESTIONE POC18CPR,BCH,743.87,10,74,MAGAZZINO,32,2245,,6.09,7.50,8.15,75,7.19,8.14,33.7,STANDALONE,0
931370567,PROPOSTA MONO 30CPS,UBL,743.69,3,13,grossista,0,582,10,19.07,22.47,24.50,50,21.74,24.49,28.4,STANDALONE,0
986286906,ENTEROLACTIS BEVIBILE 12FL,ENO,743.38,10,48,grossista,0,482,,7.93,9.76,7.85,70,9.36,7.84,-1.1,NON_POSIZIONABILE,0
978582765,EUCERIN SUN GEL DRY TOUCH 50+,EUC,742.92,4,53,grossista,0,128,,14.29,17.57,13.49,40,16.29,13.48,-5.7,NON_POSIZIONABILE,0
931543639,LEGART MAXI 60CPR,0R4,742.20,4,12,grossista,0,253,7,39.90,46.16,46.50,39,44.69,46.49,16.5,STANDALONE,0
989355918,ESOXX DEFENCE 30CPR MASTIC,ESX,740.81,6,22,grossista,0,378,,17.67,20.49,20.96,39,20.14,20.95,18.6,STANDALONE,0
942860279,FILME GYNO V12 12OV,FIL,739.38,4,18,MAGAZZINO,1,258,,21.00,25.51,24.57,40,23.94,24.56,17.0,VIA_PC,0.95
979683455,HELIOCARE 360 PLUS 30CPS,HEL,739.17,6,25,MAGAZZINO,2,0,,23.34,27.31,23.87,45,26.61,23.86,2.2,NON_POSIZIONABILE,0
900996366,VEA SPRAY ECOL 100ML,VEA,738.25,8,33,MAGAZZINO,2,1099,,19.79,23.15,20.24,51,22.56,20.23,2.2,NON_POSIZIONABILE,0
951246901,UTIVAL 28BUST,"",738.05,6,18,grossista,0,161,,34.61,0.00,39.53,31,38.76,39.52,14.2,REINSERISCI_prezzo_fb,0
023547060,RINOGUTT*SPRAY NASALE 10ML EU,RTT,736.06,5,16,MAGAZZINO,3,276,,6.77,8.25,7.79,51,7.98,7.78,14.9,NON_POSIZIONABILE,0
949898035,BROVAS 1000 30CPR,AGA,734.25,6,19,MAGAZZINO,1,476,,21.05,0.00,23.56,27,24.00,23.55,11.9,NON_POSIZIONABILE,0
904266210,PROFLUSS 15CPS,KON,732.04,7,30,MAGAZZINO,2,2611,,16.14,18.88,20.25,62,18.40,20.24,25.4,STANDALONE,0
989666298,ZZZQUIL SONNO TUTTA NOTTE28CPR,VCK,729.48,7,36,MAGAZZINO,1,1272,,12.09,14.87,12.06,50,13.78,12.05,-0.3,NON_POSIZIONABILE,0
951501408,ADCMYFOLIC 30CPR,"",727.71,4,17,grossista,0,178,,15.05,0.00,21.39,20,17.16,21.38,42.1,REINSERISCI_prezzo_fb,0
945119865,TANNISOL CREMA SPF50+ SUN INTO,"",724.95,3,20,grossista,0,253,5,25.05,29.42,31.67,30,28.56,31.66,26.4,STANDALONE,0
944698707,SIDERAL MED 28BUST,0Y4,721.90,4,13,grossista,0,171,8,27.24,32.03,33.75,41,31.05,33.74,23.9,STANDALONE,0
988826956,NCEF REVITALIZE CREAM 50ML,"",720.37,1,14,grossista,0,186,,61.99,74.39,55.83,34,69.43,55.82,-10.0,NON_POSIZIONABILE,0
977802976,REDUCE-CPP 30CPR,"",720.33,4,12,grossista,0,75,8,26.30,30.53,26.60,37,29.98,26.59,1.1,NON_POSIZIONABILE,0
990000010,CERVIX 30CPS GASTRORESISTENTI,"",719.12,4,15,grossista,0,46,,22.58,0.00,30.02,26,25.74,30.01,32.9,REINSERISCI_prezzo_fb,0
983039951,AVENE SOL FLUIDO SPF50+ 50ML,AVE,718.91,4,62,grossista,0,86,,12.96,15.94,12.59,53,14.77,12.58,-2.9,NON_POSIZIONABILE,0
970452049,VITAMINA D 2000 UI 168CPR MAST,ME1,718.81,10,28,grossista,0,949,,21.67,26.00,22.46,55,24.70,22.45,3.6,NON_POSIZIONABILE,0
951468634,CONDROGEN ADULT&SPORT 60STICK,1N2,717.55,2,16,grossista,0,17,,43.82,0.00,51.56,28,49.08,51.55,17.6,REINSERISCI_prezzo_fb,0
902985389,SAUGELLA POLIGYN 50+ 500ML,SAU,714.33,10,58,grossista,0,1334,,10.80,12.85,12.79,68,12.31,12.78,18.3,VIA_PC,0.07
944898143,CETILAR PATCH CEROTTO 5PZ,CE9,711.93,3,24,MAGAZZINO,3,875,,14.43,17.75,16.13,59,16.45,16.12,11.7,NON_POSIZIONABILE,0
949645271,MASSIGEN MAGNESIO K S/Z SPEC25,MSG,710.90,6,64,MAGAZZINO,30,100,,6.77,8.80,9.72,33,7.98,9.71,43.4,STANDALONE,0
950837207,KIJIMEA K53 ADVANCE 20CPS,KJI,708.11,7,28,grossista,0,117,,17.44,0.00,22.90,20,19.88,22.89,31.3,REINSERISCI_prezzo_fb,0
986791958,RILASTIL XEROLACT OLIO 1000ML,RIL,707.52,7,48,grossista,0,174,,11.10,0.00,12.29,45,12.65,12.28,10.6,NON_POSIZIONABILE,0
911961098,EPATO 1500 PLUS 120CPR CANE,1G1,702.77,3,12,grossista,0,81,6,66.50,76.89,67.50,37,74.48,67.49,1.5,NON_POSIZIONABILE,0
912033685,BIFISELLE 30CPS,BS9,702.37,6,49,MAGAZZINO,2,611,,10.86,13.35,12.39,66,12.38,12.38,14.0,VIA_PC,0.97
984876779,SUPRADYN RICARICA 50+ 90CPR,SPY,699.68,3,22,grossista,0,172,,25.64,30.77,24.92,41,29.23,24.91,-2.8,NON_POSIZIONABILE,0
026725034,REGAINE*SOLUZ 60ML 5%,"",699.19,2,12,grossista,0,100,7,49.95,60.00,45.78,28,55.94,45.77,-8.4,NON_POSIZIONABILE,0
951100787,MESALANTIS 30CPS,"",697.47,7,24,grossista,0,154,,18.63,0.00,23.29,35,21.24,23.28,25.0,REINSERISCI_prezzo_fb,0
984744882,MECOLIN 1200 14BUST,"",695.51,4,10,grossista,0,520,8,18.46,21.59,24.48,39,21.04,24.47,32.6,STANDALONE,0
900922372,ANGIOTON PLUS RETARD 30CPR,"",694.60,5,19,grossista,0,609,,20.31,23.56,25.13,48,23.15,25.12,23.7,STANDALONE,0
934013703,MANNOCIST-D 20BUST,M9D,694.43,6,18,grossista,0,325,,19.29,23.15,19.50,51,21.99,19.49,1.0,NON_POSIZIONABILE,0
930605264,ACUTIL FOSFORO ADVANCE 50CPR,ACU,694.39,7,38,MAGAZZINO,37,989,,6.53,8.04,10.39,77,7.71,10.38,59.0,STANDALONE,0
980926618,ANTHELIOS LATTE SOL 50+ PAPER,LAR,692.63,8,48,grossista,0,100,,15.98,18.70,15.01,61,18.22,15.00,-6.1,NON_POSIZIONABILE,0
951361120,FLAVIAM CREMA SCHIARENTE 40ML,"",691.14,7,21,grossista,0,60,,34.49,0.00,43.28,27,38.63,43.27,25.5,REINSERISCI_prezzo_fb,0
951486190,BODY LOTION SPF50 250ML,ISD,689.69,3,36,grossista,0,177,,22.08,0.00,23.08,39,25.17,23.07,4.5,NON_POSIZIONABILE,0
931666960,SAUGELLA UOMO PH FISIOL 500ML,SAU,687.17,10,51,grossista,0,1987,,9.87,11.75,12.43,70,11.65,12.42,25.8,STANDALONE,0
947429181,APPORTAL VITAL 14BUST,"",684.86,5,19,grossista,0,624,,16.96,19.85,18.10,67,19.33,18.09,6.7,NON_POSIZIONABILE,0
941972236,INOFOLIC HP 20BUST,LLP,682.35,4,16,grossista,0,1071,10,15.36,17.98,20.25,55,17.51,20.24,31.8,STANDALONE,0
975816315,COLPHARMA MAGNETO CARE HOME,CO3,678.57,1,6,grossista,0,9,11,155.46,184.09,141.50,26,174.12,141.49,-9.0,NON_POSIZIONABILE,0
976014504,LYPEX 60CPS,"",676.63,4,6,grossista,0,68,,84.85,101.82,87.88,33,95.03,87.87,3.6,NON_POSIZIONABILE,0
934503665,LUBRIGYN DETERGENTE 200ML PROM,LUB,675.84,8,75,MAGAZZINO,1,1129,,6.43,7.65,5.00,42,7.59,4.99,-22.4,NON_POSIZIONABILE,0
979015308,PEAMAG 1200 14STICK,GE4,670.12,3,12,grossista,0,626,8,22.74,26.40,26.35,43,25.92,26.34,15.8,VIA_PC,0.06
013046077,ENTEROGERMINA*OS 10FL 4MLD 5ML,ENT,667.33,7,58,MAGAZZINO,271,3997,,8.36,10.20,11.43,66,9.86,11.42,36.6,STANDALONE,0
932524251,AVENE SOL SPRAY SPF30 200ML,AVE,666.86,2,50,MAGAZZINO,1,0,3,13.05,14.98,18.56,7,14.88,18.55,42.1,STANDALONE,0
038140012,MYLICONGAS*50CPR MAST 40MG,MYL,665.96,6,35,MAGAZZINO,14,1144,,9.26,11.30,11.19,59,10.93,11.18,20.7,VIA_PC,0.12
951171329,LONGLIFE MAGTEIN MG L-THR60TAV,LNG,665.25,2,16,grossista,0,113,,30.15,0.00,37.48,21,33.77,37.47,24.3,REINSERISCI_prezzo_fb,0
034283578,NIQUITIN*60PASTL 4MG MENTA FL,NQT,664.37,2,10,grossista,0,181,,18.47,21.79,20.14,31,21.06,20.13,9.0,NON_POSIZIONABILE,0
982463655,AGEX FLUID PHARCOS 15F 25ML,BDU,664.12,3,9,grossista,0,379,8,28.29,33.55,30.03,39,32.25,30.02,6.1,NON_POSIZIONABILE,0
974016368,B DYN NEW 90CPR,ME1,662.40,7,21,grossista,0,339,,27.89,33.46,27.92,42,31.79,27.91,0.1,NON_POSIZIONABILE,0
979097538,HYALO GYN GEL 10APPL MONODOSE,HGY,662.25,8,38,MAGAZZINO,8,307,,13.75,16.36,16.87,66,15.68,16.86,22.6,STANDALONE,0
988756146,PURE VIT C 12 SIERO 30ML,LAR,660.86,4,23,grossista,0,314,,30.26,36.31,28.37,54,33.89,28.36,-6.3,NON_POSIZIONABILE,0
904705213,EUFORTYN 10FL 15ML,1EU,659.83,7,24,MAGAZZINO,2,1187,,13.02,16.02,15.54,49,14.85,15.53,19.3,VIA_PC,0.49
950260416,RENECLIN 20BUST,"",656.01,6,15,grossista,0,95,,17.60,20.42,22.93,31,20.06,22.92,30.2,STANDALONE,0
951098490,PEAMIR 1200 15STICKPACK,B7F,655.61,3,12,MAGAZZINO,1,95,,24.05,29.22,28.71,25,27.41,28.70,19.3,VIA_PC,0.52
982054482,CEREBRAIN FORTE 12FL 15ML,UDR,655.04,6,14,MAGAZZINO,10,1278,,18.35,21.47,21.29,48,20.92,21.28,16.0,VIA_PC,0.19
942872019,PROIDEMA URTO 15CPR,"",654.77,4,13,MAGAZZINO,4,142,,14.22,17.49,18.00,39,16.21,17.99,26.5,STANDALONE,0
986178150,IOSEL 30CPS MOLLI,0BS,654.70,8,23,MAGAZZINO,4,264,,16.32,19.83,19.09,35,18.61,19.08,16.9,VIA_PC,0.75
935223875,UTIBIS 14BUST,UBL,654.58,4,13,grossista,0,417,,16.71,20.05,20.16,39,19.05,20.15,20.6,STANDALONE,0
976192068,ALEVICA 40CPR MASTICABILI,NNV,651.10,5,23,grossista,0,808,,27.18,32.62,29.68,55,30.99,29.67,9.2,NON_POSIZIONABILE,0
900583485,GINEXID SCHIUMA DET 150ML,GIN,650.46,9,57,MAGAZZINO,1,6619,,10.96,13.04,12.81,70,12.49,12.80,16.8,VIA_PC,0.24
926652330,FERTOP 30CPR,FTO,648.37,3,13,grossista,0,92,,20.05,23.26,24.76,38,22.86,24.75,23.4,STANDALONE,0
982541827,NEFRINA 60G FLACONE BUONAPET,0BU,648.37,3,21,grossista,0,435,,18.98,22.02,22.33,41,21.64,22.32,17.6,STANDALONE,0
908960735,SAUGELLA DERMOLIQUIDO 750ML,SAU,647.10,9,50,MAGAZZINO,1,305,,9.09,10.82,11.57,52,10.73,11.56,27.2,STANDALONE,0
926025949,MERITENE NEUTRO 270G,MER,646.15,8,23,grossista,0,1019,,12.00,14.04,13.54,58,13.68,13.53,12.8,NON_POSIZIONABILE,0
930529375,NEUKRON OFTA MESE 30FL 10ML,NEK,645.99,6,14,grossista,0,326,,31.10,36.38,34.77,52,34.83,34.76,11.8,NON_POSIZIONABILE,0
935541906,SAMETRIX 30CPS,"",644.76,5,20,MAGAZZINO,3,440,,13.49,16.59,16.36,48,15.37,16.35,21.2,VIA_PC,0.24
989374119,DIOSMECTALGO CARAM CACAO12BUST,"",643.02,6,22,MAGAZZINO,1,482,,10.69,13.37,12.34,41,12.19,12.33,15.3,VIA_PC,1.04
947224782,CISTIDEP D-MAX 20BUST,CST,641.77,5,15,grossista,0,319,10,17.78,20.70,21.19,41,20.27,21.18,19.1,STANDALONE,0
935253613,IALUTEC RED 50ML,"",639.47,2,11,grossista,0,219,6,23.89,27.74,30.75,43,27.23,30.74,28.7,STANDALONE,0
981498924,ROC KEOPS DEOD SPR FRESCO 48H,ROC,639.27,8,31,MAGAZZINO,1,1946,,5.09,6.26,6.03,48,6.00,6.02,18.3,VIA_PC,0.24
949705786,PEACIST 5G 14BUST,PE2,636.84,5,23,grossista,0,1332,,16.13,18.87,20.98,38,18.39,20.97,30.0,STANDALONE,0
948175310,FLEXART FLOGO 14BUST NF,AGA,635.64,5,18,MAGAZZINO,1,223,,18.04,21.11,19.22,41,20.57,19.21,6.5,NON_POSIZIONABILE,0
950832814,ULLACIST ULTRA 16BUST,B7F,634.46,5,16,grossista,0,218,,23.55,0.00,29.96,28,26.85,29.95,27.2,REINSERISCI_prezzo_fb,0
951388949,BIOS ACT COMPLEX 20STICK,"",632.28,2,11,grossista,0,80,,20.69,0.00,27.60,11,23.59,27.59,33.3,REINSERISCI_prezzo_fb,0
971477169,RIFLOG CM 10SUPP 2G,KON,632.28,3,9,grossista,0,326,8,13.45,15.66,17.73,36,15.33,17.72,31.7,STANDALONE,0
974037879,FORTIRAL 30BUST,DI4,630.41,4,9,grossista,0,140,5,44.25,52.02,52.03,35,49.56,52.02,17.6,STANDALONE,0
984597450,GALACTOL 30CPR,PHX,630.37,5,21,MAGAZZINO,1,153,,17.05,20.72,17.99,42,19.44,17.98,5.5,NON_POSIZIONABILE,0
947089835,UROGERMIN PROSTATA 60SOFTGEL,UGN,629.41,6,27,grossista,0,171,,18.82,22.02,22.10,40,21.45,22.09,17.4,STANDALONE,0
980923243,DIANAZEN 30CPR,PHN,627.76,6,27,grossista,0,277,7,11.87,14.07,15.39,45,13.53,15.38,29.6,STANDALONE,0
907240788,KERATOSE FORTE 20CPS,0Q8,626.88,3,16,grossista,0,292,7,16.12,18.81,20.70,38,18.38,20.69,28.3,STANDALONE,0
943376552,TENDISULFUR 20BUST,UCH,623.49,3,12,MAGAZZINO,1,383,,22.87,26.76,24.67,38,26.07,24.66,7.8,NON_POSIZIONABILE,0
952052963,ROC HYDRA+HYALUR SIERO STICK,"",620.01,1,21,grossista,0,46,,29.68,0.00,26.13,22,33.84,26.12,-12.0,NON_POSIZIONABILE,0
947073995,RILASTIL SUN SYS TRANSP SPF30,RIL,616.90,5,38,grossista,0,411,,13.62,16.20,14.15,49,15.53,14.14,3.8,NON_POSIZIONABILE,0
989052422,CISTOFIL 14BUST,"",616.86,4,17,grossista,0,100,,15.66,0.00,20.83,26,17.85,20.82,33.0,REINSERISCI_prezzo_fb,0
040313049,TACHIPIRINA OROSOL*12BS 500MG,TCH,615.87,9,73,MAGAZZINO,21,363,,6.03,7.35,7.84,53,7.11,7.83,29.9,STANDALONE,0
983191370,DELTACRIN PRP PHARCOS 6X15ML,BDU,615.20,4,12,grossista,0,247,8,51.19,60.93,55.87,32,57.33,55.86,9.1,NON_POSIZIONABILE,0
927291005,XEMOSE C8+ OLIO DET 1L,URI,613.71,7,31,grossista,0,289,,14.32,17.04,18.30,52,16.32,18.29,27.7,STANDALONE,0
949862407,NEDEMAX 60CPR,AGA,613.07,3,10,grossista,0,192,8,38.28,45.17,43.34,33,42.87,43.33,13.2,VIA_PC,1.84
920802826,SPERGIN Q10 16CPR,XDX,612.71,2,10,MAGAZZINO,1,1413,,27.03,32.84,30.26,47,30.81,30.25,11.9,NON_POSIZIONABILE,0
904671183,AVENE ACQUA TERMALE SPR 50ML,AVE,611.69,8,68,grossista,0,460,,4.06,5.00,4.71,43,4.79,4.70,15.8,NON_POSIZIONABILE,0
980629695,EMACRIT OROSOLUBILE 30STICK PA,PHN,611.43,6,25,MAGAZZINO,1,520,,15.29,17.89,18.99,45,17.43,18.98,24.1,STANDALONE,0
902812799,CER'8 ZANZARE 48 CUSCINETTI,CR8,610.92,8,58,MAGAZZINO,2,7095,,4.87,6.13,6.05,55,5.74,6.04,24.0,VIA_PC,0.09
979098427,LIBRAMED TRATT 5SETT 138+84CPR,ABO,610.46,5,16,grossista,0,160,,28.37,33.19,26.50,57,32.34,26.49,-6.6,NON_POSIZIONABILE,0
934827041,LITHOS PLUS 60CPR,3O5,609.57,7,17,grossista,0,214,,23.73,26.42,24.35,47,27.05,24.34,2.6,NON_POSIZIONABILE,0
930494099,LACTOFLORENE PLUS 12FL,LCF,608.25,7,60,MAGAZZINO,1,2474,,7.25,8.92,7.15,70,8.55,7.14,-1.5,NON_POSIZIONABILE,0
980807174,PROSTAMOL 90CPS,PSM,607.97,6,16,grossista,0,146,,37.68,45.21,31.85,52,42.20,31.84,-15.5,NON_POSIZIONABILE,0
980858385,REFLUS GEL 20STICK PACK,"",607.77,3,12,MAGAZZINO,1,722,,14.38,17.68,17.82,45,16.39,17.81,23.9,STANDALONE,0
983167812,FEMAL NOTTE 30CPS,"",607.52,4,15,MAGAZZINO,1,388,,27.20,31.83,28.12,39,31.01,28.11,3.3,NON_POSIZIONABILE,0
983793023,ADENOPROST 30CPS SOFT GEL,"",602.81,4,17,grossista,0,265,7,16.74,19.59,22.26,34,19.08,22.25,32.9,STANDALONE,0
935815934,MICROBIOTAL CANE 30CPR,NBF,601.82,6,19,grossista,0,352,,14.49,16.81,18.98,51,16.52,18.97,30.9,STANDALONE,0
943997243,VISUFLY 30BUST,VIU,601.77,9,25,MAGAZZINO,1,2645,,18.98,23.06,22.01,47,21.63,22.00,15.9,VIA_PC,1.06
951343831,MAVOSTEN 120CPR,5MO,601.40,4,8,grossista,0,24,,75.00,0.00,83.97,21,84.00,83.96,11.9,NON_POSIZIONABILE,0
988909899,CARTIJOINT PRO 15CPR,AJO,600.47,7,20,MAGAZZINO,3,174,,13.94,17.14,16.95,47,15.89,16.94,21.5,VIA_PC,0.20
927287060,DAFNEBEN 8CPS VAGINALI,S&R,598.99,5,23,MAGAZZINO,2,1253,,13.36,16.43,16.98,45,15.23,16.97,27.0,STANDALONE,0
931521569,NEVRITIN RETARD 15CPS,3R6,598.74,6,15,grossista,0,407,,19.88,23.06,24.80,40,22.66,24.79,24.7,STANDALONE,0
939029967,NAVIBLEF DAILY CARE 50ML,VIU,596.07,7,20,MAGAZZINO,2,1462,,18.51,22.49,22.68,47,21.10,22.67,22.5,STANDALONE,0
942899307,FOTOPROTECTOR GEL CREAM 250ML,ISD,595.73,2,31,grossista,0,254,,20.58,24.70,22.98,50,23.46,22.97,11.6,NON_POSIZIONABILE,0
932212071,WOBENZYM VITAL 120CPR,WOB,594.61,4,6,grossista,0,59,,34.79,40.01,42.26,42,38.96,42.25,21.4,STANDALONE,0
950935484,MACUFAST 30FILM ORODISPERSIBIL,"",594.29,5,12,grossista,0,144,,16.71,0.00,22.10,34,19.05,22.09,32.2,REINSERISCI_prezzo_fb,0
940560182,FOSFORESTART 12BUST,"",593.85,4,14,grossista,0,180,,15.21,0.00,20.69,26,17.34,20.68,36.0,REINSERISCI_prezzo_fb,0
984519544,GONALIA 30CPR,S&R,593.30,4,15,MAGAZZINO,1,920,,21.00,25.51,25.84,40,23.94,25.83,23.0,STANDALONE,0
978861490,VIDERMINA LUBRIPIU OLIOLATTE,VID,592.93,7,49,grossista,0,2162,,8.95,10.66,10.26,53,10.56,10.25,14.5,NON_POSIZIONABILE,0
931091540,MIGRASOLL 30BUST,"",592.91,3,13,MAGAZZINO,1,336,,18.06,21.95,22.14,47,20.59,22.13,22.5,STANDALONE,0
987963319,AGA PLUS 60CPS IRALTONE,"",592.47,7,17,grossista,0,308,,27.36,32.01,29.40,35,31.19,29.39,7.4,NON_POSIZIONABILE,0
948013420,CRC DOL 20STICK,HLU,591.44,3,8,grossista,0,78,,24.32,28.21,25.89,38,27.72,25.88,6.4,NON_POSIZIONABILE,0
949993455,HDLGELAR FREE 45CPS,"",591.28,4,16,grossista,0,149,,18.47,0.00,24.57,19,21.06,24.56,33.0,REINSERISCI_prezzo_fb,0
985638232,YOXA 30STICK PACK OROSOL,U7H,591.27,3,8,grossista,0,42,,31.69,0.00,40.46,19,35.49,40.45,27.6,REINSERISCI_prezzo_fb,0
940008218,FUSION WATER MAGIC COLOR 50ML,ISD,589.80,3,29,grossista,0,223,,21.07,25.28,23.12,44,24.02,23.11,9.7,NON_POSIZIONABILE,0
988771489,MICRONIL DOL 60CPR,0T1,589.61,4,10,MAGAZZINO,1,157,,39.66,48.18,43.04,28,44.41,43.03,8.5,NON_POSIZIONABILE,0
926562861,ONETOUCH SELECTPLUS 25STR,ONO,587.85,3,17,MAGAZZINO,2,1187,,9.44,11.62,11.90,39,11.14,11.89,26.0,STANDALONE,0
926115092,FORTIMEL CIOCCOLATO 4X200ML,FTM,587.69,1,8,grossista,0,87,6,11.34,13.25,16.20,35,12.93,16.19,42.8,STANDALONE,0
983520887,DEPROX HP 15CPS,XDX,584.34,6,12,grossista,0,220,7,21.21,25.09,26.10,44,24.18,26.09,23.0,STANDALONE,0
979082625,TRICOVEL PRP PLUS CELSI 30ML,TRV,583.88,3,12,grossista,0,58,,54.42,63.68,58.91,38,60.95,58.90,8.2,NON_POSIZIONABILE,0
983388606,ANSIOLEV 45CPR NF,SPE,583.36,6,30,MAGAZZINO,1,2519,,12.65,15.56,13.84,56,14.42,13.83,9.3,NON_POSIZIONABILE,0
926025937,MERITENE FORZA/VITAL VAN 270G,MER,583.26,5,23,grossista,0,1001,,11.64,14.32,13.56,49,13.27,13.55,16.4,VIA_PC,0.77
950000036,POPOVIS SUPREMO 180PAST,GIO,582.94,5,10,MAGAZZINO,1,60,,24.59,29.87,29.53,33,28.03,29.52,20.0,VIA_PC,0.35
017076151,VENORUTON*60CPR RIV 500MG,VEN,581.55,6,16,grossista,0,238,,20.78,24.52,,,23.69,,,NO_SCRAPER_48h,0
903997524,NIKE RCK ASCORB K+RIB 100BUST,"",580.71,5,13,grossista,0,306,11,20.46,23.37,23.38,42,23.32,23.37,14.2,STANDALONE,0
975068483,HYALGANBIO SIR INTRA-ART 2ML,HAA,579.25,3,8,grossista,0,55,6,26.63,31.54,34.09,34,30.36,34.08,28.0,STANDALONE,0
977219551,VISLEA 30CPS MOLLI,BAU,578.09,6,14,grossista,0,2887,,19.68,22.83,21.62,45,22.44,21.61,9.8,NON_POSIZIONABILE,0
950150565,"BIOSCALIN MENOPAUSA 16FX3,5ML",BIS,576.62,2,11,grossista,0,149,,52.16,62.59,53.78,36,58.42,53.77,3.1,NON_POSIZIONABILE,0
939125112,FEEDCOLON 30CPR,NPS,575.53,6,18,MAGAZZINO,1,1380,,18.79,21.98,19.67,44,21.42,19.66,4.6,NON_POSIZIONABILE,0
041631033,BUSCOFENACT*20CPS MOLLI 400MG,BSF,573.57,9,53,MAGAZZINO,19,408,,9.87,12.04,10.39,63,11.64,10.38,5.2,NON_POSIZIONABILE,0
975995059,URIAGE OLIO LAVANTE 1L,URI,573.26,8,29,MAGAZZINO,1,440,,18.73,22.75,15.43,49,21.35,15.42,-17.7,NON_POSIZIONABILE,0
986122188,ARTELAC ULTRA 4S 10ML,ATC,572.98,4,25,MAGAZZINO,1,2254,,16.02,18.74,17.22,53,18.26,17.21,7.4,NON_POSIZIONABILE,0
950458455,GAMETOGEN 20BUST,"",572.57,2,8,grossista,0,263,,25.27,0.00,28.41,29,28.81,28.40,12.4,NON_POSIZIONABILE,0
975701069,ALTRIENT LIPOSOMAL GLUT 30BUST,"",571.51,3,5,grossista,0,31,,94.63,110.72,108.48,29,105.99,108.47,14.6,VIA_PC,2.25
982505240,DMK PLUS 30CPS,PYI,570.93,3,8,grossista,0,62,,26.22,0.00,33.41,25,29.89,33.40,27.4,REINSERISCI_prezzo_fb,0
903596676,OMEGA PET RECOVERY 120PRL,NBF,569.84,4,17,grossista,0,184,,20.72,24.04,26.85,41,23.62,26.84,29.5,STANDALONE,0
023714037,AGIOLAX*OS GRAT BAR 400G,AGI,569.35,3,17,MAGAZZINO,1,150,,9.85,12.01,11.37,41,11.62,11.36,15.3,NON_POSIZIONABILE,0
981954694,RILASTIL SUN SYS DOPOSOLE I/R,RIL,568.87,7,56,grossista,0,144,,10.82,12.88,10.81,33,12.33,10.80,-0.2,NON_POSIZIONABILE,0
931590576,CARTIJOINT FORTE 20CPR,AJO,567.46,7,22,MAGAZZINO,6,1814,,15.95,18.66,19.88,70,18.18,19.87,24.6,STANDALONE,0
951090315,COSEQUIN ADVANCED CANE 120CPR,"",565.84,2,9,grossista,0,60,,55.02,0.00,60.38,15,61.62,60.37,9.7,NON_POSIZIONABILE,0
975451307,THEALOZ DUO SOLUZIONE OFT 15ML,THF,564.93,8,23,grossista,0,422,,16.76,19.61,19.77,53,19.11,19.76,17.9,STANDALONE,0
979683909,SKILLEG 1000 20BUST,B7F,564.65,3,12,MAGAZZINO,1,308,,15.35,18.64,19.93,30,17.49,19.92,29.8,STANDALONE,0
939146320,RECUGEL GEL OCULARE 10G,R1G,564.17,7,28,grossista,0,5830,,12.77,12.88,14.69,52,14.56,14.68,15.0,STANDALONE,0
951234184,COLINFAST 20FL 10ML,"",564.03,2,10,grossista,0,421,,21.86,0.00,29.07,24,24.92,29.06,32.9,REINSERISCI_prezzo_fb,0
989877737,VISIOCOLINA 50MG/ML SOL ORALE,MVS,561.36,2,10,grossista,0,151,,35.27,0.00,44.10,21,39.50,44.09,25.0,REINSERISCI_prezzo_fb,0
926737697,CEBION EFF VIT C ARANCIA 10CPR,CEB,561.34,7,21,MAGAZZINO,13,377,,4.03,5.07,6.11,74,4.75,6.10,51.4,STANDALONE,0
982981666,ANTHELIOS FLUIDO UVM50+ S/PROF,LAR,559.75,7,44,MAGAZZINO,12,492,,11.83,13.61,13.59,66,13.49,13.58,14.8,VIA_PC,0.03
985822547,ALTIAL COMPLETE 4STRIP 5FL,BDU,559.22,4,13,MAGAZZINO,1,136,,19.20,23.32,22.48,33,21.88,22.47,17.0,VIA_PC,0.85
943129371,VISUXL GEL 10ML,VIU,559.14,6,27,MAGAZZINO,1,312,,17.10,20.78,22.42,47,19.50,22.41,31.1,STANDALONE,0
951091762,TONIMER ISOTONIC STRONG SPRAY,TON,557.37,4,11,MAGAZZINO,2,262,,10.08,12.39,10.57,30,11.49,10.56,4.8,NON_POSIZIONABILE,0
940372105,ISDINCEUTICS RETINAL INTENSE,ISD,557.17,2,11,grossista,0,59,,63.16,75.79,58.95,34,70.74,58.94,-6.7,NON_POSIZIONABILE,0
985499995,REDISOLV 14BUST,"",555.64,5,19,MAGAZZINO,1,728,,14.61,17.38,18.29,42,16.65,18.28,25.1,STANDALONE,0
951863036,VITALINFATIC 1000 12FL 25ML,ZCC,554.77,1,15,grossista,0,1,,22.99,0.00,27.45,20,26.21,27.44,19.4,REINSERISCI_prezzo_fb,0
043510027,FLURBIPROFENE PE*OS SPRAY 15ML,"",552.48,5,29,MAGAZZINO,1,368,,3.47,4.23,3.83,22,4.09,3.82,10.1,NON_POSIZIONABILE,0
983784137,EVOTON 30CPR,"",551.86,5,8,grossista,0,25,8,19.12,21.97,25.30,22,21.80,25.29,32.3,STANDALONE,0
951144637,SULFONASE FORTE 20BUST,"",551.04,2,5,grossista,0,453,,21.37,0.00,28.28,19,24.36,28.27,32.3,REINSERISCI_prezzo_fb,0
987297241,SINCRO Q10 30CPS,"",549.83,2,15,grossista,0,307,8,15.24,17.82,20.07,29,17.37,20.06,31.6,STANDALONE,0
988952141,ANDROSIL 16BUST OROSOLUBILI,"",548.74,5,12,grossista,0,107,10,17.72,20.93,22.94,27,20.20,22.93,29.4,STANDALONE,0
983369024,IALORAL FORTE 10CPR,PSS,547.38,5,10,grossista,0,208,10,15.80,18.50,19.49,47,18.01,19.48,23.3,STANDALONE,0
986819199,ENERZONA OMEGA 3RX 210CPS,ENE,546.17,5,9,grossista,0,432,,55.92,64.31,55.68,45,62.63,55.67,-0.4,NON_POSIZIONABILE,0
987754936,BUTIRRATO PURO T 180PAST,GIO,543.89,3,17,grossista,0,31,,16.65,0.00,22.05,15,18.98,22.04,32.4,REINSERISCI_prezzo_fb,0
984881413,AVENE RISTRUTTURANTE DOPO400ML,AVE,543.55,6,46,MAGAZZINO,6,345,,10.10,12.63,12.83,64,11.52,12.82,26.9,STANDALONE,0
950086227,NERADIN FORTE 30CPS,"",543.27,4,12,grossista,0,93,,37.49,0.00,46.08,20,41.99,46.07,22.9,REINSERISCI_prezzo_fb,0
975995782,CIANOFOLIN FAST 30CPR SUBLING,"",542.47,4,16,grossista,0,236,7,12.83,14.98,17.05,36,14.63,17.04,32.8,STANDALONE,0
951091750,BIUREC 100ML,"",542.00,3,13,grossista,0,144,,14.18,0.00,18.86,25,16.17,18.85,32.9,REINSERISCI_prezzo_fb,0
952132037,TOTALMENTE 20FL,"",541.34,3,13,grossista,0,100,,20.46,0.00,27.20,21,23.32,27.19,32.9,REINSERISCI_prezzo_fb,0
931645636,HELIOCARE ULTRA-D 30CPS,HEL,538.74,6,15,grossista,0,111,12,21.57,25.26,23.96,45,24.59,23.95,11.0,NON_POSIZIONABILE,0
944905278,VITACALM BUON RELAX GOCCE 50ML,VTC,536.20,1,11,grossista,0,72,5,9.65,11.33,11.52,36,11.39,11.51,19.3,STANDALONE,0
950405757,VITREOIAL GOCCE OCULARI 20MONO,"",536.20,3,11,MAGAZZINO,1,147,,17.79,21.61,22.55,24,20.28,22.54,26.7,STANDALONE,0
943912891,JALOREST 30CPR,UCH,535.14,5,15,grossista,0,2632,10,18.59,21.65,20.52,40,21.19,20.51,10.3,NON_POSIZIONABILE,0
983698034,XANTERDES SOLUZIONE OFT 20PZ,SIF,532.37,3,14,grossista,0,547,10,15.72,18.40,19.37,43,17.92,19.36,23.2,STANDALONE,0
981248267,TOPIALYSE GEL LAVANT 1L NF,SVR,532.25,5,55,grossista,0,1687,,9.91,11.79,10.53,58,11.69,10.52,6.2,NON_POSIZIONABILE,0
950907105,MAGNESIO BISGLICINATO 180CPS,OTI,530.12,6,25,grossista,0,528,,20.12,0.00,21.23,27,22.94,21.22,5.5,NON_POSIZIONABILE,0
951090341,DASUQUIN L CANI >25KG 80CPR,"",529.40,1,9,grossista,0,22,,54.64,0.00,60.64,17,61.20,60.63,11.0,NON_POSIZIONABILE,0
937491797,CITINERV 14BUST,BDU,529.14,3,9,MAGAZZINO,1,164,,19.82,24.08,24.29,41,22.60,24.28,22.5,STANDALONE,0
926888785,VERTIGOVAL 20CPR,VTV,528.25,6,19,MAGAZZINO,1,587,,14.74,18.13,18.20,53,16.80,18.19,23.4,STANDALONE,0
930411121,"SINOVIAL 32 SIR INTRA-ART 1,6%",SIO,528.23,4,8,grossista,0,309,,34.20,41.04,29.40,35,38.30,29.39,-14.1,NON_POSIZIONABILE,0
926025925,MERITENE FORZA/VITAL CAFFE270G,MER,526.15,6,18,MAGAZZINO,1,501,,11.33,13.94,13.48,54,12.92,13.47,18.9,VIA_PC,0.47
984575769,OMEGA NOBILE 60SOFTGEL,EBL,526.04,4,15,grossista,0,343,8,26.41,30.65,27.93,31,30.11,27.92,5.7,NON_POSIZIONABILE,0
931106850,SUPERALA 800 20CPR,0P0,524.27,2,10,MAGAZZINO,1,150,,21.31,25.89,24.69,46,24.29,24.68,15.8,VIA_PC,1.21
985772589,FEPLUS 30CPR,"",523.72,2,8,grossista,0,392,6,19.58,23.34,26.04,22,22.32,26.03,32.9,STANDALONE,0
030556029,PARACETAMOLO NOV*30CPR 500MG,NAG,521.44,8,108,MAGAZZINO,4,475,,1.63,1.99,1.83,31,1.92,1.82,11.7,NON_POSIZIONABILE,0
987411838,MELA B3 SIERO 30ML,LAR,520.71,6,18,MAGAZZINO,11,310,,32.88,39.95,33.07,65,36.82,33.06,0.5,NON_POSIZIONABILE,0
951384015,POLASE SUPERMAG3 BAR 120G,POE,519.98,7,25,MAGAZZINO,2,261,1,8.93,10.27,13.93,54,10.54,13.92,55.9,STANDALONE,0
950906418,MYO AC COMPRESSE PHARCOS 30CPR,"",518.71,4,9,grossista,0,129,,20.54,0.00,26.19,27,23.42,26.18,27.5,REINSERISCI_prezzo_fb,0
913753758,IDEAL SOLEIL LATTE SPF30 300ML,VIC,518.65,3,30,grossista,0,76,,15.19,17.77,14.90,42,17.32,14.89,-2.0,NON_POSIZIONABILE,0
024352142,GAVISCON*24BUST 500+267MG/10ML,GVN,518.18,8,47,MAGAZZINO,2,943,,7.74,9.45,8.97,56,9.14,8.96,15.8,NON_POSIZIONABILE,0
950061566,GENEVITPRO 28FL,"",517.75,4,7,grossista,0,31,,27.85,0.00,35.48,13,31.75,35.47,27.4,REINSERISCI_prezzo_fb,0
949499610,GLICOPER LEI 30BUST,"",517.64,2,17,grossista,0,200,,21.75,25.23,26.23,32,24.80,26.22,20.6,STANDALONE,0
942410554,KAUMA 30CPR,"",517.13,4,11,MAGAZZINO,1,324,,20.37,24.75,24.68,31,23.22,24.67,21.1,VIA_PC,0.08
942304193,VITAMIN D-LOGES 30GEL-TABS,B0X,517.12,3,11,grossista,0,424,8,17.50,20.60,23.16,37,19.95,23.15,32.3,STANDALONE,0
989875341,NEOXEROGEN ADVANCED 30CPR,G0A,517.08,2,11,grossista,0,18,,18.92,0.00,24.95,15,21.57,24.94,31.8,REINSERISCI_prezzo_fb,0
980121899,COLLARE CERVICALE BIV VISTA,FGP,515.93,2,7,grossista,0,7,,67.45,0.00,81.69,7,75.54,81.68,21.1,REINSERISCI_prezzo_fb,0
934732165,PROCOGNITIV 20CPS,RJT,515.42,5,14,MAGAZZINO,1,450,,18.54,22.52,20.32,41,21.13,20.31,9.5,NON_POSIZIONABILE,0
990374326,ZEFYROS GHIMAS 60CPS,"",513.27,4,8,grossista,0,59,,31.20,0.00,40.83,15,34.94,40.82,30.8,REINSERISCI_prezzo_fb,0
935626438,TECNOFER PLUS 20CPS,0Y8,512.46,5,15,grossista,0,600,8,13.31,15.56,17.29,47,15.17,17.28,29.8,STANDALONE,0
975818358,DKE+MAGNESIO SALUGEA 60CPS,S0U,512.36,5,14,grossista,0,407,,28.42,34.11,31.57,38,32.40,31.56,11.0,NON_POSIZIONABILE,0
951086432,LIBICARE MENO 60CPS,"",512.20,5,11,grossista,0,114,,25.60,0.00,25.90,29,29.18,25.89,1.1,NON_POSIZIONABILE,0
924994179,CYSTIPHANE 120CPR,CYS,511.84,7,23,grossista,0,468,,17.67,20.67,21.68,53,20.14,21.67,22.6,STANDALONE,0
947493641,NEURO PESCE 50PRL SOFTGELS,SLG,511.79,3,8,grossista,0,295,,28.28,33.94,31.61,44,32.24,31.60,11.7,NON_POSIZIONABILE,0
951551340,ERALIPID 30CPS,"",511.37,3,10,grossista,0,110,,20.46,0.00,27.21,25,23.32,27.20,32.9,REINSERISCI_prezzo_fb,0
975022942,HYALO GYN OVULI VAGINALI 10OV,HGY,508.87,7,23,grossista,0,391,,13.83,17.01,14.67,48,15.77,14.66,6.0,NON_POSIZIONABILE,0
935129837,CARDIOSIDERAL 20CPS,PHU,508.82,5,16,grossista,0,526,,18.51,21.66,22.49,57,21.10,22.48,21.4,STANDALONE,0
981405347,SNS2 60CPS,EBL,508.18,4,12,grossista,0,245,,17.15,19.89,21.11,39,19.55,21.10,23.0,STANDALONE,0
944902446,ISDINCEUTICS HYALURONIC CONC,ISD,505.96,5,13,grossista,0,45,,40.99,49.19,42.04,38,45.91,42.03,2.5,NON_POSIZIONABILE,0
983513464,ALORESET GOCCE OCUL 10ML OSD,"",505.80,4,15,grossista,0,152,,14.37,17.67,18.71,35,16.38,18.70,30.1,STANDALONE,0
983718685,ACTASTIL IDROGEL OFTALMICO 5ML,TBF,504.29,5,13,grossista,0,50,9,12.43,14.34,16.11,24,14.17,16.10,29.5,STANDALONE,0
934388618,DOLATROX 30BUST,ONH,503.87,5,15,MAGAZZINO,1,1516,,20.69,25.14,22.57,49,23.59,22.56,9.0,NON_POSIZIONABILE,0
980769640,EFFACLAR GEL PEELING 400ML,LAR,503.59,5,28,MAGAZZINO,1,177,,16.91,19.78,20.49,55,19.28,20.48,21.1,STANDALONE,0
944181989,VITACALM PROPOSITIV 30CPR,VTC,502.61,3,13,grossista,0,215,7,12.11,14.09,16.32,34,13.81,16.31,34.7,STANDALONE,0
939324594,BUONERBE FORTE 60CPR BIOSLINE,BBE,501.09,5,29,MAGAZZINO,1,2231,,9.05,11.14,11.81,59,10.68,11.80,30.4,STANDALONE,0
973352091,NABUTIR 1000 40CPR,MUT,500.51,4,15,grossista,0,11,8,17.12,19.95,22.39,22,19.52,22.38,30.7,STANDALONE,0
982848323,EUTEND FORTE TENDOFORTE 20BUST,"",499.49,3,10,grossista,0,285,9,22.31,25.89,26.91,35,25.43,26.90,20.6,STANDALONE,0
978314730,EUMILL DRYREPAIR GOCCE OCULARI,EUM,499.30,6,37,MAGAZZINO,6,595,,11.07,13.17,8.30,64,12.61,8.29,-25.1,NON_POSIZIONABILE,0
972686265,OTI K VITAMINA K2 GOCCE 20ML,OTI,498.31,9,29,MAGAZZINO,1,4088,,14.93,18.37,16.73,47,17.02,16.72,12.0,NON_POSIZIONABILE,0
938819113,"TIROXIL 4,0 30CPR",LLP,498.29,4,21,grossista,0,2487,7,13.95,16.21,18.12,49,15.90,18.11,29.8,STANDALONE,0
981491499,SYSTANE ULTRA S/CONSERV 10ML,SYS,497.87,8,22,MAGAZZINO,5,1900,,14.00,17.22,17.40,55,15.96,17.39,24.2,STANDALONE,0
971191248,GLUCOERB 60CPR,EBL,495.59,4,13,grossista,0,316,7,14.39,16.56,17.52,27,16.40,17.51,21.7,STANDALONE,0
975430125,SOLFAC AUTOMATIC FORTE NF150ML,SOF,493.95,1,1,grossista,0,53,4,8.48,9.87,11.28,27,10.01,11.27,32.9,STANDALONE,0
949737199,RIBES PET SYMBIO PASTA 60G,"",493.85,7,12,grossista,0,260,9,16.48,19.28,20.89,28,18.79,20.88,26.7,STANDALONE,0
987681879,ENTEROFLEGIN FLORA 30CPS,FNX,492.07,4,14,grossista,0,118,7,17.28,20.28,21.32,27,19.70,21.31,23.3,STANDALONE,0
029278025,"KETOFTIL*COLL25FL0,5ML0,5MG/ML",KTT,489.65,7,26,MAGAZZINO,1,469,,13.63,16.63,16.47,44,15.54,16.46,20.8,VIA_PC,0.17
033913017,DOLAUT*GEL SPRAY FL 25G 40MG/G,DLT,488.68,6,36,MAGAZZINO,7,230,1,10.66,13.04,14.56,48,12.15,14.55,36.5,STANDALONE,0
986699585,MULTICENTRUM MAMMA DHA 30+30,MUL,487.72,4,15,MAGAZZINO,2,420,7,18.98,22.49,23.41,52,21.63,23.40,23.3,STANDALONE,0
943376549,PINEAL TENS FORTE 14BUST NF,UCH,487.26,3,13,grossista,0,1001,,16.76,20.12,20.83,36,19.11,20.82,24.2,STANDALONE,0
951209978,ECUNERV PEA 30CPR,"",487.18,4,10,grossista,0,438,,19.42,0.00,25.20,28,22.14,25.19,29.7,REINSERISCI_prezzo_fb,0
975923576,SWISSE CAPELLI PELLE UNG 60CPR,SWI,486.05,8,24,MAGAZZINO,1,3941,1,11.67,20.73,19.49,58,13.30,19.48,66.9,VIA_PC,1.25
947074023,RILASTIL SUN SYS BB SPR SPF50+,RIL,484.52,4,36,grossista,0,195,,13.22,15.74,14.39,51,15.07,14.38,8.8,NON_POSIZIONABILE,0
971390707,RINOWAY SALI ISOTONICI 60BUST,ENM,483.17,5,17,grossista,0,494,,24.07,28.16,28.75,39,27.44,28.74,19.4,STANDALONE,0
979811231,VIDERMINA MUCUS 30ML,VID,482.95,10,40,MAGAZZINO,1,4818,,11.98,14.26,13.38,45,13.66,13.37,11.6,NON_POSIZIONABILE,0
972382509,VITAMONO EF LIPOGEL 50ML,LGF,480.50,5,13,MAGAZZINO,1,460,,32.12,39.03,34.06,46,35.98,34.05,6.0,NON_POSIZIONABILE,0
900862982,GINSENG IL HWA ESTRATTO 50G,"",480.38,2,5,grossista,0,116,5,45.16,52.80,53.00,28,50.58,52.99,17.3,STANDALONE,0
985722471,KIJIMEA K53 ADVANCE 28CPS,KJI,478.33,7,19,MAGAZZINO,1,505,,23.94,29.08,26.91,38,27.29,26.90,12.4,NON_POSIZIONABILE,0
947074035,RILASTIL SUN SYS BB TRA SPF50+,RIL,476.49,6,34,grossista,0,142,,13.64,16.23,13.89,54,15.55,13.88,1.8,NON_POSIZIONABILE,0
951169388,CALOFAST 60CPR,"",476.17,2,9,grossista,0,129,,30.87,0.00,36.72,31,34.57,36.71,18.9,REINSERISCI_prezzo_fb,0
984886958,ZZZQUIL SONNO MANGO&BAN 60PAST,VCK,476.17,7,20,grossista,0,296,,14.09,16.77,17.84,59,16.06,17.83,26.5,STANDALONE,0
921131898,SENSIBIO H2O SOL MICELL 500ML,BDM,476.04,9,54,MAGAZZINO,2,1499,,8.76,10.95,9.35,55,10.34,9.34,6.6,NON_POSIZIONABILE,0
984705653,ATODERM CREME ULTRA 500ML,BDM,473.81,2,23,grossista,0,185,,15.77,18.46,17.35,36,17.98,17.34,10.0,NON_POSIZIONABILE,0
981045507,ISTANGIAL DREN 30CPR FILMATE,7SS,473.07,3,14,grossista,0,284,9,21.73,25.56,25.20,33,24.77,25.19,15.9,VIA_PC,0.37
935501371,VEA INTIMO TT CR IGIENE INTIMA,VEA,471.85,8,35,MAGAZZINO,2,688,,10.69,12.72,12.29,43,12.18,12.28,14.9,VIA_PC,0.44
931445148,LIBRAMED FITOMAGRA 138CPR,ABO,470.76,2,18,grossista,0,168,,26.50,31.00,22.90,53,30.21,22.89,-13.6,NON_POSIZIONABILE,0
930873690,CONTOUR NEXT GLICEMIA 50STR,COU,470.70,6,19,grossista,0,301,,20.36,23.82,24.71,49,23.21,24.70,21.3,STANDALONE,0
950065779,PRORETINA 30STICK PACK,"",470.19,3,14,grossista,0,298,10,25.29,29.47,31.50,35,28.83,31.49,24.5,STANDALONE,0
942430570,MILEDIX 14BUST,ONH,469.97,6,16,MAGAZZINO,2,654,,16.96,20.61,21.15,38,19.34,21.14,24.6,STANDALONE,0
943313611,EUDIAMET 40:1 30BUST,LLP,469.59,2,9,grossista,0,106,9,20.19,23.61,25.00,36,23.02,24.99,23.8,STANDALONE,0
951223849,SALISANI POLVERE SOLUBILE 360G,GIO,468.94,1,13,grossista,0,73,,17.96,0.00,23.89,13,20.47,23.88,33.0,REINSERISCI_prezzo_fb,0
971796875,HYALISTIL PLUS GTT OCUL 10ML,HYA,468.63,6,12,MAGAZZINO,1,261,,19.07,23.18,20.76,45,21.74,20.75,8.8,NON_POSIZIONABILE,0
026525093,"VEROLAX*AD 18SUPP 2,25G",VRX,467.65,7,89,MAGAZZINO,2,96,,2.20,2.68,2.89,44,2.60,2.88,30.9,STANDALONE,0
902085986,MAGNESIO SUPREMO 150G,NPO,467.63,7,37,MAGAZZINO,1,5712,,10.86,12.49,12.41,84,12.38,12.40,14.2,VIA_PC,0.09
932996996,ADENOMIX ALFA 30CPR,BSG,464.93,4,12,MAGAZZINO,1,747,,16.76,20.37,20.97,44,19.11,20.96,25.1,STANDALONE,0
943804005,REFLUWARD HA 20STICK 15ML,SHD,464.57,4,12,grossista,0,675,9,15.41,18.23,18.59,42,17.57,18.58,20.6,STANDALONE,0
938490380,MASSIGEN MAGNESIO SUPER 300G,MSG,463.36,6,27,MAGAZZINO,6,257,,8.33,10.83,9.93,48,9.83,9.92,19.1,VIA_PC,0.91
023694058,DISSENTEN*15CPR 2MG,DSF,462.69,8,26,MAGAZZINO,3,319,,6.90,8.41,7.62,52,8.14,7.61,10.3,NON_POSIZIONABILE,0
980078620,AGAMORIN PLUS 60BUST,PR3,460.27,4,8,grossista,0,21,1,47.42,56.84,57.80,12,53.11,57.79,21.9,STANDALONE,0
010386100,HIRUDOID 40000UI*GEL 100G,HRO,458.87,6,23,MAGAZZINO,1,571,,17.36,21.18,21.59,35,19.79,21.58,24.3,STANDALONE,0
949724328,PROSTADEP PLUS 30SOFTGEL,"",457.57,4,12,MAGAZZINO,1,347,,18.78,22.81,20.18,37,21.41,20.17,7.4,NON_POSIZIONABILE,0
975524238,XIOGLICAN CREMA 50G,XIO,456.92,8,22,MAGAZZINO,2,306,,12.53,15.41,15.47,47,14.28,15.46,23.4,STANDALONE,0
800490157,LYMDIARAL 50ML GTT PASCOE,NAD,456.47,6,19,MAGAZZINO,1,143,,20.39,24.78,21.56,46,23.25,21.55,5.7,NON_POSIZIONABILE,0
989677481,EVEXIA FAST 50CPR,CD7,456.22,4,14,grossista,0,483,,32.22,38.66,36.33,37,36.09,36.32,12.7,VIA_PC,2.34
904369749,AVENE ACQUA TERMALE SPRAY KIT,AVE,455.75,6,44,MAGAZZINO,22,0,,9.13,10.86,10.84,32,10.77,10.83,18.6,VIA_PC,0.03
942140435,PAUDEP TOTAL 30CPS,UHR,454.82,3,12,grossista,0,133,,23.08,26.77,29.83,35,26.31,29.82,29.2,STANDALONE,0
951384003,POLASE SUPERMAG3 18STICK 2G,POE,454.78,9,33,MAGAZZINO,1,253,,9.37,11.53,11.80,45,11.06,11.79,25.8,STANDALONE,0
949879062,KARDINAL PEA 14BUST,"",454.75,4,13,MAGAZZINO,2,351,5,21.71,25.20,29.01,33,24.75,29.00,33.6,STANDALONE,0
023356025,DAFLON*30CPR RIV 500MG,DAF,454.24,6,37,MAGAZZINO,5,100,,10.85,13.23,12.27,64,12.36,12.26,13.0,NON_POSIZIONABILE,0
971486713,JUNGLE FORMULA MOLTO FORTE SPR,JUN,454.08,9,36,grossista,0,3212,,6.95,8.28,8.60,61,8.20,8.59,23.6,STANDALONE,0
951862162,"MIO LAXIN 14BUST 4,5G","",453.63,3,15,grossista,0,100,,17.93,0.00,22.99,29,20.44,22.98,28.2,REINSERISCI_prezzo_fb,0
980770301,GIBAUD ORTHO LOMBOGIB LADY21 2,GAD,453.39,3,7,MAGAZZINO,6,9,,46.64,60.64,57.81,24,52.24,57.80,23.9,VIA_PC,2.84
902777832,IALOS 20CPR 250MG,LLP,451.70,4,21,MAGAZZINO,1,1867,,16.82,20.44,17.70,48,19.17,17.69,5.2,NON_POSIZIONABILE,0
989018130,MAGNESIO SUPREMO POTASSIO+150G,"",451.25,6,31,grossista,0,389,,13.33,16.40,11.48,49,15.20,11.47,-14.0,NON_POSIZIONABILE,0
976731152,PELVILEN DUAL ACT 20CPR,0V7,449.07,3,12,grossista,0,738,10,20.44,23.98,24.59,39,23.30,24.58,20.3,STANDALONE,0
933320640,MELLIS BETA SHAMPOO 200ML,BIO,448.11,6,24,grossista,0,564,,12.20,14.27,15.42,57,13.91,15.41,26.3,STANDALONE,0
935307114,FLUVADIN PLUS OVULI VAG 10PZ,FLV,447.87,9,24,MAGAZZINO,1,2106,,12.73,15.65,15.59,46,14.51,15.58,22.4,VIA_PC,0.07
983274186,LINES SP DERM SAG SUPER+ 30PZ,LIN,447.68,2,8,grossista,0,56,,13.07,0.00,18.45,19,14.90,18.44,41.1,REINSERISCI_prezzo_fb,0
989687975,FORMOLINE L112 64CPR,BFC,447.12,4,8,grossista,0,115,,31.78,0.00,38.79,23,35.59,38.78,22.0,REINSERISCI_prezzo_fb,0
932711765,Q200 30CPS,LV4,446.31,2,9,grossista,0,100,6,16.40,19.14,21.49,26,18.70,21.48,31.0,STANDALONE,0
881500247,RELYS MULTIDOSE 10ML,"",445.81,5,12,grossista,0,269,,15.96,18.52,19.59,41,18.19,19.58,22.7,STANDALONE,0
041545056,GAVISCON BRUCIORE E INDIG*48BS,GVN,445.71,9,23,MAGAZZINO,1,19,,15.82,19.30,17.45,30,18.03,17.44,10.2,NON_POSIZIONABILE,0
900489360,GASTROTUSS SCIROPPO 500ML,DMG,445.62,3,10,MAGAZZINO,1,193,,13.62,16.75,16.29,47,15.52,16.28,19.5,VIA_PC,0.47
951998968,DICOELLE REPAIR 10OV,"",442.52,4,11,grossista,0,252,,17.52,0.00,20.93,34,19.97,20.92,19.4,REINSERISCI_prezzo_fb,0
951870462,BUTIR PLUS 15+15CPR,"",442.19,2,12,grossista,0,100,,16.95,0.00,22.10,26,19.32,22.09,30.3,REINSERISCI_prezzo_fb,0
984767552,CICAPLAST BAUME B5+ 100ML,LAR,441.38,7,28,grossista,0,348,,14.86,18.28,16.89,56,16.94,16.88,13.6,NON_POSIZIONABILE,0
023703010,MECLON*10 OVULI VAG 100+500MG,M2O,441.29,9,32,MAGAZZINO,7,812,,11.72,13.32,15.72,62,13.36,15.71,34.0,STANDALONE,0
930550254,BARIATRIC 30CPR,"",440.50,2,11,MAGAZZINO,1,1676,,17.61,21.40,20.72,41,20.08,20.71,17.6,VIA_PC,0.69
924531155,IDEAL SOLEIL SPRAY INVISIBLE50,VIC,440.40,2,34,MAGAZZINO,11,11,,14.87,17.40,14.94,33,16.95,14.93,0.4,NON_POSIZIONABILE,0
944008287,IVUXUR 14CPR,ONH,439.78,3,10,MAGAZZINO,1,220,,20.23,24.58,24.27,46,23.06,24.26,19.9,VIA_PC,0.32
942002888,AFTER SUN LOZIONE SPRAY 200ML,ISD,439.06,5,37,grossista,0,144,,14.81,18.22,15.07,49,16.88,15.06,1.7,NON_POSIZIONABILE,0
049770050,ARTEMIS*60CPR RIV 500MG,"",438.02,3,18,MAGAZZINO,2,69,,18.15,22.14,17.35,24,20.69,17.34,-4.5,NON_POSIZIONABILE,0
937396493,MEMOSINE 30CPR,"",437.55,3,11,grossista,0,125,10,23.49,27.38,30.84,40,26.78,30.83,31.2,STANDALONE,0
950990150,REGOLART 30CPR,"",437.36,3,11,grossista,0,126,,21.87,0.00,29.06,29,24.93,29.05,32.8,REINSERISCI_prezzo_fb,0
931477184,VSL3 20CPS,AC2,433.67,4,16,grossista,0,408,,17.15,20.06,21.18,28,19.55,21.17,23.4,STANDALONE,0
035500040,VOLTADVANCE*OS POLV 20BUST25MG,VLA,432.14,8,34,MAGAZZINO,7,295,,7.22,8.80,9.41,67,8.51,9.40,30.2,STANDALONE,0
940127766,MAGNESIO BISGLICINATO 60CPS,KOS,431.34,6,30,grossista,0,224,,8.37,0.00,10.33,30,9.88,10.32,23.3,REINSERISCI_prezzo_fb,0
942459746,CHIROFERT PLUS 20CPR TRISTRATO,LJ1,429.97,5,20,MAGAZZINO,1,1902,,21.63,25.09,,,24.65,,,NO_SCRAPER_48h,0
972760110,REVEE SCAR GEL 20G,EVE,429.53,3,14,grossista,0,307,10,27.39,32.40,34.70,36,31.22,34.69,26.7,STANDALONE,0
989894492,PREMIER CRU SIERO 30ML,CAU,428.03,3,8,grossista,0,53,,69.53,0.00,54.31,32,77.87,54.30,-21.9,NON_POSIZIONABILE,0
950075782,FEMAL INCOCONTROL 30CPS,SHI,427.99,4,11,grossista,0,244,5,27.39,32.22,32.37,29,31.22,32.36,18.1,STANDALONE,0
981626789,HELIOCARE 360 FLUID SPRAYSPF50,HEL,427.29,5,18,grossista,0,182,,18.62,21.60,18.99,36,21.23,18.98,1.9,NON_POSIZIONABILE,0
984619041,CENTROVISION 4 PLUS 30TAV,MVS,426.65,4,10,grossista,0,179,6,15.26,17.98,19.93,33,17.40,19.92,30.5,STANDALONE,0
976320820,HYALISTIL BIO PF GTT OCUL 10ML,HYA,426.62,6,14,MAGAZZINO,1,326,,19.06,23.16,20.73,42,21.73,20.72,8.7,NON_POSIZIONABILE,0
025833068,GYNOCANESTEN*CREMA VAG 30G 2%,GYC,426.48,9,35,MAGAZZINO,18,1373,,11.00,13.42,12.30,63,12.54,12.29,11.7,NON_POSIZIONABILE,0
926231883,ANTHELIOS SPRAY INVISIBILE 50+,LAR,426.02,9,27,MAGAZZINO,24,529,,12.72,14.63,14.59,62,14.51,14.58,14.6,VIA_PC,0.05
984159311,DEXERYL 500G C/POMPA,PIE,425.97,9,27,MAGAZZINO,3,3056,,14.40,17.13,14.29,64,16.41,14.28,-0.8,NON_POSIZIONABILE,0
942059801,RELAXIGEN PET CANE 20CPR,NBF,425.90,4,11,grossista,0,615,,15.18,17.61,19.23,57,17.31,19.22,26.6,STANDALONE,0
903970921,AVENE ACQUA TERMALE SPR 300ML,AVE,424.88,7,41,MAGAZZINO,7,2672,,8.44,10.05,10.99,75,9.96,10.98,30.1,STANDALONE,0
926115041,NUTRIDRINK VANIGLIA 4X200ML,NTD,424.87,3,6,MAGAZZINO,2,17,,13.87,16.51,15.49,34,15.81,15.48,11.6,NON_POSIZIONABILE,0
931032484,GINEDIE CAPSULE VAGINALI 8PZ,GIE,424.73,3,14,MAGAZZINO,1,448,,15.69,19.06,19.69,32,17.89,19.68,25.4,STANDALONE,0
947261727,GLICOSET 30CPR,"",424.59,4,15,MAGAZZINO,2,564,,13.11,16.13,14.65,49,14.95,14.64,11.7,NON_POSIZIONABILE,0
944324209,PREFOLIC MAMMA 30CPR,ZAM,424.54,4,17,grossista,0,269,,13.33,16.40,17.03,41,15.20,17.02,27.7,STANDALONE,0
984158648,PROGEPRIL 28CPR,NAD,424.31,5,20,MAGAZZINO,1,1148,,13.46,16.56,17.69,52,15.35,17.68,31.4,STANDALONE,0
980534503,MAVOSTEN FORTE 20CPR,5MO,424.05,5,13,grossista,0,100,,30.00,36.00,33.89,38,34.20,33.88,12.9,NON_POSIZIONABILE,0
983273931,LINES SP DERM PANTS MAXI L 10P,"",423.94,2,4,grossista,0,145,,9.06,0.00,11.65,31,10.69,11.64,28.5,REINSERISCI_prezzo_fb,0
951486214,PEDIATRICS BODY LOTION SPF50,ISD,423.74,3,20,grossista,0,60,,22.96,0.00,23.05,33,26.17,23.04,0.3,NON_POSIZIONABILE,0
982667661,DIOSMIR 1000 30BUST,"",423.46,3,9,grossista,0,271,9,20.61,24.36,27.33,24,23.50,27.32,32.6,STANDALONE,0
986621631,UREC 30BUST,"",422.27,3,11,MAGAZZINO,1,255,,20.58,25.01,26.37,32,23.46,26.36,28.1,STANDALONE,0
983591900,ESI NORMOLIP 5 FORTE 60CPR,NLP,421.99,7,14,grossista,0,60,,20.70,24.84,20.25,51,23.60,20.24,-2.2,NON_POSIZIONABILE,0
942848957,DRENAXIL 500ML,B0X,421.67,2,15,grossista,0,117,6,16.91,20.79,22.49,28,19.28,22.48,32.9,STANDALONE,0
988657134,KYMAX 15BUST,ONH,421.54,3,9,grossista,0,148,5,26.72,31.01,33.93,26,30.46,33.92,26.9,STANDALONE,0
925562504,"THEALOZ GEL 30MONOD 0,4G",THA,420.89,7,19,grossista,0,492,,13.77,16.94,17.99,45,15.70,17.98,30.6,STANDALONE,0
989028473,ACMED PRO 30STICK,LGF,420.00,6,16,grossista,0,202,4,20.14,23.48,26.67,27,22.96,26.66,32.4,STANDALONE,0
935340442,NOSIFOL-D 30BUST,"",416.52,5,10,grossista,0,582,8,17.90,20.82,22.95,39,20.41,22.94,28.2,STANDALONE,0
977176205,PERICLIM FORTE 60STICK,S&R,414.25,5,14,MAGAZZINO,1,535,,28.48,34.60,24.26,36,32.47,24.25,-14.9,NON_POSIZIONABILE,0
989874589,SAGINIL GEL 40ML,"",413.45,4,16,grossista,0,693,6,13.33,15.68,17.69,39,15.20,17.68,32.6,STANDALONE,0
952089441,KORNEAKER UNGUENTO 5G,"",412.99,3,8,grossista,0,163,,10.60,0.00,14.03,24,12.08,14.02,32.3,REINSERISCI_prezzo_fb,0
939062725,TAE X INVERSE VITILIGO SUNCARE,BIO,412.43,2,14,grossista,0,68,8,20.63,24.32,23.49,32,23.52,23.48,13.8,NON_POSIZIONABILE,0
987670231,LUJA CATETERE DONNA CH12 30PZ,CLP,410.90,1,1,grossista,0,1,,70.06,0.00,83.39,12,78.47,83.38,19.0,REINSERISCI_prezzo_fb,0
013046040,ENTEROGERMINA*OS 20FL 2MLD/5ML,ENT,410.29,7,20,MAGAZZINO,4,375,,16.06,19.59,18.49,54,18.31,18.48,15.1,VIA_PC,1.11
950985818,KUKIDENT BIPACCO MORSO INSUPER,KUK,409.45,4,11,grossista,0,304,,18.85,22.62,21.62,34,21.49,21.61,14.6,VIA_PC,1.01
987747995,FORTIFLORA CANE PLUS 30BUST,9PP,409.36,6,11,grossista,0,68,,25.05,29.05,27.50,35,28.56,27.49,9.7,NON_POSIZIONABILE,0
033262078,BENACTIV GOLA*16PASTL ARAN S/Z,BEC,408.89,9,44,MAGAZZINO,1,522,,6.30,7.69,7.50,56,7.44,7.49,18.9,VIA_PC,0.20
976282018,ASTENOMIRT 15FL 10ML,BDU,408.01,6,11,MAGAZZINO,1,286,,15.44,18.76,19.01,39,17.61,19.00,23.1,STANDALONE,0
989894516,PREMIER CRU CREMA RIC 50ML,CAU,407.74,3,9,grossista,0,22,,59.05,0.00,53.89,30,66.14,53.88,-8.8,NON_POSIZIONABILE,0
977668185,NATALBEN INSIEME NEW 60CPS,ITL,407.69,4,16,grossista,0,2085,,20.35,24.42,22.39,47,23.20,22.38,10.0,NON_POSIZIONABILE,0
987905116,RISCHIARIL FORTE 30BUST,"",407.69,2,6,MAGAZZINO,1,173,,50.79,59.42,53.02,38,56.88,53.01,4.4,NON_POSIZIONABILE,0
935228724,MIALGIL 20BUST,"",407.04,3,8,grossista,0,41,6,22.77,26.73,29.25,29,25.96,29.24,28.4,STANDALONE,0
931989329,ILLUMINA 20CPR,CR3,406.94,4,16,MAGAZZINO,1,676,,19.36,23.52,21.52,53,22.07,21.51,11.1,NON_POSIZIONABILE,0
949705798,PEDIATRICS STICK SPF50 20G,ISD,406.76,3,23,grossista,0,57,,20.14,0.00,20.06,31,22.96,20.05,-0.4,NON_POSIZIONABILE,0
970712939,OSTEO GHEOS FUNZIONALE 180CPR,GHS,406.61,3,8,grossista,0,53,4,39.61,47.06,48.95,31,44.36,48.94,23.6,STANDALONE,0
905163679,OZIDERM POLVERE 75G,"",406.31,5,16,grossista,0,1063,8,16.46,19.24,20.38,44,18.76,20.37,23.8,STANDALONE,0
942943109,ARTROGEN ADVANCE 20BUST 10G,MRT,406.12,6,17,grossista,0,404,,11.32,13.13,13.97,46,12.90,13.96,23.3,STANDALONE,0
923135356,REDONYL ULTRA 150MG 60CPS,1N7,404.52,5,12,MAGAZZINO,1,212,,30.74,37.35,32.13,43,34.43,32.12,4.5,NON_POSIZIONABILE,0
941576617,XINEPA EASY 30STICK OROSOL 75G,ONH,404.43,5,13,grossista,0,325,9,22.76,26.66,25.03,42,25.95,25.02,9.9,NON_POSIZIONABILE,0
952004099,TELEANGYL PROTECT SPF50+ PHARC,PHA,403.99,4,15,grossista,0,176,,26.54,0.00,33.96,26,30.26,33.95,27.9,REINSERISCI_prezzo_fb,0
970255511,HELIOCARE 360 30CPS,HEL,403.86,6,12,grossista,0,175,,21.09,24.67,23.96,50,24.04,23.95,13.6,NON_POSIZIONABILE,0
975824145,NEOCARVI 36CPS,2L4,403.31,6,19,MAGAZZINO,1,1859,,14.74,18.13,17.43,45,16.80,17.42,18.2,VIA_PC,0.71
927204560,NEOFITOROID BIOPOMATA 40ML,ABO,403.30,9,31,grossista,0,976,,10.18,12.52,12.19,62,11.61,12.18,19.6,VIA_PC,0.34
951044433,SOLUZIONE SCHOUM ADVANCE FORTE,SZM,402.41,7,15,MAGAZZINO,1,469,2,8.80,10.67,12.29,42,10.38,12.28,39.5,STANDALONE,0
951175557,PHYSIOMANCE MENOMODUL 60CPR,0Z1,402.23,3,6,grossista,0,55,,34.76,0.00,44.71,17,38.93,44.70,28.6,REINSERISCI_prezzo_fb,0
930624301,ALOVEX PROTEZ ATTIVA COLL120ML,ALM,401.45,6,21,MAGAZZINO,13,261,,7.47,9.18,9.79,69,8.81,9.78,30.9,STANDALONE,0
983039292,XLS MEDICAL PRO 7 180CPS,XLS,401.38,2,8,grossista,0,89,,61.20,73.45,55.75,41,68.54,55.74,-8.9,NON_POSIZIONABILE,0
035500026,VOLTADVANCE*20CPR RIV 25MG,VLA,399.48,7,34,MAGAZZINO,24,898,,6.60,11.47,9.41,66,7.79,9.40,42.4,VIA_PC,2.07
987300338,NINFEX 20BUST,"",398.92,5,8,grossista,0,223,5,18.26,21.53,25.64,16,20.82,25.63,40.4,STANDALONE,0
976828133,SERIPNOL CRONO 28STICK POLVERE,NZH,397.73,2,5,grossista,0,189,8,21.75,25.29,28.39,34,24.80,28.38,30.5,STANDALONE,0
975060423,XIM 60CPS,"",397.33,2,8,MAGAZZINO,1,20,,23.19,28.17,29.57,26,26.43,29.56,27.5,STANDALONE,0
032800043,REACTINE*6CPR 5MG+120MG RP,RCT,397.19,7,42,MAGAZZINO,21,212,,3.80,4.63,5.18,61,4.48,5.17,36.1,STANDALONE,0
905080230,NIKEDEP PLUS 20BUST,UHR,397.13,5,11,grossista,0,102,,16.78,19.46,19.07,47,19.13,19.06,13.6,NON_POSIZIONABILE,0
930890571,FOTOKER PHARCOS CREMA 50ML,PHA,395.87,6,14,grossista,0,1893,,23.45,27.44,25.68,36,26.73,25.67,9.5,NON_POSIZIONABILE,0
022760019,CANESTEN*CREMA 30G 1%,CAS,395.84,6,23,MAGAZZINO,20,744,10,9.57,11.54,12.77,56,11.29,12.76,33.3,STANDALONE,0
980183901,NEURASSIAL 20CPR,MDN,395.80,5,8,grossista,0,598,,21.03,25.24,26.18,45,23.97,26.17,24.4,STANDALONE,0
018554081,POLARAMIN*CREMA 25G 1%,PMN,395.06,8,46,MAGAZZINO,2,790,,6.04,6.21,7.41,58,7.13,7.40,22.5,STANDALONE,0
988342123,KUKIDENT ULTIMATE NEUTRO 40G,KUK,393.60,5,24,MAGAZZINO,13,430,,6.71,8.25,9.86,42,7.92,9.85,46.8,STANDALONE,0
981972108,DOLORINA 20CPR MASTIC NF,0BU,392.78,2,14,grossista,0,106,,20.78,24.10,23.30,39,23.69,23.29,12.1,NON_POSIZIONABILE,0
983273780,AMIN 21K BAR CIOCCOLATO 20BAR,TF5,391.90,3,5,grossista,0,9,2,47.12,55.42,52.19,14,52.77,52.18,10.7,NON_POSIZIONABILE,0
943606638,XINEPA 30CPR,ONH,390.40,3,10,MAGAZZINO,1,482,,25.51,29.85,25.06,39,29.08,25.05,-1.8,NON_POSIZIONABILE,0
920891734,IDEAL SOLEIL LATTE SPF50 300ML,VIC,389.76,2,23,MAGAZZINO,12,148,,15.02,17.57,15.38,35,17.12,15.37,2.3,NON_POSIZIONABILE,0
900498837,CLOREXYDERM SOL 4% 1000ML,1M3,389.22,5,15,grossista,0,61,9,22.91,27.48,29.42,34,26.12,29.41,28.4,STANDALONE,0
951128154,ERACISTAL BIOTIC 5BUST,"",388.55,4,10,grossista,0,181,,17.90,0.00,23.81,26,20.41,23.80,33.0,REINSERISCI_prezzo_fb,0
982941698,ESENTA FILM PROT SPRAY 50ML,CNC,388.39,3,10,grossista,0,91,2,8.63,10.05,11.46,34,10.18,11.45,32.7,STANDALONE,0
970225874,PEDIAMAG 10FL,PED,388.32,3,9,MAGAZZINO,2,600,,17.06,20.73,19.38,39,19.45,19.37,13.5,NON_POSIZIONABILE,0
949535900,PROLIFE 10 FORTE 20CPS,PRL,387.48,8,40,MAGAZZINO,5,307,,4.65,5.54,7.10,53,5.49,7.09,52.5,STANDALONE,0
984734590,AVENE HYALURON A B3 CREMA NTT,AVE,387.38,5,16,grossista,0,278,,29.52,35.43,30.38,51,33.65,30.37,2.9,NON_POSIZIONABILE,0
980406639,MAGNESIO SUPREMO NOTTE REL150G,NPO,386.16,7,20,MAGAZZINO,7,960,,12.84,15.28,15.97,74,14.63,15.96,24.3,STANDALONE,0
981937562,URIAGE CREME LAVANTE T 1000ML,URI,383.98,4,16,grossista,0,358,,13.52,16.63,16.18,50,15.41,16.17,19.6,VIA_PC,0.46
031329030,"GLICEROLO ZETA*6CONT 6,75G CAM",ZFC,383.73,6,44,grossista,0,534,,1.73,2.04,1.93,33,2.04,1.92,11.0,NON_POSIZIONABILE,0
989850514,KIJIMEA COMPLETE 111CPS,KJI,382.61,1,4,grossista,0,5,,97.52,0.00,108.46,20,109.22,108.45,11.2,NON_POSIZIONABILE,0
945121224,CAROVIT FORTE PLUS SOL 30CPS,CRV,381.62,6,18,grossista,0,327,,16.92,20.30,19.41,42,19.29,19.40,14.7,VIA_PC,0.90
984791956,LEVELIPDUO PLUS 28STICK,LG1,380.20,5,11,MAGAZZINO,1,129,,14.20,16.90,16.95,49,16.19,16.94,19.3,STANDALONE,0
944630211,INOFOLIC PHD 20CPR,"",377.98,5,8,grossista,0,916,,15.48,18.57,20.50,33,17.65,20.49,32.4,STANDALONE,0
986011740,NEURANIA 30CPR,"",377.81,4,9,MAGAZZINO,1,186,,19.09,23.19,25.36,33,21.76,25.35,32.8,STANDALONE,0
990062679,REGLANDIN CPS 30CPS,"",376.37,3,9,grossista,0,57,,26.91,0.00,35.09,22,30.68,35.08,30.4,REINSERISCI_prezzo_fb,0
942965981,CAREVIT ULTRA CANE 30BUST,NBF,376.31,3,9,grossista,0,256,3,14.52,17.03,19.21,46,16.55,19.20,32.2,STANDALONE,0
973662036,CITILPEA 30BUST,DOC,375.42,3,12,MAGAZZINO,3,139,7,22.30,25.42,25.60,45,25.42,25.59,14.8,STANDALONE,0
908224431,LONGLIFE MAGNESIUM375 OR100TAV,LNG,375.25,6,20,MAGAZZINO,1,717,,13.75,16.91,16.65,55,15.68,16.64,21.0,VIA_PC,0.27
971528183,BLUGEL A FREE 10ML,BLG,374.77,4,13,MAGAZZINO,1,163,,14.69,17.18,14.02,54,16.74,14.01,-4.6,NON_POSIZIONABILE,0
924451913,MELATONINA ACT +VAL+FT5C 60CPR,F&F,374.70,8,42,MAGAZZINO,38,2374,,5.45,6.70,6.24,50,6.43,6.23,14.3,NON_POSIZIONABILE,0
911951008,ACTINORM PASTA GATTI 65G,CEV,374.18,5,18,grossista,0,213,9,12.42,14.45,15.13,47,14.16,15.12,21.7,STANDALONE,0
939865453,VITAN PLUS UNGUENTO OFTAL 5G,PFM,372.77,2,4,grossista,0,200,3,10.49,12.18,12.56,30,11.96,12.55,19.6,STANDALONE,0
930411145,SINOVIAL 32 SIR INTRA-ART 3PZ,SIO,372.71,3,3,grossista,0,399,11,92.73,109.34,88.50,33,103.86,88.49,-4.6,NON_POSIZIONABILE,0
951273806,COLECRIL CALANUS ARTICO 60SOFT,HLU,372.52,6,9,grossista,0,145,,28.57,0.00,36.59,25,32.57,36.58,28.0,REINSERISCI_prezzo_fb,0
935812418,OZOGIN HYDRA LIPOGEL VAG10APPL,OZO,372.07,6,22,MAGAZZINO,2,842,,16.17,18.91,19.59,43,18.43,19.58,21.1,STANDALONE,0
951486202,FOTOPROTECTOR FACIAL MIST100ML,ISD,372.00,3,23,grossista,0,189,,15.48,0.00,18.10,33,17.65,18.09,16.9,REINSERISCI_prezzo_fb,0
951378482,OMOLEV 30CPR,B7F,371.24,6,13,grossista,0,100,,15.95,0.00,21.21,33,18.18,21.20,32.9,REINSERISCI_prezzo_fb,0
104349042,SERESTO*70CM CANI >8KG,SES,370.69,5,11,grossista,0,842,,27.57,33.08,30.47,65,31.43,30.46,10.5,NON_POSIZIONABILE,0
976310882,W LIFE 60CPR,"",370.39,3,12,grossista,0,203,9,14.12,16.45,18.71,31,16.10,18.70,32.4,STANDALONE,0
973908597,ARNICA GEL 90% 500ML,0NM,369.90,6,17,MAGAZZINO,1,671,,26.08,29.60,25.07,47,29.74,25.06,-3.9,NON_POSIZIONABILE,0
982483416,MIAMO SKIN GLOW KIT 10PZ 22ML,MMO,369.79,2,3,grossista,0,3,,49.23,56.61,49.67,34,55.14,49.66,0.9,NON_POSIZIONABILE,0
986474462,SOFFISOF AIR DRY PANTS EX XL,SFS,369.16,2,5,grossista,0,100,,9.69,0.00,11.16,23,11.43,11.15,15.1,NON_POSIZIONABILE,0
982406934,PUROFLOG SOLUZIONE OFT 20FL,NT0,368.19,7,14,grossista,0,2955,8,12.56,14.63,16.65,40,14.32,16.64,32.5,STANDALONE,0
989669953,DEFENCE SUN FLUIDO DOPOS IDRAT,BNK,368.03,6,34,grossista,0,183,,12.44,0.00,15.45,37,14.18,15.44,24.1,REINSERISCI_prezzo_fb,0
970725848,SERRADOS 300 10CPS,4A2,367.94,2,10,grossista,0,215,,12.10,14.04,12.85,32,13.79,12.84,6.1,NON_POSIZIONABILE,0
947073983,RILASTIL SUN SYS SPF30 200ML,RIL,367.83,6,30,grossista,0,126,,13.19,15.69,14.50,50,15.04,14.49,9.9,NON_POSIZIONABILE,0
984780116,LOVACHOLE PLUS 30CPR,6NK,366.38,3,13,grossista,0,655,9,17.93,20.90,22.38,41,20.44,22.37,24.8,STANDALONE,0
900294152,VISUTON OPC 30CPR,BID,366.03,3,9,grossista,0,131,,15.60,18.72,20.49,30,17.78,20.48,31.3,STANDALONE,0
951885413,BWB AH MAZING HAIR VIT C/BIOT,B6B,365.94,4,14,grossista,0,208,,21.80,0.00,28.99,25,24.85,28.98,32.9,REINSERISCI_prezzo_fb,0
976730972,TENDIJOINT FORTE 20CPR,FDI,365.84,6,11,MAGAZZINO,3,150,,16.50,20.05,20.22,55,18.81,20.21,22.5,STANDALONE,0
974367029,LIPOTECH 800 20CPR,MMH,365.34,3,8,grossista,0,272,9,17.17,19.99,20.57,31,19.57,20.56,19.7,STANDALONE,0
951375613,LIPALT PLUS 20CPR,"",365.31,3,11,grossista,0,955,,12.28,0.00,17.50,33,14.00,17.49,42.4,REINSERISCI_prezzo_fb,0
930544438,LENIDASE 20CPR,E0F,365.18,7,17,MAGAZZINO,1,1759,,12.95,15.93,14.80,52,14.76,14.79,14.2,VIA_PC,1.14
943327395,VITA METAFOLIC 50TAV,SLG,364.67,7,16,grossista,0,265,6,15.99,21.58,20.85,37,18.23,20.84,30.3,VIA_PC,0.74
980532446,DEFENCE MY AGE GOLD CR RIC50ML,BNK,364.16,5,12,grossista,0,122,,26.75,32.11,28.03,49,30.50,28.02,4.7,NON_POSIZIONABILE,0
935662597,SUPRADYN RICARICA 30CPR EFFERV,SPY,363.67,8,20,MAGAZZINO,9,896,,14.11,17.36,17.82,78,16.09,17.81,26.2,STANDALONE,0
950841623,FLORENTERO COMPLEX 30CPR,1P4,363.54,5,17,grossista,0,1139,,15.47,18.56,15.92,34,17.64,15.91,2.8,NON_POSIZIONABILE,0
987437249,POLASE ARANCIA 24BUST PROMO,"",363.07,6,32,MAGAZZINO,27,427,,7.61,9.36,11.07,60,8.98,11.06,45.3,STANDALONE,0
942610116,ZACHELASE 20BUST,HLU,363.00,5,13,grossista,0,650,,16.56,19.20,19.10,51,18.88,19.09,15.3,VIA_PC,0.11
903118216,REUMILASE SD 20CPR,REM,362.93,2,7,grossista,0,291,8,17.00,19.79,22.20,46,19.38,22.19,30.5,STANDALONE,0
940094156,ASEK OFTA 20STICKPACK,"",362.83,4,9,grossista,0,219,,17.12,0.00,21.16,27,19.52,21.15,23.5,REINSERISCI_prezzo_fb,0
970254191,GANODERMA GHEOS 90CPS,GHS,362.07,4,8,grossista,0,44,,28.81,33.42,29.96,33,32.84,29.95,4.0,NON_POSIZIONABILE,0
974967681,ACIRONIC FORTE 20CPR FAST-SLOW,DI4,361.83,3,5,grossista,0,258,5,30.12,34.97,35.80,28,33.73,35.79,18.8,STANDALONE,0
925957654,AMIN 21K CACAO 336G,TF5,361.45,2,6,grossista,0,112,8,32.10,37.03,36.90,31,35.95,36.89,14.9,VIA_PC,0.14
934388632,IVUXUR 14BUST,ONH,361.42,2,14,MAGAZZINO,1,837,,20.58,25.01,23.53,52,23.46,23.52,14.3,VIA_PC,1.49
980810206,OMEGOR VEG 60CPS,UGA,359.62,5,9,MAGAZZINO,1,377,,16.43,19.97,19.24,29,18.73,19.23,17.0,VIA_PC,0.74
912033661,RAMNOSELLE 30CPS,RMN,359.53,6,26,grossista,0,346,,11.19,13.76,12.89,62,12.76,12.88,15.1,VIA_PC,0.88
951501004,COMBIGIN 30CPS,"",359.28,5,9,grossista,0,105,,19.06,0.00,26.29,24,21.73,26.28,37.9,REINSERISCI_prezzo_fb,0
947415333,AURASTOP 60CPR,AES,358.71,3,7,MAGAZZINO,1,270,,35.79,44.74,35.87,37,40.09,35.86,0.2,NON_POSIZIONABILE,0
035618053,MOMENTACT*20CPR RIV 400MG,MMT,358.69,6,41,MAGAZZINO,1,538,,8.65,10.55,10.65,58,10.20,10.64,23.0,STANDALONE,0
942006166,MULTICENTRUM UOMO 50+ 60CPR,MUL,357.08,5,14,grossista,0,405,,24.53,29.44,25.97,51,27.96,25.96,5.8,NON_POSIZIONABILE,0
989691112,BETOTAL ENERGY BOOM 20STICK,BET,357.01,7,16,MAGAZZINO,10,324,5,11.50,13.20,15.81,50,13.10,15.80,37.4,STANDALONE,0
971647110,RENALIT-COMBI 12OVAL+SCIR120ML,BSG,356.35,3,6,grossista,0,245,10,16.47,19.34,21.81,32,18.78,21.80,32.4,STANDALONE,0
940092430,FERTYBIOTIC GRAVIDANZA ADVANCE,1FY,355.81,1,11,grossista,0,74,,20.23,0.00,26.89,30,23.06,26.88,32.9,REINSERISCI_prezzo_fb,0
987838974,LIBENAR IGIENE NAS ISOTON 60FL,"",355.74,8,28,grossista,0,1306,,5.97,6.95,7.45,54,7.04,7.44,24.6,STANDALONE,0
934791587,POLASE PLUS 36 BUSTE,POE,355.45,5,16,grossista,0,419,,19.92,23.91,17.57,32,22.71,17.56,-11.8,NON_POSIZIONABILE,0
947127650,NEFROKRILL GATTO 30PRL,"",355.15,3,12,grossista,0,154,9,18.61,22.43,24.39,35,21.22,24.38,31.0,STANDALONE,0
947215455,URIKRILL CANE GEL 30BUST,NBF,354.60,4,11,grossista,0,124,9,18.73,21.88,24.40,40,21.35,24.39,30.2,STANDALONE,0
921232664,PESCURA HEEL ORIG BYCAST SAB39,SHL,354.56,2,8,grossista,0,2,2,48.02,53.87,58.59,18,53.78,58.58,22.0,STANDALONE,0
983307632,LIPONAMED 30CPR,NAD,354.28,4,10,MAGAZZINO,1,1773,,21.99,26.72,23.12,51,25.07,23.11,5.1,NON_POSIZIONABILE,0
978307320,JUFLUS 30CPS MOLLI,NEH,353.94,5,12,MAGAZZINO,1,146,,18.80,21.72,21.73,43,21.43,21.72,15.5,STANDALONE,0
944768391,HYLO DUAL INTENSE 10ML,"",353.60,4,17,grossista,0,532,,16.53,19.84,20.99,43,18.84,20.98,26.9,STANDALONE,0
949990903,DAV HA 30CPR NF,"",353.50,3,13,MAGAZZINO,1,367,,17.38,0.00,21.67,34,19.81,21.66,24.6,REINSERISCI_prezzo_fb,0
987167071,BETOTAL B FASE 20CPR,BET,353.16,7,14,MAGAZZINO,9,223,4,11.91,14.08,15.69,59,13.58,15.68,31.7,STANDALONE,0
990062895,BIOSIMEN 30CPS,"",352.78,4,6,grossista,0,299,,23.17,0.00,30.17,18,26.41,30.16,30.2,REINSERISCI_prezzo_fb,0
982951446,SINOGEL SIR 3ML AGO G21,0BS,352.73,2,3,grossista,0,81,10,108.76,128.32,103.90,25,121.81,103.89,-4.5,NON_POSIZIONABILE,0
926565045,CERAMOL CREMA VISO 311 50ML,UNI,352.63,7,17,grossista,0,393,11,14.47,17.07,16.19,49,16.50,16.18,11.8,NON_POSIZIONABILE,0
973500729,SOMAT SKIN EX SNEL 7NTT G400ML,SOM,352.42,5,10,grossista,0,144,,34.66,40.55,34.77,53,38.82,34.76,0.3,NON_POSIZIONABILE,0
979653312,HELIOCARE 360 PED ATOPIC SPF50,HEL,352.28,7,18,grossista,0,59,,16.75,19.52,15.30,42,19.10,15.29,-8.7,NON_POSIZIONABILE,0
947480594,CETILAR ORO 20STICK ML,CE9,352.12,3,12,grossista,0,293,,15.59,18.70,16.80,49,17.77,16.79,7.7,NON_POSIZIONABILE,0
944097637,OSTEOTEND COMPLEX 20BUST,ERZ,351.69,4,9,grossista,0,38,,18.06,21.67,22.79,32,20.59,22.78,26.1,STANDALONE,0
940365721,DICOSIM PLUS 30ML,"",351.67,6,13,grossista,0,654,,13.28,15.80,14.79,44,15.14,14.78,11.3,NON_POSIZIONABILE,0
901568497,NOVA T 380*DISP INTRAUTER 1P,"",351.42,2,6,grossista,0,11,,62.01,71.31,,,69.45,,,NO_SCRAPER_48h,0
938975808,RISCHIARIL 14BUST,0Z8,351.41,3,6,grossista,0,368,10,15.97,18.36,19.95,47,18.21,19.94,24.9,STANDALONE,0
930530605,DERMAFRESH P NORM CLASS DEOD,DEF,351.09,2,23,MAGAZZINO,1,89,,5.48,6.52,7.18,41,6.46,7.17,30.8,STANDALONE,0
940376991,COENZIMA Q10 30CPS VEGETALI,SLG,350.17,5,14,grossista,0,375,,20.56,24.67,23.39,47,23.44,23.38,13.7,NON_POSIZIONABILE,0
990284820,TRICOMAGIS 20BUST,"",349.68,3,7,grossista,0,80,,17.72,0.00,23.57,19,20.20,23.56,33.0,REINSERISCI_prezzo_fb,0
989816424,VESVEIN GAMBE SOLLIEVO 60CPR,"",349.35,5,12,grossista,0,317,,20.53,0.00,23.64,34,23.40,23.63,15.1,REINSERISCI_prezzo_fb,0
989632017,KAROS REFLUSSO 20STICK,KAO,347.69,4,16,MAGAZZINO,18,149,,12.03,14.80,11.24,46,13.72,11.23,-6.7,NON_POSIZIONABILE,0
023673128,IMODIUM*12CPS 2MG,IMD,346.39,7,41,MAGAZZINO,88,4213,,8.05,9.82,7.30,57,9.50,7.29,-9.4,NON_POSIZIONABILE,0
938807664,ACCU-CHEK GUIDE 25 STRIPS RETA,ACK,345.79,6,10,MAGAZZINO,4,1125,,11.42,13.59,14.07,48,13.02,14.06,23.1,STANDALONE,0
901542237,VEA LIPOGEL IDRAT PROT 50ML,VEA,344.66,6,19,grossista,0,891,,18.21,21.86,20.23,54,20.76,20.22,11.0,NON_POSIZIONABILE,0
972260590,EMORSAN RAG 2 TUBI 30+30ML,DFA,344.28,3,12,grossista,0,242,6,23.68,27.54,27.55,40,27.00,27.54,16.3,STANDALONE,0
950030751,B-VITAL NEURO 60CPR RIVESTITE,"",343.51,4,15,MAGAZZINO,1,165,,16.58,20.14,20.95,27,18.90,20.94,26.3,STANDALONE,0
950944773,TENDINART TRIACT 20BUST,"",342.88,4,7,grossista,0,153,,23.68,0.00,30.29,22,27.00,30.28,27.9,REINSERISCI_prezzo_fb,0
931483135,XFLOR 30BUST,PGU,342.41,5,11,grossista,0,375,,21.35,25.62,24.23,42,24.34,24.22,13.4,NON_POSIZIONABILE,0
975867704,DIURESAN FORM POT SALUGEA60CPS,S0U,342.03,3,10,grossista,0,63,,27.10,32.53,29.94,32,30.89,29.93,10.4,NON_POSIZIONABILE,0
012745067,TACHIPIRINA*AD 10SUPP 1000MG,TCH,341.81,8,32,MAGAZZINO,26,243,5,4.94,6.13,6.97,47,5.83,6.96,40.9,STANDALONE,0
975354364,LINFEDEX 30CPR,"",341.31,4,11,MAGAZZINO,1,83,,16.90,20.53,21.59,32,19.26,21.58,27.7,STANDALONE,0
951869674,PHYSIOMANNA PROCTO 14BUST,"",340.54,4,6,grossista,0,53,,20.61,0.00,27.41,24,23.50,27.40,32.9,REINSERISCI_prezzo_fb,0
981362748,MELATONIC 90CPR,WSY,340.46,4,10,grossista,0,4,6,6.94,8.18,9.19,25,8.19,9.18,32.3,STANDALONE,0
947429243,OSTEOSULFUR 30BUST,UCH,340.33,4,10,grossista,0,75,,21.79,26.15,24.45,41,24.84,24.44,12.2,NON_POSIZIONABILE,0
977803598,YMEA VAMP CONTROL 64CPS NF,YME,339.02,3,10,grossista,0,219,,24.31,29.17,25.79,47,27.71,25.78,6.0,NON_POSIZIONABILE,0
990407811,GOLD COLLAGEN FORTE LIQ10STICK,"",338.29,3,5,grossista,0,36,,23.19,0.00,23.00,22,26.44,22.99,-0.9,NON_POSIZIONABILE,0
984597841,REDULEN GLICEMIA 60CPR,"",338.19,5,7,grossista,0,304,,19.17,22.24,24.47,33,21.85,24.46,27.6,STANDALONE,0
987867761,ZREEN VITAMINA D3 5000 50ML,ZRV,337.49,2,13,grossista,0,50,,17.96,0.00,23.89,24,20.47,23.88,33.0,REINSERISCI_prezzo_fb,0
902829845,NIKE RCK ASCORB K+RIBOS 200BUS,"",337.26,6,8,grossista,0,777,12,32.21,37.68,35.76,44,36.08,35.75,11.0,NON_POSIZIONABILE,0
029851173,MOVICOL*SENZA AROMA BB 20BUST,MVL,335.12,4,16,grossista,0,185,4,8.57,10.33,10.39,33,10.11,10.38,21.1,STANDALONE,0
980299806,"CURASEPT COLL0,20 200MLADS+DNA",CUR,334.58,8,42,MAGAZZINO,2,3866,,6.38,7.59,7.46,66,7.53,7.45,16.8,NON_POSIZIONABILE,0
970394868,IPROBEN 30CPS,OHP,334.50,3,9,MAGAZZINO,1,133,,19.10,23.20,22.07,41,21.77,22.06,15.5,VIA_PC,1.14
944620285,LACRICOMPLEX SOL OFT 10ML,FB0,334.29,7,18,MAGAZZINO,2,918,,16.26,19.03,18.85,47,18.54,18.84,15.9,VIA_PC,0.19
976785497,OMNI BIOTIC STRESS REPAIR 28BU,"",333.92,3,13,grossista,0,981,10,23.88,27.93,28.48,43,27.22,28.47,19.2,STANDALONE,0
905973689,DECONTRAL 20CPR,"",333.77,4,11,MAGAZZINO,1,359,,12.97,15.95,15.99,36,14.78,15.98,23.2,STANDALONE,0
988066890,IDRASTIN CREMA MULTIATTIVA75ML,IDT,333.51,5,9,grossista,0,113,9,25.60,29.95,30.60,28,29.18,30.59,19.5,STANDALONE,0
972256642,CALCIOK2 30STICK PACK,MMH,332.24,4,7,grossista,0,171,1,13.84,15.90,16.90,34,15.78,16.89,22.0,STANDALONE,0
932247339,CHIROFERT 20CPR,LJ1,332.14,3,9,grossista,0,862,,18.85,22.06,19.73,46,21.49,19.72,4.6,NON_POSIZIONABILE,0
978843151,NEOBIANACID 45CPR LIMONE,NE1,332.11,7,21,MAGAZZINO,1,257,,12.84,15.79,16.05,51,14.63,16.04,24.9,STANDALONE,0
951456110,SMART BALANCE SF 30BUST,"",331.37,2,8,grossista,0,105,,23.02,0.00,28.84,28,26.24,28.83,25.2,REINSERISCI_prezzo_fb,0
905682961,MUCOSYTE FLUID SOL CONC 180ML,MUY,331.27,3,7,grossista,0,144,5,27.05,31.52,31.85,29,30.84,31.84,17.7,STANDALONE,0
981909043,VINOCLEAN DUO SCHIUMA DET150ML,CAU,331.03,3,20,grossista,0,1,,20.42,0.00,19.37,23,23.28,19.36,-5.2,NON_POSIZIONABILE,0
947073957,RILASTIL SUN SYS SPRAY SPF50+,RIL,330.75,6,23,grossista,0,149,,13.69,16.29,14.58,53,15.61,14.57,6.4,NON_POSIZIONABILE,0
935034330,EUMILL GOCCE OCUL PROTECTION,EUM,330.60,5,37,MAGAZZINO,3,516,,6.60,7.85,7.11,58,7.79,7.10,7.6,NON_POSIZIONABILE,0
987869880,UBIGEL DONNA 50ML,"",330.08,4,7,grossista,0,547,8,38.91,45.15,41.67,30,43.58,41.66,7.1,NON_POSIZIONABILE,0
946431564,GLICOPER 30STICK,HLU,329.54,3,9,grossista,0,70,10,18.26,21.28,21.30,29,20.82,21.29,16.6,STANDALONE,0
951121843,MICALMO 12FL 10ML,9PD,329.40,2,8,grossista,0,264,,15.98,0.00,21.25,24,18.22,21.24,32.9,REINSERISCI_prezzo_fb,0
942627314,ZAKVIR 3000 20BUST,SHD,328.90,2,7,grossista,0,122,6,20.82,24.46,26.91,23,23.73,26.90,29.2,STANDALONE,0
943222190,LILITH OVULI VAGINALI 6PZ,UDM,328.78,5,13,grossista,0,528,,16.51,19.81,20.24,43,18.82,20.23,22.5,STANDALONE,0
982951459,SINOVIAL HL64 SIR INTRA-ART2ML,SIO,328.48,1,2,grossista,0,152,,76.25,91.50,69.87,34,85.40,69.86,-8.4,NON_POSIZIONABILE,0
932714759,FLEBEN 1000 10FL 15ML,HDT,327.54,4,6,grossista,0,304,6,16.34,18.96,19.97,36,18.63,19.96,22.2,STANDALONE,0
950406138,THERFIBRE THERAPET 500G,1B6,327.51,3,17,grossista,0,101,,17.62,0.00,24.53,26,20.09,24.52,39.2,REINSERISCI_prezzo_fb,0
905641609,ACTIBUTIR PLUS 30CPS,"",327.34,5,11,grossista,0,282,5,13.02,15.52,17.32,38,14.84,17.31,32.9,STANDALONE,0
984414502,XAZEPIN ORO FAST RELEASE20BUST,ABH,327.30,2,7,grossista,0,188,10,19.79,22.81,25.29,36,22.56,25.28,27.7,STANDALONE,0
921811903,ENNE 3 PLUS 20CPS SOFTGEL,UEN,327.07,3,7,grossista,0,77,5,17.26,21.83,22.70,19,19.68,22.69,31.5,STANDALONE,0
935800209,"BLUYAL MONODOSE 15CONT 0,35ML",BLY,326.78,4,9,MAGAZZINO,3,121,,13.26,16.30,16.24,39,15.11,16.23,22.4,VIA_PC,0.07
974003749,CONDRONIL IALDUE SIR INT-AR2ML,CNI,326.38,3,4,grossista,0,46,7,38.42,44.72,45.40,27,43.03,45.39,18.1,STANDALONE,0
951134927,COLLAGEN SUPERDOSE SKIN 300ML,"",326.11,3,8,grossista,0,20,,20.82,0.00,22.75,21,23.73,22.74,9.2,NON_POSIZIONABILE,0
028440079,CONNETTIVINA PLUS*10GARZE10x10,CTT,326.09,4,11,MAGAZZINO,1,268,,11.00,13.42,13.27,29,12.54,13.26,20.5,VIA_PC,0.16
042822015,"FROBEN GOLA*COLLUT 160ML 0,25%",FRO,326.04,7,35,MAGAZZINO,2,127,,5.71,6.97,6.79,54,6.74,6.78,18.7,VIA_PC,0.19
940037486,AFTERSUN LOTION 400ML,ISD,325.91,4,16,grossista,0,33,,18.35,0.00,21.26,36,20.92,21.25,15.8,REINSERISCI_prezzo_fb,0
935691143,MULTILASE 20CPR,"",325.35,3,9,MAGAZZINO,1,22,,16.18,19.66,20.29,25,18.45,20.28,25.3,STANDALONE,0
982953972,SUSTENIUM PLUS 50+ 16BUST,SUS,325.16,8,21,MAGAZZINO,26,1722,,9.76,11.13,12.29,64,11.51,12.28,25.8,STANDALONE,0
909890713,OLIO VASELINA 1000 ML,"",325.10,3,15,MAGAZZINO,1,647,,8.85,10.88,12.31,7,10.44,12.30,39.0,STANDALONE,0
939588556,NEOVIDERM EMULS CUTANEA 100ML,NEV,324.47,6,24,MAGAZZINO,1,1756,,10.45,12.85,12.71,57,11.91,12.70,21.5,VIA_PC,0.15
987498793,POLIBERINA 30CPR,HN0,324.31,4,7,grossista,0,90,,23.33,0.00,27.82,26,26.60,27.81,19.2,REINSERISCI_prezzo_fb,0
900760240,LUBRIGYN CREMA VAG 20BUST 2ML,LUB,323.57,6,23,MAGAZZINO,1,1770,,10.07,12.38,9.67,58,11.47,9.66,-4.1,NON_POSIZIONABILE,0
972496297,METARELAX 180CPR,MLX,323.57,3,8,MAGAZZINO,1,210,,36.76,44.67,38.00,37,41.17,37.99,3.3,NON_POSIZIONABILE,0
933330957,SANIPEG 300G,"",322.50,2,9,grossista,0,233,,13.10,15.20,17.06,46,14.93,17.05,30.2,STANDALONE,0
933532689,MELATONINA VITI RETARD 60CPR,M1V,321.65,7,58,MAGAZZINO,21,652,,2.86,3.72,3.95,59,3.37,3.94,37.8,STANDALONE,0
048131027,"ONICOTER*SMALTO MED 1FL 6,6ML","",321.36,3,11,grossista,0,209,5,25.50,31.25,29.25,28,29.07,29.24,14.7,VIA_PC,2.01
983376979,DANACOL PLUS+ 30STICKGEL,NTC,321.32,6,20,grossista,0,481,,11.42,13.36,14.88,46,13.02,14.87,30.2,STANDALONE,0
930494152,SAUGELLA ATTIVA DET 500ML,SAU,320.83,8,32,MAGAZZINO,1,1337,,9.26,11.02,12.89,70,10.93,12.88,39.1,STANDALONE,0
980476093,BARILIFE VITAMINE PLUS30CPR TR,BL0,320.73,4,8,grossista,0,281,,16.60,19.26,19.82,34,18.92,19.81,19.3,STANDALONE,0
979333921,DISBIO M 30CPR,HN0,320.52,5,12,grossista,0,129,9,17.34,19.77,20.66,32,19.77,20.65,19.1,STANDALONE,0
975385749,NORMOVEN 30CPR,NVN,320.38,2,21,MAGAZZINO,1,13,,8.32,10.23,3.80,25,9.81,3.79,-54.4,NON_POSIZIONABILE,0
974377931,FOLIPED GOCCE 5ML,PD2,320.29,4,7,MAGAZZINO,1,143,,14.62,17.98,18.63,34,16.67,18.62,27.4,STANDALONE,0
926876830,NEOBIANACID 20BUST,NE1,320.23,9,20,MAGAZZINO,1,2946,,11.21,13.79,12.94,69,12.78,12.93,15.3,VIA_PC,0.86
986117190,TRIVIS AGA DONNA LOZIONE 100ML,"",319.74,2,6,grossista,0,7,7,57.84,67.27,63.45,22,64.78,63.44,9.7,NON_POSIZIONABILE,0
971338025,NUCRON 30CPR,"",319.68,4,13,grossista,0,478,8,13.26,15.38,16.52,40,15.12,16.51,24.5,STANDALONE,0
973653280,HELIOCARE 360 INVISIBLE SPRAY,HEL,319.36,6,13,grossista,0,229,,19.03,22.84,18.59,46,21.69,18.58,-2.4,NON_POSIZIONABILE,0
924167341,VENAMIR 30OVAL,4D4,319.00,5,12,grossista,0,416,9,14.55,17.16,19.35,37,16.59,19.34,32.9,STANDALONE,0
976679833,NORMALIA EXTRA 30STICK ORALI,1N4,318.92,6,12,grossista,0,512,9,19.80,23.31,24.05,50,22.57,24.04,21.4,STANDALONE,0
938656915,MULTICENTRUM ADULTI 90CPR,MUL,318.84,4,9,MAGAZZINO,1,138,,23.30,28.31,24.15,48,26.56,24.14,3.6,NON_POSIZIONABILE,0
902552431,CAREVIT DOG MANGIME 100CPR,1R3,318.01,5,14,grossista,0,132,,14.61,16.95,18.92,45,16.66,18.91,29.4,STANDALONE,0
990603250,VASOSTAR GAMBE 30CPR,"",317.53,1,7,grossista,0,244,,14.48,0.00,18.10,31,16.51,18.09,24.9,REINSERISCI_prezzo_fb,0
940372170,REUMADEP GEL ARTRITE E DOLORE,RUP,316.82,2,13,grossista,0,129,,16.72,0.00,23.64,27,19.06,23.63,41.3,REINSERISCI_prezzo_fb,0
911973788,ADOMELLE 30CPS,BRH,316.81,6,14,grossista,0,152,,15.15,18.18,19.50,55,17.27,19.49,28.6,STANDALONE,0
951200880,FULLMAG FORTE 20CPR,"",316.78,4,10,grossista,0,227,,13.50,0.00,17.36,33,15.39,17.35,28.5,REINSERISCI_prezzo_fb,0
930192531,LUBRIGYN OVULI VAGINALI 10PZ,LUB,316.52,4,16,MAGAZZINO,2,1021,,12.91,15.88,15.23,44,14.71,15.22,17.9,VIA_PC,0.66
930702749,ESI TEA TREE REMEDY OIL 25ML,ESI,316.46,5,26,MAGAZZINO,1,206,,11.18,13.30,12.66,48,12.74,12.65,13.1,NON_POSIZIONABILE,0
952050678,GASTROVOM 30STICK PACK,"",316.18,3,17,grossista,0,181,,12.02,0.00,17.53,22,13.70,17.52,45.8,REINSERISCI_prezzo_fb,0
982451940,TAMARINDO PLUS 70CPS VEG NAT,OOD,315.97,2,7,grossista,0,36,9,10.44,12.00,13.83,20,11.90,13.82,32.4,STANDALONE,0
989669890,DEFENCE SUN 50+ LATTE SPR200ML,BNK,315.28,6,27,grossista,0,216,,14.24,17.51,12.80,38,16.23,12.79,-10.2,NON_POSIZIONABILE,0
934744602,COLOSTRONONI 24BUST OS,GNA,314.92,6,21,grossista,0,417,,11.45,14.09,13.32,62,13.05,13.31,16.2,VIA_PC,0.78
951868470,VILLISED 30CPS,"",313.85,5,12,grossista,0,246,,18.28,0.00,24.11,26,20.84,24.10,31.8,REINSERISCI_prezzo_fb,0
951692654,BUTIDEP CAPSULE,"",313.71,5,11,grossista,0,237,,16.96,0.00,23.79,30,19.33,23.78,40.2,REINSERISCI_prezzo_fb,0
934857893,LONGLIFE BROMELAIN FORTE 30CPR,LNG,313.58,5,13,grossista,0,377,7,16.47,19.26,19.93,35,18.78,19.92,20.9,STANDALONE,0
974109326,CERAVE CREMA IDRATANTE 340G,CV9,313.23,6,29,MAGAZZINO,1,426,,12.03,14.80,12.52,70,13.71,12.51,4.0,NON_POSIZIONABILE,0
987378597,NATALBEN PRIMA PLUS 30CPS,NBN,313.07,3,12,MAGAZZINO,2,332,,14.17,17.43,18.11,37,16.15,18.10,27.7,STANDALONE,0
950211678,PROSVIS 400PAST,GIO,312.91,2,4,grossista,0,43,,49.43,0.00,60.42,20,55.36,60.41,22.2,REINSERISCI_prezzo_fb,0
979362807,OMEGAL DHA 40CPS MOLLI,4HH,311.76,2,9,grossista,0,100,8,16.43,19.16,21.77,23,18.73,21.76,32.4,STANDALONE,0
979605007,U-CARE MICOTHERAPY 70CPS,AR7,311.64,4,5,grossista,0,46,,36.78,44.14,37.80,33,41.19,37.79,2.7,NON_POSIZIONABILE,0
977695170,GLORIA162EVO AD BE MC,GRO,311.09,2,5,grossista,0,11,5,54.84,65.20,59.33,15,61.42,59.32,8.2,NON_POSIZIONABILE,0
975093117,GENANTE 30CPR,S&R,311.00,4,11,MAGAZZINO,1,1058,,26.53,32.24,25.12,48,30.25,25.11,-5.4,NON_POSIZIONABILE,0
931082705,CUMAXINA 30CPR,"",310.91,1,6,grossista,0,116,8,19.02,22.23,24.79,30,21.68,24.78,30.3,STANDALONE,0
935863670,BIOMINERAL ONE LACTO PLUS90CPR,BIM,310.86,3,10,grossista,0,379,,35.40,42.48,33.19,45,39.65,33.18,-6.3,NON_POSIZIONABILE,0
989070925,PHYTOCYANE EXPERTISE ANTI84CPS,PHY,310.80,2,5,grossista,0,73,,31.42,37.70,32.90,32,35.19,32.89,4.7,NON_POSIZIONABILE,0
103626040,ADVANTIX SPOT ON*4PIP 4-10KG,AAX,310.57,5,13,grossista,0,394,,21.26,25.52,23.42,48,24.24,23.41,10.1,NON_POSIZIONABILE,0
902527629,ULTRA OMEGA 3/6/9 90CPS,NTP,310.31,3,7,grossista,0,59,6,27.26,31.74,33.42,25,31.08,33.41,22.6,STANDALONE,0
942390004,FINDERM FORTE BETA CR VAGINALE,FIN,310.27,6,12,grossista,0,825,,20.03,23.44,21.22,47,22.83,21.21,5.9,NON_POSIZIONABILE,0
900240235,MELANIDIN PLUS EUPIGMENT 50ML,"",310.26,2,11,grossista,0,269,9,23.70,27.85,27.87,36,27.02,27.86,17.6,STANDALONE,0
951332473,BETAMIX 80CPR MASTIC,HN0,310.23,3,9,grossista,0,168,,19.86,0.00,23.72,24,22.64,23.71,19.4,REINSERISCI_prezzo_fb,0
951246851,GLICINOX 20BUST,"",309.75,2,10,grossista,0,101,,16.48,0.00,22.25,29,18.79,22.24,35.0,REINSERISCI_prezzo_fb,0
988278267,SEDAFLOGO 30CPR FILMATE,"",309.38,1,7,grossista,0,35,,20.20,23.43,,,23.03,,,NO_SCRAPER_48h,0
989669849,DEFENCE SUN 50+ BB&KID SPRAY,BNK,309.02,2,24,grossista,0,109,,16.45,0.00,14.95,33,18.75,14.94,-9.2,NON_POSIZIONABILE,0
950305209,CARDIOSMILE FITOSTEROLI 30BUST,"",308.60,2,6,grossista,0,33,,24.33,0.00,31.14,16,27.74,31.13,27.9,REINSERISCI_prezzo_fb,0
927493395,VITABEN D3 15ML,OAA,308.42,4,12,grossista,0,1145,9,13.29,15.74,17.68,50,15.15,17.67,33.0,STANDALONE,0
981076728,SENILIFE PLUS 60CPS,NNV,308.37,2,9,grossista,0,288,,36.01,43.22,38.43,46,40.33,38.42,6.7,NON_POSIZIONABILE,0
902508682,SERENIMAP 60CPR 500MG,"",307.50,5,9,grossista,0,243,9,17.35,20.31,22.79,42,19.78,22.78,31.3,STANDALONE,0
042154029,LASONIL ANTIDOLORE*GEL120G 10%,LSI,307.12,7,35,grossista,0,274,,8.42,6.20,9.99,49,9.94,9.98,18.5,STANDALONE,0
934417445,LIPOLIPASE CREMAGEL 150ML,AMN,305.10,4,8,grossista,0,128,7,26.27,30.73,27.92,35,29.95,27.91,6.2,NON_POSIZIONABILE,0
984154361,CREMELINE 2KCAL CIOC 4X125G,N1S,304.29,2,5,grossista,0,69,8,17.12,19.85,22.42,24,19.52,22.41,30.9,STANDALONE,0
025829197,MOMENDOL*GEL 50G 10%,MMT,304.04,3,23,MAGAZZINO,13,195,,6.07,7.41,5.87,40,7.16,5.86,-3.5,NON_POSIZIONABILE,0
943129458,VISUEVO SOLUZIONE OFT 10ML,VIU,303.94,3,11,MAGAZZINO,1,180,,18.90,22.96,21.89,44,21.54,21.88,15.8,VIA_PC,1.08
979945565,SIIFELIX 30CPS,HPE,303.73,2,5,grossista,0,25,,22.42,26.90,25.39,18,25.56,25.38,13.2,NON_POSIZIONABILE,0
912344734,MENOCOMPLEX 60CPS,"",303.30,1,6,grossista,0,100,7,16.96,19.89,22.56,26,19.33,22.55,33.0,STANDALONE,0
034246025,NUROFEN INFLUENZA RAFFR*24CPR,NRF,303.21,7,29,grossista,0,731,,9.82,11.59,11.28,50,11.59,11.27,14.8,NON_POSIZIONABILE,0
906555507,VATAMAP 60CPR,"",303.18,1,10,grossista,0,80,7,19.28,22.85,24.39,32,21.98,24.38,26.5,STANDALONE,0
038204032,"REGOLINT*OS POLV200G 973,6MG/G",RGT,302.31,2,2,grossista,0,114,2,11.09,13.23,14.56,28,12.64,14.55,31.2,STANDALONE,0
947237691,ASTAXANTINA 30PRL,SLG,301.89,5,8,grossista,0,536,,23.16,27.79,24.50,42,26.40,24.49,5.7,NON_POSIZIONABILE,0
973605708,NUXE HUILE PROD 100ML OLIO SEC,NUX,301.84,5,16,grossista,0,210,,21.68,25.37,21.79,48,24.72,21.78,0.5,NON_POSIZIONABILE,0
938181462,CITROSODINA EFFERV GRAN 150G,CDI,301.80,8,52,MAGAZZINO,2,727,,4.09,5.16,4.85,64,4.83,4.84,18.3,VIA_PC,0.32
951873189,DICLOREUM JOINT PLUS 20BUST,"",301.34,3,9,grossista,0,108,,16.09,0.00,19.70,29,18.34,19.69,22.4,REINSERISCI_prezzo_fb,0
944959283,PRINCIPIUM AC IALUR JOINT 60CP,PCM,300.89,2,8,grossista,0,155,,19.31,22.39,24.50,45,22.01,24.49,26.8,STANDALONE,0
927091203,GRINTUSS PEDIATRIC SCIR 180G,ABO,300.53,6,26,MAGAZZINO,2,2511,,10.75,13.22,11.73,84,12.25,11.72,9.0,NON_POSIZIONABILE,0
985323029,PLUSGAR 30CPR,UJN,300.35,3,4,grossista,0,123,9,17.33,20.71,22.39,27,19.76,22.38,29.1,STANDALONE,0
985620018,MITO MU 90CPR,"",299.92,3,5,grossista,0,13,,33.25,0.00,41.41,18,37.24,41.40,24.5,REINSERISCI_prezzo_fb,0
018723080,"ACTIFED*12CPR 2,5MG+60MG",ACT,299.64,4,27,grossista,0,519,,6.52,7.70,7.38,59,7.69,7.37,13.0,NON_POSIZIONABILE,0
951060250,SWISSE COLLAGENE PLAT10FL 30ML,SWI,299.56,1,3,grossista,0,14,,34.46,0.00,25.99,21,38.60,25.98,-24.6,NON_POSIZIONABILE,0
989407984,HELIOCARE 360 ACNIMAT 50ML,HEL,299.49,7,15,grossista,0,325,,19.92,23.91,20.24,35,22.71,20.23,1.6,NON_POSIZIONABILE,0
934861788,AVS RETINA 30CPR,SIF,299.08,2,3,MAGAZZINO,1,227,,20.56,24.98,23.36,38,23.44,23.35,13.6,NON_POSIZIONABILE,0
940098736,HYLO COMOD GOCCE OCUL 2X10ML,"",299.03,3,10,grossista,0,25,,20.71,0.00,27.59,23,23.61,27.58,33.2,REINSERISCI_prezzo_fb,0
935520039,LIGADOL EVO 20BUST,LDD,298.73,3,7,grossista,0,245,7,15.80,18.67,21.01,38,18.01,21.00,32.9,STANDALONE,0
924954314,COMBINERV 20CPR,"",298.50,2,9,MAGAZZINO,1,887,,18.07,21.96,22.24,33,20.60,22.23,23.0,STANDALONE,0
000590012,"RINAZINA*AD GTT 10ML 10MG 0,1%",RNZ,298.11,4,12,MAGAZZINO,1,100,,7.83,9.56,9.35,44,9.24,9.34,19.3,VIA_PC,0.22
905516720,AVEC EMULSIONE FLUIDA LEN200ML,"",298.03,3,7,grossista,0,258,9,20.12,23.17,24.57,41,22.94,24.56,22.1,STANDALONE,0
908780392,"NEOTRICODIN FRIZ 10FL 7,5ML","",297.78,2,5,grossista,0,154,4,35.73,41.46,42.33,31,40.02,42.32,18.4,STANDALONE,0
926646237,IDU' SCIROPPO 150ML,"",297.76,4,5,grossista,0,29,4,10.30,12.03,13.62,19,11.74,13.61,32.1,STANDALONE,0
987019130,EFFACLAR DUO +M 40ML,LAR,297.59,7,21,MAGAZZINO,27,1166,,14.07,17.30,15.66,71,16.04,15.65,11.2,NON_POSIZIONABILE,0
922862610,DDM MATRICE 14BUST,OME,297.45,4,6,grossista,0,84,,17.86,21.44,21.80,40,20.36,21.79,22.0,STANDALONE,0
981920921,SOLLIEVO FISIOLAX 45CPR,ABO,297.19,6,20,grossista,0,766,,8.37,9.96,10.24,64,9.88,10.23,22.2,STANDALONE,0
900059977,RIDUCAL GRASSI 30CPR,RUA,297.07,3,6,grossista,0,63,9,20.59,24.00,19.78,26,23.47,19.77,-4.0,NON_POSIZIONABILE,0
904546544,VEA ORIS SPR 20ML,VEA,297.07,7,18,MAGAZZINO,1,629,,13.14,14.72,15.11,49,14.98,15.10,14.9,STANDALONE,0
951158803,INLEVIA GYNO CREMA 30ML,7IV,296.92,4,15,grossista,0,165,,11.37,0.00,15.06,27,12.96,15.05,32.4,REINSERISCI_prezzo_fb,0
947255168,NEUROTROF 800 20BUST,INM,296.13,1,5,grossista,0,48,6,22.07,25.59,29.12,29,25.16,29.11,31.9,STANDALONE,0
972644177,BENECIS 30CPR,4SS,295.83,5,7,MAGAZZINO,1,178,,16.36,19.87,18.70,25,18.65,18.69,14.2,VIA_PC,1.18
945121236,CAROVIT MELANIN SOLARE 20CPS,CRV,295.53,4,16,grossista,0,155,,13.64,16.78,15.16,30,15.55,15.15,11.1,NON_POSIZIONABILE,0
930535810,SIDERAL GOCCE 30ML,0Y4,295.49,1,7,MAGAZZINO,2,563,,14.55,17.90,15.99,55,16.59,15.98,9.8,NON_POSIZIONABILE,0
987419052,PURO GOCCE OCULARI 10ML,"",295.05,3,17,MAGAZZINO,1,2063,,14.12,16.81,15.48,28,16.10,15.47,9.6,NON_POSIZIONABILE,0
984651380,ARNICA GEL 98% 300ML,D82,294.91,3,13,grossista,0,307,12,15.70,18.42,18.87,42,17.90,18.86,20.1,STANDALONE,0
981504602,DIGETOP 14BUST,5LX,294.54,4,7,grossista,0,294,1,10.65,12.30,14.03,39,12.14,14.02,31.6,STANDALONE,0
950213342,TRIFEDOX 30CPR,"",293.93,1,9,grossista,0,82,,20.36,0.00,26.59,14,23.21,26.58,30.6,REINSERISCI_prezzo_fb,0
925500959,DIVERCOL 14BUST,"",293.53,2,9,MAGAZZINO,1,806,,15.75,19.14,19.04,46,17.96,19.03,20.8,VIA_PC,0.11
981448588,TRIDERM DS SHAMPOO TRATTAMENTO,BNK,293.33,9,17,grossista,0,185,,12.72,15.14,13.45,41,14.50,13.44,5.7,NON_POSIZIONABILE,0
951274238,CORTISOLIN 30CPS,"",293.20,2,8,grossista,0,76,,16.43,0.00,21.76,23,18.73,21.75,32.4,REINSERISCI_prezzo_fb,0
022088076,"TANTUM VERDE*COLLUT 240ML0,15%",TAN,293.14,8,32,MAGAZZINO,37,1060,,5.95,7.26,8.45,60,7.02,8.44,41.8,STANDALONE,0
925856472,AMINOTROFIC 14BUST,A3O,292.98,4,10,grossista,0,192,6,12.57,14.80,16.13,38,14.33,16.12,28.2,STANDALONE,0
981937612,CURASEPT PREVENT COLLUTORIO,CUR,292.89,8,35,MAGAZZINO,11,894,,4.09,5.41,5.42,50,4.82,5.41,32.3,STANDALONE,0
927091227,GRINTUSS ADULTI SCIR 180G,ABO,292.88,8,25,MAGAZZINO,2,2033,,9.92,12.20,11.75,80,11.71,11.74,18.3,VIA_PC,0.46
950356156,APPORTAL BOOST 14BUST,"",292.43,3,8,grossista,0,128,,19.78,0.00,20.93,36,22.55,20.92,5.8,NON_POSIZIONABILE,0
974109290,CERAVE CREMA VISO IDRAT 50ML,CV9,292.25,4,15,MAGAZZINO,6,483,1,8.82,11.89,14.60,70,10.41,14.59,65.4,STANDALONE,0
931752416,SEDIGOLA PERLE MASTIC 30PRL,BSL,292.21,5,12,MAGAZZINO,1,413,,8.20,10.08,10.24,39,9.67,10.23,24.8,STANDALONE,0
943082166,ESTER C PLUS 500 100CPS,SLG,292.16,4,11,grossista,0,282,,22.41,25.99,25.99,43,25.55,25.98,15.9,VIA_PC,0.01
989633817,ANTHELIOS FLUIDO UV A/M SPF50+,LAR,292.13,4,21,grossista,0,220,,14.64,18.07,14.35,43,16.69,14.34,-2.0,NON_POSIZIONABILE,0
932711803,GUNAMINOFORMULA 150CPR,GNA,290.35,5,7,MAGAZZINO,1,142,,38.97,45.60,40.80,53,43.65,40.79,4.7,NON_POSIZIONABILE,0
986904656,COLESTEROL ACT 70+ 30CPR,"",289.86,4,9,grossista,0,257,8,10.12,11.81,12.93,37,11.54,12.92,27.7,STANDALONE,0
986496646,ENTEROLACTIS MD8 20CPS,ENO,289.75,6,19,MAGAZZINO,3,290,,8.64,10.07,10.21,44,10.19,10.20,18.1,STANDALONE,0
931096236,FARMACTIVE SILVER SPR ARGENTO,XMD,289.04,7,21,grossista,0,667,9,5.60,6.71,6.69,38,6.61,6.68,19.3,VIA_PC,0.03
103628044,ADVANTIX SPOT ON*4PIP 10-25KG,AAX,289.01,6,10,grossista,0,202,,23.61,28.33,25.77,58,26.92,25.76,9.1,NON_POSIZIONABILE,0
945140135,EUPH COLORPRO XD 407 CAST,EUP,288.67,2,25,grossista,0,135,,7.34,9.03,10.18,26,8.66,10.17,38.6,STANDALONE,0
944779242,VITI COLESTEROLO 90PRL,MRT,288.49,2,14,grossista,0,22,10,11.02,12.72,11.45,35,12.56,11.44,3.8,NON_POSIZIONABILE,0
981042649,THERMACARE SCHIENA FASCIA 4PZ,TCA,287.13,3,15,MAGAZZINO,31,760,,12.18,14.98,13.32,68,13.88,13.31,9.3,NON_POSIZIONABILE,0
941836761,UROGERMIN PROSTATA 30SOFTGEL,UGN,287.00,6,13,MAGAZZINO,1,249,,14.88,17.71,12.16,55,16.97,12.15,-18.3,NON_POSIZIONABILE,0
942868151,BENTERIC D 30CPR RIVESTITE,SHD,286.60,5,8,grossista,0,136,,17.42,20.21,22.29,30,19.86,22.28,27.9,STANDALONE,0
935160352,CELL INTEGRITY BRAIN 40CPR,"",286.55,4,5,grossista,0,225,6,27.42,32.33,25.90,31,31.26,25.89,-5.6,NON_POSIZIONABILE,0
945085429,VITA METAB12 30CPR OROSOLUBILI,SLG,286.50,3,7,MAGAZZINO,1,312,,16.54,20.10,20.80,41,18.86,20.79,25.7,STANDALONE,0
044460020,LAILA*28CPS MOLLI,A11,285.79,5,12,MAGAZZINO,2,197,,15.02,18.32,18.87,58,17.12,18.86,25.6,STANDALONE,0
951554726,GLICONAM 30CPR,NAD,285.78,3,10,grossista,0,688,,17.82,0.00,20.90,27,20.31,20.89,17.2,REINSERISCI_prezzo_fb,0
935584110,FLOGAN DAY 20CPR,MYH,285.41,4,11,MAGAZZINO,1,1535,,13.55,16.67,17.82,39,15.45,17.81,31.4,STANDALONE,0
930960113,BETOTAL BODY PLUS 20BUST,BET,284.87,4,11,grossista,0,385,,13.42,16.51,12.29,40,15.30,12.28,-8.5,NON_POSIZIONABILE,0
948172388,LONGLIFE NICOTINAMIDE RIB30CPS,LNG,284.24,3,5,grossista,0,84,,33.96,0.00,41.39,25,38.04,41.38,21.8,REINSERISCI_prezzo_fb,0
951124066,NERVAL 24CPR,"",284.06,2,4,grossista,0,78,,18.91,0.00,25.15,19,21.56,25.14,32.9,REINSERISCI_prezzo_fb,0
900780471,VEA OLIO IDRAT PROT P SEC 20ML,VEA,282.97,6,19,MAGAZZINO,1,1538,,12.22,14.55,14.92,53,13.94,14.91,22.0,STANDALONE,0
979414455,GLAUCOVIS 30CPS SOFTGEL,BAU,282.95,4,9,grossista,0,563,,21.79,25.50,23.36,43,24.84,23.35,7.2,NON_POSIZIONABILE,0
984834731,VELAPROST 20CPR,"",282.68,2,5,grossista,0,137,9,17.04,20.15,22.66,29,19.43,22.65,32.9,STANDALONE,0
980784387,GENEDOL 30CPR,GE1,282.59,4,9,grossista,0,187,4,13.79,16.06,18.11,30,15.72,18.10,31.3,STANDALONE,0
989021011,"JONEXA UP 2% SIR 4,4ML",ABG,282.39,2,2,grossista,0,135,,140.44,164.31,133.85,26,157.29,133.84,-4.7,NON_POSIZIONABILE,0
905127864,VITGASE DETERGENTE 200ML,GVP,282.10,5,12,grossista,0,486,8,11.70,13.80,15.48,37,13.34,15.47,32.2,STANDALONE,0
951469776,ENZYVIS 100PAST,GIO,281.93,4,13,grossista,0,130,,15.38,0.00,20.46,28,17.53,20.45,33.0,REINSERISCI_prezzo_fb,0
935382782,BLEFARETTE SALV OCULARI 30PZ,BLR,281.69,3,17,grossista,0,648,,13.02,16.01,15.65,49,14.84,15.64,20.1,VIA_PC,0.37
984357006,CETAPHIL CREMA IDRATANTE 450G,CET,281.67,6,20,grossista,0,1098,,13.60,16.73,16.21,56,15.50,16.20,19.1,VIA_PC,0.53
982932194,SILIPLUS 30CPR,"",281.46,3,12,MAGAZZINO,1,780,,16.53,20.09,19.31,34,18.85,19.30,16.8,VIA_PC,0.79
951091723,BIOMAVET CANE 750MG 12CPR,"",280.78,4,15,grossista,0,288,,10.93,0.00,14.46,27,12.46,14.45,32.2,REINSERISCI_prezzo_fb,0
987437225,POLASE LIMONE 24BUST PROMO,"",280.20,5,14,MAGAZZINO,21,153,,7.61,9.36,11.59,53,8.98,11.58,52.2,STANDALONE,0
923208906,THEALOZ DUO SOL OCULARE 10ML,THA,280.13,7,17,grossista,0,1044,9,12.27,14.39,14.99,57,13.99,14.98,22.1,STANDALONE,0
921895684,IDEAL SOLEIL LATTE BB 50 300ML,VIC,279.92,6,15,MAGAZZINO,5,82,,15.02,17.57,15.19,44,17.12,15.18,1.1,NON_POSIZIONABILE,0
932171236,PISOLINO GOCCE 15ML,PSI,279.17,6,14,MAGAZZINO,1,2379,,12.71,15.63,15.89,48,14.48,15.88,24.9,STANDALONE,0
934888684,PRINCIPIUM Q10 MAX 60CPS,PCM,279.06,3,9,grossista,0,282,7,21.09,24.78,24.79,41,24.04,24.78,17.5,STANDALONE,0
951164209,MAGNESIO BISGLICINATO 60PAST,GIO,278.44,7,19,grossista,0,453,,12.82,0.00,16.85,27,14.61,16.84,31.4,REINSERISCI_prezzo_fb,0
033262027,BENACTIV GOLA*16PASTL LIM MIEL,BEC,278.28,7,30,grossista,0,577,,6.29,7.43,7.34,61,7.42,7.33,16.5,NON_POSIZIONABILE,0
976334209,MULTICENTRUM DONNA 50+ 60CPR,MUL,278.01,5,11,MAGAZZINO,3,318,6,20.64,24.10,25.97,57,23.53,25.96,25.8,STANDALONE,0
970150912,PELVILEN DUAL ACT 60BUST,0V7,277.74,3,5,grossista,0,2698,12,38.53,45.24,40.95,42,43.15,40.94,6.3,NON_POSIZIONABILE,0
979866819,LISIKIN 300ML KINTEGRAVIT,7KK,277.68,3,6,grossista,0,55,,22.17,0.00,25.91,25,25.27,25.90,16.8,REINSERISCI_prezzo_fb,0
943966426,PANTAREI 16BUST OROSOLUBILI,AGA,277.62,3,6,MAGAZZINO,1,240,,22.02,26.76,23.21,41,25.11,23.20,5.4,NON_POSIZIONABILE,0
986895718,LYMIGRAL 14BUST,"",277.60,5,9,grossista,0,611,9,14.92,17.45,17.16,35,17.01,17.15,14.9,VIA_PC,0.30
986394726,DRUSENOFF EVO 30CPR,"",275.40,4,9,grossista,0,428,9,16.39,19.20,21.19,38,18.68,21.18,29.2,STANDALONE,0
940375710,COLPOFIX OVULI 10PZ,UCH,275.39,4,11,MAGAZZINO,1,202,,15.88,18.58,20.10,37,18.11,20.09,26.5,STANDALONE,0
987326612,VITAMINA B IBSA 30FILM ORALI,0BS,275.07,3,18,MAGAZZINO,6,295,,8.75,10.76,10.28,50,10.32,10.27,17.4,NON_POSIZIONABILE,0
023703046,MECLON*CREMA VAG 30G 20%+4%+6A,M2O,274.96,4,19,MAGAZZINO,15,597,,11.72,14.29,15.44,61,13.36,15.43,31.7,STANDALONE,0
942359365,RESCUE ORIG REMEDY 20ML,RSC,274.94,6,14,grossista,0,430,,12.71,15.13,14.26,58,14.49,14.25,12.1,NON_POSIZIONABILE,0
980248987,COLASIL 30CPS,PYI,274.61,2,5,grossista,0,60,8,26.69,28.69,28.70,25,30.43,28.69,7.5,NON_POSIZIONABILE,0
952094478,DAFNEFLOR 30CPS ACIDORESIST,"",274.55,5,13,grossista,0,167,,17.23,0.00,22.42,23,19.64,22.41,30.1,REINSERISCI_prezzo_fb,0
980926620,ANTHELIOS LATTE SOL 30+ PAPER,LAR,274.52,5,19,grossista,0,231,,14.69,17.48,14.79,61,16.75,14.78,0.6,NON_POSIZIONABILE,0
987386075,ANTHELIOS FLUIDO UVMUNE DP 50+,LAR,274.49,3,18,grossista,0,168,,13.88,17.08,14.24,53,15.82,14.23,2.5,NON_POSIZIONABILE,0
970441857,XEMOSE C8+ CR 400ML,URI,274.25,5,16,MAGAZZINO,1,784,,16.92,19.80,19.30,47,19.29,19.29,14.0,VIA_PC,0.51
951558550,AMINOFAST PLUS 30BUST,"",274.03,1,4,grossista,0,175,,33.94,0.00,42.82,16,38.01,42.81,26.1,REINSERISCI_prezzo_fb,0
975867767,PAUSANORM FORTE SALUGEA 60CPS,S0U,274.03,4,8,grossista,0,155,,28.97,33.61,32.13,42,33.03,32.12,10.9,NON_POSIZIONABILE,0
951043468,HYALU B5 SIERO 30ML 2025,LAR,273.94,4,9,MAGAZZINO,1,156,,30.65,37.24,31.79,55,34.32,31.78,3.7,NON_POSIZIONABILE,0
034842031,SIMECRIN*24CPR MAST 120MG,SMR,273.87,5,10,grossista,0,400,,9.78,11.54,12.30,45,11.54,12.29,25.7,STANDALONE,0
023603018,PEVARYL*CREMA 30G 1%,PVY,273.83,8,19,MAGAZZINO,2,1224,,11.73,14.31,11.89,50,13.37,11.88,1.3,NON_POSIZIONABILE,0
923588709,XERATOP LIPOCREMA 200ML,"",273.77,1,10,grossista,0,181,7,23.36,27.21,29.61,29,26.63,29.60,26.7,STANDALONE,0
938493552,KERA' K2 CREMA 50ML,QKK,273.67,4,11,grossista,0,131,,22.94,27.52,25.23,42,26.15,25.22,9.9,NON_POSIZIONABILE,0
943082154,FITORODIOLA 60CPS,SLG,273.22,4,9,grossista,0,336,,22.74,27.28,24.70,44,25.92,24.69,8.6,NON_POSIZIONABILE,0
025634128,NUROFEN*12CPR RIV 400MG PVC/AL,NRF,273.04,6,44,grossista,0,709,,4.82,5.69,5.31,53,5.69,5.30,10.0,NON_POSIZIONABILE,0
952089439,KORNEAKER GEL 10G,"",272.89,3,9,grossista,0,142,,15.93,0.00,20.39,25,18.16,20.38,27.9,REINSERISCI_prezzo_fb,0
945298735,ASSONAL 30CPR,AAL,271.79,6,12,MAGAZZINO,1,324,,21.42,25.06,21.77,42,24.42,21.76,1.6,NON_POSIZIONABILE,0
925928350,SPEEDICATH COMP EVE D CH12 30P,CLP,270.91,3,3,grossista,0,12,1,70.05,81.76,81.78,25,78.46,81.77,16.7,STANDALONE,0
947096994,FOTOPROTECTOR INVISIBLE STICK,ISD,270.85,5,24,grossista,0,403,,14.10,17.35,16.31,44,16.07,16.30,15.6,VIA_PC,1.05
903071746,TROXIVEN 20CPR,"",270.82,3,8,grossista,0,163,,11.31,13.12,15.00,40,12.89,14.99,32.5,STANDALONE,0
950916155,NITRONAT PLUS ARANCIA 14BUST,"",270.72,2,2,grossista,0,100,,41.73,0.00,51.74,20,46.74,51.73,24.0,REINSERISCI_prezzo_fb,0
930768926,PEYRONEX 30CPR,ETR,270.30,2,6,MAGAZZINO,1,168,,24.71,30.02,25.20,35,28.16,25.19,1.9,NON_POSIZIONABILE,0
951863909,FARINGEL DIGEST 20CPR DEGLUTIB,"",270.27,2,6,grossista,0,811,,12.44,0.00,16.53,28,14.18,16.52,32.8,REINSERISCI_prezzo_fb,0
982981615,ANTHELIOS CREMA IDRAT UVM50+SP,LAR,269.73,7,20,grossista,0,371,,13.12,16.13,13.72,66,14.96,13.71,4.5,NON_POSIZIONABILE,0
989375845,KOSTEN 20BUST,"",269.60,3,6,grossista,0,62,,23.55,0.00,30.15,12,26.85,30.14,28.0,REINSERISCI_prezzo_fb,0
990149837,SPACCAPIETRA 180PAST,GIO,269.45,3,6,grossista,0,27,,23.53,0.00,30.12,18,26.82,30.11,28.0,REINSERISCI_prezzo_fb,0
975609456,CONFIS ULTRA 80CPR,CD7,269.36,3,5,grossista,0,760,,46.23,55.47,47.49,46,51.78,47.48,2.7,NON_POSIZIONABILE,0
941079030,ARTIKRILL DOL CANE 30PRL,1R2,269.27,4,11,grossista,0,185,7,12.39,14.61,16.32,52,14.12,16.31,31.6,STANDALONE,0
940037587,FUSION WATER MAGIC LIGHT SPF50,ISD,268.57,4,15,MAGAZZINO,1,131,,23.12,28.09,22.69,41,26.36,22.68,-1.9,NON_POSIZIONABILE,0
972141877,SNELLIFE EVOLUTION CPR,"",267.72,3,4,grossista,0,562,4,11.42,13.29,15.19,16,13.02,15.18,32.9,STANDALONE,0
974109288,CERAVE LOZIONE IDRATANTE 473ML,CV9,267.48,7,22,MAGAZZINO,2,1027,,10.25,12.61,13.79,70,11.68,13.78,34.4,STANDALONE,0
982945521,ARTELAC NIGHTTIME GEL 10G,ATC,267.29,4,13,grossista,0,137,9,10.82,12.52,12.01,30,12.33,12.00,10.9,NON_POSIZIONABILE,0
950061414,ADFQ10 30CPS,"",267.07,3,6,grossista,0,138,,14.17,0.00,18.29,22,16.15,18.28,29.0,REINSERISCI_prezzo_fb,0
924961360,FREESTYLE OPTIUM TEST STR 25PZ,FYL,266.55,2,8,MAGAZZINO,1,305,,10.08,11.99,11.66,36,11.49,11.65,15.6,VIA_PC,0.34
952112959,PROSTVIN 42CPS,"",266.32,2,4,grossista,0,25,,21.42,0.00,25.68,18,24.42,25.67,19.8,REINSERISCI_prezzo_fb,0
943018857,MAXTROFIC 30BUST,X8F,265.53,3,6,grossista,0,114,,25.77,30.15,27.46,33,29.38,27.45,6.5,NON_POSIZIONABILE,0
041906037,"ONILAQ*SMALTO UNGHIE 2,5ML+TAP",OIQ,265.09,5,12,MAGAZZINO,1,970,,23.11,28.20,21.79,49,26.35,21.78,-5.8,NON_POSIZIONABILE,0
932246857,TRIADE 800MG 30CPR EFFERV,TRI,264.62,5,13,grossista,0,2892,12,13.19,15.55,17.54,42,15.04,17.53,32.9,STANDALONE,0
951091711,BIOMAVET CANE 1500MG 12CPR,"",264.19,4,9,grossista,0,281,,12.07,0.00,16.04,26,13.76,16.03,32.8,REINSERISCI_prezzo_fb,0
939362568,ACUFEN PLUS 30CPR,ACF,263.91,3,5,grossista,0,620,,18.57,21.54,22.52,45,21.17,22.51,21.2,STANDALONE,0
930259724,BGSTAR STRISCE REATTIVE 25PZ,BGA,263.52,2,7,MAGAZZINO,21,4275,,9.64,11.47,13.11,44,11.37,13.10,35.9,STANDALONE,0
934315185,SAVEL LATTE VISO 200ML,BIO,263.29,5,12,grossista,0,501,8,11.13,13.12,14.29,43,12.69,14.28,28.3,STANDALONE,0
950017943,TORELLO PERFORM CAMP28BUST 2PZ,"",263.29,2,5,grossista,0,1,,49.86,0.00,60.25,12,55.84,60.24,20.8,REINSERISCI_prezzo_fb,0
988160471,ZZZQUIL SONNO SPRAY 30ML,VCK,263.17,7,11,MAGAZZINO,5,276,,7.92,9.74,12.04,55,9.35,12.03,51.9,STANDALONE,0
941735348,"EUMILL GOCCE OCULARI 20FL0,5ML",EUM,263.04,8,26,MAGAZZINO,1,602,,11.94,14.21,9.89,47,13.62,9.88,-17.3,NON_POSIZIONABILE,0
984621300,SWISSE MULTIVITAMINICO D 50+,SWI,263.04,6,12,grossista,0,118,,12.43,15.29,14.89,49,14.17,14.88,19.7,VIA_PC,0.41
949705735,BODY GLOW SPF30 200ML,ISD,262.89,3,14,grossista,0,66,,20.58,24.70,22.32,33,23.46,22.31,8.4,NON_POSIZIONABILE,0
938141191,UTICRAN MONO MAXI 60CPR,UBL,262.07,3,7,grossista,0,155,8,26.75,31.04,27.30,39,30.50,27.29,2.0,NON_POSIZIONABILE,0
944473711,OFTAROS SOL OFTALMICA 8ML,"",261.97,6,10,MAGAZZINO,1,143,,13.12,13.94,14.56,31,14.95,14.55,10.9,NON_POSIZIONABILE,0
926571466,WELLION LUNA 25 STRIPS,"",261.78,2,12,MAGAZZINO,1,121,,8.25,10.14,9.43,24,9.73,9.42,14.2,NON_POSIZIONABILE,0
940083443,EMORTROFINE ORO 14STICK,AGA,261.52,3,8,MAGAZZINO,1,212,,18.72,0.00,20.86,33,21.34,20.85,11.4,NON_POSIZIONABILE,0
912033673,FEMELLE 30CPS,FM1,261.50,4,14,MAGAZZINO,1,472,,13.35,16.43,16.19,63,15.22,16.18,21.2,VIA_PC,0.25
951134915,COLLAGEN SUPERDOSE JOINT 300ML,"",260.69,2,4,grossista,0,22,,20.86,0.00,21.59,18,23.78,21.58,3.5,NON_POSIZIONABILE,0
977633926,NUCLEODOL 30CPS,"",259.92,3,7,grossista,0,109,,18.03,20.91,21.95,31,20.55,21.94,21.7,STANDALONE,0
932519352,DITREVIT FORTE 15ML NF,D1V,259.75,3,12,MAGAZZINO,1,393,,13.88,16.39,14.99,55,15.83,14.98,7.9,NON_POSIZIONABILE,0
982005896,BIORITMON ENERGY DEFEND 14BUST,7UY,259.70,6,22,MAGAZZINO,16,1264,,6.72,8.27,9.45,66,7.93,9.44,40.5,STANDALONE,0
987406752,EIRENE 90CPR,"",257.99,4,10,grossista,0,264,6,22.17,25.83,27.44,33,25.27,27.43,23.7,STANDALONE,0
952055097,MEDOLEN PLUS 30CPR,"",257.29,2,7,grossista,0,61,,16.74,0.00,23.52,26,19.08,23.51,40.4,REINSERISCI_prezzo_fb,0
949477792,DICOFLOR IBSPLUS 30CPS,DLL,257.14,6,9,MAGAZZINO,1,420,,21.57,26.21,21.67,46,24.59,21.66,0.4,NON_POSIZIONABILE,0
970994911,CURASEPT BIOSMALTO PROT CARIE,CUR,256.96,10,38,grossista,0,1561,,4.70,5.59,5.20,52,5.55,5.19,10.4,NON_POSIZIONABILE,0
975922802,NUXE SUN LATTE DOPOS VI/C400ML,NUX,256.76,4,14,grossista,0,83,,18.70,22.44,19.52,24,21.32,19.51,4.3,NON_POSIZIONABILE,0
904426602,OSTEOSIL CALCIUM 60CPR,HMS,256.59,4,9,MAGAZZINO,1,127,,11.03,13.57,12.99,32,12.58,12.98,17.7,VIA_PC,0.59
974109151,CERAVE CREMA CONTORNO OCCH15ML,CV9,256.41,6,21,MAGAZZINO,1,693,,11.91,14.65,13.22,71,13.57,13.21,10.9,NON_POSIZIONABILE,0
979683733,EPATOFF 20CPR,B7F,256.37,2,10,MAGAZZINO,2,399,,16.16,19.63,19.93,40,18.42,19.92,23.3,STANDALONE,0
970441806,OLINORM GEL VAGINALE,"",256.24,4,10,grossista,0,261,7,16.74,19.79,20.02,30,19.08,20.01,19.5,STANDALONE,0
989372899,LEVIDOL FORTE 20BUST,"",255.75,2,4,MAGAZZINO,1,74,,25.61,31.11,31.85,22,29.19,31.84,24.3,STANDALONE,0
951807849,MNEME FOCUS 20STICK,"",255.49,2,4,grossista,0,33,,20.04,0.00,25.99,17,22.85,25.98,29.6,REINSERISCI_prezzo_fb,0
903705919,EUDREN CREMA 200ML,"",255.46,2,6,grossista,0,125,,21.08,24.67,25.20,36,24.03,25.19,19.5,STANDALONE,0
951047354,PSIPROTO MAMMA100CPR GASTRORES,"",255.46,2,6,grossista,0,203,,39.07,0.00,44.59,23,43.76,44.58,14.1,REINSERISCI_prezzo_fb,0
985774518,AGE INTERRUPTER ADVANCED 48ML,"",254.28,1,2,grossista,0,28,,141.97,170.37,147.70,30,159.01,147.69,4.0,NON_POSIZIONABILE,0
990064848,DIMAFLOREN 10FL 10ML,"",254.25,3,7,grossista,0,346,,11.85,0.00,15.69,31,13.51,15.68,32.3,REINSERISCI_prezzo_fb,0
938682616,ELASTAR SOLUZIONE OFTALMICA,DMG,254.23,2,7,grossista,0,106,3,12.34,14.28,16.39,43,14.07,16.38,32.7,STANDALONE,0
931096681,VIVIFLUX 20CPR,NZH,254.22,2,4,grossista,0,205,8,22.92,26.60,28.45,35,26.13,28.44,24.1,STANDALONE,0
986000406,ALLTEST TEST AG RAP STREPT 20P,"",254.10,3,5,grossista,0,50,,19.01,0.00,25.28,11,21.67,25.27,32.9,REINSERISCI_prezzo_fb,0
939193417,LINFOGUARD 14BUST,AMN,253.65,3,7,MAGAZZINO,1,282,,21.85,26.54,24.82,41,24.90,24.81,13.5,NON_POSIZIONABILE,0
980426023,VENACOR FORTE 30CPR,"",253.27,4,10,grossista,0,219,,15.03,17.43,19.90,39,17.13,19.89,32.3,STANDALONE,0
944902410,FOTOPROTECTOR HYDROLOTION,ISD,253.17,4,15,grossista,0,233,,20.56,24.67,21.59,51,23.44,21.58,5.0,NON_POSIZIONABILE,0
982736593,PREFOLIC FERRO 30CPR,ZAM,252.94,3,11,MAGAZZINO,1,213,,15.05,18.28,17.86,35,17.15,17.85,18.6,VIA_PC,0.43
989012543,FILORGA TIME FILLER NIGHT 5XP,F1G,252.83,2,6,grossista,0,217,,50.56,60.67,38.92,30,56.63,38.91,-23.0,NON_POSIZIONABILE,0
980124388,IMUNFER 30CPR,ZT0,252.62,3,7,grossista,0,241,,17.11,19.84,21.17,35,19.51,21.16,23.7,STANDALONE,0
038933038,ALLI*84CPS 60MG FL,ALY,252.13,4,4,grossista,0,57,,59.75,70.51,55.06,29,66.92,55.05,-7.9,NON_POSIZIONABILE,0
989018142,MAGNESIO SUPREMO POTASSIO+24BU,"",252.01,7,17,MAGAZZINO,1,431,,13.06,16.06,12.30,49,14.88,12.29,-5.9,NON_POSIZIONABILE,0
987904707,KALOIDON GEL CICATRICI 75ML,"",251.95,3,12,grossista,0,125,8,20.59,24.63,27.38,32,23.47,27.37,32.9,STANDALONE,0
930260500,IRIDIUM A MONODOSE 15FL,IDM,251.64,3,8,MAGAZZINO,1,311,,13.16,15.66,16.24,36,15.00,16.23,23.3,STANDALONE,0
939146650,TRIADE H 20BUST,TRI,250.70,5,14,grossista,0,3299,10,13.70,15.98,17.59,51,15.62,17.58,28.3,STANDALONE,0
988754281,RISCOL PLUS 60CPR,0Z9,249.59,1,4,grossista,0,73,,24.15,28.97,21.92,33,27.53,21.91,-9.3,NON_POSIZIONABILE,0
949966915,FOTOULTRA100 ACTIVE UNIFY 50+,ISD,248.98,3,11,grossista,0,1,,23.27,27.22,23.92,20,26.53,23.91,2.8,NON_POSIZIONABILE,0
978868091,CONNETTIVINASTICK LABBRA 3G,CTT,248.86,9,41,MAGAZZINO,1,963,,4.95,6.24,6.01,60,5.84,6.00,21.2,VIA_PC,0.24
906799794,CELLFOOD GOCCE 30ML,"",248.30,5,6,grossista,0,209,,31.94,38.33,33.88,48,35.77,33.87,6.0,NON_POSIZIONABILE,0
005982020,TOCALFA*20CPS MOLLI 50000UI+50,"",248.16,3,12,MAGAZZINO,1,291,,11.53,14.06,13.50,35,13.14,13.49,17.0,VIA_PC,0.57
941999082,PROLIFE PEDIATRICO 12FL 8ML,PRL,247.85,5,25,grossista,0,1029,,4.53,5.57,5.21,53,5.35,5.20,14.8,NON_POSIZIONABILE,0
943205359,DROPYAL EVO GTT OCULARI 10ML,DO8,247.74,4,14,grossista,0,716,,14.41,17.15,19.17,41,16.43,19.16,33.0,STANDALONE,0
990551069,UNA10 MEDIMAXI 10CPR DRN,"",247.50,4,11,grossista,0,185,,11.24,0.00,13.99,16,12.81,13.98,24.4,REINSERISCI_prezzo_fb,0
970150227,LINES SPEC LADY MAXI 12PZ,LIN,247.40,3,6,grossista,0,244,,5.69,0.00,7.16,31,6.71,7.15,25.7,REINSERISCI_prezzo_fb,0
987718970,LI GLA 20FL 10ML,"",247.39,3,6,grossista,0,36,,27.19,0.00,29.40,26,31.00,29.39,8.1,NON_POSIZIONABILE,0
904012960,MELCALIN VITA 1150G,3P3,247.23,3,6,grossista,0,180,7,26.48,30.99,29.47,29,30.19,29.46,11.3,NON_POSIZIONABILE,0
974036713,PUFATECH 100PRL,MMH,247.14,1,6,grossista,0,90,7,25.83,30.87,32.56,27,29.45,32.55,26.0,STANDALONE,0
979334632,AVEENO PN DETERGENTE INTIMO,AVN,246.87,7,33,MAGAZZINO,3,452,10,4.61,5.68,6.18,51,5.44,6.17,33.8,STANDALONE,0
039600073,SPIDIDOL*24CPR RIV 400MG,SPO,246.68,5,19,grossista,0,276,,7.83,9.24,8.69,38,9.24,8.68,10.9,NON_POSIZIONABILE,0
942900414,FOTOPROTECTOR HYDROOIL 200ML,ISD,246.50,3,14,grossista,0,130,,21.67,26.00,20.50,43,24.70,20.49,-5.4,NON_POSIZIONABILE,0
922265335,VITAMINA C PURA 180PAST,GIO,246.38,6,10,grossista,0,298,,14.84,18.25,18.62,47,16.92,18.61,25.4,STANDALONE,0
981044151,NORSAN OMEGA 3 KIDS CARAMELLIN,SS9,246.32,2,6,grossista,0,196,8,12.60,14.67,16.76,34,14.36,16.75,32.9,STANDALONE,0
983791221,DELTACRIN WNT SPR PHARCOS125ML,BDU,246.32,4,5,grossista,0,126,11,46.26,54.15,50.99,32,51.81,50.98,10.2,NON_POSIZIONABILE,0
986122048,PRESERVISION 3D 30CPS MOLLI,P1V,245.90,3,7,grossista,0,754,,21.01,25.21,24.01,41,23.95,24.00,14.2,VIA_PC,1.21
951035753,MAVOSTEN MAGNESIO 120CPS,5MO,245.52,4,6,grossista,0,44,,33.74,0.00,38.68,18,37.79,38.67,14.6,REINSERISCI_prezzo_fb,0
987856566,VIBRACELL 300ML,VBL,245.45,3,5,MAGAZZINO,1,383,,34.24,41.61,31.50,44,38.35,31.49,-8.0,NON_POSIZIONABILE,0
103647020,FRONTLINE COMBO*6PIP GATTI/FUR,FTN,245.42,3,7,grossista,0,252,,32.56,37.44,,,36.47,,,NO_SCRAPER_48h,0
942602665,MGK VIS ORANGE 30BUST,MGK,245.41,6,20,grossista,0,675,,9.99,11.89,11.43,57,11.79,11.42,14.3,NON_POSIZIONABILE,0
973352255,IS CREMA VISO ANTIETA' SPF50,VIC,245.38,4,21,MAGAZZINO,6,83,,15.25,17.84,14.12,39,17.39,14.11,-7.5,NON_POSIZIONABILE,0
990004083,COCOVITD+K2 20ML,"",245.32,2,5,grossista,0,33,,19.53,0.00,24.83,18,22.26,24.82,27.1,REINSERISCI_prezzo_fb,0
930856101,SAUGELLA ASSORBENTI GG 14PZ TP,SAU,244.51,9,34,MAGAZZINO,1,1484,,1.95,2.73,2.90,54,2.30,2.89,48.2,STANDALONE,0
970488829,KIJIMEA COLON IRRITABILE 28CPS,KJI,244.37,3,8,MAGAZZINO,1,44,,26.18,30.63,28.40,36,29.85,28.39,8.4,NON_POSIZIONABILE,0
951305388,BIOTENOR D 30CPS,"",243.30,2,6,MAGAZZINO,1,277,,25.61,0.00,32.76,22,29.19,32.75,27.9,REINSERISCI_prezzo_fb,0
911033278,MEPILEX MEDIC AS 10X10CM 5PZ,MPL,242.88,3,5,grossista,0,291,10,15.86,18.18,21.00,37,18.08,20.99,32.3,STANDALONE,0
989669837,DEFENCE SUN 50+ BB&KID LATTE,BNK,242.84,4,16,grossista,0,88,,13.20,16.24,12.80,43,15.05,12.79,-3.1,NON_POSIZIONABILE,0
989006871,HELIOCARE BRONZE ORALE 60CPS,HEL,242.55,5,9,grossista,0,98,,22.32,26.11,24.48,31,25.44,24.47,9.6,NON_POSIZIONABILE,0
950060689,ADIPOL 30BUST,6EY,242.46,1,2,grossista,0,45,5,16.36,20.64,23.04,16,18.65,23.03,40.8,STANDALONE,0
943865156,CHIRODIAB 30CPR TRISTRATO,LJ1,242.41,3,8,grossista,0,978,,19.07,22.32,20.01,43,21.74,20.00,4.9,NON_POSIZIONABILE,0
984163954,MECLON LENEX EMULGEL 50ML,M2O,242.35,7,12,MAGAZZINO,17,350,,12.05,14.83,16.35,57,13.74,16.34,35.6,STANDALONE,0
951463049,ACIDO IALURONICO 60PAST,GIO,242.34,2,4,grossista,0,62,,15.52,0.00,20.64,20,17.69,20.63,32.9,REINSERISCI_prezzo_fb,0
909468732,VALERIANA 30ML GTT HEEL,GNA,242.29,1,5,grossista,0,115,,15.86,19.03,17.52,39,18.08,17.51,10.4,NON_POSIZIONABILE,0
931153098,AQUACEL EXTRA HYDROFIBER 15X15,CNC,241.80,2,3,grossista,0,24,3,58.06,68.50,64.77,18,65.03,64.76,11.5,NON_POSIZIONABILE,0
951383761,PRINCIPIUM MAGNESIO CB50+ 90CP,PCM,241.62,3,7,grossista,0,347,,14.60,0.00,17.99,30,16.64,17.98,23.2,REINSERISCI_prezzo_fb,0
979131683,MIPROVEN 30CPR,MV5,241.18,4,6,grossista,0,34,,13.39,15.53,17.81,22,15.26,17.80,32.9,STANDALONE,0
986708194,TRICOMNIA OLIO RISTRUTTURANTE,XT0,241.12,3,5,grossista,0,41,7,10.81,12.64,13.59,24,12.32,13.58,25.6,STANDALONE,0
941543631,FLOGERIL FORTE 20BUST,FL0,240.55,5,14,MAGAZZINO,1,1063,,13.67,16.82,15.32,41,15.59,15.31,12.0,NON_POSIZIONABILE,0
950458240,DIMANN PEA 60CPR,"",240.20,2,6,grossista,0,2,,33.24,0.00,41.49,13,37.23,41.48,24.8,REINSERISCI_prezzo_fb,0
982596328,ZYMEREX GONFIORE PLUS 20CPR,YZX,239.70,6,19,grossista,0,477,14,7.58,8.92,8.98,39,8.94,8.97,18.3,STANDALONE,0
046539019,EUPHRALIA*30COLLIRIO MONODOSE,BRN,239.57,6,14,MAGAZZINO,1,298,,12.22,14.91,14.99,46,13.93,14.98,22.6,STANDALONE,0
971747389,AROMATOIL ORIGANO 50OPR,00G,238.98,2,13,grossista,0,71,,16.25,0.00,21.51,16,18.53,21.50,32.3,REINSERISCI_prezzo_fb,0
938121833,PRESERVISION 3 30CPS,P1V,238.92,3,7,grossista,0,301,,21.09,25.30,21.52,43,24.04,21.51,2.0,NON_POSIZIONABILE,0
975448756,HELIOCARE 360 MD AK FLUID 50ML,HEL,238.90,5,10,grossista,0,241,,19.26,22.54,20.12,44,21.96,20.11,4.4,NON_POSIZIONABILE,0
951042795,LACRISUN ANTIOX FL 10ML,"",238.82,2,7,grossista,0,148,,16.48,0.00,21.88,25,18.79,21.87,32.7,REINSERISCI_prezzo_fb,0
920368723,ONETOUCH VERIO GLICEMIA 25STR,ONO,238.53,3,10,grossista,0,1756,9,9.82,11.29,13.06,52,11.59,13.05,32.9,STANDALONE,0
930530593,DERMAFRESH P/ALLERG ALFA LATT,DEF,238.25,8,16,MAGAZZINO,2,27,,6.39,7.86,8.49,41,7.54,8.48,32.7,STANDALONE,0
986474486,SOFFISOF AIR DRY PANTS MAXI M,SFS,238.24,1,4,grossista,0,100,,7.32,0.00,9.74,16,8.64,9.73,32.9,REINSERISCI_prezzo_fb,0
037291097,CAREXIDIL*3FL SOLUZ CUT 60ML2%,"",236.86,2,4,grossista,0,28,7,33.12,40.10,37.67,31,37.09,37.66,13.7,VIA_PC,2.44
985007653,DIMASAL NF SALUGEA 60CPS VEG,"",236.73,3,5,grossista,0,75,7,39.94,46.15,41.00,27,44.73,40.99,2.6,NON_POSIZIONABILE,0
975350986,RESOURCE INSTANT PROTEIN 400G,NES,236.48,1,4,grossista,0,23,7,45.50,52.82,51.93,26,50.96,51.92,14.1,VIA_PC,0.90
939356578,TRISAL C 20BUST,DI4,236.13,2,5,grossista,0,120,10,12.25,14.21,15.80,29,13.97,15.79,28.9,STANDALONE,0
951106018,HEMOPRAN ENDORETTALI 7SUPPOSTE,"",236.10,4,7,grossista,0,148,,11.32,0.00,14.50,26,12.90,14.49,28.0,REINSERISCI_prezzo_fb,0
970225850,PEDIAMAG 10BUST,PED,236.06,4,7,MAGAZZINO,1,423,,14.97,17.96,17.75,40,17.07,17.74,18.5,VIA_PC,0.22
981964947,RILASTIL SUN PPT 50+ BRONZE NF,RIL,236.00,5,14,grossista,0,203,,13.71,16.87,14.11,46,15.63,14.10,2.8,NON_POSIZIONABILE,0
972472841,DUALCOL 30CPR,MMH,235.93,2,10,grossista,0,75,6,15.41,17.94,18.47,29,17.57,18.46,19.8,STANDALONE,0
972143147,URINET 30CPR FILMATE,"",235.45,2,4,grossista,0,45,10,21.07,24.22,27.89,32,24.02,27.88,32.3,STANDALONE,0
903987459,VEA DETERGENTE PROT/LENIT 250M,VEA,235.33,5,7,grossista,0,537,7,13.92,15.88,18.51,38,15.87,18.50,32.9,STANDALONE,0
951449216,TIOBEC 40BUST NF,"",235.32,3,7,grossista,0,216,,22.66,0.00,28.93,25,25.83,28.92,27.6,REINSERISCI_prezzo_fb,0
952051629,PROLAC CORDYCEPS 90CPR,"",235.32,2,5,grossista,0,40,,33.23,0.00,38.93,22,37.22,38.92,17.1,REINSERISCI_prezzo_fb,0
024352054,GAVISCON*24CPR MENTA 500+267MG,GVN,235.07,7,22,MAGAZZINO,2,256,,7.39,9.02,8.43,52,8.72,8.42,13.9,NON_POSIZIONABILE,0
935696916,AROE' 20STICK PACK MONOD,AR2,234.99,5,8,grossista,0,1322,9,13.17,15.14,16.19,53,15.01,16.18,22.9,STANDALONE,0
950219562,APOVARY 20CPS,6EY,234.82,3,8,grossista,0,150,9,17.29,20.25,23.00,26,19.71,22.99,33.0,STANDALONE,0
905080432,IMMUN'AGE FORTE 60BUST,NAD,234.75,2,2,grossista,0,510,,72.69,87.23,76.90,54,81.41,76.89,5.8,NON_POSIZIONABILE,0
930993276,ANONET LIQUIDO FOAMER 150ML,ANO,234.52,8,19,grossista,0,1260,,10.94,13.02,7.90,50,12.47,7.89,-27.9,NON_POSIZIONABILE,0
978843910,REMESCAR CORR RUGHE ISTANT,RE2,234.24,4,14,MAGAZZINO,7,1969,,21.30,25.88,20.86,33,24.28,20.85,-2.1,NON_POSIZIONABILE,0
987038320,HIFAS EQUILIBRIUM 60CPS,"",233.93,2,4,grossista,0,90,,32.55,0.00,38.10,21,36.46,38.09,17.0,REINSERISCI_prezzo_fb,0
972767370,BESAME 100 30CPR,CD7,233.92,3,8,grossista,0,141,,19.79,22.96,22.92,42,22.56,22.91,15.8,VIA_PC,0.05
951036161,ESIFAL PLUS 20STICK 15ML,"",233.25,4,5,grossista,0,225,,14.08,0.00,18.73,24,16.05,18.72,33.0,REINSERISCI_prezzo_fb,0
951364001,DIETFORMPIC 60CPS,"",233.21,1,4,grossista,0,142,,24.57,0.00,28.30,20,28.01,28.29,15.1,REINSERISCI_prezzo_fb,0
020051037,"FOILLE INSETTI*CREMA 15G 0,5%",FOE,233.20,9,34,MAGAZZINO,2,129,,5.24,6.39,6.42,53,6.18,6.41,22.3,STANDALONE,0
951338779,ACCIAIOVIS-T 180PAST,GIO,233.20,3,7,grossista,0,64,,27.42,0.00,31.78,17,31.26,31.77,15.9,REINSERISCI_prezzo_fb,0
941500769,CHIROTIR SELENIO 30CPR,"",232.94,3,8,grossista,0,192,,15.91,19.09,20.62,45,18.14,20.61,29.5,STANDALONE,0
971064201,METARELAX NEW 90CPR,MLX,232.84,6,11,grossista,0,427,,19.61,23.54,20.96,40,22.36,20.95,6.8,NON_POSIZIONABILE,0
988014357,CD36 ATEROMASE 45CPS,"",232.67,2,6,grossista,0,17,,18.70,0.00,24.53,18,21.32,24.52,31.1,REINSERISCI_prezzo_fb,0
988665600,DEFASIL 30STICK,MDN,232.64,2,7,MAGAZZINO,1,114,,17.64,21.44,22.49,34,20.11,22.48,27.4,STANDALONE,0
943815175,CARDIOLIPID 10 GREEN 30CPR RIV,"",232.44,3,5,grossista,0,100,6,17.93,21.45,23.85,29,20.44,23.84,33.0,STANDALONE,0
971736881,MIOACTIVA 30CPR,5XH,232.29,1,6,grossista,0,26,,19.60,22.74,25.71,23,22.34,25.70,31.1,STANDALONE,0
987681727,MELATONINA IBSA 30FILM ORALI,0BS,231.88,3,11,MAGAZZINO,6,605,,8.75,10.76,10.24,62,10.32,10.23,16.9,NON_POSIZIONABILE,0
971528171,TRIUM GOCCE OCULARI 10ML,TUM,231.68,6,16,grossista,0,323,9,14.27,16.61,18.98,39,16.27,18.97,32.9,STANDALONE,0
920097538,DERCOS SHAMPOO ENERG 400ML,VIC,231.45,5,16,grossista,0,592,,12.09,14.87,13.10,59,13.78,13.09,8.3,NON_POSIZIONABILE,0
952110423,TRIDERM BIPACK OLIO DOCCIA DET,BNK,231.45,3,7,grossista,0,43,,19.41,0.00,19.90,21,22.13,19.89,2.5,NON_POSIZIONABILE,0
984845925,VITAMINA D3 IBSA 1000UI 30FILM,0BS,231.07,6,15,MAGAZZINO,3,864,,8.75,10.76,10.22,59,10.32,10.21,16.7,NON_POSIZIONABILE,0
945185938,AXIMAGNESIO POLVERE 252G,SWB,230.17,3,7,grossista,0,43,,18.73,22.48,17.19,40,21.35,17.18,-8.3,NON_POSIZIONABILE,0
989814215,RILASTIL SUN SPF50 DRY TOUCH,RIL,229.97,5,13,grossista,0,24,,15.21,17.80,14.65,31,17.34,14.64,-3.7,NON_POSIZIONABILE,0
975535384,Q DIET PSYLLIUM PET POLVERE90G,QVT,228.91,5,11,grossista,0,7,5,10.92,12.81,13.81,27,12.45,13.80,26.4,STANDALONE,0
951050766,PREVIFLAN PLUS ENERGY 60CPR,"",228.89,2,4,grossista,0,33,,32.23,0.00,41.81,20,36.10,41.80,29.7,REINSERISCI_prezzo_fb,0
985713787,PURONERV DOL 60CPS,TLB,228.85,3,5,grossista,0,29,4,27.38,32.45,34.88,18,31.21,34.87,27.4,STANDALONE,0
977544814,VITAMINA D 4000UI 168CPR MAST,ME1,228.83,2,7,MAGAZZINO,1,829,,26.70,32.44,26.61,50,30.43,26.60,-0.4,NON_POSIZIONABILE,0
930045366,ADEFLUVINA RETARD 30CPR,VA1,228.50,2,5,MAGAZZINO,1,222,6,18.77,22.08,24.96,37,21.39,24.95,32.9,STANDALONE,0
972471902,BOWELL 14STICK OROSOLUBILI,OME,228.50,4,9,grossista,0,305,8,12.80,14.93,15.75,32,14.59,15.74,23.0,STANDALONE,0
906995776,INTAKE 10FL 10ML,"",227.70,4,4,grossista,0,211,,15.37,18.44,19.89,36,17.52,19.88,29.3,STANDALONE,0
904976141,BIODERM PASTA BARRIERA ZN500ML,BD1,227.56,3,8,grossista,0,118,10,19.00,22.50,21.90,25,21.66,21.89,15.2,VIA_PC,0.61
971483615,ANTHELIOS SPRAY INV VISO 50+,LAR,227.55,5,18,grossista,0,1327,,11.50,13.69,12.59,62,13.11,12.58,9.4,NON_POSIZIONABILE,0
923514549,VULVOVAGI SPRAY 20ML,BG0,227.36,3,7,grossista,0,214,10,17.56,20.52,20.70,33,20.02,20.69,17.8,STANDALONE,0
951366778,DICOFLOR GOCCE 6ML,DLL,226.71,4,10,MAGAZZINO,1,1527,,14.64,18.01,16.60,46,16.69,16.59,13.3,NON_POSIZIONABILE,0
989669825,DEFENCE SUN 50+ BB&KID FLUIDO,BNK,226.04,5,16,grossista,0,218,,13.19,16.22,12.79,40,15.04,12.78,-3.1,NON_POSIZIONABILE,0
983039936,AVENE SOL CREMA SPF50+ S/PROF,AVE,225.49,7,20,MAGAZZINO,1,321,,9.88,11.97,12.59,54,11.66,12.58,27.3,STANDALONE,0
978271726,EZIMEGA3 20CPR,EZI,225.47,2,5,grossista,0,286,,16.64,19.31,20.77,48,18.97,20.76,24.8,STANDALONE,0
987380185,MAGNESIO SUPREMO 20STICK,NPO,224.87,6,18,MAGAZZINO,10,1113,,10.26,12.62,14.55,59,11.70,14.54,41.7,STANDALONE,0
951615261,REUMADEP 45CPS,RUP,224.79,1,4,grossista,0,81,,23.91,0.00,30.64,30,27.26,30.63,28.1,REINSERISCI_prezzo_fb,0
989677505,EVEXIA FAST GOCCE 40ML,CD7,224.76,4,8,grossista,0,757,,23.74,28.49,27.18,30,27.06,27.17,14.4,VIA_PC,1.32
951090339,DASUQUIN S/M CANI <25KG 80CPR,"",224.55,1,4,grossista,0,6,,48.25,0.00,58.30,16,54.04,58.29,20.8,REINSERISCI_prezzo_fb,0
983040130,VIDERMINA LUBRIPIU' OVULI VAG,VID,224.43,6,14,MAGAZZINO,2,1250,,12.50,15.37,14.06,50,14.25,14.05,12.4,NON_POSIZIONABILE,0
986112720,CARTILAGEA SALUGEA 18FL,S0U,224.41,2,3,grossista,0,47,8,34.93,40.51,41.09,34,39.12,41.08,17.6,STANDALONE,0
939928127,RETINCARE 30ML,DCO,224.32,3,7,grossista,0,152,,29.62,35.55,33.79,47,33.77,33.78,14.0,VIA_PC,1.77
985001433,ACUMAFERT 20BUST,"",224.17,2,4,grossista,0,102,7,23.89,30.43,31.63,15,27.23,31.62,32.4,STANDALONE,0
976391159,SENSIVEN 50+ 50ML,SF8,224.12,6,9,MAGAZZINO,1,621,,20.08,24.40,24.46,40,22.89,24.45,21.8,STANDALONE,0
951318245,UROBERRY 72 10BUST,"",224.09,3,4,grossista,0,26,,15.86,0.00,22.31,25,18.08,22.30,40.6,REINSERISCI_prezzo_fb,0
951459799,ISTAMINSOL 30CPS,HN0,224.00,3,9,grossista,0,66,,19.13,0.00,21.38,15,21.81,21.37,11.7,NON_POSIZIONABILE,0
945055073,PRINCIPIUM FLORBIOMA 24CPR,PCM,223.62,4,10,grossista,0,426,4,10.37,12.07,13.88,39,11.82,13.87,33.8,STANDALONE,0
951269531,URELAX FLOGO 60CPR,"",223.60,3,6,grossista,0,205,,19.61,0.00,25.55,32,22.36,25.54,30.2,REINSERISCI_prezzo_fb,0
985683984,PESO STOP BRUCIA GRASSI 80CPR,ERV,223.45,2,12,grossista,0,44,,14.15,17.40,15.19,28,16.13,15.18,7.3,NON_POSIZIONABILE,0
985670898,MICO FIVE 70CPS,FND,223.37,2,4,grossista,0,4,6,44.22,50.99,48.00,20,49.53,47.99,8.5,NON_POSIZIONABILE,0
024964037,NIZORAL*CREMA DERM 30G 2%,NIZ,223.27,5,15,grossista,0,355,7,10.20,12.08,12.59,44,11.63,12.58,23.3,STANDALONE,0
935812382,EPACLIN PLUS 30CPS,MYH,223.22,4,8,MAGAZZINO,1,287,,19.12,23.23,22.94,35,21.79,22.93,19.9,VIA_PC,0.30
943330353,MASSIGEN VITAMINA D 2000 UI,MSG,223.04,6,28,MAGAZZINO,1,559,,5.57,7.24,5.96,46,6.57,5.95,6.8,NON_POSIZIONABILE,0
940321476,AFROGIN 30CPR,SHD,222.92,3,8,grossista,0,180,9,17.82,20.47,21.54,35,20.31,21.53,20.8,STANDALONE,0
987867797,ZREEN VITAMINA D3 P 5000 20ML,ZRV,222.88,3,8,grossista,0,92,,26.64,0.00,33.92,24,30.37,33.91,27.3,REINSERISCI_prezzo_fb,0
987055860,COLLIRIO ALFA IDRATANTE 10F,CFA,222.78,8,35,MAGAZZINO,30,169,,4.49,5.66,7.01,60,5.30,7.00,55.9,STANDALONE,0
947323832,FLEBOMIX MICROCIRCOLO 30CPR,AI0,222.75,2,6,grossista,0,35,6,15.48,18.34,20.50,23,17.65,20.49,32.4,STANDALONE,0
042028047,OKITASK*20CPR RIV 40MG,OKI,222.55,7,25,MAGAZZINO,2,119,,6.29,7.68,8.15,52,7.42,8.14,29.4,STANDALONE,0
971141193,CEBION MAST ARANCIA VIT C20CPR,CEB,222.44,6,18,grossista,0,126,,4.71,5.79,6.11,72,5.56,6.10,29.5,STANDALONE,0
951459775,GYMNESOL NEW 48CPR,HN0,222.22,2,7,grossista,0,30,,12.82,0.00,15.37,26,14.61,15.36,19.8,REINSERISCI_prezzo_fb,0
950247991,SINERCI VITAMINA C SINER 2VASI,CEN,221.89,3,4,MAGAZZINO,6,59,1,27.50,34.14,35.00,23,31.35,34.99,27.2,STANDALONE,0
985592260,RILASTIL SUN SYS BB LATTE 50+,RIL,221.82,2,13,grossista,0,70,,18.32,21.44,14.53,36,20.88,14.52,-20.7,NON_POSIZIONABILE,0
990540421,ANEDOX 30CPR,A2X,221.16,4,7,grossista,0,190,,19.35,0.00,25.29,31,22.06,25.28,30.6,REINSERISCI_prezzo_fb,0
935982785,MELAMIL TRIPTO HUMANA 30ML,HUM,221.13,2,9,MAGAZZINO,1,326,,19.72,23.91,22.24,53,22.48,22.23,12.7,NON_POSIZIONABILE,0
989669888,DEFENCE SUN 50+ LATTE FLU200ML,BNK,220.61,6,17,grossista,0,160,,11.61,14.29,14.95,40,13.24,14.94,28.7,STANDALONE,0
981042916,RILASTIL SUN PPT 50+ LATTE VEL,RIL,219.95,7,14,grossista,0,121,,14.03,17.26,14.46,51,15.99,14.45,3.0,NON_POSIZIONABILE,0
985592916,ANACAPS REACTIV CAP OCCAS30CPS,DUC,219.82,2,5,grossista,0,176,,16.51,19.81,16.08,42,18.82,16.07,-2.7,NON_POSIZIONABILE,0
947074062,RILASTIL SUN SYS LTT DOPO400ML,RIL,219.64,5,16,grossista,0,160,,13.51,16.61,14.59,37,15.40,14.58,7.9,NON_POSIZIONABILE,0
952126124,ULTRA PEP BRUCIAGRASSI FT NEW,UPP,219.64,2,3,grossista,0,68,,21.54,0.00,28.19,21,24.56,28.18,30.8,REINSERISCI_prezzo_fb,0
939152548,DAGA 30CPR,DAA,219.08,1,5,grossista,0,120,8,17.38,21.20,22.19,28,19.81,22.18,27.6,STANDALONE,0
924317264,DRUSENOFF 30CPR,OFH,219.00,2,6,MAGAZZINO,1,487,,17.42,21.17,20.08,44,19.86,20.07,15.2,VIA_PC,1.10
980340475,"CURASEPT COLL0,12 200MLADS+DNA",CUR,219.00,7,25,MAGAZZINO,6,2638,,5.44,6.69,7.23,70,6.42,7.22,32.7,STANDALONE,0
984513895,TROSPATA 500 20BUST,"",218.48,2,4,grossista,0,27,8,20.69,25.18,25.99,22,23.59,25.98,25.6,STANDALONE,0
942610128,CALCOREL CCS 20BUST,HLU,218.08,1,4,grossista,0,152,7,16.09,18.74,21.40,28,18.34,21.39,32.9,STANDALONE,0
947074011,RILASTIL SUN SYS TRANSP SPF15,RIL,217.92,4,12,grossista,0,222,,13.79,16.41,14.26,46,15.72,14.25,3.3,NON_POSIZIONABILE,0
925336416,AQUACEL AG+ EXTRA 5X5CM 10PZ,AQC,217.86,2,5,grossista,0,298,4,34.88,39.28,35.98,32,39.07,35.97,3.1,NON_POSIZIONABILE,0
985723675,PEDIAVIT GOCCE 15ML,9PD,217.82,3,8,grossista,0,367,5,13.60,15.83,17.75,36,15.50,17.74,30.4,STANDALONE,0
951269505,MIGRATENS 14BUST,"",217.52,5,6,grossista,0,112,,17.58,0.00,23.10,25,20.04,23.09,31.3,REINSERISCI_prezzo_fb,0
900109442,POLASE SPORT 10BUST,POE,217.49,5,12,grossista,0,332,,12.09,14.87,12.89,38,13.78,12.88,6.5,NON_POSIZIONABILE,0
925329500,ALOEVERA2 SUCCO P ALOE DO CONC,AV2,217.24,3,9,grossista,0,543,,13.86,17.05,14.86,50,15.80,14.85,7.1,NON_POSIZIONABILE,0
984654285,FERROSTICK 30STICK,"",216.96,3,4,grossista,0,19,7,16.35,19.27,21.75,22,18.64,21.74,33.0,STANDALONE,0
975519240,MAVOSTEN 20CPR,5MO,216.61,3,4,MAGAZZINO,1,200,,27.12,32.95,30.09,45,30.91,30.08,10.9,NON_POSIZIONABILE,0
016242149,BENAGOL*36PAST MIELE LIMONE,BEG,216.39,8,21,MAGAZZINO,2,191,,8.39,10.24,9.62,46,9.90,9.61,14.5,NON_POSIZIONABILE,0
942531296,SUPERCOLON 30CPR,NPS,216.36,2,6,grossista,0,100,2,19.12,22.18,25.03,25,21.80,25.02,30.9,STANDALONE,0
980299729,"CURASEPT COLL0,05 200MLADS+DNA",CUR,216.33,4,13,MAGAZZINO,1,840,,5.33,6.34,7.14,65,6.29,7.13,33.8,STANDALONE,0
980812554,MINICLIS ADULTI 9G 12MICROCLIS,M3C,216.03,7,19,MAGAZZINO,1,1376,,5.23,6.22,5.41,27,6.17,5.40,3.3,NON_POSIZIONABILE,0
951385246,DICOFLOR 60 30CPS,DLL,215.97,4,10,grossista,0,924,,17.93,21.52,21.85,39,20.44,21.84,21.8,STANDALONE,0
952121073,CICLYDAN 30CPR,"",215.76,1,8,grossista,0,127,,17.95,0.00,23.61,22,20.46,23.60,31.5,REINSERISCI_prezzo_fb,0
989813415,GLOBIFER 40CPR,"",215.76,5,8,MAGAZZINO,1,529,,18.22,22.13,22.34,29,20.77,22.33,22.6,STANDALONE,0
951564196,DERCOS TECHNIQUE SH A/FORF GR,VIC,215.69,4,13,grossista,0,76,,16.29,0.00,16.93,27,18.57,16.92,3.9,NON_POSIZIONABILE,0
981498987,ROC SOLARE CORPO 30 IDRATANTE,ROC,215.34,4,24,grossista,0,52,,13.63,16.22,12.50,26,15.54,12.49,-8.4,NON_POSIZIONABILE,0
977662042,AVENE CICALFATE+CR RISTRU100ML,AVE,215.23,7,15,grossista,0,783,,13.47,16.03,16.10,57,15.36,16.09,19.5,STANDALONE,0
906496928,PROXEED NF 20BUST,P07,215.09,1,2,grossista,0,100,2,29.90,37.87,39.78,11,34.09,39.77,33.0,STANDALONE,0
941113300,VENAPLUS 30CPR,"",214.99,2,3,grossista,0,99,6,20.53,23.96,26.73,31,23.40,26.72,30.2,STANDALONE,0
041962034,ASPIRINA DOLORE INF*20CPR500MG,ASR,214.98,8,25,MAGAZZINO,12,366,,6.05,7.38,8.03,56,7.14,8.02,32.6,STANDALONE,0
924415235,SUPRADYN ENERGY 70CARAM,SPY,214.69,9,17,MAGAZZINO,5,322,,9.13,11.23,11.45,66,10.77,11.44,25.3,STANDALONE,0
950952768,PUROFLOG SOLUZIONE OFT 10ML,"",214.33,4,7,grossista,0,289,,11.77,0.00,15.65,26,13.42,15.64,32.9,REINSERISCI_prezzo_fb,0
903412435,MIRTILLO PLUS SUCCO CONC 100ML,ABO,214.25,2,2,grossista,0,83,,19.59,23.51,21.46,40,22.33,21.45,9.5,NON_POSIZIONABILE,0
950845077,APOSER 30CPS VEGETALI,"",214.06,2,5,grossista,0,62,,15.65,0.00,22.25,13,17.84,22.24,42.1,REINSERISCI_prezzo_fb,0
971064225,METARELAX NEW 40BUST,MLX,214.05,4,9,grossista,0,312,,19.16,22.59,21.56,41,21.84,21.55,12.5,NON_POSIZIONABILE,0
983750377,NUTRAMET FIBRA 320G,U07,213.97,3,7,grossista,0,178,6,18.49,21.55,22.39,34,21.08,22.38,21.0,STANDALONE,0
922250156,DMG-GOLD 50ML,EBL,213.92,2,5,grossista,0,153,,23.17,26.87,24.50,36,26.41,24.49,5.7,NON_POSIZIONABILE,0
989669799,DEFENCE SUN 30 SPRAY 200ML,BNK,213.86,5,19,grossista,0,91,,13.96,0.00,12.79,45,15.91,12.78,-8.5,NON_POSIZIONABILE,0
909463008,RECKEWEG VC15 FORTE 24F OS,RCK,213.69,4,6,grossista,0,106,,33.70,40.45,33.83,40,37.74,33.82,0.4,NON_POSIZIONABILE,0
931052500,XVENO 30CPR,0LS,213.34,1,7,grossista,0,114,8,14.55,17.09,19.35,22,16.59,19.34,32.9,STANDALONE,0
022816072,"SOMATOLINE*EMULS 15BS 0,1+0,3%",SOM,213.08,4,9,grossista,0,25,,23.01,27.15,22.03,30,26.23,22.02,-4.3,NON_POSIZIONABILE,0
904436146,CONFORM2 PLACCA 70MM R13-57 5P,HOL,212.36,3,3,grossista,0,24,8,13.88,15.98,18.46,24,15.82,18.45,32.9,STANDALONE,0
931661870,ANDROCLEAN DET INTIMO MASCHILE,"",212.36,4,7,grossista,0,167,,16.98,19.87,19.80,36,19.36,19.79,16.5,VIA_PC,0.08
935662623,SUPRADYN RICARICA 50+ 30CPR,SPY,211.95,5,14,MAGAZZINO,4,378,,13.00,15.99,16.59,73,14.82,16.58,27.5,STANDALONE,0
985496773,PROCTOLYN INTEGRA PL FT 14BUST,PTY,211.86,2,11,grossista,0,190,,11.42,14.04,10.94,37,13.02,10.93,-4.3,NON_POSIZIONABILE,0
933151209,BETOTAL 40CPR,BET,211.74,4,12,MAGAZZINO,9,2198,,14.63,18.00,18.39,73,16.68,18.38,25.6,STANDALONE,0
983332976,PRODEFEN D PLUS 10BUST,ITL,211.55,2,7,grossista,0,176,,14.00,17.22,13.47,44,15.96,13.46,-3.9,NON_POSIZIONABILE,0
951305376,BIOTENOR 30CPS,"",211.41,1,4,grossista,0,198,,26.04,0.00,33.33,21,29.69,33.32,28.0,REINSERISCI_prezzo_fb,0
906175827,"EUMILL GOCCE OCULARI 10FL0,5ML",EUM,210.96,7,35,MAGAZZINO,57,755,,5.06,6.03,5.47,70,5.97,5.46,7.9,NON_POSIZIONABILE,0
947022051,OSTEO SUPPLEMENT 120TAV,SLG,210.51,2,5,grossista,0,215,7,28.40,33.06,33.17,39,32.38,33.16,16.8,STANDALONE,0
982475333,SERENITY PANTS SD SENS EX L 12,SER,210.50,1,4,grossista,0,150,9,8.74,10.38,11.51,27,10.31,11.50,31.6,STANDALONE,0
938766793,GLUCOFIX TECH SENSOR 25STR,"",210.45,3,10,grossista,0,536,8,9.87,11.64,13.13,28,11.65,13.12,32.9,STANDALONE,0
971375795,SUSTENIUM MG K 28BUST PROMO,SUS,210.37,7,28,grossista,0,158,,6.55,8.05,8.39,47,7.73,8.38,27.9,STANDALONE,0
951043544,VITREO START 30STICKPACK TB,"",210.29,2,7,grossista,0,175,,16.83,0.00,22.38,22,19.19,22.37,32.9,REINSERISCI_prezzo_fb,0
931010589,ACIDIF PLUS 14CPR,"",210.13,2,5,grossista,0,632,,16.07,19.29,19.99,44,18.32,19.98,24.3,STANDALONE,0
947244644,CAROBIN PET FORTE PASTA 30G,NBF,209.94,4,10,grossista,0,195,9,13.26,15.44,17.25,51,15.12,17.24,30.0,STANDALONE,0
930010133,MD-KNEE ITALIA 10FL INIETT 2ML,GNA,209.88,3,3,grossista,0,5,6,67.86,78.42,73.32,31,76.00,73.31,8.0,NON_POSIZIONABILE,0
909468555,NUX VOMICA HOMAC 30ML GTT HEEL,GNA,209.80,4,12,grossista,0,205,,13.32,15.85,14.94,42,15.18,14.93,12.1,NON_POSIZIONABILE,0
984805174,VISTA SANA 100PAST,GIO,209.73,5,7,grossista,0,84,6,14.94,17.58,19.87,26,17.03,19.86,32.9,STANDALONE,0
951388659,BIANUTRIS POLVERE SOLUB 14BUST,"",209.69,2,5,grossista,0,14,,33.07,0.00,41.71,13,37.04,41.70,26.1,REINSERISCI_prezzo_fb,0
931472132,REFALGIN 20CPR FILMATE DEGLUT,RLL,209.44,2,8,grossista,0,544,8,9.08,10.57,11.34,35,10.71,11.33,24.8,STANDALONE,0
938212370,POLASE ARANCIA 36BUST,POE,209.42,4,9,grossista,0,237,,18.84,22.61,18.93,34,21.48,18.92,0.4,NON_POSIZIONABILE,0
974031407,UROIAL 14STICK PACK,S&R,208.98,5,7,MAGAZZINO,1,610,,16.36,19.87,17.10,46,18.65,17.09,4.5,NON_POSIZIONABILE,0
947322044,INOSIT U10 400ML,BIO,208.96,2,7,grossista,0,196,,20.23,24.27,24.46,40,23.06,24.45,20.9,STANDALONE,0
952055453,PROTISPRINT 450G,PR3,208.68,2,3,grossista,0,25,,49.75,0.00,58.71,23,55.72,58.70,18.0,REINSERISCI_prezzo_fb,0
944628825,PELVIXAN 30CPR RIVESTITE,DMY,208.62,3,6,grossista,0,208,,21.14,24.53,26.96,27,24.10,26.95,27.5,STANDALONE,0
990041612,NUCRON PLUS 14STICK 3G,"",208.26,3,7,grossista,0,45,,11.01,0.00,17.44,13,12.55,17.43,58.3,REINSERISCI_prezzo_fb,0
936092624,LAURIDYL 20CPS,"",207.67,2,5,grossista,0,114,6,16.93,19.95,21.60,23,19.30,21.59,27.5,STANDALONE,0
976332561,ESI BIOCOLLAGENIX 120CPR,ESI,207.50,5,8,grossista,0,207,,18.03,20.91,19.54,59,20.55,19.53,8.3,NON_POSIZIONABILE,0
951332319,ALIAMED 20BUST,"",207.46,3,4,grossista,0,245,,22.03,0.00,29.30,26,25.11,29.29,33.0,REINSERISCI_prezzo_fb,0
984815454,NUTRIZYM 60CPS,"",207.07,3,9,grossista,0,101,,15.13,17.55,19.99,47,17.25,19.98,32.1,STANDALONE,0
981239383,ESPERIVIT Q 100 30TAV,VDA,206.97,4,5,grossista,0,3000,9,21.43,24.89,26.96,49,24.43,26.95,25.8,STANDALONE,0
951862972,URYVET EVO 1500 32CPR,DR2,206.81,3,7,grossista,0,91,,14.15,0.00,18.82,27,16.13,18.81,32.9,REINSERISCI_prezzo_fb,0
942602614,MGK VIS ORANGE 15BUST,MGK,206.48,4,19,grossista,0,543,15,5.60,6.58,7.41,50,6.61,7.40,32.1,STANDALONE,0
935054914,MERIDOL COLLUTORIO 400ML,MRD,206.46,6,18,MAGAZZINO,1,747,,4.58,5.77,5.80,63,5.40,5.79,26.4,STANDALONE,0
932239080,POLIMAG FAST 20STICK PACK,LJ1,206.22,4,11,MAGAZZINO,1,844,,10.10,12.42,13.19,49,11.51,13.18,30.5,STANDALONE,0
930874134,BROMACETIL 600 15CPR EFFERV,BRM,206.17,5,11,MAGAZZINO,1,555,,12.27,15.09,15.35,48,13.98,15.34,25.0,STANDALONE,0
951337005,FIBROMIODOL 40CPR,"",205.37,2,4,grossista,0,59,,24.75,0.00,33.09,20,28.22,33.08,33.7,REINSERISCI_prezzo_fb,0
984905947,MSM ORGANIC 120CPS,NAC,205.26,4,12,grossista,0,67,,11.43,0.00,16.76,17,13.03,16.75,46.5,REINSERISCI_prezzo_fb,0
982483556,BREATHE RIGHT CLASSICI 30PZ,"",205.13,4,8,MAGAZZINO,8,901,4,14.34,16.69,20.71,48,16.34,20.70,44.4,STANDALONE,0
905387066,COLONFIT ADVANCE ARANCIA20BUST,"",204.94,4,8,grossista,0,662,5,10.12,11.86,13.42,30,11.54,13.41,32.5,STANDALONE,0
989303464,KUKIDENT ULTIMATE FRESCO BIPAC,KUK,204.93,3,9,MAGAZZINO,7,110,,17.01,19.90,21.35,29,19.39,21.34,25.5,STANDALONE,0
951864774,MIOCARE 20BUST,"",204.88,1,3,grossista,0,129,,28.20,0.00,35.93,27,32.15,35.92,27.4,REINSERISCI_prezzo_fb,0
989047687,KIJIMEA FLORACARE 28CPS,KJI,204.78,3,8,grossista,0,98,8,24.01,27.87,28.23,25,27.37,28.22,17.5,STANDALONE,0
037645013,VOLTALGAN*SCHIUMA CUT 50G 3%,VHG,204.75,6,14,grossista,0,437,,11.57,13.66,12.28,53,13.19,12.27,6.1,NON_POSIZIONABILE,0
904734643,RINOWASH KIT AZZ CAMPANA UNIV,OWH,204.34,3,8,grossista,0,504,9,23.08,26.35,26.33,51,26.31,26.32,14.0,VIA_PC,0.03
926417559,PEDIALUT GOCCE 5ML,PED,204.17,3,4,grossista,0,220,2,14.28,16.50,18.99,48,16.28,18.98,32.9,STANDALONE,0
939605046,GLUCOMEN AREO SENSOR STR 50PZ,GCO,204.05,4,6,MAGAZZINO,1,772,,20.18,23.61,23.32,36,23.00,23.31,15.5,VIA_PC,0.30
939312841,OMNISKIN 500 CREMA 500ML,KRY,203.65,7,17,grossista,0,307,,11.04,13.14,11.89,50,12.59,11.88,7.6,NON_POSIZIONABILE,0
900469711,NIKE CK ASCORB K 200BUST,"",203.44,3,5,grossista,0,238,9,23.91,28.14,28.36,32,27.26,28.35,18.6,STANDALONE,0
924825490,PALINGEN CREMA 30G,"",203.22,2,3,grossista,0,230,,18.71,21.71,23.21,31,21.33,23.20,24.0,STANDALONE,0
982947451,CAPITAL SPRAY SPF50+ 200ML,VIC,203.07,2,18,grossista,0,89,,16.43,19.23,14.75,43,18.73,14.74,-10.3,NON_POSIZIONABILE,0
932084890,NORMOIMMUNO 30CPS,A4D,202.78,4,8,grossista,0,779,7,15.09,17.80,19.79,33,17.20,19.78,31.1,STANDALONE,0
983513767,KUKIDENT PLUS BARRI A/CIBO 57G,KUK,202.54,8,14,MAGAZZINO,102,1495,,7.86,9.66,11.19,56,9.27,11.18,42.2,STANDALONE,0
950150641,BIOSCALIN TOTAL CARE 90CPR,BIS,202.50,1,3,MAGAZZINO,5,184,,38.40,44.93,40.35,42,43.01,40.34,5.1,NON_POSIZIONABILE,0
027377023,PROCTOSOLL*CREMA RETT 30G OTC,PLL,202.34,7,20,MAGAZZINO,2,2031,,6.83,8.33,8.21,57,8.06,8.20,20.1,VIA_PC,0.13
942692423,DUOLIVER PLUS 24CPR,BUE,202.21,2,4,MAGAZZINO,1,629,,21.77,26.45,24.73,42,24.82,24.72,13.6,NON_POSIZIONABILE,0
950249920,PHYSIOMANCE OVOSITOL 180CPS,0Z1,202.18,3,3,grossista,0,53,,32.59,0.00,41.49,19,36.50,41.48,27.3,REINSERISCI_prezzo_fb,0
947140493,"SOAVEMIN INTIMO DET 4,5 250ML","",202.12,4,8,grossista,0,111,,11.55,0.00,13.35,23,13.17,13.34,15.5,REINSERISCI_prezzo_fb,0
940009929,CELLULIZ 50BUST,"",202.03,2,7,grossista,0,19,,23.64,0.00,30.26,15,26.95,30.25,28.0,REINSERISCI_prezzo_fb,0
911974448,CITOGENEX 30CPS,BRH,201.83,4,6,grossista,0,109,,20.04,24.05,22.39,51,22.85,22.38,11.7,NON_POSIZIONABILE,0
988148134,MENCALIM HP 30CPS,"",201.83,6,10,grossista,0,315,6,13.55,15.77,16.16,28,15.45,16.15,19.2,STANDALONE,0
974058149,15 GLYCO CANOVA 150ML,SF8,201.60,3,5,grossista,0,56,5,29.99,34.84,38.29,28,34.19,38.28,27.6,STANDALONE,0
021925045,"PROCTOLYN*10SUPP 0,1MG+10MG",PTY,201.52,3,8,MAGAZZINO,2,191,,7.52,9.18,8.88,43,8.88,8.87,18.0,NON_POSIZIONABILE,0
987747829,LIFTACTIV COLLAGEN S CONT OCCH,VIC,201.48,5,8,grossista,0,95,,25.19,29.48,24.79,47,28.72,24.78,-1.6,NON_POSIZIONABILE,0
989045707,REVEE OIL FACE&BODY 100ML,"",201.33,3,6,grossista,0,35,,27.01,0.00,35.00,21,30.79,34.99,29.5,REINSERISCI_prezzo_fb,0
984785156,NEO PECIA FT 60CPR DIETALINEA,BKN,201.30,3,4,grossista,0,84,6,21.62,26.07,26.97,32,24.65,26.96,24.7,STANDALONE,0
984320022,ANACAPS EXPERT CAP/UN 3X30CPS,DUC,201.25,3,5,grossista,0,63,,44.14,52.97,39.39,26,49.44,39.38,-10.8,NON_POSIZIONABILE,0
951863024,HORMONIZE 60CPS,"",201.04,1,5,grossista,0,8,,23.23,0.00,27.37,24,26.48,27.36,17.8,REINSERISCI_prezzo_fb,0
942826583,RETIZIN 28CPR DEGLUT GASTRORES,"",200.58,4,7,grossista,0,219,10,18.61,21.86,20.27,44,21.22,20.26,8.9,NON_POSIZIONABILE,0
985483130,BIRETIX ISOREPAIR CREMA 50ML,BRT,200.46,4,8,grossista,0,190,8,15.57,18.25,18.84,33,17.75,18.83,20.9,STANDALONE,0
951043470,HYALU B5 CREMA VASO 50ML,LAR,200.41,4,6,grossista,0,191,,30.43,34.99,32.39,51,34.08,32.38,6.4,NON_POSIZIONABILE,0
987772542,COENZIMA Q10 100PAST,GIO,200.03,3,7,grossista,0,157,,21.35,0.00,26.25,25,24.34,26.24,22.9,REINSERISCI_prezzo_fb,0
990088445,BIOFLOR FORTE 30CPS VEGETALI,SLG,199.85,3,3,grossista,0,129,,22.64,0.00,28.52,24,25.81,28.51,25.9,REINSERISCI_prezzo_fb,0
979369840,NUTRIAGE EYE BALM 15ML,DCO,199.40,4,7,grossista,0,288,7,20.84,24.17,26.28,49,23.76,26.27,26.1,STANDALONE,0
980807224,MAGNESIO MIX 60CPS,GHS,199.11,3,6,grossista,0,40,4,16.59,19.43,19.65,26,18.91,19.64,18.4,STANDALONE,0
983173434,SERENITY PANTS SD BF EX S 14PZ,SER,199.10,1,2,grossista,0,16,,10.49,0.00,12.97,23,11.96,12.96,23.5,REINSERISCI_prezzo_fb,0
941581389,ARTROBOS 14BUST,UBL,199.01,2,6,MAGAZZINO,1,227,,14.64,18.01,18.90,37,16.69,18.89,29.0,STANDALONE,0
949879290,PROFLUID PET SCIROPPO 85ML,"",198.68,4,11,grossista,0,253,,10.97,12.72,14.36,36,12.51,14.35,30.8,STANDALONE,0
104349028,SERESTO*38CM CANI 1-8KG,SES,198.44,4,6,grossista,0,566,,25.72,30.86,29.24,64,29.32,29.23,13.6,NON_POSIZIONABILE,0
941693691,VITACALM TUTTA NOTTE F/R 30CPR,VTC,198.40,4,6,grossista,0,112,6,10.47,12.18,13.90,27,11.94,13.89,32.7,STANDALONE,0
972499457,ANASTEN PLUS 20STICK,ERK,198.16,4,8,MAGAZZINO,1,238,,15.95,19.38,18.73,40,18.18,18.72,17.4,VIA_PC,0.66
926080161,PROVASEN FORTE 18BUST,"",198.11,3,6,grossista,0,248,,14.71,17.06,19.55,43,16.77,19.54,32.8,STANDALONE,0
951365131,ANTHELIOS UVMUNE OIL  SPF50+,LAR,198.11,5,13,grossista,0,200,,14.81,0.00,15.21,36,16.88,15.20,2.6,NON_POSIZIONABILE,0
932711791,GUNAMINOFORMULA 42BUST,GNA,197.95,2,2,grossista,0,38,,60.81,71.15,54.57,44,68.11,54.56,-10.3,NON_POSIZIONABILE,0
940094105,BIOKAP B SHAMPOO A/FORF TRIC,BKP,197.67,3,7,grossista,0,95,,8.10,0.00,10.55,25,9.56,10.54,30.1,REINSERISCI_prezzo_fb,0
981365416,ENTERELLE PLUS 24BUST STICK,ERL,197.11,4,9,MAGAZZINO,1,76,,12.87,15.83,16.19,52,14.67,16.18,25.7,STANDALONE,0
934013172,PROLIFE LACTOBACILLI 10FL 8ML,PRL,196.85,8,24,MAGAZZINO,1,1224,,4.33,5.46,5.14,38,5.11,5.13,18.5,VIA_PC,0.33
952088033,PHYSIOMANCE MINCIBOOST G 500ML,0Z1,196.79,3,9,grossista,0,89,,21.08,0.00,29.07,16,24.03,29.06,37.9,REINSERISCI_prezzo_fb,0
989242641,HIPP IMMUNO GOCCE 20ML,HIP,196.64,1,4,grossista,0,2734,,17.58,21.09,15.94,32,20.04,15.93,-9.4,NON_POSIZIONABILE,0
935737357,ANSIODEP GTT 20ML,AEP,196.54,2,8,MAGAZZINO,1,4104,,10.23,12.58,12.74,46,11.66,12.73,24.4,STANDALONE,0
935786739,STIMULFOS PET LINE CANE 30CPR,SUO,196.46,4,5,grossista,0,17,10,18.86,22.05,23.38,32,21.50,23.37,23.9,STANDALONE,0
004905143,"PLACENTEX*SOL CUT 10F 0,75MG","",196.37,3,6,grossista,0,14,1,14.85,17.74,19.74,20,16.93,19.73,32.9,STANDALONE,0
944886353,QZU 30CPR,"",196.23,2,5,grossista,0,53,6,17.02,19.86,22.98,28,19.40,22.97,35.0,STANDALONE,0
944889068,PROGENY PET 60BUST,NBF,196.17,3,3,grossista,0,146,7,30.27,35.15,37.65,30,33.90,37.64,24.3,STANDALONE,0
951890476,REALPLUSVIS-T 100PAST,GIO,196.10,1,6,grossista,0,36,,16.67,0.00,22.17,14,19.00,22.16,32.9,REINSERISCI_prezzo_fb,0
909005631,OMEGA PET 100ML,NBF,195.69,5,6,grossista,0,137,,17.24,20.00,22.04,51,19.65,22.03,27.8,STANDALONE,0
944725694,DERMOLIVO OVULI VAGINALI 10PZ,"",195.60,3,7,MAGAZZINO,1,171,,13.14,16.16,16.36,25,14.98,16.35,24.4,STANDALONE,0
970337453,REV RESOLVE CAPSULE,R2R,195.59,3,5,grossista,0,83,6,17.22,20.56,22.90,24,19.63,22.89,32.9,STANDALONE,0
933061970,MESOXAN 30CPR,0MP,195.25,3,4,grossista,0,27,5,15.81,18.62,20.70,27,18.02,20.69,30.9,STANDALONE,0
987646991,NOTROBEN 500 20STICK PACK OROS,"",195.24,3,4,grossista,0,302,4,20.45,23.79,27.53,28,23.31,27.52,34.6,STANDALONE,0
933484178,LONGLIFE D COMPLEX 1000 60CPR,LNG,195.16,6,9,grossista,0,238,7,13.27,15.40,16.11,38,15.13,16.10,21.3,STANDALONE,0
950612337,GLU 1000 DIETPRO 30CPR,BY2,195.08,2,7,grossista,0,163,,11.74,0.00,15.61,16,13.38,15.60,32.9,REINSERISCI_prezzo_fb,0
980626752,CERAVE CREMA IDRAT P SEC PUMP,CV9,195.05,4,13,grossista,0,133,,15.48,18.11,17.30,60,17.65,17.29,11.7,NON_POSIZIONABILE,0
924824244,DUOMEGA CANI GRANDI 30CPS,CD7,194.86,4,7,grossista,0,653,,20.47,24.57,23.38,43,23.34,23.37,14.2,VIA_PC,1.20
984504656,ALOCROSSGEL SOLUZIONE OFT 8ML,OFH,194.86,3,9,grossista,0,175,9,14.37,16.75,18.45,33,16.38,18.44,28.3,STANDALONE,0
935669489,VIDERMINA PREBIOTIC OVULI 10PZ,VID,194.79,4,11,grossista,0,355,,12.36,15.21,13.95,44,14.09,13.94,12.8,NON_POSIZIONABILE,0
986075289,CALMINA BUONAPET FLACONE 60G,"",194.77,2,5,MAGAZZINO,1,175,,21.07,25.60,23.73,36,24.02,23.72,12.6,NON_POSIZIONABILE,0
987773114,OMOCISTEINA STOP MTHFRT180PAST,GIO,194.77,2,6,grossista,0,49,,16.65,0.00,22.05,14,18.98,22.04,32.4,REINSERISCI_prezzo_fb,0
983533807,XERIAL 10 LAIT 400ML,SVR,194.76,3,8,MAGAZZINO,1,164,,17.30,21.02,19.39,54,19.72,19.38,12.0,NON_POSIZIONABILE,0
944670823,ANONET LIQUIDO 200ML,ANO,194.75,7,23,MAGAZZINO,1,627,,7.56,9.00,7.11,40,8.93,7.10,-6.1,NON_POSIZIONABILE,0
950612034,DEFLUX FAST 30CPR MASTIC,"",194.53,2,6,grossista,0,103,,14.30,0.00,19.02,27,16.30,19.01,32.9,REINSERISCI_prezzo_fb,0
951026665,SEBAK MATT CREMA OPACIZZ SPF30,"",194.51,4,10,grossista,0,162,,15.87,0.00,22.53,22,18.09,22.52,41.9,REINSERISCI_prezzo_fb,0
940037498,FUSION GEL SPORT SPF50 100ML,ISD,194.20,2,7,grossista,0,29,,20.15,24.19,21.52,32,22.97,21.51,6.7,NON_POSIZIONABILE,0
950265292,VITALMIX PRONTA ENERGIA 20BUST,VLX,194.17,4,11,grossista,0,160,7,8.47,10.15,10.37,34,9.99,10.36,22.3,STANDALONE,0
984814588,NUTRIXAM FMS 30BUST,NAD,194.10,3,5,grossista,0,308,,24.67,29.61,26.60,39,28.12,26.59,7.8,NON_POSIZIONABILE,0
981075346,LEGART UP 120CPR,2L4,193.95,2,3,grossista,0,162,6,38.42,44.59,44.38,29,43.03,44.37,15.5,VIA_PC,0.22
939920031,ARTELAC REBALANCE GTT OCULARI,ATC,193.57,6,8,MAGAZZINO,6,2458,,12.64,15.55,13.76,52,14.41,13.75,8.8,NON_POSIZIONABILE,0
945025132,ONDEFENCE PLUS 30CPR,"",193.52,3,4,grossista,0,129,7,14.72,17.36,19.47,24,16.78,19.46,32.2,STANDALONE,0
988253302,BONAVOX 30STICK PACK,4FD,193.45,2,4,grossista,0,31,,14.81,0.00,18.82,19,16.88,18.81,27.0,REINSERISCI_prezzo_fb,0
942501572,OSTACOL PLUS 30CPS,9T0,192.93,3,6,MAGAZZINO,1,288,,17.35,21.03,22.10,38,19.78,22.09,27.3,STANDALONE,0
902171495,IALUSOL GOCCE OCULARI 15ML,OHP,192.68,5,9,MAGAZZINO,1,249,,15.06,17.62,17.66,36,17.17,17.65,17.2,STANDALONE,0
105682088,FRONTPRO*3CPR 10-25KG 68MG,"",192.64,5,6,grossista,0,255,,24.74,29.69,26.83,40,28.20,26.82,8.4,NON_POSIZIONABILE,0
987653021,TRIPTOLINO GOCCE 30ML,"",192.35,3,6,grossista,0,198,5,15.70,18.44,22.33,30,17.90,22.32,42.2,STANDALONE,0
947384703,ISDINCEUTICS SALICYLIC RENEWAL,ISD,192.30,2,5,grossista,0,7,,42.71,51.26,42.81,23,47.84,42.80,0.2,NON_POSIZIONABILE,0
942602689,MGK VIS ORANGE ZERO ZUCC30BUST,MGK,192.26,3,13,grossista,0,102,,13.97,16.62,11.83,46,15.93,11.82,-15.4,NON_POSIZIONABILE,0
951098146,KELUAL DS INTENSIVE SH ANTIFOR,DUC,191.97,3,10,MAGAZZINO,24,154,,11.43,13.60,14.15,35,13.03,14.14,23.7,STANDALONE,0
981398959,HYALU B5 AQUAGEL SPF30 50ML,LAR,191.91,4,7,MAGAZZINO,4,104,,25.97,30.39,26.35,48,29.61,26.34,1.4,NON_POSIZIONABILE,0
906565546,LINFOMAP 60CPR,"",191.74,3,6,grossista,0,132,7,22.66,26.31,26.56,40,25.83,26.55,17.2,STANDALONE,0
983740022,EFFACLAR H ISO BIOME CREMA40ML,LAR,191.61,6,13,MAGAZZINO,10,471,,14.07,17.30,16.62,58,16.04,16.61,18.1,VIA_PC,0.69
978837437,CS ACQUA SOLARE IDRAT SPF50,VIC,191.53,3,11,grossista,0,32,,17.23,20.16,15.15,39,19.64,15.14,-12.1,NON_POSIZIONABILE,0
989376153,OCTILIA SALVIETTE PERIOCULARI,OCT,191.39,4,12,MAGAZZINO,10,58,,11.10,13.66,10.11,31,12.66,10.10,-9.0,NON_POSIZIONABILE,0
905352528,"ALLEVYN ADHESIVE 12,5X12,5 10P","",191.14,2,3,grossista,0,87,1,21.55,25.84,28.25,25,24.57,28.24,31.0,STANDALONE,0
901466262,TURNOVER CREMA DERMATOLOGICA,T0L,191.06,3,7,MAGAZZINO,1,210,,9.48,11.66,12.58,40,11.19,12.57,32.6,STANDALONE,0
906791660,SERANS DISTENSIVO 20CPR,A4F,190.78,3,5,grossista,0,162,5,12.09,14.39,16.08,36,13.78,16.07,32.9,STANDALONE,0
971737566,AXIMAGNESIO 100CPR,SWB,190.77,2,8,grossista,0,194,,17.17,20.61,18.89,57,19.57,18.88,10.0,NON_POSIZIONABILE,0
951571684,DERCOS TECHNIQUE SH ENERG REF,VIC,190.74,5,16,grossista,0,100,,11.58,0.00,12.01,26,13.20,12.00,3.6,NON_POSIZIONABILE,0
971754142,MISCELA 3 OLII LASS 1L MD,S3L,190.60,3,13,grossista,0,17,7,11.40,13.51,13.53,28,13.00,13.52,18.6,STANDALONE,0
950995819,MAGSOL 5 VITAL 30BUST,HN0,190.24,3,6,grossista,0,34,,17.25,0.00,19.26,27,19.67,19.25,11.6,NON_POSIZIONABILE,0
951552506,ZREEN MAGNESIO L-TREONATO90CPS,ZRV,190.10,3,4,grossista,0,64,,30.80,0.00,39.82,27,34.50,39.81,29.3,REINSERISCI_prezzo_fb,0
950425850,TENDOL C 30BUST,"",190.06,1,4,grossista,0,67,,26.16,0.00,32.85,21,29.82,32.84,25.5,REINSERISCI_prezzo_fb,0
903541237,PROTHER 30BUST 10G,P0H,190.05,2,2,grossista,0,107,12,62.17,73.35,67.73,30,69.63,67.72,8.9,NON_POSIZIONABILE,0
904008137,GAMMA CALENDULA CREMA 75ML,OTI,189.98,1,3,grossista,0,9,4,20.30,23.96,22.12,17,23.14,22.11,8.9,NON_POSIZIONABILE,0
932709809,PLURAMIN12 ADVANCED 14BUST,0LU,189.72,4,5,MAGAZZINO,1,413,,14.28,15.75,17.59,41,16.28,17.58,23.1,STANDALONE,0
924083569,MAGNESIO SUPREMO LIMONE 150G,NPO,189.61,6,16,MAGAZZINO,1,1680,,10.96,13.48,12.41,73,12.49,12.40,13.1,NON_POSIZIONABILE,0
979406699,PERSPIREX ORIGINAL ANTITR ROLL,PER,189.43,7,17,MAGAZZINO,1,952,,11.08,13.18,11.90,58,12.63,11.89,7.3,NON_POSIZIONABILE,0
907079091,TURNOVER INTIMO 30ML,T0L,189.40,5,10,MAGAZZINO,1,131,,12.28,15.10,15.12,38,13.99,15.11,23.0,STANDALONE,0
989414521,RETINORM FLASH 30STICK,"",189.38,2,5,grossista,0,256,,15.99,0.00,12.79,20,18.23,12.78,-20.1,NON_POSIZIONABILE,0
986146886,100% CREATINE TABS 120CPR,NAD,189.28,4,11,grossista,0,502,,15.79,18.94,15.54,37,18.00,15.53,-1.6,NON_POSIZIONABILE,0
987867809,ZREEN VITAMINA K2 20ML,ZRV,189.13,1,3,grossista,0,8,,26.19,0.00,31.69,24,29.86,31.68,21.0,REINSERISCI_prezzo_fb,0
987867431,ZREEN MAGNESIO GLICINATO120CPS,ZRV,188.90,2,6,grossista,0,175,,19.97,0.00,25.98,27,22.77,25.97,30.0,REINSERISCI_prezzo_fb,0
934481680,MICETRIN 30BUST,"",188.50,1,4,grossista,0,36,5,44.28,52.38,52.39,26,49.59,52.38,18.3,STANDALONE,0
941155893,PROIDEMA DREN 200ML,"",188.41,4,8,grossista,0,165,,16.75,19.43,21.60,36,19.10,21.59,28.9,STANDALONE,0
909861775,OMEGA PET 60PRL,NBF,187.96,2,5,grossista,0,186,,15.94,18.49,21.00,55,18.17,20.99,31.7,STANDALONE,0
972195921,LENODIAR ADULTI 20CPS 500MG,LNR,187.41,4,5,grossista,0,224,,10.74,13.21,11.79,60,12.24,11.78,9.7,NON_POSIZIONABILE,0
907315749,CLINNIX INTIMO DET GINECOL,CNN,187.33,6,7,MAGAZZINO,1,54,,16.68,19.51,19.61,39,19.01,19.60,17.5,STANDALONE,0
926827775,SEROBIOMA 24CPS,BRH,187.33,3,12,grossista,0,772,,13.34,16.41,16.39,64,15.21,16.38,22.8,VIA_PC,0.03
987411788,RILASTIL ULTRA 100 PROT 50ML,RIL,186.89,7,12,grossista,0,330,,14.40,17.71,15.06,48,16.42,15.05,4.5,NON_POSIZIONABILE,0
924221548,MIGLIOCRES 60+60CPS PROMO,F&F,186.62,4,10,grossista,0,106,,13.00,15.99,16.49,55,14.82,16.48,26.8,STANDALONE,0
950479853,SEDIVITAX NOTTE ADVANCED 50CPR,ABO,186.62,4,4,grossista,0,92,,13.02,0.00,15.07,33,14.84,15.06,15.7,REINSERISCI_prezzo_fb,0
935594604,ARTELAC REACTIVE MULTIDOSE10ML,ATC,186.55,7,11,MAGAZZINO,2,1375,,16.15,19.62,16.75,53,18.41,16.74,3.7,NON_POSIZIONABILE,0
947281085,MULTIQUIET BALANCE 240ML,HUM,186.51,3,7,grossista,0,190,,19.95,23.15,22.39,30,22.74,22.38,12.2,NON_POSIZIONABILE,0
983513704,KUKIDENT ULTIMATE FRESCO 57G,KUK,186.31,3,6,MAGAZZINO,67,1359,,8.15,9.70,11.59,56,9.62,11.58,42.1,STANDALONE,0
908754359,OLIO DI RICINO FARMACOPEA UFFICIALE 120 ML,"",186.20,1,6,MAGAZZINO,2,87,,2.98,3.87,4.89,17,3.51,4.88,63.8,STANDALONE,0
904707510,MIDROLAX POLVERE 80G,MID,186.18,2,2,MAGAZZINO,1,381,,6.09,7.50,6.05,32,7.19,6.04,-0.8,NON_POSIZIONABILE,0
905724011,CISTIX 10BUST STICK PACK,"",186.08,3,8,grossista,0,123,2,13.55,15.73,17.86,53,15.45,17.85,31.7,STANDALONE,0
938989249,RINOSTIL GOCCE NASALI 30ML,DE5,185.66,3,12,MAGAZZINO,1,464,,14.56,17.91,18.84,55,16.60,18.83,29.3,STANDALONE,0
013046038,ENTEROGERMINA*OS 10FL 2MLD/5ML,ENT,185.64,5,18,MAGAZZINO,95,494,9,7.59,9.59,10.51,63,8.96,10.50,38.3,STANDALONE,0
935334298,COLONREST 20CPR,GVP,185.44,4,7,grossista,0,51,7,12.83,15.04,17.02,25,14.63,17.01,32.6,STANDALONE,0
023907025,BETADINE*SOLUZ VAG 5FL+5F+5CAN,BTD,185.23,2,9,MAGAZZINO,6,124,,10.18,12.41,9.76,42,11.60,9.75,-4.2,NON_POSIZIONABILE,0
042028011,OKITASK*OS GRAT 10BUST 40MG,OKI,185.14,7,41,MAGAZZINO,73,1729,,3.55,4.34,5.21,65,4.19,5.20,46.5,STANDALONE,0
034358034,TACHIFLUDEC*10BUST ARANCIA,TCH,185.00,6,26,MAGAZZINO,34,671,,5.45,6.64,7.71,61,6.43,7.70,41.3,STANDALONE,0
951388848,FLORENTERO COMPLEX SOSP 60ML,"",184.98,3,8,MAGAZZINO,1,495,,17.31,0.00,20.56,23,19.74,20.55,18.7,REINSERISCI_prezzo_fb,0
909451546,MAGNOSOL 20BUST EFFERV,MOL,184.85,3,10,MAGAZZINO,2,1283,,8.87,10.91,9.70,36,10.46,9.69,9.2,NON_POSIZIONABILE,0
980133425,MARIAL GEL 300ML,2L4,184.69,4,7,MAGAZZINO,1,287,,14.39,17.70,18.98,38,16.40,18.97,31.8,STANDALONE,0
949893541,TENOSAN 30BUST,TEA,184.45,2,5,grossista,0,166,,35.51,0.00,39.65,29,39.77,39.64,11.6,NON_POSIZIONABILE,0
971483526,ANTHELIOS GELCREMA S/PROF 50+,LAR,184.37,4,15,MAGAZZINO,8,690,,12.49,14.37,14.49,70,14.24,14.48,15.9,STANDALONE,0
983696079,MAGSOL 5 EXTRA 60CPR,"",184.26,3,7,grossista,0,653,8,14.85,17.41,17.80,39,16.93,17.79,19.8,STANDALONE,0
951098540,MYOCARE 30BUST,"",183.99,1,4,grossista,0,100,,18.62,0.00,25.15,20,21.23,25.14,35.0,REINSERISCI_prezzo_fb,0
940365644,MOSIAC PLUS 30CPS,PGU,183.92,1,5,grossista,0,117,8,25.06,29.19,29.20,31,28.57,29.19,16.5,STANDALONE,0
035469016,IMIDAZYL ANTIST*COLL 1FL 10ML,IMZ,183.80,5,21,MAGAZZINO,23,0,,5.25,6.40,5.57,38,6.19,5.56,5.9,NON_POSIZIONABILE,0
048005019,FROBENGOLMED*SPRAY 15ML,FRO,183.47,5,11,grossista,0,150,,5.80,6.84,7.75,44,6.84,7.74,33.4,STANDALONE,0
947134197,PEAPROSTIL NEX 30CPR TRISTRATO,"",183.32,4,4,grossista,0,527,10,20.17,23.73,25.20,34,22.99,25.19,24.9,STANDALONE,0
931153492,SANIPEG 20BUST 10G,"",183.29,4,8,grossista,0,387,6,11.03,12.94,14.51,39,12.57,14.50,31.5,STANDALONE,0
975946284,SENSIBIO GEL MOUSSANT 500ML,BDM,183.26,2,11,grossista,0,186,,16.14,18.89,15.80,43,18.40,15.79,-2.2,NON_POSIZIONABILE,0
978473938,SEDANAM NOTTE 30CPR,NAD,183.25,4,13,grossista,0,656,,9.59,11.80,10.58,53,11.32,10.57,10.2,NON_POSIZIONABILE,0
972165056,LIPIKAR LATTE 750ML,LAR,183.01,3,9,grossista,0,145,,18.65,22.39,19.86,40,21.26,19.85,6.4,NON_POSIZIONABILE,0
021115023,CTARD*60CPS 500MG RP FL,CTA,182.78,4,9,MAGAZZINO,1,209,,19.36,23.62,19.52,54,22.07,19.51,0.8,NON_POSIZIONABILE,0
951332434,CALCIUM COMPOSITUM 150PAST,GIO,182.76,3,4,grossista,0,29,,24.38,0.00,31.20,12,27.79,31.19,27.9,REINSERISCI_prezzo_fb,0
024427041,"SEKI*SCIR FL 200ML 3,54MG/ML",SKE,182.48,7,23,MAGAZZINO,26,2774,,6.51,7.95,6.94,61,7.68,6.93,6.5,NON_POSIZIONABILE,0
941516647,AMBLICOL 15FL 10ML,FA2,182.26,4,5,grossista,0,178,7,15.40,17.99,20.48,27,17.56,20.47,32.9,STANDALONE,0
981499217,CLINNIX INOSIPLUS 20BUST,CNN,182.10,4,4,grossista,0,31,,16.20,18.80,20.79,37,18.47,20.78,28.3,STANDALONE,0
926589363,MULTICARE-IN STRUMENTO 5PZ,MCE,182.08,1,3,grossista,0,8,6,63.82,74.75,71.89,20,71.48,71.88,12.6,VIA_PC,2.87
971141167,CEBION MAST S/Z VIT C 20CPR,CEB,182.05,6,10,MAGAZZINO,1,457,,5.20,6.40,6.07,57,6.14,6.06,16.5,NON_POSIZIONABILE,0
950066884,ARKOMAG MAGNESIO&POTAS 24BUST,ARK,181.64,1,10,grossista,0,100,,10.77,13.25,11.14,28,12.28,11.13,3.3,NON_POSIZIONABILE,0
951231998,DOLINPEA 30CPR RIVESTITE,PHX,181.46,3,5,grossista,0,17,,22.20,0.00,28.09,21,25.31,28.08,26.5,REINSERISCI_prezzo_fb,0
989409139,"ISOMAR OCCHI SEC AI 0,25% 10ML",ISO,181.46,8,15,MAGAZZINO,15,172,,6.68,7.88,8.25,33,7.88,8.24,23.4,STANDALONE,0
990087847,"THICK-N INSTANT 1,5L","",181.22,2,4,grossista,0,9,,44.48,0.00,41.15,16,49.82,41.14,-7.5,NON_POSIZIONABILE,0
989819964,COLLAGENE MULTIFUNZIONE 260G,ARK,181.19,4,8,grossista,0,346,,15.05,18.06,16.89,36,17.16,16.88,12.2,NON_POSIZIONABILE,0
989876317,HIFAS LENTINAN 30ML,"",181.18,4,6,grossista,0,91,8,19.47,25.86,25.90,21,22.20,25.89,33.0,STANDALONE,0
950986416,FLEBS CREMA GEL 100ML,"",181.17,3,16,grossista,0,293,,12.79,14.26,13.39,25,14.58,13.38,4.6,NON_POSIZIONABILE,0
920577261,HYDRALEN CREMA 50ML,CF5,180.82,3,7,grossista,0,256,,16.63,19.29,19.62,43,18.96,19.61,17.9,STANDALONE,0
984926749,AGEX SERUM SPOT PHARCOS 30ML,BDU,180.76,5,6,grossista,0,167,7,32.44,38.20,35.82,28,36.33,35.81,10.4,NON_POSIZIONABILE,0
989669585,MY BODY CREMA GEL DREN 400ML,BNK,180.72,2,5,grossista,0,149,,37.15,43.46,30.70,36,41.61,30.69,-17.4,NON_POSIZIONABILE,0
980926570,BARILIFE CALCIOLIQUIDO 15STICK,HLL,180.38,2,4,grossista,0,143,7,9.89,11.98,13.10,23,11.67,13.09,32.4,STANDALONE,0
938764709,T MAG 60CPS,AR7,180.15,4,7,grossista,0,61,,13.68,16.83,15.03,37,15.60,15.02,9.8,NON_POSIZIONABILE,0
931656805,TAE X ROSE CREMA 60ML,BIO,180.03,4,11,grossista,0,202,11,17.24,20.21,20.96,43,19.65,20.95,21.5,STANDALONE,0
983304799,TRIOBIOTIX360 10BUST,NAD,180.03,4,10,grossista,0,3064,,12.56,15.45,15.28,56,14.32,15.27,21.6,VIA_PC,0.18
935771055,BERBERED PLUS 60CPR,"",179.90,2,3,grossista,0,23,3,23.89,27.94,29.33,26,27.23,29.32,22.7,STANDALONE,0
934027499,KRILL OMEGA PET RECOVERY120PRL,0R1,179.59,4,5,grossista,0,75,,21.91,25.42,28.04,36,24.98,28.03,27.9,STANDALONE,0
989261870,THEAHYABAK SOL OFTALMICA 10ML,"",179.59,5,7,grossista,0,317,,9.27,0.00,10.43,26,10.94,10.42,12.4,NON_POSIZIONABILE,0
950905099,SINOPOL 30CPR NF,"",179.52,3,3,MAGAZZINO,1,175,,26.94,32.73,27.45,29,30.71,27.44,1.9,NON_POSIZIONABILE,0
978919532,RESTOMYL SUPPLEMENTO CANE 60G,NNV,179.45,3,7,grossista,0,64,9,26.84,31.07,27.79,45,30.60,27.78,3.5,NON_POSIZIONABILE,0
988254898,POLASE POCKET 14STICK,POE,179.24,6,12,grossista,0,189,,11.81,9.28,13.08,66,13.46,13.07,10.7,NON_POSIZIONABILE,0
932501416,MELILAX PEDIATRIC 6MICROCLISMI,ABO,179.18,6,16,grossista,0,5326,,7.32,8.52,8.84,78,8.64,8.83,20.6,STANDALONE,0
951340571,FISSAN LA PASTA A/PROT 100G NF,FIS,179.07,4,11,grossista,0,3802,,4.45,0.00,5.52,38,5.25,5.51,23.8,REINSERISCI_prezzo_fb,0
951865652,ASPARTICUS POLVERE SOLUBIL360G,GIO,178.82,2,4,grossista,0,25,,18.84,0.00,24.84,14,21.48,24.83,31.8,REINSERISCI_prezzo_fb,0
972451912,ACTIXICAM CREMA 50ML,A0C,178.71,4,8,grossista,0,196,,22.63,26.48,23.59,42,25.80,23.58,4.2,NON_POSIZIONABILE,0
981498948,ROC SOLARE VISO 50 ANTIRUGHE,ROC,178.64,2,19,grossista,0,38,,17.20,20.64,14.89,27,19.61,14.88,-13.5,NON_POSIZIONABILE,0
979114079,PSICOBRAIN 30CPS,BRH,178.27,4,11,grossista,0,65,,12.91,15.88,15.40,55,14.72,15.39,19.2,VIA_PC,0.49
989606924,ANGSTROM SPRAY TRASP SPF30,ANG,178.11,6,15,grossista,0,61,,13.43,15.98,13.53,39,15.31,13.52,0.7,NON_POSIZIONABILE,0
025669019,MOMENT*12CPR RIV 200MG,MMT,178.01,8,35,MAGAZZINO,17,1394,,4.13,5.03,4.95,61,4.87,4.94,19.6,VIA_PC,0.09
940539188,FERTILEN PRO 30CPS,C7M,177.99,4,6,MAGAZZINO,1,545,,21.79,26.48,24.88,34,24.84,24.87,14.1,VIA_PC,1.61
971528219,IRIDIUM A FREE 10ML,IDM,177.95,4,10,MAGAZZINO,1,756,,14.56,17.91,18.51,45,16.60,18.50,27.1,STANDALONE,0
951677590,PHYSIOMANCE TIRONAT GOLD 90CPR,0Z1,177.88,2,4,grossista,0,11,,34.83,0.00,44.85,17,39.01,44.84,28.7,REINSERISCI_prezzo_fb,0
971486042,ANGSTROM PROT HYDRA LAT SPR 30,ANG,177.72,6,16,grossista,0,190,,11.25,13.05,12.89,45,12.83,12.88,14.5,VIA_PC,0.17
943920138,TETRAFOLIC 30CPS,E0F,177.54,5,14,MAGAZZINO,1,608,,8.81,10.84,10.92,40,10.40,10.91,23.8,STANDALONE,0
962143525,ACQUA STER INAL SACCA 2000ML,"",177.47,3,5,grossista,0,62,,5.21,0.00,10.30,11,6.15,10.29,97.5,REINSERISCI_prezzo_fb,0
943299875,NERVAX DOL 10BUST,"",177.45,3,5,grossista,0,157,9,18.78,21.94,24.43,38,21.41,24.42,30.0,STANDALONE,0
951551504,PILOREX 48CPR,"",177.31,3,7,grossista,0,68,,23.06,0.00,28.30,29,26.29,28.29,22.7,REINSERISCI_prezzo_fb,0
901773580,STOMODINE GEL GENG CANI 30ML,1M9,177.27,5,11,grossista,0,2750,5,10.38,12.14,13.57,48,11.83,13.56,30.6,STANDALONE,0
913758482,TOLERIANE DERMO NETTOYANT400ML,LAR,177.07,5,10,MAGAZZINO,1,256,,17.64,21.43,19.79,62,20.11,19.78,12.1,NON_POSIZIONABILE,0
951459787,ORIGANO HP 30CPS,HN0,177.07,3,7,grossista,0,133,,13.74,0.00,16.37,24,15.66,16.36,19.1,REINSERISCI_prezzo_fb,0
980911325,SUN SECURE LAIT SPF50+ NF250ML,SVR,176.95,5,11,grossista,0,35,,16.10,19.33,14.95,39,18.35,14.94,-7.2,NON_POSIZIONABILE,0
951991607,ANANAS BROMELINA 5000 30CPR,FDE,176.86,7,12,grossista,0,127,,10.26,0.00,13.65,20,11.70,13.64,32.9,REINSERISCI_prezzo_fb,0
035469028,"IMIDAZYL ANTIST*COLL 10FL0,5ML",IMZ,176.85,8,29,MAGAZZINO,29,222,,5.50,6.71,5.61,56,6.49,5.60,1.8,NON_POSIZIONABILE,0
951058573,BATTINORM 30STICK,"",176.75,2,5,grossista,0,127,,15.16,0.00,19.78,30,17.28,19.77,30.4,REINSERISCI_prezzo_fb,0
930494113,LACTOFLORENE PLUS 20CPS,LCF,176.66,4,19,MAGAZZINO,1,305,,6.94,8.26,7.19,37,8.19,7.18,3.5,NON_POSIZIONABILE,0
926819335,GEL SURGRAS 1L,URI,176.40,1,4,grossista,0,80,,16.91,19.62,14.65,45,19.28,14.64,-13.4,NON_POSIZIONABILE,0
952112961,INFIAVIN 42CPS,"",176.39,2,6,grossista,0,171,,16.96,0.00,20.30,14,19.33,20.29,19.6,REINSERISCI_prezzo_fb,0
902709397,MGK VIS RIC PLUS 14BUST,MGK,176.29,4,12,grossista,0,68,15,8.10,9.38,8.11,40,9.56,8.10,0.0,NON_POSIZIONABILE,0
935873796,PROSTANOX 30CPR,LB1,176.14,2,5,grossista,0,87,,27.76,33.32,27.93,41,31.65,27.92,0.6,NON_POSIZIONABILE,0
951060223,SWISSE CAPELLI P UN PLUS 60CPS,SWI,175.87,4,5,grossista,0,64,,20.98,0.00,20.75,29,23.92,20.74,-1.1,NON_POSIZIONABILE,0
989814203,RILASTIL SUN SPF30 DRY TOUCH,RIL,175.87,4,13,grossista,0,36,,14.57,17.92,14.59,26,16.61,14.58,0.1,NON_POSIZIONABILE,0
926737646,CEBION EFF VIT C S/ZUCCH 10CPR,CEB,175.78,4,9,MAGAZZINO,3,607,,4.73,5.96,6.11,65,5.58,6.10,29.0,STANDALONE,0
950939088,CHROMACTIVE CREMA 75ML,UP0,175.75,1,7,grossista,0,45,8,28.22,33.05,34.14,23,32.17,34.13,20.9,STANDALONE,0
951466503,MULTILA' GOCCE 30ML,9PD,175.72,2,5,grossista,0,36,,19.72,0.00,25.89,29,22.48,25.88,31.2,REINSERISCI_prezzo_fb,0
900291939,EAU THERMALE 300ML,LAR,175.67,3,10,grossista,0,8,,11.80,14.51,13.06,51,13.45,13.05,10.6,NON_POSIZIONABILE,0
944778760,SIDEREMIL VITA 30CPS,E0F,175.58,3,8,MAGAZZINO,2,327,,17.69,21.49,19.82,38,20.16,19.81,12.0,NON_POSIZIONABILE,0
930856125,SAUGELLA ASSORBENTI NTT12PZ TP,SAU,175.53,7,25,MAGAZZINO,15,1204,,1.95,2.73,3.15,49,2.30,3.14,61.0,STANDALONE,0
103627055,ADVANTIX SPOT ON*4PIP 25-40KG,AAX,175.45,3,6,grossista,0,88,,24.46,29.36,26.89,49,27.88,26.88,9.9,NON_POSIZIONABILE,0
980185730,HYALOTEND 3 SIR 20MG/2ML,FDI,175.45,1,2,grossista,0,38,4,76.48,90.66,74.00,23,85.66,73.99,-3.3,NON_POSIZIONABILE,0
950301390,CLOGIN REPAIR OVULI VAG 10OV,CGN,175.39,2,8,grossista,0,384,8,13.95,16.23,18.47,23,15.90,18.46,32.3,STANDALONE,0
930400623,EUCERIN SUN SPRAY TRANSPAREN50,EUC,175.28,2,15,grossista,0,102,,13.86,17.05,13.47,41,15.80,13.46,-2.9,NON_POSIZIONABILE,0
949499560,NEURO LEVELS SPRAY 50ML,"",175.18,3,3,grossista,0,65,,27.31,0.00,30.28,22,31.13,30.27,10.8,NON_POSIZIONABILE,0
984998839,SWISSE MULTIVIT UOMO 60CPR,SWI,174.83,5,6,grossista,0,217,,15.97,19.17,18.70,41,18.21,18.69,17.0,VIA_PC,0.48
932301652,SAUGELLA IDRASERUM DET 200ML,SAU,174.59,8,20,MAGAZZINO,2,1026,,6.04,7.43,8.32,65,7.13,8.31,37.6,STANDALONE,0
940094129,BIOKAP SHAMPOO RINFOR ANTICAD,BKP,174.59,4,14,grossista,0,324,,8.56,0.00,11.00,28,10.10,10.99,28.4,REINSERISCI_prezzo_fb,0
978255242,EMOFLON POMATA RETTALE 25G,"",174.48,6,15,grossista,0,489,,8.50,10.46,9.12,44,10.03,9.11,7.2,NON_POSIZIONABILE,0
951175900,SNS1 OP 30BUST,EBL,174.45,2,3,grossista,0,54,,40.39,0.00,50.07,18,45.24,50.06,23.9,REINSERISCI_prezzo_fb,0
986129031,ENAVIT SUDAMIN 10+10BUST,EAV,174.09,5,9,grossista,0,446,5,15.60,18.45,20.29,21,17.78,20.28,30.0,STANDALONE,0
981249156,AZALOE SOLUZIONE OFTALMICA,OF0,173.99,2,5,grossista,0,138,7,14.56,17.01,18.20,25,16.60,18.19,24.9,STANDALONE,0
951500824,AVENE XERACALM AD CR LIPO400ML,AVE,173.91,3,5,grossista,0,775,,20.07,24.08,22.47,35,22.88,22.46,11.9,NON_POSIZIONABILE,0
948004799,PINEAL NOTTE RETARD 30CPR,PNA,173.64,4,7,grossista,0,195,9,18.10,21.32,21.44,39,20.63,21.43,18.4,STANDALONE,0
989332768,AVENE SOL SPR FAMILY SPF50+,AVE,173.54,2,9,grossista,0,63,,21.98,25.72,18.63,30,25.06,18.62,-15.3,NON_POSIZIONABILE,0
984966630,FERTYLOR PLUS 20BUST,"",173.47,2,4,grossista,0,183,5,27.78,32.50,33.19,33,31.67,33.18,19.4,STANDALONE,0
951105840,AVENE CLEANANCE COMEDOMED+,AVE,173.21,4,11,MAGAZZINO,2,769,,13.19,15.69,16.11,39,15.03,16.10,22.1,STANDALONE,0
951124369,BIOZERIN 80CPR,"",173.03,3,5,grossista,0,100,,18.48,0.00,25.92,15,21.07,25.91,40.2,REINSERISCI_prezzo_fb,0
943320299,GLUTATIONE 250 30CPS VEG,SLG,173.00,2,5,grossista,0,322,,28.16,32.67,30.82,41,32.10,30.81,9.4,NON_POSIZIONABILE,0
989414596,SUSTENIUM PLUS TROPICALE20BUST,SUS,172.71,5,9,grossista,0,100,,11.59,14.26,15.41,43,13.21,15.40,32.9,STANDALONE,0
935846093,MASSIGEN MAGNESIO B6 60CPS,MSG,172.70,4,10,MAGAZZINO,10,366,,4.79,6.22,7.25,41,5.65,7.24,51.1,STANDALONE,0
930625203,ALOVEX PROTEZ ATTIVA GEL 8ML,ALM,172.49,4,12,MAGAZZINO,5,243,,7.47,9.18,9.79,70,8.81,9.78,30.9,STANDALONE,0
976597068,ZZZQUIL SONNO 30PAST,VCK,172.27,7,17,MAGAZZINO,31,469,,7.72,9.19,10.97,71,9.11,10.96,42.0,STANDALONE,0
932711777,AMINOTROFIC NE 30BUST,A3O,172.26,3,4,grossista,0,188,,26.42,30.91,30.40,39,30.12,30.39,15.0,VIA_PC,0.52
942699606,KERATOSEPT GOCCE OCULARI 10ML,BR2,172.24,2,8,MAGAZZINO,3,526,,14.41,17.72,18.73,38,16.43,18.72,29.9,STANDALONE,0
944292477,DR VITI COLLAGENE PLUS 250ML,MRT,172.21,3,4,MAGAZZINO,12,160,8,12.84,16.82,17.12,52,14.63,17.11,33.3,STANDALONE,0
989056015,SUPRADYN RICARICA PRO B12 10FL,SPY,172.19,5,9,MAGAZZINO,17,527,5,7.35,8.70,9.94,59,8.67,9.93,35.1,STANDALONE,0
976340998,CARTILAGIL 20CPR,"",172.15,3,5,MAGAZZINO,1,730,,17.36,21.09,20.76,40,19.79,20.75,19.5,VIA_PC,0.34
932711346,ARGIFAST 14BUST,HLU,171.50,2,3,grossista,0,147,,24.13,28.00,26.09,41,27.51,26.08,8.1,NON_POSIZIONABILE,0
971754167,PARAFFINA LIQ MD LASS 500ML,"",171.22,4,12,MAGAZZINO,1,36,,5.95,7.32,7.14,32,7.02,7.13,19.8,VIA_PC,0.19
978240897,CERAVE SA CREMA LEVIGANTE 340G,CV9,171.13,6,10,MAGAZZINO,3,134,,14.92,18.35,19.86,60,17.01,19.85,33.0,STANDALONE,0
033262041,"BENACTIV GOLA*SPRAY 15ML 0,25%",BEC,171.00,5,28,MAGAZZINO,2,493,,5.60,6.83,6.65,63,6.61,6.64,18.6,VIA_PC,0.19
983039912,AVENE SOL CLEANANCE SPF50+ COL,AVE,170.59,1,14,grossista,0,42,10,15.91,18.43,16.05,25,18.14,16.04,0.8,NON_POSIZIONABILE,0
981003573,FENIZON EMULGEL 100ML,"",170.55,1,3,grossista,0,24,6,14.56,17.07,19.36,29,16.60,19.35,32.9,STANDALONE,0
990542971,COLESTEROLO BYE BYE T 180PAST,GIO,170.46,2,5,grossista,0,38,,18.34,0.00,23.97,15,20.91,23.96,30.6,REINSERISCI_prezzo_fb,0
931669523,BUONA ENERGIA ORO 10FL 10ML,0BU,170.38,3,4,grossista,0,199,10,14.95,17.40,18.59,48,17.04,18.58,24.3,STANDALONE,0
939466900,CITROSODINA CLASSICA 30CPR MAS,CDI,170.36,7,25,MAGAZZINO,4,470,,4.77,6.02,5.61,69,5.63,5.60,17.4,NON_POSIZIONABILE,0
989407958,HELIOCARE 360 SENSATION 50ML,HEL,170.33,4,7,grossista,0,85,,17.02,19.74,18.28,35,19.40,18.27,7.3,NON_POSIZIONABILE,0
925512636,NEOBIANACID 45CPR MASTICABILI,NE1,170.08,5,10,MAGAZZINO,1,5852,,13.85,17.03,14.71,77,15.79,14.70,6.1,NON_POSIZIONABILE,0
989894504,PREMIER CRU CREMA 50ML,CAU,169.86,2,3,grossista,0,49,,70.30,84.36,58.97,32,78.74,58.96,-16.1,NON_POSIZIONABILE,0
942882059,EUDREN 20BUST,"",169.77,3,5,MAGAZZINO,1,189,,16.26,19.75,20.70,29,18.53,20.69,27.2,STANDALONE,0
951337031,ESTROVAMP 40CPR,"",169.58,1,5,grossista,0,19,,17.85,0.00,23.95,22,20.35,23.94,34.1,REINSERISCI_prezzo_fb,0
982941686,ESENTA FILM PROT SALV 30PZ,CNC,169.54,3,4,grossista,0,57,6,19.49,22.72,25.92,29,22.22,25.91,32.9,STANDALONE,0
925336428,AQUACEL AG+ EXTRA 10X10CM 10P,AQC,169.49,2,3,grossista,0,378,6,76.60,90.19,85.09,37,85.79,85.08,11.1,NON_POSIZIONABILE,0
901251936,AB 300 CAPSULE VAGINALI 10PZ,FIN,168.94,5,9,MAGAZZINO,1,234,,13.44,16.54,15.00,41,15.33,14.99,11.5,NON_POSIZIONABILE,0
944909199,AGENO GEL INTIMO 100ML,"",168.81,3,4,grossista,0,24,9,12.90,15.14,16.38,30,14.71,16.37,26.9,STANDALONE,0
931059075,AVEC DETERGENTE MOUSSE 200ML,"",168.78,4,8,grossista,0,220,9,17.95,20.91,22.32,39,20.46,22.31,24.3,STANDALONE,0
925215701,COFER 20STICK OROSOLUBILI,NPH,168.69,2,5,MAGAZZINO,1,180,,17.99,21.85,22.16,41,20.50,22.15,23.1,STANDALONE,0
975399243,LAPIREN 20BUST,6NK,168.68,3,3,grossista,0,196,8,15.06,17.65,19.39,35,17.17,19.38,28.7,STANDALONE,0
938873460,EXIALL GOCCE 8ML,0XH,168.63,3,6,grossista,0,479,,14.70,17.05,19.48,41,16.76,19.47,32.4,STANDALONE,0
976013831,4321 EXPERT ZONE RIBELLI 60CPS,ARK,168.56,1,8,grossista,0,173,,16.87,20.25,19.19,39,19.23,19.18,13.7,NON_POSIZIONABILE,0
973993874,RODIOLA 60CPR,A1A,168.42,1,3,grossista,0,13,,22.00,0.00,29.26,18,25.08,29.25,33.0,REINSERISCI_prezzo_fb,0
981042928,RILASTIL SUN PPT 50+ STICK TRA,RIL,168.40,7,21,grossista,0,276,,8.16,10.04,8.91,52,9.63,8.90,9.1,NON_POSIZIONABILE,0
903599835,PREMEDOL 330MG 30CPR,AHA,168.29,3,7,MAGAZZINO,1,527,,11.50,14.14,14.02,35,13.10,14.01,21.8,VIA_PC,0.13
949493946,ISDINCEUTICS HYALURONIC EYES,ISD,168.13,2,6,grossista,0,10,,31.04,37.24,32.62,26,34.76,32.61,5.1,NON_POSIZIONABILE,0
951376173,COLLAGENE LIQUIDO ANALCO 10FL,GIO,167.96,4,4,grossista,0,22,,25.05,0.00,32.17,15,28.56,32.16,28.4,REINSERISCI_prezzo_fb,0
951618127,"BIFIPRAL GOCCE 7,5G",PHX,167.92,3,8,grossista,0,128,,14.89,0.00,19.80,28,16.97,19.79,32.9,REINSERISCI_prezzo_fb,0
980555700,RINOWASH EGO DOCCIA NASALE MIC,OWH,167.92,1,2,grossista,0,34,12,65.10,76.77,67.41,29,72.91,67.40,3.5,NON_POSIZIONABILE,0
905987614,FITOESTRIL 30CPR,LEG,167.73,2,3,grossista,0,102,8,17.53,20.45,21.41,34,19.98,21.40,22.1,STANDALONE,0
934038858,LONGLIFE B12 50MCG SUBL 100TAV,LNG,167.73,3,7,grossista,0,684,10,11.40,13.26,13.83,42,13.00,13.82,21.2,STANDALONE,0
983388036,HELIOCARE 360 AGE ACTIVE 50ML,HEL,167.69,7,9,grossista,0,71,,18.21,21.86,16.80,40,20.76,16.79,-7.8,NON_POSIZIONABILE,0
980138729,AVENE CLEANANCE GEL DET NF400M,AVE,167.42,5,10,MAGAZZINO,2,1293,,12.90,15.86,15.65,69,14.70,15.64,21.2,VIA_PC,0.22
985512969,CLAIRIAL CREME SPF50+ 40ML,"",167.30,5,7,grossista,0,142,,19.86,23.83,22.36,38,22.64,22.35,12.5,NON_POSIZIONABILE,0
985481288,GOLD COLLAGEN HYALURONIC 90CPR,GOC,167.11,3,6,grossista,0,194,,28.70,34.44,24.81,32,32.72,24.80,-13.6,NON_POSIZIONABILE,0
973652201,NEFROPIU' 60CPR,"",167.06,3,7,grossista,0,324,8,20.42,23.87,22.76,37,23.28,22.75,11.4,NON_POSIZIONABILE,0
984797860,CARDIONAM 30CPR,NAD,166.89,3,6,MAGAZZINO,1,451,,12.74,15.67,13.00,52,14.52,12.99,2.0,NON_POSIZIONABILE,0
942677891,SILICOS 30BUST,"",166.80,3,5,grossista,0,40,9,20.32,23.75,26.39,25,23.16,26.38,29.8,STANDALONE,0
947395620,LICHTENA CREMA 200ML NF,LIC,166.79,3,5,grossista,0,476,6,29.23,33.98,33.44,42,33.32,33.43,14.4,VIA_PC,0.55
980454680,VIDERMINA GEL INTIMO NF 30ML,VID,166.77,3,9,grossista,0,162,8,10.80,12.54,13.24,39,12.31,13.23,22.5,STANDALONE,0
987413061,CELL PROTECT OLIO INVISIBILE,VIC,166.77,1,9,MAGAZZINO,6,16,,14.87,17.40,14.75,40,16.95,14.74,-0.9,NON_POSIZIONABILE,0
932711649,LACTOPENTA 20CPS,LEG,166.73,3,7,grossista,0,345,,15.52,18.63,20.64,35,17.69,20.63,32.9,STANDALONE,0
940274741,LACTIPLUS DLR 30CPS VEGETALI,BUE,166.58,2,6,grossista,0,165,,19.92,0.00,27.57,24,22.71,27.56,38.4,REINSERISCI_prezzo_fb,0
985818994,CERAVE CREMA VISO IDRAT SPF30,CV9,166.56,6,13,grossista,0,472,,12.74,15.67,14.60,63,14.52,14.59,14.5,VIA_PC,1.08
944444874,NORMOVEST 30BUST,0TT,166.48,3,4,grossista,0,118,6,27.18,31.54,35.69,26,30.99,35.68,31.3,STANDALONE,0
975448743,HELIOCARE 360 PED TRANSP SPRAY,HEL,166.26,3,6,grossista,0,43,,16.18,19.41,16.59,40,18.45,16.58,2.5,NON_POSIZIONABILE,0
971101706,IALURASE PLUS 48CPR,HN0,166.11,1,3,MAGAZZINO,1,28,,21.46,26.08,24.95,30,24.47,24.94,16.2,VIA_PC,1.14
943912749,LENIFREN PLUS 30CPR,BID,166.05,2,5,grossista,0,121,9,15.95,18.51,21.21,33,18.18,21.20,32.9,STANDALONE,0
009115041,FITOSTIMOLINE*6 OV 600MG,FTL,166.04,3,10,MAGAZZINO,3,286,6,11.22,13.44,13.26,41,12.79,13.25,18.1,VIA_PC,0.19
926589452,MELATONINA DISPERT 120CPR,M1D,165.93,2,18,grossista,0,434,,7.59,9.34,8.42,43,8.96,8.41,10.8,NON_POSIZIONABILE,0
984815567,LYPOACTIVER 45CPS,PYI,165.63,3,3,grossista,0,27,,22.92,26.59,29.88,25,26.13,29.87,30.3,STANDALONE,0
976730996,STIPSIGOL 30BUST,2L4,165.51,2,6,MAGAZZINO,1,180,,15.77,19.17,20.19,41,17.98,20.18,28.0,STANDALONE,0
986463988,DELARIC 30CPS,"",165.34,3,3,MAGAZZINO,1,186,,23.56,28.63,29.00,23,26.86,28.99,23.0,STANDALONE,0
951999390,SENECTINA FLACONE 90G,"",165.27,2,4,grossista,0,100,,29.30,0.00,31.55,20,33.40,31.54,7.6,NON_POSIZIONABILE,0
987867165,ZREEN COMPLESSO B+C 90CPS,ZRV,165.20,1,3,grossista,0,100,,26.20,0.00,34.28,20,29.87,34.27,30.8,REINSERISCI_prezzo_fb,0
978399350,CISTIDUO 14BUST,"",165.16,3,9,grossista,0,264,10,16.13,18.76,21.39,37,18.39,21.38,32.5,STANDALONE,0
026564070,BRONCHENOLO SED FLUI*SCIR150ML,BGO,165.12,7,15,MAGAZZINO,1,1500,,6.47,7.89,8.74,62,7.63,8.73,34.9,STANDALONE,0
976041537,CLIATAKE 30CPS,UDF,164.77,3,4,MAGAZZINO,1,279,,17.31,21.04,21.89,40,19.74,21.88,26.4,STANDALONE,0
971636547,CORTIX 30CPR MASTIC,MMH,164.75,2,5,grossista,0,281,7,22.22,25.87,26.09,34,25.33,26.08,17.4,STANDALONE,0
981042967,RILASTIL SUN PPT LATTE VELL 30,RIL,164.63,5,13,grossista,0,90,,12.68,15.59,14.52,52,14.46,14.51,14.4,VIA_PC,1.08
973293006,BIONIKE DEFENCE HAIR SH D400ML,BNK,164.57,5,16,grossista,0,208,,8.95,11.01,7.01,48,10.56,7.00,-21.8,NON_POSIZIONABILE,0
103647032,FRONTLINE COMBO*3PIP GATTI/FUR,FTN,164.43,5,8,grossista,0,333,,19.27,22.36,,,21.97,,,NO_SCRAPER_48h,0
934417243,SINAIRE FORTE 60CPR,SI8,164.40,4,10,grossista,0,382,,12.12,14.06,16.12,52,13.82,16.11,32.9,STANDALONE,0
988654671,NUTILIS CLEAR 175G,NTC,164.19,2,3,grossista,0,159,5,14.38,16.95,20.22,25,16.39,20.21,40.5,STANDALONE,0
982945622,OPTIVE SOLUZIONE OFTALMICA10ML,OPV,164.16,3,10,grossista,0,256,3,10.75,12.67,13.97,16,12.26,13.96,29.9,STANDALONE,0
989046762,MASTOCOL 30CPR,6EY,163.96,3,4,grossista,0,176,,15.86,18.40,20.99,30,18.08,20.98,32.3,STANDALONE,0
943353971,MESAFAG 30CPR,SHD,163.55,2,4,grossista,0,114,7,19.44,22.24,25.39,20,22.16,25.38,30.6,STANDALONE,0
951097310,CHIROSIL 20BUST,"",163.53,3,5,grossista,0,40,,17.44,0.00,23.20,20,19.88,23.19,33.0,REINSERISCI_prezzo_fb,0
987655608,REDULIP 90CPR,"",163.41,2,2,grossista,0,33,,31.56,0.00,40.42,17,35.35,40.41,28.0,REINSERISCI_prezzo_fb,0
949945289,LIOLIPID 30CPR,"",163.33,4,6,grossista,0,40,,21.07,0.00,26.96,24,24.02,26.95,27.9,REINSERISCI_prezzo_fb,0
972264636,BLEFASTOP GARZA COT PIE RX 28P,"",163.25,3,4,grossista,0,1140,3,14.69,17.02,19.52,36,16.75,19.51,32.8,STANDALONE,0
901567899,FORMULAT 2 LIQUIDO 500ML,"",163.02,3,4,grossista,0,176,,3.12,0.00,3.50,12,3.68,3.49,11.9,NON_POSIZIONABILE,0
975435278,DEFENCE MY AGE CREMA GG 50ML,BNK,162.75,4,7,grossista,0,255,,25.79,30.95,28.07,47,29.40,28.06,8.8,NON_POSIZIONABILE,0
990039366,DINAMIC LARGE 20STICK 12G,"",162.38,1,2,grossista,0,3,,37.71,0.00,47.09,8,42.24,47.08,24.8,REINSERISCI_prezzo_fb,0
027456033,CLAREMA*CREMA 30G 1%,"",162.24,3,7,MAGAZZINO,1,313,,14.56,17.77,15.60,37,16.60,15.59,7.1,NON_POSIZIONABILE,0
989669787,DEFENCE SUN 30 LATTE SPR 200ML,BNK,162.21,4,14,grossista,0,193,,14.16,17.42,14.22,40,16.14,14.21,0.4,NON_POSIZIONABILE,0
989638489,LYNFASE CONCENTRATO FLUIDO180G,ABO,162.04,2,7,grossista,0,93,,20.04,23.45,19.36,46,22.85,19.35,-3.4,NON_POSIZIONABILE,0
984330365,DAO PLUS 50CPS INTOLERAN,"",161.97,1,4,grossista,0,444,8,21.59,25.17,26.73,31,24.61,26.72,23.8,STANDALONE,0
985514191,HYLO COMOD GOCCE OCUL AC IALUR,"",161.88,4,6,MAGAZZINO,5,362,8,11.90,14.01,14.93,21,13.57,14.92,25.4,STANDALONE,0
950025938,MIAMO HEAT&SUNAG BODY SER100ML,MMO,161.74,1,5,grossista,0,24,,31.35,0.00,38.65,13,35.11,38.64,23.3,REINSERISCI_prezzo_fb,0
979065113,COLIGAS FAST 50CPS,C6G,161.66,5,12,MAGAZZINO,1,346,,13.07,16.07,15.67,63,14.90,15.66,19.8,VIA_PC,0.41
945104255,PROLIFE LATTASI 30CPR MASTIC,PRL,161.60,8,18,grossista,0,85,,6.53,8.04,7.45,49,7.71,7.44,13.9,NON_POSIZIONABILE,0
974012991,DEFENCE COLOR LUMINIZER 101,BNK,161.57,3,7,grossista,0,22,5,12.51,14.86,16.57,22,14.26,16.56,32.4,STANDALONE,0
900122767,BIOMINERAL DONNA 30CPR,BIM,161.42,4,6,grossista,0,316,7,13.66,15.90,17.55,35,15.57,17.54,28.4,STANDALONE,0
912517909,DEODORANTE ANTITR ROLL-ON 50ML,VIC,161.39,7,13,grossista,0,788,,8.82,10.85,10.28,63,10.41,10.27,16.4,NON_POSIZIONABILE,0
986130351,ENTEROLACTIS PLUS 15CPS,ENO,161.19,6,12,MAGAZZINO,4,2078,,11.24,13.83,13.13,67,12.82,13.12,16.7,VIA_PC,0.71
010130021,BIODERMATIN*30CPR 5MG,BDR,161.13,3,4,grossista,0,121,1,10.53,12.49,13.83,26,12.00,13.82,31.2,STANDALONE,0
985995543,INSULIPID 60CPR,"",161.05,2,6,grossista,0,72,10,26.86,29.26,32.18,24,30.62,32.17,19.8,STANDALONE,0
983696612,B DYN B12 IF 84CPR MAST,ME1,160.97,5,9,grossista,0,352,,16.49,19.79,18.95,35,18.80,18.94,14.9,VIA_PC,0.85
950221109,BEALID X TEND 60CPR,"",160.82,3,7,grossista,0,101,,16.94,0.00,21.96,29,19.31,21.95,29.6,REINSERISCI_prezzo_fb,0
951212935,CATIONORM GOCCE 30F MONODOSE,CNM,160.75,1,4,grossista,0,148,,14.64,0.00,19.47,18,16.69,19.46,32.9,REINSERISCI_prezzo_fb,0
984871044,COLESIA SOFT GEL 60CPS MOLLI,CSA,160.69,3,4,grossista,0,222,,19.68,23.62,18.92,40,22.44,18.91,-3.9,NON_POSIZIONABILE,0
975585480,GLIALIA SOSPENSIONE ORALE200ML,0P9,160.67,4,5,grossista,0,1131,7,24.86,28.34,26.95,37,28.34,26.94,8.4,NON_POSIZIONABILE,0
922553072,DRENAGILL30 30CPR,"",160.42,3,6,grossista,0,276,,16.96,19.68,22.49,29,19.33,22.48,32.5,STANDALONE,0
974016343,METARELAX NEW 84BUST,MLX,160.36,3,4,grossista,0,75,,36.15,41.57,37.07,33,40.49,37.06,2.5,NON_POSIZIONABILE,0
971980457,NUXE HP ORO 100ML OLIO SECCO,NUX,160.33,3,7,grossista,0,63,,24.29,29.15,24.90,44,27.69,24.89,2.5,NON_POSIZIONABILE,0
041472046,FLECTORARTRO*GEL 100G 1% PRESS,FCO,159.77,4,14,MAGAZZINO,1,322,,7.39,9.02,6.82,57,8.72,6.81,-7.8,NON_POSIZIONABILE,0
927501080,PERTRIFOL DONNA 30CPR,1FR,159.60,2,5,grossista,0,149,9,14.23,16.77,18.85,38,16.22,18.84,32.4,STANDALONE,0
987718766,ORALB POWER ORAL CENTER MD20,ORA,159.55,2,3,grossista,0,97,,70.63,81.22,57.23,31,79.11,57.22,-19.0,NON_POSIZIONABILE,0
951176256,PLAS GAMBE LEGGERE 20STICK PAC,"",159.39,3,5,grossista,0,136,,19.43,0.00,25.90,21,22.15,25.89,33.2,REINSERISCI_prezzo_fb,0
952126441,CLIAFLOR PLUS OVULI 10OV,"",159.35,2,9,grossista,0,267,,13.79,0.00,18.33,23,15.72,18.32,32.8,REINSERISCI_prezzo_fb,0
982947475,CAPITAL SPRAY KID WAT RESIS50+,VIC,159.26,2,14,MAGAZZINO,2,32,,16.09,18.83,14.73,43,18.34,14.72,-8.5,NON_POSIZIONABILE,0
913086171,LIPO FOSFATIDILCOLINA 10F 10ML,"",159.25,2,2,grossista,0,5,7,42.41,51.29,37.14,17,47.50,37.13,-12.4,NON_POSIZIONABILE,0
932700521,KISTINOX FORTE 14BUST,KST,159.23,3,7,grossista,0,207,,18.93,22.72,20.22,44,21.58,20.21,6.8,NON_POSIZIONABILE,0
903570063,SERENITY PANN SAG CLAS EX 30PZ,SER,159.17,1,3,grossista,0,106,,13.87,0.00,14.50,25,15.81,14.49,4.5,NON_POSIZIONABILE,0
978508341,KALANIT LIMONE 30BUST,KKA,159.13,3,3,grossista,0,666,4,22.15,25.75,27.37,41,25.25,27.36,23.5,STANDALONE,0
972069633,AXIMAGNESIO 20BUST,SWB,158.96,4,10,grossista,0,125,,10.04,12.35,12.61,48,11.45,12.60,25.5,STANDALONE,0
934545450,PRINCIPIUM COMPLESSO B FT 60CP,PCM,158.94,5,11,grossista,0,529,,12.01,14.78,15.93,48,13.69,15.92,32.6,STANDALONE,0
935632101,PERSPIREX STRONG ANTITR ROLL O,PER,158.77,6,14,MAGAZZINO,1,367,,11.08,13.18,11.90,48,12.63,11.89,7.3,NON_POSIZIONABILE,0
949878298,ALYVAL MED CREMA INTIMA 50ML,VAL,158.74,2,5,grossista,0,12,,27.66,0.00,35.10,24,31.53,35.09,26.9,REINSERISCI_prezzo_fb,0
986475921,CISTIFLUX 28BUST,CFX,158.67,3,10,grossista,0,555,,13.31,15.84,15.86,39,15.17,15.85,19.1,STANDALONE,0
952056467,MONURELLE CBD OLEOGEL 30ML,MNU,158.42,3,10,grossista,0,61,,15.62,0.00,17.71,42,17.81,17.70,13.3,NON_POSIZIONABILE,0
934018298,KILOCAL BRUCIA GRASSI 15CPR,KIL,158.40,4,8,grossista,0,299,8,11.56,13.58,14.23,42,13.18,14.22,23.0,STANDALONE,0
988342147,KUKIDENT ULTIMATE NEUTRO 57G,KUK,158.30,5,10,MAGAZZINO,2,889,,8.15,9.70,11.19,50,9.62,11.18,37.2,STANDALONE,0
902530563,PILOREX 24CPR,BRH,158.03,2,6,MAGAZZINO,1,405,,13.84,17.02,16.03,64,15.78,16.02,15.8,VIA_PC,1.00
943222048,BLF100 GOCCE LATTOFERRINA 16ML,DIC,157.98,3,4,MAGAZZINO,1,508,,20.46,24.86,20.62,46,23.32,20.61,0.7,NON_POSIZIONABILE,0
930862065,FLOGAN 20CPR RIVESTITE,MYH,157.80,4,5,grossista,0,140,6,12.90,15.07,16.84,31,14.71,16.83,30.5,STANDALONE,0
972533549,REDOX S 30CPS,"",157.67,1,5,grossista,0,147,5,18.85,23.10,25.07,16,21.49,25.06,32.9,STANDALONE,0
938934965,BEROCCA PLUS 15CPR EFFERV,BCC,157.60,2,6,grossista,0,227,8,9.88,11.66,13.14,29,11.66,13.13,32.9,STANDALONE,0
905217295,MONOSELECT AGNUS 30CPR,PHX,157.36,5,9,grossista,0,144,,12.10,14.88,13.69,42,13.79,13.68,13.1,NON_POSIZIONABILE,0
989044096,MIAMO AGE REVERSE EYE CR 15ML,MMO,157.35,1,3,grossista,0,2,,51.19,0.00,51.97,27,57.33,51.96,1.5,NON_POSIZIONABILE,0
975428234,XEMOSE C8+ BALS OLIO 500ML,URI,157.18,3,6,MAGAZZINO,1,391,,16.13,18.87,19.84,43,18.39,19.83,22.9,STANDALONE,0
930197619,NEW VAPINAL INALATORE TERMALE,CAI,157.07,2,2,grossista,0,4,8,93.78,111.21,91.50,18,105.03,91.49,-2.4,NON_POSIZIONABILE,0
950478127,GSH-VA GLUTATIONE 60CPS ACIDO,"",157.05,4,6,grossista,0,593,,24.83,0.00,27.79,28,28.31,27.78,11.9,NON_POSIZIONABILE,0
951119116,RILASTIL DAILY C SOL MIC 500ML,RIL,157.03,2,13,grossista,0,16,,10.44,0.00,8.01,25,11.90,8.00,-23.4,NON_POSIZIONABILE,0
982999219,DEFENCE SUN DOPOSOLE IDRAT,BNK,156.92,2,5,grossista,0,23,9,19.63,23.12,17.84,19,22.38,17.83,-9.2,NON_POSIZIONABILE,0
904068463,POL CR EMOL PROT 250ML,POL,156.73,5,10,grossista,0,598,,14.88,17.71,16.59,52,16.96,16.58,11.4,NON_POSIZIONABILE,0
933402808,OMOMETIL 30CPS,MC4,156.69,3,8,grossista,0,903,5,11.42,13.46,15.19,36,13.02,15.18,32.9,STANDALONE,0
981150333,SILYMARIN CF 30ML,SKI,156.60,1,1,grossista,0,13,,153.57,184.29,128.92,26,172.00,128.91,-16.1,NON_POSIZIONABILE,0
949705747,FUSION WATER MAGIC GLOW SPF50,ISD,156.56,3,9,grossista,0,112,,21.14,25.37,21.94,33,24.10,21.93,3.7,NON_POSIZIONABILE,0
989669775,DEFENCE SUN 30 LATTE FLUI200ML,BNK,156.50,4,12,grossista,0,179,,13.96,17.17,12.79,42,15.91,12.78,-8.5,NON_POSIZIONABILE,0
951175544,PHYSIOMANCE ENDOM 60CPR,0Z1,156.45,2,4,grossista,0,16,,29.62,0.00,38.78,15,33.77,38.77,30.9,REINSERISCI_prezzo_fb,0
975508779,EUCERIN SUN PIGMENT CONTROL50+,EUC,156.38,4,12,MAGAZZINO,11,215,,10.36,12.33,12.55,47,11.81,12.54,21.0,STANDALONE,0
981273776,CLIADENT IDROPULSORE,UDF,156.38,1,3,MAGAZZINO,1,21,1,48.74,58.62,51.18,21,54.59,51.17,5.0,NON_POSIZIONABILE,0
982530697,REUPLUS FIBRA 20BUST,4FD,156.23,1,5,grossista,0,43,,11.56,13.41,14.96,24,13.18,14.95,29.3,STANDALONE,0
976014668,SYNOQUIN EFA M BREED 30CPR,"",156.19,2,5,grossista,0,69,7,20.94,24.73,25.50,23,23.87,25.49,21.7,STANDALONE,0
932210988,BRAVA PASTA STOMIA S/ALCOL 60G,CLP,156.17,4,7,grossista,0,104,4,7.35,8.66,9.74,29,8.67,9.73,32.4,STANDALONE,0
973653278,HELIOCARE 360 100+ GELCREAM,HEL,156.10,5,8,grossista,0,199,,19.26,22.54,18.99,39,21.96,18.98,-1.5,NON_POSIZIONABILE,0
981449491,COLIREV 30CPS,"",155.99,1,3,grossista,0,245,8,17.62,20.52,21.99,30,20.09,21.98,24.7,STANDALONE,0
989022811,AMPOULE A 30ML,SVR,155.98,1,7,grossista,0,58,,25.33,30.39,24.90,35,28.88,24.89,-1.7,NON_POSIZIONABILE,0
986179327,REMESCAR BORSE OCCHIAIE III8ML,EM0,155.96,4,5,grossista,0,228,,34.03,39.81,29.90,40,38.11,29.89,-12.2,NON_POSIZIONABILE,0
900282346,VENOPLANT CREMA GEL 100ML,VAT,155.90,5,11,grossista,0,132,,12.53,14.91,15.03,46,14.28,15.02,19.9,STANDALONE,0
800601015,2LC1 30CPS,FL9,155.77,1,2,grossista,0,4,8,78.29,90.81,86.75,30,87.68,86.74,10.8,NON_POSIZIONABILE,0
900319070,CROMOVIT PHARCOS 60CPS,PHA,155.72,2,5,MAGAZZINO,1,262,,21.21,25.77,26.47,39,24.18,26.46,24.8,STANDALONE,0
989928698,BIORITMON DEFEND PLUS 14BUST,7UY,155.69,3,11,grossista,0,708,,10.55,0.00,10.69,50,12.03,10.68,1.2,NON_POSIZIONABILE,0
926231402,VITAMINA D 2000 UI 84CPR,ME1,155.45,7,12,grossista,0,1145,,11.67,14.36,13.69,43,13.30,13.68,17.2,VIA_PC,0.68
908318189,DILATAN DILAT CRIOTERM 3PZ,"",155.44,2,6,grossista,0,111,6,26.97,31.74,34.53,29,30.75,34.52,28.0,STANDALONE,0
950057392,DIET SUCARYL 125ML,DSU,155.21,2,4,MAGAZZINO,1,816,,7.81,9.61,9.37,28,9.22,9.36,19.8,VIA_PC,0.25
990039339,DIMOOD LARGE 20STICK 12G,"",155.21,3,3,grossista,0,19,,32.74,0.00,41.32,15,36.67,41.31,26.2,REINSERISCI_prezzo_fb,0
947073932,RILASTIL SUN SYS WT MAT SPF50+,RIL,155.15,3,15,grossista,0,78,,11.98,14.74,13.16,41,13.66,13.15,9.8,NON_POSIZIONABILE,0
940003534,TOXEPUR 20CPS,"",155.13,3,4,grossista,0,8,,14.55,0.00,21.58,14,16.59,21.57,48.2,REINSERISCI_prezzo_fb,0
988027278,PARODONTAX BIPACK MENTA 2X75ML,PDX,155.01,7,20,MAGAZZINO,13,278,9,4.03,5.03,5.55,38,4.75,5.54,37.5,STANDALONE,0
936029952,LUBRIGYN HYDRA GEL 400ML,LUB,154.93,5,20,grossista,0,952,,6.09,7.49,6.23,44,7.19,6.22,2.1,NON_POSIZIONABILE,0
989980750,DIETALINEA BERBERINA 600 60CPR,DTT,154.75,4,6,grossista,0,230,,17.30,0.00,21.17,24,19.72,21.16,22.3,REINSERISCI_prezzo_fb,0
989050416,CONDRONIL IALQUATTRO SIR2% 4ML,"",154.56,1,2,grossista,0,3,3,75.43,87.41,81.90,19,84.48,81.89,8.6,NON_POSIZIONABILE,0
951506688,ISDINCEUTICS RETINAL EYES 20ML,"",154.46,2,4,grossista,0,1,,50.51,0.00,48.68,14,56.57,48.67,-3.6,NON_POSIZIONABILE,0
980860187,ENTOGOL 20BUST,6NK,154.28,3,6,grossista,0,332,9,8.94,10.43,11.73,31,10.55,11.72,31.1,STANDALONE,0
900059991,BEPANTHENOL PASTA LEN PROT100G,BEP,154.26,6,19,MAGAZZINO,8,2117,,7.87,9.84,10.26,73,9.29,10.25,30.2,STANDALONE,0
981264120,NEOSTRATA INTENSIVE EYE THERAP,NST,154.26,1,6,grossista,0,22,8,35.86,41.49,36.10,23,40.16,36.09,0.6,NON_POSIZIONABILE,0
985724184,FILORGA TIME FILLER EYES 5XP,F1G,154.08,3,4,grossista,0,320,,40.96,47.92,31.40,48,45.88,31.39,-23.4,NON_POSIZIONABILE,0
981625837,VITAL PROTEINS COLLAG PEP 567G,NES,154.02,3,5,grossista,0,133,,29.52,35.43,29.04,45,33.65,29.03,-1.7,NON_POSIZIONABILE,0
943008399,EUTRIS 30CPR,LLP,153.95,3,5,grossista,0,285,7,14.12,16.38,18.73,36,16.10,18.72,32.6,STANDALONE,0
931204200,IALOCLEAN 30CPR OROSOLUBILI,IAL,153.89,5,11,MAGAZZINO,1,1697,,10.09,12.41,12.36,42,11.50,12.35,22.4,VIA_PC,0.06
944918655,PROLIFE ZEROGAS 45CPR,PRL,153.88,6,21,grossista,0,450,,4.99,6.14,6.22,43,5.89,6.21,24.4,STANDALONE,0
950965222,FILORGA NCEF REVITALIZE EYES,F1G,153.82,1,2,grossista,0,28,,43.24,0.00,51.02,32,48.43,51.01,18.0,REINSERISCI_prezzo_fb,0
950000214,COENZIMA Q10 ACTIVE 45CPS,"",153.63,2,6,MAGAZZINO,1,152,,23.60,28.67,12.96,34,26.90,12.95,-45.1,NON_POSIZIONABILE,0
951332713,DEFENCE COLOR LIFTING FONDOT04,BNK,153.60,3,4,grossista,0,62,,23.74,0.00,22.69,30,27.06,22.68,-4.5,NON_POSIZIONABILE,0
920597248,SERENITY LIGHT LADY SUPER 30PZ,SER,153.59,3,3,grossista,0,116,,9.02,0.00,10.99,35,10.64,10.98,21.7,REINSERISCI_prezzo_fb,0
022816122,SOMATOLINE*GEL 30BUST 10G,SOM,153.57,3,3,MAGAZZINO,5,24,,37.38,45.60,41.52,35,41.86,41.51,11.0,NON_POSIZIONABILE,0
975449012,HELIOCARE 360 INVIS SPR SPF30,HEL,153.40,4,8,grossista,0,58,,16.24,18.84,17.71,44,18.51,17.70,9.0,NON_POSIZIONABILE,0
024352167,"GAVISCON*24CPR MENT250+133,5MG",GVN,153.38,6,15,MAGAZZINO,3,275,,6.06,7.39,7.04,53,7.15,7.03,16.0,NON_POSIZIONABILE,0
984573838,GLUTATIONE FORTE SALUGEA 60CPS,S0U,153.37,1,3,grossista,0,315,,30.42,36.50,33.60,34,34.07,33.59,10.4,NON_POSIZIONABILE,0
902362336,RESPECTISSIME STRUCC OCCHI BIF,LAR,153.35,4,8,MAGAZZINO,1,218,,13.07,16.07,14.49,64,14.90,14.48,10.8,NON_POSIZIONABILE,0
951043482,HYALU B5 CREMA VASO SPF30 50ML,LAR,153.30,3,5,grossista,0,53,,29.06,34.87,30.14,47,33.13,30.13,3.7,NON_POSIZIONABILE,0
981964935,RILASTIL SUN PPT 50+ BEIGE NF,RIL,153.25,2,11,grossista,0,175,,14.03,17.26,14.11,44,15.99,14.10,0.5,NON_POSIZIONABILE,0
935531549,AVENE SOL COMPATTO 50 SABBIA,AVE,152.95,4,8,grossista,0,384,,12.08,14.86,12.59,58,13.77,12.58,4.1,NON_POSIZIONABILE,0
989633805,ANTHELIOS LATTE UVMUNE 150ML,LAR,152.77,4,10,grossista,0,89,,15.56,18.67,13.29,38,17.74,13.28,-14.7,NON_POSIZIONABILE,0
977545591,FITONASAL SPRAY CONCENTRATO,ABO,152.74,5,12,MAGAZZINO,1,444,,8.99,11.05,11.19,54,10.60,11.18,24.4,STANDALONE,0
989007657,VENOSTIL 30CPR,"",152.71,1,3,grossista,0,62,,13.29,0.00,17.68,28,15.15,17.67,33.0,REINSERISCI_prezzo_fb,0
983679578,CERAVE CREMA VISO IDRAT SPF50,CV9,152.62,7,12,grossista,0,542,,12.30,15.13,14.62,67,14.02,14.61,18.8,VIA_PC,0.52
025774011,"DERMOCORTAL*CREMA 20G 0,5%",D8H,152.54,7,22,MAGAZZINO,1,243,,5.46,6.66,7.33,43,6.44,7.32,34.1,STANDALONE,0
925513590,CYSTOMAN URTO 15CPR EFFERVESC,CYT,152.44,5,7,MAGAZZINO,1,434,,12.17,14.96,14.18,39,13.87,14.17,16.4,VIA_PC,0.79
989977006,INOFERT PHD 20CPR,"",152.11,2,4,MAGAZZINO,1,228,,16.51,0.00,23.33,21,18.82,23.32,41.2,REINSERISCI_prezzo_fb,0
951450675,LONGLIFE ASTAXANTHIN VEGAN 8MG,LNG,151.83,1,3,MAGAZZINO,1,478,,15.02,0.00,19.90,30,17.12,19.89,32.4,REINSERISCI_prezzo_fb,0
987247689,ONLIGOL FIBRE PRUGNA 20BUST,"",151.83,5,8,grossista,0,251,,7.49,9.21,9.60,59,8.84,9.59,28.0,STANDALONE,0
987867140,ZREEN COLLAGENE POLVERE,ZRV,151.80,1,2,grossista,0,94,,24.63,0.00,31.53,30,28.08,31.52,28.0,REINSERISCI_prezzo_fb,0
941614240,LONGLIFE PEA 60CPS VEGETALI,LNG,151.79,2,7,grossista,0,217,7,19.95,23.31,24.07,42,22.74,24.06,20.6,STANDALONE,0
934981782,AVENE HOMME BALSAMO DOPOBARBA,AVE,151.76,4,7,grossista,0,142,,14.92,18.35,17.89,37,17.01,17.88,19.8,VIA_PC,0.47
951268782,QUIXX FORTE SOLUZIONE IRRIG,"",151.37,4,9,MAGAZZINO,1,428,,8.77,10.78,10.37,26,10.35,10.36,18.1,VIA_PC,0.42
981644697,REUMABEST 30CPR,4SS,151.37,1,4,grossista,0,160,8,15.99,18.77,21.17,31,18.23,21.16,32.3,STANDALONE,0
950405439,URIPYR 30BUST,"",151.28,4,5,MAGAZZINO,1,165,,19.20,23.32,24.53,25,21.88,24.52,27.7,STANDALONE,0
933009401,ROSACURE FAST CREMA 30ML,R1S,151.27,5,11,grossista,0,1074,10,14.69,17.11,18.01,41,16.75,18.00,22.5,STANDALONE,0
951059789,GOODERE LIBEEDO4HIM 60CPR,"",150.90,4,6,grossista,0,33,,21.70,0.00,26.88,18,24.74,26.87,23.8,REINSERISCI_prezzo_fb,0
931026924,GINEXID OVULI VAGINALI 10PZ,GIN,150.79,3,5,MAGAZZINO,1,467,,12.66,15.57,15.73,37,14.43,15.72,24.2,STANDALONE,0
951049194,MIAMO SUPR ANTIF EYE CR 15ML,MMO,150.79,2,5,grossista,0,2,,38.77,0.00,38.65,18,43.42,38.64,-0.3,NON_POSIZIONABILE,0
935931396,GASDEP ACTIVE 6+12BUST,ERZ,150.71,3,4,grossista,0,563,,11.36,13.30,14.59,38,12.95,14.58,28.3,STANDALONE,0
941181911,UV OFTAL SOL OFT LUB FOTOP10ML,36T,150.44,4,5,grossista,0,207,10,15.09,18.30,19.72,27,17.20,19.71,30.6,STANDALONE,0
980296279,CANDIDAS T 180PAST,GIO,150.40,1,5,grossista,0,28,3,18.18,21.22,23.85,22,20.73,23.84,31.1,STANDALONE,0
986129005,ENTEROLACTIS PLUS 14BUST,ENO,150.25,6,11,MAGAZZINO,1,495,,10.92,13.44,12.60,51,12.45,12.59,15.3,VIA_PC,0.85
939985471,FLORETRIX 50MLD 10BUST,FR7,150.24,3,3,grossista,0,54,7,13.16,15.38,17.40,34,15.00,17.39,32.1,STANDALONE,0
989669852,DEFENCE SUN 50+ CR VISO FOND,BNK,150.18,5,14,grossista,0,152,,11.65,14.33,13.45,43,13.28,13.44,15.4,VIA_PC,0.89
904924394,LONGLIFE EPA DHA GOLD 60PRL,LNG,150.11,5,6,grossista,0,190,9,15.66,18.32,18.81,38,17.85,18.80,20.1,STANDALONE,0
985600802,CURCUDYN FORTE 180CPS,ME1,149.93,1,2,MAGAZZINO,1,28,,71.32,82.58,73.55,26,79.88,73.54,3.1,NON_POSIZIONABILE,0
037291010,CAREXIDIL*SOLUZ CUT 60ML 5%,AVC,149.79,3,5,grossista,0,208,2,27.69,32.95,33.52,35,31.57,33.51,21.0,STANDALONE,0
982881714,PIROMAL GEL 20STICK,"",149.56,3,6,MAGAZZINO,1,358,,15.32,18.62,20.20,41,17.47,20.19,31.8,STANDALONE,0
975896426,GIBAUD ORTHO DORSOLOMBOGIB 2,GAD,149.53,1,1,MAGAZZINO,1,6,,119.23,154.99,131.67,16,133.53,131.66,10.4,NON_POSIZIONABILE,0
930886344,ERGOFORT 12BUST STICK PACK,EGF,149.45,2,5,grossista,0,159,6,14.00,16.06,18.62,39,15.96,18.61,32.9,STANDALONE,0
971347657,BIOREPAIR PLUS PROT TOTALE75ML,BIR,149.38,8,31,MAGAZZINO,3,997,,3.33,3.96,3.68,50,3.93,3.67,10.2,NON_POSIZIONABILE,0
984902686,RUSCOVEN BIOGEL 100ML,ABO,149.37,3,12,MAGAZZINO,1,119,5,10.16,12.34,13.49,42,11.59,13.48,32.7,STANDALONE,0
987744810,INOVITIS 60CPR,"",149.26,2,3,grossista,0,18,,18.45,21.40,24.54,19,21.03,24.53,33.0,STANDALONE,0
023356088,DAFLON*30CPR RIV 1000MG,DAF,149.09,2,6,MAGAZZINO,1,0,,19.27,0.00,26.43,23,21.97,26.42,37.1,REINSERISCI_prezzo_fb,0
047883057,DICLOFENAC TEVA*GEL120G 10MG/G,TVA,148.92,4,7,MAGAZZINO,2,181,,7.55,9.21,7.46,27,8.90,7.45,-1.3,NON_POSIZIONABILE,0
907264939,RILASTIL INTEN CR RASS VISO 50,RIL,148.90,2,5,grossista,0,186,,30.00,36.00,31.85,43,34.20,31.84,6.1,NON_POSIZIONABILE,0
980193039,SWISSE MAGNESIO POTAS FT24BUST,SWI,148.77,4,8,grossista,0,243,,11.50,13.68,13.31,43,13.11,13.30,15.7,VIA_PC,0.38
988024903,RESOURCE REFRESH LIMONE 4BOTT,NES,148.55,1,2,grossista,0,76,,17.64,0.00,24.11,15,20.11,24.10,36.6,REINSERISCI_prezzo_fb,0
909468365,EUPHORBIUM COMP SPR NAS 20ML,GNA,148.41,6,10,grossista,0,141,,11.77,14.48,13.32,47,13.42,13.31,13.1,NON_POSIZIONABILE,0
989332844,AVENE SOL LATTE SPF 50 100ML,AVE,148.41,3,10,grossista,0,659,,14.07,17.30,12.35,40,16.04,12.34,-12.3,NON_POSIZIONABILE,0
951200688,RILASTIL DIFESA CREMA STERILE,RIL,148.22,4,6,grossista,0,197,,17.57,0.00,21.55,27,20.03,21.54,22.6,REINSERISCI_prezzo_fb,0
951313030,MINERALVIS 150PAST,GIO,148.15,1,5,grossista,0,16,,22.90,0.00,30.07,13,26.11,30.06,31.3,REINSERISCI_prezzo_fb,0
950221770,KUKIDENT COMPLETE FRESCO 70G,KUK,148.10,7,11,MAGAZZINO,108,384,,7.92,9.42,11.03,49,9.34,11.02,39.1,STANDALONE,0
032246047,NEOMERCUROCROMO*SOLUZ FL 50ML,NMC,148.03,2,5,MAGAZZINO,11,229,5,4.71,5.79,7.16,50,5.56,7.15,51.8,STANDALONE,0
987247691,ONLIGOL FIBRE PESCA 20BUST,"",147.65,5,10,MAGAZZINO,2,404,,6.99,8.59,9.58,57,8.24,9.57,36.9,STANDALONE,0
974947158,GEL'CLEAR ADDENSANTE NEU 240G,N1S,147.50,2,2,grossista,0,29,3,23.29,27.13,30.48,22,26.55,30.47,30.8,STANDALONE,0
907043525,TUBES COLON 24CPS,4C6,147.29,3,3,grossista,0,121,7,15.20,17.92,20.02,40,17.33,20.01,31.6,STANDALONE,0
951364823,RETINOIQ 20CPR DIVISIBILI,"",147.29,2,3,grossista,0,19,,20.14,0.00,26.73,24,22.96,26.72,32.7,REINSERISCI_prezzo_fb,0
947057220,SPINOFF GOCCE 20ML,9T0,147.25,3,5,MAGAZZINO,1,226,,14.92,18.35,18.57,40,17.00,18.56,24.4,STANDALONE,0
982473668,SEDIVITAX ADVANCED 70CPS,ABO,147.05,7,8,MAGAZZINO,1,322,,15.25,18.52,17.89,59,17.38,17.88,17.2,VIA_PC,0.64
920036276,DRENAX FORTE MIRTILLO 60CPR,DRE,146.96,5,11,grossista,0,135,,11.09,13.64,11.99,43,12.64,11.98,8.0,NON_POSIZIONABILE,0
981047196,ISIDE HPV 14OV,0PZ,146.81,3,5,grossista,0,247,7,20.30,23.61,26.96,36,23.14,26.95,32.8,STANDALONE,0
935662609,SUPRADYN RICARICA 35CPR,SPY,146.67,5,12,MAGAZZINO,29,864,,10.79,13.27,13.30,75,12.30,13.29,23.2,STANDALONE,0
971992007,NUXE SUN ACQUA PROF DELIZ100ML,NUX,146.43,3,6,grossista,0,137,,21.81,25.30,21.90,30,24.86,21.89,0.4,NON_POSIZIONABILE,0
940083470,BROMELINA PLUS 500 60CPS,"",146.42,4,11,grossista,0,165,7,11.28,13.46,14.94,14,12.86,14.93,32.4,STANDALONE,0
939237970,BASENPULVER POLV 30BUST,NAD,146.41,2,2,grossista,0,83,,19.26,23.11,20.69,39,21.96,20.68,7.4,NON_POSIZIONABILE,0
973650308,TOLERIANE SENSITIVE CREMA VISO,LAR,146.32,4,7,grossista,0,227,,15.66,18.17,17.80,53,17.85,17.79,13.6,NON_POSIZIONABILE,0
042896035,TACHIFENE*16CPR RIV500MG+150MG,TCH,146.27,7,15,MAGAZZINO,31,218,4,6.30,7.68,8.59,28,7.44,8.58,36.2,STANDALONE,0
935034355,EUMILL GOCCE OCULARI RINFR10ML,EUM,146.03,5,14,MAGAZZINO,7,732,,6.60,7.85,7.25,63,7.79,7.24,9.7,NON_POSIZIONABILE,0
986464372,PAMPERS PROG MUT QUADRI MX 76P,PAM,145.91,1,3,grossista,0,11,,32.91,0.00,34.59,10,36.86,34.58,5.1,NON_POSIZIONABILE,0
989400306,ROC DERM CORREXION FIRMING SER,ROC,145.82,1,6,grossista,0,109,,32.83,39.40,30.63,23,36.77,30.62,-6.7,NON_POSIZIONABILE,0
985593882,FITOSTIMOLINE PLUS GARZE ADV5P,"",145.74,1,1,grossista,0,254,9,19.56,22.90,22.69,36,22.30,22.68,16.0,VIA_PC,0.22
025634041,NUROFEN*24CPR RIV 200MG,NRF,145.73,7,22,grossista,0,195,,5.38,6.35,6.00,52,6.35,5.99,11.3,NON_POSIZIONABILE,0
952114282,AUTOFAGIA SALUGEA 60CPS,S0U,145.67,2,2,grossista,0,63,,47.20,0.00,50.91,25,52.86,50.90,7.8,NON_POSIZIONABILE,0
981243431,ANTHELIOS AGE CORRECT SPF50,LAR,145.59,3,6,MAGAZZINO,3,157,,21.86,25.14,22.27,61,24.92,22.26,1.8,NON_POSIZIONABILE,0
989606936,ANGSTROM SPRAY TRASP SPF50+,ANG,145.54,3,11,MAGAZZINO,1,100,,14.03,16.70,12.69,37,15.99,12.68,-9.6,NON_POSIZIONABILE,0
974899419,LINES SP DERM SAG MAXI 30PZ,LIN,145.47,3,4,grossista,0,104,,12.55,0.00,16.96,19,14.31,16.95,35.1,REINSERISCI_prezzo_fb,0
010386074,HIRUDOID 40000UI*GEL 50G,HRO,145.39,5,11,MAGAZZINO,1,1064,,12.05,14.70,13.58,54,13.73,13.57,12.6,NON_POSIZIONABILE,0
034936106,FLUIMUCIL MUCOL*30BUST200MGS/Z,FIM,145.26,5,19,MAGAZZINO,3,216,,6.81,8.31,7.61,35,8.03,7.60,11.6,NON_POSIZIONABILE,0
952110411,TRIDERM BIPACK DET CRP CAP,BNK,144.96,3,8,grossista,0,17,,13.53,0.00,17.99,20,15.42,17.98,32.9,REINSERISCI_prezzo_fb,0
978867909,LIMBICA 14BUST,BSG,144.94,1,4,grossista,0,179,7,13.72,15.97,17.82,28,15.64,17.81,29.8,STANDALONE,0
983785092,RIVESCAL PSO SHAMPOO 200ML CAN,SF8,144.89,3,7,MAGAZZINO,1,368,,13.97,17.18,16.29,35,15.92,16.28,16.5,VIA_PC,0.90
943081075,LIPOMAG 30CPS,SLG,144.83,2,3,grossista,0,61,10,19.64,23.17,24.39,37,22.39,24.38,24.1,STANDALONE,0
906555394,DIGESTOMAP 60CPR,"",144.69,1,6,grossista,0,140,,15.29,17.74,20.28,38,17.43,20.27,32.6,STANDALONE,0
938272364,BUONERBE TISANA 20BST BIOSLINE,BBE,144.61,3,8,grossista,0,104,5,5.13,5.96,6.82,26,6.05,6.81,32.7,STANDALONE,0
938657069,MULTICENTRUM DONNA 50+ 30CPR,MUL,144.59,6,9,MAGAZZINO,12,546,,14.62,17.98,17.19,64,16.67,17.18,17.5,VIA_PC,0.80
933622514,INOFOLIC PLUS 20CPS,LLP,144.41,2,4,MAGAZZINO,1,685,,22.02,26.76,22.58,39,25.11,22.57,2.5,NON_POSIZIONABILE,0
950308496,NASHIRA COLLAGEN 10F 25ML,"",144.16,1,1,grossista,0,24,,47.39,0.00,,,53.08,,,NO_SCRAPER_48h,0
924760984,SAGINIL OVULI VAGINALI 10PZ,SGL,144.05,4,6,grossista,0,247,4,11.20,13.18,14.87,33,12.77,14.86,32.7,STANDALONE,0
974899407,LINES SP CL PANN SAG MAXI 30PZ,LIN,143.73,2,3,grossista,0,100,,13.86,0.00,18.43,30,15.80,18.42,32.9,REINSERISCI_prezzo_fb,0
981358599,PERFECT 15FX25ML,HZN,143.64,2,2,grossista,0,42,5,33.10,42.45,42.60,30,37.07,42.59,28.7,STANDALONE,0
908306323,DILATAN CREMA VEGETALE 50ML,"",143.63,3,6,grossista,0,215,7,9.56,11.49,10.45,37,11.28,10.44,9.2,NON_POSIZIONABILE,0
034358059,TACHIFLUDEC*16BUST LIMONE MIEL,TCH,143.53,3,15,MAGAZZINO,2,172,,8.26,10.08,10.19,44,9.75,10.18,23.2,STANDALONE,0
924451901,MELATONINA ACT +FT5COMPL 90CPR,F&F,143.50,8,13,MAGAZZINO,9,796,,5.45,6.70,6.24,48,6.43,6.23,14.3,NON_POSIZIONABILE,0
923438485,BIOGENA DERMOLIQUIDO PH5 500ML,BIO,143.48,5,9,grossista,0,289,8,12.71,14.76,15.57,41,14.49,15.56,22.4,STANDALONE,0
931153314,ARTELAC NIGHTTIME GEL 10ML,ATC,143.36,5,8,grossista,0,986,,11.97,14.72,13.47,49,13.65,13.46,12.4,NON_POSIZIONABILE,0
981536788,NEOTAD 20BUST,"",143.29,3,6,grossista,0,244,7,12.38,14.41,15.84,27,14.11,15.83,27.9,STANDALONE,0
911961100,FIBRAFOS CANE 20BUST DA 30G,"",143.23,1,3,grossista,0,324,,23.67,28.40,7.55,37,26.98,7.54,-68.1,NON_POSIZIONABILE,0
028561037,KETODOL*20CPR 25MG+200MG,KET,143.18,7,19,MAGAZZINO,2,956,,6.94,8.47,7.00,57,8.19,6.99,0.7,NON_POSIZIONABILE,0
902299458,CLOREXYDERM SOL SCH 200ML,"",143.12,3,7,MAGAZZINO,1,532,,15.12,18.37,15.52,50,17.23,15.51,2.6,NON_POSIZIONABILE,0
947147827,FOTOULTRA100 SPOT PREVENT COL,ISD,142.91,3,7,grossista,0,76,7,22.52,26.50,23.92,22,25.67,23.91,6.2,NON_POSIZIONABILE,0
934551615,KISTINOX FORTE 20CPR,KST,142.71,3,5,grossista,0,145,,18.96,22.76,20.83,44,21.61,20.82,9.8,NON_POSIZIONABILE,0
945030652,EMOGLOFER 30CPS,SHD,142.55,2,5,grossista,0,268,5,17.28,20.29,22.90,25,19.70,22.89,32.5,STANDALONE,0
984852830,RILASTIL PROGRES CREMA ANTIR,RIL,142.53,4,5,MAGAZZINO,1,226,,27.80,33.78,28.89,46,31.70,28.88,3.9,NON_POSIZIONABILE,0
985778253,CITICOLINA PURA 125PAST,GIO,142.53,2,4,grossista,0,89,5,33.10,38.16,40.99,29,37.07,40.98,23.8,STANDALONE,0
975966918,BIAFIN EMULSIONE CUTANEA PROMO,BIA,142.26,4,14,MAGAZZINO,43,309,,6.04,7.19,8.17,53,7.13,8.16,35.1,STANDALONE,0
986709107,NATUR-OX 30CPR GASTRORESISTENT,"",142.19,3,3,grossista,0,124,10,16.83,19.45,22.21,23,19.19,22.20,31.9,STANDALONE,0
951171495,OPTIM BUTYRATE 90CPS,"",142.17,2,7,grossista,0,4,,19.92,0.00,26.49,23,22.71,26.48,32.9,REINSERISCI_prezzo_fb,0
925606840,WELLION LUNA CHOLES STRIPS10PZ,"",142.03,4,6,grossista,0,12,7,15.35,18.25,20.43,25,17.50,20.42,33.0,STANDALONE,0
926562719,PROSTAMOL 30CPS MOLLI,PSM,142.02,3,9,grossista,0,3404,,14.87,18.29,18.73,66,16.95,18.72,25.9,STANDALONE,0
935334363,SYNCHROLEVELS SPRAY 30ML,"",141.86,3,4,grossista,0,340,9,22.99,27.09,26.04,43,26.21,26.03,13.2,NON_POSIZIONABILE,0
947130098,IPNOREM GOCCE 30ML,"",141.86,2,3,grossista,0,131,1,13.56,15.57,18.03,29,15.46,18.02,32.9,STANDALONE,0
976399788,SERENITY PANN MUT CLASS EX XL,SER,141.85,1,2,grossista,0,102,,11.90,0.00,12.57,25,13.57,12.56,5.5,NON_POSIZIONABILE,0
930997313,SEBAMED LIQUIDO 1000ML TP,SBM,141.75,4,8,grossista,0,43,,11.09,13.20,12.50,37,12.64,12.49,12.6,NON_POSIZIONABILE,0
940557958,GOLDEN GABA 50CPS VEG,SLG,141.63,4,5,grossista,0,110,6,16.43,19.24,20.38,34,18.73,20.37,24.0,STANDALONE,0
971968134,DEODORANTE MINERAL AEROSOL,VIC,141.43,3,7,MAGAZZINO,9,181,,9.49,11.11,10.29,48,11.20,10.28,8.3,NON_POSIZIONABILE,0
989638477,LYNFASE CONCENTRATO FLUIDO12FL,ABO,141.42,4,4,grossista,0,281,,18.96,22.19,19.97,57,21.61,19.96,5.3,NON_POSIZIONABILE,0
986828325,CAPINERV DOL 20CPR GASTROPROT,"",141.38,3,4,grossista,0,153,,19.00,0.00,25.20,25,21.66,25.19,32.6,REINSERISCI_prezzo_fb,0
950836205,MAVOSTEN MAGNESIO 60CPS,5MO,141.36,4,5,grossista,0,69,,22.30,0.00,26.29,22,25.42,26.28,17.8,REINSERISCI_prezzo_fb,0
925006088,ACNEFFE ECOMOUSSE 150ML,CF5,141.30,3,8,MAGAZZINO,1,129,2,11.31,13.28,15.03,40,12.89,15.02,32.8,STANDALONE,0
927291068,B DYN 30CPR,ME1,141.00,6,10,MAGAZZINO,1,666,,12.23,15.05,13.69,45,13.94,13.68,11.9,NON_POSIZIONABILE,0
951171356,LONGLIFE RODIOLA 3% ROSAV400MG,LNG,140.97,2,4,grossista,0,143,,19.56,0.00,25.90,25,22.30,25.89,32.4,REINSERISCI_prezzo_fb,0
984099147,ACUSEPT 40STICK PACK,"",140.96,1,2,grossista,0,175,9,19.82,23.17,27.39,23,22.59,27.38,38.1,STANDALONE,0
934637935,RILASTIL LIPOFUSION FLUID250ML,RIL,140.95,4,6,grossista,0,135,8,23.70,27.57,28.43,45,27.02,28.42,19.9,STANDALONE,0
971998354,EKEEP K1 POSTURE KEEPER D 3,EKE,140.80,2,2,MAGAZZINO,4,8,,58.20,75.66,74.06,26,65.18,74.05,27.2,VIA_PC,1.61
950831913,TONIMER PANTHEXYL 800 SPR100ML,TON,140.76,6,8,grossista,0,215,13,8.99,10.50,8.31,34,10.61,8.30,-7.7,NON_POSIZIONABILE,0
951064548,CERAVE SKIN RENEWING CR VISO,CV9,140.61,4,8,grossista,0,287,,20.19,0.00,22.05,48,23.02,22.04,9.2,NON_POSIZIONABILE,0
104373030,"ADVANTAGE*4PIP 0,8ML SPOTON",ADT,140.31,3,6,grossista,0,65,,15.47,18.56,17.23,37,17.64,17.22,11.3,NON_POSIZIONABILE,0
982454795,JUST FOR MEN CONTROL GX SH COL,JFM,140.31,5,9,grossista,0,166,7,8.54,10.08,11.33,32,10.08,11.32,32.6,STANDALONE,0
037184013,DICLOREUM UNIDIE*5CER 136MG24H,DUM,140.23,7,10,grossista,0,150,,11.24,13.27,14.39,48,12.81,14.38,27.9,STANDALONE,0
971998341,EKEEP K1 POSTURE KEEPER D 2,EKE,139.94,1,2,MAGAZZINO,4,7,8,58.20,79.71,74.07,26,65.18,74.06,27.3,VIA_PC,5.65
930956836,EUTROSIS 641 TUBO 400ML,EUT,139.80,3,5,grossista,0,338,8,14.18,16.51,18.78,46,16.17,18.77,32.4,STANDALONE,0
950073015,KADERMIN REPAIR 30CPS,"",139.56,1,2,grossista,0,2,,17.68,0.00,24.64,8,20.16,24.63,39.3,REINSERISCI_prezzo_fb,0
912321395,PHYSIO TONICO LENITIVO 200ML,LAR,139.09,5,8,MAGAZZINO,1,75,,13.79,16.96,15.10,45,15.72,15.09,9.4,NON_POSIZIONABILE,0
983762713,ENTEROGERMINA INTEST PIGRO 20B,"",138.94,4,5,grossista,0,162,,14.59,17.94,16.73,37,16.63,16.72,14.6,VIA_PC,1.22
974889937,D3BASE JUNIOR 30CARAM FRUT BOS,D3B,138.87,3,6,MAGAZZINO,4,733,,7.58,9.32,10.29,39,8.94,10.28,35.6,STANDALONE,0
950992925,EURELAN 56CPS DEGLUTIBILI,"",138.74,3,4,grossista,0,130,,19.50,0.00,25.94,27,22.23,25.93,33.0,REINSERISCI_prezzo_fb,0
934737394,CICATRIDINA POMATA 60G,CIC,138.71,2,8,MAGAZZINO,1,3230,,13.21,16.25,15.80,47,15.06,15.79,19.5,VIA_PC,0.46
902068701,EUBOS CREMA NORMALIZZANTE 50ML,EUB,138.64,3,4,grossista,0,581,8,19.13,22.63,25.39,35,21.81,25.38,32.7,STANDALONE,0
921575510,LIFTACTIV SUPREME OCCHI 15ML,VIC,138.60,2,6,MAGAZZINO,1,145,,20.28,23.72,21.02,47,23.12,21.01,3.6,NON_POSIZIONABILE,0
927046538,CANDIGENOL 30CPR,LEG,138.59,4,7,grossista,0,299,,16.35,19.62,20.62,40,18.64,20.61,26.1,STANDALONE,0
940165905,NERVANA CREMA INTIMA 50ML,"",138.59,3,6,grossista,0,42,,24.33,0.00,31.01,21,27.74,31.00,27.4,REINSERISCI_prezzo_fb,0
984504668,ALOCROSSGEL SOLUZIONE OFT15MON,OFH,138.49,2,4,grossista,0,123,4,13.08,15.38,17.38,24,14.91,17.37,32.8,STANDALONE,0
942061716,MIRAMAG-K 600 20BUST,0MI,138.41,2,3,grossista,0,193,8,13.77,16.36,17.99,33,15.70,17.98,30.6,STANDALONE,0
902494184,CEBION DEFEND 12CPR EFFERV,CEB,138.18,2,3,MAGAZZINO,8,262,,4.92,6.20,6.41,43,5.80,6.40,30.1,STANDALONE,0
984985818,SOMAT SKIN EX PANCIA/FIANC CR,SOM,138.13,2,6,grossista,0,91,,28.08,32.86,29.49,42,32.01,29.48,5.0,NON_POSIZIONABILE,0
951063698,PHLIFE IONS BOOSTER 120G,"",138.09,1,3,grossista,0,1,,26.15,0.00,33.99,9,29.81,33.98,29.9,REINSERISCI_prezzo_fb,0
981042981,RILASTIL XEROLACT PB BALS400ML,RIL,138.04,5,7,MAGAZZINO,1,311,,17.70,20.71,20.00,38,20.18,19.99,12.9,NON_POSIZIONABILE,0
881598674,HOMEOS 42 GLOBULI 30TUBI,CEN,137.94,2,5,MAGAZZINO,16,24,,21.52,26.14,21.68,36,24.53,21.67,0.7,NON_POSIZIONABILE,0
949976245,SAUGELLA MEDIT DERMOLIQ+POCH,SAU,137.94,9,17,MAGAZZINO,1,102,,5.76,7.08,9.23,36,6.79,9.22,60.1,STANDALONE,0
981495827,GOLD COLLAGEN HAIRLIFT 10FL,GOC,137.89,1,1,MAGAZZINO,3,126,,32.19,39.11,30.25,42,36.05,30.24,-6.1,NON_POSIZIONABILE,0
951090327,COSEQUIN ADVANCED GATTO 45CPR,"",137.74,2,5,grossista,0,13,,20.92,0.00,25.86,14,23.85,25.85,23.6,REINSERISCI_prezzo_fb,0
939929877,RIGENOMA CREMA 100ML,BG0,137.62,1,3,grossista,0,151,6,25.01,29.21,26.40,33,28.51,26.39,5.5,NON_POSIZIONABILE,0
944143585,ISDINCEUTICS HYALURONIC MOIST,ISD,137.55,2,4,grossista,0,28,,36.49,42.69,37.54,26,40.87,37.53,2.9,NON_POSIZIONABILE,0
987411826,MELA B3 CREMA SPF30 40ML,LAR,137.32,4,6,grossista,0,124,,25.66,30.79,26.82,62,29.25,26.81,4.5,NON_POSIZIONABILE,0
043050018,"BENACTIVDOL GOLA*SPRAY15ML8,75",BEC,137.12,5,17,grossista,0,596,,6.52,7.70,7.37,53,7.69,7.36,12.9,NON_POSIZIONABILE,0
925825212,LIFTACTIV SUPREME PS 50ML,VIC,137.11,4,5,grossista,0,91,,26.75,31.30,27.15,48,30.50,27.14,1.5,NON_POSIZIONABILE,0
949504498,LUBRIGYN INTIMA EMULGEL CBD,LUB,137.07,2,5,grossista,0,324,,19.76,23.12,19.86,37,22.53,19.85,0.5,NON_POSIZIONABILE,0
951890159,SERENA HA+ 30CPS,"",136.91,2,3,grossista,0,70,,19.06,0.00,25.75,24,21.73,25.74,35.0,REINSERISCI_prezzo_fb,0
988775375,TRIOBIOTIX360 GYNE10BUST T-WIN,NAD,136.76,3,6,grossista,0,485,,13.35,16.43,14.33,34,15.22,14.32,7.3,NON_POSIZIONABILE,0
906153200,CLOGIN LAVANDA VAG 5FL 100ML,CGN,136.57,6,10,MAGAZZINO,1,257,,12.45,14.82,16.56,38,14.20,16.55,32.9,STANDALONE,0
026045029,CANESTEN UNIDIE*CREMA 30G 1%,CAS,136.45,5,10,grossista,0,363,,11.80,13.93,14.53,54,13.45,14.52,23.1,STANDALONE,0
938971761,TEGADERM FILM TRASP10X12CM 5PZ,3M0,136.24,2,3,grossista,0,176,7,9.97,11.82,12.78,32,11.76,12.77,28.1,STANDALONE,0
951144575,LACRIBEN GEL OCULARE 30F,"",136.00,2,4,grossista,0,160,,18.62,0.00,24.18,21,21.23,24.17,29.8,REINSERISCI_prezzo_fb,0
938668961,EDENOX 20CPR,LB1,135.97,3,4,MAGAZZINO,1,214,,19.78,24.03,23.09,42,22.55,23.08,16.7,VIA_PC,0.95
934408725,BIOTHYMUS AC ACT D LOZ 100ML,BTH,135.81,2,6,grossista,0,75,,23.72,28.46,25.89,37,27.04,25.88,9.1,NON_POSIZIONABILE,0
984839631,MONASCUS COMPLEX 200CPS,F2T,135.79,1,3,grossista,0,2,,41.88,0.00,54.70,10,46.91,54.69,30.6,REINSERISCI_prezzo_fb,0
974369605,100% WHEY PROT SHAKE CHOCO BRO,NAD,135.73,1,1,grossista,0,35,,31.87,36.65,32.60,24,35.69,32.59,2.3,NON_POSIZIONABILE,0
029032075,CODEX*12CPS 5MLD 250MG,CDX,135.56,6,17,MAGAZZINO,29,997,,5.83,7.11,6.99,60,6.88,6.98,19.7,VIA_PC,0.13
025825023,RUSCOROID*CREMA RETT 40G 1%+1%,RRD,135.39,6,15,MAGAZZINO,2,182,,7.03,8.58,7.35,43,8.29,7.34,4.4,NON_POSIZIONABILE,0
982733661,REVEE SCAR GEL 60G,EVE,135.09,2,2,grossista,0,51,7,74.05,85.71,82.93,22,82.94,82.92,12.0,NON_POSIZIONABILE,0
921189243,OXILIFE 30CPS,MMH,135.06,1,3,grossista,0,118,4,18.63,22.03,20.85,24,21.24,20.84,11.9,NON_POSIZIONABILE,0
975961727,NATURA MIX ADVANCED ENERG 10FL,ABO,135.00,3,5,grossista,0,190,,15.52,18.63,18.73,66,17.69,18.72,20.6,STANDALONE,0
980776936,VITAMINE MAXIMUM B 180PAST,GIO,134.96,3,6,grossista,0,1,2,15.84,18.63,23.64,13,18.06,23.63,49.2,STANDALONE,0
034738017,ACICLOVIR MY*CREMA 3G 5%,MYA,134.87,7,27,grossista,0,377,,3.59,4.23,3.99,31,4.24,3.98,10.9,NON_POSIZIONABILE,0
951365168,ANTHELIOS UVSPORT GEL-CR 200ML,"",134.83,4,7,grossista,0,73,,15.27,0.00,15.76,44,17.41,15.75,3.1,NON_POSIZIONABILE,0
942819463,PHYTODEPURA FORTE 30BUST CONC,BSL,134.78,3,4,grossista,0,112,9,15.64,18.45,19.87,32,17.83,19.86,27.0,STANDALONE,0
951456387,LEVOFLOG ART 15CPS,"",134.73,1,2,grossista,0,27,,26.04,0.00,33.39,23,29.69,33.38,28.2,REINSERISCI_prezzo_fb,0
984320073,RESTAX AREATA 30CPS,WIK,134.58,4,4,grossista,0,80,6,25.14,29.20,26.39,39,28.66,26.38,4.9,NON_POSIZIONABILE,0
902994817,STOPPER GRANULARE 20BUST,"",134.46,3,4,grossista,0,114,3,8.43,9.98,11.21,33,9.95,11.20,32.9,STANDALONE,0
927042717,REFEEL 30CPR,XDX,134.35,3,5,grossista,0,167,,12.75,15.68,16.66,37,14.54,16.65,30.6,STANDALONE,0
920187628,EFFACLAR GEL MOUSSE 400ML,LAR,134.16,4,9,MAGAZZINO,4,2001,,15.29,18.57,17.56,69,17.43,17.55,14.8,VIA_PC,1.02
930605288,ACUTIL FOSFORO ADVANCE 10FL,ACU,133.77,3,5,grossista,0,1206,,10.21,12.56,10.39,69,11.64,10.38,1.7,NON_POSIZIONABILE,0
951145402,SELMAR 30CPS,"",133.77,3,5,MAGAZZINO,1,408,,14.41,17.72,18.62,20,16.43,18.61,29.1,STANDALONE,0
906007695,SAUGELLA IDROCREMA PH NEU 30ML,SAU,133.65,4,11,MAGAZZINO,3,1579,,8.75,10.41,11.16,65,10.32,11.15,27.4,STANDALONE,0
970375945,EPATOSTAR FORTE 20CPR RIVEST,EA9,133.57,2,3,grossista,0,158,5,13.16,15.26,17.44,34,15.00,17.43,32.4,STANDALONE,0
974059622,LINES CLAS SAGOMATO SUPER 30PZ,LIN,133.55,3,4,grossista,0,168,,11.57,0.00,14.99,25,13.19,14.98,29.5,REINSERISCI_prezzo_fb,0
983364415,MAGNESIO E POTASSIO POLV 360G,GIO,133.55,4,6,grossista,0,94,7,15.68,18.46,20.77,22,17.88,20.76,32.4,STANDALONE,0
981458641,PRO COLLAGEN VEG 21BUST,FDE,133.37,1,3,grossista,0,5,,20.74,0.00,25.02,23,23.64,25.01,20.6,REINSERISCI_prezzo_fb,0
040657025,FASTUM ANTIDOLORIFICO*1% 100G,FAS,133.33,4,11,grossista,0,813,10,6.88,8.32,7.95,40,8.12,7.94,15.4,NON_POSIZIONABILE,0
981937372,KERACNYL PP+ CREMA A/IMPER30ML,DUC,133.26,6,10,MAGAZZINO,2,315,,13.93,17.14,16.08,46,15.88,16.07,15.4,VIA_PC,1.07
984322293,RESTOMYL DENTIFRICIO 50ML,1N9,133.00,4,11,grossista,0,100,7,9.35,10.89,11.25,35,11.03,11.24,20.2,STANDALONE,0
017076148,VENORUTON*30CPR RIV 500MG,VEN,132.89,6,9,MAGAZZINO,1,413,,12.33,15.04,,,14.06,,,NO_SCRAPER_48h,0
907162527,AVALON DETERGENTE 500ML,AVA,132.87,3,5,grossista,0,219,,11.88,14.14,13.49,40,13.54,13.48,13.5,NON_POSIZIONABILE,0
937106781,DESMODIO 15AMPOLLE,"",132.85,2,2,grossista,0,30,7,12.08,14.14,12.23,20,13.77,12.22,1.2,NON_POSIZIONABILE,0
982984864,NOVANIGHT 30CPR RIL RAPIDO NEW,NGT,132.70,4,11,MAGAZZINO,5,739,,9.99,12.49,11.87,55,11.79,11.86,18.7,VIA_PC,0.63
949970661,IALURONICO PLUS CREMA 25G,"",132.61,7,17,MAGAZZINO,2,745,,7.59,9.87,6.29,39,8.95,6.28,-17.3,NON_POSIZIONABILE,0
924530924,KRIN UP SPRAY 120ML,CF5,132.58,1,3,grossista,0,108,4,24.34,28.27,31.95,31,27.75,31.94,31.2,STANDALONE,0
909215954,TROFO 5 POLVERE 50G,TRF,132.49,3,8,MAGAZZINO,2,1603,,10.02,11.92,12.38,37,11.42,12.37,23.5,STANDALONE,0
940037599,FUSION WATER MAGIC REP COLOR50,ISD,132.41,1,7,grossista,0,101,,21.62,25.94,25.25,40,24.65,25.24,16.7,VIA_PC,0.70
978594620,TRIOFER 30CPR,2L4,132.40,3,6,grossista,0,426,,15.49,18.59,19.96,47,17.66,19.95,28.8,STANDALONE,0
951216252,CUTIMED SORBACT CONT 4X6CM 5PZ,CUM,132.37,2,4,grossista,0,84,,20.42,0.00,26.14,22,23.28,26.13,28.0,REINSERISCI_prezzo_fb,0
935876971,PERISTIL FAST 10STICK 15ML,HLU,131.95,2,2,grossista,0,84,4,10.64,12.37,14.15,31,12.13,14.14,32.9,STANDALONE,0
980682254,PUFAGENICS FORTE 60CPS,ME1,131.93,2,3,grossista,0,166,,41.70,50.04,42.71,39,46.70,42.70,2.4,NON_POSIZIONABILE,0
983533694,SEBIACLEAR AMPOULE FLASH 30ML,SVR,131.90,5,6,grossista,0,271,,22.27,25.83,25.66,50,25.39,25.65,15.2,VIA_PC,0.18
951332600,DEFENCE SUN OLIO SPRAY SPF50+,BNK,131.64,4,11,grossista,0,66,,12.55,0.00,13.89,31,14.31,13.88,10.6,NON_POSIZIONABILE,0
903035160,RESURGEN 100ML,NBF,131.62,3,5,grossista,0,97,,16.85,19.55,21.81,39,19.21,21.80,29.4,STANDALONE,0
922850932,EFFACLAR MAT 40ML,LAR,131.61,6,9,MAGAZZINO,9,0,1,12.76,15.32,17.17,36,14.55,17.16,34.5,STANDALONE,0
984952679,VITINIX VENE 30CPR,"",131.56,1,4,grossista,0,82,7,15.21,19.10,20.23,18,17.34,20.22,32.9,STANDALONE,0
907059240,RILASTIL CORPO TRAT SPEC RASSO,RIL,131.46,3,6,MAGAZZINO,1,117,,25.36,29.68,30.58,41,28.91,30.57,20.5,STANDALONE,0
931601037,ARTROGEN ARTICOLAZIONI 60PRL,MRT,131.43,4,8,grossista,0,377,,10.11,12.43,12.43,45,11.53,12.42,22.8,VIA_PC,0.01
925223998,DEFENCE DEO ULTRA CARE ROLL-ON,BNK,131.28,5,12,grossista,0,61,,9.30,11.06,6.03,42,10.97,6.02,-35.3,NON_POSIZIONABILE,0
951150376,BACTOBLIS EVOL 30CPR OROSOL,"",131.21,2,4,grossista,0,194,,18.24,0.00,22.45,22,20.79,22.44,23.0,REINSERISCI_prezzo_fb,0
950945459,DEFENCE ANAGENIX K LOZ A/CAD,BNK,131.18,3,6,grossista,0,116,,25.69,0.00,27.88,32,29.29,27.87,8.5,NON_POSIZIONABILE,0
987498728,NORMOCIS CARDIO 28BUST OROSOL,"",131.08,1,3,grossista,0,69,7,21.20,24.84,26.89,24,24.17,26.88,26.8,STANDALONE,0
900976135,ULTRA TWO MULTIVIT 90TAV,NTP,130.83,1,2,grossista,0,1,3,64.88,77.38,73.15,22,72.67,73.14,12.7,VIA_PC,4.24
978436083,JALURONIUS CREAM 50ML,DCO,130.77,4,5,grossista,0,534,7,23.39,27.28,24.28,45,26.66,24.27,3.8,NON_POSIZIONABILE,0
988754976,SEDANAM 30CPR,NAD,130.69,4,11,grossista,0,780,9,9.48,11.09,11.50,32,11.19,11.49,21.2,STANDALONE,0
981042904,RILASTIL SUN PPT 50+ CR VEL,RIL,130.62,7,12,grossista,0,185,,12.65,15.56,13.16,48,14.42,13.15,4.0,NON_POSIZIONABILE,0
938490455,VITIPROST 30SOFT GEL,MSG,130.55,2,5,grossista,0,309,,10.26,12.62,12.16,44,11.70,12.15,18.4,VIA_PC,0.47
905026427,"TSP 0,2% SOL OFTALMICA 10ML",TSP,130.45,1,1,MAGAZZINO,1,52,,12.35,15.19,16.38,38,14.08,16.37,32.6,STANDALONE,0
931808149,UROLIN SOLUZIONE 150ML,"",130.42,2,3,grossista,0,98,,13.51,15.67,17.89,27,15.40,17.88,32.3,STANDALONE,0
016242152,BENAGOL VIT C*36PAST ARANCIA,BEG,130.34,8,14,MAGAZZINO,1,144,,8.14,9.93,9.46,50,9.61,9.45,16.1,NON_POSIZIONABILE,0
948170941,GOLAFTIN 30CPR OROSOLUBILI,"",130.27,2,5,grossista,0,125,,9.15,0.00,13.80,24,10.80,13.79,50.7,REINSERISCI_prezzo_fb,0
980802033,BUTIRRATO PURO LIQ ANALCO500ML,GIO,130.18,2,4,grossista,0,65,5,22.86,26.99,29.99,24,26.06,29.98,31.1,STANDALONE,0
973652151,CISTOPIU' 30CPR,"",130.10,4,7,MAGAZZINO,1,248,,12.93,15.90,15.02,38,14.73,15.01,16.1,VIA_PC,0.89
023399049,GINETANTUM*SOL VAG 5FL 140ML,GTT,129.99,1,5,MAGAZZINO,1,213,,12.00,14.64,15.20,51,13.68,15.19,26.6,STANDALONE,0
950935597,PIRV F20 30CPS,"",129.85,2,4,grossista,0,60,,15.61,0.00,20.76,29,17.80,20.75,32.9,REINSERISCI_prezzo_fb,0
987411853,MELA B3 GEL DET VISO 200ML,LAR,129.84,3,10,grossista,0,344,,15.38,18.46,18.29,46,17.53,18.28,18.9,VIA_PC,0.18
931525113,RILASTIL LIPOREDUCER CREMA 200,RIL,129.76,2,4,grossista,0,68,8,26.39,30.64,29.20,39,30.08,29.19,10.6,NON_POSIZIONABILE,0
980505933,NADIAX 3 CREMA NANOEMULS 150ML,WE0,129.61,2,4,grossista,0,189,7,19.81,23.77,25.68,19,22.58,25.67,29.6,STANDALONE,0
027032059,"NAAXIA*COLL 10ML 4,9%",NAX,129.51,4,9,grossista,0,186,3,13.18,15.67,17.29,31,15.03,17.28,31.1,STANDALONE,0
938398435,IMMUDEK SH FORTE 15CPS,MMD,129.37,3,5,MAGAZZINO,1,1178,,12.14,14.94,14.41,50,13.84,14.40,18.6,VIA_PC,0.54
950069613,CARNIUM BOT HER BIOTIC 30CPS,"",129.32,1,3,grossista,0,13,,21.32,0.00,26.19,15,24.30,26.18,22.8,REINSERISCI_prezzo_fb,0
975447475,TOLERIANE SENSITIVE FLUIDO VIS,LAR,129.31,6,8,MAGAZZINO,2,281,,14.90,18.32,17.54,45,16.98,17.53,17.7,VIA_PC,0.79
951306188,LINEAGIN LAVANDA 5FL 140ML,1NK,129.25,1,6,grossista,0,183,,13.51,0.00,17.97,26,15.40,17.96,32.9,REINSERISCI_prezzo_fb,0
927292110,CLEARBLUE ADV MONIT FERTIL STI,CBL,129.07,2,3,grossista,0,86,7,35.26,40.90,37.90,30,39.49,37.89,7.5,NON_POSIZIONABILE,0
105682052,"FRONTPRO*3CPR 4-10KG 28,3MG","",129.02,4,5,grossista,0,119,,23.51,28.21,25.35,43,26.80,25.34,7.8,NON_POSIZIONABILE,0
983039948,AVENE SOL CREMA SPF50+ COLOR,AVE,129.02,4,10,grossista,0,341,,12.16,14.96,12.59,48,13.86,12.58,3.5,NON_POSIZIONABILE,0
990149674,ARTENNUA XL 30CPR,"",129.02,1,1,grossista,0,16,,61.26,0.00,68.15,20,68.61,68.14,11.2,NON_POSIZIONABILE,0
951677626,PHYSIOMANCE BROMELAINE 60CPS,0Z1,128.88,2,4,grossista,0,65,,24.55,0.00,32.51,19,27.99,32.50,32.4,REINSERISCI_prezzo_fb,0
950150639,BIOSCALIN TOTAL CARE 60CPR,BIS,128.86,3,4,MAGAZZINO,1,182,,27.91,33.91,27.86,54,31.81,27.85,-0.2,NON_POSIZIONABILE,0
003410065,IMIDAZYL*COLL 10FL 1D 1MG/ML,IMZ,128.74,6,21,MAGAZZINO,1,225,,4.50,5.49,5.36,48,5.31,5.35,18.9,VIA_PC,0.14
014371088,CORSODYL*GEL DENT 30G 1G/100G,CRY,128.59,6,12,MAGAZZINO,7,162,,9.14,11.15,10.29,53,10.79,10.28,12.5,NON_POSIZIONABILE,0
975026194,EFFACLAR K+ 40ML,LAR,128.58,4,8,grossista,0,136,,14.24,17.51,17.08,53,16.23,17.07,19.9,VIA_PC,0.44
931358802,ARL 20BUST,FN0,128.57,2,5,grossista,0,34,5,20.38,23.71,27.09,20,23.23,27.08,32.9,STANDALONE,0
952042543,KAPPADIE 90CPS MOLLI,"",128.54,2,4,grossista,0,357,,17.74,0.00,24.03,24,20.22,24.02,35.4,REINSERISCI_prezzo_fb,0
973719709,NUTRIAGE CREAM 50ML,NGG,128.37,3,4,grossista,0,374,10,32.38,36.89,33.51,50,36.27,33.50,3.5,NON_POSIZIONABILE,0
950036956,AVENE ANTIROUGEURS ROSAMED 50+,AVE,128.34,5,6,MAGAZZINO,3,821,,17.23,20.16,20.44,47,19.64,20.43,18.6,STANDALONE,0
983282892,CARNIDYN FAST 12BUST,CNY,128.20,5,9,MAGAZZINO,6,74,,9.30,11.43,11.49,44,10.97,11.48,23.4,STANDALONE,0
989400318,FLEBOMIX LINFO 30CPR,"",128.13,2,5,grossista,0,63,,17.88,0.00,23.42,19,20.38,23.41,30.9,REINSERISCI_prezzo_fb,0
935266472,MAGNESIO B6+GRIFFONIA+RO 60CPS,LGP,128.08,2,8,grossista,0,461,8,12.44,14.55,12.91,31,14.18,12.90,3.7,NON_POSIZIONABILE,0
941029579,CHIRODIAB 30STICK,LJ1,128.02,5,5,MAGAZZINO,1,443,,21.19,24.79,21.27,39,24.15,21.26,0.3,NON_POSIZIONABILE,0
931438372,CARNERA 1000 18BUST,CA0,127.96,2,4,MAGAZZINO,1,1109,,17.23,20.93,21.11,41,19.64,21.10,22.5,STANDALONE,0
976024935,RESTIVOIL SEBO NORM 400ML,REO,127.92,3,9,grossista,0,276,,11.81,14.53,14.27,45,13.46,14.26,20.7,VIA_PC,0.27
982981692,ANTHELIOS 100 KA+ MED 50ML,LAR,127.91,3,7,grossista,0,316,,19.84,23.81,20.71,53,22.62,20.70,4.3,NON_POSIZIONABILE,0
925365304,EPATO 60TAB,"",127.86,1,2,grossista,0,10,,19.84,23.01,26.19,20,22.62,26.18,32.0,STANDALONE,0
949966927,FOTOULTRA100 SOLAR ALLERGY 50+,ISD,127.83,2,5,grossista,0,125,,22.03,26.44,24.83,29,25.11,24.82,12.7,NON_POSIZIONABILE,0
912256070,DERMOSILE SHAMPOO 150ML,XDL,127.65,2,8,grossista,0,1316,,12.29,14.25,15.30,44,14.01,15.29,24.4,STANDALONE,0
912827108,DR RUSS BITE ANTIRUSSAMENTO 1P,"",127.60,1,2,grossista,0,7,10,54.98,66.20,63.16,22,61.58,63.15,14.9,VIA_PC,3.05
935798102,MOST DERMICTIOL SHAMPOO 150ML,ZMW,127.55,2,3,grossista,0,10,1,11.47,13.21,15.00,20,13.08,14.99,30.7,STANDALONE,0
941840783,ULTRAMAG 20BUST,PHU,127.53,2,5,grossista,0,1122,,10.59,13.03,11.80,56,12.07,11.79,11.3,NON_POSIZIONABILE,0
035677145,NUROFENTEEN*12CPR ORO 200MG LI,NRF,127.41,6,19,MAGAZZINO,2,649,,4.76,5.81,5.18,48,5.62,5.17,8.6,NON_POSIZIONABILE,0
951154285,CAPELLO SANO ANTICAD D 120PAST,GIO,127.30,2,4,grossista,0,37,,17.45,0.00,23.36,18,19.89,23.35,33.8,REINSERISCI_prezzo_fb,0
939467128,GASTROTUSS BABY SCIROPPO 200ML,DMG,127.24,3,6,MAGAZZINO,1,459,,9.41,11.57,12.52,43,11.10,12.51,32.9,STANDALONE,0
981937600,CURASEPT PREVENT DENTIFRICIO,CUR,127.12,6,12,MAGAZZINO,1,589,,3.51,4.43,4.67,40,4.15,4.66,32.8,STANDALONE,0
949733822,FERTYSOD UOMO 30CPS,"",127.09,2,2,grossista,0,181,4,40.38,47.22,47.95,28,45.23,47.94,18.7,STANDALONE,0
947141127,CLOGIN SCHIUMA DETERGENTE150ML,CGN,127.07,4,11,grossista,0,307,,10.32,0.00,13.48,23,11.76,13.47,30.5,REINSERISCI_prezzo_fb,0
987319934,MERITENE MOBILIS CHOC 8 10BUST,"",126.91,2,6,grossista,0,140,,15.14,18.16,15.41,40,17.26,15.40,1.7,NON_POSIZIONABILE,0
980628301,LIFTACTIV SUPREME CREMA SPF30,VIC,126.58,3,5,grossista,0,49,,29.72,34.77,29.89,34,33.88,29.88,0.5,NON_POSIZIONABILE,0
944910138,PRINCIPIUM MAGNESIO COMP 200G,PCM,126.57,7,10,grossista,0,409,9,11.75,13.68,15.11,55,13.40,15.10,28.5,STANDALONE,0
903947606,IDEAL SOLEIL STICK SPF50+ 9G,VIC,126.55,4,17,grossista,0,77,,9.83,12.10,7.93,41,11.60,7.92,-19.4,NON_POSIZIONABILE,0
903412385,MIRTILLO PLUS 70CPS,ABO,126.43,4,6,grossista,0,281,,17.18,20.62,19.99,54,19.59,19.98,16.3,VIA_PC,0.64
951330493,BROMELINA OTI COMPLEX 180CPS,OTI,126.37,2,4,grossista,0,97,,23.34,0.00,24.09,18,26.61,24.08,3.2,NON_POSIZIONABILE,0
951223686,ASTAXANTINA 120PAST HEMATOCOCC,GIO,126.27,3,4,grossista,0,97,,19.72,0.00,25.90,16,22.48,25.89,31.3,REINSERISCI_prezzo_fb,0
938457823,BD MICROFINE AGO PENTA G32 4MM,BMF,126.14,4,6,grossista,0,3915,1,8.71,10.39,11.58,38,10.28,11.57,32.8,STANDALONE,0
984519557,EGREGIA 30CPR,S&R,126.08,2,3,grossista,0,738,,19.62,22.76,21.78,49,22.37,21.77,11.0,NON_POSIZIONABILE,0
951216302,"CUTIMED SORBACT HY7,5X7,5 10PZ",CUM,126.05,1,2,grossista,0,68,,73.66,0.00,79.75,20,82.50,79.74,8.3,NON_POSIZIONABILE,0
934864644,DESTIOR BRIDGE 30CPR,DSO,126.02,2,3,grossista,0,170,7,20.91,24.57,26.89,37,23.84,26.88,28.6,STANDALONE,0
902982166,VEA ZINCO PAS PROT C/VIT E 40M,VEA,125.93,4,9,MAGAZZINO,1,625,,13.76,16.93,16.11,49,15.69,16.10,17.0,VIA_PC,0.83
982593156,"OCUTEARS HYDRO+ 0,4% 10ML","",125.93,4,5,MAGAZZINO,1,224,,16.69,20.28,17.19,34,19.02,17.18,2.9,NON_POSIZIONABILE,0
944910177,PRINCIPIUM MAGNESIO COMP32BUST,PCM,125.91,4,8,grossista,0,270,4,9.81,11.39,13.74,44,11.58,13.73,40.0,STANDALONE,0
950211540,DISBIOREV 20SOFTGEL,"",125.87,3,4,grossista,0,386,,17.60,0.00,21.99,24,20.06,21.98,24.9,REINSERISCI_prezzo_fb,0
971170927,PROPOLGEMMA SPRAY FORTE 30ML,ABO,125.81,3,8,grossista,0,407,,10.05,12.37,12.75,60,11.46,12.74,26.8,STANDALONE,0
979945538,COLINBRAIN 30STICK,HPE,125.76,2,2,grossista,0,30,,46.65,55.98,46.68,21,52.25,46.67,0.0,NON_POSIZIONABILE,0
020157018,CERULISINA*GTT OTO FL 20ML,CRL,125.73,7,12,MAGAZZINO,8,340,8,9.10,11.23,11.83,59,10.73,11.82,29.9,STANDALONE,0
029032048,CODEX*20BUST 5MLD 250MG,CDX,125.66,3,8,MAGAZZINO,2,522,,11.23,13.70,11.17,51,12.80,11.16,-0.6,NON_POSIZIONABILE,0
970540910,ORTICA ESTRATTO INTEGRALE200ML,GIO,125.44,1,4,grossista,0,27,2,13.29,15.97,17.57,21,15.15,17.56,32.1,STANDALONE,0
951840596,NOVOCOL 60CPS BLISTER,OTI,125.37,1,5,grossista,0,31,,14.03,0.00,14.09,16,15.99,14.08,0.4,NON_POSIZIONABILE,0
990078228,NODUSOL 30CPS,"",125.36,1,2,grossista,0,131,,20.61,0.00,27.41,27,23.50,27.40,32.9,REINSERISCI_prezzo_fb,0
903069514,LONGLIFE KELP ALGA BRUNA180CPR,LNG,125.25,1,5,grossista,0,58,5,13.35,15.56,15.93,29,15.22,15.92,19.3,STANDALONE,0
951450651,MODERA 30CPR,"",125.08,1,2,grossista,0,142,,20.67,0.00,27.08,21,23.56,27.07,31.0,REINSERISCI_prezzo_fb,0
984833602,NEOVADIOL PERI&POST CONT NEW,VIC,124.86,2,4,MAGAZZINO,2,32,,21.23,24.84,22.64,32,24.20,22.63,6.6,NON_POSIZIONABILE,0
950305591,MAVOSTEN GEL 120ML,5MO,124.50,3,3,grossista,0,39,,22.36,0.00,27.59,24,25.49,27.58,23.3,REINSERISCI_prezzo_fb,0
975508742,EUCERIN UREAREP BALS CRP 450ML,EUC,124.44,4,4,MAGAZZINO,18,206,,18.07,21.95,18.62,46,20.60,18.61,3.0,NON_POSIZIONABILE,0
971083100,GOLD COLLAGEN FORTE 10FL,GOC,124.42,2,2,MAGAZZINO,4,1659,,32.19,39.11,30.50,52,36.05,30.49,-5.3,NON_POSIZIONABILE,0
912938812,PROXERA EMULSIONE CORPO 400ML,BNK,124.14,4,7,grossista,0,39,,19.54,22.87,21.56,46,22.28,21.55,10.3,NON_POSIZIONABILE,0
938993250,URGOCLEAN AG/SILVER 10X10 10PZ,UGO,124.02,1,2,grossista,0,22,7,63.10,72.56,72.36,24,70.67,72.35,14.7,VIA_PC,0.21
947224984,ARNICA VITI 90% 100ML,"",124.01,3,8,MAGAZZINO,12,719,6,5.64,7.37,7.70,48,6.65,7.69,36.3,STANDALONE,0
940090448,FERRIMIL GOCCE HUMANA 20ML,HUM,123.99,2,2,grossista,0,133,,11.00,0.00,13.15,23,12.54,13.14,19.5,REINSERISCI_prezzo_fb,0
985919125,FORZA VIT 60CPR MICROCARE,6MN,123.84,3,4,grossista,0,136,3,29.90,37.95,38.14,21,34.09,38.13,27.5,STANDALONE,0
920908910,EAU THERMALE URIAGE 300ML,URI,123.77,6,14,grossista,0,429,,6.88,8.46,8.94,43,8.12,8.93,29.8,STANDALONE,0
942732557,VITI GEL ARNICA COMPOSTA 100ML,0A3,123.77,5,11,grossista,0,131,8,5.75,6.78,6.45,42,6.79,6.44,12.0,NON_POSIZIONABILE,0
971064985,EPARITION 20BUST GR SUBLING,PI1,123.77,3,4,grossista,0,123,5,16.52,19.27,20.36,38,18.83,20.35,23.2,STANDALONE,0
909469138,ENGYSTOL N 10F HEEL,"",123.71,4,4,grossista,0,8,4,22.63,26.61,27.46,25,25.80,27.45,21.3,STANDALONE,0
932001769,TRICAPSURES PHYSIO 60CPR,"",123.67,4,4,grossista,0,52,6,24.94,29.35,30.22,29,28.43,30.21,21.1,STANDALONE,0
989669965,DEFENCE SUN SPRAY DOPOS RINF,BNK,123.51,4,13,grossista,0,75,,11.68,14.36,12.25,41,13.32,12.24,4.8,NON_POSIZIONABILE,0
940009044,CANDINET GYNO-BALANCE 7TUB 5ML,CAN,123.44,3,4,grossista,0,363,,15.63,0.00,19.05,21,17.82,19.04,21.8,REINSERISCI_prezzo_fb,0
951343882,MITERA PRIMA 45CPR,"",123.44,3,3,grossista,0,100,,14.72,0.00,20.85,24,16.78,20.84,41.6,REINSERISCI_prezzo_fb,0
988988628,HYSEAC HYDRA 40ML,URI,123.31,8,9,grossista,0,548,,11.41,14.03,14.29,36,13.01,14.28,25.2,STANDALONE,0
931467726,SAUGELLA PROTEGGISLIP 40PZ TP,SAU,123.26,6,22,MAGAZZINO,1,1722,,2.78,3.51,3.35,59,3.28,3.34,20.1,VIA_PC,0.17
987858343,XANANORM 40CPS,"",123.00,1,3,grossista,0,23,5,19.27,22.44,25.39,23,21.97,25.38,31.7,STANDALONE,0
989894480,PREMIER CRU CREMA OCCHI15ML,CAU,122.98,2,4,grossista,0,58,,39.81,47.77,36.99,31,44.59,36.98,-7.1,NON_POSIZIONABILE,0
909065652,M-AID ROLLFLEX CEROTTO 10X10,MSA,122.80,3,3,MAGAZZINO,1,44,,13.94,17.15,12.99,37,15.90,12.98,-6.9,NON_POSIZIONABILE,0
974059469,LINES CLAS PANN SUPER L 30PZ,LIN,122.70,2,2,grossista,0,210,,14.43,0.00,18.84,34,16.45,18.83,30.5,REINSERISCI_prezzo_fb,0
989332770,AVENE SOL LATTE BB SPF50+ 250M,AVE,122.58,3,10,MAGAZZINO,17,398,,16.85,19.71,14.01,49,19.21,14.00,-16.9,NON_POSIZIONABILE,0
950028528,NUXE HUILE PRODIGIEUSE ROLL-ON,NUX,122.53,1,6,grossista,0,71,,18.52,0.00,16.80,32,21.11,16.79,-9.3,NON_POSIZIONABILE,0
982012066,NATAWELL 30CPS,"",122.52,2,4,grossista,0,72,1,23.42,27.02,30.38,26,26.70,30.37,29.7,STANDALONE,0
984708038,COLPHARMA BRACCIALETTI ANTIZAN,CO3,122.52,3,4,grossista,0,9,6,15.81,18.53,20.51,20,18.02,20.50,29.7,STANDALONE,0
037868015,ZOVIRAXLABIALE*CREMA 2G 5%,ZXL,122.50,8,20,MAGAZZINO,35,918,,4.38,5.34,6.18,67,5.17,6.17,40.9,STANDALONE,0
934953807,LACTIBIANE IKI 10BUST,3M8,122.48,2,5,MAGAZZINO,1,657,,17.69,21.49,21.39,45,20.16,21.38,20.9,VIA_PC,0.11
989669736,DEFENCE SUN 30CPR,BNK,122.46,2,8,grossista,0,104,,14.64,18.01,11.93,38,16.69,11.92,-18.6,NON_POSIZIONABILE,0
945085177,PRIMULA 30PRL SOFTGEL,SLG,122.35,3,4,grossista,0,70,,14.70,18.08,16.68,31,16.76,16.67,13.4,NON_POSIZIONABILE,0
902552569,IDROVEL VISO CREMA 30G,"",122.34,4,8,MAGAZZINO,2,204,,14.09,17.33,15.93,33,16.06,15.92,13.0,NON_POSIZIONABILE,0
982543542,VITAMINE D3+K2 60CPR,"",122.34,3,10,grossista,0,162,14,7.37,8.58,7.16,32,8.70,7.15,-3.0,NON_POSIZIONABILE,0
921177655,ERMIDRA' SPRAY 300ML,"",122.13,3,7,grossista,0,573,5,14.69,17.10,18.84,38,16.75,18.83,28.2,STANDALONE,0
934638228,RILASTIL ELASTIC OLIO 130ML,RIL,122.05,3,9,grossista,0,171,9,13.54,15.86,16.70,36,15.44,16.69,23.3,STANDALONE,0
902351319,NASOCLEAN SOL SPR 6FL 15ML,TER,121.99,2,2,MAGAZZINO,1,42,,8.41,10.34,10.31,30,9.92,10.30,22.5,VIA_PC,0.04
976013262,ICTYANE LATTE IDRATANTE 400ML,DUC,121.97,1,5,grossista,0,160,,16.87,19.74,20.08,37,19.23,20.07,19.0,STANDALONE,0
935634028,LONGLIFE 5-HTP 60CPS VEG,LNG,121.88,3,5,grossista,0,169,10,16.40,19.33,19.90,36,18.70,19.89,21.3,STANDALONE,0
938657071,MULTICENTRUM UOMO 50+ 30CPR,MUL,121.88,5,6,MAGAZZINO,1,500,,14.62,17.98,16.89,59,16.67,16.88,15.5,VIA_PC,1.10
000367072,"TISANA KELEMATA*20BUST 1,3G",TKM,121.77,2,2,MAGAZZINO,7,78,1,5.17,6.31,6.72,29,6.10,6.71,29.8,STANDALONE,0
983531599,DERMORELIZEMA ULTRA IDRATANTE,RFE,121.74,1,3,grossista,0,214,6,15.99,18.81,21.26,34,18.23,21.25,32.9,STANDALONE,0
939573972,OMEGALIP -R 30CPR RIVESTITE,"",121.72,2,3,grossista,0,28,6,19.59,23.19,26.05,25,22.33,26.04,32.9,STANDALONE,0
934822899,PRINCIPIUM VITAMINA C MAST 60C,PCM,121.31,4,4,grossista,0,1146,9,10.05,11.78,14.11,42,11.46,14.10,40.3,STANDALONE,0
986119624,RILASTIL SUN SYS WT SPF50+ NFA,RIL,121.23,5,10,grossista,0,88,,12.60,15.50,13.17,37,14.36,13.16,4.4,NON_POSIZIONABILE,0
939360739,SHAMPOO DERBE IG ANTIFORF200ML,DBE,121.22,2,4,grossista,0,5,,11.93,14.68,10.47,21,13.60,10.46,-12.3,NON_POSIZIONABILE,0
975508666,EUCERIN UREAREP EMULS10% 400ML,EUC,121.22,4,7,MAGAZZINO,31,734,,19.26,23.41,19.08,51,21.96,19.07,-1.0,NON_POSIZIONABILE,0
952056455,MONURELLE CBD 10OV,MNU,121.11,3,7,grossista,0,90,,13.79,0.00,15.34,23,15.72,15.33,11.2,NON_POSIZIONABILE,0
908773435,PHYSIOGEL BASE LAVANTE 250ML,PHS,121.02,5,10,MAGAZZINO,8,2942,,10.93,13.45,13.59,42,12.46,13.58,24.2,STANDALONE,0
979370727,FILORGA NEW OPTIM EYES 15ML,F1G,120.94,3,4,grossista,0,205,,33.28,39.94,29.00,50,37.27,28.99,-12.9,NON_POSIZIONABILE,0
905862951,CENTELLASE VITALGAMBE CREMA,CTL,120.76,5,9,MAGAZZINO,7,258,,8.76,10.77,10.21,38,10.34,10.20,16.4,NON_POSIZIONABILE,0
979660901,DERMASSENTIEL COLLAGENE+15BUST,"",120.76,2,2,grossista,0,2,,38.46,0.00,48.15,15,43.08,48.14,25.2,REINSERISCI_prezzo_fb,0
990149799,AMINOACIDI RAMIFICATI BCAA PLU,GIO,120.76,2,3,grossista,0,3,,19.21,0.00,25.28,15,21.90,25.27,31.5,REINSERISCI_prezzo_fb,0
025669211,MOMENT*GRAT 12BUST 200MG,MMT,120.75,7,16,MAGAZZINO,8,412,,4.51,5.50,5.21,51,5.32,5.20,15.3,NON_POSIZIONABILE,0
932165588,ARTAVIS 20BUST 8G,A0V,120.74,2,3,grossista,0,93,10,14.29,16.61,18.45,36,16.29,18.44,29.0,STANDALONE,0
981112461,EPILOBIO ESTRATTO INTEGR SECCO,GIO,120.72,2,4,grossista,0,35,5,18.32,21.83,24.37,16,20.88,24.36,33.0,STANDALONE,0
910633623,KERIUM SH ANTIFORF CAP GRASS,LAR,120.62,2,6,grossista,0,118,9,10.15,11.98,13.27,60,11.57,13.26,30.6,STANDALONE,0
970489908,FLOCARE G-TUBE SONDA ENT CH20,"",120.61,1,1,grossista,0,2,5,63.38,79.21,72.15,11,70.99,72.14,13.8,VIA_PC,7.07
906148871,ULTRA HAIR PLUS 60TAV,NTP,120.45,1,2,grossista,0,82,3,29.21,34.64,38.78,29,33.30,38.77,32.7,STANDALONE,0
903969549,FLEBO-UP SH GEL 200ML,SHD,120.36,5,9,grossista,0,122,8,11.03,12.57,13.39,33,12.57,13.38,21.3,STANDALONE,0
983283615,BRONCHIFLU 14BUST,"",120.31,1,4,grossista,0,341,8,10.60,12.49,14.10,22,12.08,14.09,32.9,STANDALONE,0
983740046,EFFACLAR H ISO BIOME LAV 400ML,LAR,120.28,4,7,grossista,0,111,,17.26,20.72,20.54,51,19.68,20.53,18.9,VIA_PC,0.19
029811039,PARACETAMOLO SELLA*30CPR 500MG,S3L,120.26,6,32,MAGAZZINO,1,355,,2.70,3.29,2.40,31,3.18,2.39,-11.5,NON_POSIZIONABILE,0
971377561,DUREX NATURAL GEL 100ML MSL,DUR,120.26,3,14,grossista,0,679,15,7.83,9.17,9.60,49,9.24,9.59,22.5,STANDALONE,0
800484356,K2F,GNA,120.23,3,7,grossista,0,62,,14.18,17.44,15.50,30,16.17,15.49,9.2,NON_POSIZIONABILE,0
951306238,PSIPROTO MAMMA 30BUST,"",120.18,1,4,grossista,0,119,,19.04,0.00,26.64,13,21.71,26.63,39.9,REINSERISCI_prezzo_fb,0
983355405,CISTIT ACT FORTE URTO 14BUST,"",120.17,5,10,grossista,0,219,7,6.53,7.70,7.12,40,7.71,7.11,8.9,NON_POSIZIONABILE,0
020582300,FLUIMUCIL*NEBUL 20F 300MG/3ML,FIM,120.08,5,7,MAGAZZINO,1,100,8,15.60,18.66,19.44,27,17.78,19.43,24.6,STANDALONE,0
949922177,AMINO TIROSINA 500 50CPS VEG,SLG,120.06,1,5,grossista,0,124,,16.29,19.55,18.19,32,18.57,18.18,11.6,NON_POSIZIONABILE,0
935617478,TANTUM ROSA INT DERMA DET500ML,TA8,120.04,7,18,grossista,0,380,,5.58,6.64,5.82,56,6.58,5.81,4.1,NON_POSIZIONABILE,0
971070673,DERCOS AMINEXIL FIALE 21 DONNA,VIC,119.81,2,2,MAGAZZINO,32,28,,50.04,43.90,44.31,57,56.05,44.30,-11.5,NON_POSIZIONABILE,0
906281187,SIG 702 AD + LL PA CRIS,SIG,119.72,1,2,grossista,0,1,,64.88,75.91,,,72.67,,,NO_SCRAPER_48h,0
982473682,SEDIVITAX ADVANCED GOCCE 75ML,ABO,119.72,2,6,grossista,0,236,,13.93,17.14,15.76,58,15.88,15.75,13.1,NON_POSIZIONABILE,0
931341705,SINOVIAL 50 SIR INTRA-ART 2%,SIO,119.53,1,1,grossista,0,53,7,51.79,59.62,54.34,29,58.00,54.33,4.9,NON_POSIZIONABILE,0
951462934,HYALU B5 CREMA SPF30 50ML RIC,LAR,119.52,3,5,grossista,0,27,,27.33,0.00,25.85,32,31.16,25.84,-5.5,NON_POSIZIONABILE,0
984734602,AVENE ACQUA MICELLARE 400ML 23,AVE,119.51,5,12,MAGAZZINO,3,448,,9.74,11.59,11.86,49,11.49,11.85,21.7,STANDALONE,0
984899625,HELIOCARE 360 AR EMULSION 50+,"",119.00,2,3,grossista,0,111,,18.71,21.71,17.40,39,21.33,17.39,-7.1,NON_POSIZIONABILE,0
927049092,"D MANNOSIO 24CPR 20,4G",ERM,118.99,3,7,grossista,0,352,14,8.06,9.42,8.99,35,9.51,8.98,11.4,NON_POSIZIONABILE,0
984870257,COSMECEUTICAL POLY GSH CREAM,BNK,118.81,1,2,grossista,0,17,,76.02,87.42,74.80,23,85.14,74.79,-1.6,NON_POSIZIONABILE,0
904987082,CIELLEA PET 30PRL,NBF,118.76,2,2,grossista,0,25,,16.17,18.76,20.72,40,18.43,20.71,28.1,STANDALONE,0
940094093,BIOKAP B SHAMPOO USO FREQ TRIC,BKP,118.75,4,5,grossista,0,155,,7.26,0.00,10.14,26,8.57,10.13,39.5,REINSERISCI_prezzo_fb,0
984767537,CICAPLAST BAUME B5+ 40ML,LAR,118.67,7,14,MAGAZZINO,24,355,2,6.80,8.83,11.20,58,8.02,11.19,64.6,STANDALONE,0
947101073,AGPEG ESSE 15BUST 10G,"",118.62,5,8,MAGAZZINO,1,1259,,11.03,13.13,11.89,45,12.58,11.88,7.7,NON_POSIZIONABILE,0
934825237,MULTICENTRUM PRE MAMMA 30CPR,MUL,118.61,3,5,MAGAZZINO,2,224,8,13.32,15.84,17.85,52,15.19,17.84,33.9,STANDALONE,0
945026639,MENOFLAVON FORTE 30CPS,NAD,118.49,1,2,MAGAZZINO,1,276,,35.07,40.70,33.53,40,39.28,33.52,-4.4,NON_POSIZIONABILE,0
988838052,SIDEVIT D3 2000UI 30CPR,PHU,118.09,1,5,grossista,0,195,,13.44,16.53,13.57,39,15.32,13.56,0.9,NON_POSIZIONABILE,0
931107876,ANDROZEN 30CPR,"",118.08,2,3,grossista,0,22,,29.25,33.93,37.26,24,33.35,37.25,27.4,STANDALONE,0
950434187,SKINCEUTICALS ADV REGEN 6 50ML,SKI,118.02,1,1,grossista,0,9,,127.77,0.00,125.84,21,143.10,125.83,-1.5,NON_POSIZIONABILE,0
988939397,VOIS PLUS 14STICK OROSOLUBILI,"",117.97,3,5,grossista,0,170,6,14.29,16.63,19.01,27,16.29,19.00,33.0,STANDALONE,0
903570099,SERENITY PANN SAG CLAS SU 30PZ,SER,117.94,2,2,grossista,0,100,,16.37,0.00,16.49,26,18.66,16.48,0.7,NON_POSIZIONABILE,0
945205298,NEVRALIP 600 RETARD 30CPR,0U8,117.74,2,3,grossista,0,165,7,23.11,26.99,30.03,32,26.35,30.02,29.9,STANDALONE,0
931852178,OZONIA 15 LIPOGEL OZONO 35ML,"",117.73,3,8,grossista,0,201,4,12.24,14.50,16.20,33,13.95,16.19,32.3,STANDALONE,0
908019553,AFTIR GEL ANTIPARASSITARIO 40G,AFT,117.65,4,5,grossista,0,802,9,7.81,9.19,9.42,45,9.22,9.41,20.5,STANDALONE,0
931646350,STONUR 20BUST,EA9,117.53,2,4,grossista,0,172,6,15.97,18.63,20.99,38,18.21,20.98,31.4,STANDALONE,0
973914017,ADIPROX ADVANCED 50CPS,ABO,117.53,3,4,grossista,0,204,,22.12,26.55,19.19,67,25.22,19.18,-13.3,NON_POSIZIONABILE,0
980547451,ISYPAN STITICHEZZA 20BUST,"",117.53,3,8,grossista,0,22,7,9.97,11.75,7.88,23,11.76,7.87,-21.1,NON_POSIZIONABILE,0
940051814,LENILID SALVIETTE PERIOC 20PZ,"",117.52,3,3,grossista,0,177,,11.39,0.00,17.93,12,12.98,17.92,57.3,REINSERISCI_prezzo_fb,0
902118037,LIOVITAL MIRTILLO 8FL 10ML,PHN,117.51,2,3,MAGAZZINO,1,228,,12.16,14.95,14.85,36,13.86,14.84,22.0,VIA_PC,0.11
985008539,SUN SECURE LAIT SPF50+ FF250ML,"",117.35,2,6,grossista,0,8,,16.85,20.22,15.40,31,19.21,15.39,-8.7,NON_POSIZIONABILE,0
979683719,EMEFER 30CPR,B7F,117.32,2,3,MAGAZZINO,1,290,,15.42,18.74,18.81,30,17.58,18.80,21.9,STANDALONE,0
985670999,"COLOR KIT 7,43 BIONDO RAMATO D",PHY,117.32,1,8,grossista,0,36,,9.53,11.72,9.10,29,11.25,9.09,-4.6,NON_POSIZIONABILE,0
944440546,COLECALCIUM HUMANA 250ML,CCM,117.18,1,4,MAGAZZINO,1,172,,14.43,17.75,17.48,34,16.45,17.47,21.1,VIA_PC,0.28
931204503,IALOCLEAN SOL NEBUL 15FL 2ML,IAL,117.12,3,6,MAGAZZINO,1,2034,,14.88,18.31,19.56,48,16.97,19.55,31.4,STANDALONE,0
973730031,EUCERIN SUN PHOTOAGING SPF50,EUC,117.09,5,12,grossista,0,2076,,10.60,12.62,11.85,49,12.08,11.84,11.7,NON_POSIZIONABILE,0
981375342,OPTIFIBRE CONSTIPATION 125G,NES,117.04,4,8,grossista,0,117,8,12.31,14.28,14.29,34,14.03,14.28,16.0,STANDALONE,0
908019363,BIOTIN FORTE 60TAV,1D2,116.77,1,2,grossista,0,7,4,40.15,46.38,46.55,31,44.97,46.54,15.9,STANDALONE,0
950840696,MEDIFERT PLUS 30BUST,"",116.76,3,3,grossista,0,107,,28.44,0.00,36.67,23,32.42,36.66,28.9,REINSERISCI_prezzo_fb,0
951039938,TRIGHEOS IPER 90CPS,GHS,116.71,1,3,grossista,0,38,,23.07,0.00,31.08,19,26.30,31.07,34.7,REINSERISCI_prezzo_fb,0
923352759,POTERIUM SPINOSUM TM GTT 100ML,OTI,116.66,2,4,grossista,0,15,,21.85,26.22,22.76,23,24.91,22.75,4.1,NON_POSIZIONABILE,0
970448712,EQUISETO ESTRATTO INTEGR 200ML,GIO,116.62,2,2,grossista,0,49,6,13.31,16.05,17.45,24,15.17,17.44,31.0,STANDALONE,0
976023869,AVENE CREMA NUTR RIVITAL 50ML,AVE,116.48,2,4,grossista,0,113,,20.57,24.68,21.45,42,23.45,21.44,4.2,NON_POSIZIONABILE,0
985550096,NEOCARVI PLUS 30CPS,"",116.47,3,5,grossista,0,999,8,13.98,16.27,18.59,36,15.94,18.58,32.9,STANDALONE,0
950405769,IBIS MU 40CPS,"",116.46,2,3,grossista,0,18,,21.57,0.00,28.69,18,24.59,28.68,33.0,REINSERISCI_prezzo_fb,0
978851347,ANSIOLEV GOCCE 20ML,SPE,116.43,4,7,grossista,0,1782,,10.37,12.76,12.86,46,11.82,12.85,23.9,STANDALONE,0
975906684,HERBATINT 3DOSI 4N 300ML,HTT,116.39,3,7,grossista,0,52,3,13.82,16.17,17.80,26,15.75,17.79,28.7,STANDALONE,0
941446179,LIQUID VITA D3 56ML,SLG,116.36,2,5,grossista,0,106,,18.01,21.61,19.56,40,20.53,19.55,8.6,NON_POSIZIONABILE,0
975039140,LACRIBEN GOCCE OCULARI 10ML,OAA,116.33,3,7,MAGAZZINO,1,399,,14.64,18.01,17.55,35,16.69,17.54,19.8,VIA_PC,0.47
982532867,TOLERIANE DERMALLERGO OCCH20ML,LAR,116.20,4,7,grossista,0,313,,15.35,18.42,17.90,56,17.50,17.89,16.5,VIA_PC,0.53
951867338,GHC MEDICAL TRATT DS SH PURIF,"",116.15,2,4,grossista,0,100,,24.42,0.00,32.22,18,27.84,32.21,31.9,REINSERISCI_prezzo_fb,0
973653189,VASOX FORTE 20BUST,7SS,116.12,2,3,MAGAZZINO,1,244,,23.51,28.56,27.60,34,26.80,27.59,17.4,VIA_PC,0.97
974109237,CERAVE DETERGENTE IDRAT 473ML,CV9,115.90,7,11,grossista,0,614,,10.96,13.48,12.00,73,12.49,11.99,9.4,NON_POSIZIONABILE,0
951565682,CORNEANORM GOCCE OCULARI 10ML,"",115.89,2,3,grossista,0,65,,21.34,0.00,27.90,27,24.33,27.89,30.7,REINSERISCI_prezzo_fb,0
950231365,ROC DERM CORREXION LIP VOLUMIZ,ROC,115.88,3,8,grossista,0,340,,15.59,0.00,17.56,26,17.77,17.55,12.6,NON_POSIZIONABILE,0
904004999,EUTROSIS 500 CREMA 500ML,EUT,115.40,5,7,grossista,0,296,,14.82,17.64,17.19,50,16.89,17.18,15.9,VIA_PC,0.46
927972164,FIBERMET 20BUST,PHX,115.16,2,4,grossista,0,149,,12.17,14.96,16.11,39,13.87,16.10,32.3,STANDALONE,0
051450029,OSCILLOCOCCINUM BOI*200K 30D1G,BRN,115.13,4,5,grossista,0,224,,21.27,25.10,19.86,37,24.25,19.85,-6.7,NON_POSIZIONABILE,0
924741818,KERIUM DOUX SHAMPOO GEL 400ML,LAR,114.94,5,9,MAGAZZINO,1,710,,10.99,13.08,12.90,64,12.53,12.89,17.3,VIA_PC,0.19
922321815,ATODERM GEL DOUCHE 1L,BDM,114.90,4,9,grossista,0,651,,10.28,12.65,10.75,40,11.72,10.74,4.5,NON_POSIZIONABILE,0
979175534,SERENIL CALMANSIA 50CPS,ABO,114.80,3,5,MAGAZZINO,2,206,6,15.54,18.74,19.14,51,17.72,19.13,23.1,STANDALONE,0
905373876,SOS PELLE L'OFFICINALE 75ML,SOS,114.75,1,8,MAGAZZINO,5,149,1,5.50,7.76,8.72,29,6.49,8.71,58.4,STANDALONE,0
983533050,BAKEL PEPTI TECH CHARM SIZE,"",114.66,1,3,MAGAZZINO,3,0,,26.64,48.00,,,30.38,,,NO_SCRAPER_48h,0
950992952,28K 20CPR FITODAL,6FT,114.44,1,2,grossista,0,11,,18.46,0.00,23.25,20,21.04,23.24,25.9,REINSERISCI_prezzo_fb,0
971636535,CARBITECH 30CPR,MMH,114.35,1,2,grossista,0,83,9,18.93,22.54,22.87,26,21.58,22.86,20.8,STANDALONE,0
908571906,TERPROLINE BODY 250ML,T2R,114.25,2,2,grossista,0,9,11,41.35,48.43,45.33,30,46.31,45.32,9.6,NON_POSIZIONABILE,0
952088060,PHYSIOMANCE MAG 7 90CPS,0Z1,114.19,1,2,grossista,0,39,,37.26,0.00,45.90,12,41.73,45.89,23.2,REINSERISCI_prezzo_fb,0
983513728,KUKIDENT PLUS DOPPIA AZIONE40G,KUK,114.18,4,8,MAGAZZINO,80,1491,,6.11,7.52,9.01,55,7.21,9.00,47.3,STANDALONE,0
902050653,PEDIARGIN 10FL 10ML,PED,114.16,3,4,grossista,0,188,6,16.36,19.27,20.79,29,18.65,20.78,27.0,STANDALONE,0
924055256,"RENILON 4,0 ALBICOCCA 4X125ML",NTC,114.01,1,2,grossista,0,1,,21.91,25.42,,,24.98,,,NO_SCRAPER_48h,0
951120690,GAMETIL 30BUST,"",113.79,2,2,grossista,0,16,,27.47,0.00,35.98,17,31.32,35.97,30.9,REINSERISCI_prezzo_fb,0
034358022,TACHIFLUDEC*10BUST LIM MIELE,TCH,113.75,5,17,MAGAZZINO,67,993,,5.45,6.64,7.38,60,6.43,7.37,35.2,STANDALONE,0
982981641,ANTHELIOS CREMA IDRAT UVM50+AP,LAR,113.73,4,6,MAGAZZINO,1,253,,14.46,16.63,13.79,46,16.48,13.78,-4.7,NON_POSIZIONABILE,0
983355417,CISTIT ACT FORTE 30CPS,"",113.70,3,17,MAGAZZINO,41,456,,4.90,6.17,5.45,34,5.78,5.44,11.0,NON_POSIZIONABILE,0
986819225,ENERZONA OMEGA 3RX 110CPS,ENE,113.70,3,3,grossista,0,218,,35.22,42.27,34.67,37,39.45,34.66,-1.6,NON_POSIZIONABILE,0
983304369,MICRONIL ACT 30BUST,0T1,113.69,1,2,grossista,0,7,7,38.40,44.49,43.84,36,43.01,43.83,14.1,VIA_PC,0.66
013868043,PROCTOSEDYL*6SUPPOSTE,PDY,113.66,4,7,grossista,0,62,9,7.96,9.73,9.82,33,9.39,9.81,23.2,STANDALONE,0
976864443,OMNI BIOTIC 10 AAD 30BUST,"",113.59,1,2,grossista,0,552,7,25.51,29.67,29.88,41,29.08,29.87,17.1,STANDALONE,0
903600462,SERENITY PANN RETT C/BARR 30PZ,SER,113.41,2,4,grossista,0,465,,5.87,0.00,5.49,27,6.93,5.48,-6.6,NON_POSIZIONABILE,0
904354925,RILASE 24CPS,"",113.39,4,5,MAGAZZINO,2,191,,12.90,15.62,15.21,28,14.71,15.20,17.8,VIA_PC,0.42
951029317,SINCROLIPID 60CPR NF,"",113.39,2,2,grossista,0,217,,27.43,0.00,31.50,32,31.27,31.49,14.8,REINSERISCI_prezzo_fb,0
984897583,QUINTON HYPERTONIC 30F 10ML,TCG,113.27,1,3,grossista,0,30,7,21.93,26.28,25.20,28,25.00,25.19,14.9,VIA_PC,1.09
985995517,PAMPERS BABY CARE SALVAPI S/M,PAM,113.27,1,1,grossista,0,64,,5.72,0.00,7.73,24,6.75,7.72,35.0,REINSERISCI_prezzo_fb,0
950951691,DEFENCE MY AGE DIAM CR RICOST,BNK,113.17,2,2,grossista,0,48,,29.02,0.00,29.56,27,33.08,29.55,1.8,NON_POSIZIONABILE,0
041411012,DAKTARIN*POLV CUT 30G 20MG/G,DKT,113.16,5,7,MAGAZZINO,6,373,,10.68,13.03,11.36,52,12.18,11.35,6.3,NON_POSIZIONABILE,0
986080063,EUCERIN SUN SPRAY TOCCO SECC50,EUC,113.09,2,9,grossista,0,113,,13.98,16.64,13.49,40,15.94,13.48,-3.6,NON_POSIZIONABILE,0
904704107,SAUGELLA GIRL PH NEU 200ML,SAU,112.86,6,15,MAGAZZINO,1,1131,,5.09,6.05,6.19,63,6.00,6.18,21.4,STANDALONE,0
975076884,PERLAMUNAL 200 GOCCE 30ML,"",112.82,1,3,grossista,0,149,8,16.05,18.72,21.35,27,18.30,21.34,33.0,STANDALONE,0
907170409,OLIKER OLIO SHAMPOO 200ML,"",112.79,1,4,grossista,0,84,8,13.70,15.96,16.84,33,15.62,16.83,22.8,STANDALONE,0
977021233,AMUCHINA GEL X-GERM 80ML,AMU,112.62,6,22,MAGAZZINO,136,1333,,1.89,2.65,2.81,47,2.23,2.80,48.1,STANDALONE,0
951176229,PLAS FIBRA 20STICK PACK,"",112.60,3,5,grossista,0,119,,15.62,0.00,21.92,22,17.81,21.91,40.3,REINSERISCI_prezzo_fb,0
909474886,ARNICA COMP 30ML GTT HEEL,GNA,112.54,4,7,MAGAZZINO,1,80,,12.14,14.45,13.69,42,13.84,13.68,12.7,NON_POSIZIONABILE,0
983450192,PAIDINIL 30CPR,P4A,112.51,1,1,grossista,0,315,4,13.92,16.20,17.86,30,15.87,17.85,28.2,STANDALONE,0
951332701,DEFENCE COLOR LIFTING FONDOT03,BNK,112.48,3,5,grossista,0,64,,23.34,0.00,21.90,29,26.61,21.89,-6.2,NON_POSIZIONABILE,0
986150769,RILASTIL SENO CREMA CONCENTR,RIL,112.48,3,5,MAGAZZINO,1,176,,24.83,30.17,23.94,44,28.30,23.93,-3.6,NON_POSIZIONABILE,0
972381990,EPATOACT 36CPS 500MG,MMH,112.39,1,4,grossista,0,143,9,15.66,18.19,18.63,32,17.85,18.62,18.9,STANDALONE,0
981078696,HELIOCARE 360 PIGMENT SOLUTION,HEL,112.38,3,6,grossista,0,105,,18.65,21.64,16.49,43,21.26,16.48,-11.6,NON_POSIZIONABILE,0
951388798,PEA ACTIVE PLUS 20CPS,SAT,112.23,1,2,grossista,0,4,,15.81,0.00,21.03,22,18.02,21.02,33.0,REINSERISCI_prezzo_fb,0
980455974,MIALGO+ 20BUST,"",112.19,2,3,grossista,0,59,10,18.39,21.26,24.07,25,20.96,24.06,30.8,STANDALONE,0
978448506,CONNETTIVINASTICKSUN SPF30 3G,CTT,111.99,7,19,MAGAZZINO,11,115,,6.53,7.77,6.82,52,7.70,6.81,4.3,NON_POSIZIONABILE,0
941938247,VIMI MAGNESIUM 32BUST,0VM,111.92,3,7,grossista,0,144,7,14.47,16.57,17.59,31,16.50,17.58,21.5,STANDALONE,0
988998340,PEA 75PAST,GIO,111.82,2,4,grossista,0,30,,15.24,0.00,19.99,13,17.37,19.98,31.1,REINSERISCI_prezzo_fb,0
900169246,ALANERV 20CPS SOFTGEL,ALN,111.75,1,2,MAGAZZINO,1,184,,15.25,18.52,18.95,45,17.38,18.94,24.2,STANDALONE,0
951383862,VITACALM SEDANOTTE FORTE 20CPR,VTC,111.58,1,6,grossista,0,58,,9.87,0.00,13.33,25,11.65,13.32,35.0,REINSERISCI_prezzo_fb,0
987881570,NIZORAL CARE SH CUTE&CAP GRAS,"",111.58,5,9,MAGAZZINO,1,350,,9.77,11.63,12.19,34,11.53,12.18,24.7,STANDALONE,0
931580575,GSE EYE DROPS CLICK GTT 10PIP,GSE,111.51,3,7,MAGAZZINO,6,87,,8.19,10.07,11.82,45,9.66,11.81,44.2,STANDALONE,0
973650296,TOLERIANE SENSITIVE RICHE VISO,LAR,111.48,4,7,MAGAZZINO,1,122,,15.37,18.68,17.15,55,17.52,17.14,11.5,NON_POSIZIONABILE,0
043109040,IBUPROFENE DOC*12CPR RIV 400MG,DOC,111.47,5,18,MAGAZZINO,58,107,,5.10,6.23,4.38,28,6.02,4.37,-14.3,NON_POSIZIONABILE,0
931156018,KUTECUR SPRAY 125ML,KU2,111.44,5,6,grossista,0,200,1,7.13,8.27,11.13,36,8.41,11.12,56.0,STANDALONE,0
975346331,FILORGA SLEEP&LIFT 50ML STD,F1G,111.44,2,2,grossista,0,12,,57.60,69.12,60.95,30,64.51,60.94,5.8,NON_POSIZIONABILE,0
902979590,BIODEPUROTI FORMATO PLUS 200ML,OTI,111.42,2,3,grossista,0,41,,19.75,23.70,20.97,38,22.52,20.96,6.1,NON_POSIZIONABILE,0
950485298,XANTONET B GEL 24BUST,"",111.40,1,7,grossista,0,156,,14.54,0.00,18.59,38,16.58,18.58,27.8,REINSERISCI_prezzo_fb,0
951343983,DERMEA SIERO VISO 50ML,"",111.39,1,3,grossista,0,10,,29.17,0.00,36.70,13,33.25,36.69,25.8,REINSERISCI_prezzo_fb,0
901874420,BASENPULVER POLV 260G PASCOE,NAD,111.13,3,5,grossista,0,162,,14.48,17.81,16.49,47,16.51,16.48,13.8,NON_POSIZIONABILE,0
926461839,MTS10 GANODERMA GTT 20ML,"",111.07,3,4,grossista,0,55,5,17.10,20.15,21.69,25,19.49,21.68,26.8,STANDALONE,0
046829014,COLLAGENE*SP 20F 2ML,OTI,111.05,1,1,grossista,0,2,6,17.79,21.19,20.38,17,20.28,20.37,14.5,VIA_PC,0.82
949705406,IMMUNO ESTER-C PLUS 60PRL,"",111.01,4,5,grossista,0,277,,20.27,24.33,22.06,37,23.11,22.05,8.8,NON_POSIZIONABILE,0
983533643,ERIGO 20STICK,"",110.95,1,3,grossista,0,101,6,22.24,26.71,29.70,21,25.35,29.69,33.5,STANDALONE,0
951159817,DERMAFFINE AD NOTTE 100ML,DFF,110.89,3,4,grossista,0,100,,16.15,0.00,21.89,20,18.41,21.88,35.5,REINSERISCI_prezzo_fb,0
949896284,DECUZA 30CPR,"",110.80,2,3,grossista,0,22,5,21.69,25.79,28.19,19,24.73,28.18,29.9,STANDALONE,0
935619371,HAIMAFERR 30CPS,6NK,110.69,2,6,grossista,0,221,8,13.09,15.24,17.02,33,14.92,17.01,29.9,STANDALONE,0
987851060,VINOHYDRA CREMA SORBETTO IDRAT,CAU,110.69,4,8,grossista,0,7,,13.81,0.00,16.30,23,15.74,16.29,18.0,REINSERISCI_prezzo_fb,0
904558640,VULNAMIN CREMA 50G,VLN,110.45,1,6,grossista,0,219,8,21.25,24.85,27.98,37,24.23,27.97,31.6,STANDALONE,0
942282359,SIDERAL GOCCE FORTE 30ML,0Y4,110.43,5,5,grossista,0,180,8,17.09,19.48,20.76,50,19.48,20.75,21.4,STANDALONE,0
974058341,SENSIQUELL CR DET CANOVA 400ML,CA1,110.39,2,5,grossista,0,183,8,14.71,17.27,19.56,33,16.77,19.55,32.9,STANDALONE,0
982816276,FENOYAL GOCCE OCULARI 30CONT,OAA,110.36,1,4,grossista,0,182,4,18.79,22.04,22.79,26,21.42,22.78,21.2,STANDALONE,0
971064151,METARELAX NEW 45CPR,MLX,110.28,3,9,grossista,0,424,,11.25,13.84,12.98,31,12.83,12.97,15.3,VIA_PC,0.87
905490621,GUNABASIC POLVERE 15BUST,GNA,110.22,5,6,grossista,0,360,,11.21,13.79,12.93,49,12.78,12.92,15.3,VIA_PC,0.87
933415097,BIOTAD PLUS 20BUST,3A9,110.21,3,4,MAGAZZINO,1,606,,18.81,22.80,20.75,37,21.44,20.74,10.3,NON_POSIZIONABILE,0
939928406,NUTRIVA +D OSTEO 60CPR,NVA,110.20,2,2,grossista,0,131,,15.41,18.49,18.52,38,17.57,18.51,20.1,STANDALONE,0
983533744,TOPIALYSE HUILE MICEL REFIL 1L,SVR,110.19,3,7,grossista,0,170,,15.51,18.14,12.86,43,17.68,12.85,-17.2,NON_POSIZIONABILE,0
026894042,ZIRTEC*7CPR RIV 10MG,ZIR,110.06,6,16,MAGAZZINO,2,130,,5.54,6.76,4.47,36,6.54,4.46,-19.5,NON_POSIZIONABILE,0
952049005,STOMADOL ACIDITA' REFLU20STICK,"",110.03,4,7,grossista,0,7,,7.50,0.00,9.86,34,8.85,9.85,31.3,REINSERISCI_prezzo_fb,0
926548292,LYNFASE FITOMAGRA TIS 20BUST,ABO,109.79,4,8,grossista,0,241,,8.21,10.09,9.93,55,9.69,9.92,20.8,VIA_PC,0.17
973293943,PROSTENIL ADVANCED 60CPS,ABO,109.79,2,4,grossista,0,368,,19.78,23.73,22.75,51,22.55,22.74,15.0,VIA_PC,0.99
975961739,NATURA MIX ADVANCED ENERG 20BU,ABO,109.78,3,4,grossista,0,27,,14.08,17.32,16.39,46,16.05,16.38,16.3,VIA_PC,0.94
